brand_name,inn_raw,inn_normalized,pipeline_drug,match_type
ABAVIR OS,Abacavir sulfate experime en abacavir,abacavir experime en abacavir,Abacavir,prefix
ABAVIR,Abacavir sulfate experime en abacavir,abacavir experime en abacavir,Abacavir,prefix
CLOTINAB,Abciximab,abciximab,Abciximab,exact
ZYTIGA,ABIRATERONE ACETATE,abiraterone,Abiraterone,exact
ABIRATERONE UPC,ABIRATERONE ACETATE,abiraterone,Abiraterone,exact
ABIRON,ABIRATERONE ACETATE,abiraterone,Abiraterone,exact
GLYACARB,ACARBOSE,acarbose,Acarbose,exact
LARIMEL,ACARBOSE,acarbose,Acarbose,exact
GLUCONOVA,ACARBOSE,acarbose,Acarbose,exact
GLUCAR,ACARBOSE,acarbose,Acarbose,exact
DIACARBOSE,ACARBOSE,acarbose,Acarbose,exact
CORECT,ACARBOSE,acarbose,Acarbose,exact
ACARLYSE,ACARBOSE,acarbose,Acarbose,exact
ARBOSE,ACARBOSE,acarbose,Acarbose,exact
ACROBAY,ACARBOSE,acarbose,Acarbose,exact
GLUCOBAY,ACARBOSE,acarbose,Acarbose,exact
GLYBEK,ACARBOSE,acarbose,Acarbose,exact
SEBUTOL,ACEBUTOLOL CHLORHYDRATE,acebutolol,Acebutolol,exact
ACEBUTOLOL IVAL,ACEBUTOLOL CHLORHYDRATE,acebutolol,Acebutolol,exact
NOVAROL,Acenocoumarol,acenocoumarol,Acenocoumarol,exact
SINTROM,Acenocoumarol,acenocoumarol,Acenocoumarol,exact
API E,ACETATE ALPHA TOCOPHEROL,acetate alpha tocopherol,acetate,prefix
LYNOX,ACETAZOLAMIDE,acetazolamide,Acetazolamide,exact
TANGANIL,ACETYL- DL- LEUCINE,acetyl- dl- leucine,,none
FLUIMEX,ACETYLCYSTEINE OU N ACETYLCYSTEINE,acetylcysteine ou n acetylcysteine,,none
RHINOFLUIMUCIL,ACETYLCYSTEINE/TUAMINOHEPTANE/CHLORURE DE BENZALKONIUM,acetylcysteine/tuaminoheptane/chlorure de benzalkonium,,none
ASPIGAL 900,ACETYLSALICYLATE DE DL LYSINE EXPRIME EN ACIDE ACETYLSALICYLIQUE,acide acetylsalicylique,,none
ASPEGIC ENFANT,ACETYLSALICYLATE DE DL LYSINE EXPRIME EN ACIDE ACETYLSALICYLIQUE,acide acetylsalicylique,,none
ASPEGIC 500,ACETYLSALICYLATE DE DL LYSINE EXPRIME EN ACIDE ACETYLSALICYLIQUE,acide acetylsalicylique,,none
CLOVIRAX,ACICLOVIR,aciclovir,,none
ACICLOVIR GL,ACICLOVIR,aciclovir,,none
VIRAVIR,ACICLOVIR,aciclovir,,none
NOVACLOVIR,ACICLOVIR,aciclovir,,none
NOVACLOVIR,ACICLOVIR,aciclovir,,none
CLOVIR,ACICLOVIR,aciclovir,,none
ACICLOSINA,ACICLOVIR,aciclovir,,none
ACICLOVIR MYLAN,ACICLOVIR,aciclovir,,none
ASPIRINE CARDIO,ACIDE ACETYLSALICYLIQUE,acide acetylsalicylique,,none
ASPEC,ACIDE ACETYLSALICYLIQUE,acide acetylsalicylique,,none
ASPRO ACCEL,ACIDE ACETYLSALICYLIQUE / CAFEINE,acide acetylsalicylique / cafeine,,none
ASPIRINE UPSA VITAMINE C TAMPONNEE EFFERVESCENTE,ACIDE ACETYLSALICYLIQUE/ ACIDE ASCORBIQUE,acide acetylsalicylique/ acide ascorbique,,none
ENDRONAX,ACIDE ALENDRONIQUE MONOSODIQUE TRIHYDRATE EXPRIME EN ACIDE ALENDRONIQUE,acide alendronique,Alendronic acid,prefix
POROSIMAX PLUS,ACIDE ALENDRONIQUE MONOSODIQUE TRIHYDRATE EXPRIME EN ACIDE ALENDRONIQUE / COLECALCIFEROL,acide alendronique / colecalciferol,Alendronic acid,prefix
VITAMINE  C,ACIDE ASCORBIQUE,acide ascorbique,,none
LADOSCORBINE,ACIDE ASCORBIQUE,acide ascorbique,,none
VITAMINE C,ACIDE ASCORBIQUE,acide ascorbique,,none
VITAMINE C UPSA EFFERVESCENTE,ACIDE ASCORBIQUE,acide ascorbique,,none
APISCORBUT,ACIDE ASCORBIQUE,acide ascorbique,,none
LAROSCORBINE,ACIDE ASCORBIQUE,acide ascorbique,,none
VELITEN,ACIDE ASCORBIQUE / VITAMINE E /RUTOSIDE,acide ascorbique / vitamine e /rutoside,,none
DACRYOSERUM,ACIDE BORIQUE/BORATE DE SODIUM,acide borique/borate de sodium,,none
CIFLODINE,ACIDE FOLIQUE,acide folique,,none
FOLIDEN,ACIDE FOLIQUE,acide folique,,none
ACIDE FOLIQUE - API,ACIDE FOLIQUE,acide folique,,none
HUPFOLIQ,ACIDE FOLIQUE,acide folique,,none
FOLACID,ACIDE FOLIQUE,acide folique,,none
FONITRA,ACIDE FOLIQUE,acide folique,,none
PHYSIOFOL,ACIDE FOLIQUE,acide folique,,none
ACFUSID,ACIDE FUSIDIQUE,acide fusidique,Fusidic acid,prefix
FUCARE,ACIDE FUSIDIQUE,acide fusidique,Fusidic acid,prefix
FUCITHALMIC,ACIDE FUSIDIQUE,acide fusidique,Fusidic acid,prefix
FUCIMED,ACIDE FUSIDIQUE,acide fusidique,Fusidic acid,prefix
FUCIDINE,ACIDE FUSIDIQUE OU FUSIDATE DE SODIUM SEL,acide fusidique ou fusidate de sodium sel,Fusidic acid,prefix
FUCIDINE,ACIDE FUSIDIQUE SOUS FORME DE FUSIDATE DE SODIUM,acide fusidique sous forme de fusidate de sodium,Fusidic acid,prefix
ACFUSID,ACIDE FUSIDIQUE SOUS FORME DE FUSIDATE DE SODIUM,acide fusidique sous forme de fusidate de sodium,Fusidic acid,prefix
EFFUCINE,ACIDE FUSIDIQUE SOUS FORME DE FUSIDATE DE SODIUM,acide fusidique sous forme de fusidate de sodium,Fusidic acid,prefix
MAFEPAIN,ACIDE MEFENAMIQUE,acide mefenamique,Mefenamic acid,prefix
NAABAK,ACIDE N-ACETYL ASPARTYL GLUTAMIQUE (SOUS FORME SEL DE SODIUM)**,acide n-acetyl aspartyl glutamique (sous forme sel de sodium)**,,none
RHINAAXIA,"ACIDE N-ACETYL ASPARTYL GLUTAMIQUE,SEL DE MAGNESIUM","acide n-acetyl aspartyl glutamique,sel de magnesium",,none
FLUCIDAL,ACIDE NIFLUMIQUE,acide niflumique,Niflumic acid,prefix
NIFLUGEL,ACIDE NIFLUMIQUE,acide niflumique,Niflumic acid,prefix
NIFLUMENE,ACIDE NIFLUMIQUE,acide niflumique,Niflumic acid,prefix
GEMATE GEL,ACIDE NIFLUMIQUE,acide niflumique,Niflumic acid,prefix
NIFLURIC,ACIDE NIFLUMIQUE,acide niflumique,Niflumic acid,prefix
INFLAMINE,ACIDE NIFLUMIQUE,acide niflumique,Niflumic acid,prefix
RISONATE,ACIDE RISEDRONIQUE MONOSODIQUE HEMIPENTAHYDRATE EXPRIME EN ACIDE RIDEDRONIQUE MONOSODIQUE,acide ridedronique,,none
OSTONEL ONCE A WEEK,ACIDE RISEDRONIQUE MONOSODIQUE HEMIPENTAHYDRATE EXPRIME EN ACIDE RIDEDRONIQUE MONOSODIQUE,acide ridedronique,,none
OSTEOS,ACIDE RISEDRONIQUE SEL MONOSODIQUE,acide risedronique sel,Risedronic acid,prefix
TIALYZ,Acide ursodesoxycholique,acide ursodesoxycholique,Ursodeoxycholic acid,prefix
URSOLVAN,Acide ursodesoxycholique,acide ursodesoxycholique,Ursodeoxycholic acid,prefix
SOPVAL,ACIDE VALPROIQUE (SOUS FORME DE VALPROATE DE SODIUM),acide valproique (sous forme de valproate de sodium),Valproic acid,prefix
ZOMETA,ACIDE ZOLEDRONIQUE,acide zoledronique,Zoledronic acid,prefix
ZOLIDRO,ACIDE ZOLEDRONIQUE MONOHYDRATE,acide zoledronique,Zoledronic acid,prefix
ACIDE ZOLEDRONIQUE HIKMA,ACIDE ZOLEDRONIQUE MONOHYDRATE (EXPRIME EN ACIDE ZOLEDRONIQUE),acide zoledronique),Zoledronic acid,prefix
ACLASTA,ACIDE ZOLEDRONIQUE MONOHYDRATE EXPRIME EN ACIDE ZOLEDRONIQUE,acide zoledronique,Zoledronic acid,prefix
ZOLTONAR,Acide zoledronique monohydrate exprime en acide zoledronique,acide zoledronique,Zoledronic acid,prefix
ZOLDRIA,ACIDE ZOLEDRONIQUE MONOHYDRATEE EXPRIME EN ACIDE ZOLEDRONIQUE ANHYDRE,acide zoledronique,Zoledronic acid,prefix
ZOLENAT,ACIDE ZOLEDRONIQUE MONOHYDRATEE EXPRIME EN ACIDE ZOLEDRONIQUE ANHYDRE,acide zoledronique,Zoledronic acid,prefix
ZOBONE,ACIDE ZOLEDRONIQUE MONOHYDRATEE EXPRIME EN ACIDE ZOLEDRONIQUE ANHYDRE,acide zoledronique,Zoledronic acid,prefix
OLICLINOMEL N4- 550E,ACIDES AMINES / GLUCOSE / LIPIDES,acides amines / glucose / lipides,,none
OLICLINOMEL N7-1000 E,ACIDES AMINES / GLUCOSE / LIPIDES,acides amines / glucose / lipides,,none
HUMIRA,ADALIMUMAB,adalimumab,Adalimumab,exact
DIFFERINE,ADAPALENE,adapalene,Adapalene,exact
ADAPALENE NOVAGENERICS,ADAPALENE,adapalene,Adapalene,exact
ATEPADENE,Adénosine triphosphate,adénosine triphosphate,,none
ATP NOVAGENERICS,Adénosine triphosphate disodique trihydraté exprimé en adénosine triphosphate disodique,adénosine triphosphate,,none
ADRENALINE RAZES SANS SULFITE,ADRENALINE TARTRATE EXPRIME EN ADRENALINE,adrenaline,Adrenalone,prefix
DRINAL,ADRENALINE TARTRATE EXPRIME EN ADRENALINE,adrenaline,Adrenalone,prefix
NORADRENALINE RAZES,ADRENALINE TARTRATE EXPRIME EN ADRENALINE,adrenaline,Adrenalone,prefix
GIOTRIF,Afatinib dimaléate exprimé en afatinib,afatinib,Afatinib,exact
EYLEA,AFLIBERCEPT,aflibercept,Aflibercept,exact
ZALTRAP,Aflibercept SANOFI,aflibercept sanofi,Aflibercept,prefix
REPLAGAL,AGALSIDASE ALFA,agalsidase alfa,Agalsidase beta,prefix
FABRAZYME,AGALSIDASE BETA,agalsidase beta,Agalsidase beta,exact
Nétupitant / palonosétron exprimé  en palonosétron,AKYNZEO,akynzeo,,none
VERTEN,ALBENDAZOLE,albendazole,Albendazole,exact
OXYZOL,ALBENDAZOLE,albendazole,Albendazole,exact
ALBUREL,ALBUMINE HUMAINE,albumine humaine,albumin,prefix
HUMAN ALBUMIN BAXTER,ALBUMINE HUMAINE,albumine humaine,albumin,prefix
ALBUMINE HUMAINE 20% BIOTEST,ALBUMINE HUMAINE,albumine humaine,albumin,prefix
VIALEBEX,ALBUMINE HUMAINE,albumine humaine,albumin,prefix
ALCOOL CHIRURGICAL 70°,ALCOOL ETHYLIQUE,alcool ethylique,,none
ALCOOL CHIRURGICAL 90°,ALCOOL ETHYLIQUE,alcool ethylique,,none
ALCOOL CHIRURGICAL 70°,ALCOOL ETHYLIQUE,alcool ethylique,,none
ALCOOL CHIRURGICAL 70°,ALCOOL ETHYLIQUE,alcool ethylique,,none
ALCOOL DENATURE RPP,ALCOOL ETHYLIQUE 96°,alcool ethylique 96°,,none
DROMAX,ALENDRONATE MONOSODIQUE TRIHYDRATE EXPRIME EN ACIDE ALENDRONIQUE,acide alendronique,Alendronic acid,prefix
POROSIMAX,ALENDRONATE MONOSODIQUE TRIHYDRATE EXPRIME EN ACIDE ALENDRONIQUE,acide alendronique,Alendronic acid,prefix
OSPORIX,ALENDRONATE MONOSODIQUE TRIHYDRATE EXPRIME EN ACIDE ALENDRONIQUE,acide alendronique,Alendronic acid,prefix
FOSACARE,ALENDRONATE MONOSODIQUE TRIHYDRATE EXPRIME EN ACIDE ALENDRONIQUE,acide alendronique,Alendronic acid,prefix
OSTOMAX,ALENDRONATE MONOSODIQUE TRIHYDRATE EXPRIME EN ALENDRONATE DE SODIUM,alendronate de sodium,Alendronic acid,prefix
FOLENAT,ALENDRONATE MONOSODIQUE TRIHYDRATE EXPRIME EN ALENDRONATE DE SODIUM,alendronate de sodium,Alendronic acid,prefix
UN-ALFA,ALFACALCIDOL,alfacalcidol,Alfacalcidol,exact
SUPRA CALCI,ALFACALCIDOL,alfacalcidol,Alfacalcidol,exact
SUPRA CALCI,ALFACALCIDOL (OU 1 ALPHA-HYDROXYCHOLECALCIFEROL),alfacalcidol (ou 1 alpha-hydroxycholecalciferol),Alfacalcidol,prefix
FRAXAL,ALFUZOSINE CHLORHYDRATE,alfuzosine,Alfuzosin,exact
PROSTAX LP,ALFUZOSINE CHLORHYDRATE,alfuzosine,Alfuzosin,exact
XATRAL LP,ALFUZOSINE CHLORHYDRATE,alfuzosine,Alfuzosin,exact
GASTRIUM,ALGINATE DE SODIUM / BICARBONATE DE SODIUM,alginate de sodium / bicarbonate de sodium,,none
NOBAC,ALGINATE DE SODIUM / BICARBONATE DE SODIUM/CARBONATE DE CALCIUM,alginate de sodium / bicarbonate de sodium/carbonate de calcium,,none
GATIMOX AROME FENOUIL,ALGINATE DE SODIUM/BICARBONATE DE SODIUM,alginate de sodium/bicarbonate de sodium,,none
MYOZYME,ALGLUCOSIDASE ALFA,alglucosidase alfa,,none
NO URIC 100,ALLOPURINOL,allopurinol,Allopurinol,exact
NO URIC 300,ALLOPURINOL,allopurinol,Allopurinol,exact
ZANURIC 100,ALLOPURINOL,allopurinol,Allopurinol,exact
ZANURIC,ALLOPURINOL,allopurinol,Allopurinol,exact
ZYLORIC,ALLOPURINOL,allopurinol,Allopurinol,exact
NADLORIC,ALLOPURINOL,allopurinol,Allopurinol,exact
LAMYLASE,ALPHA-AMYLASE,alpha-amylase,,none
MEGAMYLASE,ALPHA-AMYLASE,alpha-amylase,,none
MAXILASE,ALPHA-AMYLASE,alpha-amylase,,none
EDEX,ALPROSTADIL,alprostadil,Alprostadil,exact
METEOSPASMYL,ALVERINE/SIMETICONE,alverine/simeticone,Alverine,prefix
MUCOREX,AMBROXOL,ambroxol,Ambroxol,exact
TOUXOL,AMBROXOL  ( SOUS FORME DE CHLORHYDRATE)**,ambroxol  ( sous forme de)**,Ambroxol,prefix
AMBOLAR,AMBROXOL  (CHLORHYDRATE),ambroxol  (chlorhydrate),Ambroxol,prefix
AMBRODAL,AMBROXOL  (CHLORHYDRATE),ambroxol  (chlorhydrate),Ambroxol,prefix
FLUXOL,AMBROXOL (CHLORHYDRATE),ambroxol (chlorhydrate),Ambroxol,prefix
BROXOL,AMBROXOL (CHLORHYDRATE),ambroxol (chlorhydrate),Ambroxol,prefix
GASTROGRAFINE,AMIDOTRIZOATE DE SODIUM / AMIDOTRIZOATE DE MEGLUMINE,amidotrizoate de sodium / amidotrizoate de meglumine,,none
LIKACIN,AMIKACINE SULFATE EXPRIME EN AMIKACINE,amikacine,Amikacin,exact
AMURETIC,AMILORIDE CHLORHYDRATE / HYDROCHLOROTHIAZIDE,amiloride / hydrochlorothiazide,Amiloride,prefix
TRIAXONE,Amiodarone chlorhydrate,amiodarone,Amiodarone,exact
CORDARONE,Amiodarone chlorhydrate,amiodarone,Amiodarone,exact
AMIODARONE CLORIDRATO BIOINDUSTRIA L.I.M,Amiodarone chlorhydrate,amiodarone,Amiodarone,exact
AMIODARONE HUP,Amiodarone chlorhydrate,amiodarone,Amiodarone,exact
MISULAR,AMISULPRIDE,amisulpride,Amisulpride,exact
AMISULPRIDE LDM,AMISULPRIDE,amisulpride,Amisulpride,exact
SUPRIMIDE,AMISULPRIDE,amisulpride,Amisulpride,exact
SOLIAN,AMISULPRIDE,amisulpride,Amisulpride,exact
AMISULPRIDE BEKER,AMISULPRIDE,amisulpride,Amisulpride,exact
DEPRESTAT LP,AMITRIPTYLINE CHLORHYDRATE,amitriptyline,Amitriptyline,exact
ATRYLINE,AMITRIPTYLINE CHLORHYDRATE EXPRIME EN AMITRIPTYLINE,amitriptyline,Amitriptyline,exact
ISOPTYL,AMITRIPTYLINE CHLORHYDRATE EXPRIME EN AMITRIPTYLINE,amitriptyline,Amitriptyline,exact
AMITRIPTYLINE KPMA,AMITRIPTYLINE CHLORHYDRATE EXPRIME EN AMITRIPTYLINE,amitriptyline,Amitriptyline,exact
ANXIOL,AMITRIPTYLINE CHLORHYDRATE EXPRIME EN AMITRIPTYLINE,amitriptyline,Amitriptyline,exact
AMITRIPTYLINE,AMITRIPTYLINE CHLORHYDRATE EXPRIME EN AMITRIPTYLINE,amitriptyline,Amitriptyline,exact
MITRIL,AMITRIPTYLINE CHLORHYDRATE EXPRIME EN AMITRIPTYLINE,amitriptyline,Amitriptyline,exact
MITRIL,AMITRIPTYLINE CHLORHYDRATE EXPRIME EN AMITRIPTYLINE,amitriptyline,Amitriptyline,exact
GEROXYL,AMITRIPTYLINE CHLORHYDRATE EXPRIME EN AMITRIPTYLINE,amitriptyline,Amitriptyline,exact
LAROXYLINE,AMITRIPTYLINE CHLORHYDRATE EXPRIME EN AMITRIPTYLINE,amitriptyline,Amitriptyline,exact
AMATRILINE,AMITRIPTYLINE CHLORHYDRATE EXPRIME EN AMITRIPTYLINE,amitriptyline,Amitriptyline,exact
UNISIA,AMLODIPINE BESIATE EXPRIME EN AMLODIPINE /CANDESARTAN COLEXETIL,amlodipine /candesartan colexetil,Amlodipine,prefix
AMLODIPAL,Amlodipine bésilate exprimé en amlodipine,amlodipine,Amlodipine,exact
LOWVASC,Amlodipine bésilate exprimé en amlodipine,amlodipine,Amlodipine,exact
AMLIBON,Amlodipine bésilate exprimé en amlodipine,amlodipine,Amlodipine,exact
TENSODIPINE,Amlodipine bésilate exprimé en amlodipine,amlodipine,Amlodipine,exact
AMLODAL,Amlodipine bésilate exprimé en amlodipine,amlodipine,Amlodipine,exact
AMLODIPINE LDM,Amlodipine bésilate exprimé en amlodipine,amlodipine,Amlodipine,exact
AMLOMED,Amlodipine bésilate exprimé en amlodipine,amlodipine,Amlodipine,exact
AMLODIPINE BEKER,Amlodipine bésilate exprimé en amlodipine,amlodipine,Amlodipine,exact
AMLODIPINE MM,Amlodipine bésilate exprimé en amlodipine,amlodipine,Amlodipine,exact
TORVAPINE,AMLODIPINE BESILATE EXPRIME EN AMLODIPINE / ATORVASTATINE CALCIQUE TRIHYDRATEE EXPRIME EN ATORVASTATINE,amlodipine / atorvastatinee exprime en atorvastatine,Amlodipine,prefix
EXBITAN,Amlodipine Besilate Exprime En Amlodipine / Valsartan,amlodipine / valsartan,Amlodipine,prefix
EXSART,Amlodipine Besilate Exprime En Amlodipine / Valsartan,amlodipine / valsartan,Amlodipine,prefix
AMLOVAL,Amlodipine Besilate Exprime En Amlodipine / Valsartan,amlodipine / valsartan,Amlodipine,prefix
BIOFORGE,Amlodipine Besilate Exprime En Amlodipine / Valsartan,amlodipine / valsartan,Amlodipine,prefix
AMLODIPINE+VALSARTAN LDM,Amlodipine Besilate Exprime En Amlodipine / Valsartan,amlodipine / valsartan,Amlodipine,prefix
EXVAL,Amlodipine Besilate Exprime En Amlodipine / Valsartan,amlodipine / valsartan,Amlodipine,prefix
EXFORMEDIC,Amlodipine Besilate Exprime En Amlodipine / Valsartan,amlodipine / valsartan,Amlodipine,prefix
DARTIX,Amlodipine Besilate Exprime En Amlodipine / Valsartan,amlodipine / valsartan,Amlodipine,prefix
VESTAMOL,Amlodipine Besilate Exprime En Amlodipine / Valsartan,amlodipine / valsartan,Amlodipine,prefix
ANGIOSAR,Amlodipine Besilate Exprime En Amlodipine / Valsartan,amlodipine / valsartan,Amlodipine,prefix
AMPLID,Amlodipine Besilate Exprime En Amlodipine / Valsartan,amlodipine / valsartan,Amlodipine,prefix
VALAMLO ALEMBIC MAMI,Amlodipine Besilate Exprime En Amlodipine / Valsartan,amlodipine / valsartan,Amlodipine,prefix
EXFORGE,Amlodipine Besilate Exprime En Amlodipine / Valsartan,amlodipine / valsartan,Amlodipine,prefix
COVERAM,AMLODIPINE BESILATE EXPRIME EN AMLODIPINE/PERINDOPRIL EXPRIME EN PERINDOPRIL ARGININE,amlodipine/perindopril exprime en perindopril arginine,Amlodipine,prefix
EXIRB,AMLODIPINE BESILATE/IRBESARTAN,amlodipine besilate/irbesartan,Amlodipine,prefix
EXFORGE,AMLODIPINE BESYLATE EXPRIME EN AMLODIPINE/ VALSARTAN,amlodipine/ valsartan,Amlodipine,prefix
LOCERYL,AMOROLFINE CHLORHYDRATE EXPRIME EN AMOROLFINE,amorolfine,Amorolfine,exact
HIMOXYL,AMOXICILLINE,amoxicilline,Amoxicillin,exact
AMOXYPEN,AMOXICILLINE SODIQUE EXPRIME EN AMOXICILLINE,amoxicilline,Amoxicillin,exact
AMOCLAN,AMOXICILLINE SODIQUE EXPRIME EN AMOXICILLINE / ACIDE CLAVULANIQUE POTASSIQUE EXPRIME EN ACIDE CLAVULANIQUE,amoxicilline / acide clavulanique potassique exprime en acide clavulanique,,none
CLAVODEX DUO,AMOXICILLINE TRIHYDRAT2E /ACIDE CLAVULANIQUE POTASSIQUE,amoxicilline trihydrat2e /acide clavulanique potassique,,none
HIMOXYL,AMOXICILLINE TRIHYDRATE E EXPRIME EN AMOXICILLINE ANHYDRE,amoxicilline,Amoxicillin,exact
AMOXYPEN,AMOXICILLINE TRIHYDRATE EXPRIME EN AMOXICILLINE,amoxicilline,Amoxicillin,exact
AMOXAL,AMOXICILLINE TRIHYDRATE EXPRIME EN AMOXICILLINE,amoxicilline,Amoxicillin,exact
SAIFOXYL,AMOXICILLINE TRIHYDRATE EXPRIME EN AMOXICILLINE,amoxicilline,Amoxicillin,exact
BIOPAMOX,AMOXICILLINE TRIHYDRATE EXPRIME EN AMOXICILLINE,amoxicilline,Amoxicillin,exact
AMOXICILLINE EG,AMOXICILLINE TRIHYDRATE EXPRIME EN AMOXICILLINE,amoxicilline,Amoxicillin,exact
AMOXIMEX,AMOXICILLINE TRIHYDRATE EXPRIME EN AMOXICILLINE,amoxicilline,Amoxicillin,exact
CLAVODA R 625,AMOXICILLINE TRIHYDRATE EXPRIME EN AMOXICILLINE / ACIDE CLAVULANIQUE SEL DE POTASSIUM EXPRIME EN ACIDE CLAVULANIQUE,amoxicilline / acide clavulanique sel de potassium exprime en acide clavulanique,,none
KLAVOX,AMOXICILLINE TRIHYDRATE EXPRIME EN AMOXICILLINE / ACIDE CLAVULANIQUE SEL DE POTASSIUM EXPRIME EN ACIDE CLAVULANIQUE,amoxicilline / acide clavulanique sel de potassium exprime en acide clavulanique,,none
CLAVODEX,AMOXICILLINE TRIHYDRATE EXPRIME EN AMOXICILLINE / ACIDE CLAVULANIQUE SEL DE POTASSIUM EXPRIME EN ACIDE CLAVULANIQUE,amoxicilline / acide clavulanique sel de potassium exprime en acide clavulanique,,none
PENAMOX,AMOXICILLINE TRIHYDRATEE EXPRIME EN AMOXICILLINE,amoxicilline,Amoxicillin,exact
PENAMOX D,AMOXICILLINE TRIHYDRATEE EXPRIME EN AMOXICILLINE,amoxicilline,Amoxicillin,exact
AMOXYPEN,AMOXICILLINE TRIHYDRATEE EXPRIME EN AMOXICILLINE,amoxicilline,Amoxicillin,exact
AMOXAL,AMOXICILLINE TRIHYDRATEE EXPRIME EN AMOXICILLINE,amoxicilline,Amoxicillin,exact
BIOPAMOX,AMOXICILLINE TRIHYDRATEE EXPRIME EN AMOXICILLINE,amoxicilline,Amoxicillin,exact
AMOXICILLINE EG,AMOXICILLINE TRIHYDRATEE EXPRIME EN AMOXICILLINE,amoxicilline,Amoxicillin,exact
BIOPAMOX,AMOXICILLINE TRIHYDRATEE EXPRIME EN AMOXICILLINE,amoxicilline,Amoxicillin,exact
AMOCLAN 8:1,AMOXICILLINE TRIHYDRATEE EXPRIME EN AMOXICILLINE / ACIDE CLAVULANIQUE POTASSIQUE EXPRIME EN ACIDE CLAVULANIQUE,amoxicilline / acide clavulanique potassique exprime en acide clavulanique,,none
CLAMOXYPEN,AMOXICILLINE TRIHYDRATEE EXPRIME EN AMOXICILLINE / ACIDE CLAVULANIQUE POTASSIQUE EXPRIME EN ACIDE CLAVULANIQUE,amoxicilline / acide clavulanique potassique exprime en acide clavulanique,,none
BIOCLAV,AMOXICILLINE TRIHYDRATEE EXPRIME EN AMOXICILLINE / ACIDE CLAVULANIQUE POTASSIQUE EXPRIME EN ACIDE CLAVULANIQUE,amoxicilline / acide clavulanique potassique exprime en acide clavulanique,,none
AUGMENTIN ENFANT ET AUGMENTIN NOURRISSON,AMOXICILLINE TRIHYDRATEE EXPRIME EN AMOXICILLINE / ACIDE CLAVULANIQUE POTASSIQUE EXPRIME EN ACIDE CLAVULANIQUE,amoxicilline / acide clavulanique potassique exprime en acide clavulanique,,none
CLAVODEX,AMOXICILLINE TRIHYDRATEE EXPRIME EN AMOXICILLINE / ACIDE CLAVULANIQUE POTASSIQUE EXPRIME EN ACIDE CLAVULANIQUE,amoxicilline / acide clavulanique potassique exprime en acide clavulanique,,none
CLAMOCLAV ENFANT ET NOURRISSON,AMOXICILLINE TRIHYDRATEE EXPRIME EN AMOXICILLINE / ACIDE CLAVULANIQUE POTASSIQUE EXPRIME EN ACIDE CLAVULANIQUE,amoxicilline / acide clavulanique potassique exprime en acide clavulanique,,none
AMOCLAN 8:1,AMOXICILLINE TRIHYDRATEE EXPRIME EN AMOXICILLINE /ACIDE CLAVULANIQUE POTASSIQUE EXPRIME EN ACIDE CLAVULANIQUE,amoxicilline /acide clavulanique potassique exprime en acide clavulanique,,none
BIOCLAV 8:1,AMOXICILLINE TRIHYDRATEE EXPRIME EN AMOXICILLINE /ACIDE CLAVULANIQUE POTASSIQUE EXPRIME EN ACIDE CLAVULANIQUE,amoxicilline /acide clavulanique potassique exprime en acide clavulanique,,none
AUGMENTIN ADULTE,AMOXICILLINE TRIHYDRATEE EXPRIME EN AMOXICILLINE /ACIDE CLAVULANIQUE POTASSIQUE EXPRIME EN ACIDE CLAVULANIQUE,amoxicilline /acide clavulanique potassique exprime en acide clavulanique,,none
CLAVODEX,AMOXICILLINE TRIHYDRATEE EXPRIME EN AMOXICILLINE /ACIDE CLAVULANIQUE POTASSIQUE EXPRIME EN ACIDE CLAVULANIQUE,amoxicilline /acide clavulanique potassique exprime en acide clavulanique,,none
CLAMOCLAV,AMOXICILLINE TRIHYDRATEE EXPRIME EN AMOXICILLINE /ACIDE CLAVULANIQUE POTASSIQUE EXPRIME EN ACIDE CLAVULANIQUE,amoxicilline /acide clavulanique potassique exprime en acide clavulanique,,none
AMOCLAN 8:1,AMOXICILLINE TRIHYDRATEE EXPRIMEE EN AMOXICILLINE / ACIDE CLAVULANIQUE POTASSIQUE EXPRIME EN ACIDE CLAVULANIQUE,acide clavulanique,Clavulanic acid,prefix
AMOCLAN BID,AMOXICILLINE TRIHYDRATEE EXPRIMEE EN AMOXICILLINE / ACIDE CLAVULANIQUE POTASSIQUE EXPRIME EN ACIDE CLAVULANIQUE,acide clavulanique,Clavulanic acid,prefix
BIOCLAV 8:1,AMOXICILLINE TRIHYDRATEE EXPRIMEE EN AMOXICILLINE / ACIDE CLAVULANIQUE POTASSIQUE EXPRIME EN ACIDE CLAVULANIQUE,acide clavulanique,Clavulanic acid,prefix
CLAVODEX,AMOXICILLINE TRIHYDRATEE EXPRIMEE EN AMOXICILLINE / ACIDE CLAVULANIQUE POTASSIQUE EXPRIME EN ACIDE CLAVULANIQUE,acide clavulanique,Clavulanic acid,prefix
CLAVODEX DUO,AMOXICILLINE TRIHYDRATEE EXPRIMEE EN AMOXICILLINE / ACIDE CLAVULANIQUE POTASSIQUE EXPRIME EN ACIDE CLAVULANIQUE,acide clavulanique,Clavulanic acid,prefix
CLAVODAR FORTE 400/57,AMOXICILLINE** (SOUS FORME TRIHYDRATEE) / ACIDE CLAVULANIQUE** (SOUS FORME POTASSIQUE),amoxicilline** (sous formee) / acide clavulanique** (sous forme potassique),,none
CLAVODAR 1G,AMOXICILLINE** (SOUS FORME TRIHYDRATEE) / ACIDE CLAVULANIQUE** (SOUS FORME POTASSIQUE),amoxicilline** (sous formee) / acide clavulanique** (sous forme potassique),,none
TABUKLAV,AMOXICILLINE/ ACIDE CLAVULANIQUE,amoxicilline/ acide clavulanique,,none
FUNGIZONE,AMPHOTERICINE B,amphotericine b,amphotericin B,prefix
AMPILINE,AMPICILLINE SODIQUE EXPRIME EN AMPICILLINE,ampicilline,Ampicillin,exact
AMPAL,AMPICILLINE TRIHYDRATE EXPRIME EN AMPICILLINE,ampicilline,Ampicillin,exact
DOLODENT,AMYLEINE CHLORAL,amyleine chloral,,none
ANASTROZOLE CINFA,ANASTROZOLE,anastrozole,Anastrozole,exact
ARIMIDEX,ANASTROZOLE,anastrozole,Anastrozole,exact
ANASTRODEX,ANASTROZOLE,anastrozole,Anastrozole,exact
GERDOL,ANASTROZOLE,anastrozole,Anastrozole,exact
OPHTAZOLIN,ANTAZOLINE  (SULFATE) / NAPHAZOLINE (NITRATE),antazoline  (sulfate) / naphazoline (nitrate),Antazoline,prefix
GLUCANTIME,ANTIMONIATE DE MEGLUMINE,antimoniate de meglumine,Antimony,prefix
ELIQUIS,Apixaban,apixaban,Apixaban,exact
BIOPEXA,APIXABAN,apixaban,Apixaban,exact
ARGINOR,ARGININE ASPARTATE,arginine aspartate,,none
ARGINOR ENFANT,ARGININE ASPARTATE,arginine aspartate,,none
SARGENOR,ARGININE ASPARTATE,arginine aspartate,,none
SARGENOR ENFANT,ARGININE ASPARTATE,arginine aspartate,,none
ARGINOR + C,ARGININE ASPARTATE / ACIDE ASCORBIQUE,arginine aspartate / acide ascorbique,,none
SARGENOR VITAMINE C,ARGININE ASPARTATE / ACIDE ASCORBIQUE,arginine aspartate / acide ascorbique,,none
ARINIA,ARIPIPRAZOLE,aripiprazole,Aripiprazole,exact
ABILIZOLE,ARIPIPRAZOLE,aripiprazole,Aripiprazole,exact
ZOLIFY,ARIPIPRAZOLE,aripiprazole,Aripiprazole,exact
ARIPIPRAZOLE LDM,ARIPIPRAZOLE,aripiprazole,Aripiprazole,exact
ABILIFY,ARIPIPRAZOLE,aripiprazole,Aripiprazole,exact
ABDIFLY,ARIPIPRAZOLE,aripiprazole,Aripiprazole,exact
ARIPIPRAZOLE BEKER,ARIPIPRAZOLE,aripiprazole,Aripiprazole,exact
FALCI CARE,Artésunate,artésunate,,none
TONIC + C,ASCORBATE DE SODIUM / GLUTAMATE DE SODIUM / CHLORHYDRATE  DE LYSINE / ASPARTATE DE MAGNESIUM,ascorbate de sodium / glutamate de sodium /  de lysine / aspartate de magnesium,,none
TONI C 1000,ASCORBATE DE SODIUM / GLUTAMATE DE SODIUM / CHLORHYDRATE DE LYSINE / ASPARTATE DE MAGNESIUM,ascorbate de sodium / glutamate de sodium / de lysine / aspartate de magnesium,,none
SARGENINE,ASPARTATE D'ARGININE,aspartate d'arginine,,none
MEGAMAG,ASPARTATE DE MAGNESIUM DIHYDRATE,aspartate de magnesium,,none
DAGHTAN 100,ATENOLOL,atenolol,atenolol,exact
TENORMED,ATENOLOL,atenolol,atenolol,exact
DAGHTAN 50,ATENOLOL,atenolol,atenolol,exact
STRATTERA,ATOMOXETINE CHLORHYDRATE EXPRIME EN ATOMOXETINE,atomoxetine,Atomoxetine,exact
TORVAST,ATORVASTATINE CALCIQUE TRIHYDRATE EXPRIME EN ATORVASTATINE,atorvastatine,Atorvastatin,exact
TEOLAR,ATORVASTATINE CALCIQUE TRIHYDRATE EXPRIME EN ATORVASTATINE,atorvastatine,Atorvastatin,exact
TAHOR,ATORVASTATINE CALCIQUE TRIHYDRATE EXPRIME EN ATORVASTATINE,atorvastatine,Atorvastatin,exact
LIPODAR 20,ATORVASTATINE CALCIQUE TRIHYDRATE EXPRIME EN ATORVASTATINE,atorvastatine,Atorvastatin,exact
NOVATHOR,ATORVASTATINE CALCIQUE TRIHYDRATE EXPRIME EN ATORVASTATINE,atorvastatine,Atorvastatin,exact
TARDEN,ATORVASTATINE CALCIQUE TRIHYDRATE EXPRIME EN ATORVASTATINE,atorvastatine,Atorvastatin,exact
LIPOVAST 20,ATORVASTATINE CALCIQUE TRIHYDRATE EXPRIME EN ATORVASTATINE,atorvastatine,Atorvastatin,exact
LIPOVAST,ATORVASTATINE CALCIQUE TRIHYDRATE EXPRIME EN ATORVASTATINE,atorvastatine,Atorvastatin,exact
ATORVASTATINE IVAL,ATORVASTATINE CALCIQUE TRIHYDRATE EXPRIME EN ATORVASTATINE,atorvastatine,Atorvastatin,exact
VASKOL 20,ATORVASTATINE CALCIQUE TRIHYDRATE EXPRIME EN ATORVASTATINE,atorvastatine,Atorvastatin,exact
LIPICARE,ATORVASTATINE CALCIQUE TRIHYDRATE EXPRIME EN ATORVASTATINE,atorvastatine,Atorvastatin,exact
ATORVASTATINE LDM,ATORVASTATINE CALCIQUE TRIHYDRATE EXPRIME EN ATORVASTATINE,atorvastatine,Atorvastatin,exact
ATOR,ATORVASTATINE CALCIQUE TRIHYDRATE EXPRIME EN ATORVASTATINE,atorvastatine,Atorvastatin,exact
ATOR 40MG,ATORVASTATINE CALCIQUE TRIHYDRATE EXPRIME EN ATORVASTATINE,atorvastatine,Atorvastatin,exact
AROVAN,ATORVASTATINE CALCIQUE TRIHYDRATE EXPRIME EN ATORVASTATINE,atorvastatine,Atorvastatin,exact
TORVASTATINE,ATORVASTATINE CALCIQUE TRIHYDRATE EXPRIME EN ATORVASTATINE,atorvastatine,Atorvastatin,exact
ATORIN 20MG,ATORVASTATINE CALCIQUE TRIHYDRATE EXPRIME EN ATORVASTATINE,atorvastatine,Atorvastatin,exact
ATORIN 40MG,ATORVASTATINE CALCIQUE TRIHYDRATE EXPRIME EN ATORVASTATINE,atorvastatine,Atorvastatin,exact
ATORIN 80MG,ATORVASTATINE CALCIQUE TRIHYDRATE EXPRIME EN ATORVASTATINE,atorvastatine,Atorvastatin,exact
LIPOSTATINE,ATORVASTATINE CALCIQUE TRIHYDRATE EXPRIME EN ATORVASTATINE,atorvastatine,Atorvastatin,exact
ATORVASTATINE GEBER,ATORVASTATINE CALCIQUE TRIHYDRATE EXPRIME EN ATORVASTATINE,atorvastatine,Atorvastatin,exact
LIPONIL 20,ATORVASTATINE CALCIQUE TRIHYDRATE EXPRIME EN ATORVASTATINE,atorvastatine,Atorvastatin,exact
LIPONIL 40,ATORVASTATINE CALCIQUE TRIHYDRATE EXPRIME EN ATORVASTATINE,atorvastatine,Atorvastatin,exact
TEOLAR,ATORVASTATINE CALCIQUE TRIHYDRATEE EXPRIME EN ATORVASTATINE,atorvastatine,Atorvastatin,exact
LIPODAR 10,ATORVASTATINE CALCIQUE TRIHYDRATEE EXPRIME EN ATORVASTATINE,atorvastatine,Atorvastatin,exact
NOVATHOR,ATORVASTATINE CALCIQUE TRIHYDRATEE EXPRIME EN ATORVASTATINE,atorvastatine,Atorvastatin,exact
TARDEN,ATORVASTATINE CALCIQUE TRIHYDRATEE EXPRIME EN ATORVASTATINE,atorvastatine,Atorvastatin,exact
LIPOVAST 10,ATORVASTATINE CALCIQUE TRIHYDRATEE EXPRIME EN ATORVASTATINE,atorvastatine,Atorvastatin,exact
ATORVASTATINE IVAL,ATORVASTATINE CALCIQUE TRIHYDRATEE EXPRIME EN ATORVASTATINE,atorvastatine,Atorvastatin,exact
VASKOL 10,ATORVASTATINE CALCIQUE TRIHYDRATEE EXPRIME EN ATORVASTATINE,atorvastatine,Atorvastatin,exact
LIPICARE,ATORVASTATINE CALCIQUE TRIHYDRATEE EXPRIME EN ATORVASTATINE,atorvastatine,Atorvastatin,exact
ATORVASTATINE LDM,ATORVASTATINE CALCIQUE TRIHYDRATEE EXPRIME EN ATORVASTATINE,atorvastatine,Atorvastatin,exact
ATOR 10MG,ATORVASTATINE CALCIQUE TRIHYDRATEE EXPRIME EN ATORVASTATINE,atorvastatine,Atorvastatin,exact
AROVAN,ATORVASTATINE CALCIQUE TRIHYDRATEE EXPRIME EN ATORVASTATINE,atorvastatine,Atorvastatin,exact
TORVASTATINE,ATORVASTATINE CALCIQUE TRIHYDRATEE EXPRIME EN ATORVASTATINE,atorvastatine,Atorvastatin,exact
ATORIN 10MG,ATORVASTATINE CALCIQUE TRIHYDRATEE EXPRIME EN ATORVASTATINE,atorvastatine,Atorvastatin,exact
LIPOSTATINE,ATORVASTATINE CALCIQUE TRIHYDRATEE EXPRIME EN ATORVASTATINE,atorvastatine,Atorvastatin,exact
ATORVASTATINE MM,ATORVASTATINE CALCIQUE TRIHYDRATEE EXPRIME EN ATORVASTATINE,atorvastatine,Atorvastatin,exact
ATORVASTATINE GEBER,ATORVASTATINE CALCIQUE TRIHYDRATEE EXPRIME EN ATORVASTATINE,atorvastatine,Atorvastatin,exact
LIPONIL,ATORVASTATINE CALCIQUE TRIHYDRATEE EXPRIME EN ATORVASTATINE,atorvastatine,Atorvastatin,exact
TRACTOCILE,ATOSIBAN ACETATE EXPRIME EN ATOSIBAN,atosiban,Atosiban,exact
ATACURE,ATRACURIUM BESYLATE,atracurium,Atracurium,exact
APITROPIN,ATROPINE,atropine,Atropine,exact
CROPINE,ATROPINE (SULFATE) EXPRIME EN ATROPINE,atropine,Atropine,exact
INLYTA,Axitinib,axitinib,Axitinib,exact
VIDAZA,AZACITIDINE,azacitidine,Azacitidine,exact
WINDUZA,AZACITIDINE,azacitidine,Azacitidine,exact
AZATHIOPRINE MYLAN,AZATHIOPRINE,azathioprine,Azathioprine,exact
IMUREL,AZATHIOPRINE,azathioprine,Azathioprine,exact
AZYTER,Azithromycine Dihydratee Exprimee En Azithromycine,azithromycinee exprimee en azithromycine,Azithromycin,prefix
ZOTRIX,Azithromycine Dihydratee Exprimee En Azithromycine,azithromycinee exprimee en azithromycine,Azithromycin,prefix
ZOMAX,Azithromycine Dihydratee Exprimee En Azithromycine,azithromycinee exprimee en azithromycine,Azithromycin,prefix
AZITHRAL,Azithromycine Dihydratee Exprimee En Azithromycine,azithromycinee exprimee en azithromycine,Azithromycin,prefix
ZITHROMAX,Azithromycine Dihydratee Exprimee En Azithromycine,azithromycinee exprimee en azithromycine,Azithromycin,prefix
AZITHROMYCINE NS,Azithromycine Dihydratee Exprimee En Azithromycine,azithromycinee exprimee en azithromycine,Azithromycin,prefix
ZETRON,Azithromycine Dihydratee Exprimee En Azithromycine,azithromycinee exprimee en azithromycine,Azithromycin,prefix
AZITHROM HUP,Azithromycine Dihydratee Exprimee En Azithromycine,azithromycinee exprimee en azithromycine,Azithromycin,prefix
AZITHROMYCINE BEKER,Azithromycine Dihydratee Exprimee En Azithromycine,azithromycinee exprimee en azithromycine,Azithromycin,prefix
MYCINAD,Azithromycine Dihydratee Exprimee En Azithromycine,azithromycinee exprimee en azithromycine,Azithromycin,prefix
MYCINAD,Azithromycine Dihydratee Exprimee En Azithromycine,azithromycinee exprimee en azithromycine,Azithromycin,prefix
BACRO,BACLOFENE,baclofene,Baclofen,exact
LIORESAL,BACLOFENE,baclofene,Baclofen,exact
BACLON,BACLOFENE,baclofene,Baclofen,exact
BALSOFUMINE  SIMPLE,BALSAMIQUES POUR INHALATION,balsamiques pour inhalation,,none
BALSOFUMINE MENTHOLEE,BALSAMIQUES POUR INHALATION,balsamiques pour inhalation,,none
RHUM 'NET,BALSAMIQUES POUR INHALATION,balsamiques pour inhalation,,none
VAPORHUM,BALSAMIQUES POUR INHALATION,balsamiques pour inhalation,,none
OXEOL,BAMBUTEROL CHLORHYDRATE,bambuterol,Bambuterol,exact
SIMULECT,Basiliximab,basiliximab,,none
BECLOJET,BECLOMETASONE,beclometasone,,none
BECLATE 250,BECLOMETASONE,beclometasone,,none
BECLATE - NASAL,BECLOMETASONE,beclometasone,,none
BECONASE,BECLOMETASONE,beclometasone,,none
CLENIL 250,BECLOMETASONE DIPROPIONATE,beclometasone dipropionate,,none
RINOCLENIL 100,BECLOMETASONE DIPROPIONATE,beclometasone dipropionate,,none
NASABEC,BECLOMETASONE DIPROPIONATE,beclometasone dipropionate,,none
NASABEC,BECLOMETASONE DIPROPIONATE MONOHYDRATE EXPRIME EN BECLOMETASONE DIPROPIONATE,beclometasone dipropionate,,none
FOSTER,BECLOMETASONE DIPROPIONATE/ FORMOTEROL FUMARATE DIHYDRATE,beclometasone dipropionate/ formoterol,,none
RIBOMUSTIN,BENDAMUSTINE CHLORHYDRATE,bendamustine,Bendamustine,exact
BENDAMUSTINE HYDROCHLORIDE ACCORD,BENDAMUSTINE CHLORHYDRATE,bendamustine,Bendamustine,exact
BENTERO 100,Bendamustine chlorhydrate monohydrate experime en Bendamustine chlorhydrate,bendamustine experime en bendamustine,Bendamustine,prefix
HUMEX MAL DE GORGE LIDOCAINE,BENZALKONIUM CHLORURE/LIDOCAINE CHLORHYDRATE,benzalkonium chlorure/lidocaine,Benzalkonium,prefix
RETARCILINE,BENZATHINE BENZYLPENICILLINE,benzathine benzylpenicilline,Benzatropine,prefix
ASCALOL,BENZOATE DE BENZYLE,benzoate de benzyle,,none
ASCABINE FORTE,BENZOATE DE BENZYLE,benzoate de benzyle,,none
NEO-CODION NOURRISSONS,BENZOATE DE SODIUM / TEINTURE DE GRINDELIA / SIROP DE POLYGALA,benzoate de sodium / teinture de grindelia / sirop de polygala,,none
GECTAPEN,BENZYLPENICILLINE SODIQUE,benzylpenicilline,,none
BASDENE,BENZYLTHIOURACILE,benzylthiouracile,,none
SURVANTA,BERACTANT,beractant,Beractant,exact
MEVERC,BETAHISTINE,betahistine,Betahistine,exact
BETASERC,BETAHISTINE,betahistine,Betahistine,exact
VERTIGO,BETAHISTINE (SOUS FORME DE DICHLORHYDRATE,betahistine (sous forme de dichlorhydrate,Betahistine,prefix
VERSEC,BETAHISTINE (SOUS FORME DE DICHLORHYDRATE,betahistine (sous forme de dichlorhydrate,Betahistine,prefix
MEVERC,BETAHISTINE (SOUS FORME DE DICHLORHYDRATE)**,betahistine (sous forme de dichlorhydrate)**,Betahistine,prefix
LECTIL,BETAHISTINE (SOUS FORME DE DICHLORHYDRATE)**,betahistine (sous forme de dichlorhydrate)**,Betahistine,prefix
SERC,BETAHISTINE DICHLORHDRATE,betahistine dichlorhdrate,Betahistine,prefix
BETAHIST,BETAHISTINE DICHLORHYDRATE,betahistine dichlorhydrate,Betahistine,prefix
ANATAX,BETAHISTINE DICHLORHYDRATE,betahistine dichlorhydrate,Betahistine,prefix
BETADERME,BETAMETHASONE,betamethasone,Betamethasone,exact
BETABIO,BETAMETHASONE,betamethasone,Betamethasone,exact
CELETASONE,BETAMETHASONE,betamethasone,Betamethasone,exact
BETASTENE,BETAMETHASONE,betamethasone,Betamethasone,exact
B-CORTOSONE,BETAMETHASONE,betamethasone,Betamethasone,exact
BETSOL,BETAMETHASONE,betamethasone,Betamethasone,exact
BETACROVIS,BETAMETHASONE,betamethasone,Betamethasone,exact
LESTONE,BETAMETHASONE,betamethasone,Betamethasone,exact
BETAMETHASONE PHYSIOPHARM,BETAMETHASONE,betamethasone,Betamethasone,exact
CELESTENE,BETAMETHASONE,betamethasone,Betamethasone,exact
CELESTENE CHRONODOSE,BETAMETHASONE (ACETATE) / BETAMETHASONE  (PHOSPHATE DISODIQUE),betamethasone (acetate) / betamethasone  (phosphate),Betamethasone,prefix
HELESTENE CHRONODOSE,BETAMETHASONE ACETATE EXPRIME EN BETAMETHASONE / BETAMETHASONE PHOSPHATE DISODIQUE EXPRIME EN BETAMETHASONE,betamethasone / betamethasone exprime en betamethasone,Betamethasone,prefix
BETAMETHASONE NOVAGENERICS,BETAMETHASONE DIPROPIONATE,betamethasone dipropionate,Betamethasone,prefix
DIPROSONE,BETAMETHASONE DIPROPIONATE EXPRIME EN  BETAMETHASONE,betamethasone,Betamethasone,exact
DIPROSTENE,BETAMETHASONE DIPROPIONATE EXPRIME EN BETAMETASONE / BETAMETHASONE PHOSPHATE EXPRIME EN BETAMETHASONE,betametasone / betamethasone exprime en betamethasone,Betamethasone,prefix
HUPPROSTENE,BETAMETHASONE DIPROPIONATE EXPRIME EN BETAMETASONE / BETAMETHASONE PHOSPHATE EXPRIME EN BETAMETHASONE,betametasone / betamethasone exprime en betamethasone,Betamethasone,prefix
BETASONE,BETAMETHASONE DIPROPIONATE EXPRIME EN BETAMETHASONE,betamethasone,Betamethasone,exact
BETAMETHASONE NOVAGENERICS,BETAMETHASONE DIPROPIONATE EXPRIME EN BETAMETHASONE,betamethasone,Betamethasone,exact
CELETASONE,BETAMETHASONE DIPROPIONATE EXPRIME EN BETAMETHASONE,betamethasone,Betamethasone,exact
BETACYL,BETAMETHASONE DIPROPIONATE EXPRIME EN BETAMETHASONE / ACIDE SALICYLIQUE,betamethasone / acide salicylique,Betamethasone,prefix
BETAMETHASONE-ACIDE SALICYLIQUE NOVAGENERICS,BETAMETHASONE DIPROPIONATE EXPRIME EN BETAMETHASONE / ACIDE SALICYLIQUE,betamethasone / acide salicylique,Betamethasone,prefix
BETAMETHASONE NOVAGENERICS,BETAMETHASONE DIPROPIONATE EXPRIME EN BETHAMETHASONE,bethamethasone,,none
DERMASONE,BETAMETHASONE DIPROPIONATE EXPRIME EN BETHAMETHASONE,bethamethasone,,none
OPHTAMESONE,BETAMETHASONE SODIUM PHOSPHATE,betamethasone sodium,Betamethasone,prefix
OPHTAMESONE N,BETAMETHASONE SODIUM PHOSPHATE / NEOMYCINE SULFATE,betamethasone sodium / neomycine,Betamethasone,prefix
BERTOCIL,BETAXOLOL CHLORHYDRATE EXPRIME EN BETAXOLOL,betaxolol,Betaxolol,exact
BICALUTAMIDE CINFA,BICALUTAMIDE,bicalutamide,Bicalutamide,exact
CLAMUDEX,BICALUTAMIDE,bicalutamide,Bicalutamide,exact
CASODEX,BICALUTAMIDE,bicalutamide,Bicalutamide,exact
BICADEX,BICALUTAMIDE,bicalutamide,Bicalutamide,exact
HEXASPRAY,Biclotymol,biclotymol,,none
HEXALYSE,BICLOTYMOL/LYSOZYME/ENOXOLONE,biclotymol/lysozyme/enoxolone,,none
BILAXTEN,Bilastine,bilastine,Bilastine,exact
GYLAXA,BISACODYL,bisacodyl,Bisacodyl,exact
PRODOL,BISOPROLOL FUMARATE,bisoprolol,Bisoprolol,exact
PROMIVOL,BISOPROLOL FUMARATE,bisoprolol,Bisoprolol,exact
DIPROLOL,BISOPROLOL FUMARATE,bisoprolol,Bisoprolol,exact
CIRBESA,BISOPROLOL FUMARATE,bisoprolol,Bisoprolol,exact
BYZOLEX,BISOPROLOL FUMARATE,bisoprolol,Bisoprolol,exact
BIPROTENS,BISOPROLOL FUMARATE,bisoprolol,Bisoprolol,exact
DETENPRESS,BISOPROLOL FUMARATE,bisoprolol,Bisoprolol,exact
BISOPROLOL BEKER,BISOPROLOL FUMARATE,bisoprolol,Bisoprolol,exact
BISOPROLOL MM,BISOPROLOL FUMARATE,bisoprolol,Bisoprolol,exact
RIZOPROL,BISOPROLOL FUMARATE,bisoprolol,Bisoprolol,exact
CO BIPROTENS,BISOPROLOL FUMARATE / HYDROCHLOROTHIAZIDE,bisoprolol / hydrochlorothiazide,Bisoprolol,prefix
CO-BISOPROLOL BEKER,BISOPROLOL FUMARATE/HYDROCHLOROTHIAZIDE,bisoprolol/hydrochlorothiazide,Bisoprolol,prefix
BYZOLEX,BISOPROLOL S/F HEMIFUMARATE,bisoprolol s/f hemifumarate,Bisoprolol,prefix
BLEOMYCINE,BLEOMYCINE,bleomycine,Bleomycin,exact
BLOICIN -S,BLEOMYCINE,bleomycine,Bleomycin,exact
BLEU DE METHYLENE,BLEU DE METHYLENE,bleu de methylene,,none
BLINCYTO,BLINATUMOMAB,blinatumomab,Blinatumomab,exact
VICTRELIS,BOCEPREVIR,boceprevir,Boceprevir,exact
VELCADE,BORTEZOMIB ESTER BORONIQUE DE MANNITOL EXPRIME EN BORTEZOMIB,bortezomib,Bortezomib,exact
BORTEZOMIB INTAS,BORTEZOMIB ESTER BORONIQUE DE MANNITOL EXPRIME EN BORTEZOMIB,bortezomib,Bortezomib,exact
BORTERO,BORTEZOMIB ESTER BORONIQUE DE MANNITOL EXPRIME EN BORTEZOMIB,bortezomib,Bortezomib,exact
BOSENTAS,BOSENTAN MONOHYDRATE EXPRIME EN BOSENTAN,bosentan,Bosentan,exact
PMS-BOSENTAN,BOSENTAN MONOHYDRATE EXPRIME EN BOSENTAN,bosentan,Bosentan,exact
ERATAN,BOSENTAN MONOHYDRTAE EXPRIME EN BOSENTAN,bosentan,Bosentan,exact
TRACLEER,BOSENTAN MONOHYDRTAE EXPRIME EN BOSENTAN,bosentan,Bosentan,exact
ADCETRIS,BRENTUXIMAB VEDOTIN TAKEDA,brentuximab vedotin takeda,Brentuximab vedotin,prefix
AZOPT,BRINZOLAMIDE,brinzolamide,Brinzolamide,exact
BROMAZEPAM IVAL,BROMAZEPAM,bromazepam,Bromazepam,exact
BROMAZEPAM,BROMAZEPAM,bromazepam,Bromazepam,exact
ANXYPAM,BROMAZEPAM,bromazepam,Bromazepam,exact
KIETYL,BROMAZEPAM,bromazepam,Bromazepam,exact
LEXOPAM,BROMAZEPAM,bromazepam,Bromazepam,exact
BROMAZEPAM PHYSIOPHARM,BROMAZEPAM,bromazepam,Bromazepam,exact
ISOLVON,BROMHEXINE,bromhexine,Bromhexine,exact
PARLODEL,BROMOCRIPTINE,bromocriptine,Bromocriptine,exact
CALCIBRO,BROMO-GALACTOGLUCONATE DE CALCIUM,bromo-galactogluconate de calcium,,none
BUDECORT- 200,BUDESONIDE,budesonide,Budesonide,exact
PULMICORT,BUDESONIDE,budesonide,Budesonide,exact
PULMICORT TURBUHALER,BUDESONIDE,budesonide,Budesonide,exact
RHINOCORT,BUDESONIDE,budesonide,Budesonide,exact
SYMBICORT TURBUHALER,BUDESONIDE / FORMOTEROL,budesonide / formoterol,Budesonide,prefix
BUDEK PLUS,BUDESONIDE / FORMOTEROL ( FORMOTEROL FUMARATE ),budesonide / formoterol ( formoterol ),Budesonide,prefix
FORMONIDE,BUDESONIDE / FORMOTEROL (SOUS FORME DE FUMARATE DIHYDRATE)**,budesonide / formoterol (sous forme de)**,Budesonide,prefix
FORACORT,BUDESONIDE / FORMOTEROL (SOUS FORME DE FUMARATE)**,budesonide / formoterol (sous forme de)**,Budesonide,prefix
FORACORT HFA 100,BUDESONIDE / FORMOTEROL FUMARATE,budesonide / formoterol,Budesonide,prefix
FORACORT HFA 200,BUDESONIDE / FORMOTEROL FUMARATE,budesonide / formoterol,Budesonide,prefix
BUDIAIR 200µG ET BUDIAIR 200µG JET,BUDESONIDE DIPROPIONATE,budesonide dipropionate,Budesonide,prefix
BUPIVACAINE RAZES,Bupivacaïne Hydrochloride exprimé en Bupivacaïne Hydrochloride Anhydre,bupivacaïne hydrochloride,Bupivacaine,prefix
BUPRINAL,BUPRENORPHINE CHLORHYDRATE EXPRIME EN BUPRENORPHINE,buprenorphine,Buprenorphine,exact
NARUFENE,BUPROFENE,buprofene,,none
BUSILVEX,BUSULFAN,busulfan,Busulfan,exact
"SINECOD 0,15%",BUTAMIRATE CITRATE,butamirate,,none
JEVTANA,CABAZITAXEL,cabazitaxel,Cabazitaxel,exact
BACAZIRED,CABAZITAXEL,cabazitaxel,Cabazitaxel,exact
DOSTINEX,CABERGOLINE,cabergoline,Cabergoline,exact
DOSTINOVA,CABERGOLINE,cabergoline,Cabergoline,exact
CABERNEX,CABERGOLINE,cabergoline,Cabergoline,exact
DEDROGYL,CALCIFEDIOL,calcifediol,Calcifediol,exact
DAIVOBET,CALCIPOTRIOL HYDRATE EXPRIME EN CALCIPOTRIOL / BETAMETHASONE DIPROPIONATE EXPRIME EN BETAMETHASONE,calcipotriol / betamethasone dipropionate exprime en betamethasone,,none
PSORASONE,CALCIPOTRIOL HYDRATE EXPRIME EN CALCIPOTRIOL / BETAMETHASONE DIPROPIONATE EXPRIME EN BETAMETHASONE,calcipotriol / betamethasone dipropionate exprime en betamethasone,,none
CALCIPOTRIOL novagenerics,Calcipotriol monohydrate exprime en calcipotriol anhydre,calcipotriol,,none
PSORANEX,Calcipotriol monohydrate exprime en calcipotriol anhydre,calcipotriol,,none
CALCO,CALCITONINE SYNTHETIQUE DE SAUMON,calcitonine synthetique de saumon,,none
CALCIBRONAT,CALCIUM BROMOGALACTOGLUCONATE,calcium bromogalactogluconate,,none
CALCIUM NOVAGENERICS,CALCIUM CARBONATE,calcium carbonate,Calcium carbonate,exact
RENNIE DEFLATINE,CALCIUM CARBONATE / CARBONATE DE MAGNESIUM LOURD / DIMETICONE (DCI) ACTIVE,calcium carbonate / carbonate de magnesium lourd / dimeticone (dci) active,,none
OSSECAL,CALCIUM CARBONATE EXPRIME EN CALCIUM ELEMENT,calcium element,,none
CALCIDOSE,CALCIUM CARBONATE EXPRIME EN CALCIUM ELEMENT,calcium element,,none
CALCIUM API,CALCIUM CARBONATE EXPRIME EN CALCIUM ELEMENT,calcium element,,none
CALCIUM HYSA 500,CALCIUM CARBONATE EXPRIME EN CALCIUM ELEMENT,calcium element,,none
KALCITAB,CALCIUM CARBONATE EXPRIME EN CALCIUM ELEMENT,calcium element,,none
CHLORURE DE CALCIUM RAZES 10%,CALCIUM CHLORURE,calcium chlorure,,none
CALCIAL,CALCIUM PIDOLATE EXPRIME EN CALCIUM ELEMENT,calcium element,,none
CALCIFOR,CALCIUM PIDOLATE EXPRIME EN CALCIUM ELEMENT,calcium element,,none
INFASURF,Calfactant,calfactant,,none
ATACAND,CANDESARTAN  (SOUS FORME DE CILEXETIL)**,candesartan  (sous forme de cilexetil)**,,none
HYTACAND,CANDESARTAN  (SOUS FORME DE CILEXETIL)**/ HYDROCHLOROTHIAZIDE,candesartan  (sous forme de cilexetil)**/ hydrochlorothiazide,,none
HYTACAND,CANDESARTAN (SOUS FORME DE CILEXETIL)** /  HYDROCHLOROTHIAZIDE,candesartan (sous forme de cilexetil)** /  hydrochlorothiazide,,none
CANDERAX,CANDESARTAN CILEXETIL,candesartan cilexetil,Candesartan cilexetil,exact
CARDAXEL BGL,CANDESARTAN CILEXETIL,candesartan cilexetil,Candesartan cilexetil,exact
TENSIONORM,CANDESARTAN CILEXETIL,candesartan cilexetil,Candesartan cilexetil,exact
ATACAND,CANDESARTAN CILEXETIL,candesartan cilexetil,Candesartan cilexetil,exact
SARCAND,CANDESARTAN CILEXETIL,candesartan cilexetil,Candesartan cilexetil,exact
ATABEK,CANDESARTAN CILEXETIL,candesartan cilexetil,Candesartan cilexetil,exact
CANDERAX PLUS,CANDESARTAN CILEXETIL / HYDROCHLOROTHIAZIDE,candesartan cilexetil / hydrochlorothiazide,,none
BLOPRESS 8 PLUS,CANDESARTAN CILEXETIL / HYDROCHLOROTHIAZIDE,candesartan cilexetil / hydrochlorothiazide,,none
BLOPRESS 16 PLUS,CANDESARTAN CILEXETIL / HYDROCHLOROTHIAZIDE,candesartan cilexetil / hydrochlorothiazide,,none
CARDAXEL PLUS,CANDESARTAN CILEXETIL / HYDROCHLOROTHIAZIDE,candesartan cilexetil / hydrochlorothiazide,,none
CARDAXEL PLUS,CANDESARTAN CILEXETIL/ HYDROCHLOROTHIAZIDE,candesartan cilexetil/ hydrochlorothiazide,,none
CO SARCAND,CANDESARTAN CILEXETIL/ HYDROCHLOROTHIAZIDE,candesartan cilexetil/ hydrochlorothiazide,,none
CO-ATABEK,CANDESARTAN CILEXETIL/ HYDROCHLOROTHIAZIDE,candesartan cilexetil/ hydrochlorothiazide,,none
TENSIOPRIL,CAPTOPRIL,captopril,Captopril,exact
TENSOPREL,CAPTOPRIL,captopril,Captopril,exact
LOPRIL,CAPTOPRIL,captopril,Captopril,exact
ECAZIDE,CAPTOPRIL / HYDROCHLOROTHIAZIDE,captopril / hydrochlorothiazide,Captopril,prefix
CAPOCARD PLUS,CAPTOPRIL / HYDROCHLOROTHIAZIDE,captopril / hydrochlorothiazide,Captopril,prefix
PRIAZIDE,CAPTOPRIL / HYDROCHLOROTHIAZIDE,captopril / hydrochlorothiazide,Captopril,prefix
CO-TENSOPREL,CAPTOPRIL/HYDROCHLOROTHIAZIDE,captopril/hydrochlorothiazide,Captopril,prefix
CARBATOL,CARBAMAZEPINE,carbamazepine,Carbamazepine,exact
TEGRETOL,CARBAMAZEPINE,carbamazepine,Carbamazepine,exact
TEGRETOL LP,CARBAMAZEPINE,carbamazepine,Carbamazepine,exact
AZEPAL,CARBAMAZEPINE,carbamazepine,Carbamazepine,exact
TAVER,CARBAMAZEPINE,carbamazepine,Carbamazepine,exact
CARBIMOL,CARBAMAZEPINE,carbamazepine,Carbamazepine,exact
CARBIMOL LP,CARBAMAZEPINE,carbamazepine,Carbamazepine,exact
BIOMAZINE,CARBAMAZEPINE,carbamazepine,Carbamazepine,exact
NEUPAX,CARBAMAZEPINE,carbamazepine,Carbamazepine,exact
TEGRIDIS,CARBAMAZEPINE,carbamazepine,Carbamazepine,exact
ZEPTOL CR 400,CARBAMAZEPINE,carbamazepine,Carbamazepine,exact
CROVIMAZOLE,CARBIMAZOLE,carbimazole,Carbimazole,exact
ATHYROZOL,CARBIMAZOLE,carbimazole,Carbimazole,exact
GRIPEX TOUX GRASSE,CARBOCISTEINE,carbocisteine,Carbocisteine,exact
PECTOSAN EXPECTORAN ENFANT,CARBOCISTEINE,carbocisteine,Carbocisteine,exact
PECTOSAN EXPECTORANT ADULTE,CARBOCISTEINE,carbocisteine,Carbocisteine,exact
RHINOLACTOL,CARBOCISTEINE,carbocisteine,Carbocisteine,exact
HUMEX EXPECTORANT ENFANT,CARBOCISTEINE,carbocisteine,Carbocisteine,exact
HUMEX EXPECTORANT ADULTE,CARBOCISTEINE,carbocisteine,Carbocisteine,exact
GRIPEX TOUX GRASSE,CARBOCYSTEINE,carbocysteine,,none
RHINATHIOL ENFANT,CARBOCYSTEINE,carbocysteine,,none
RHINATHIOL  ADULTE,CARBOCYSTEINE,carbocysteine,,none
RHINATHIOL SANS SUCRE ENFANTS ET NOURRISSONS,CARBOCYSTEINE,carbocysteine,,none
MUCOLYSE ENFANT,CARBOCYSTEINE,carbocysteine,,none
MUCOLYSE AD.,CARBOCYSTEINE,carbocysteine,,none
CARBOLAM,CARBOCYSTEINE,carbocysteine,,none
CARBOFLUID ENFANT,CARBOCYSTEINE,carbocysteine,,none
CARBOFLUIDE ADULTE,CARBOCYSTEINE,carbocysteine,,none
MUCOLAD,CARBOCYSTEINE,carbocysteine,,none
BIOCARB  ENFANT,CARBOCYSTEINE,carbocysteine,,none
BIOCARB ADULTE,CARBOCYSTEINE,carbocysteine,,none
PULMOFOR ENFANT,CARBOCYSTEINE,carbocysteine,,none
PULMOFOR ADULTES,CARBOCYSTEINE,carbocysteine,,none
RHINOLACTOL ENFANT,CARBOCYSTEINE,carbocysteine,,none
BRONCHOLACTOL ENFANT,CARBOCYSTEINE,carbocysteine,,none
BRONCHOLACTOL ADULTES,CARBOCYSTEINE,carbocysteine,,none
CARBODAL SANS SUCRE,CARBOCYSTEINE,carbocysteine,,none
CARBOMEX,CARBOCYSTEINE,carbocysteine,,none
RHINATHIOL AD SANS SUCRE,CARBOCYTEINE,carbocyteine,,none
LIPOSIC,CARBOMERE 980,carbomere 980,,none
LACRINORM,CARBOMERE 980,carbomere 980,,none
OSSECAL,CARBONATE DE CALCIUM EXPRIME EN CALCIUM ELEMENT,calcium element,,none
KINADYN CALCIUM,CARBONATE DE CALCIUM EXPRIME EN CALCIUM ELEMENT,calcium element,,none
FERINJECT,Carboxymaltose ferrique exprimé en fer,fer,,none
KYPROLIS,Carfilzomib,carfilzomib,Carfilzomib,exact
CONSIUM,CARMUSTINE,carmustine,Carmustine,exact
KINADYN MG,CARONATE DE MAGNESIUM EXPRIME EN MAGNESIUM,magnesium,Magnesium,exact
TITANOREINE,CARRAGHENATES/DIOXYDE DE TITANE/OXYDE DE ZINC,carraghenates/dioxyde de titane/oxyde de zinc,,none
TITANOREINE A LA LIDOCAINE 2%,CARRAGHENATES/DIOXYDE DE TITANE/OXYDE DE ZINC/LIDOCAINE,carraghenates/dioxyde de titane/oxyde de zinc/lidocaine,,none
CARTEOL,CARTEOLOL,carteolol,,none
CARTEOL LP,CARTEOLOL,carteolol,,none
CARVEDILOL LDM,CARVEDILOL,carvedilol,Carvedilol,exact
CANCIDAS,CASPOFUNGINE ACETATE EXPRIME EN CASPOFUNGINE,caspofungine,Caspofungin,exact
AFUNDAS-L,CASPOFUNGINE ACETATE EXPRIME EN CASPOFUNGINE,caspofungine,Caspofungin,exact
CLORAFAL,CEFACLOR,cefaclor,Cefaclor,exact
TABICLOR,CEFACLOR,cefaclor,Cefaclor,exact
CLORACEF FORTE 250,CEFACLOR MONOHYDRATE EXPRIME EN CAFACLOR,cafaclor,,none
CLORACEF MR,CEFACLOR MONOHYDRATE EXPRIME EN CAFACLOR,cafaclor,,none
DICEF,CEFACLOR MONOHYDRATE EXPRIME EN CAFACLOR,cafaclor,,none
CEDROX,CEFADROXIL MONOHYDRATE EXPRIME EN CEFADROXIL ANHYDRE,cefadroxil,Cefadroxil,exact
CEDROXAL,CEFADROXIL MONOHYDRATE EXPRIME EN CEFADROXIL ANHYDRE,cefadroxil,Cefadroxil,exact
LEXIN,CEFALEXINE,cefalexine,,none
LEXINAL,CEFALEXINE,cefalexine,,none
CEPHADAR FORTE,CEFALEXINE,cefalexine,,none
CEPHADAR,CEFALEXINE,cefalexine,,none
RAMOXIN,CEFALEXINE,cefalexine,,none
CEPHALEX,CEFALEXINE,cefalexine,,none
UNILEXIN,CEFALEXINE,cefalexine,,none
KEFORAL,CEFALEXINE,cefalexine,,none
ANCEFAL,CEFALEXINE MONOHYDRATE EXPRIME EN CEFALEXINE ANHYDRE,cefalexine,,none
LEXINAL,CEFALEXINE MONOHYDRATEE,cefalexinee,,none
LEXIN,CEFALEXINE MONOHYDRATEE EXPRIME EN CEFALEXINE,cefalexine,,none
ANCEFAL,CEFALEXINE MONOHYDRATEE EXPRIME EN CEFALEXINE,cefalexine,,none
LEXINAL,CEFALEXINE MONOHYDRATEE EXPRIME EN CEFALEXINE,cefalexine,,none
KEFALEX,CEFALEXINE MONOHYDRATEE EXPRIME EN CEFALEXINE,cefalexine,,none
CEPHALEX,CEFALEXINE MONOHYDRATEE EXPRIME EN CEFALEXINE,cefalexine,,none
MIDAFLEX,CEFALEXINE MONOHYDRATEE EXPRIME EN CEFALEXINE,cefalexine,,none
ZEPILEN,CEFAZOLINE,cefazoline,Cefazolin,exact
CEFAZOL,CEFAZOLINE,cefazoline,Cefazolin,exact
NODILOF,CEFAZOLINE SODIQUE EXPRIME EN CAFAZOLINE,cafazoline,,none
CEFAZAL,CEFAZOLINE SODIQUE EXPRIME EN CEFAZOLINE,cefazoline,Cefazolin,exact
OMNICEF,CEFDINIR,cefdinir,Cefdinir,exact
OMNIFAL,CEFDINIR,cefdinir,Cefdinir,exact
WINEX,CEFIXIME,cefixime,Cefixime,exact
BETIXIM,CEFIXIME,cefixime,Cefixime,exact
OROKAL,CEFIXIME TRIHYDRATE,cefixime,Cefixime,exact
ORAKAL,CEFIXIME TRIHYDRATE EXPRIME EN CEFIXIME ANHYDRE,cefixime,Cefixime,exact
WINEX,CEFIXIME TRIHYDRATE EXPRIME EN CEFIXIME ANHYDRE,cefixime,Cefixime,exact
OROKEN ENF,CEFIXIME TRIHYDRATE EXPRIME EN CEFIXIME ANHYDRE,cefixime,Cefixime,exact
OROKEN NOUR,CEFIXIME TRIHYDRATE EXPRIME EN CEFIXIME ANHYDRE,cefixime,Cefixime,exact
OROKAL,CEFIXIME TRIHYDRATE EXPRIME EN CEFIXIME ANHYDRE,cefixime,Cefixime,exact
OROKEN,CEFIXIME TRIHYDRATE EXPRIME EN CEFIXIME ANHYDRE,cefixime,Cefixime,exact
OROKAL,CEFIXIME TRIHYDRATEE EXPRIME EN CEFIXIME,cefixime,Cefixime,exact
PERAZ 1000,CEFOPERAZONE SODIQUE EXPRIME EN CEFOPERAZONE,cefoperazone,Cefoperazone,exact
PERAZ 2000,CEFOPERAZONE SODIQUE EXPRIME EN CEFOPERAZONE,cefoperazone,Cefoperazone,exact
TRICEF,CEFOTAXIME SODIQUE EXPRIME EN CEFOTAXIME,cefotaxime,Cefotaxime,exact
CEFOTAL,CEFOTAXIME SODIQUE EXPRIME EN CEFOTAXIME,cefotaxime,Cefotaxime,exact
CEFODEX,CEFOTAXIME SODIQUE EXPRIME EN CEFOTAXIME,cefotaxime,Cefotaxime,exact
RELOXAL,CEFPODOXIME** (SOUS FORME DE CEFPODOXIME PROXETIL),cefpodoxime** (sous forme de cefpodoxime proxetil),Cefpodoxime,prefix
ZEEFRA,CEFRADINE,cefradine,Cefradine,exact
CEFTAZIM,CEFTAZIDIME PENTAHYDRATE EXPRIME EN CEFTAZIDIME,ceftazidime,Ceftazidime,exact
CETIZAL,CEFTIZOXIME SODIQUE EXPRIME EN CEFTIZOXIME,ceftizoxime,Ceftizoxime,exact
TIZO 1000,CEFTIZOXIME SODIQUE EXPRIME EN CEFTIZOXIME,ceftizoxime,Ceftizoxime,exact
CEFTRIAXONA HIKMA,CEFTRIAXONE SODIQUE EXPRIME EN CEFTRIAXONE,ceftriaxone,Ceftriaxone,exact
CETRIAXONE HUP,CEFTRIAXONE SODIQUE EXPRIME EN CEFTRIAXONE,ceftriaxone,Ceftriaxone,exact
ZINETAL,Cefuroxime axetil exprime en cefuroxime,cefuroxime,Cefuroxime,exact
DAROXIME,Cefuroxime axetil exprime en cefuroxime,cefuroxime,Cefuroxime,exact
ZINNAT,Cefuroxime axetil exprime en cefuroxime,cefuroxime,Cefuroxime,exact
ZINOXIMOR,Cefuroxime axetil exprime en cefuroxime,cefuroxime,Cefuroxime,exact
ZINOXIMOR 500,Cefuroxime axetil exprime en cefuroxime,cefuroxime,Cefuroxime,exact
CEFUCARE,Cefuroxime axetil exprime en cefuroxime,cefuroxime,Cefuroxime,exact
CEFROZINE,Cefuroxime axetil exprime en cefuroxime,cefuroxime,Cefuroxime,exact
CIREXA,CELECOXIB,celecoxib,Celecoxib,exact
NOTOREX,CELECOXIB,celecoxib,Celecoxib,exact
CELECOX,CELECOXIB,celecoxib,Celecoxib,exact
CELEXAL,CELECOXIB,celecoxib,Celecoxib,exact
CELEBREX,CELECOXIB,celecoxib,Celecoxib,exact
NOVABREX,CELECOXIB,celecoxib,Celecoxib,exact
INICOX 100,CELECOXIB,celecoxib,Celecoxib,exact
INICOX 200,CELECOXIB,celecoxib,Celecoxib,exact
COXIBREX,CELECOXIB,celecoxib,Celecoxib,exact
CELECOXIB LDM,CELECOXIB,celecoxib,Celecoxib,exact
RUMABREX,CELECOXIB,celecoxib,Celecoxib,exact
CELECOBREX HUP,CELECOXIB,celecoxib,Celecoxib,exact
CELECOMEX,CELECOXIB,celecoxib,Celecoxib,exact
CELVEX,CELECOXIB,celecoxib,Celecoxib,exact
CELECOXIB BEKER,CELECOXIB,celecoxib,Celecoxib,exact
ARBREX,CELECOXIB,celecoxib,Celecoxib,exact
MEDIBREX,CELECOXIB,celecoxib,Celecoxib,exact
GRIPEX ALLERGIE,CETIRIZINE DICHLORHYDRATE,cetirizine dichlorhydrate,Cetirizine,prefix
CETIRIZINE GL,CETIRIZINE DICHLORHYDRATE,cetirizine dichlorhydrate,Cetirizine,prefix
CETIRIZINE PHYSIOPHARM,CETIRIZINE DICHLORHYDRATE,cetirizine dichlorhydrate,Cetirizine,prefix
ZYTREX,CETIRIZINE DICHLORHYDRATE,cetirizine dichlorhydrate,Cetirizine,prefix
RHITENE,CETIRIZINE DICHLORHYDRATE,cetirizine dichlorhydrate,Cetirizine,prefix
TRIZ,CETIRIZINE DICHLORHYDRATE,cetirizine dichlorhydrate,Cetirizine,prefix
ZETIREC,CETIRIZINE DICHLORHYDRATE,cetirizine dichlorhydrate,Cetirizine,prefix
HISTARIZINE,CETIRIZINE DICHLORHYDRATE,cetirizine dichlorhydrate,Cetirizine,prefix
ARTIZ,CETIRIZINE DICHLORHYDRATE,cetirizine dichlorhydrate,Cetirizine,prefix
ZITRINE,CETIRIZINE DICHLORHYDRATE,cetirizine dichlorhydrate,Cetirizine,prefix
ZYRTIRIZINE,CETIRIZINE DICHLORHYDRATE,cetirizine dichlorhydrate,Cetirizine,prefix
CETIRIZINE MYLAN,CETIRIZINE DICHLORHYDRATE,cetirizine dichlorhydrate,Cetirizine,prefix
NADEC,CETIRIZINE DICHLORHYDRATE,cetirizine dichlorhydrate,Cetirizine,prefix
CETROTIDE,CETRORELIX ACETATE EXPRIME EN CETRORELIX,cetrorelix,Cetrorelix,exact
ERBITUX,CETUXIMAB,cetuximab,Cetuximab,exact
LYSOPAINE SANS SUCRE,CETYLPYRIDINIUM CHLORURE / LYSOSYME CHLORHYDRATE,cetylpyridinium chlorure / lysosyme,,none
CARBOPHOS,CHARBON  VEGETAL,charbon  vegetal,,none
EUCARBON,CHARBON  VEGETAL / EXTRAIT DE RHUBARBE / FEUILLES DE SENE/SOUFRE PURIFIE,charbon  vegetal / extrait de rhubarbe / feuilles de sene/soufre purifie,,none
LEUKERAN,CHLORAMBUCIL,chlorambucil,Chlorambucil,exact
CEBENICOL,CHLORAMPHENICOL,chloramphenicol,Chloramphenicol,exact
ELUDRIL,CHLORHEXIDINE DIGLUCONATE /CHLOROBUTANOL HEMIHYDRATE,chlorhexidine digluconate /chlorobutanol,Chlorhexidine,prefix
HYSADRIL,CHLORHEXIDINE** (SOUS FORME DE DIGLUCONATE),chlorhexidine** (sous forme de digluconate),Chlorhexidine,prefix
REMIFENTANIL MYLAN,CHLORHYDRATE DE REMIFENTANIL,chlorhydrate de remifentanil,Chlorhexidine,prefix
TRAMADINE,CHLORHYDRATE DE TRAMADOL,chlorhydrate de tramadol,Chlorhexidine,prefix
RUBIDEX,CHLORHYDRATE DOXORUBICINE,chlorhydrate doxorubicine,Chlorhexidine,prefix
LARGACTIL,CHLORPROMAZINE,chlorpromazine,Chlorpromazine,exact
DORMAZINE,CHLORPROMAZINE,chlorpromazine,Chlorpromazine,exact
DORMAZINE,CHLORPROMAZINE (CHLORHYDRATE) EXPRIME EN CHLORPROMAZINE,chlorpromazine,Chlorpromazine,exact
LARGAMED 100,CHLORPROMAZINE CHLORHYDRATE EXPRIME EN CHLORPROMAZINE,chlorpromazine,Chlorpromazine,exact
PROMAZ,CHLORPROMAZINE CHLORHYDRATE EXPRIME EN CHLORPROMAZINE,chlorpromazine,Chlorpromazine,exact
LARGACTIL,CHLORPROMAZINE CHLORHYDRATE EXPRIME EN CHLORPROMAZINE,chlorpromazine,Chlorpromazine,exact
CALCIPACK,Chlorure de calcium héxahydraté,chlorure de calcium héxahydraté,,none
CHLORURE DE POTASSIUM AGUETTANT,CHLORURE DE POTASSIUM,chlorure de potassium,,none
KALIPACK,CHLORURE DE POTASSIUM,chlorure de potassium,,none
MUTI-BIC 3 MMOL/L POTASIUM,CHLORURE DE POTASSIUM/CHLORURE DE CALCIUM DIHYDRATE/CHLORURE DE MAGNESIUM HEXAHYDRATE/GLUCOSE ANHYDRE S/F MONOHYDRATE,chlorure de potassium/chlorure de calcium/chlorure de magnesium hexahydrate/glucose s/f,,none
"URO 3000CHLORURE DE SODIUM 0,9%",CHLORURE DE SODIUM,chlorure de sodium,,none
CHLORURE DE SODIUM HYPERTONIQUE SAIDAL,CHLORURE DE SODIUM,chlorure de sodium,,none
SOFABIC,CHLORURE DE SODIUM / BICARBONATE DE SODIUM,chlorure de sodium / bicarbonate de sodium,,none
DPCA FORMULE 91,CHLORURE DE SODIUM / CHLORURE DE CALCIUM DIHYDRATE / CHLORURE DE MAGNESIUM HEXAHYDRATE / SOLUTION DE LACTATE DE SODIUM A 60% / GLUCOSE MONOHYDRATE,chlorure de sodium / chlorure de calcium / chlorure de magnesium hexahydrate / solution de de sodium a 60% / glucose,,none
SOFACID A1,CHLORURE DE SODIUM / CHLORURE DE POTASSIUM / CHLORURE DE CALCIUM / CHLORURE DE MAGNESIUM / ACIDE ACETIQUE,chlorure de sodium / chlorure de potassium / chlorure de calcium / chlorure de magnesium / acide acetique,,none
SOFACID A2,CHLORURE DE SODIUM / CHLORURE DE POTASSIUM / CHLORURE DE CALCIUM / CHLORURE DE MAGNESIUM / ACIDE ACETIQUE / ACETATE DE SODIUM,chlorure de sodium / chlorure de potassium / chlorure de calcium / chlorure de magnesium / acide acetique / de sodium,,none
REHYDRAX,CHLORURE DE SODIUM/CHLORURE DE POTASSIUM/CITRATE DE SODIUM SOUS FORME TRISODIQUE DIHYDRATEE /GLUCOSE ANHYDRE,chlorure de sodium/chlorure de potassium/citrate de sodium sous forme trisodiquee /glucose,,none
MYCOSTER,CICLOPIROX,ciclopirox,Ciclopirox,exact
MYCODERM,CICLOPIROX OLAMINE,ciclopirox olamine,Ciclopirox,prefix
MYCOSTER,CICLOPIROX OLAMINE,ciclopirox olamine,Ciclopirox,prefix
SANDIMMUN NEORAL,CICLOSPORINE,ciclosporine,,none
SANDIMMUN,CICLOSPORINE,ciclosporine,,none
IMUSPORIN 25,CICLOSPORINE,ciclosporine,,none
IMUSPORIN 50,CICLOSPORINE,ciclosporine,,none
CICLAID,CICLOSPORINE,ciclosporine,,none
ENDOLET,CINACALCET CHLORHYDRATE EXPRIME EN CINACALCET,cinacalcet,Cinacalcet,exact
MIMPARA,CINACALCET CHLORHYDRATE EXPRIME EN CINACALCET,cinacalcet,Cinacalcet,exact
INDPRO,CIPROFLOXACINE,ciprofloxacine,Ciprofloxacin,exact
CIPROFLOXACINE RAZES,CIPROFLOXACINE,ciprofloxacine,Ciprofloxacin,exact
CIPRODAR,CIPROFLOXACINE ** (SOUS FORME D' HDROCHLORIDE MONOHYDRATE),ciprofloxacine ** (sous forme d' hdrochloride),,none
LOXANAD,CIPROFLOXACINE CHLORHYDRATE (EXPRIME EN CIPROFLOXACINE),ciprofloxacine),,none
CILOXAN,CIPROFLOXACINE CHLORHYDRATE EXPRIME EN CIPROFLOXACINE,ciprofloxacine,Ciprofloxacin,exact
CIPROFLOXAL,CIPROFLOXACINE CHLORHYDRATE EXPRIME EN CIPROFLOXACINE,ciprofloxacine,Ciprofloxacin,exact
CIPRODAR,CIPROFLOXACINE CHLORHYDRATE EXPRIME EN CIPROFLOXACINE,ciprofloxacine,Ciprofloxacin,exact
OTOCINE,CIPROFLOXACINE CHLORHYDRATE EXPRIME EN CIPROFLOXACINE,ciprofloxacine,Ciprofloxacin,exact
FLOCINE,CIPROFLOXACINE CHLORHYDRATE EXPRIME EN CIPROFLOXACINE,ciprofloxacine,Ciprofloxacin,exact
CIPROTEK,CIPROFLOXACINE CHLORHYDRATE EXPRIME EN CIPROFLOXACINE,ciprofloxacine,Ciprofloxacin,exact
CIPROFLOXACINE BEKER,CIPROFLOXACINE CHLORHYDRATE EXPRIME EN CIPROFLOXACINE,ciprofloxacine,Ciprofloxacin,exact
LOXANAD,CIPROFLOXACINE CHLORHYDRATE EXPRIME EN CIPROFLOXACINE,ciprofloxacine,Ciprofloxacin,exact
FLOCINE,CIPROFLOXACINE CHLORHYRATE MONOHYDRATE EXPRIME EN CIPROFLOXACINE,ciprofloxacine,Ciprofloxacin,exact
QUINOX,CIPROFLOXACINE CHLORHYRATE MONOHYDRATE EXPRIME EN CIPROFLOXACINE,ciprofloxacine,Ciprofloxacin,exact
QUINOX LP,CIPROFLOXACINE CHLORHYRATE MONOHYDRATE EXPRIME EN CIPROFLOXACINE,ciprofloxacine,Ciprofloxacin,exact
SOMAZINA,CITICOLINE,citicoline,Citicoline,exact
CITICOLINE GL,CITICOLINE SOUS FORME SODIQUE,citicoline sous forme,Citicoline,prefix
CITICOLINE ISO,CITICOLINE SOUS FORME SODIQUE,citicoline sous forme,Citicoline,prefix
CITICOLINE PHARMAGHREB,CITICOLINE SOUS FORME SODIQUE,citicoline sous forme,Citicoline,prefix
SOMAZINA,CITICOLINE SOUS FORME SODIQUE,citicoline sous forme,Citicoline,prefix
SOMACOLINE,CITICOLINE SOUS FORME SODIQUE,citicoline sous forme,Citicoline,prefix
CICOLINA,CITICOLINE** (SOUS FORME MONOSODIQUE),citicoline** (sous forme),Citicoline,prefix
CIBETAINE,CITRATE DE BETAINE,citrate de betaine,,none
RITOCINE,CLARITHROMYCINE,clarithromycine,Clarithromycin,exact
CLARITAL,CLARITHROMYCINE,clarithromycine,Clarithromycin,exact
CLARIDAR 500,CLARITHROMYCINE,clarithromycine,Clarithromycin,exact
CLARIDAR 250,CLARITHROMYCINE,clarithromycine,Clarithromycin,exact
HUCLAR,CLARITHROMYCINE,clarithromycine,Clarithromycin,exact
CLARIDAR 125,CLARITHROMYCINE,clarithromycine,Clarithromycin,exact
ZECLAR,CLARITHROMYCINE,clarithromycine,Clarithromycin,exact
ZECLAR 25,CLARITHROMYCINE,clarithromycine,Clarithromycin,exact
ARICLARE,CLARITHROMYCINE,clarithromycine,Clarithromycin,exact
CLINARAM,CLINDAMYCINE CHLORHYDRATE EXPRIME EN CLINDAMYCINE,clindamycine,Clindamycin,exact
DERMA-T,Clindamycine phosphate exprimé en clindamycine,clindamycine,Clindamycin,exact
ACNESTOP,Clindamycine phosphate exprimé en clindamycine,clindamycine,Clindamycin,exact
DENACINE,Clindamycine phosphate exprimé en clindamycine,clindamycine,Clindamycin,exact
DENACINE EMULGEL,Clindamycine phosphate exprimé en clindamycine,clindamycine,Clindamycin,exact
CLOTASOL,CLOBETASOL PROPIONATE,clobetasol propionate,Clobetasol propionate,exact
CLOBECORT,CLOBETASOL PROPIONATE,clobetasol propionate,Clobetasol propionate,exact
PROCLO JAM,CLOBETASOL PROPIONATE,clobetasol propionate,Clobetasol propionate,exact
BONEFOS,CLODRONATE DISODIQUE TETRAHYDRATE,clodronate tetrahydrate,Clodronic acid,prefix
CROVIFENE,CLOMIFENE CITRATE,clomifene,Clomifene,exact
BIOMID BR,CLOMIFENE CITRATE,clomifene,Clomifene,exact
CLOMINE,CLOMIFENE CITRATE,clomifene,Clomifene,exact
CLOMID,CLOMIFENE CITRATE,clomifene,Clomifene,exact
LOMIFEN,CLOMIFENE CITRATE,clomifene,Clomifene,exact
CRONIL,CLOMIPRAMINE CHLORHYDRATE,clomipramine,Clomipramine,exact
TRIANIL,CLOMIPRAMINE CHLORHYDRATE,clomipramine,Clomipramine,exact
CLONAPRIME,CLOMIPRAMINE CHLORHYDRATE,clomipramine,Clomipramine,exact
ANAFRANIL,CLOMIPRAMINE CHLORHYDRATE,clomipramine,Clomipramine,exact
CLOFRANIL,CLOMIPRAMINE CHLORHYDRATE,clomipramine,Clomipramine,exact
NOVATRIL,CLONAZEPAM,clonazepam,Clonazepam,exact
RIVOMED,CLONAZEPAM,clonazepam,Clonazepam,exact
CLONA,CLONAZEPAM,clonazepam,Clonazepam,exact
CRONIDINE,CLONIDINE CHLORHYDRATE,clonidine,Clonidine,exact
CLOPIDOGREL NOVAGENERICS,CLOPIDOGREL HYDROGENE EXPRIME EN CLOPIDOGREL,clopidogrel,Clopidogrel,exact
DAZIL,CLOPIDOGREL HYDROGENOSULFATE EXPRIME EN CLOPIDOGREL,clopidogrel,Clopidogrel,exact
CLODIPRAL,CLOPIDOGREL HYDROGENOSULFATE EXPRIME EN CLOPIDOGREL,clopidogrel,Clopidogrel,exact
CLOPIDOGREL LDM,CLOPIDOGREL HYDROGENOSULFATE EXPRIME EN CLOPIDOGREL,clopidogrel,Clopidogrel,exact
PLAVIX,CLOPIDOGREL HYDROGENOSULFATE EXPRIME EN CLOPIDOGREL,clopidogrel,Clopidogrel,exact
TRANOXANE,CLORAZEPATE DIPOTASSIQUE,clorazepate dipotassique,,none
CLORAXENE,CLORAZEPATE DIPOTASSIQUE,clorazepate dipotassique,,none
TRANXENE,CLORAZEPATE DIPOTASSIQUE,clorazepate dipotassique,,none
CLOTERMEX,CLOTRIMAZOLE,clotrimazole,Clotrimazole,exact
MYCOTEN,CLOTRIMAZOLE,clotrimazole,Clotrimazole,exact
LEPONEX,CLOZAPINE,clozapine,Clozapine,exact
TUSSICOD,CODEINE,codeine,Codeine,exact
NEO-CODION,CODEINE,codeine,Codeine,exact
EUPHON ADULTE,CODEINE / EXTRAIT SEC AQUEUX D'ERYSIUM OFFICINAL,codeine / extrait sec aqueux d'erysium officinal,Codeine,prefix
NEO-CODION ADULTE,CODEINE CAMPHOSULFONATE,codeine camphosulfonate,Codeine,prefix
NEO-CODION ENFANT,CODEINE CAMPHOSULFONATE EXPRIME EN CODEINE / BENZOATE DE SODIUM,codeine / benzoate de sodium,Codeine,prefix
POLERY ADULTE,CODEINE/EXTRAIT FLUIDE D'ERYSIUM,codeine/extrait fluide d'erysium,Codeine,prefix
COLCHICINE OPOCALCIUM,COLCHICINE,colchicine,Colchicine,exact
COLCHIMED,COLCHICINE CRISTALISEE,colchicine cristalisee,Colchicine,prefix
COLCHIMEX,COLCHICINE CRISTALISEE,colchicine cristalisee,Colchicine,prefix
VITAMINE D3 B.O.N,COLECALCIFEROL,colecalciferol,,none
D-THREE,COLECALCIFEROL,colecalciferol,,none
IDEOS,COLECALCIFEROL  / CALCIUM CARBONATE EXPRIME EN CALCIUM ELEMENT,calcium element,,none
CALCIUM D3 NOVAGENERICS,COLECALCIFEROL  / CALCIUM CARBONATE EXPRIME EN CALCIUM ELEMENT,calcium element,,none
OSSE D3,COLECALCIFEROL  / CALCIUM CARBONATE EXPRIME EN CALCIUM ELEMENT,calcium element,,none
CALCIUM D3 IVAL,COLECALCIFEROL  / CALCIUM CARBONATE EXPRIME EN CALCIUM ELEMENT,calcium element,,none
CALCIUM D3 SOPHAL,COLECALCIFEROL / CALCIUM CARBONATE EXPRIME EN CALCIUM ELEMENT,calcium element,,none
CALCIDOSE VITAMINE D,COLECALCIFEROL / CALCIUM CARBONATE EXPRIME EN CALCIUM ELEMENT,calcium element,,none
FIXECAL,COLECALCIFEROL / CALCIUM CARBONATE EXPRIME EN CALCIUM ELEMENT,calcium element,,none
FERRO SANOL GYN,COMPLEXE DE FER II - GLYCINE SULFATE / ACIDE FOLIQUE,complexe de fer ii - glycine / acide folique,,none
FEROMAX,COMPLEXE D'HYDROXIDE FERRIQUE-SACCHAROSE EXPRIME EN FER FERRIQUE,fer ferrique,,none
VENOFER,COMPLEXE D'HYDROXIDE FERRIQUE-SACCHAROSE EXPRIME EN FER FERRIQUE,fer ferrique,,none
ENCIFER,COMPLEXE D'HYDROXIDE FERRIQUE-SACCHAROSE EXPRIME EN FER FERRIQUE,fer ferrique,,none
OCTAPLEX :,Complexe humain plasmatique prothrombinique,complexe humain plasmatique prothrombinique,,none
FERRUM HAUSMANN GOUTTES,COMPLEXE HYDROXYDE FERRIQUE POLYMALTOSE EXPRIME EN FER FERRIQUE,fer ferrique,,none
TRIFER FOL,COMPLEXE HYDROXYDE FERRIQUE POLYMALTOSE EXPRIME EN FER FERRIQUE / ACIDE FOLIQUE,fer ferrique / acide folique,,none
NOVO FER PLUS,COMPLEXE HYDROXYDE FERRIQUE POLYMALTOSE EXPRIME EN FER FERRIQUE / ACIDE FOLIQUE,fer ferrique / acide folique,,none
RAZIFER,COMPLEXE HYDROXYDE FERRIQUE-SACCHAROSE EXPRIME EN FER FERRIQUE,fer ferrique,,none
VITAM,COMPLEXE VITAMINIQUE,complexe vitaminique,,none
MEGADYN,COMPLEXE VITAMINIQUE + OLIGOELEMENTS,complexe vitaminique + oligoelements,,none
CONCENTRE ACIDE POUR HEMODIALYSE AU BICARBONATE,CONCENTRE ACIDE POUR HEMODIALYSE,concentre acide pour hemodialyse,,none
RENACID A13,CONCENTRE ACIDE POUR HEMODIALYSE AU BICARBONATE  POUDRE,concentre acide pour hemodialyse au bicarbonate  poudre,,none
RENACID A14 RENABIC L14,CONCENTRE ACIDE POUR HEMODIALYSE AU BICARBONATE LIQUIDE,concentre acide pour hemodialyse au bicarbonate liquide,,none
XALKORI,Crizotinib,crizotinib,Crizotinib,exact
CROMOSOL,CROMOGLYCATE DE SODIUM,cromoglycate de sodium,Cromoglicic acid,prefix
EPICO,CROMOGLYCATE DE SODIUM,cromoglycate de sodium,Cromoglicic acid,prefix
CROMOGLYCATE DE SODIUM,CROMOGLYCATE DE SODIUM,cromoglycate de sodium,Cromoglicic acid,prefix
APICROM,CROMOGLYCATE DE SODIUM,cromoglycate de sodium,Cromoglicic acid,prefix
DADCROME,CROMOGLYCATE DE SODIUM,cromoglycate de sodium,Cromoglicic acid,prefix
CROMEDIL 2%,CROMOGLYCATE DE SODIUM,cromoglycate de sodium,Cromoglicic acid,prefix
E-RAX,CROTAMITON,crotamiton,Crotamiton,exact
COBAVIT,CYANCOBALAMINE,cyancobalamine,,none
VITAMINE B12 RAZES,CYANOCOBALAMINE (OU VIT.B12),cyanocobalamine (ou vit.b12),Cyanocobalamin,prefix
PENTOLATE,CYCLOPENTOLATE,cyclopentolate,Cyclopentolate,exact
CICLOPLEGICEDOL,CYCLOPENTOLATE CHLORHYDRATE,cyclopentolate,Cyclopentolate,exact
ENDOXAN,CYCLOPHOSPHAMIDE MONOHYDRATEE EXPRIME EN CYCLOPHOSPHAMIDE,cyclophosphamide,Cyclophosphamide,exact
HEPTADYL,CYPROHEPTADINE,cyproheptadine,Cyproheptadine,exact
ISOCTINE,CYPROHEPTADINE CHLORHYDRATE EXPRIME EN CYPROHEPTADINE,cyproheptadine,Cyproheptadine,exact
HEPTAL,CYPROHEPTADINE CHLORHYDRATE EXPRIME EN CYPROHEPTADINE,cyproheptadine,Cyproheptadine,exact
HEPTAFORT,CYPROHEPTADINE CHLORHYDRATE EXPRIME EN CYPROHEPTADINE,cyproheptadine,Cyproheptadine,exact
MODESTAMINE,CYPROHEPTADINE CHLORHYDRATE EXPRIME EN CYPROHEPTADINE,cyproheptadine,Cyproheptadine,exact
LAPETI,CYPROHEPTADINE CHLORHYDRATE EXPRIME EN CYPROHEPTADINE,cyproheptadine,Cyproheptadine,exact
PERIACTINE,CYPROHEPTADINE CHLORHYDRATE EXPRIME EN CYPROHEPTADINE,cyproheptadine,Cyproheptadine,exact
PERIAMEX,CYPROHEPTADINE CHLORHYDRATE EXPRIME EN CYPROHEPTADINE,cyproheptadine,Cyproheptadine,exact
ORYACTINE,CYPROHEPTADINE CHLORHYDRATE EXPRIME EN CYPROHEPTADINE,cyproheptadine,Cyproheptadine,exact
CIPROMINE,CYPROHEPTADINE CHLORHYDRATE EXPRIME EN CYPROHEPTADINE,cyproheptadine,Cyproheptadine,exact
ZECYTE-100,CYTARABINE,cytarabine,Cytarabine,exact
ARASID 100 - ARASID 500 - ARASID 1000,CYTARABINE,cytarabine,Cytarabine,exact
PRADAXA,DABIGATRAN ETEXILATE MESILATE,dabigatran etexilate mesilate,,none
DTI,DACARBAZINE,dacarbazine,Dacarbazine,exact
DACLA,DACLATASVIR  DICHLORHYDRATE,daclatasvir  dichlorhydrate,Daclatasvir,prefix
FRAGMINE,DALTEPARINE SODIQUE,dalteparine,Dalteparin,exact
DANATROL,DANAZOL,danazol,Danazol,exact
ARANESP,DARBEPOETINE ALFA,darbepoetine alfa,Darbepoetin alfa,prefix
PREZISTA,DARUNAVIR ETHANOLATE EXPRIME EN DARUNAVIR,darunavir,Darunavir,exact
SPRYCEL,DASATINIB MONOHYDRATEE,dasatinibe,Dasatinib,exact
DAUNOTEC,DAUNORUBICINE CHLORHYDRATE EXPRIME EN DAUNORUBICINE,daunorubicine,daunorubicin,exact
DAUNOCIN,DAUNORUBICINE CHLORHYDRATE EXPRIME EN DAUNORUBICINE,daunorubicine,daunorubicin,exact
CERUBIDINE,DAUNORUBICINE CHLORHYDRATE EXPRIME EN DAUNORUBICINE,daunorubicine,daunorubicin,exact
KELOSIROX,DEFERASIROX,deferasirox,Deferasirox,exact
DEFEROX,Déférasirox,déférasirox,,none
EXJADE,Déférasirox,déférasirox,,none
CAPTAFER,Déférasirox,déférasirox,,none
KELOSIROX,Déférasirox,déférasirox,,none
KAPTIRON,Déférasirox,déférasirox,,none
KELFER-250,DEFERIPRONE,deferiprone,Deferiprone,exact
KELFER-500,DEFERIPRONE,deferiprone,Deferiprone,exact
DESFERAL,DEFEROXAMINE,deferoxamine,deferoxamine,exact
XGEVA,DENOSUMAB,denosumab,Denosumab,exact
PROLIA,DENOSUMAB,denosumab,Denosumab,exact
LORADESS,Desloratadine,desloratadine,Desloratadine,exact
LORADESS,Desloratadine,desloratadine,Desloratadine,exact
UDINE,Desloratadine,desloratadine,Desloratadine,exact
RESTINE,Desloratadine,desloratadine,Desloratadine,exact
DESLOR,Desloratadine,desloratadine,Desloratadine,exact
DESLORAL,Desloratadine,desloratadine,Desloratadine,exact
AIRDITINE,Desloratadine,desloratadine,Desloratadine,exact
MINIRINMELT,DESMOPRESSINE,desmopressine,Desmopressin,exact
MINIRIN SPRAY,DESMOPRESSINE ACETATE TRIHYDRATE,desmopressine,Desmopressin,exact
CERAZETTE,DESOGESTREL,desogestrel,Desogestrel,exact
DESIRETT,DESOGESTREL,desogestrel,Desogestrel,exact
LOCATOP,DESONIDE,desonide,Desonide,exact
DESACROVIS,DEXAMETHASONE,dexamethasone,Dexamethasone,exact
PERCUTALGINE SPRAY,DEXAMETHASONE  /  SALICYLAMIDE  / SALICYLATE D''HYDROXYETHYLE,dexamethasone  /  salicylamide  / salicylate d''hydroxyethyle,,none
NEODEX,DEXAMETHASONE / NEOMYCINE,dexamethasone / neomycine,,none
MAXIDROL,DEXAMETHASONE / NEOMYCINE SULFATE / POLYMYXINE B SULFATE,dexamethasone / neomycine / polymyxine b,,none
MAXILODRE,DEXAMETHASONE / NEOMYCINE SULFATE / POLYMYXINE B SULFATE,dexamethasone / neomycine / polymyxine b,,none
DEXAFLOX,DEXAMETHASONE / OFLOXACINE,dexamethasone / ofloxacine,,none
PERCUTALGINE,DEXAMETHASONE ACETATE / SALICYLAMIDE / SALICYLATE D'HYDROXYETHYLE,dexamethasone / salicylamide / salicylate d'hydroxyethyle,,none
CHIBRO-CADRON,Dexamethasone phosphate / Neomycine sulfate,dexamethasone / neomycine,,none
P.N.D.,DEXAMETHASONE PHOSPHATE SODIQUE EXPRIME EN DEXAMETHASONE / NEOMYCINE SULFATE / POLYMYXINE B SULFATE,dexamethasone / neomycine / polymyxine b,,none
DEXAFREE,DEXAMETHASONE PHOSPHATE SODIQUE EXPRIME EN DEXAMETHASONE PHOSPHATE,dexamethasone,Dexamethasone,exact
DEXAMETYD,DEXAMETHASONE PHOSPHATE SODIQUE EXPRIME EN DEXAMETHASONE PHOSPHATE,dexamethasone,Dexamethasone,exact
DEXAMEX,DEXAMETHASONE PHOSPHATE SODIQUE EXPRIME EN DEXAMETHASONE/ NEOMYCINE SULFATE,dexamethasone/ neomycine,,none
NEODRON,DEXAMETHASONE PHOSPHATE/ NEOMYCINE SULFATE EXPRIME EN NEOMYCINE,neomycine,Neomycin,exact
ALPHAXITROL,DEXAMETHASONE/ NEOMYCINE SULFATE/ POLYMYXINE B SULFATE,dexamethasone/ neomycine/ polymyxine b,,none
STERDEX,DEXAMETHASONE/OXYTETRACYCLINE,dexamethasone/oxytetracycline,,none
HISTAGAN,DEXCHLORPHENIRAMINE MALEATE,dexchlorpheniramine,Dexchlorpheniramine,exact
FENIRAMINE,DEXCHLORPHENIRAMINE MALEATE,dexchlorpheniramine,Dexchlorpheniramine,exact
GENARITYNE,DEXCHLORPHENIRAMINE MALEATE,dexchlorpheniramine,Dexchlorpheniramine,exact
DEXCHLORPHENIRAMINE AFRO,DEXCHLORPHENIRAMINE MALEATE,dexchlorpheniramine,Dexchlorpheniramine,exact
HISTAGAN,DEXCHLORPHENIRAMINE MALEATE EXPRIME EN DEXCHLORPHENIRAMINE,dexchlorpheniramine,Dexchlorpheniramine,exact
ENANTUM,DEXKéTOPROFéNE(TROMéTAMOL),dexkétoproféne(trométamol),,none
APAISA BEBE,DEXPANTHENOL,dexpanthenol,Dexpanthenol,exact
BRONCHOCALM ADULTES,DEXTROMETHORPHANE BROMHYDRATE,dextromethorphane,Dextromethorphan,exact
BRONCHOCALM ENFANTS,DEXTROMETHORPHANE BROMHYDRATE,dextromethorphane,Dextromethorphan,exact
HUMEX TOUX SECHE ENFANT,DEXTROMETHORPHANE BROMHYDRATE,dextromethorphane,Dextromethorphan,exact
HUMEX TOUX SECHE ADULTE,DEXTROMETHORPHANE BROMHYDRATE,dextromethorphane,Dextromethorphan,exact
TUSSIDEX,DEXTROMETHORPHANE BROMHYDRATE,dextromethorphane,Dextromethorphan,exact
TUSSIDEX,DEXTROMETHORPHANE BROMHYDRATE,dextromethorphane,Dextromethorphan,exact
ATUSSINE ENFANTS,DEXTROMETHORPHANE BROMHYDRATE /  MEPYRAMINE MALEATE / GUAÏFENESINE,dextromethorphane /  mepyramine / guaïfenesine,,none
ATUSSINE ADULTES,DEXTROMETHORPHANE BROMHYDRATE / MEPYRAMINE MALEATE,dextromethorphane / mepyramine,,none
"DEXSTOP 0,2%",DEXTROMETHORPHANE HYDROBROMIDE,dextromethorphane hydrobromide,,none
DEXSTOP ENFANTS,DEXTROMETHORPHANE HYDROBROMIDE,dextromethorphane hydrobromide,,none
DIACENE 50,DIACEREINE,diacereine,,none
ARTROPI,DIACEREINE,diacereine,,none
CAPD FORMULE 55,DIALYSE EN POCHE ISOTONIQUE,dialyse en poche isotonique,,none
CAPD FORMULE 62,DIALYSE EN POCHE LIQUIDE HYPERTONIQUE,dialyse en poche liquide hypertonique,,none
CAPD / DPCA 3 - DIALYSE PERITONEALE CONTINUE  AMBULATOIRE STAY SAFE 3,DIALYSE EN POCHE LIQUIDE HYPERTONIQUE,dialyse en poche liquide hypertonique,,none
CAPD / DPCA 2 - DIALYSE PERITONEALE CONTINUE  AMBULATOIRE STAY SAFE 2,DIALYSE EN POCHE LIQUIDE HYPERTONIQUE,dialyse en poche liquide hypertonique,,none
CAPD / DPCA 4 - DIALYSE PERITONEALE CONTINUE  AMBULATOIRE STAY SAFE 4,DIALYSE EN POCHE LIQUIDE HYPERTONIQUE,dialyse en poche liquide hypertonique,,none
XAVEL,DIAZEPAM,diazepam,Diazepam,exact
XOFIGO,Dichlorure de Radium - 223,dichlorure de radium - 223,,none
CLOGEL,DICLOFENAC DIETHYLAMINE EXPRIME EN DICLOFENAC SODIQUE,diclofenac,Diclofenac,exact
DICLOFENAC NOVA GENERICS,DICLOFENAC DIETHYLAMINE EXPRIME EN DICLOFENAC SODIQUE,diclofenac,Diclofenac,exact
BIOFENAC,DICLOFENAC DIETHYLAMINE EXPRIME EN DICLOFENAC SODIQUE,diclofenac,Diclofenac,exact
VOLTARENE EMULGEL,DICLOFENAC DIETHYLAMINE EXPRIME EN DICLOFENAC SODIQUE,diclofenac,Diclofenac,exact
PHLOGOREN,DICLOFENAC DIETHYLAMINE EXPRIME EN DICLOFENAC SODIQUE,diclofenac,Diclofenac,exact
TABIFLEX COOL,DICLOFENAC DIETHYLAMINE EXPRIME EN DICLOFENAC SODIQUE,diclofenac,Diclofenac,exact
DEFLAMAC,DICLOFENAC DIETHYLAMINE EXPRIME EN DICLOFENAC SODIQUE,diclofenac,Diclofenac,exact
VOLTUM,DICLOFENAC DIETHYLAMINE EXPRIME EN DICLOFENAC SODIQUE,diclofenac,Diclofenac,exact
VOTREX RAPID,DICLOFENAC POTASSIQUE,diclofenac potassique,,none
VOLTARENE DOLO,DICLOFENAC POTASSIQUE,diclofenac potassique,,none
VOTREX RAPID,DICLOFENAC POTASSIUM,diclofenac potassium,,none
BIOFENAC FAST,DICLOFENAC POTASSIUM,diclofenac potassium,,none
CLOFENAL,Diclofénac sodique,diclofénac,,none
CLOFENAL ENFANT,Diclofénac sodique,diclofénac,,none
CLOFENAL LP,Diclofénac sodique,diclofénac,,none
DICLOCED,Diclofénac sodique,diclofénac,,none
DICLOFAL LP,Diclofénac sodique,diclofénac,,none
DICLOFAL,Diclofénac sodique,diclofénac,,none
DICLOGESIC,Diclofénac sodique,diclofénac,,none
DICLOGESIC RETARD,Diclofénac sodique,diclofénac,,none
XINAC-50,Diclofénac sodique,diclofénac,,none
XINAC,Diclofénac sodique,diclofénac,,none
VOLTENAC,Diclofénac sodique,diclofénac,,none
DICLOFENAC NOVAGENERICS LP,Diclofénac sodique,diclofénac,,none
BIDICLO LP,Diclofénac sodique,diclofénac,,none
DIVIDO,Diclofénac sodique,diclofénac,,none
ROFENAC LP,Diclofénac sodique,diclofénac,,none
DICLOFLEX LP 75 MG,Diclofénac sodique,diclofénac,,none
BIOFENAC,Diclofénac sodique,diclofénac,,none
BIOFENAC LP,Diclofénac sodique,diclofénac,,none
VOLTARENE,Diclofénac sodique,diclofénac,,none
FLOVENAC LP,Diclofénac sodique,diclofénac,,none
GEOFENAC,Diclofénac sodique,diclofénac,,none
DICLOFAR,Diclofénac sodique,diclofénac,,none
VOLTAFENE,Diclofénac sodique,diclofénac,,none
VOLTAMEX,Diclofénac sodique,diclofénac,,none
DICLAMID,Diclofénac sodique,diclofénac,,none
VISANNE,DIENOGEST,dienogest,Dienogest,exact
NAGOXIN,DIGOXINE,digoxine,Digoxin,exact
DIGOXINE CPCM,DIGOXINE,digoxine,Digoxin,exact
XINECOR,DIGOXINE,digoxine,Digoxin,exact
ISOTAMINE,DIHYDROERGOTAMINE,dihydroergotamine,Dihydroergotamine,exact
TILDIEM,DILTIAZEM CHLORHYDRATE,diltiazem,Diltiazem,exact
MONO-TILDIEM LP,DILTIAZEM CHLORHYDRATE,diltiazem,Diltiazem,exact
VOVAMINE,Dimenhydrinate,dimenhydrinate,Dimenhydrinate,exact
SCLERA,DIMETHYLFUMARATE,dimethylfumarate,,none
PEPSANE,DIMETICONE/GAIAZULENE,dimeticone/gaiazulene,,none
SMECTA FRAISE,DIOSMECTITE,diosmectite,Diosmetin,prefix
SMEDYL,DIOSMECTITE,diosmectite,Diosmetin,prefix
DIOSMECTA,DIOSMECTITE,diosmectite,Diosmetin,prefix
SMECTA ORANGE-VANILLE,DIOSMECTITE,diosmectite,Diosmetin,prefix
LAMOVEN,DIOSMINE,diosmine,Diosmin,exact
DIOSMINE MYLAN,DIOSMINE,diosmine,Diosmin,exact
HUDU,DIPHENHYDRAMINE CHLORHYDRATE,diphenhydramine,Diphenhydramine,exact
MENTEX,DIPHENHYDRAMINE HYDROCHLORIDE / DEXTROMETHORPHANE HYDROBROMIDE / PSEUDOEPHEDRINE HYDROCHLORIDE / AMMONIUM CHLORIDE / SODIUM CITRATE / MENTHOL,diphenhydramine hydrochloride / dextromethorphane hydrobromide / pseudoephedrine hydrochloride / ammonium chloride / sodium / menthol,,none
CARDIJECT,DOBUTAMINE,dobutamine,Dobutamine,exact
TAXADOC,DOCETAXEL ANHYDRE,docetaxel,Docetaxel,exact
DOCEFREZ 20,DOCETAXEL ANHYDRE,docetaxel,Docetaxel,exact
DOXTORED,DOCETAXEL ANHYDRE,docetaxel,Docetaxel,exact
DOCEFREZ 80,DOCETAXEL ANHYDRE,docetaxel,Docetaxel,exact
TAXOTERE,DOCETAXEL TRIHYDRATE,docetaxel,Docetaxel,exact
ORILYSE,DOCUSATE DE SODIUM,docusate de sodium,,none
REGULAX,DOCUSATE SODIQUE,docusate,,none
DOMPERONE,DOMPERIDONE,domperidone,Domperidone,exact
PERIDIUM,DOMPERIDONE,domperidone,Domperidone,exact
MOTIDONE,DOMPERIDONE,domperidone,Domperidone,exact
MOTILIUM,DOMPERIDONE,domperidone,Domperidone,exact
PERIDYS,DOMPERIDONE,domperidone,Domperidone,exact
DOMPERIDONE BGL,DOMPERIDONE,domperidone,Domperidone,exact
DOPRIN,DOMPERIDONE,domperidone,Domperidone,exact
NOZEUM,DOMPERIDONE,domperidone,Domperidone,exact
MEDILIUM,DOMPERIDONE,domperidone,Domperidone,exact
DOMPERIMEX,DOMPERIDONE,domperidone,Domperidone,exact
DOMPERIDONE BEKER,DOMPERIDONE,domperidone,Domperidone,exact
MERIDONE,DOMPERIDONE,domperidone,Domperidone,exact
EMETIKAN 10,DOMPERIDONE,domperidone,Domperidone,exact
EMIDIUM HUP,DOMPERIDONE MALEATE EXPRIME EN DOMPERIDONE,domperidone,Domperidone,exact
DONCEPT,DONEPEZIL CHLORHYDRATE,donepezil,Donepezil,exact
DORICEPT,DONEPEZIL CHLORHYDRATE,donepezil,Donepezil,exact
DEMENTILE,DONEPEZIL CHLORHYDRATE,donepezil,Donepezil,exact
SYNOSIA,DONEPEZIL CHLORHYDRATE,donepezil,Donepezil,exact
DOPEZIL,DONEPEZIL CHLORHYDRATE,donepezil,Donepezil,exact
DOPEZIL 10MG,DONEPEZIL CHLORHYDRATE,donepezil,Donepezil,exact
KYNCEPT,DONEPEZIL CHLORHYDRATE,donepezil,Donepezil,exact
ARIDONE HUP,DONEPEZIL CHLORHYDRATE,donepezil,Donepezil,exact
DONEPEZIL BEKER,DONEPEZIL CHLORHYDRATE,donepezil,Donepezil,exact
ALZOR,DORZOLAMIDE CHLORHYDRATE EXPRIME EN DORZOLAMIDE,dorzolamide,Dorzolamide,exact
ZOLAMIDE,DORZOLAMIDE CHLORHYDRATE EXPRIME EN DORZOLAMIDE,dorzolamide,Dorzolamide,exact
DORZAMIDE,DORZOLAMIDE CHLORHYDRATE EXPRIME EN DORZOLAMIDE,dorzolamide,Dorzolamide,exact
TRUSAMID,DORZOLAMIDE CHLORHYDRATE EXPRIME EN DORZOLAMIDE,dorzolamide,Dorzolamide,exact
XOLA JAM,DORZOLAMIDE CHLORHYDRATE EXPRIME EN DORZOLAMIDE,dorzolamide,Dorzolamide,exact
DORZAMED,DORZOLAMIDE CHLORHYDRATE EXPRIME EN DORZOLAMIDE,dorzolamide,Dorzolamide,exact
TRUSOPT,DORZOLAMIDE CHLORHYDRATE EXPRIME EN DORZOLAMIDE,dorzolamide,Dorzolamide,exact
ZOLAMIDE +,DORZOLAMIDE CHLORHYDRATE EXPRIME EN DORZOLAMIDE / TIMOLOL MALEATE EXPRIME EN TIMOLOL,dorzolamide / timolol exprime en timolol,Dorzolamide,prefix
COSOTIMOL,DORZOLAMIDE CHLORHYDRATE EXPRIME EN DORZOLAMIDE / TIMOLOL MALEATE EXPRIME EN TIMOLOL,dorzolamide / timolol exprime en timolol,Dorzolamide,prefix
XOLAMOL,DORZOLAMIDE CHLORHYDRATE EXPRIME EN DORZOLAMIDE / TIMOLOL MALEATE EXPRIME EN TIMOLOL,dorzolamide / timolol exprime en timolol,Dorzolamide,prefix
DORZASOPT,DORZOLAMIDE CHLORHYDRATE EXPRIME EN DORZOLAMIDE / TIMOLOL MALEATE EXPRIME EN TIMOLOL,dorzolamide / timolol exprime en timolol,Dorzolamide,prefix
OPTODROP-CO,DORZOLAMIDE CHLORHYDRATE EXPRIME EN DORZOLAMIDE / TIMOLOL MALEATE EXPRIME EN TIMOLOL,dorzolamide / timolol exprime en timolol,Dorzolamide,prefix
COSOPT,DORZOLAMIDE CHLORHYDRATE EXPRIME EN DORZOLAMIDE / TIMOLOL MALEATE EXPRIME EN TIMOLOL,dorzolamide / timolol exprime en timolol,Dorzolamide,prefix
TIMOLAMID,DORZOLAMIDE CHLORHYDRATE EXPRIME EN DORZOLAMIDE / TIMOLOL MALEATE EXPRIME EN TIMOLOL,dorzolamide / timolol exprime en timolol,Dorzolamide,prefix
CARDOX,Doxazosine mésilate exprimé en doxazosine,doxazosine,Doxazosin,exact
CARDULAR,Doxazosine mésilate exprimé en doxazosine,doxazosine,Doxazosin,exact
ZOXAN LP,Doxazosine mésilate exprimé en doxazosine,doxazosine,Doxazosin,exact
ZODURA,Doxazosine mésilate exprimé en doxazosine,doxazosine,Doxazosin,exact
DOXAMEX LP,Doxazosine mésilate exprimé en doxazosine,doxazosine,Doxazosin,exact
DOXAZOSINE BEKER,Doxazosine mésilate exprimé en doxazosine,doxazosine,Doxazosin,exact
ONCODOX-10,DOXORUBICINE CHLORHYDRATE,doxorubicine,Doxorubicin,exact
ONCODOX-50,DOXORUBICINE CHLORHYDRATE,doxorubicine,Doxorubicin,exact
DOXYNUP,DOXYCYCLINE MONOHYDRATE EXPRIME EN DOXYCYCLINE,doxycycline,Doxycycline,exact
SULAMINE,DOXYLAMINE SUCCINATE,doxylamine succinate,Doxylamine,prefix
DORLAMINE,DOXYLAMINE SUCCINATE,doxylamine succinate,Doxylamine,prefix
JASMINE,DROSPIRENONE / ETHINYLESTRADIOL,drospirenone / ethinylestradiol,Drospirenone,prefix
DULOX,DULOXETINE CHLORHYDRATE EXPRIME EN DULOXETINE,duloxetine,Duloxetine,exact
CYMBALTA,DULOXETINE CHLORHYDRATE EXPRIME EN DULOXETINE,duloxetine,Duloxetine,exact
CYACETINE,DULOXETINE CHLORHYDRATE EXPRIME EN DULOXETINE,duloxetine,Duloxetine,exact
WYSERIN,DULOXETINE CHLORHYDRATE EXPRIME EN DULOXETINE,duloxetine,Duloxetine,exact
CYMOXETINE,DULOXETINE CHLORHYDRATE EXPRIME EN DULOXETINE,duloxetine,Duloxetine,exact
CYMOXETINE,DULOXETINE CHLORHYDRATE EXPRIME EN DULOXETINE,duloxetine,Duloxetine,exact
BALTAXINE,DULOXETINE CHLORHYDRATE EXPRIME EN DULOXETINE,duloxetine,Duloxetine,exact
WIPACK,EAU POUR PREPARATION INJECTABLE,eau pour preparation injectable,,none
EAU POUR PREPARATION INJECTABLE RAZES,EAU POUR PREPARATION INJECTABLE IM/IV,eau pour preparation injectable im/iv,,none
EAU POUR PREPARATION INJECTABLE BIOTHERA,EAU POUR PREPARATION INJECTABLE IM/IV,eau pour preparation injectable im/iv,,none
WIPACK,EAU POUR PREPARATIONS INJECTABLES,eau pour preparations injectables,,none
WI PACK,EAU POUR PREPARATIONS INJECTABLES IM/IV,eau pour preparations injectables im/iv,,none
EAU POUR PREPARATIONS INJECTABLES RAZES,EAU POUR PREPARATIONS INJECTABLES IM/IV,eau pour preparations injectables im/iv,,none
EAU POUR PREPARATION INJECTABLE BIOTHERA,EAU POUR PREPARATIONS INJECTABLES IM/IV,eau pour preparations injectables im/iv,,none
EBASTA,EBASTINE,ebastine,Ebastine,exact
PHANAZOL,ECONAZOLE NITRATE,econazole nitrate,Econazole,prefix
ECONAZOLE LDM,ECONAZOLE NITRATE,econazole nitrate,Econazole,prefix
ECONAZOLE NOVAGENERICS,ECONAZOLE NITRATE,econazole nitrate,Econazole,prefix
SOLIRIS,ECULIZUMAB,eculizumab,Eculizumab,exact
EFAVIR-600,EFAVIRENZ,efavirenz,Efavirenz,exact
RELPAX,ELETRIPTAN HYDROBROMURE EXPRIME EN ELETRIPTAN,eletriptan,Eletriptan,exact
REVOLADE,ELTROMBOPAG OLAMINE,eltrombopag olamine,Eltrombopag,prefix
TENOF EM,EMTRICITABINE /TENOFOVIR DISPROXIL FUMARATE,emtricitabine /tenofovir disproxil,Emtricitabine,prefix
ENALAPRIL MYLAN,ENALAPRIL MALEATE,enalapril,Enalapril,exact
LOVENOX,ENOXAPARINE SODIQUE  (HEPARINE A BAS POIDS MOLECULAIRE HBPM),enoxaparine  (heparine a bas poids moleculaire hbpm),Enoxaparin,prefix
LOMOH-20,ENOXAPARINE SODIQUE  (HEPARINE A BAS POIDS MOLECULAIRE HBPM),enoxaparine  (heparine a bas poids moleculaire hbpm),Enoxaparin,prefix
LOMOH-40,ENOXAPARINE SODIQUE  (HEPARINE A BAS POIDS MOLECULAIRE HBPM),enoxaparine  (heparine a bas poids moleculaire hbpm),Enoxaparin,prefix
LOMOH-60,ENOXAPARINE SODIQUE  (HEPARINE A BAS POIDS MOLECULAIRE HBPM),enoxaparine  (heparine a bas poids moleculaire hbpm),Enoxaparin,prefix
LOMOH-80,ENOXAPARINE SODIQUE  (HEPARINE A BAS POIDS MOLECULAIRE HBPM),enoxaparine  (heparine a bas poids moleculaire hbpm),Enoxaparin,prefix
COMTAN,ENTACAPONE,entacapone,Entacapone,exact
CANTAPONE,ENTACAPONE,entacapone,Entacapone,exact
BARACLUDE,ENTECAVIR,entecavir,Entecavir,exact
ERTIVIX,ENTECAVIR,entecavir,Entecavir,exact
BRAVIR,ENTECAVIR,entecavir,Entecavir,exact
XTANDI,Enzalutamide,enzalutamide,Enzalutamide,exact
EOSINE AQUEUSE,EOSINE AQUEUSE,eosine aqueuse,,none
PIRUCIN,EPIRUBICINE CHLORHYDRATE,epirubicine,Epirubicin,exact
EPIRUDEX,EPIRUBICINE CHLORHYDRATE,epirubicine,Epirubicin,exact
EPIRUBICINE MYLAN,EPIRUBICINE CHLORHYDRATE,epirubicine,Epirubicin,exact
EPINTAS,EPIRUBICINE CHLORHYDRATE,epirubicine,Epirubicin,exact
RELIPOIETIN 2000,EPOETINE ALFA  (OU ERYTHROPOÏETINE HUMAINE RECOMBINANTE),epoetine alfa  (ou erythropoïetine humaine recombinante),Epoetin beta,prefix
RELIPOIETIN 4000,EPOETINE ALFA  (OU ERYTHROPOÏETINE HUMAINE RECOMBINANTE),epoetine alfa  (ou erythropoïetine humaine recombinante),Epoetin beta,prefix
RELIPOIETIN 10 000,EPOETINE ALFA  (OU ERYTHROPOÏETINE HUMAINE RECOMBINANTE),epoetine alfa  (ou erythropoïetine humaine recombinante),Epoetin beta,prefix
HEMAX,EPOETINE ALFA (ERYTHROPOIETINE HUMAINE RECOMBINANTE ),epoetine alfa (erythropoietine humaine recombinante ),Epoetin beta,prefix
EPOTIN,EPOETINE ALPHA** (ERYTHROPOIETINE HUMAINE RECOMBINANTE),epoetine alpha** (erythropoietine humaine recombinante),Epoetin beta,prefix
NOVOSEVEN,EPTACOG ALFA (ACTIVE),eptacog alfa (active),,none
FRUBIAL FAIBLE,ERGOCALCIFEROL (OU VIT D2) / GLUCONATE DE CALCIUM / PHOSPHATE BICALCIQUE,ergocalciferol (ou vit d2) / de calcium / bicalcique,Ergocalciferol,prefix
FRUBIOSE VIT D 1000 U.I,ERGOCALCIFEROL / GLUCONATE DE CALCIUM / LACTATE DE CALCIUM,ergocalciferol / de calcium / de calcium,Ergocalciferol,prefix
FRUBIOSE VIT D 5000 U.I,ERGOCALCIFEROL / GLUCONATE DE CALCIUM / LACTATE DE CALCIUM,ergocalciferol / de calcium / de calcium,Ergocalciferol,prefix
ASIA  MIGRAINE,ERGOTAMINE TARTRATE  ASSOCIE,ergotamine  associe,Ergotamine,prefix
HALAVEN,Eribuline mesilate experime en eribuline,eribuline mesilate experime en eribuline,Eribulin,prefix
BIRLOTIB,ERLOTINIB CHLORHYDRATE EXPRIME EN ERLOTINIB,erlotinib,Erlotinib,exact
ERYBESAN,ERYTHROMYCINE,erythromycine,Erythromycin,exact
ERYTHRODAR,ERYTHROMYCINE,erythromycine,Erythromycin,exact
ESCITOL,ESCITALOPRAM OXALATE EXPRIME EN ESCITALOPRAM,escitalopram,Escitalopram,exact
CELOPRAM,ESCITALOPRAM OXALATE EXPRIME EN ESCITALOPRAM,escitalopram,Escitalopram,exact
DEPRESS,ESCITALOPRAM OXALATE EXPRIME EN ESCITALOPRAM,escitalopram,Escitalopram,exact
TALOPREX,ESCITALOPRAM OXALATE EXPRIME EN ESCITALOPRAM,escitalopram,Escitalopram,exact
ESCITALOPRAM BEKER,ESCITALOPRAM OXALATE EXPRIME EN ESCITALOPRAM,escitalopram,Escitalopram,exact
LISINOX,Esoméprazole Magnésium Trihydrate Exprimé En Esoméprazole,esoméprazole,,none
PROXIUM,Esoméprazole Magnésium Trihydrate Exprimé En Esoméprazole,esoméprazole,,none
ESORAL,Esoméprazole Magnésium Trihydrate Exprimé En Esoméprazole,esoméprazole,,none
ANTIUM,Esoméprazole Magnésium Trihydrate Exprimé En Esoméprazole,esoméprazole,,none
KENZOPRAZOL,Esoméprazole Magnésium Trihydrate Exprimé En Esoméprazole,esoméprazole,,none
INEXIUM,Esoméprazole Sodique Exprimé En Esoméprazole,esoméprazole,,none
PROGYNOVA 2,ESTRADIOL (VALERATE),estradiol (valerate),,none
OVESTIN,ESTRIOL,estriol,Estriol,exact
NOVASMIL,ETAMSYLATE,etamsylate,,none
DICYNONE,ETAMSYLATE,etamsylate,,none
ETAMCYNONE,ETAMSYLATE,etamsylate,,none
ENBREL,ETANERCEPT,etanercept,Etanercept,exact
SEDACOR,ETHER ETHYLIQUE  DE L'ACIDE ALPHA BROMO ISO VALERIANATE / PHENOBRABITAL / HUILE DE MENTHE POIVREE,ether ethylique  de l'acide alpha bromo iso valerianate / phenobrabital / huile de menthe poivree,,none
DIVA,ETHINYLESTRADIOL/  DROSPIRENONE,ethinylestradiol/  drospirenone,,none
MARVELON,ETHINYLESTRADIOL/DESOGESTREL,ethinylestradiol/desogestrel,,none
MELIANE,ETHINYLESTRADIOL/GESTODENE,ethinylestradiol/gestodene,,none
STRESAM,ETIFOXINE CHLORHYDRATE,etifoxine,Etifoxine,exact
HYPNOMIDATE,ETOMIDATE,etomidate,Etomidate,exact
IMPLANON NXT,ETONOGESTREL,etonogestrel,Etonogestrel,exact
ETOPOSIDE MYLAN,ETOPOSIDE,etoposide,Etoposide,exact
ETOFAN,Etoricoxib,etoricoxib,Etoricoxib,exact
AFINITOR,EVEROLIMUS,everolimus,Everolimus,exact
TANAKAN,EXTRAIT DE GINKO BILOBA TITRE A 24% D'HETEROSIDES DE GINKGO BILOBA ET 6% DE GINKOLIDES-BILOBALIDE,extrait de ginko biloba titre a 24% d'heterosides de ginkgo biloba et 6% de ginkolides-bilobalide,,none
STALORAL,EXTRAITS ALLERGENIQUES DERMARTOPHAGOIDES PTERONYSSINUS / DERMATOPHAGOIDES FARINEA (50/50),extraits allergeniques dermartophagoides pteronyssinus / dermatophagoides farinea (50/50),,none
ALUSTAL,EXTRAITS ALLERGENIQUES DERMATOPHAGOIDES PTERONYSSINUS,extraits allergeniques dermatophagoides pteronyssinus,,none
ALUSTAL,EXTRAITS ALLERGENIQUES MELANGE DE 5 GRAMINES,extraits allergeniques melange de 5 gramines,,none
ALUSTAL,EXTRAITS ALLERGENIQUS DERMATOPHAGOIDES PTERONYSSINUS,extraits allergeniqus dermatophagoides pteronyssinus,,none
EZETROL,EZETIMIBE,ezetimibe,Ezetimibe,exact
INEGY,EZETIMIBE / SIMVASTATINE,ezetimibe / simvastatine,Ezetimibe,prefix
METAZID,EZETINIBE,ezetinibe,,none
HEBERPROT- P 75,FACTEUR DE CROISSANCE EPIDERMIQUE HUMAIN RECOMBINANT (F.C.E. HUM. REC.),facteur de croissance epidermique humain recombinant (f.c.e. hum. rec.),,none
HAEMOCTIN SDH 500,FACTEUR HUMAIN VIII  ANTI HEMOPHILIQUE,facteur humain viii  anti hemophilique,,none
HEAMONINE 500,FACTEUR IX DE COAGULATION HUMAINE,facteur ix de coagulation humaine,,none
IMMUNINE 600,FACTEUR IX DE COAGULATION HUMAINE,facteur ix de coagulation humaine,,none
HEMOREL-A,FACTEUR VIII DE COAGULATION HUMAINE,facteur viii de coagulation humaine,,none
OCTANATE,FACTEUR VIII DE COAGULATION HUMAINE,facteur viii de coagulation humaine,,none
IMMUNATE 500UI,FACTEUR VIII DE COAGULATION HUMAINE,facteur viii de coagulation humaine,,none
WILFACTIN,FACTEUR WILLEBRAND HUMAIN,facteur willebrand humain,,none
LIPANTHYL,FENOFIBRATE,fenofibrate,Fenofibrate,exact
LIPOFIBRATE,FENOFIBRATE,fenofibrate,Fenofibrate,exact
FENATE,FENOFIBRATE,fenofibrate,Fenofibrate,exact
FENOFIBRATE MM,FENOFIBRATE,fenofibrate,Fenofibrate,exact
FENOFIBRATE HUP,FENOFIBRATE (MICRONISE),fenofibrate (micronise),,none
EXBITAN,feNOFIBRATE MICRONISE,fenofibrate micronise,,none
LIPOCARD,FENOFIBRATE MICRONISE,fenofibrate micronise,,none
FENTANYL JANSSEN,FENTANYL CITRATE EXPRIME EN FENTANYL,fentanyl,Fentanyl,exact
SELOFER FOL,FER FERRIQUE** (SOUS FORME DE COMPLEXE  D'HDROXYDE FERRIQUE POLYMALTOSE) / ACIDE FOLIQUE,fer ferrique** (sous forme de complexe  d'hdroxyde ferrique polymaltose) / acide folique,,none
NOVO FER,FER FERRIQUE** (SOUS FORME DE COMPLEXE D'HYDROXYDE FERRIQUE POLYMALTOSE),fer ferrique** (sous forme de complexe d'hydroxyde ferrique polymaltose),,none
FEROLAM,FEREDETATE DE SODIUM,feredetate de sodium,,none
TELFADINE,Fexofenadine chlorhydrate,fexofenadine,Fexofenadine,exact
FEXONIDAL,Fexofenadine chlorhydrate,fexofenadine,Fexofenadine,exact
FEXOFENADINE NOVAGENERICS,Fexofenadine chlorhydrate,fexofenadine,Fexofenadine,exact
FEXOFENADINE NOVAGENERICS,Fexofenadine chlorhydrate,fexofenadine,Fexofenadine,exact
FEXOFENADINE IVAL,Fexofenadine chlorhydrate,fexofenadine,Fexofenadine,exact
RIFEX 120,Fexofenadine chlorhydrate,fexofenadine,Fexofenadine,exact
RIFEX 180,Fexofenadine chlorhydrate,fexofenadine,Fexofenadine,exact
FEXODINE,Fexofenadine chlorhydrate,fexofenadine,Fexofenadine,exact
TELFAST,Fexofenadine chlorhydrate,fexofenadine,Fexofenadine,exact
FEXOFENADINE BEKER,Fexofenadine chlorhydrate,fexofenadine,Fexofenadine,exact
FASTOFEN 120,Fexofenadine chlorhydrate,fexofenadine,Fexofenadine,exact
FASTOFEN 180,Fexofenadine chlorhydrate,fexofenadine,Fexofenadine,exact
CLOTTAFACT,FIBRINOGENE HUMAIN,fibrinogene humain,,none
ZARZIO,FILGRASTIM,filgrastim,Filgrastim,exact
NEUPOGEN,FILGRASTIM,filgrastim,Filgrastim,exact
PROSTACARE,FINASTERIDE,finasteride,Finasteride,exact
FINCAR,FINASTERIDE,finasteride,Finasteride,exact
PROSTAMED,FINASTERIDE,finasteride,Finasteride,exact
NOVASTERIDE,FINASTERIDE,finasteride,Finasteride,exact
FLECAINE,FLECAINIDE ACETATE,flecainide,Flecainide,exact
FLECACARD,FLECAINIDE ACETATE,flecainide,Flecainide,exact
FLUVERMAL,FLUBENDAZOLE,flubendazole,Flubendazole,exact
FLUVERBIEN,FLUBENDAZOLE,flubendazole,Flubendazole,exact
OXYDAZOLE,FLUBENDAZOLE,flubendazole,Flubendazole,exact
FLUVERMI,FLUBENDAZOLE,flubendazole,Flubendazole,exact
FLUDAZOL,FLUBENDAZOLE,flubendazole,Flubendazole,exact
FLUBENE,FLUBENDAZOLE,flubendazole,Flubendazole,exact
FLUMOX,FLUBENDAZOLE,flubendazole,Flubendazole,exact
FLUVERDAL,FLUBENDAZOLE,flubendazole,Flubendazole,exact
FLUVERZOL,FLUBENDAZOLE,flubendazole,Flubendazole,exact
FLUCONAZOLE PFIZER,FLUCONAZOLE,fluconazole,Fluconazole,exact
FLUCONAZOLE IVAL,FLUCONAZOLE,fluconazole,Fluconazole,exact
AMIKOZ 50,FLUCONAZOLE,fluconazole,Fluconazole,exact
AMIKOZ 150,FLUCONAZOLE,fluconazole,Fluconazole,exact
DIFLU-Gé,FLUCONAZOLE,fluconazole,Fluconazole,exact
DIFLUCARE,FLUCONAZOLE,fluconazole,Fluconazole,exact
FLUCONAZOLE BIOCARE,FLUCONAZOLE,fluconazole,Fluconazole,exact
FLUCONAZOLE LDM,FLUCONAZOLE,fluconazole,Fluconazole,exact
FLUKAS,FLUCONAZOLE,fluconazole,Fluconazole,exact
FLUCAZOL,FLUCONAZOLE,fluconazole,Fluconazole,exact
FLUCONAZOLE HUP,FLUCONAZOLE,fluconazole,Fluconazole,exact
FLUCONALE,FLUCONAZOLE,fluconazole,Fluconazole,exact
MYCOZAN,FLUCONAZOLE,fluconazole,Fluconazole,exact
MYKODAN,Fluconazole,fluconazole,Fluconazole,exact
CANDIFLU,FLUCONAZOLE,fluconazole,Fluconazole,exact
FLUMIKOZ,FLUCONAZOLE,fluconazole,Fluconazole,exact
FLUDARA,FLUDARABINE PHOSPHATE,fludarabine,Fludarabine,exact
OTOCROVIS,FLUOCINOLONE  ACETONIDE /  NEOMYCINE  SULFATE / POLYMYXINE B SULFATE,fluocinolone  acetonide /  neomycine  / polymyxine b,,none
OPTIF JAM,FLUOROMETHOLONE,fluorometholone,Fluorometholone,exact
OPTIF PLUS,FLUOROMETHOLONE / CROMOGLYCATE DE SODIUM,fluorometholone / cromoglycate de sodium,,none
UTORAL,FLUOROURACILE,fluorouracile,Fluorouracil,exact
FLUOXETINE UPC,FLUOXETINE,fluoxetine,Fluoxetine,exact
FLUOXETINE MERINAL,FLUOXETINE CHLORHYDRATE EXPRIME EN FLUOXETINE,fluoxetine,Fluoxetine,exact
ROSAL,FLUOXETINE CHLORHYDRATE EXPRIME EN FLUOXETINE,fluoxetine,Fluoxetine,exact
NEOXETINE,FLUOXETINE CHLORHYDRATE EXPRIME EN FLUOXETINE,fluoxetine,Fluoxetine,exact
DINALEXIN,FLUOXETINE CHLORHYDRATE EXPRIME EN FLUOXETINE,fluoxetine,Fluoxetine,exact
PROLINATE,FLUPHENAZINE DECANOATE,fluphenazine decanoate,Fluphenazine,prefix
ANTAPROFEN,FLURBIPROFENE,flurbiprofene,Flurbiprofen,exact
FLURBIPROFAL,FLURBIPROFENE,flurbiprofene,Flurbiprofen,exact
ANTADINE,FLURBIPROFENE,flurbiprofene,Flurbiprofen,exact
MENODIS,FLURBIPROFENE,flurbiprofene,Flurbiprofen,exact
XYDOL GYN,FLURBIPROFENE,flurbiprofene,Flurbiprofen,exact
FLUBIFENE,FLURBIPROFENE,flurbiprofene,Flurbiprofen,exact
FLUDIS,FLURBIPROFENE,flurbiprofene,Flurbiprofen,exact
HUPTADYS,FLURBIPROFENE,flurbiprofene,Flurbiprofen,exact
FLURBINAD,FLURBIPROFENE,flurbiprofene,Flurbiprofen,exact
BREQUAL,FLUTICASONE (SOUS FORME DE PROPIONATE)** / SALMETEROL**(SOUS FORME DE XINAFOATE),fluticasone (sous forme de propionate)** / salmeterol**(sous forme de xinafoate),,none
SALFLUZON,FLUTICASONE (SOUS FORME DE PROPIONATE)** / SALMETEROL**(SOUS FORME DE XINAFOATE),fluticasone (sous forme de propionate)** / salmeterol**(sous forme de xinafoate),,none
SEROFLO,FLUTICASONE (SOUS FORME DE PROPIONATE)** / SALMETEROL**(SOUS FORME DE XINAFOATE),fluticasone (sous forme de propionate)** / salmeterol**(sous forme de xinafoate),,none
SALFLUZON,FLUTICASONE (SOUS FORME DE PROPIONATE)/ SALMETEROL(SOUS FORME DE XINAFOATE),fluticasone (sous forme de propionate)/ salmeterol(sous forme de xinafoate),,none
AVAMYS,FLUTICASONE FUROATE,fluticasone furoate,,none
FLIXASONE,FLUTICASONE PROPIONATE,fluticasone propionate,Fluticasone propionate,exact
FLIXONASE,FLUTICASONE PROPIONATE,fluticasone propionate,Fluticasone propionate,exact
FLOHALE HFA 50 INHALER,FLUTICASONE PROPIONATE,fluticasone propionate,Fluticasone propionate,exact
FLOHALE HFA 125,FLUTICASONE PROPIONATE,fluticasone propionate,Fluticasone propionate,exact
FLOHALE HFA 250,FLUTICASONE PROPIONATE,fluticasone propionate,Fluticasone propionate,exact
FLOMIST,FLUTICASONE PROPIONATE,fluticasone propionate,Fluticasone propionate,exact
FLUCASONE,FLUTICASONE PROPIONATE,fluticasone propionate,Fluticasone propionate,exact
FLIXOTIDE,FLUTICASONE PROPIONATE,fluticasone propionate,Fluticasone propionate,exact
SERETIDE DISKUS,FLUTICASONE PROPIONATE / SALMETEROL XINAFOATE EXPRIME EN SALMETEROL,salmeterol,Salmeterol,exact
SEROFLO,FLUTICASONE(SOUS FORME DE PROPIONATE)** / SALMETEROL**(SOUS FORME DE XINAFOATE),fluticasone(sous forme de propionate)** / salmeterol**(sous forme de xinafoate),,none
FLUVASTATINE LDM,FLUVASTATINE SODIQUE,fluvastatine,Fluvastatin,exact
CORED XL,FLUVASTATINE SODIQUE EXPRIME EN FLUVASTATINE,fluvastatine,Fluvastatin,exact
FLUVASTAN,FLUVASTATINE SODIQUE EXPRIME EN FLUVASTATINE,fluvastatine,Fluvastatin,exact
FLUVASTATINE LDM,FLUVASTATINE SODIQUE EXPRIME EN FLUVASTATINE,fluvastatine,Fluvastatin,exact
FLUVACOL LP,FLUVASTATINE SODIQUE EXPRIME EN FLUVASTATINE,fluvastatine,Fluvastatin,exact
COLESTOR LP,FLUVASTATINE SODIQUE EXPRIME EN FLUVASTATINE,fluvastatine,Fluvastatin,exact
COLESTOR,FLUVASTATINE SODIQUE EXRIME EN FLUVASTATINE,fluvastatine exrime en fluvastatine,Fluvastatin,prefix
FLUVASTATINE NOVAGENERICS,FLUVASTATINE SODIUM EXPRIME EN FLUVASTATINE,fluvastatine,Fluvastatin,exact
GONAL-F,FOLLITROPINE ALFA (HORMONE FOLLICULOSTIMULATE HUMAINE RECOMBINANTE (FSH RECOMBINANTE),follitropine alfa (hormone folliculostimulate humaine recombinante (fsh recombinante),Follitropin,prefix
GONAL-F,FOLLITROPINE ALFA (HORMONE FOLLICULOSTIMULATE HUMAINE RECOMBINANTE (FSH RECOMBINANTE)),follitropine alfa (hormone folliculostimulate humaine recombinante (fsh recombinante)),Follitropin,prefix
PUREGON,FOLLITROPINE BETA (HORMONE FOLLICULO-STIMULANTE- (FSH) RECOMBINANTE),follitropine beta (hormone folliculo-stimulante- (fsh) recombinante),Follitropin,prefix
PUREGON,FOLLITROPINE BETA (HORMONE FOLLICULO-STIMULANTE- (FSH) RECOMBINANTE),follitropine beta (hormone folliculo-stimulante- (fsh) recombinante),Follitropin,prefix
FORATEC HFA,FORMOTEROL FUMARATE,formoterol,Formoterol,exact
FORADIL,FORMOTEROL FUMARATE,formoterol,Formoterol,exact
MONURIL ADULTE,FOSFOMYCINE,fosfomycine,Fosfomycin,exact
URICARE,FOSFOMYCINE TROMETAMOL EXPRIME EN FOSFOMYCINE,fosfomycine,Fosfomycin,exact
DAFLON,FRACTION FLAVONOIQUE PURIFIEE MICRONISEE (SOIT EN DIOSMINE ET FLAVONOIDES EXPRIMES EN  HESPERIDINE),fraction flavonoique purifiee (soit en diosmine et flavonoides exprimes en  hesperidine),,none
ISOFRA,FRAMYCETINE,framycetine,Framycetin,exact
NIFRAMYCINE,FRAMYCETINE (SOUS FORME DE SULFATE)**,framycetine (sous forme de)**,Framycetin,prefix
FRAKIDEX,FRAMYCETINE / DEXAMETHASONE,framycetine / dexamethasone,Framycetin,prefix
FRAKIDEX,FRAMYCETINE /DEXAMETHASONE,framycetine /dexamethasone,Framycetin,prefix
NIFRAMYCINE HYDROCORTISONE,FRAMYCETINE** / HYDROCORTISONE  (SOUS FORME DE FRAMYCETINE SULFATE / HYDROCORTISONE),framycetine** / hydrocortisone  (sous forme de framycetine / hydrocortisone),Framycetin,prefix
FASLODEX,FULVESTRANT,fulvestrant,Fulvestrant,exact
FUROZAL,FUROSEMIDE,furosemide,Furosemide,exact
FUROSAN,FUROSEMIDE,furosemide,Furosemide,exact
RAZOLIX,FUROSEMIDE,furosemide,Furosemide,exact
FUROSEMIDE HUP,FUROSEMIDE,furosemide,Furosemide,exact
GABATREX,Gabapentine,gabapentine,Gabapentin,exact
NEUROPLEX,Gabapentine,gabapentine,Gabapentin,exact
NEURALGIN,Gabapentine,gabapentine,Gabapentin,exact
GADOVIST,GADOBUTROL,gadobutrol,Gadobutrol,exact
DOTAREM,GADOTERATE DE MEGLUMINE,gadoterate de meglumine,,none
NAGLAZYME,GALSULFASE,galsulfase,,none
GATIFLOXACINE GL,GATIFLOXACINE** (SOUS FORME DE GATIFLOXACINE SESQUIHYDRATE),gatifloxacine** (sous forme de gatifloxacine),Gatifloxacin,prefix
TYMER,GATIFLOXACINE** (SOUS FORME DE GATIFLOXACINE SESQUIHYDRATE),gatifloxacine** (sous forme de gatifloxacine),Gatifloxacin,prefix
IRESSA,GEFITINIB,gefitinib,Gefitinib,exact
MECITABINE,GEMCITABINE CHLORHYDRATE EXPRIME EN GEMCITABINE,gemcitabine,gemcitabine,exact
CITAFINE,GEMCITABINE CHLORHYDRATE EXPRIME EN GEMCITABINE,gemcitabine,gemcitabine,exact
GEMIXINE,GEMIFLOXACINE MESYLATE EXPRIME EN GEMIFLOXACINE,gemifloxacine,Gemifloxacin,exact
FACTIVE,GEMIFLOXACINE MESYLATE EXPRIME EN GEMIFLOXACINE,gemifloxacine,Gemifloxacin,exact
ZEMIGLO,GEMIGLIPTINE TARTRATESESQUIHYDRATE,gemigliptinesesquihydrate,,none
EPIGENT,GENTAMICINE,gentamicine,Gentamicin,exact
GENTAMYCINE,GENTAMICINE,gentamicine,Gentamicin,exact
"GENTAMICINE CHAUVIN O,3%",GENTAMICINE (SOUS FORME DE SULFATE),gentamicine (sous forme de),,none
S-GENTA,Gentamicine SULFATE,gentamicine,Gentamicin,exact
GENTAXYN,GENTAMICINE SULFATE EXPRIME EN GENTAMICINE,gentamicine,Gentamicin,exact
GENTACINE,GENTAMICINE SULFATE EXPRIME EN GENTAMICINE,gentamicine,Gentamicin,exact
APIGEN,GENTAMICINE**,gentamicine**,,none
GENTOCIL,GENTAMICINE** (SOUS FORME DE SULFATE),gentamicine** (sous forme de),,none
GENTALEX,GENTAMICINE** (SOUS FORME DE SULFATE),gentamicine** (sous forme de),,none
GENTADAR,GENTAMICINE** (SOUS FORME DE SULFATE),gentamicine** (sous forme de),,none
TANAKAN,Ginkgo (Ginkgo Biloba ) extrait quantifié,ginkgo (ginkgo biloba ) extrait quantifié,,none
GINKOBA,GINKGO BILOBA,ginkgo biloba,Ginkgo biloba,exact
GINKOR FORT,"GINKGO BILOBA,EXTRAIT STANDARTISE TITRE A 24% D'HETEROSIDES DE GINKGO ET DE 6% DE GINKGOLIDES-BILOBALIDE / HEPTAMINOL (SOUS FORME DE CHLORHYDRATE)** / TROXERUTINE","ginkgo biloba,extrait standartise titre a 24% d'heterosides de ginkgo et de 6% de ginkgolides-bilobalide / heptaminol (sous forme de)** / troxerutine",,none
DIAPHAG,GLICLAZIDE,gliclazide,Gliclazide,exact
GLAZIDAL LP,GLICLAZIDE,gliclazide,Gliclazide,exact
DIAMICRON,GLICLAZIDE,gliclazide,Gliclazide,exact
GLATIX,GLICLAZIDE,gliclazide,Gliclazide,exact
GLICLAZIDE BGL,GLICLAZIDE,gliclazide,Gliclazide,exact
GLICRON,GLICLAZIDE,gliclazide,Gliclazide,exact
GLORION,GLIMEPIRIDE,glimepiride,Glimepiride,exact
GLIMICARE,GLIMEPIRIDE,glimepiride,Glimepiride,exact
GLIMEPIRIDE LDM,GLIMEPIRIDE,glimepiride,Glimepiride,exact
IRYS,GLIMEPIRIDE,glimepiride,Glimepiride,exact
PIRAMYL,GLIMEPIRIDE,glimepiride,Glimepiride,exact
GLUMEPIRIDE BEKER,GLIMEPIRIDE,glimepiride,Glimepiride,exact
GLIMEPIRIDE BEKER,GLIMEPIRIDE,glimepiride,Glimepiride,exact
GLIMEPIRIDE PHYSIOPHARM,GLIMEPIRIDE,glimepiride,Glimepiride,exact
GLODEC,GLIMEPIRIDE,glimepiride,Glimepiride,exact
GLODEC 2,GLIMEPIRIDE,glimepiride,Glimepiride,exact
GLODEC 3,GLIMEPIRIDE,glimepiride,Glimepiride,exact
GLODEC,GLIMEPIRIDE,glimepiride,Glimepiride,exact
GLURENOR,GLIQUIDONE,gliquidone,Gliquidone,exact
GLUCAGEN HYPOKIT,Glucagon chlorhydrate exprimé en glucagon,glucagon,glucagon,exact
GLUCOSE 5%,GLUCOSE,glucose,glucose,exact
"DIANEAL PDA 1,36%",GLUCOSE ANHYDRE (SOUS FORME MONOHYDRATEE) / SODIUM CHLORURE / CALCIUM CHLORURE DIHYDRATE / MAGNESIUM CHLORURE HEXAHYDRATE / SODIUM LACTATE,glucose (sous formee) / sodium chlorure / calcium chlorure / magnesium chlorure hexahydrate / sodium,,none
"DIANEAL PDA 3,86%",GLUCOSE ANHYDRE (SOUS FORME MONOHYDRATEE) / SODIUM CHLORURE / CALCIUM CHLORURE DIHYDRATE / MAGNESIUM CHLORURE HEXAHYDRATE / SODIUM LACTATE,glucose (sous formee) / sodium chlorure / calcium chlorure / magnesium chlorure hexahydrate / sodium,,none
"DIANEAL PDA 2,27%",GLUCOSE ANHYDRE (SOUS FORME MONOHYDRATEE) / SODIUM CHLORURE / SODIUM LACTATE / CALCIUM CHLORURE DIHYDRATE / MAGNESIUM CHLORURE HEXAHYDRATE,glucose (sous formee) / sodium chlorure / sodium / calcium chlorure / magnesium chlorure hexahydrate,,none
GLUCOPACK,GLUCOSE MONOHYDRATE EXPRIME EN GLUCOSE ANHYDRE,glucose,glucose,exact
BIOHYDRATE,GLUCOSE MONOHYDRATE/CHLORURE DE SODIUM/CHLORURE DE POTASSIUM/GLUCONATE DE CALCIUM/CHLORURE DE MAGNESIUM,glucose/chlorure de sodium/chlorure de potassium/gluconate de calcium/chlorure de magnesium,,none
GLUCOPACK,GLUCOSE MONOHYDRATEE EXPRIME EN GLUCOSE ANHYDRE,glucose,glucose,exact
GLYCERINE LS ADULTE,GLYCEROL,glycerol,Glycerol,exact
GLYCERINE LS BEBE,GLYCEROL,glycerol,Glycerol,exact
GLYCERINE LS ENFANT,GLYCEROL,glycerol,Glycerol,exact
GLYCERINE BEBES,GLYCEROL,glycerol,Glycerol,exact
GLYCERINE ENFANTS,GLYCEROL,glycerol,Glycerol,exact
GLYCERINE ADULTE,GLYCEROL,glycerol,Glycerol,exact
DEXERYL,GLYCEROL / VASELINE / PARAFFINE LIQUIDE,glycerol / vaseline / paraffine liquide,,none
URO 3000 GLYCOCOLLE AGUETTANT,GLYCOCOLLE,glycocolle,,none
ZOLADEX,GOSERELINE ACETATE EXPRIME EN GOSERELINE,gosereline,Goserelin,exact
FONGENAL,GRISEOFULVINE,griseofulvine,Griseofulvin,exact
FLUPEX,GUAIFENESINE (DCI) / BENZOATE DE SODIUM / TERPINE / EUCALYPTOL,guaifenesine (dci) / benzoate de sodium / terpine / eucalyptol,Guaifenesin,prefix
HALOPERIDOL GENERICLAB,HALOPERIDOL,haloperidol,Haloperidol,exact
ISOPERIDOL,HALOPERIDOL,haloperidol,Haloperidol,exact
HALOL,HALOPERIDOL,haloperidol,Haloperidol,exact
HALOPERIDOL,HALOPERIDOL,haloperidol,Haloperidol,exact
HALDOL,HALOPERIDOL,haloperidol,Haloperidol,exact
HALOPERIDOL BGL,HALOPERIDOL,haloperidol,Haloperidol,exact
HOLIT FORT,HALOPERIDOL,haloperidol,Haloperidol,exact
VILBAR,HALOPERIDOL,haloperidol,Haloperidol,exact
HADOL,HALOPERIDOL,haloperidol,Haloperidol,exact
SENORM 5,HALOPERIDOL,haloperidol,Haloperidol,exact
HALDOMEX,HALOPERIDOL,haloperidol,Haloperidol,exact
NEURALDOL,HALOPERIDOL,haloperidol,Haloperidol,exact
HALDOL DECANOAS,HALOPERIDOL** (SOUS FORME DE DECANOATE ),haloperidol** (sous forme de decanoate ),,none
HALOTHANE BP,HALOTHANE,halothane,Halothane,exact
DESOMEDINE,HEXAMIDINE (SOUS FORME DE DI-ISETHIONATE)**,hexamidine (sous forme de di-isethionate)**,,none
DAD MOUTH WASH,HEXETIDINE,hexetidine,Hexetidine,exact
ORALVEX,HEXETIDINE,hexetidine,Hexetidine,exact
GIVALEX,HEXETIDINE / SALICYLATE DE CHOLINE / CHLORBUTANOL HEMIHYDRATEE,hexetidine / salicylate de choline / chlorbutanole,Hexetidine,prefix
ISOFFINE,HUILE DE PARAFFINE LIQUIDE,huile de paraffine liquide,,none
LAXAFINE,HUILE DE PARAFFINE LIQUIDE,huile de paraffine liquide,,none
INTRALIPIDE 20%,HUILE DE SOJA PURIFIEE,huile de soja purifiee,,none
HYFRESH,HYALURONATE DE SODIUM,hyaluronate de sodium,,none
HYDROCORT,HYDROCORTISONE,hydrocortisone,Hydrocortisone,exact
HYDROCORTISONE ROUSSEL,HYDROCORTISONE,hydrocortisone,Hydrocortisone,exact
LOCOID,HYDROCORTISONE (SOUS FORME D'HYDROCORTISONE 17-BUTYRATE)**,hydrocortisone (sous forme d'hydrocortisone 17-butyrate)**,,none
EFFICORT LIPOPHILE,HYDROCORTISONE ACEPONATE,hydrocortisone aceponate,,none
EFFICORT HYDROPHILE,HYDROCORTISONE ACEPONATE,hydrocortisone aceponate,,none
ECZECORT,HYDROCORTISONE ACEPONATE,hydrocortisone aceponate,,none
LOCACORT,HYDROCORTISONE SOUS FORME DE HYDROCORTISONE 17-BUTYRATE,hydrocortisone sous forme de hydrocortisone 17-butyrate,,none
RAPICORT,HYDROCORTISONE SUCCINATE SODIQUE EXPRIME EN HYDROCORTISONE,hydrocortisone,Hydrocortisone,exact
VENOSMIL,HYDROSMINE,hydrosmine,,none
HYDREA,HYDROXYCARBAMIDE,hydroxycarbamide,,none
PLAQUENIL,HYDROXYCHLOROQUINE,hydroxychloroquine,Hydroxychloroquine,exact
XARIA,HYDROXYCHLOROQUINE SULFATE,hydroxychloroquine,Hydroxychloroquine,exact
HYSALOX,HYDROXYDE D'ALUMINIUM / HYDROXYDE DE MAGNESIUM,hydroxyde d'aluminium / hydroxyde de magnesium,,none
SAILOX,HYDROXYDE D'ALUMINIUM / HYDROXYDE DE MAGNESIUM,hydroxyde d'aluminium / hydroxyde de magnesium,,none
MAALOX MAUX D'ESTOMAC,HYDROXYDE D'ALUMINIUM / HYDROXYDE DE MAGNESIUM,hydroxyde d'aluminium / hydroxyde de magnesium,,none
FER 3+,HYDROXYDE FERRIQUE POLYMALTOSE EXPRIME EN FER FERRIQUE,fer ferrique,,none
FERRUM HAUSMANN,HYDROXYDE FERRIQUE POLYMALTOSE EXPRIME EN FER FERRIQUE,fer ferrique,,none
POLYFER,HYDROXYDE FERRIQUE POLYMALTOSE EXPRIME EN FER FERRIQUE,fer ferrique,,none
GEOFER,HYDROXYDE FERRIQUE POLYMALTOSE EXPRIME EN FER FERRIQUE,fer ferrique,,none
SELOFER-50,HYDROXYDE FERRIQUE POLYMALTOSE EXPRIME EN FER FERRIQUE,fer ferrique,,none
SELOFER-100,HYDROXYDE FERRIQUE POLYMALTOSE EXPRIME EN FER FERRIQUE,fer ferrique,,none
FERROCURE,HYDROXYDE FERRIQUE POLYMALTOSE EXPRIME EN FER FERRIQUE,fer ferrique,,none
COSMOFER,HYDROXYDE FERRIQUE POLYMALTOSE EXPRIME EN FER FERRIQUE,fer ferrique,,none
HYXYAH,HYDROXYZINE,hydroxyzine,Hydroxyzine,exact
ATARAX,HYDROXYZINE,hydroxyzine,Hydroxyzine,exact
CROXIZINE,HYDROXYZINE CHLORHYDRATE,hydroxyzine,Hydroxyzine,exact
HYDROXIL,HYDROXYZINE DICHLORHYDRATE,hydroxyzine dichlorhydrate,,none
DURRAX,HYDROXYZINE DICHLORHYDRATE,hydroxyzine dichlorhydrate,,none
DAKIN COOPER STABILISE,HYPOCHLORITE DE SODIUM,hypochlorite de sodium,,none
DAKIN RPP,HYPOCHLORITE DE SODIUM EXPRIME EN CHLORE ACTIF,chlore actif,,none
ARTELAC,HYPROMELLOSE,hypromellose,Hypromellose,exact
IMBRUVICA,Ibrutinib,ibrutinib,Ibrutinib,exact
ANTALFEN,IBUPROFENE,ibuprofene,Ibuprofen,exact
IBUPRFENE LDM,IBUPROFENE,ibuprofene,Ibuprofen,exact
IBUPROFAL,IBUPROFENE,ibuprofene,Ibuprofen,exact
LAMIFENE,IBUPROFENE,ibuprofene,Ibuprofen,exact
IBUFEN,IBUPROFENE,ibuprofene,Ibuprofen,exact
SAPOFEN,IBUPROFENE,ibuprofene,Ibuprofen,exact
SAPOFEN 600,IBUPROFENE,ibuprofene,Ibuprofen,exact
UPFEN,IBUPROFENE,ibuprofene,Ibuprofen,exact
NEUPREN,IBUPROFENE,ibuprofene,Ibuprofen,exact
XYDOL 400,IBUPROFENE,ibuprofene,Ibuprofen,exact
XYDOL 200,IBUPROFENE,ibuprofene,Ibuprofen,exact
XYDOL 600,IBUPROFENE,ibuprofene,Ibuprofen,exact
SAPBUFEN,IBUPROFENE,ibuprofene,Ibuprofen,exact
BUTAFEN,IBUPROFENE,ibuprofene,Ibuprofen,exact
BUTAFEN LP,IBUPROFENE,ibuprofene,Ibuprofen,exact
RUMIFEN,IBUPROFENE,ibuprofene,Ibuprofen,exact
CALMOFEN,IBUPROFENE,ibuprofene,Ibuprofen,exact
NARUFENE 2%,IBUPROFENE,ibuprofene,Ibuprofen,exact
HUBIFEN,IBUPROFENE,ibuprofene,Ibuprofen,exact
IBUPRANE,IBUPROFENE,ibuprofene,Ibuprofen,exact
SAPOMEX,IBUPROFENE,ibuprofene,Ibuprofen,exact
NEOFEN,IBUPROFENE,ibuprofene,Ibuprofen,exact
IBUPROFENE BEKER,IBUPROFENE,ibuprofene,Ibuprofen,exact
IBUPROFNE BEKER,IBUPROFENE,ibuprofene,Ibuprofen,exact
UBACTIVE 400MG,IBUPROFENE,ibuprofene,Ibuprofen,exact
UBACTIVE 200MG,IBUPROFENE,ibuprofene,Ibuprofen,exact
UBACTIVE 600MG,IBUPROFENE,ibuprofene,Ibuprofen,exact
POLYPHENE,IBUPROFENE,ibuprofene,Ibuprofen,exact
NARUFENE,IBUPROFENE,ibuprofene,Ibuprofen,exact
DOLISED,IBUPROFENE / PARACETAMOL,ibuprofene / paracetamol,,none
GRIPEX PLUS,Ibuprofene / Pseudoephedrine chlorhydrate,ibuprofene / pseudoephedrine,,none
RHINEDAL,Ibuprofene / Pseudoephedrine chlorhydrate,ibuprofene / pseudoephedrine,,none
XYDOL RHUME,Ibuprofene / Pseudoephedrine chlorhydrate,ibuprofene / pseudoephedrine,,none
IBUPSO 200/30,Ibuprofene / Pseudoephedrine chlorhydrate,ibuprofene / pseudoephedrine,,none
ARFEN,Ibuprofene Lysine,ibuprofene lysine,,none
IBUTHOL,IBUPROFENE/LEVOMENTHOL,ibuprofene/levomenthol,,none
"EXTRANEAL 7,5%",ICODEXTRINE (DCI)/SODIUM CHLORURE/SODIUM LACTATE / CALCIUM CHLORURE / MAGNESIUM CHLORURE,icodextrine (dci)/sodium chlorure/sodium / calcium chlorure / magnesium chlorure,Icodextrin,prefix
ELAPRASE,IDURSULFASE SHIRE,idursulfase shire,,none
HUNTERASE,IDURSULFASE-BETA GREEN CROSS,idursulfase-beta green cross,,none
HOLOXAN,IFOSFAMIDE,ifosfamide,Ifosfamide,exact
IFOXAN,IFOSFAMIDE,ifosfamide,Ifosfamide,exact
VENTAVIS,ILOPROST TROMETANOL EXPRIME EN ILOPROST,iloprost,Iloprost,exact
IMATIB 400,Imatinib mesylate exprime en Imatinib,imatinib,Imatinib,exact
IMALEK 100,Imatinib mesylate exprime en Imatinib,imatinib,Imatinib,exact
IMALEK 400,Imatinib mesylate exprime en Imatinib,imatinib,Imatinib,exact
CEREZYME 400,IMIGLUCERASE,imiglucerase,,none
CILANEM,IMIPENEM**(SOUS FORME MONOHYDRATEE) / CILASTATINE** (SOUS FORME SODIQUE),imipenem**(sous formee) / cilastatine** (sous forme),Imipenem,prefix
IMECISTAL,IMIPENEM**(SOUS FORME MONOHYDRATEE) / CILASTATINE**ACIDE (SOUS FORME SODIQUE),imipenem**(sous formee) / cilastatine**acide (sous forme),Imipenem,prefix
THYMOGLOBULINE,IMMUNOGLOBULINE DE LAPIN ANTI-THYMOCYTES HUMAINS,immunoglobuline de lapin anti-thymocytes humains,immunosuppressant,prefix
RHOPHYLAC 300,IMMUNOGLOBULINE HUMAINE ANTI-D,immunoglobuline humaine anti-d,immunosuppressant,prefix
FOVEPTA 200UI-UI,IMMUNOGLOBULINE HUMAINE DE L'HEPETITE B,immunoglobuline humaine de l'hepetite b,immunosuppressant,prefix
HEPATECT CP,IMMUNOGLOBULINE HUMAINE DE L'HEPETITE B,immunoglobuline humaine de l'hepetite b,immunosuppressant,prefix
TELGENE,IMMUNOGLOBULINE HUMAINE NORMALE,immunoglobuline humaine normale,immunosuppressant,prefix
OCTAGAM,IMMUNOGLOBULINE HUMAINE NORMALE,immunoglobuline humaine normale,immunosuppressant,prefix
KIOVIG,IMMUNOGLOBULINE HUMAINE NORMALE (Ig IV),immunoglobuline humaine normale (ig iv),immunosuppressant,prefix
PRIVIGEN,IMMUNOGLOBULINE HUMAINE NORMALE 1G IV,immunoglobuline humaine normale 1g iv,immunosuppressant,prefix
INTRATECT,IMMUNOGLOBULINE HUMAINE NORMALE POLYVALENTE (Ig IV),immunoglobuline humaine normale polyvalente (ig iv),immunosuppressant,prefix
INDAPAMIDE BEKER,INDAPAMIDE,indapamide,Indapamide,exact
FLUDEX LP,INDAPAMIDE,indapamide,Indapamide,exact
INDOCOLLYRE,Indométacine,indométacine,,none
INDOMET,Indométacine,indométacine,,none
INDOBIOTIC,INDOMETACINE/GENTAMICINE,indometacine/gentamicine,Indomethacin,prefix
REMSIMA,INFLIXIMAB,infliximab,Infliximab,exact
REMICADE,INFLIXIMAB,infliximab,Infliximab,exact
PIASCLEDINE 300,INSAPONIFIABLE D'HUILE D'AVOCAT /  INSAPONIFIABLE D'HUILE DE SOJA,insaponifiable d'huile d'avocat /  insaponifiable d'huile de soja,,none
RYZODEG FLEXTOUCH,INSULINE DEGLUDEC/INSULINE ASPARTE,insuline degludec/insuline asparte,,none
XULTOPHY,INSULINE DEGLUDEC/LIRAGLUTIDE,insuline degludec/liraglutide,,none
LEVEMIR FLEXPEN,INSULINE DETEMIR,insuline detemir,,none
LANTUS SOLOSTAR,INSULINE GLARGINE,insuline glargine,,none
BASALOG ONE,INSULINE GLARGINE,insuline glargine,,none
ABASAGLAR,INSULINE GLARGINE LILLY,insuline glargine lilly,,none
HUMALOG MIX 25,INSULINE LISPRO 25% / INSULINE LISPRO PROTAMINE 75%,insuline lispro 25% / insuline lispro protamine 75%,,none
HUMALOG MIX 50,INSULINE LISPRO 50% / INSULINE LISPRO PROTAMINE 50%,insuline lispro 50% / insuline lispro protamine 50%,,none
REBIF,INTERFERON BETA 1A,interferon beta 1a,,none
REBIF,INTERFERON BETA 1A,interferon beta 1a,,none
REBIF,INTERFERON BETA 1-A,interferon beta 1-a,,none
AVONEX,INTERFERON BETA 1A RECOMBINANT,interferon beta 1a recombinant,,none
BETAFERON,INTERFERON BETA-1B RECOMBINANT,interferon beta-1b recombinant,,none
XENETIX 300,IOBITRIDOL,iobitridol,Iobitridol,exact
XENETIX 350,IOBITRIDOL,iobitridol,Iobitridol,exact
ALCOOL IODE 1% RPP,IODE BISUBLIME / ALCOOL ETHYLIQUE,iode bisublime / alcool ethylique,,none
CONTRAPAQUE 350,IOHEXOL,iohexol,Iohexol,exact
CONTRAPAQUE 300,IOHEXOL,iohexol,Iohexol,exact
PAMIDOL 300,IOPAMIDOL,iopamidol,Iopamidol,exact
PAMIDOL 370,IOPAMIDOL EN IODE ELEMENT,iopamidol en iode element,Iopamidol,prefix
ULTRAVIST 300,IOPROMIDE,iopromide,Iopromide,exact
ULTRAVIST 370,IOPROMIDE,iopromide,Iopromide,exact
TELEBRIX 30 MEGLUMINE,IOXITALAMATE DE MEGLUMINE,ioxitalamate de meglumine,,none
TELEBRIX 35,IOXITALAMATE DE MEGLUMINE  / IOXITALAMATE DE SODIUM,ioxitalamate de meglumine  / ioxitalamate de sodium,,none
ATROVENT ENF.,IPRATROPIUM BROMURE,ipratropium bromure,Ipratropium,prefix
ATROVENT ADUL .,IPRATROPIUM BROMURE,ipratropium bromure,Ipratropium,prefix
IRBISART,Irbesartan,irbesartan,Irbesartan,exact
GIZLAN,Irbesartan,irbesartan,Irbesartan,exact
GIZLAN 300,Irbesartan,irbesartan,Irbesartan,exact
CARDIOTENS,Irbesartan,irbesartan,Irbesartan,exact
CARDIOTENS 300,Irbesartan,irbesartan,Irbesartan,exact
IRBEVEL,Irbesartan,irbesartan,Irbesartan,exact
ARADEX 150,Irbesartan,irbesartan,Irbesartan,exact
ARADEX 300,Irbesartan,irbesartan,Irbesartan,exact
APROSART,Irbesartan,irbesartan,Irbesartan,exact
IROVEL,Irbesartan,irbesartan,Irbesartan,exact
ARAVEL,Irbesartan,irbesartan,Irbesartan,exact
IRBAC,Irbesartan,irbesartan,Irbesartan,exact
ZIBRAT,Irbesartan,irbesartan,Irbesartan,exact
IRBE 150,Irbesartan,irbesartan,Irbesartan,exact
IRBISART +,Irbesartan / Hydrochlorothiazide,irbesartan / hydrochlorothiazide,Irbesartan,prefix
IRBISART +,IRBESARTAN / HYDROCHLOROTHIAZIDE,irbesartan / hydrochlorothiazide,Irbesartan,prefix
"GIZLAN-PLUS 300/12,5",Irbesartan / Hydrochlorothiazide,irbesartan / hydrochlorothiazide,Irbesartan,prefix
"GIZLAN-PLUS 150/12,5",Irbesartan / Hydrochlorothiazide,irbesartan / hydrochlorothiazide,Irbesartan,prefix
GIZLAN-PLUS 300/25,IRBESARTAN / HYDROCHLOROTHIAZIDE,irbesartan / hydrochlorothiazide,Irbesartan,prefix
"CO-ARADEX 150/12,5",Irbesartan / Hydrochlorothiazide,irbesartan / hydrochlorothiazide,Irbesartan,prefix
"CO-ARADEX 300/12,5",Irbesartan / Hydrochlorothiazide,irbesartan / hydrochlorothiazide,Irbesartan,prefix
CO-ARADEX 300/25,IRBESARTAN / HYDROCHLOROTHIAZIDE,irbesartan / hydrochlorothiazide,Irbesartan,prefix
CO APROSART,Irbesartan / Hydrochlorothiazide,irbesartan / hydrochlorothiazide,Irbesartan,prefix
COAPROVEL,Irbesartan / Hydrochlorothiazide,irbesartan / hydrochlorothiazide,Irbesartan,prefix
COARAVEL,Irbesartan / Hydrochlorothiazide,irbesartan / hydrochlorothiazide,Irbesartan,prefix
CO-IRBEK,Irbesartan / Hydrochlorothiazide,irbesartan / hydrochlorothiazide,Irbesartan,prefix
COZIBRAT,Irbesartan / Hydrochlorothiazide,irbesartan / hydrochlorothiazide,Irbesartan,prefix
CO AVASART,Irbesartan / Hydrochlorothiazide,irbesartan / hydrochlorothiazide,Irbesartan,prefix
CO AVSART,Irbesartan / Hydrochlorothiazide,irbesartan / hydrochlorothiazide,Irbesartan,prefix
CO  AVASART,IRBESARTAN / HYDROCHLOROTHIAZIDE,irbesartan / hydrochlorothiazide,Irbesartan,prefix
"IRBE PLUS 150/12,5",Irbesartan / Hydrochlorothiazide,irbesartan / hydrochlorothiazide,Irbesartan,prefix
IPISART PLUS,Irbesartan / Hydrochlorothiazide,irbesartan / hydrochlorothiazide,Irbesartan,prefix
APROVASC,IRBESARTAN/ AMLODIPINE (BESILATE),irbesartan/ amlodipine (besilate),Irbesartan,prefix
EXIRB,IRBéSARTAN/BéSILATE D'AMLODIPINE,irbésartan/bésilate d'amlodipine,,none
APROVASC,IRBéSARTAN/BéSILATE D'AMLODIPINE,irbésartan/bésilate d'amlodipine,,none
CO APROSART,IRBESARTRAN / HYDROCHLOROTHIAZIDE,irbesartran / hydrochlorothiazide,Irbesartan,prefix
TEKAMEN,IRINOTECAN CHLORHYDRATE TRIHYDRATE,irinotecan,Irinotecan,exact
ERTICAN,IRINOTECAN CHLORHYDRATE TRIHYDRATE,irinotecan,Irinotecan,exact
IRINOTECAN MYLAN,IRINOTECAN CHLORHYDRATE TRIHYDRATE,irinotecan,Irinotecan,exact
AERRANE,ISOFLURANE,isoflurane,Isoflurane,exact
FORENE,ISOFLURANE,isoflurane,Isoflurane,exact
CURACNE 10MG,ISOTRETINOINE,isotretinoine,Isotretinoin,exact
CURACNE  5MG,ISOTRETINOINE,isotretinoine,Isotretinoin,exact
ITRAZON,ITRACONAZOLE,itraconazole,Itraconazole,exact
ITRASPOR,ITRACONAZOLE,itraconazole,Itraconazole,exact
PROCORALAN,IVABRADINE CHLORHYDRATE EXPRIME EN IVABRADINE,ivabradine,Ivabradine,exact
JOSACINE,JOSAMYCINE,josamycine,Josamycin,exact
JOSACINE,JOSAMYCINE PROPIONATE EXPRIME EN JOSAMYCINE,josamycine,Josamycin,exact
KETAMILE,KETAMINE CHLORHYDRATE EXPRIME EN KETAMINE,ketamine,Ketamine,exact
KETODEL,Ketoconazole,ketoconazole,Ketoconazole,exact
KETODERM,Ketoconazole,ketoconazole,Ketoconazole,exact
KETOCREM,Ketoconazole,ketoconazole,Ketoconazole,exact
KETOCONAZOLE NOVAGENERICS,Ketoconazole,ketoconazole,Ketoconazole,exact
VAVO SHAMPOO,Ketoconazole,ketoconazole,Ketoconazole,exact
VAVO,Ketoconazole,ketoconazole,Ketoconazole,exact
DANDREX,Ketoconazole,ketoconazole,Ketoconazole,exact
FLEXEN,KETOPROFENE,ketoprofene,Ketoprofen,exact
KETONAL,KETOPROFENE,ketoprofene,Ketoprofen,exact
KETUM,KETOPROFENE,ketoprofene,Ketoprofen,exact
KETOPROFENE LDM,KETOPROFENE,ketoprofene,Ketoprofen,exact
K-PROFEN,KETOPROFENE,ketoprofene,Ketoprofen,exact
GEPROFEN,KETOPROFENE,ketoprofene,Ketoprofen,exact
KETOFEN,KETOPROFENE,ketoprofene,Ketoprofen,exact
PROFENID,KETOPROFENE,ketoprofene,Ketoprofen,exact
EVOFENID,KETOPROFENE,ketoprofene,Ketoprofen,exact
KETONEED,KETOPROFENE,ketoprofene,Ketoprofen,exact
HARUFEN,KETOPROFENE,ketoprofene,Ketoprofen,exact
PROFENID LP,KETOPROFENE,ketoprofene,Ketoprofen,exact
TOTILAM,KETOTIFENE,ketotifene,Ketotifen,exact
ZALERG,KETOTIFENE HYDROGENOFUMARATE EXPRIME EN KETOTIFENE,ketotifene,Ketotifen,exact
ZADITEN,KETOTIFENE** (SOUS FORME DE FUMARATE),ketotifene** (sous forme de),Ketotifen,prefix
HASSALYSE,KETOTIFENE** (SOUS FORME DE FUMARATE),ketotifene** (sous forme de),Ketotifen,prefix
KETOF,KETOTIFENE** (SOUS FORME DE FUMARATE),ketotifene** (sous forme de),Ketotifen,prefix
DUPHALAC,LACTULOSE,lactulose,Lactulose,exact
ISOLACT,LACTULOSE,lactulose,Lactulose,exact
LACTULOSE AGD,LACTULOSE,lactulose,Lactulose,exact
LACTUNAD,LACTULOSE,lactulose,Lactulose,exact
EASYLACT,LACTULOSE,lactulose,Lactulose,exact
LACTULOSE GL,LACTULOSE,lactulose,Lactulose,exact
APTAMIL PEPTI JUNIOR,LAIT EN POUDRE SANS PROTEINES DE LAIT DE VACHE,lait en poudre sans proteines de lait de vache,,none
PKU ANAMIX INFANT,LAIT SANS PHENYLALANINE,lait sans phenylalanine,,none
XP MAXAMAID,LAIT SANS PHENYLALANINE,lait sans phenylalanine,,none
XP MAXAMUM,LAIT SANS PHENYLALANINE,lait sans phenylalanine,,none
LAMIVIR,LAMIVUDINE,lamivudine,Lamivudine,exact
LAMIVUDINE MYLAN,LAMIVUDINE,lamivudine,Lamivudine,exact
HEPTAVIR-150,LAMIVUDINE,lamivudine,Lamivudine,exact
DUOVIR,Lamivudine/Zidovudine,lamivudine/zidovudine,Lamivudine,prefix
LAMIHOPEZ,Lamivudine/Zidovudine,lamivudine/zidovudine,Lamivudine,prefix
LAMITOR,LAMOTRIGINE,lamotrigine,Lamotrigine,exact
BIOLAM,LAMOTRIGINE,lamotrigine,Lamotrigine,exact
AMITRAL,LAMOTRIGINE,lamotrigine,Lamotrigine,exact
LAMOTRIGINE BEKER,LAMOTRIGINE,lamotrigine,Lamotrigine,exact
SOMATULINE LP,LANREOTIDE ACETATE EXPRIME EN LANREOTIDE,lanreotide,Lanreotide,exact
LANSOPOMP,LANSOPRAZOLE,lansoprazole,Lansoprazole,exact
LANZOREM,LANSOPRAZOLE,lansoprazole,Lansoprazole,exact
ZOPRA,LANSOPRAZOLE,lansoprazole,Lansoprazole,exact
LANZOMED,LANSOPRAZOLE,lansoprazole,Lansoprazole,exact
ESOPROTON,LANSOPRAZOLE,lansoprazole,Lansoprazole,exact
TYKERB,LAPATINIB DITOSYLATE EXPRIME EN LAPATINIB,lapatinib,Lapatinib,exact
ALDURAZYME,LARONIDASE,laronidase,,none
XALATAN,LATANOPROST,latanoprost,Latanoprost,exact
LATANEKS,LATANOPROST,latanoprost,Latanoprost,exact
LATASOPT,LATANOPROST,latanoprost,Latanoprost,exact
LATAZ,LATANOPROST,latanoprost,Latanoprost,exact
XALAPROST,LATANOPROST,latanoprost,Latanoprost,exact
XALACOM,LATANOPROST / TIMOLOL,latanoprost / timolol,Latanoprost,prefix
LEFUMIDE 10,LEFLUNOMIDE,leflunomide,Leflunomide,exact
LEFUMIDE 20,LEFLUNOMIDE,leflunomide,Leflunomide,exact
ARAVA,LEFLUNOMIDE,leflunomide,Leflunomide,exact
BIORAVA,LEFLUNOMIDE,leflunomide,Leflunomide,exact
REDUPAR,LEFLUNOMIDE,leflunomide,Leflunomide,exact
RUMAVA,LEFLUNOMIDE,leflunomide,Leflunomide,exact
LEFLUBIC ALEMBIC MAMI,LEFLUNOMIDE,leflunomide,Leflunomide,exact
REVLIMID,LENALIDOMIDE,lenalidomide,Lenalidomide,exact
GRANOCYTE 34,LENOGRASTIME RHU G-CSF,lenograstime rhu g-csf,Lenograstim,prefix
LERCA,LERCANIDIPINE CHLORHYDRATE,lercanidipine,Lercanidipine,exact
CORDIPINE,LERCANIDIPINE CHLORHYDRATE,lercanidipine,Lercanidipine,exact
DEPADIUM,LERCANIDIPINE CHLORHYDRATE,lercanidipine,Lercanidipine,exact
ZANIDIP,LERCANIDIPINE CHLORHYDRATE,lercanidipine,Lercanidipine,exact
LERCANIDIPINE BEKER,LERCANIDIPINE CHLORHYDRATE,lercanidipine,Lercanidipine,exact
LETROZOLE CINFA,LETROZOLE,letrozole,Letrozole,exact
LETRODEX,LETROZOLE,letrozole,Letrozole,exact
ENANTONE LP,LEUPRORELINE,leuproreline,Leuprolide,prefix
ELIGARD,LEUPRORELINE ACETATE,leuproreline,Leuprolide,prefix
"ENANTONE LP 11,25MG",Leuproréline acétate,leuproréline acétate,Leuprolide,prefix
VETRAM,LEVETIRACETAM,levetiracetam,Levetiracetam,exact
VETRAM LP,LEVETIRACETAM,levetiracetam,Levetiracetam,exact
EPILEPTAM,LEVETIRACETAM,levetiracetam,Levetiracetam,exact
KEPPRA,LEVETIRACETAM,levetiracetam,Levetiracetam,exact
LEVETIRACETAM NOVOGENERICS,LEVETIRACETAM,levetiracetam,Levetiracetam,exact
BIOCETAM,LEVETIRACETAM,levetiracetam,Levetiracetam,exact
LEVETIRACETAM LDM,LEVETIRACETAM,levetiracetam,Levetiracetam,exact
KEPAM,LEVETIRACETAM,levetiracetam,Levetiracetam,exact
LEVETIRACETAM BEKER,LEVETIRACETAM,levetiracetam,Levetiracetam,exact
EGORIE,LEVETIRACETAM,levetiracetam,Levetiracetam,exact
KEPAM LP,LEVETIRACETAM,levetiracetam,Levetiracetam,exact
LEVOPHTA,LEVOCABASTINE,levocabastine,Levocabastine,exact
XYRIZINE,LEVOCETIRIZINE DICHLORHYDRATE,levocetirizine dichlorhydrate,Levocetirizine,prefix
RIZINAL 5,LéVOCéTIRIZINE DICHLORHYDRATE,lévocétirizine dichlorhydrate,,none
XYCARE,LéVOCéTIRIZINE DICHLORHYDRATE,lévocétirizine dichlorhydrate,,none
LEVOZEN,LéVOCéTIRIZINE DICHLORHYDRATE,lévocétirizine dichlorhydrate,,none
LEVOMED,LEVODOPA / CARBIDOPA,levodopa / carbidopa,Levodopa,prefix
LEVOCARB,LEVODOPA / CARBIDOPA,levodopa / carbidopa,Levodopa,prefix
LVOCARB,LEVODOPA/CARBIDOPA,levodopa/carbidopa,Levodopa,prefix
MATADOR 250,Levofloxacine hemihydrate exprime en Levofloxacine,levofloxacine,Levofloxacin,exact
MATADOR 500,Levofloxacine hemihydrate exprime en Levofloxacine,levofloxacine,Levofloxacin,exact
MATADOR 750,Levofloxacine hemihydrate exprime en Levofloxacine,levofloxacine,Levofloxacin,exact
LEVOFLOX,Levofloxacine hemihydrate exprime en Levofloxacine,levofloxacine,Levofloxacin,exact
LOXAMOX,Levofloxacine hemihydrate exprime en Levofloxacine,levofloxacine,Levofloxacin,exact
LOXAMOX,Levofloxacine hemihydrate exprime en Levofloxacine,levofloxacine,Levofloxacin,exact
LEVOFLOXACINE RAZES,Levofloxacine hemihydrate exprime en Levofloxacine,levofloxacine,Levofloxacin,exact
SEPTHOL,LEVOMENTHOL / VERATROLE / RESORCINOL / ACIDE SALICYLIQUE,levomenthol / veratrole / resorcinol / acide salicylique,Levomefolic acid,prefix
SYNTHOL GEL,LEVOMENTHOL / VERATROLE / RESORCINOL / ACIDE SALICYLIQUE,levomenthol / veratrole / resorcinol / acide salicylique,Levomefolic acid,prefix
NOZINAN,LEVOMEPROMAZINE,levomepromazine,Levomefolic acid,prefix
LEVOZAN,LEVOMEPROMAZINE CHLORHYDRATE EXPRIME EN LEVOMEPROMAZINE,levomepromazine,Levomefolic acid,prefix
NOZINAN,LEVOMEPROMAZINE CHLORHYDRATE EXPRIME EN LEVOMEPROMAZINE,levomepromazine,Levomefolic acid,prefix
NOVAZIN,LEVOMEPROMAZINE MALEATE EXPRIME EN LEVOMEPROMAZINE,levomepromazine,Levomefolic acid,prefix
MICROVAL,LEVONORGESTREL,levonorgestrel,Levonorgestrel,exact
MIRENA 20µG/24H,LEVONORGESTREL,levonorgestrel,Levonorgestrel,exact
MINIDRIL,LEVONORGESTREL / ETHINYLESTRADIOL,levonorgestrel / ethinylestradiol,Levonorgestrel,prefix
SIMDAX,LEVOSIMENDAN,levosimendan,Levosimendan,exact
LEVOTHYROX,LEVOTHYROXINE  SODIQUE,levothyroxine,Levothyroxine,exact
LEVOTIRON,LEVOTHYROXINE  SODIQUE,levothyroxine,Levothyroxine,exact
BERLTHYROX,LEVOTHYROXINE  SODIQUE,levothyroxine,Levothyroxine,exact
LEVOTHYROX,LEVOTHYROXINE SODIQUE,levothyroxine,Levothyroxine,exact
LEVOTIRON,LEVOTHYROXINE SODIQUE,levothyroxine,Levothyroxine,exact
UNICAINE 1%,LIDOCAINE  CHLORHYDRATE,lidocaine,Lidocaine,exact
BIOMLA,Lidocaine / Prilocaine,lidocaine / prilocaine,Lidocaine,prefix
XYLOCAINE VISQUEUSE,LIDOCAINE VISQUEUSE,lidocaine visqueuse,Lidocaine,prefix
XYLOCAINE NAPHAZOLINE,LIDOCAINE/NAPHAZOLINE,lidocaine/naphazoline,Lidocaine,prefix
VICTOZA,LIRAGLUTIDE,liraglutide,Liraglutide,exact
DIMEPRA,Lopéramide Chlorhydrate,lopéramide,,none
LOPERIDAL,Lopéramide Chlorhydrate,lopéramide,,none
LOPEREX,Lopéramide Chlorhydrate,lopéramide,,none
INPHADIUM,Lopéramide Chlorhydrate,lopéramide,,none
LOPERAMIDE NS,Lopéramide Chlorhydrate,lopéramide,,none
LORADINE,LORATADINE,loratadine,Loratadine,exact
LORATAL,LORATADINE,loratadine,Loratadine,exact
LORATADINE NOVAGENERICS,LORATADINE,loratadine,Loratadine,exact
ORIN,LORATADINE,loratadine,Loratadine,exact
AKARYD,LORATADINE,loratadine,Loratadine,exact
LUTEDINE,LORATADINE,loratadine,Loratadine,exact
NEOTADINE,LORATADINE,loratadine,Loratadine,exact
LORATADINE BEKER,LORATADINE,loratadine,Loratadine,exact
LORATINE,LORATADINE,loratadine,Loratadine,exact
ORZEPAM,LORAZEPAM,lorazepam,Lorazepam,exact
TEMESTA,LORAZEPAM,lorazepam,Lorazepam,exact
MAPEZ,LORAZEPAM,lorazepam,Lorazepam,exact
LORAZEPAM - AGD,LORAZEPAM,lorazepam,Lorazepam,exact
ANXIENAD,LORAZEPAM,lorazepam,Lorazepam,exact
COZAAR,LOSARTAN POTASSIQUE,losartan potassique,Losartan,prefix
LOZARTAN GEO,LOSARTAN POTASSIQUE,losartan potassique,Losartan,prefix
LOSARTAN LDM,LOSARTAN POTASSIQUE,losartan potassique,Losartan,prefix
ANGIZAR,LOSARTAN POTASSIQUE,losartan potassique,Losartan,prefix
BEKTAL,LOSARTAN POTASSIQUE,losartan potassique,Losartan,prefix
HYSARTAN,LOSARTAN POTASSIQUE,losartan potassique,Losartan,prefix
HYZAAR,LOSARTAN POTASSIQUE /  HYDROCHLOROTHIAZIDE,losartan potassique /  hydrochlorothiazide,Losartan,prefix
THIAZARTAN,LOSARTAN POTASSIQUE /  HYDROCHLOROTHIAZIDE,losartan potassique /  hydrochlorothiazide,Losartan,prefix
COBEKTAL,LOSARTAN POTASSIQUE /  HYDROCHLOROTHIAZIDE,losartan potassique /  hydrochlorothiazide,Losartan,prefix
CO-HYSARTAN,LOSARTAN POTASSIQUE /  HYDROCHLOROTHIAZIDE,losartan potassique /  hydrochlorothiazide,Losartan,prefix
FORTZAAR,LOSARTAN POTASSIQUE/ HYDROCHLOROTHIAZIDE,losartan potassique/ hydrochlorothiazide,Losartan,prefix
FORLYSART,LOSARTAN POTASSIQUE/ HYDROCHLOROTHIAZIDE,losartan potassique/ hydrochlorothiazide,Losartan,prefix
CO-NORTA FORT,LOSARTAN POTASSIQUE/ HYDROCHLOROTHIAZIDE,losartan potassique/ hydrochlorothiazide,Losartan,prefix
COBEKTAL,LOSARTAN POTASSIQUE/ HYDROCHLOROTHIAZIDE,losartan potassique/ hydrochlorothiazide,Losartan,prefix
LOXAPAC,LOXAPINE,loxapine,Loxapine,exact
LOXAPAC,LOXAPINE SUCCINATE EXPRIME EN LOXAPINE,loxapine,Loxapine,exact
TETRALYSAL,LYMECYCLINE (EXPRIME EN TETRACYCLINE BASE),tetracycline base),,none
ORGAMETRIL,LYNESTRENOL,lynestrenol,Lynestrenol,exact
VITAMAG,MAGNESIUM ELEMENT  (SOUS FORME DE MAGNESIUM PIDOLATE),magnesium element  (sous forme de magnesium pidolate),,none
VITAMAG,MAGNESIUM ELEMENT (SOUS FORME DE MAGNESIUM PIDOLATE),magnesium element (sous forme de magnesium pidolate),,none
ISOMAG,MAGNESIUM PIDOLATE,magnesium pidolate,,none
ACTIMAG,MAGNESIUM PIDOLATE,magnesium pidolate,,none
MAGNE,MAGNESIUM PIDOLATE,magnesium pidolate,,none
TONIMAG,MAGNESIUM PIDOLATE,magnesium pidolate,,none
PYROMAG,MAGNESIUM PIDOLATE**,magnesium pidolate**,,none
STIMOL,MALATE DE CITRILLUNE,malate de citrillune,,none
WORMAZOL,MEBENDAZOLE,mebendazole,Mebendazole,exact
VERMAZOL,MEBENDAZOLE,mebendazole,Mebendazole,exact
SPASCOL,Mebeverine chlorhydrate,mebeverine,Mebeverine,exact
SPASCOL LP,Mebeverine chlorhydrate,mebeverine,Mebeverine,exact
DUSPATALIN,Mebeverine chlorhydrate,mebeverine,Mebeverine,exact
DUSPAVERINE,Mebeverine chlorhydrate,mebeverine,Mebeverine,exact
SPALVERINE,Mebeverine chlorhydrate,mebeverine,Mebeverine,exact
MEBEVERINE BEKER LP,Mebeverine chlorhydrate,mebeverine,Mebeverine,exact
FLUISEDAL SANS PROMETHAZINE,MEGLUMINE (BENZOATE  ANHYDRE) / POLYSORBATE 20,meglumine (benzoate ) / polysorbate 20,,none
MELOX,MELOXICAM,meloxicam,Meloxicam,exact
ALKERAN TM,Melphalan,melphalan,Melphalan,exact
ALKERAN,MELPHALAN,melphalan,Melphalan,exact
ALZHANTINE,MEMANTINE CHLORHYDRATE,memantine,Memantine,exact
MEMANTINE BEKER,MEMANTINE CHLORHYDRATE,memantine,Memantine,exact
MIRALE,MEMANTINE CHLORHYDRATE,memantine,Memantine,exact
MENOPUR,MENOTROPINE OU HORMONE GONADOTROPHINE POST MENOPAUSIQUE HUMAINE HMG EXPRIME EN HORMONE FOLLICULOSTIMULANTE FSH / HORMONE LUTEINISANTE LH,hormone folliculostimulante fsh / hormone luteinisante lh,,none
MEDICAINE 2% AVEC ADRENALINE 1/100 000,MEPIVACAINE  (CHLORHYDRATE) / ADRENALINE (TARTRATE),mepivacaine  (chlorhydrate) / adrenaline (tartrate),Mepivacaine,prefix
NATAZINE,MEQUITAZINE,mequitazine,Mequitazine,exact
PRIMALAN,MEQUITAZINE,mequitazine,Mequitazine,exact
PRIMAL,MEQUITAZINE,mequitazine,Mequitazine,exact
MERCUROCHROME,MERCUROCHROME,mercurochrome,,none
MERCUROCHROME,MERCURUCHROME,mercuruchrome,,none
ARCHIFAR,Méropénéme trihydraté exprimé en méropénéme,méropénéme,,none
MEPRA,MEROPENEME TRIHYDRATE EXPRIME EN MEROPENEME ANHYDRE,meropeneme,meropenem,exact
MERONEM,MEROPENEME TRIHYDRATE EXPRIME EN MEROPENEME ANHYDRE,meropeneme,meropenem,exact
ROWASA,MESALAZINE,mesalazine,Mesalazine,exact
SALAZA,MESALAZINE,mesalazine,Mesalazine,exact
MELAZA,Mesalazine,mesalazine,Mesalazine,exact
MELAZA,MESALAZINE,mesalazine,Mesalazine,exact
PENTASA,MESALAZINE,mesalazine,Mesalazine,exact
PENTAZINE LP,MESALAZINE,mesalazine,Mesalazine,exact
UROMITEXAN,MESNA,mesna,,none
PROVIRON,MESTEROLONE,mesterolone,Mesterolone,exact
ROVERON,MESTEROLONE,mesterolone,Mesterolone,exact
DIAGUANID,METFORMINE CHLORHYDRATE,metformine,Metformin,exact
GLUCOPHAGE 850,METFORMINE CHLORHYDRATE,metformine,Metformin,exact
GLUCOPHAGE,METFORMINE CHLORHYDRATE,metformine,Metformin,exact
FARMIDOX,METFORMINE CHLORHYDRATE,metformine,Metformin,exact
DIABAMINE BGL,METFORMINE CHLORHYDRATE,metformine,Metformin,exact
METOPHAGE,METFORMINE CHLORHYDRATE,metformine,Metformin,exact
FORMENTIN,METFORMINE CHLORHYDRATE,metformine,Metformin,exact
METFOR 850,METFORMINE CHLORHYDRATE,metformine,Metformin,exact
METFORAL,METFORMINE CHLORHYDRATE,metformine,Metformin,exact
METFORAL 1000,METFORMINE CHLORHYDRATE,metformine,Metformin,exact
NOVOFORMINE,METFORMINE CHLORHYDRATE,metformine,Metformin,exact
GLUCOFORMINE,METFORMINE CHLORHYDRATE,metformine,Metformin,exact
GLUCOMEX,METFORMINE CHLORHYDRATE,metformine,Metformin,exact
GLUCOMEX,METFORMINE CHLORHYDRATE,metformine,Metformin,exact
NEXECOR,METFORMINE CHLORHYDRATE,metformine,Metformin,exact
PHYSIOPHORMINE,METFORMINE CHLORHYDRATE,metformine,Metformin,exact
GLUCONAD,METFORMINE CHLORHYDRATE,metformine,Metformin,exact
GLUCOTAC,METFORMINE CHLORHYDRATE,metformine,Metformin,exact
STAGID,METFORMINE EMBONATE,metformine embonate,Metformin,prefix
METLESS LP,METFORMINE HYDROCHLORIDE,metformine hydrochloride,Metformin,prefix
METLESS LP,METFORMINE HYDROCHLORIDE,metformine hydrochloride,Metformin,prefix
METFOR LP,METFORMINE HYDROCHLORIDE,metformine hydrochloride,Metformin,prefix
CYTOTREX,METHOTREXATE,methotrexate,Methotrexate,exact
METHOTREXATE EBEWE,METHOTREXATE DISODIQUE EXPRIME EN METHOTREXATE,methotrexate,Methotrexate,exact
ALDOMET,METHYLDOPA SESQUIHYDRATEE EXPRIME EN METHYLDOPA ANHYDRE,methyldopa,Methyldopa,exact
MEPRENAL,METHYLPREDNISOLONE,methylprednisolone,Methylprednisolone,exact
SOLU-MEDROL,METHYLPREDNISOLONE,methylprednisolone,Methylprednisolone,exact
CORTTILAM,METHYLPREDNISOLONE,methylprednisolone,Methylprednisolone,exact
PREDNOL,METHYLPREDNISOLONE,methylprednisolone,Methylprednisolone,exact
TERAPRED,METHYLPREDNISOLONE,methylprednisolone,Methylprednisolone,exact
TERAPRED,METHYLPREDNISOLONE,methylprednisolone,Methylprednisolone,exact
MP4,METHYLPREDNISOLONE,methylprednisolone,Methylprednisolone,exact
MP 16,METHYLPREDNISOLONE,methylprednisolone,Methylprednisolone,exact
HUPPOMEDROL,METHYLPREDNISOLONE,methylprednisolone,Methylprednisolone,exact
LISAMETACE,METHYLPREDNISOLONE ACETATE,methylprednisolone,Methylprednisolone,exact
EPIZOLONE-DEPOT,Méthylprednisolone acétate,méthylprednisolone acétate,,none
METHYLPREDNISOLONE MYLAN,METHYLPREDNISOLONE HEMISUCCINATE EXPRIME EN METHYLPREDNISOLONE,methylprednisolone,Methylprednisolone,exact
METHYLPREDNISONE MYLAN,METHYLPREDNISOLONE HEMISUCCINATE EXPRIME EN METHYLPREDNISOLONE,methylprednisolone,Methylprednisolone,exact
LEMOD-SOLU,METHYLPREDNISOLONE SUCCINATE DE SODIUM EXPRIME EN METHYLPREDNISOLONE,methylprednisolone,Methylprednisolone,exact
LISAMETHYLE,METHYLPREDNISOLONE SUCCINATE SODIQUE EXPRIME EN METHYLPREDNISOLONE,methylprednisolone,Methylprednisolone,exact
LEMOD-SOLU,METHYLPREDNISOLONE SUCCINATE SODIQUE EXPRIME EN METHYLPREDNISOLONE,methylprednisolone,Methylprednisolone,exact
INPREDNI 40,METHYLPREDNISOLONE SUCCINATE SODIQUE EXPRIME EN METHYLPREDNISOLONE,methylprednisolone,Methylprednisolone,exact
LISAMETHYLE,METHYLPREDNISOLONE** (SOUS FORME DE SUCCINATE SODIQUE),methylprednisolone** (sous forme de succinate),,none
METOPRAM,METOCLOPRAMIDE,metoclopramide,Metoclopramide,exact
MODENUM,METOCLOPRAMIDE CHLORHYDRATE MONOHYDRATE EXPRIME EN CHLORHYDRATE DE METOCLOPRAMIDE,chlorhydrate de metoclopramide,Chlorhexidine,prefix
TOLOL,METOPROLOL SUCCINATE,metoprolol succinate,,none
METOPRESS,METOPROLOL SUCCINATE EXPRIME EN METOPROLOL,metoprolol,Metoprolol,exact
METOCROVIS,Metoprolol tartrate,metoprolol,Metoprolol,exact
LOPRESS,Metoprolol tartrate,metoprolol,Metoprolol,exact
PROSSOR,Metoprolol tartrate,metoprolol,Metoprolol,exact
LORESTA,Metoprolol tartrate,metoprolol,Metoprolol,exact
LOPRESSOR  LP,Metoprolol tartrate,metoprolol,Metoprolol,exact
LOPROX,METOPROLOL TARTRATE,metoprolol,Metoprolol,exact
METROGYL,METRODINAZOLE,metrodinazole,,none
NIDAZOLE,METRONIDAZOLE,metronidazole,Metronidazole,exact
METROGYL,METRONIDAZOLE,metronidazole,Metronidazole,exact
IMUZOLE,METRONIDAZOLE,metronidazole,Metronidazole,exact
ROZEX,METRONIDAZOLE,metronidazole,Metronidazole,exact
METRONIDAZOLE BIEFFE MEDITAL,METRONIDAZOLE,metronidazole,Metronidazole,exact
FLAGYL,METRONIDAZOLE,metronidazole,Metronidazole,exact
BIODAZOLE,METRONIDAZOLE,metronidazole,Metronidazole,exact
RONIDAZ 250,METRONIDAZOLE,metronidazole,Metronidazole,exact
RONIDAZ 500,METRONIDAZOLE,metronidazole,Metronidazole,exact
METROFAGYL,METRONIDAZOLE,metronidazole,Metronidazole,exact
METRONIDAZOLE HUP,METRONIDAZOLE,metronidazole,Metronidazole,exact
"METRONIDAZOLE RAZES 0,5%",METRONIDAZOLE,metronidazole,Metronidazole,exact
MEDROGYL,METRONIDAZOLE,metronidazole,Metronidazole,exact
METRONIDAZOLE BEKER,METRONIDAZOLE,metronidazole,Metronidazole,exact
METRONIDAZOLE MM,METRONIDAZOLE,metronidazole,Metronidazole,exact
METAZOLE,METRONIDAZOLE,metronidazole,Metronidazole,exact
MEDAZOL,METRONIDAZOLE,metronidazole,Metronidazole,exact
FLAGYL,METRONIDAZOLE,metronidazole,Metronidazole,exact
TERGYNAN,METRONIDAZOLE / NEOMYCINE SULFATE / NYSTATINE,metronidazole / neomycine / nystatine,,none
METAGYL,METRONIDAZOLE BENZOATE EXPRIME EN METRONIDAZOLE,metronidazole,Metronidazole,exact
MICONAZOLE NOVAGENERICS,MICONAZOLE,miconazole,Miconazole,exact
DAKTAZOL,MICONAZOLE,miconazole,Miconazole,exact
DEKTAGEL,Miconazole,miconazole,Miconazole,exact
IPNODIS,MIDAZOLAM,midazolam,Midazolam,exact
MIDAZOLAM MYLAN,MIDAZOLAM,midazolam,Midazolam,exact
SEDALAM,Midazolam,midazolam,Midazolam,exact
SEDALAM,MIDAZOLAM,midazolam,Midazolam,exact
HIKMA MIDAZOLAM,MIDAZOLAM CHLORHYDRATE EXPRIME EN MIDAZOLAM,midazolam,Midazolam,exact
MINOXIDIL NS,MINOXIDIL,minoxidil,Minoxidil,exact
MINOXYL,MINOXIDIL,minoxidil,Minoxidil,exact
VAZOTEK 2,MOLSIDOMINE,molsidomine,Molsidomine,exact
INVERTER,MOLSIDOMINE,molsidomine,Molsidomine,exact
VAZOTEK 4,MOLSIDOMINE,molsidomine,Molsidomine,exact
MOLSIDOMINE BEKER,MOLSIDOMINE,molsidomine,Molsidomine,exact
DIALOMINE,MOLSIDOMINE,molsidomine,Molsidomine,exact
ANGORAL,MOLSIDOMINE,molsidomine,Molsidomine,exact
CORTISAF,MOMETASONE (SOUS FORME DE FUROATE)**,mometasone (sous forme de furoate)**,,none
NASONEX,MOMETASONE FUROATE ANHYDRE,mometasone furoate,Mometasone furoate,exact
TASONEX,MOMETASONE FUROATE ANHYDRE,mometasone furoate,Mometasone furoate,exact
ETACID,MOMETASONE FUROATE MONOHYDRATE,mometasone furoate,Mometasone furoate,exact
CORSALIC,MOMETASONE FUROATE MONOHYDRATE / ACIDE SALICYLIQUE,mometasone furoate / acide salicylique,,none
SINGASM,Montelukast  sodique exprime en montelukast,montelukast,Montelukast,exact
MONTELUKAST GEO,Montelukast  sodique exprime en montelukast,montelukast,Montelukast,exact
SINGASM,Montelukast  sodique exprime en montelukast,montelukast,Montelukast,exact
SINGULAIR,Montelukast  sodique exprime en montelukast,montelukast,Montelukast,exact
TEMOST,Montelukast  sodique exprime en montelukast,montelukast,Montelukast,exact
MOTRINEX,Montelukast  sodique exprime en montelukast,montelukast,Montelukast,exact
MONKAST,Montelukast  sodique exprime en montelukast,montelukast,Montelukast,exact
MONTELAIR,Montelukast  sodique exprime en montelukast,montelukast,Montelukast,exact
ONCEAIR,Montelukast  sodique exprime en montelukast,montelukast,Montelukast,exact
MONTELUKAST BEKER,Montelukast  sodique exprime en montelukast,montelukast,Montelukast,exact
NIFLUMATE,MORNIFLUMATE,morniflumate,,none
NIFLURIC,MORNIFLUMATE,morniflumate,,none
REFACTO AF,Moroctocog alfa                ( Facteur  de Coagulation Humaine VIII ADNr) PFIZER,moroctocog alfa                ( facteur  de coagulation humaine viii adnr) pfizer,,none
SKENAN LP,Morphine sulfate,morphine,Morphine,exact
"PHYSIOTENS 0,2",MOXONIDINE,moxonidine,Moxonidine,exact
"PHYSIOTENS 0,4",MOXONIDINE,moxonidine,Moxonidine,exact
MOXONIDINE BEKER,MOXONIDINE,moxonidine,Moxonidine,exact
MUPIROCINE NOVAGENERICS 2%,MUPIROCINE,mupirocine,Mupirocin,exact
BACTROBAN,MUPIROCINE,mupirocine,Mupirocin,exact
INFECTOBAN,MUPIROCINE,mupirocine,Mupirocin,exact
MMF,MYCOPHENOLATE MOFETIL,mycophenolate mofetil,Mycophenolate mofetil,exact
PHENOCEPT,MYCOPHENOLATE MOFETIL,mycophenolate mofetil,Mycophenolate mofetil,exact
FLUIMICIL EXPECTORANT ACETYLCYSTEINE,N-ACETYLCYSTEINE,n-acetylcysteine,N-acetylcysteine,exact
N-ACETYLCYSTEINE BGL,N-ACETYLCYSTEINE,n-acetylcysteine,N-acetylcysteine,exact
SOLMUCOL 200,N-ACETYLCYSTEINE,n-acetylcysteine,N-acetylcysteine,exact
NADIXA,NADIFLOXACINE,nadifloxacine,,none
FRAXIPARINE,NADROPARINE CALCIQUE (HBPM),nadroparine (hbpm),Nadroparin,prefix
FRAXIPARINE,NADROPARINE CALCIQUE (HEPARINE A BAS POIDS MOLECULAIRE HBPM),nadroparine (heparine a bas poids moleculaire hbpm),Nadroparin,prefix
PRAXILENE,NAFTIDROFURYL,naftidrofuryl,Naftidrofuryl,exact
NAFTIRETARD LP,NAFTIDROFURYL HYDROGENO-OXALATE,naftidrofuryl hydrogeno-oxalate,Naftidrofuryl,prefix
NAFTILENE,NAFTIDROFURYL HYDROGENO-OXALATE,naftidrofuryl hydrogeno-oxalate,Naftidrofuryl,prefix
NALOXONE MYLAN,NALOXONE CHLORHYDRATE ANHYDRE,naloxone,Naloxone,exact
KERATYL,NANDROLONE,nandrolone,Nandrolone,exact
DECA-DURABOLIN,NANDROLONE DECANOATE,nandrolone decanoate,Nandrolone decanoate,exact
NAPROX,NAPROXENE SODIQUE,naproxene,Naproxen,exact
NEXORPAN,NAPROXENE SODIQUE,naproxene,Naproxen,exact
NAPROLGIC,NAPROXENE SODIQUE,naproxene,Naproxen,exact
NHUPAIN,NAPROXENE SODIQUE,naproxene,Naproxen,exact
NAPROLGIC,NAPROXENE SODIQUE ANHYDRE,naproxene,Naproxen,exact
TYSABRI,NATALIZUMAB,natalizumab,Natalizumab,exact
TEMERIT,NEBIVOLOL CHLORHYDRATE EXPRIME EN NEBIVOLOL,nebivolol,Nebivolol,exact
NEBCAR,NEBIVOLOL CHLORHYDRATE EXPRIME EN NEBIVOLOL,nebivolol,Nebivolol,exact
NEO EYE,NEOMYCINE,neomycine,Neomycin,exact
OPHTAMYCIN,NEOMYCINE (SULFATE),neomycine (sulfate),Neomycin,prefix
CRONOLONE-NEO,NEOMYCINE (SULFATE)** / TRIAMCINOLONE (ACETONIDE)**,neomycine (sulfate)** / triamcinolone (acetonide)**,Neomycin,prefix
CEBEMYXINE,NEOMYCINE / POLYMYXINE B,neomycine / polymyxine b,Neomycin,prefix
POLYDEXA,NEOMYCINE SULFATE/POLYMYXINE B SULFATE/ DEXAMETHASONE METASULFOBENZOATE SODIQUE,neomycine/polymyxine b/ dexamethasone metasulfobenzoate,Neomycin,prefix
POLYGYNAX,NEOMYCINE/POLIMYXINE B/NYSTATINE,neomycine/polimyxine b/nystatine,Neomycin,prefix
CEBEMYXINE,NEOMYCINE/POLYMYXINE B,neomycine/polymyxine b,Neomycin,prefix
NEOMIXIN,NEOMYCINE/POLYMYXINE B,neomycine/polymyxine b,Neomycin,prefix
NEVIVIR,Nevirapine,nevirapine,Nevirapine,exact
PULSAGEN LP,NICARDIPINE CHLORHYDRATE,nicardipine,Nicardipine,exact
LOXEN LP,NICARDIPINE CHLORHYDRATE,nicardipine,Nicardipine,exact
LOXEN,NICARDIPINE CHLORHYDRATE,nicardipine,Nicardipine,exact
CARDIPEN LP,NICARDIPINE CHLORHYDRATE,nicardipine,Nicardipine,exact
NICARDEX,NICARDIPINE CHLORHYDRATE,nicardipine,Nicardipine,exact
NICARDIPINE BIOTHERA,NICARDIPINE CHLORHYDRATE,nicardipine,Nicardipine,exact
LOXIDIPINE LP,NICARDIPINE CHLORHYDRATE,nicardipine,Nicardipine,exact
NIFAZIDE,NIFUROXAZIDE,nifuroxazide,nifuroxazide,exact
FUROXID,NIFUROXAZIDE,nifuroxazide,nifuroxazide,exact
DYSENTYL,NIFUROXAZIDE,nifuroxazide,nifuroxazide,exact
IFFUROXAZIDE,NIFUROXAZIDE,nifuroxazide,nifuroxazide,exact
MEROXAZIDE,NIFUROXAZIDE,nifuroxazide,nifuroxazide,exact
NIFUROXAZIDE PHYSIOPHARM,NIFUROXAZIDE,nifuroxazide,nifuroxazide,exact
NIFUROXAZIDE AFRO,NIFUROXAZIDE,nifuroxazide,nifuroxazide,exact
TASIGNA,NILOTINIB CHLORHYDRATE MONOHYDRATE EXPRIME EN NILOTINIB,nilotinib,Nilotinib,exact
ORFADIN,NITISINONE,nitisinone,Nitisinone,exact
NAXOLIN,NITROXOLINE,nitroxoline,Nitroxoline,exact
NOLIB,NITROXOLINE,nitroxoline,Nitroxoline,exact
NABYOL FORTE,NITROXOLINE,nitroxoline,Nitroxoline,exact
NEOBIOL,NITROXOLINE,nitroxoline,Nitroxoline,exact
OPDIVO,Nivolumab,nivolumab,Nivolumab,exact
CHIBROXINE,NORFLOXACINE,norfloxacine,Norfloxacin,exact
APIFLOX,NORFLOXACINE,norfloxacine,Norfloxacin,exact
NORFLOXAL,NORFLOXACINE,norfloxacine,Norfloxacin,exact
MYCOTINE,NYSTATINE,nystatine,Nystatin,exact
MICOTYDE,NYSTATINE / TRIAMCINOLONE ACETONIDE / NEOMYCINE SULFATE EXPRIME EN NEOMYCINE,neomycine,Neomycin,exact
MYCOMEX,NYSTATINE / TRIAMCINOLONE ACETONIDE / NEOMYCINE SULFATE EXPRIME EN NEOMYCINE,neomycine,Neomycin,exact
ZECUF AVEC SUCRE,OCIMUM SANCTUM / GLYCERRHIZA GLABRA / CURCUMA LONGA / ZINGIBER OFFICINAL / ADHATODA VASICA / SOLANUM INDICUM / INULA RACEMOSA  / PIPER CUBEBA / TERMINALIA BELERICA / ALOE BARBADENSIS / MENTHOL.,ocimum sanctum / glycerrhiza glabra / curcuma longa / zingiber officinal / adhatoda vasica / solanum indicum / inula racemosa  / piper cubeba / terminalia belerica / aloe barbadensis / menthol.,,none
ZECUF SANS SUCRE,OCIMUM SANCTUM / GLYCERRHIZA GLABRA / CURCUMA LONGA / ZINGIBER OFFICINAL / ADHATODA VASICA / SOLANUM INDICUM / INULA RACEMOSA  / PIPER CUBEBA / TERMINALIA BELERICA / ALOE BARBADENSIS / MENTHOL.,ocimum sanctum / glycerrhiza glabra / curcuma longa / zingiber officinal / adhatoda vasica / solanum indicum / inula racemosa  / piper cubeba / terminalia belerica / aloe barbadensis / menthol.,,none
ADVATE,OCTOCOG ALFA (FACTEUR VIII DE COAGULATION HUMAIN RECOMBINANT ANTI-HEMOPHILIQUE),octocog alfa (facteur viii de coagulation humain recombinant anti-hemophilique),,none
OCTREOTIDE BIOINDUSTRIA L.I.M,OCTREOTIDE ACETATE,octreotide,Octreotide,exact
CORONOL,Ofloxacine,ofloxacine,Ofloxacin,exact
OFLOTEK,Ofloxacine,ofloxacine,Ofloxacin,exact
FLOXEDOL,Ofloxacine,ofloxacine,Ofloxacin,exact
OPTIFLOX,Ofloxacine,ofloxacine,Ofloxacin,exact
SCHIZOPIN,OLANZAPINE,olanzapine,Olanzapine,exact
OLPREXA,OLANZAPINE,olanzapine,Olanzapine,exact
OLZANID,OLANZAPINE,olanzapine,Olanzapine,exact
NOVAPREXA,OLANZAPINE,olanzapine,Olanzapine,exact
OLANZOMAX,OLANZAPINE,olanzapine,Olanzapine,exact
OLANZEX,OLANZAPINE,olanzapine,Olanzapine,exact
PSYCHOLANZ ODT,OLANZAPINE,olanzapine,Olanzapine,exact
VAINCOR 10MG,OLANZAPINE,olanzapine,Olanzapine,exact
LANZAPREX,OLANZAPINE,olanzapine,Olanzapine,exact
LANZAPREX,OLANZAPINE,olanzapine,Olanzapine,exact
OLANZA,OLANZAPINE,olanzapine,Olanzapine,exact
OLANZA ORO,OLANZAPINE,olanzapine,Olanzapine,exact
OLANZAPINE NAD,OLANZAPINE,olanzapine,Olanzapine,exact
OLANZAPINE MM,OLANZAPINE,olanzapine,Olanzapine,exact
DEPOLAN 5,OLANZAPINE,olanzapine,Olanzapine,exact
DEPOLAN 10,OLANZAPINE,olanzapine,Olanzapine,exact
NONAN,OLIGOELEMENTS,oligoelements,,none
OPATANOL,OLOPATADINE**(SOUS FORME DE CHLORHYDRATE),olopatadine**(sous forme de),Olopatadine,prefix
XOLAIR,OMALIZUMAB,omalizumab,Omalizumab,exact
OPRACIDE,OMEPRAZOLE,omeprazole,Omeprazole,exact
OMEDAR,OMEPRAZOLE,omeprazole,Omeprazole,exact
OMEPRAZOLE NOVAGENERICS,OMEPRAZOLE,omeprazole,Omeprazole,exact
ZIMOR,OMEPRAZOLE,omeprazole,Omeprazole,exact
OMED RGO,OMEPRAZOLE,omeprazole,Omeprazole,exact
OMED-20,OMEPRAZOLE,omeprazole,Omeprazole,exact
ANTAG,OMEPRAZOLE,omeprazole,Omeprazole,exact
OMEPRAMEX,OMEPRAZOLE,omeprazole,Omeprazole,exact
NEOGASTRIC,OMEPRAZOLE,omeprazole,Omeprazole,exact
OMEPRAZOLE MM,OMEPRAZOLE,omeprazole,Omeprazole,exact
OMEPRAZOLE GEBER,OMEPRAZOLE,omeprazole,Omeprazole,exact
OPRACIDE,OMEPRAZOLE SODIQUE EXPRIME EN OMEPRAZOLE,omeprazole,Omeprazole,exact
RISEK,OMEPRAZOLE SODIQUE EXPRIME EN OMEPRAZOLE,omeprazole,Omeprazole,exact
ONDAPHREN,Ondanserton,ondanserton,Ondansetron,prefix
SETRON,ONDANSETRON,ondansetron,Ondansetron,exact
NAUSETRON,ONDANSETRON,ondansetron,Ondansetron,exact
ONDANSETRON INPHA-MEDIS,ONDANSETRON CHLORHYDRATE DIHYDRATE EXPRIME EN ONDANSETRON,ondansetron,Ondansetron,exact
NAUSETRON,ONDANSETRON CHLORHYDRATE DIHYDRATE EXPRIME EN ONDANSETRON,ondansetron,Ondansetron,exact
ORNISID,ORNIDAZOLE,ornidazole,Ornidazole,exact
VIROZEL,OSELTAMIVIR PHOSPHATE EXPRIME EN OSELTAMIVIR,oseltamivir,Oseltamivir,exact
OXACARE,OXACILLINE SODIQUE EXPRIME EN OXACILLINE,oxacilline,oxacillin,exact
OXADEX,OXACILLINE SODIQUE EXPRIME EN OXACILLINE,oxacilline,oxacillin,exact
OXIPLAT 50,OXALIPLATINE,oxaliplatine,oxaliplatin,exact
OXIPLAT 100,OXALIPLATINE,oxaliplatine,oxaliplatin,exact
OXALIPLATINE MYLAN,OXALIPLATINE,oxaliplatine,oxaliplatin,exact
CETORNAN,OXOGLURATE D'ORNITHINE EXPRIME EN OXOGLURATE DE L(+)ORNITHINE MONOHYDRATE,oxoglurate de l(+)ornithine,,none
OKAGé,OXOGLURATE D'ORNITHINE EXPRIME EN OXOGLURATE DE L(+)ORNITHINE MONOHYDRATE,oxoglurate de l(+)ornithine,,none
OXOGLURATE D'ORNITHINE MYLAN,OXOGLURATE D'ORNITHINE EXPRIME EN OXOGLURATE DE L(+)ORNITHINE MONOHYDRATE,oxoglurate de l(+)ornithine,,none
OXOMEMAZINE,OXOMEMAZINE,oxomemazine,,none
OXOMERAL,OXOMEMAZINE,oxomemazine,,none
TOPLEX,OXOMEMAZINE,oxomemazine,,none
TOPLEXIL,OXOMEMAZINE,oxomemazine,,none
CEBESINE,OXYBUPROCAINE,oxybuprocaine,,none
ANESTOCIL,OXYBUPROCAINE,oxybuprocaine,,none
DRIPTANE,OXYBUTYNINE CHLORHYDRATE,oxybutynine,Oxybutynin,exact
DITROPAN,OXYBUTYNINE CHLORHYDRATE,oxybutynine,Oxybutynin,exact
RINOSPAN,OXYBUTYNINE CHLORHYDRATE,oxybutynine,Oxybutynin,exact
OXYNORM,Oxycodone chlorhydrate,oxycodone,Oxycodone,exact
O MAG,OXYDE DE MAGNESIUM,oxyde de magnesium,,none
MAGNO SANOL,OXYDE DE MAGNESIUM,oxyde de magnesium,,none
CALMOZINC,OXYDE DE ZINC,oxyde de zinc,,none
OXYPLASTINE,OXYDE DE ZINC,oxyde de zinc,,none
HFM,OXYDE DE ZINC / HUILE DE FOIE DE MORUE,oxyde de zinc / huile de foie de morue,,none
OXYGENE MEDICINAL LIQUIDE AIR LIQUIDE,"OXYGENE  PURETE 99,50 %  SOUS PRESSION DE 10 BAR A 15 BAR  DE -155° C A -145 ° C","oxygene  purete 99,50 %  sous pression de 10 bar a 15 bar  de -155° c a -145 ° c",,none
OXYGENE MEDICINAL AIR LIQUID 200BAR,OXYGENE MEDICINAL GAZ,oxygene medicinal gaz,,none
OXYGENE MEDICINAL LIQUIDE LINDE GAS ALGERIE,Oxygene médicinal liquide,oxygene médicinal liquide,,none
RESPINHAL,OXYMETAZOLINE (SOUS FORME DE CHLORHYDRATE)**,oxymetazoline (sous forme de)**,,none
RESPIBIEN,OXYMETAZOLINE CHLORHYDRATE,oxymetazoline,Oxymetazoline,exact
OXYDEX,OXYTETRACYCLINE CHLORHYDRATE/ DEXAMETHASONE,oxytetracycline/ dexamethasone,Oxytetracycline,prefix
LABROXIN,Oxytocine,oxytocine,Oxytocin,exact
SYNTOCINON,Oxytocine,oxytocine,Oxytocin,exact
POSTUITRIN,Oxytocine,oxytocine,Oxytocin,exact
PACLITAX,PACLITAXEL,paclitaxel,Paclitaxel,exact
IBRANCE,Palbociclib,palbociclib,Palbociclib,exact
SYNAGIS,PALIVISUMAB,palivisumab,Palivizumab,prefix
XEPLION,Palmitate de palipéridone,palmitate de palipéridone,,none
PAMIDRIA,PAMIDRONATE SODIUM,pamidronate sodium,Pamidronic acid,prefix
CREON 12 000 U,Pancréatine,pancréatine,,none
LISAPAN,PANCURONIUM BROMURE,pancuronium bromure,Pancuronium,prefix
VECTIBIX,PANITUMUMAB,panitumumab,Panitumumab,exact
ACTICARBINE,PAPAVERINE CHLORHYDRATE/CHARBON ACTIVE,papaverine/charbon active,papaverine,prefix
PARALGAN,PARACETAMOL,paracetamol,paracetamol,exact
DOLPRIV,PARACETAMOL,paracetamol,paracetamol,exact
DOLI-BIEN,PARACETAMOL,paracetamol,paracetamol,exact
PARACETAL,PARACETAMOL,paracetamol,paracetamol,exact
PEDIAMOL,PARACETAMOL,paracetamol,paracetamol,exact
MIGRAMOL,PARACETAMOL,paracetamol,paracetamol,exact
MIGRAMOL PEDIATRIQUE,PARACETAMOL,paracetamol,paracetamol,exact
PARACETAMOL PHARMAGHREB,PARACETAMOL,paracetamol,paracetamol,exact
EFFERALGAN,PARACETAMOL,paracetamol,paracetamol,exact
EFFERALGAN PEDIATRIQUE,PARACETAMOL,paracetamol,paracetamol,exact
EFFERALGAN,PARACETAMOL,paracetamol,paracetamol,exact
PARAMOL,PARACETAMOL,paracetamol,paracetamol,exact
EXPANDOL,PARACETAMOL,paracetamol,paracetamol,exact
PAROL,PARACETAMOL,paracetamol,paracetamol,exact
PAROL,PARACETAMOL,paracetamol,paracetamol,exact
DOLYC,PARACETAMOL,paracetamol,paracetamol,exact
PARACETAMOL BIOCARE,PARACETAMOL,paracetamol,paracetamol,exact
PANADOL 1G,PARACETAMOL,paracetamol,paracetamol,exact
SUPPFADOL 170,PARACETAMOL,paracetamol,paracetamol,exact
"DOLIPRANE 2,4%",PARACETAMOL,paracetamol,paracetamol,exact
DOLIPRANE,PARACETAMOL,paracetamol,paracetamol,exact
DOLYMEX,PARACETAMOL,paracetamol,paracetamol,exact
SAPRAMOL,PARACETAMOL,paracetamol,paracetamol,exact
PARACETAMOL PHYSIOPHARM,PARACETAMOL,paracetamol,paracetamol,exact
PLANADIX LIQUIZ,PARACETAMOL,paracetamol,paracetamol,exact
ACETADOL,PARACETAMOL,paracetamol,paracetamol,exact
PAROL,PARACETAMOL,paracetamol,paracetamol,exact
PERMIDOL,PARACETAMOL,paracetamol,paracetamol,exact
SUPPFADOL 100,PARACETAMOL,paracetamol,paracetamol,exact
SUPPFADOL 150,PARACETAMOL,paracetamol,paracetamol,exact
SUPPFADOL 200,PARACETAMOL,paracetamol,paracetamol,exact
SUPPFADOL 300,PARACETAMOL,paracetamol,paracetamol,exact
DOLIPRANE,PARACETAMOL,paracetamol,paracetamol,exact
DOLYMEX,PARACETAMOL,paracetamol,paracetamol,exact
DOLYMEX,PARACETAMOL,paracetamol,paracetamol,exact
PARACETAMOL PHYSIOPHARM,PARACETAMOL,paracetamol,paracetamol,exact
PARAMOL RHUME,PARACETAMOL /  PSEUDOEPHEDRINE CHLORHYDRATE,paracetamol /  pseudoephedrine,paracetamol,prefix
EFFERALGAN VITAMINE C,PARACETAMOL / ACIDE ASCORBIQUE,paracetamol / acide ascorbique,paracetamol,prefix
FERVEX,PARACETAMOL / ACIDE ASCORBIQUE / MALEATE DE PHENIRAMINE,paracetamol / acide ascorbique / de pheniramine,paracetamol,prefix
FERVEX ADULTE SANS SUCRE,PARACETAMOL / ACIDE ASCORBIQUE / PHENIRAMINE MALEATE,paracetamol / acide ascorbique / pheniramine,paracetamol,prefix
BIOVEX,PARACETAMOL / ACIDE ASCORBIQUE / PHENIRAMINE MALEATE,paracetamol / acide ascorbique / pheniramine,paracetamol,prefix
EXPANDOL PLUS,PARACETAMOL / CAFEINE,paracetamol / cafeine,paracetamol,prefix
EXTRADOL,PARACETAMOL / CAFEINE,paracetamol / cafeine,paracetamol,prefix
PANADOL EXTRA,PARACETAMOL / CAFEINE,paracetamol / cafeine,paracetamol,prefix
PACET EXTRA,PARACETAMOL / CAFEINE,paracetamol / cafeine,paracetamol,prefix
PLANADIX EXTRA,PARACETAMOL / CAFEINE,paracetamol / cafeine,paracetamol,prefix
PANADOL RHUME + GRIPPE,PARACETAMOL / CAFEINE / PHENYLEPHRINE CHLORHYDRATE,paracetamol / cafeine / phenylephrine,paracetamol,prefix
COPARALGAN,Paracétamol / Codéine phosphate hémihydraté,paracétamol / codéine hémihydraté,,none
DAFALGAN CODEINE,Paracétamol / Codéine phosphate hémihydraté,paracétamol / codéine hémihydraté,,none
COEXPANDOL,Paracétamol / Codéine phosphate hémihydraté,paracétamol / codéine hémihydraté,,none
CODOLIPRANE,Paracétamol / Codéine phosphate hémihydraté,paracétamol / codéine hémihydraté,,none
PLANADIX CONFORT +,Paracétamol / Codéine phosphate hémihydraté,paracétamol / codéine hémihydraté,,none
RYNZA,PARACETAMOL / MALEATE DE PHENIRAMINE / PHENYLEPHRINE HYDROCHLORIDE / CAFEINE,paracetamol / de pheniramine / phenylephrine hydrochloride / cafeine,paracetamol,prefix
PARADIPAL,PARACETAMOL / PSEUDOEPHEDRINE  CHLORHYDRATE COMP. DE JOUR  ET                                                     PARACETAMOL / DIPHENHYDRAMINE  CHLORHYDRATE COMP. DE NUIT,paracetamol / pseudoephedrine  comp. de jour  et                                                     paracetamol / diphenhydramine  comp. de nuit,paracetamol,prefix
TRIPARACETAL,PARACETAMOL / PSEUDOEPHEDRINE CHLORHYDRATE  / TRIPROLIDINE CHLORHYDRATE,paracetamol / pseudoephedrine  / triprolidine,paracetamol,prefix
HUMEXLIB,PARACETAMOL /MALEATE DE CHLORPHENIRAMINE,paracetamol /maleate de chlorpheniramine,paracetamol,prefix
PARAC-CO,PARACETAMOL /PHOSPHATE DE CODEINE HEMIHYDRATE,paracetamol /phosphate de codeine,paracetamol,prefix
PARAMOL EXTRA,PARACETAMOL/ CAFEINE ANHYDRE,paracetamol/ cafeine,paracetamol,prefix
DOLMATOL,Paracétamol/ Tramadol chlorhydrate,paracétamol/ tramadol,,none
PARAMOL PLUS,Paracétamol/ Tramadol chlorhydrate,paracétamol/ tramadol,,none
PRADOL,Paracétamol/ Tramadol chlorhydrate,paracétamol/ tramadol,,none
XAMADOL,Paracétamol/ Tramadol chlorhydrate,paracétamol/ tramadol,,none
SUPRADOLEX,Paracétamol/ Tramadol chlorhydrate,paracétamol/ tramadol,,none
XALDOL,Paracétamol/ Tramadol chlorhydrate,paracétamol/ tramadol,,none
CETADOL,Paracétamol/ Tramadol chlorhydrate,paracétamol/ tramadol,,none
PLANADIX ADVANCE,Paracétamol/ Tramadol chlorhydrate,paracétamol/ tramadol,,none
EXTRAMADOL,Paracétamol/ Tramadol chlorhydrate,paracétamol/ tramadol,,none
DOLOKIL,Paracétamol/ Tramadol chlorhydrate,paracétamol/ tramadol,,none
CODOFEBRIL,PARACETAMOL/CODEINE PHOSPHATE HEMIHYDRATE,paracetamol/codeine,paracetamol,prefix
COPARAMOL FORT,PARACETAMOL/CODEINE PHOSPHATE HEMIHYDRATE,paracetamol/codeine,paracetamol,prefix
CO-DOLYC,PARACETAMOL/CODEINE PHOSPHATE HEMIHYDRATE,paracetamol/codeine,paracetamol,prefix
FEBRECTOL NOURRISSONS,PARACETAMOL/HUILE ESSENTIELLE DE PIN DE SYLVESTRE,paracetamol/huile essentielle de pin de sylvestre,paracetamol,prefix
FEBRECTOL ENFANTS,PARACETAMOL/HUILE ESSENTIELLE DE PIN DE SYLVESTRE,paracetamol/huile essentielle de pin de sylvestre,paracetamol,prefix
FEBRECTOL ADULTES,PARACETAMOL/HUILE ESSENTIELLE DE PIN DE SYLVESTRE,paracetamol/huile essentielle de pin de sylvestre,paracetamol,prefix
RHYNEX,PARACETAMOL/PHENIRAMINE MALEATE/ACIDE ASCORBIQUE,paracetamol/pheniramine/acide ascorbique,paracetamol,prefix
PLANADIX RHUME,PARACETAMOL/PSEUDOEPHEDRINE (SOUS FORME DE CHLORHYDRATE)**,paracetamol/pseudoephedrine (sous forme de)**,paracetamol,prefix
HUMEX RHUME,PARACETAMOL/PSEUDOEPHEDRINE (SOUS FORME DE CHLORHYDRATE)** ET PARACETAMOL/CHLORPHENIRAMINE(SOUS FORME DE MALEATE)**,paracetamol/pseudoephedrine (sous forme de)** et paracetamol/chlorpheniramine(sous forme de)**,paracetamol,prefix
DYNASTAT,PARéCOXIB,parécoxib,,none
PAREXAT,PAROXETINE CHLORHYDRATE ANHYDRE (EXPRIME EN PAROXETINE),paroxetine),Paroxetine,prefix
DEPRETINE,PAROXETINE CHLORHYDRATE EXPRIME EN PAROXETINE,paroxetine,Paroxetine,exact
ADDNOK,PAROXETINE CHLORHYDRATE HEMIHYDRATE (EXPRIME EN PAROXETINE),paroxetine),Paroxetine,prefix
PAROXINAD,PAROXETINE CHLORHYDRATE HEMIHYDRATE (EXPRIME EN PAROXETINE),paroxetine),Paroxetine,prefix
PAROXETINE GL,PAROXETINE CHLORHYDRATE HEMIHYDRATE EXPRIME EN PAROXETINE,paroxetine,Paroxetine,exact
DOZAX,PAROXETINE CHLORHYDRATE HEMIHYDRATE EXPRIME EN PAROXETINE,paroxetine,Paroxetine,exact
PAXETINE,PAROXETINE CHLORHYDRATE HEMIHYDRATE EXPRIME EN PAROXETINE,paroxetine,Paroxetine,exact
DEROXAT,PAROXETINE CHLORHYDRATE HEMIHYDRATE EXPRIME EN PAROXETINE,paroxetine,Paroxetine,exact
PAROXETINE BEKER,PAROXETINE CHLORHYDRATE HEMIHYDRATE EXPRIME EN PAROXETINE,paroxetine,Paroxetine,exact
DEPRETINE,Paroxetine(sous forme de chlorhydrate hemihydratée),paroxetine(sous forme de hemihydratée),Paroxetine,prefix
PAROXETIL BGL,PAROXETINE** (SOUS FORME DE CHLORHYDRATE HEMIHYDRATE),paroxetine** (sous forme de),Paroxetine,prefix
VOTRIENT,PAZOPANIB CHLORHYDRATE EXPRIME EN PAZOPANIB,pazopanib,Pazopanib,exact
NEULASTIM,PEGFILGRASTIM amgen,pegfilgrastim amgen,Pegfilgrastim,prefix
KEYTRUDA,Pembrolizumab,pembrolizumab,Pembrolizumab,exact
ALIMTA,PEMETREXED DISODIQUE EXPRIME EN PEMETREXED,pemetrexed,Pemetrexed,exact
BDPEM,PEMETREXED DISODIQUE EXPRIME EN PEMETREXED,pemetrexed,Pemetrexed,exact
PREXET,PEMETREXED DISODIQUE HEMIPENTAHYDRATE EXPRIME EN PEMETREXED,pemetrexed,Pemetrexed,exact
PODOXRED,PEMETREXED DISODIQUE HEMIPENTAHYDRATE EXPRIME EN PEMETREXED,pemetrexed,Pemetrexed,exact
PEMETREXED INTAS,PEMETREXED DISODIUM,pemetrexed disodium,Pemetrexed,prefix
PREXET,Pémétrexed hémipentahydraté disodique,pémétrexed hémipentahydraté,,none
PENTORENTAL,PENTOXIFYLLINE,pentoxifylline,Pentoxifylline,exact
COVERSYL,PERINDOPRIL ARGININE,perindopril arginine,,none
PRETERAX ARGININE,PERINDOPRIL ARGININE / INDAPAMIDE,perindopril arginine / indapamide,,none
BIPRETERAX ARGININE,PERINDOPRIL ARGININE / INDAPAMIDE,perindopril arginine / indapamide,,none
PERINDOSYL,PERINDOPRIL ERBUMINE,perindopril erbumine,,none
FLUTERAX,PERINDOPRIL ERBUMINE / INDAPAMIDE,perindopril erbumine / indapamide,,none
PERINDOSYL,PERINDOPRIL TER-BUTYLAMINE,perindopril ter-butylamine,,none
PERINDOPRIL BEKER,PERINDOPRIL TER-BUTYLAMINE,perindopril ter-butylamine,,none
BINOVAX,PERINDOPRIL TER-BUTYLAMINE / INDAPAMIDE,perindopril ter-butylamine / indapamide,,none
FLUTERAX,PERINDOPRIL TER-BUTYLAMINE / INDAPAMIDE,perindopril ter-butylamine / indapamide,,none
EVERYL,PERINDOPRIL TER-BUTYLAMINE / INDAPAMIDE,perindopril ter-butylamine / indapamide,,none
BIEVERYL,PERINDOPRIL TER-BUTYLAMINE / INDAPAMIDE,perindopril ter-butylamine / indapamide,,none
OXYDERM 10 V  RPP,PEROXYDE D' HYDROGENE,peroxyde d' hydrogene,,none
EAU OXYGENEE,PEROXYDE D' HYDROGENE,peroxyde d' hydrogene,,none
CUTACNYL,PEROXYDE DE BENZOYLE,peroxyde de benzoyle,,none
EAU OXYGENEE,PEROXYDE D'HYDROGENE,peroxyde d'hydrogene,,none
EAU OXYGENEE 10V,PEROXYDE D'HYDROGENE,peroxyde d'hydrogene,,none
PERJETA,Pertuzumab,pertuzumab,Pertuzumab,exact
OTIPAX,PHENAZONE/CHLORHYDRATE DE LIDOCAINE,phenazone/chlorhydrate de lidocaine,,none
ORICALM,PHENAZONE/CHLORHYDRATE DE LIDOCAINE,phenazone/chlorhydrate de lidocaine,,none
SEVENAL,PHENOBARBITAL,phenobarbital,Phenobarbital,exact
PHENOXAL,PHENOBARBITAL,phenobarbital,Phenobarbital,exact
GARDENAL,PHENOBARBITAL** (SOUS FORME SODIQUE),phenobarbital** (sous forme),Phenobarbital,prefix
ORAPEN,PHENOXYMETHYLPENICILLINE,phenoxymethylpenicilline,Phenoxymethylpenicillin,exact
PENIVAL,PHENOXYMETHYLPENICILLINE POTASSIQUE,phenoxymethylpenicilline potassique,,none
ORAPEN,PHENOXYMETHYLPENICILLINE POTASSIQUE EXPRIME EN PHENOXYMETHYLPENICILLINE,phenoxymethylpenicilline,Phenoxymethylpenicillin,exact
PENIVAL,PHENOXYMETHYLPENICILLINE POTASSIQUE EXPRIME EN PHENOXYMETHYLPENICILLINE,phenoxymethylpenicilline,Phenoxymethylpenicillin,exact
APIFRIN -10,PHENYLEPHRINE,phenylephrine,Phenylephrine,exact
NEOSYNEPHRINE FAURE 10%,PHENYLEPHRINE CHLORHYDRATE,phenylephrine,Phenylephrine,exact
GRIPEX,PHENYLEPHRINE CHLORHYDRATE/CHLORPHENIRAMINE MALEATE,phenylephrine/chlorpheniramine,,none
FENTEX,PHENYTOINE SODIQUE,phenytoine,Phenytoin,exact
EUFOR,Phloroglucinol dihydraté,phloroglucinol dihydraté,Phloroglucinol,prefix
SPASLAM,Phloroglucinol dihydraté,phloroglucinol dihydraté,Phloroglucinol,prefix
PHLOROGLUCINOL IVAL,Phloroglucinol dihydraté,phloroglucinol dihydraté,Phloroglucinol,prefix
SPASMOL,Phloroglucinol dihydraté,phloroglucinol dihydraté,Phloroglucinol,prefix
PHLOROGLUCINOL BGL,Phloroglucinol dihydraté,phloroglucinol dihydraté,Phloroglucinol,prefix
SPASMEX,Phloroglucinol dihydraté,phloroglucinol dihydraté,Phloroglucinol,prefix
SPACYL,Phloroglucinol dihydraté,phloroglucinol dihydraté,Phloroglucinol,prefix
SPASMODYL,Phloroglucinol dihydraté,phloroglucinol dihydraté,Phloroglucinol,prefix
PHLOROXIM,Phloroglucinol dihydraté,phloroglucinol dihydraté,Phloroglucinol,prefix
OROSPASM,Phloroglucinol dihydraté,phloroglucinol dihydraté,Phloroglucinol,prefix
PHLOROGLUCINOL HUP,Phloroglucinol dihydraté,phloroglucinol dihydraté,Phloroglucinol,prefix
SPASFOMEX,Phloroglucinol dihydraté,phloroglucinol dihydraté,Phloroglucinol,prefix
LEVOSPASME,Phloroglucinol dihydraté,phloroglucinol dihydraté,Phloroglucinol,prefix
PHLOROGLUCINOL MM,Phloroglucinol dihydraté,phloroglucinol dihydraté,Phloroglucinol,prefix
PHLOSPASM,Phloroglucinol dihydraté,phloroglucinol dihydraté,Phloroglucinol,prefix
PHLOSPAM,Phloroglucinol dihydraté,phloroglucinol dihydraté,Phloroglucinol,prefix
METEOLAX,PHLOROGLUCINOL DIHYDRATE/ SIMETICONE,phloroglucinol/ simeticone,Phloroglucinol,prefix
PHLOCINAL,PHLOROGLUCINOL HYDRATE/ TRIMETHYLPHLOROGLUCINOL,phloroglucinol hydrate/ trimethylphloroglucinol,Phloroglucinol,prefix
SPASMODYL,PHLOROGLUCINOL HYDRATE/ TRIMETHYLPHLOROGLUCINOL,phloroglucinol hydrate/ trimethylphloroglucinol,Phloroglucinol,prefix
RHINATHIOL AD TOUX SECHE,PHOLCODINE,pholcodine,Pholcodine,exact
TUSSO RHINATHIOL TOUX SECHE ENFANT,PHOLCODINE,pholcodine,Pholcodine,exact
BIOCALYPTOL A LA PHOLCODINE,PHOLCODINE / GAIACOL,pholcodine / gaiacol,Pholcodine,prefix
POLERY ENFANTS,PHOLCODINE/EXTRAIT FLUIDE D'ERYSIMUM,pholcodine/extrait fluide d'erysimum,Pholcodine,prefix
COLOKIT,Phosphate monosodique monohydraté / phosphate disodique anhydre,phosphate monohydraté /,,none
NEOCALCIGENOL,PHOSPHATE TRICALCIQUE / FLUORURE DE SODIUM / VITAMINE D3 / ASCORBATE DE SODIUM,phosphate tricalcique / fluorure de sodium / vitamine d3 / ascorbate de sodium,,none
VITABACT,PICLOXYDINE CHLORHYDRATE,picloxydine,,none
PICOPREP,PICOSULFATE DE SODIUM/OXYDE DE MAGNéSIUM LéGER / ACIDE CITRIQUE,picosulfate de sodium/oxyde de magnésium léger / acide citrique,Picosulfuric acid,prefix
APICARPIN,PILOCARPINE,pilocarpine,Pilocarpine,exact
PILO 1,PILOCARPINE (NITRATE),pilocarpine (nitrate),Pilocarpine,prefix
PINAVERIUM GL,PINAVERIUM BROMURE,pinaverium bromure,Pinaverium,prefix
DICETEL,PINAVERIUM BROMURE,pinaverium bromure,Pinaverium,prefix
PINAVERIUM NOVAGENERICS,PINAVERIUM BROMURE,pinaverium bromure,Pinaverium,prefix
PINATEL,PINAVERIUM BROMURE,pinaverium bromure,Pinaverium,prefix
PRIXAM,PIROXICAM,piroxicam,Piroxicam,exact
FELCAM,PIROXICAM,piroxicam,Piroxicam,exact
PIROXICAM NOVAGENERICS,PIROXICAM,piroxicam,Piroxicam,exact
FELCAM FAST,PIROXICAM,piroxicam,Piroxicam,exact
FENOXAM,PIROXICAM,piroxicam,Piroxicam,exact
FRADENE,PIROXICAM,piroxicam,Piroxicam,exact
PIROXEN,PIROXICAM,piroxicam,Piroxicam,exact
ORTHOCAM,PIROXICAM,piroxicam,Piroxicam,exact
PIROXENE,PIROXICAM,piroxicam,Piroxicam,exact
PRELDENE,PIROXICAM,piroxicam,Piroxicam,exact
ROXICAM,PIROXICAM,piroxicam,Piroxicam,exact
PIROXICAM PHYSIOPHARM,PIROXICAM,piroxicam,Piroxicam,exact
PIROXICAM  PHYSIOPHARM,PIROXICAM,piroxicam,Piroxicam,exact
FELDENE,PIROXICAM,piroxicam,Piroxicam,exact
CYCLADOL,PIROXICAM SOUS FORME DE COMPLEXE PIROXICAM - BETA - CYCLODEXTRINE EXPRIME EN PIROXICAM,piroxicam,Piroxicam,exact
FORTRANS,POLYETHYLENE GLYCOL 4000 / SULFATE DE SODIUM ANHYDRE / BICARBONATE DE SODIUM / CHLORURE DE SODIUM / CHLORURE DE POTASSIUM,polyethylene glycol 4000 / de sodium / bicarbonate de sodium / chlorure de sodium / chlorure de potassium,,none
PANOTILE,POLYMYXINE /NEOMYCINE/ACETATE DE FLUDROCORTISONE/LIDOCAINE CHLORHYDRATE,polymyxine /neomycine/acetate de fludrocortisone/lidocaine,Polymyxin B,prefix
KAYEXALATE,POLYSTIRENE SULFONATE DE SODIUM,polystirene sulfonate de sodium,,none
POLYLAD,POLYVIDONE IODEE,polyvidone iodee,Polyvinyl alcohol,prefix
BETADERMINE,POLYVIDONE IODEE,polyvidone iodee,Polyvinyl alcohol,prefix
NOXAFIL,POSACONAZOLE,posaconazole,Posaconazole,exact
KALIGON,POTASSIUM GLUCONATE,potassium,Potassium,exact
FLUIDABAK,POVIDONE,povidone,Povidone,exact
BETADINE SCRUB,POVIDONE IODEE,povidone iodee,,none
FOLOTYN,Pralatrexate,pralatrexate,,none
DOPREXOL,Pramipexole Dichlorhydrate,pramipexole dichlorhydrate,Pramipexole,prefix
ELISOR,PRAVASTATINE (SOUS FORME SODIQUE)**,pravastatine (sous forme)**,Pravastatin,prefix
PRASIVAST,PRAVASTATINE SODIQUE,pravastatine,Pravastatin,exact
LYSANXIA,PRAZEPAM,prazepam,Prazepam,exact
PREZIVA,PRAZEPAM,prazepam,Prazepam,exact
PRAZEPAM GS,PRAZEPAM,prazepam,Prazepam,exact
PEITEL,PREDNICARBATE,prednicarbate,Prednicarbate,exact
OROPRED,PREDNISOLONE,prednisolone,Prednisolone,exact
SWOR,PREDNISOLONE,prednisolone,Prednisolone,exact
SOLOPRED HUP,PREDNISOLONE,prednisolone,Prednisolone,exact
PREDNAMEX,PREDNISOLONE,prednisolone,Prednisolone,exact
PHYSIOLONE,PREDNISOLONE,prednisolone,Prednisolone,exact
PREDNICORT,PREDNISOLONE,prednisolone,Prednisolone,exact
PREDNAMEX,PREDNISOLONE,prednisolone,Prednisolone,exact
OPHTAPRED,PREDNISOLONE,prednisolone,Prednisolone,exact
OPTIPRED,PREDNISOLONE (SOUS FORME D'ACETATE)**,prednisolone (sous forme d'acetate)**,,none
DEPRISOLE,PREDNISOLONE METASULFOBENZOATE DE SODIUM EXPRIME EN PREDNISOLONE,prednisolone,Prednisolone,exact
CORTIPRED ORO,PREDNISOLONE METASULFOBENZOATE DE SODIUM EXPRIME EN PREDNISOLONE,prednisolone,Prednisolone,exact
KORTIKAN 20,PREDNISOLONE METASULFOBENZOATE DE SODIUM EXPRIME EN PREDNISOLONE,prednisolone,Prednisolone,exact
REDNILEF,PREDNISOLONE METASULFOBENZOATE SODIQUE EXPRIME EN PREDNISOLONE,prednisolone,Prednisolone,exact
PREDNAL,PREDNISOLONE METASULFOBENZOATE SODIQUE EXPRIME EN PREDNISOLONE,prednisolone,Prednisolone,exact
DEPRISOLE,PREDNISOLONE METASULFOBENZOATE SODIQUE EXPRIME EN PREDNISOLONE,prednisolone,Prednisolone,exact
LAMISOLONE,PREDNISOLONE METASULFOBENZOATE SODIQUE EXPRIME EN PREDNISOLONE,prednisolone,Prednisolone,exact
OROPRED,PREDNISOLONE METASULFOBENZOATE SODIQUE EXPRIME EN PREDNISOLONE,prednisolone,Prednisolone,exact
CORTIDAL,PREDNISOLONE METASULFOBENZOATE SODIQUE EXPRIME EN PREDNISOLONE,prednisolone,Prednisolone,exact
PREDNISOLONE MM ORO,PREDNISOLONE METASULFOBENZOATE SODIQUE EXPRIME EN PREDNISOLONE,prednisolone,Prednisolone,exact
LAMISOLONE,Prednisolone s/f metasulfobenzoate sodique,prednisolone s/f metasulfobenzoate,,none
PRECORTYL,PREDNISONE,prednisone,Prednisone,exact
NADCORTYL,PREDNISONE,prednisone,Prednisone,exact
REGAB,Prégabaline,prégabaline,,none
PREGABA,Prégabaline,prégabaline,,none
LYRICA,Prégabaline,prégabaline,,none
NEURAXON 150,Prégabaline,prégabaline,,none
NEURAXON,Prégabaline,prégabaline,,none
PRERICA,Prégabaline,prégabaline,,none
NERVAX,Prégabaline,prégabaline,,none
GABALYSE,Prégabaline,prégabaline,,none
LIPRAG,Prégabaline,prégabaline,,none
NEURICA,Prégabaline,prégabaline,,none
RICABALINE,Prégabaline,prégabaline,,none
PREGABALINE LDM,Prégabaline,prégabaline,,none
LYRIZIN,Prégabaline,prégabaline,,none
LYRIZIN,Prégabaline,prégabaline,,none
YRICAL,Prégabaline,prégabaline,,none
PREGABALINE BEKER,Prégabaline,prégabaline,,none
PREGABALINE BEKER,Prégabaline,prégabaline,,none
LEPTICA,Prégabaline,prégabaline,,none
GALARA,Prégabaline,prégabaline,,none
PYOSTACINE,PRISTINAMYCINE,pristinamycine,Pristinamycin,exact
PROGESTOGEL,PROGESTERONE,progesterone,Progesterone,exact
PROGEVA,PROGESTERONE,progesterone,Progesterone,exact
PRANOK,PROMETHAZINE CHLORHYDRATE EXPRIME EN PROMETHAZINE,promethazine,Promethazine,exact
HEMANGIOL,Propanolol chlorhydrate exprimé en propanolol,propanolol,Propantheline,prefix
DIPRIVAN,PROPOFOL,propofol,Propofol,exact
PROPOFOL FRESENIUS 1%,PROPOFOL,propofol,Propofol,exact
PROVIVE,PROPOFOL,propofol,Propofol,exact
FEDICARD,PROPRANOLOL CHLORHYDRATE,propranolol,Propranolol,exact
NEOCARDIL,PROPRANOLOL CHLORHYDRATE,propranolol,Propranolol,exact
COMBANTRIN,PYRANTEL,pyrantel,Pyrantel,exact
HELMINTOX,PYRANTEL,pyrantel,Pyrantel,exact
COMBANTRIN,PYRANTEL,pyrantel,Pyrantel,exact
HELMINTOX,PYRANTEL,pyrantel,Pyrantel,exact
MESTINON,PYRIDOSTIGMINE BROMURE,pyridostigmine bromure,,none
PYRIDOXINE API,PYRIDOXINE CHLORHYDRATE,pyridoxine,pyridoxine,exact
QUETAL LP,QUETIAPINE FUMARATE EXPRIME EN QUETIAPINE,quetiapine,Quetiapine,exact
SEROQUEL,QUETIAPINE FUMARATE EXPRIME EN QUETIAPINE,quetiapine,Quetiapine,exact
SELOPRESS,QUETIAPINE FUMARATE EXPRIME EN QUETIAPINE,quetiapine,Quetiapine,exact
PINAQUINE,QUETIAPINE FUMARATE EXPRIME EN QUETIAPINE,quetiapine,Quetiapine,exact
PINAQUINE LP,QUETIAPINE FUMARATE EXPRIME EN QUETIAPINE,quetiapine,Quetiapine,exact
Q-PINE ALEMBIC MAMI,QUETIAPINE FUMARATE EXPRIME EN QUETIAPINE,quetiapine,Quetiapine,exact
QUETAL LP,QUETIPINE FUMARATE EXPRIME EN QUETIAPINE,quetiapine,Quetiapine,exact
ACUITEL,QUINAPRIL CHLORHYDRATE EXPRIME EN QUINAPRIL,quinapril,Quinapril,exact
ACUILIX,QUINAPRIL CHLORHYDRATE EXPRIME EN QUINAPRIL / HYDROCHLOROTHIAZIDE,quinapril / hydrochlorothiazide,,none
DOCATRIL,RACECADOTRIL,racecadotril,Racecadotril,exact
TIOPAM NOURISSONS,RACECADOTRIL,racecadotril,Racecadotril,exact
TIOPAM ENFANT,RACECADOTRIL,racecadotril,Racecadotril,exact
CELOFON NOURRISSON,RACECADOTRIL,racecadotril,Racecadotril,exact
DIARFAN,RACECADOTRIL,racecadotril,Racecadotril,exact
EVIFEN,RALOXIFENE CHLORHYDRATE,raloxifene,Raloxifene,exact
ISENTRESS,RALTEGRAVIR,raltegravir,Raltegravir,exact
TANATRIL,RAMIPRIL,ramipril,Ramipril,exact
TANATRIL,RAMIPRIL,ramipril,Ramipril,exact
RAMINORM,RAMIPRIL,ramipril,Ramipril,exact
TRIAMPEX,RAMIPRIL,ramipril,Ramipril,exact
RAMIPRIL BEKER,RAMIPRIL,ramipril,Ramipril,exact
TANATRIL +,Ramipril / Hydrochlorothiazide,ramipril / hydrochlorothiazide,,none
TRITAZIDE,Ramipril / Hydrochlorothiazide,ramipril / hydrochlorothiazide,,none
CYRAMZA,Ramucirumab,ramucirumab,Ramucirumab,exact
PROTOS,RANELATE DE STRONTIUM,ranelate de strontium,,none
LUCENTIS,RANIBIZUMAB,ranibizumab,Ranibizumab,exact
ROLAN,RANITIDINE CHLORHYDRATE EXPRIME EN RANITIDINE,ranitidine,Ranitidine,exact
RANITEX,RANITIDINE CHLORHYDRATE EXPRIME EN RANITIDINE,ranitidine,Ranitidine,exact
RANITIDAL,RANITIDINE CHLORHYDRATE EXPRIME EN RANITIDINE,ranitidine,Ranitidine,exact
RANITIDINE MABO,RANITIDINE CHLORHYDRATE EXPRIME EN RANITIDINE,ranitidine,Ranitidine,exact
RANICARE,RANITIDINE CHLORHYDRATE EXPRIME EN RANITIDINE,ranitidine,Ranitidine,exact
RANIMEX,RANITIDINE CHLORHYDRATE EXPRIME EN RANITIDINE,ranitidine,Ranitidine,exact
RATIDEX,RANITIDINE CHLORHYDRATE EXPRIME EN RANITIDINE,ranitidine,Ranitidine,exact
BIOLECT,RASAGLINE MESILATE,rasagline mesilate,,none
STIVARGRA,REGORAFENIB,regorafenib,Regorafenib,exact
GLINIX,Répaglinide,répaglinide,,none
REPAGLINIDE GL,Répaglinide,répaglinide,,none
SUCRONORME,Répaglinide,répaglinide,,none
REPAGLINIDE PHYSIOPHARM,Répaglinide,répaglinide,,none
BIONORM,Répaglinide,répaglinide,,none
DIAGLINIDE,Répaglinide,répaglinide,,none
GLYCENORM,Répaglinide,répaglinide,,none
NEONORM,Répaglinide,répaglinide,,none
REPAGLINIDE BEKER,Répaglinide,répaglinide,,none
REPAGLINIDE BEKER,Répaglinide,répaglinide,,none
OSMOTOL,RESORCINOL / EPHEDRINE (CHLORHYDRATE),resorcinol / ephedrine (chlorhydrate),Resorcinol,prefix
VITAMINE A FAURE,RETINOL,retinol,retinol,exact
REBETOL,RIBAVIRINE,ribavirine,Ribavirin,exact
RIBAVIRINE BEKER,RIBAVIRINE,ribavirine,Ribavirin,exact
RIFAMYCINE CHIBRET,RIFAMYCINE,rifamycine,Rifamycin,exact
RIFAMYCINE CHIBRET,RIFAMYCINE (SODIQUE),rifamycine (sodique),Rifamycin,prefix
OTOFA,RIFAMYCINE SODIQUE,rifamycine,Rifamycin,exact
ACTONEL,RISEDRONATE MONOSODIQUE,risedronate,Risedronic acid,prefix
RESPIROX,RISPERIDONE,risperidone,Risperidone,exact
RISPEED,RISPERIDONE,risperidone,Risperidone,exact
RISPED,RISPERIDONE,risperidone,Risperidone,exact
RISPERIDONE BGL,RISPERIDONE,risperidone,Risperidone,exact
RISPAL,RISPERIDONE,risperidone,Risperidone,exact
RIPCYL,RISPERIDONE,risperidone,Risperidone,exact
RIPCYL,Risperidone,risperidone,Risperidone,exact
PSYDAL ODT,RISPERIDONE,risperidone,Risperidone,exact
RESDONE,RISPERIDONE,risperidone,Risperidone,exact
RISPERONE,RISPERIDONE,risperidone,Risperidone,exact
RIPERAL,RISPERIDONE,risperidone,Risperidone,exact
RISPERIDONE BEKER,RISPERIDONE,risperidone,Risperidone,exact
RISPERIDONE BEKER ORO,RISPERIDONE,risperidone,Risperidone,exact
RISPERNAD,RISPERIDONE,risperidone,Risperidone,exact
RITNA,RITONAVIR,ritonavir,Ritonavir,exact
MABTHERA,RITUXIMAB,rituximab,Rituximab,exact
RYVOL,RIVAROXABAN,rivaroxaban,Rivaroxaban,exact
XARELTO,RIVAROXABAN,rivaroxaban,Rivaroxaban,exact
TROMBIX,RIVAROXABAN,rivaroxaban,Rivaroxaban,exact
RIVASTI,RIVASTIGMINE HYDROGENOTARTRATE EXPRIME EN RIVASTIGMINE,rivastigmine,Rivastigmine,exact
RIVASTI,RIVASTIGMINE HYDROGENOTARTRATE EXPRIME EN RIVASTIGMINE,rivastigmine,Rivastigmine,exact
RIVASTIG,RIVASTIGMINE HYDROGENOTARTRATE EXPRIME EN RIVASTIGMINE,rivastigmine,Rivastigmine,exact
RESTILON,RIVASTIGMINE HYDROGENOTARTRATE EXPRIME EN RIVASTIGMINE,rivastigmine,Rivastigmine,exact
RESTILON,RIVASTIGMINE TARTRATE EXPRIME EN RIVASTIGMINE,rivastigmine,Rivastigmine,exact
RONIUM,ROCURONIUM BROMURE,rocuronium bromure,Rocuronium,prefix
N PLATE,ROMIPLOSTIM,romiplostim,,none
KEPNIROL,ROPINIROLE CHLORHYDRATE EXPRIME EN ROPINIROLE,ropinirole,Ropinirole,exact
SUPERSTAT,Rosuvastatine calcique exprimé en rosuvastatine,rosuvastatine,Rosuvastatin,exact
ROSUVASTATINE LDM,Rosuvastatine calcique exprimé en rosuvastatine,rosuvastatine,Rosuvastatin,exact
CRESTATINE,Rosuvastatine calcique exprimé en rosuvastatine,rosuvastatine,Rosuvastatin,exact
CRESTAT,Rosuvastatine calcique exprimé en rosuvastatine,rosuvastatine,Rosuvastatin,exact
CRESTOR,Rosuvastatine calcique exprimé en rosuvastatine,rosuvastatine,Rosuvastatin,exact
ROSUVASTOR,Rosuvastatine calcique exprimé en rosuvastatine,rosuvastatine,Rosuvastatin,exact
CRESTADIS,Rosuvastatine calcique exprimé en rosuvastatine,rosuvastatine,Rosuvastatin,exact
CRESOVAST,Rosuvastatine calcique exprimé en rosuvastatine,rosuvastatine,Rosuvastatin,exact
ROSUVASTATINE LDM,Rosuvastatine calcique exprimé en rosuvastatine,rosuvastatine,Rosuvastatin,exact
RUVAST,Rosuvastatine calcique exprimé en rosuvastatine,rosuvastatine,Rosuvastatin,exact
ROXAMED,ROXITHROMYCINE,roxithromycine,Roxithromycin,exact
ROXITHROMYCINE HUP,ROXITHROMYCINE,roxithromycine,Roxithromycin,exact
ROXIBACT ALEMBIC MAMI,ROXITHROMYCINE,roxithromycine,Roxithromycin,exact
ULTRA-LEVURE,SACCHAROMYCES BOULARDII,saccharomyces boulardii,,none
RABWALYSE,SALBUTAMOL,salbutamol,,none
SALBUTAMOL,SALBUTAMOL,salbutamol,,none
VENTMAX,SALBUTAMOL,salbutamol,,none
ASMADIL,SALBUTAMOL,salbutamol,,none
VANTAMED,SALBUTAMOL,salbutamol,,none
ASTHALIN,SALBUTAMOL,salbutamol,,none
VENTOLINE,SALBUTAMOL,salbutamol,,none
XABUMOL,SALBUTAMOL  SULFATE EXPIRIME EN SALBUTAMOL,salbutamol  expirime en salbutamol,,none
SALBUTAMOL  PHYSIOPHARM,SALBUTAMOL  SULFATE EXPIRIME EN SALBUTAMOL,salbutamol  expirime en salbutamol,,none
SALBULAM,SALBUTAMOL (SOUS FORME DE SULFATE),salbutamol (sous forme de),,none
IPRALIN,SALBUTAMOL SULFATE / BROMURE D'IPRATROPIUM ANHYDRE,salbutamol / bromure d'ipratropium,,none
AEROL,SALBUTAMOL SULFATE EXPERIME EN SALBUTAMOL,salbutamol experime en salbutamol,,none
Slbutamol razes,SALBUTAMOL SULFATE EXPRIME EN SALBUTAMO,salbutamo,,none
ASTHALIN,SALBUTAMOL SULFATE EXPRIME EN SALBUTAMOL,salbutamol,,none
KOXMA,SALBUTAMOL** (SOUS FORME DE SULFATE),salbutamol** (sous forme de),,none
SALBUMEX,SALBUTAMOL** (SOUS FORME DE SULFATE),salbutamol** (sous forme de),,none
SECNIDOLEX,SECNIDAZOLE ANHYDRE,secnidazole,Secnidazole,exact
PERMIXON,SERENOA REPENS,serenoa repens,,none
SEREXON,SERENOA REPENS,serenoa repens,,none
SERTAZOLE,SERTACONAZOLE,sertaconazole,Sertaconazole,exact
DERMOFIX,SERTACONAZOLE NITRATE,sertaconazole nitrate,Sertaconazole,prefix
OVUZOLE,Sertaconazole nitrate,sertaconazole nitrate,Sertaconazole,prefix
SERVAL,SERTRALINE CHLORHYDRATE (EXPRIME EN SERTRALINE),sertraline),Sertraline,prefix
ZOLOFT,SERTRALINE CHLORHYDRATE EXPRIME EN SERTRALINE,sertraline,Sertraline,exact
SERLOFT,SERTRALINE CHLORHYDRATE EXPRIME EN SERTRALINE,sertraline,Sertraline,exact
SERVAL,SERTRALINE CHLORHYDRATE EXPRIME EN SERTRALINE,sertraline,Sertraline,exact
RENAGEL,SEVELAMER,sevelamer,Sevelamer,exact
FOSEAL,SEVELAMER,sevelamer,Sevelamer,exact
SEVOFLURANE USP,SEVOFLURANE,sevoflurane,Sevoflurane,exact
SEVORANE,SEVOFLURANE,sevoflurane,Sevoflurane,exact
APHRODIL,SILDENAFIL CITRATE,sildenafil,Sildenafil,exact
VIACTAL,Sildénafil citrate,sildénafil,,none
VIANAFIL,Sildénafil citrate,sildénafil,,none
SILDEFAL,Sildénafil citrate,sildénafil,,none
VIAGRA,Sildénafil citrate,sildénafil,,none
VIAREC,Sildénafil citrate,sildénafil,,none
ERECTA,Sildénafil citrate,sildénafil,,none
VIAFIL,Sildénafil citrate,sildénafil,,none
HEXOR,Sildénafil citrate,sildénafil,,none
FORCE MEN,Sildénafil citrate,sildénafil,,none
VIADIS,Sildénafil citrate,sildénafil,,none
CILAGRA,Sildénafil citrate,sildénafil,,none
VIAGNAFIL,Sildénafil citrate,sildénafil,,none
SILVEGRA,Sildénafil citrate,sildénafil,,none
INAGRA,Sildénafil citrate,sildénafil,,none
VIABEK,Sildénafil citrate,sildénafil,,none
FREEGAS,SIMETICONE,simeticone,,none
METEOXANE,SIMETICONE / PHLOROGLUCINOL,simeticone / phloroglucinol,,none
SIMEXANE 125/80,SIMETICONE / PHLOROGLUCINOL,simeticone / phloroglucinol,,none
SIVACOR,SIMVASTATINE,simvastatine,Simvastatin,exact
KOLESTINE 20,SIMVASTATINE,simvastatine,Simvastatin,exact
KOLESTINE,SIMVASTATINE,simvastatine,Simvastatin,exact
SIMVASTATINE BIOCARE,SIMVASTATINE,simvastatine,Simvastatin,exact
SIMVASTATINE LDM,SIMVASTATINE,simvastatine,Simvastatin,exact
SOCOB,SIMVASTATINE,simvastatine,Simvastatin,exact
RAPAMUNE,Sirolimus,sirolimus,Sirolimus,exact
GLYSAVIA,SITAGLIPTINE PHOSPHATE MONOHYDRATE EXPRIME EN SITAGLIPTINE,sitagliptine,Sitagliptin,exact
JANUVIA,SITAGLIPTINE PHOSPHATE MONOHYDRATE EXPRIME EN SITAGLIPTINE,sitagliptine,Sitagliptin,exact
SITANORM,SITAGLIPTINE PHOSPHATE MONOHYDRATE EXPRIME EN SITAGLIPTINE,sitagliptine,Sitagliptin,exact
JEGA,SITAGLIPTINE PHOSPHATE MONOHYDRATE EXPRIME EN SITAGLIPTINE,sitagliptine,Sitagliptin,exact
DIATAG,SITAGLIPTINE PHOSPHATE MONOHYDRATE EXPRIME EN SITAGLIPTINE,sitagliptine,Sitagliptin,exact
SITAGLIPTINE,SITAGLIPTINE PHOSPHATE MONOHYDRATE EXPRIME EN SITAGLIPTINE,sitagliptine,Sitagliptin,exact
SITAGLIPTINE BEKER,SITAGLIPTINE PHOSPHATE MONOHYDRATE EXPRIME EN SITAGLIPTINE,sitagliptine,Sitagliptin,exact
DALVEX,SITAGLIPTINE PHOSPHATE MONOHYDRATE EXPRIME EN SITAGLIPTINE,sitagliptine,Sitagliptin,exact
"CHLORURE DE SODIUM 0,9%",SODIUM CHLORURE,sodium chlorure,,none
CHLORURE DE SODIUM BIEFFE,SODIUM CHLORURE,sodium chlorure,,none
NATRIPACK,SODIUM CHLORURE,sodium chlorure,,none
LACTAFLEX,SODIUM CHLORURE / POTASSIUM CHLORURE / CALCIUM CHLORURE DIHYDRATE / SODIUM LACTATE,sodium chlorure / potassium chlorure / calcium chlorure / sodium,,none
"CHLORURE DE SODIUM 0,9%",SODIUM CHLORURE ISOTONIQUE,sodium chlorure isotonique,,none
NAPIVIR,SOFOSBUVIR,sofosbuvir,Sofosbuvir,exact
SOFOS,SOFOSBUVIR,sofosbuvir,Sofosbuvir,exact
SOFOSBUVIR MERINAL,SOFOSBUVIR,sofosbuvir,Sofosbuvir,exact
SOFOSLED,SOFOSBUVIR/LEDIPASVIR,sofosbuvir/ledipasvir,Sofosbuvir,prefix
SOVELBEK,SOFOSBUVIR/VELPATASVIR,sofosbuvir/velpatasvir,Sofosbuvir,prefix
SOLIFENACINE GL,SOLIFENACINE SUCCINATE,solifenacine succinate,Solifenacin,prefix
URILAX,SOLIFENACINE SUCCINATE,solifenacine succinate,Solifenacin,prefix
VESICARE,SOLIFENACINE SUCCINATE,solifenacine succinate,Solifenacin,prefix
VENACINE,SOLIFENACINE SUCCINATE,solifenacine succinate,Solifenacin,prefix
MULTIBIC SANS SUCRE,SOLUTION A CHLORURE DE CALCIUM DIHYDRATE/CHLORURE DE MAGNESIUM HEXAHYDRATE/GLUCOSE ANHYDRE S/F MONOHYDRATE SOLUTION B CHLORURE DE SODIUM /BICARBONATE DE SODIUM,solution a chlorure de calcium/chlorure de magnesium hexahydrate/glucose s/f solution b chlorure de sodium /bicarbonate de sodium,,none
MUTI-BIC 4 MMOL/L POTASIUM,SOLUTION A CHLORURE DE POTASSIUM/CHLORURE DE CALCIUM DIHYDRATE/CHLORURE DE MAGNESIUM HEXAHYDRATE/GLUCOSE ANHYDRE S/F MONOHYDRATE SOLUTION B CHLORURE DE SODIUM /BICARBONATE DE SODIUM,solution a chlorure de potassium/chlorure de calcium/chlorure de magnesium hexahydrate/glucose s/f solution b chlorure de sodium /bicarbonate de sodium,,none
MULTIBIC 2 MMOL/L POTASSIUM,SOLUTION ACIDE A BASE DE GLUCOSE ET ELECTROLYTES +SOLUTION ALCALINE A BASE  DE BICARBONATE DE SODIUM ET DE CHLORURE DE SODIUM,solution acide a base de glucose et electrolytes +solution alcaline a base  de bicarbonate de sodium et de chlorure de sodium,,none
NORDITROPINE NORDIFLEX,SOMATROPINE,somatropine,,none
SAIZEN CLICKEASY,SOMATROPINE OU HORMONE DE CROISSANCE HUMAINE RECOMBINANTE,somatropine ou hormone de croissance humaine recombinante,,none
OMNITROPE,Somatropine recombinante  SANDOZ,somatropine recombinante  sandoz,,none
ROVADAL,SPIRAMYCINE,spiramycine,Spiramycin,exact
SPIRAMYNAL,SPIRAMYCINE,spiramycine,Spiramycin,exact
SPIRACARE,SPIRAMYCINE,spiramycine,Spiramycin,exact
ROVAMYNE,SPIRAMYCINE,spiramycine,Spiramycin,exact
ROVAMYCINE,SPIRAMYCINE,spiramycine,Spiramycin,exact
SPIRAMYCINE AFRO,SPIRAMYCINE,spiramycine,Spiramycin,exact
SPIRAMYCINE ISO,SPIRAMYCINE,spiramycine,Spiramycin,exact
PRAMYCINE,SPIRAMYCINE,spiramycine,Spiramycin,exact
SPIRADENT,SPIRAMYCINE / METRONIDAZOLE,spiramycine / metronidazole,Spiramycin,prefix
BISPIRADENT,SPIRAMYCINE / METRONIDAZOLE,spiramycine / metronidazole,Spiramycin,prefix
OROGYL,SPIRAMYCINE / METRONIDAZOLE,spiramycine / metronidazole,Spiramycin,prefix
BI-OROGYL,SPIRAMYCINE / METRONIDAZOLE,spiramycine / metronidazole,Spiramycin,prefix
SPIROZIDE,SPIRONOLACTONE / ALTIZIDE,spironolactone / altizide,Spironolactone,prefix
ALDACTONE,SPIRONOLACTONE MICRONISEE,spironolactone,Spironolactone,exact
ALDACTAZINE,SPIRONOLACTONE/ALTIZIDE,spironolactone/altizide,Spironolactone,prefix
SUFENTA,SUFENTANIL CITRATE EXPRIME EN SUFENTANIL,sufentanil,Sufentanil,exact
BRIDION,SUGAMMADEX SODIQUE EXPRIME EN SUGAMMADEX,sugammadex,Sugammadex,exact
SULFAZINE,SULFADIAZINE ARGENTIQUE,sulfadiazine argentique,,none
SULFADIAZINE NOVAGENERICS,SULFADIAZINE ARGENTIQUE,sulfadiazine argentique,,none
COTRIMOXAL FORTE,SULFAMETHOXAZOLE / TRIMETHOPRIME,sulfamethoxazole / trimethoprime,,none
COTRIMOXAL,SULFAMETHOXAZOLE / TRIMETHOPRIME,sulfamethoxazole / trimethoprime,,none
BACTISOL,SULFAMETHOXAZOLE / TRIMETHOPRIME,sulfamethoxazole / trimethoprime,,none
C-ZOLE,SULFAMETHOXAZOLE / TRIMETHOPRIME,sulfamethoxazole / trimethoprime,,none
STRUCTUM,SULFATE DE CHONDROÏTINE SODIQUE,sulfate de chondroïtine,,none
TARDYFERON B9,SULFATE FERREUX DESSECHE EXPRIME EN FER FERREUX /  ACIDE FOLIQUE,fer ferreux /  acide folique,,none
SULPUREN,SULPIRIDE,sulpiride,Sulpiride,exact
SULPIDAL,SULPIRIDE,sulpiride,Sulpiride,exact
DOGMATIL,SULPIRIDE,sulpiride,Sulpiride,exact
KANISAR,SULPIRIDE,sulpiride,Sulpiride,exact
SUPRIL,SULPIRIDE,sulpiride,Sulpiride,exact
SULPIRIDE LS,SULPIRIDE,sulpiride,Sulpiride,exact
G-SULPIRIDE,SULPIRIDE,sulpiride,Sulpiride,exact
SYNED,SULPIRIDE,sulpiride,Sulpiride,exact
sulpiryl,SULPIRIDE,sulpiride,Sulpiride,exact
SULPIRIDE MERINAL,SULPIRIDE,sulpiride,Sulpiride,exact
SYNEDIL Gé,SULPIRIDE,sulpiride,Sulpiride,exact
SUNADIL,SULPIRIDE,sulpiride,Sulpiride,exact
SULMATIL,SULPIRIDE,sulpiride,Sulpiride,exact
DOGMATIL SANS SUCRE,SULPIRIDE,sulpiride,Sulpiride,exact
SULPIMEX,SULPIRIDE,sulpiride,Sulpiride,exact
SULAN,SULPIRIDE,sulpiride,Sulpiride,exact
CALMIG,SUMATRIPTAN SUCCINATE,sumatriptan succinate,Sumatriptan,prefix
MIGREX,SUMATRIPTAN SUCCINATE EXPRIME EN SUMATRIPAN,sumatripan,Sumatriptan,prefix
SUTENT,SUNITINIB MALATE EXPRIME EN SUNITINIB,sunitinib,Sunitinib,exact
TACROLIMUS CINFA,TACROLIMUS MONOHYDRATE EXPRIME EN TACROLIMUS,tacrolimus,Tacrolimus,exact
TIM,TACROLIMUS MONOHYDRATE EXPRIME EN TACROLIMUS,tacrolimus,Tacrolimus,exact
VINGRAF,TACROLIMUS MONOHYDRATE EXPRIME EN TACROLIMUS,tacrolimus,Tacrolimus,exact
TAFIALYS,Tadalafil,tadalafil,Tadalafil,exact
CIAFAL,Tadalafil,tadalafil,Tadalafil,exact
CLAFAL,TADALAFIL,tadalafil,Tadalafil,exact
TYRA,TADALAFIL,tadalafil,Tadalafil,exact
NOVALIS,Tadalafil,tadalafil,Tadalafil,exact
VITALIS 20MG,Tadalafil,tadalafil,Tadalafil,exact
ERIXIUM,Tadalafil,tadalafil,Tadalafil,exact
TADALIS,Tadalafil,tadalafil,Tadalafil,exact
TADALIS,TADALAFIL,tadalafil,Tadalafil,exact
TALAN,Tadalafil,tadalafil,Tadalafil,exact
ERIXIUM,TADALAFIL,tadalafil,Tadalafil,exact
TAMOXIFEN EBEWE 20MG,TAMOXIFENE,tamoxifene,Tamoxifen,exact
TAMOXIFENE MYLAN,TAMOXIFENE CITRATE EXPRIME EN TAMOXIFENE,tamoxifene,Tamoxifen,exact
SULOZIR LP,TAMSULOSINE CHLORHYDRATE,tamsulosine,Tamsulosin,exact
PROSTAM LP,TAMSULOSINE CHLORHYDRATE,tamsulosine,Tamsulosin,exact
TAMSULIX LP,TAMSULOSINE CHLORHYDRATE,tamsulosine,Tamsulosin,exact
OLSERAZ,TAMSULOSINE CHLORHYDRATE,tamsulosine,Tamsulosin,exact
PROSTASIR LP,TAMSULOSINE CHLORHYDRATE,tamsulosine,Tamsulosin,exact
PROSTALOZINE LP,TAMSULOSINE CHLORHYDRATE,tamsulosine,Tamsulosin,exact
TAMSIR LP,TAMSULOSINE CHLORHYDRATE,tamsulosine,Tamsulosin,exact
TAMSUMED LP,TAMSULOSINE CHLORHYDRATE,tamsulosine,Tamsulosin,exact
TAMSULOSINE BEKER,TAMSULOSINE CHLORHYDRATE,tamsulosine,Tamsulosin,exact
TAMSULOSINE MM LP,TAMSULOSINE CHLORHYDRATE,tamsulosine,Tamsulosin,exact
GAMCET,TAMSULOSINE CHLORHYDRATE,tamsulosine,Tamsulosin,exact
TARGOCID,TEICOPLANINE,teicoplanine,Teicoplanin,exact
TELMISARTE,TELMISARTAN,telmisartan,Telmisartan,exact
CARDIMED,TELMISARTAN,telmisartan,Telmisartan,exact
MICARDIS,TELMISARTAN,telmisartan,Telmisartan,exact
TELMIDIS,TELMISARTAN,telmisartan,Telmisartan,exact
TELMISA,TELMISARTAN,telmisartan,Telmisartan,exact
TENSOTEL,TELMISARTAN,telmisartan,Telmisartan,exact
BEKERDIS,TELMISARTAN,telmisartan,Telmisartan,exact
TENSOTEL,TELMISARTAN,telmisartan,Telmisartan,exact
BEKERDIS,TELMISARTAN,telmisartan,Telmisartan,exact
TELMISARTE +,TELMISARTAN/HYDROCHLOROTHIAZIDE,telmisartan/hydrochlorothiazide,Telmisartan,prefix
TELMISARTE+,TELMISARTAN/HYDROCHLOROTHIAZIDE,telmisartan/hydrochlorothiazide,Telmisartan,prefix
CO BEKERDIS,TELMISARTAN/HYDROCHLOROTHIAZIDE,telmisartan/hydrochlorothiazide,Telmisartan,prefix
MICARDIS PLUS,TELMISARTAN/HYDROCHLOROTHIAZIDE,telmisartan/hydrochlorothiazide,Telmisartan,prefix
CO TENSOTEL,TELMISARTAN/HYDROCHLOROTHIAZIDE,telmisartan/hydrochlorothiazide,Telmisartan,prefix
TEMOSIDE-20,TEMOZOLOMIDE,temozolomide,Temozolomide,exact
ELAXIM,Ténectéplase GENNOVA,ténectéplase gennova,,none
TROPHYL N,TENOATE DE SODIUM,tenoate de sodium,,none
TROPHYL E,TENOATE DE SODIUM,tenoate de sodium,,none
TROPHIRES-NOURRISSONS,TENOATE DE SODIUM / HUILE ESSENTIELLE D'EUCALYPTUS,tenoate de sodium / huile essentielle d'eucalyptus,,none
TYNORES ENFANT,TENOATE DE SODIUM / HUILE ESSENTIELLE D'EUCALYPTUS,tenoate de sodium / huile essentielle d'eucalyptus,,none
THYNORES PLUS ENFANT,TENOATE DE SODIUM / HUILE ESSENTIELLE D'EUCALYPTUS / PARACETAMOL,tenoate de sodium / huile essentielle d'eucalyptus / paracetamol,,none
TROPHIRES-ADULTES,TENOATE DE SODIUM/HUILE ESSENTIELLE D'EUCALYPTUS,tenoate de sodium/huile essentielle d'eucalyptus,,none
TROPHIRES-ENFANTS,TENOATE DE SODIUM/HUILE ESSENTIELLE D'EUCALYPTUS,tenoate de sodium/huile essentielle d'eucalyptus,,none
TROPHYL PLUS N,TENOATE DE SODIUM/HUILE ESSENTIELLE D'EUCALYPTUS/PARACETAMOL,tenoate de sodium/huile essentielle d'eucalyptus/paracetamol,,none
TROPHYL PLUS E,TENOATE DE SODIUM/HUILE ESSENTIELLE D'EUCALYPTUS/PARACETAMOL,tenoate de sodium/huile essentielle d'eucalyptus/paracetamol,,none
TROPHIRES COMPOSE NOURRISSONS,TENOATE DE SODIUM/HUILE ESSENTIELLE D'EUCALYPTUS/PARACETAMOL,tenoate de sodium/huile essentielle d'eucalyptus/paracetamol,,none
TROPHIRES COMPOSE ENFANTS,TENOATE DE SODIUM/HUILE ESSENTIELLE D'EUCALYPTUS/PARACETAMOL,tenoate de sodium/huile essentielle d'eucalyptus/paracetamol,,none
TROPHIRES COMPOSE ADULTES,TENOATE DE SODIUM/HUILE ESSENTIELLE D'EUCALYPTUS/PARACETAMOL,tenoate de sodium/huile essentielle d'eucalyptus/paracetamol,,none
TENOF,TENOFOVIR DISOPROXIL FUMARATE,tenofovir disoproxil,Tenofovir disoproxil,exact
TERBIFINE,TERBINAFINE CHLORHYDRATE,terbinafine,Terbinafine,exact
TERFINEX,TERBINAFINE CHLORHYDRATE,terbinafine,Terbinafine,exact
TERBINAN,TERBINAFINE CHLORHYDRATE,terbinafine,Terbinafine,exact
TERBINAFINE LDM,TERBINAFINE CHLORHYDRATE,terbinafine,Terbinafine,exact
DERMAFINE,TERBINAFINE CHLORHYDRATE,terbinafine,Terbinafine,exact
TERBIDAL 1%,TERBINAFINE CHLORHYDRATE,terbinafine,Terbinafine,exact
TERBINAMEX,TERBINAFINE CHLORHYDRATE,terbinafine,Terbinafine,exact
TERBIFINE,TERBINAFINE CHLORHYDRATE EXPRIME EN TERBINAFINE,terbinafine,Terbinafine,exact
EVOMISIL,TERBINAFINE CHLORHYDRATE EXPRIME EN TERBINAFINE,terbinafine,Terbinafine,exact
TERFINEX,TERBINAFINE CHLORHYDRATE EXPRIME EN TERBINAFINE,terbinafine,Terbinafine,exact
LAMINOX,TERBINAFINE CHLORHYDRATE EXPRIME EN TERBINAFINE,terbinafine,Terbinafine,exact
TERBINAN,TERBINAFINE CHLORHYDRATE EXPRIME EN TERBINAFINE,terbinafine,Terbinafine,exact
TERBIL,TERBINAFINE CHLORHYDRATE EXPRIME EN TERBINAFINE,terbinafine,Terbinafine,exact
TERBINAFINE BEKER,TERBINAFINE CHLORHYDRATE EXPRIME EN TERBINAFINE,terbinafine,Terbinafine,exact
TALIN,TERBUTALINE,terbutaline,Terbutaline,exact
BRICANYL TURBUHALER,TERBUTALINE SULFATE,terbutaline,Terbutaline,exact
ISOBUTALINE,TERBUTALINE SULFATE,terbutaline,Terbutaline,exact
BRICANYL LP,TERBUTALINE SULFATE,terbutaline,Terbutaline,exact
FORTEO,TERIPARATIDE,teriparatide,Teriparatide,exact
ANDRIOL TESTOCAPS,TESTOSTERONE UNDECANOATE,testosterone undecanoate,Testosterone undecanoate,exact
THEOSTAT LP,THEOPHYLLINE,theophylline,Theophylline,exact
DIFFUMAX,THEOPHYLLINE,theophylline,Theophylline,exact
TROIS B,THIAMINE / PYRIDOXINE / CYANOCOBALAMINE,thiamine / pyridoxine / cyanocobalamine,Thiamine,prefix
NOVITAL,THIAMINE CHLORHYDRATE / PYRIDOXINE CHLORHYDRATE,thiamine / pyridoxine,Thiamine,prefix
BIROVIT HUP,THIAMINE CHLORHYDRATE / PYRIDOXINE CHLORHYDRATE,thiamine / pyridoxine,Thiamine,prefix
VITAMINE B1 B6 BGL,THIAMINE MONONITRATE / PYRIDOXINE CHLORHYDRATE,thiamine mononitrate / pyridoxine,Thiamine,prefix
VITAZYME,THIAMINE MONONITRATE / PYRIDOXINE CHLORHYDRATE,thiamine mononitrate / pyridoxine,Thiamine,prefix
TRI-B,THIAMINE MONONITRATE / PYRIDOXINE CHLORHYDRATE / CYANOCOBALAMINE,thiamine mononitrate / pyridoxine / cyanocobalamine,Thiamine,prefix
TRI-B-VIT HUP,THIAMINE MONONITRATE / PYRIDOXINE CHLORHYDRATE / CYANOCOBALAMINE,thiamine mononitrate / pyridoxine / cyanocobalamine,Thiamine,prefix
THIAMINE API,THIAMINE NITRATE,thiamine nitrate,Thiamine,prefix
APIROVIT,THIAMINE/PYRIDOXINE,thiamine/pyridoxine,Thiamine,prefix
RELAXAN,THIOCOLCHICOSIDE,thiocolchicoside,Thiocolchicoside,exact
MIOCED,THIOCOLCHICOSIDE,thiocolchicoside,Thiocolchicoside,exact
"THIOPENTAL VUAB inj.plv.sol.0,5 g",Thiopental sodique et carbonate de sodium exprimé en thiopental sodium,thiopental sodium,Thiopental,prefix
THIOPENTAL VUAB inj.plv.sol.1.0 g,Thiopental sodique et carbonate de sodium exprimé en thiopental sodium,thiopental sodium,Thiopental,prefix
GEFRANE,THIOPHENE (SOUS FORME DE CARBOXYLATE DE SODIUM),thiophene (sous forme de carboxylate de sodium),,none
BRILIQUE,TICAGRELOR,ticagrelor,Ticagrelor,exact
TICLID,TICLOPIDINE   (SOUS FORME DE CHLORHYDRATE)**,ticlopidine   (sous forme de)**,Ticlopidine,prefix
TIMONAL,TIEMONIUM METHYLSULFATE,tiemonium methylsulfate,,none
TYGACIL,Tigécycline,tigécycline,,none
TIMOLOL,TIMOLOL,timolol,Timolol,exact
TIMOLOL,TIMOLOL,timolol,Timolol,exact
GELTIM LP,TIMOLOL MALEATE EXPRIME EN TIMOLOL,timolol,Timolol,exact
DIGAOL,TIMOLOL MALEATE EXPRIME EN TIMOLOL,timolol,Timolol,exact
APIMOL,TIMOLOL MALEATE EXPRIME EN TIMOLOL,timolol,Timolol,exact
MEDYOL,TIMOLOL MALEATE EXPRIME EN TIMOLOL,timolol,Timolol,exact
OPHTAMOLOL,TIMOLOL MALEATE EXPRIME EN TIMOLOL,timolol,Timolol,exact
FASIGYNE,TINIDAZOLE,tinidazole,Tinidazole,exact
FAGYX,TINIDAZOLE,tinidazole,Tinidazole,exact
INNOHEP,TINZAPARINE SODIQUE  (HBPM),tinzaparine  (hbpm),Tinzaparin,prefix
INNOHEP,TINZAPARINE SODIQUE (HBPM),tinzaparine (hbpm),Tinzaparin,prefix
SPIRIVA,TIOTROPIUM BROMURE MONOHYDRATE EXPRIME EN TIOTROPIUM,tiotropium,Tiotropium,exact
AGRASTAT,TIROFIBAN CHLORHYDRATE MONOHYDRATE EXPRIME EN TIROFIBAN,tirofiban,Tirofiban,exact
TOBREX,TOBRAMYCINE,tobramycine,Tobramycin,exact
OBRAX,TOBRAMYCINE,tobramycine,Tobramycin,exact
TAUBRIGENE,TOBRAMYCINE / DEXAMETHASONE,tobramycine / dexamethasone,Tobramycin,prefix
OPTIDEX-T,TOBRAMYCINE / DEXAMETHASONE,tobramycine / dexamethasone,Tobramycin,prefix
EREMCINE,TOBRAMYCINE SULFATE EXPRIME EN TOBRAMYCINE,tobramycine,Tobramycin,exact
ACTEMRA,TOCILIZUMAB,tocilizumab,Tocilizumab,exact
API E,TOCOPHEROL,tocopherol,Tocopherylquinone,prefix
MYDOCALM,TOLPERISONE CHLORHYDRATE,tolperisone,Tolperisone,exact
NEOCALM,TOLPERISONE CHLORHYDRATE,tolperisone,Tolperisone,exact
TOLPICALM,TOLPERISONE CHLORHYDRATE,tolperisone,Tolperisone,exact
SOPRICALM,TOLPERISONE CHLORHYDRATE,tolperisone,Tolperisone,exact
TOPICLOMAX,TOPIRAMATE,topiramate,Topiramate,exact
TRAMEX,TRAMADOL CHLORHYDRATE EXPRIME EN TRAMADOL,tramadol,Tramadol,exact
TRAMADOL NOVAGENERICS,TRAMADOL CHLORHYDRATE EXPRIME EN TRAMADOL,tramadol,Tramadol,exact
TRAMADOL LS,TRAMADOL CHLORHYDRATE EXPRIME EN TRAMADOL,tramadol,Tramadol,exact
DOLEX,TRAMADOL CHLORHYDRATE EXPRIME EN TRAMADOL,tramadol,Tramadol,exact
TRAMADIS,TRAMADOL CHLORHYDRATE EXPRIME EN TRAMADOL,tramadol,Tramadol,exact
TRAMAL,TRAMADOL CHLORHYDRATE EXPRIME EN TRAMADOL,tramadol,Tramadol,exact
SUPRAMADOL,TRAMADOL CHLORHYDRATE EXPRIME EN TRAMADOL,tramadol,Tramadol,exact
TRAMADOL BEKER,TRAMADOL CHLORHYDRATE EXPRIME EN TRAMADOL,tramadol,Tramadol,exact
TRAMADOL  BEKER LP,TRAMADOL CHLORHYDRATE EXPRIME EN TRAMADOL,tramadol,Tramadol,exact
TRAMCETA LP,Tramadol hydrochloride,tramadol hydrochloride,Tramadol,prefix
HERCEPTIN,TRASTUZUMAB,trastuzumab,Trastuzumab,exact
CANMAB 150,TRASTUZUMAB,trastuzumab,Trastuzumab,exact
HERTRAZ 440,Trastuzumab,trastuzumab,Trastuzumab,exact
KADCYLA,Trastuzumab emtansine,trastuzumab emtansine,Trastuzumab emtansine,exact
TRAVOST,TRAVOPROST,travoprost,Travoprost,exact
LISATRIAM,TRIAMCINOLONE ACETONIDE,triamcinolone acetonide,Triamcinolone,prefix
CRONOLONE,TRIAMCINOLONE ACETONIDE,triamcinolone acetonide,Triamcinolone,prefix
KENACORT RETARD,TRIAMCINOLONE ACETONIDE,triamcinolone acetonide,Triamcinolone,prefix
NASACORT,TriamCINOLONE ACETONIDE,triamcinolone acetonide,Triamcinolone,prefix
NASALONE,TriamCINOLONE ACETONIDE,triamcinolone acetonide,Triamcinolone,prefix
NASALIX,TRIAMCINOLONE ACETONIDE,triamcinolone acetonide,Triamcinolone,prefix
NASACET,TRIAMCINOLONE ACETONIDE,triamcinolone acetonide,Triamcinolone,prefix
HUPPACORT RETARD,TRIAMCINOLONE ACETONIDE,triamcinolone acetonide,Triamcinolone,prefix
MYCOCIDE,TRIAMCINOLONE S/F TRIAMCINOLONE ACETONIDE /NEOMYCINE S/F NEOMYCINE  SULFATE / NYSTATINE,triamcinolone s/f triamcinolone acetonide /neomycine s/f neomycine  / nystatine,Triamcinolone,prefix
PARKINANE  LP,TRIHEXYPHENIDYLE,trihexyphenidyle,Trihexyphenidyl,exact
PARKIDYL,TRIHEXYPHENIDYLE CHLORHYDRATE,trihexyphenidyle,Trihexyphenidyl,exact
SOWEL,TRIHEXYPHENIDYLE CHLORHYDRATE,trihexyphenidyle,Trihexyphenidyl,exact
TRIMEDAT,TRIMEBUTINE,trimebutine,Trimebutine,exact
TRIMEBUTINE SAIDAL,TRIMEBUTINE MALEATE,trimebutine,Trimebutine,exact
TRANSACALM,TRIMEBUTINE MALEATE,trimebutine,Trimebutine,exact
DIGESTAT,TRIMEBUTINE MALEATE,trimebutine,Trimebutine,exact
TRIMEBUTINE B,TRIMEBUTINE MALEATE,trimebutine,Trimebutine,exact
SAPBRIDATE,TRIMEBUTINE MALEATE,trimebutine,Trimebutine,exact
TRIMEBUTINE BIOCARE,TRIMEBUTINE MALEATE,trimebutine,Trimebutine,exact
DEBRICALM,TRIMEBUTINE MALEATE,trimebutine,Trimebutine,exact
DEBRITINE,TRIMEBUTINE MALEATE,trimebutine,Trimebutine,exact
TRIBEMEX,TRIMEBUTINE MALEATE,trimebutine,Trimebutine,exact
COLOSTOP,TRIMEBUTINE MALEATE,trimebutine,Trimebutine,exact
GASTRIMED,TRIMEBUTINE MALEATE,trimebutine,Trimebutine,exact
VASTAREL,TRIMETAZIDINE DICHLORHYDRATE,trimetazidine dichlorhydrate,,none
SURMONTIL,TRIMIPRAMINE,trimipramine,Trimipramine,exact
SURMONTIL,TRIMIPRAMINE MESILATE EXPRIME EN TRIMIPRAMINE,trimipramine,Trimipramine,exact
RHUMOFEBRAL,TRIPROLIDINE (CHLORHYDRATE) / PSEUDIEPHEDRINE (CHLORHYDRATE) / PARACETAMOL,triprolidine (chlorhydrate) / pseudiephedrine (chlorhydrate) / paracetamol,Triprolidine,prefix
RHUMAFRO,TRIPROLIDINE (SOUS FORME DE CHLORHYDRATE)**  / PSEUDOEPHEDRINE (SOUS FORME DE CHLORHYDRATE)** / PARACETAMOL,triprolidine (sous forme de)**  / pseudoephedrine (sous forme de)** / paracetamol,Triprolidine,prefix
RHUMAFED,TRIPROLIDINE CHLORHYDRATE / PSEUDOEPHEDRINE CHLORHYDRATE / PARACETAMOL,triprolidine / pseudoephedrine / paracetamol,Triprolidine,prefix
RHINAFED,TRIPROLIDINE CHLORHYDRATE / PSEUDOEPHEDRINE CHLORHYDRATE / PARACETAMOL,triprolidine / pseudoephedrine / paracetamol,Triprolidine,prefix
SOMIFED,TRIPROLIDINE CHLORHYDRATE / PSEUDOEPHEDRINE CHLORHYDRATE / PARACETAMOL,triprolidine / pseudoephedrine / paracetamol,Triprolidine,prefix
DECAPEPTYL,TRIPTORELINE,triptoreline,Triptorelin,exact
"DECAPEPTYL LP 3,75MG",TRIPTORELINE ACETATE EXPRIME EN TRIPTORELINE,triptoreline,Triptorelin,exact
DECAPEPTYL  L.P.,TRIPTORELINE PAMOATE EXPRIME EN TRIPTORELINE,triptoreline,Triptorelin,exact
MYDRIATICUM,TROPICAMIDE,tropicamide,Tropicamide,exact
MYDRICOL,TROPICAMIDE,tropicamide,Tropicamide,exact
NOVO EIGHT,TUROCTOCOG ALFA ( FACTEUR VIII DE CCOAGULATION HUMAIN ADN r),turoctocog alfa ( facteur viii de ccoagulation humain adn r),,none
ZYDENA,UDENAFIL,udenafil,Udenafil,exact
HELIKIT,UREE 13C,uree 13c,,none
RANCLOVIR,VALACICLOVIR CHLORHYDRATE,valaciclovir,Valaciclovir,exact
RANCYTE,Valganciclovir chlorhydrate exprime en Valganciclovir,valganciclovir,Valganciclovir,exact
ISOLEP,VALPROATE DE SODIUM,valproate de sodium,Valproic acid,prefix
MEVAKINE,VALPROATE DE SODIUM,valproate de sodium,Valproic acid,prefix
VALPROATE DE SODIUM BGL,VALPROATE DE SODIUM,valproate de sodium,Valproic acid,prefix
VALPROCIDE GS CHRONO 500,VALPROATE DE SODIUM,valproate de sodium,Valproic acid,prefix
DEPAKINE,VALPROATE DE SODIUM,valproate de sodium,Valproic acid,prefix
DEPAKINE CHRONO,VALPROATE DE SODIUM,valproate de sodium,Valproic acid,prefix
IPAKINE,VALPROATE DE SODIUM,valproate de sodium,Valproic acid,prefix
PAKEDAL,VALPROATE DE SODIUM,valproate de sodium,Valproic acid,prefix
ENCORATE,VALPROATE DE SODIUM,valproate de sodium,Valproic acid,prefix
ENCORATE 500,VALPROATE DE SODIUM,valproate de sodium,Valproic acid,prefix
CONVEP,VALPROATE DE SODIUM,valproate de sodium,Valproic acid,prefix
PHYSIOLONE,VALPROATE DE SODIUM,valproate de sodium,Valproic acid,prefix
VALPROATE AFRO,VALPROATE DE SODIUM,valproate de sodium,Valproic acid,prefix
ARBITAN,Valsartan,valsartan,Valsartan,exact
VALACLOR 40,Valsartan,valsartan,Valsartan,exact
VALACLOR 80,Valsartan,valsartan,Valsartan,exact
VALACLOR 160,Valsartan,valsartan,Valsartan,exact
TAREG,Valsartan,valsartan,Valsartan,exact
VALEX 80,Valsartan,valsartan,Valsartan,exact
VALEX 160,Valsartan,valsartan,Valsartan,exact
VALSARTAN LDM,Valsartan,valsartan,Valsartan,exact
RETA 80,Valsartan,valsartan,Valsartan,exact
RETA 160,Valsartan,valsartan,Valsartan,exact
VALSAN,Valsartan,valsartan,Valsartan,exact
SARTEG,Valsartan,valsartan,Valsartan,exact
HUREG,Valsartan,valsartan,Valsartan,exact
VALASTAN,Valsartan,valsartan,Valsartan,exact
VESTAG,Valsartan,valsartan,Valsartan,exact
VALCARD ALEMBIC MAMI,Valsartan,valsartan,Valsartan,exact
DIVALAN,Valsartan,valsartan,Valsartan,exact
VIASART,Valsartan,valsartan,Valsartan,exact
CO-ARBITAN,Valsartan / Hydrochlorothiazide,valsartan / hydrochlorothiazide,Valsartan,prefix
VALACLOR PLUS,Valsartan / Hydrochlorothiazide,valsartan / hydrochlorothiazide,Valsartan,prefix
COTAREG,Valsartan / Hydrochlorothiazide,valsartan / hydrochlorothiazide,Valsartan,prefix
NOVAVALZ PLUS,Valsartan / Hydrochlorothiazide,valsartan / hydrochlorothiazide,Valsartan,prefix
CO VALSARTAN IVAL,Valsartan / Hydrochlorothiazide,valsartan / hydrochlorothiazide,Valsartan,prefix
CO-VALSARTAN IVAL,Valsartan / Hydrochlorothiazide,valsartan / hydrochlorothiazide,Valsartan,prefix
CO-VALEX,Valsartan / Hydrochlorothiazide,valsartan / hydrochlorothiazide,Valsartan,prefix
VALSARTAN+HCTZ LDM,Valsartan / Hydrochlorothiazide,valsartan / hydrochlorothiazide,Valsartan,prefix
VALSARTAN/ HYDROCHLOROTHIAZIDE LDM,Valsartan / Hydrochlorothiazide,valsartan / hydrochlorothiazide,Valsartan,prefix
VLASARTAN+HCTZ LDM,Valsartan / Hydrochlorothiazide,valsartan / hydrochlorothiazide,Valsartan,prefix
CO-RETA,Valsartan / Hydrochlorothiazide,valsartan / hydrochlorothiazide,Valsartan,prefix
THIA-VALSAN,Valsartan / Hydrochlorothiazide,valsartan / hydrochlorothiazide,Valsartan,prefix
COSARTEG,Valsartan / Hydrochlorothiazide,valsartan / hydrochlorothiazide,Valsartan,prefix
CO SARTEG,Valsartan / Hydrochlorothiazide,valsartan / hydrochlorothiazide,Valsartan,prefix
CO VALASTAN,Valsartan / Hydrochlorothiazide,valsartan / hydrochlorothiazide,Valsartan,prefix
CO-LIPIRINAD,Valsartan / Hydrochlorothiazide,valsartan / hydrochlorothiazide,Valsartan,prefix
COVESTAG,Valsartan / Hydrochlorothiazide,valsartan / hydrochlorothiazide,Valsartan,prefix
DIVALAN PLUS,Valsartan / Hydrochlorothiazide,valsartan / hydrochlorothiazide,Valsartan,prefix
VANCOMYCINE MYLAN,VANCOMYCINE** (SOUS FORME DE CHLORHYDRATE),vancomycine** (sous forme de),Vancomycin,prefix
LIBIDOX,Vardénafil hydrochloride trihydrate,vardénafil hydrochloride,,none
VECURON,VECURONIUM BROMURE,vecuronium bromure,Vecuronium,prefix
NEOVEC,VECURONIUM BROMURE,vecuronium bromure,Vecuronium,prefix
VPRIV,VELAGLUCERASE ALFA,velaglucerase alfa,,none
ZELBORAF,Vemurafenib,vemurafenib,Vemurafenib,exact
AVISINE,VENLAFAXINE CHLORHYDRATE EXPRIME EN VENLAFAXINE,venlafaxine,Venlafaxine,exact
VENLAXOR LP,VENLAFAXINE CHLORHYDRATE EXPRIME EN VENLAFAXINE,venlafaxine,Venlafaxine,exact
TEDEMA LP,VENLAFAXINE CHLORHYDRATE EXPRIME EN VENLAFAXINE,venlafaxine,Venlafaxine,exact
VENLAFAXINE GEBER,VENLAFAXINE CHLORHYDRATE EXPRIME EN VENLAFAXINE,venlafaxine,Venlafaxine,exact
VENEXOR,VENLAFAXINE**  (SOUS FORME DE VENLAFAXINE  CHLORHYDRATE),venlafaxine**  (sous forme de venlafaxine ),Venlafaxine,prefix
VISUDYNE,VERTEPORFINE,verteporfine,Verteporfin,exact
VILDAMETFOR,VIDAGLIPTINE/METFORMINE CHLORHYDRATE,vidagliptine/metformine,,none
GALVUS,Vildagliptine,vildagliptine,Vildagliptin,exact
GLAVIP,Vildagliptine,vildagliptine,Vildagliptin,exact
VILDAMETFOR,VILDAGLIPTINE/METFORMINE HYDROCHLORIDE,vildagliptine/metformine hydrochloride,Vildagliptin,prefix
VELBASTINE,VINBLASTINE SULFATE,vinblastine,Vinblastine,exact
JAVLOR,VINFLUNINE DITRATRATE EXPRIME EN VINFLUNINE,vinflunine,Vinflunine,exact
NAVELBINE,VINORELBINE,vinorelbine,Vinorelbine,exact
ERIVEDGE,Vismodegib,vismodegib,Vismodegib,exact
ASTENIA,VITAMINE A / VITAMINE D3 / VIATAMINE E / VITAMINE B1 /  VITAMINE B2/ VITAMINE B6 / NICOTINAMIDE /ACIDE FOLIQUE / ACIDE PANTHOTENIQUE / BIOTINE / VITAMINE B12 / VITAMINE C / BETA CAROTENE,vitamine a / vitamine d3 / viatamine e / vitamine b1 /  vitamine b2/ vitamine b6 / nicotinamide /acide folique / acide panthotenique / biotine / vitamine b12 / vitamine c / beta carotene,,none
VFEND,VORICONAZOLE,voriconazole,Voriconazole,exact
VECANZOL,VORICONAZOLE,voriconazole,Voriconazole,exact
VORICONAZOLE BEKER,VORICONAZOLE,voriconazole,Voriconazole,exact
CERULYSE,XYLENE,xylene,,none
ZIDOHOPE 300,ZIDOVUDINE,zidovudine,Zidovudine,exact
ZIDONE OS,ZIDOVUDINE,zidovudine,Zidovudine,exact
ZOMIPTAN,Zolmitriptan,zolmitriptan,Zolmitriptan,exact
STILNOX,ZOLPIDEM,zolpidem,Zolpidem,exact
ZOLIDRATE,ZOLPIDEM TARTRATE,zolpidem,Zolpidem,exact
