old_id,old_name,new_id,canonical_name,type,removal_reason
0,bilberry,0,Bilberry,Food / Whole-Food Preparation,
1,caffeine,1,Caffeine,Food Bioactive,
2,calcium,2,Calcium,Dietary Nutrient,
3,chamomile,3,Chamomile,Food Bioactive,
4,cheese,4,Cheese,Food Bioactive,
5,coffee,5,Coffee,Food Bioactive,
6,dairy,6,Dairy,Food Bioactive,
7,Fufang Danshen Dripping Pill,7,Danshen Compound,Food Bioactive,
8,echinacea,8,Echinacea,Food Bioactive,
9,fat,9,Fat,Food Bioactive,
10,fiber,10,Fiber,Food Bioactive,
11,folic acid,11,Folic Acid,Food Bioactive,
12,garlic bulb,12,Garlic Bulb,Food Bioactive,
13,Zingiber officinale,13,Ginger,Food Bioactive,
485,ginger,13,Ginger,Food Bioactive,
14,ginkgo,14,Ginkgo Biloba,Food Bioactive,
15,ginkgo biloba,14,Ginkgo Biloba,Food Bioactive,
16,ginseng,15,Ginseng,Food Bioactive,
17,grape fruit,16,Grapefruit,Food / Whole-Food Preparation,
18,grapefruit juice,16,Grapefruit,Food / Whole-Food Preparation,
486,grapefruit,16,Grapefruit,Food / Whole-Food Preparation,
19,green tea,17,Green Tea,Food / Whole-Food Preparation,
20,iron,18,Iron,Dietary Nutrient,
21,aqueous licorice extract,19,Licorice Extract,Food / Whole-Food Preparation,
22,magnesium,20,Magnesium,Dietary Nutrient,
23,milk,21,Milk,Food / Whole-Food Preparation,
24,orange juice,22,Orange Juice,Food / Whole-Food Preparation,
25,potassium,23,Potassium,Dietary Nutrient,
26,protein,24,Protein,Food Bioactive,
27,salt,25,Salt,Food Bioactive,
28,sodium,26,Sodium,Dietary Nutrient,
29,vitamin b,27,Vitamin B Complex,Dietary Nutrient,
30,Ascorbic acid,28,Vitamin C,Dietary Nutrient,
502,vitamin C,28,Vitamin C,Dietary Nutrient,
534,L-Ascorbic Acid,28,Vitamin C,Dietary Nutrient,
31,vitamin d,29,Vitamin D,Dietary Nutrient,
32,vitamin e,30,Vitamin E,Dietary Nutrient,
33,vitamins K2,31,Vitamin K2,Dietary Nutrient,
918,Vitamin K2,31,Vitamin K2,Dietary Nutrient,
34,zinc,32,Zinc,Dietary Nutrient,
35,(-)-Carvone,33,Carvone,Food Bioactive,
1406,Carvone,33,Carvone,Food Bioactive,
36,Acetic Acid,34,Acetic Acid,Food Bioactive,
37,Acorn,35,Acorn,Food Bioactive,
38,Acorus Gramineus,36,Shi Chang Pu,Food Bioactive,
39,Aegle Marmelos,37,Bael Fruit,Food / Whole-Food Preparation,
41,Agave,38,Agave,Food Bioactive,
42,Alaska Pollock,39,Alaska Pollock,Food Bioactive,
43,Ale,40,Ale,Food Bioactive,
44,Alga Gracilaria Caudata,41,Gracilaria Seaweed,Food Bioactive,
45,Amaranthus Tricolor,42,Amaranth,Food Bioactive,
936,Amaranth,42,Amaranth,Food Bioactive,
46,Amlaki,43,Amlaki,Food Bioactive,
47,Anetheum Graveolens,44,Dill,Food Bioactive,
48,Angelica Dahurica,45,Angelica Dahurica,Food Bioactive,
49,Angelica Keiskei,46,Angelica Keiskei,Food Bioactive,
50,Anise Myrtle,47,Anise Myrtle,Food Bioactive,
51,Anthocyanins,48,Anthocyanins,Food Bioactive,
52,Apios Americana,49,Groundnut,Food Bioactive,
183,Groundnut,49,Groundnut,Food Bioactive,
53,Apple,50,Apple,Food Bioactive,
54,Apple Condensed Tannin,51,Apple Condensed Tannin,Food Bioactive,
55,Apple Sauce,52,Apple Sauce,Food Bioactive,
56,Araceae,53,Araceae,Food Bioactive,
57,Arctostaphylos Uva-Ursi,54,Bearberry,Food / Whole-Food Preparation,
58,Aronia Melanocarpa,55,Black Chokeberry,Food / Whole-Food Preparation,
59,Ashwagandha,56,Ashwagandha,Food Bioactive,
60,Asparagus Officinalis,57,Asparagus,Food Bioactive,
61,Auraptene,58,Auraptene,Food Bioactive,
62,Azadirachta Indica,59,Neem,Food Bioactive,
64,Balanites Aegyptiaca,60,Desert Date,Food Bioactive,
65,Banana,61,Banana,Food Bioactive,
66,Beef Tallow,62,Beef Tallow,Food Bioactive,
67,Beer,63,Beer,Food Bioactive,
68,berberine chloride,64,Berberine,Food Bioactive,
921,Berberine,64,Berberine,Food Bioactive,
69,bergamot,65,Bergamot,Food Bioactive,
70,Bergamot Juice,66,Bergamot Juice,Food / Whole-Food Preparation,
71,Blackcurrant,67,Blackcurrant,Food Bioactive,
72,Blueberry,68,Blueberry,Food / Whole-Food Preparation,
73,Blueberry Anthocyanins-Enriched Extract,69,Blueberry Anthocyanins-Enriched Extract,Food / Whole-Food Preparation,
74,Boesenbergia Rotunda Rhizomes,70,Fingerroot,Food / Whole-Food Preparation,
75,Brassica Sprout,71,Brassica Sprout,Food / Whole-Food Preparation,
76,Broccoli,72,Broccoli,Food Bioactive,
77,Brown Algae,73,Brown Algae,Food / Whole-Food Preparation,
78,Brussels Sprouts,74,Brussels Sprouts,Food / Whole-Food Preparation,
79,Buckwheat Protein Extract,75,Buckwheat Protein Extract,Food / Whole-Food Preparation,
80,Budo-No-Megumi,76,Budo-No-Megumi,Food Bioactive,
81,C-Phycocyanin Complex,77,C-Phycocyanin,Food Bioactive,
82,C-Phycocyanin,77,C-Phycocyanin,Food Bioactive,
83,C. Chanroenicum,78,Cirsium Chanroenicum,Food Bioactive,
104,Cirsium,78,Cirsium Chanroenicum,Food Bioactive,
84,C. Zeylaniucm,79,Cinnamon,Food Bioactive,
102,Cinnamomum,79,Cinnamon,Food Bioactive,
103,Cinnamomum Zeylanicum,79,Cinnamon,Food Bioactive,
85,Caffeic Acid,80,Caffeic Acid,Food Bioactive,
86,Cajanus,81,Pigeonpea,Food Bioactive,
87,Canola,82,Canola,Food Bioactive,
88,Capsaicin,83,Capsaicin,Food Bioactive,
89,Carrageenan,84,Carrageenan,Food Bioactive,
90,Carrots,85,Carrots,Food Bioactive,
91,Castor,86,Castor,Food Bioactive,
92,Celery,87,Celery,Food Bioactive,
93,Chelerythrine,88,Chelerythrine,Food Bioactive,
94,Chelidonine,89,Chelidonine,Food Bioactive,
95,Chenopodium,90,Chenopodium,Food Bioactive,
96,Cherries,91,Cherries,Food Bioactive,
97,Chicken,92,Chicken,Food Bioactive,
98,Chinese Parsley,93,Chinese Parsley,Food Bioactive,
99,Chitosan,94,Chitosan,Food Bioactive,
100,Chuan Lian,95,Chuan Lian,Food Bioactive,
101,Cichorium Intybus,96,Chicory,Food Bioactive,
105,Cirsium Chanroenicum,97,Thistle,Food Bioactive,
106,Citrullus Vulgaris,98,Watermelon,Food Bioactive,
107,Citrus Juices,99,Citrus Juices,Food / Whole-Food Preparation,
108,Citrus Leaf Extract,100,Citrus Leaf Extract,Food / Whole-Food Preparation,
109,Citrus Reticulate,101,Citrus Reticulate,Food Bioactive,
110,Clementine Juice,102,Clementine Juice,Food / Whole-Food Preparation,
111,Cnidium monnier (L.) Cuss,103,Cnidium,Food Bioactive,
113,Cocoa,104,Cocoa,Food Bioactive,
114,Coconut,105,Coconut,Food Bioactive,
116,Cocos Nucifera L,105,Coconut,Food Bioactive,
115,Coconut Flower Sap,106,Coconut Flower Sap,Food Bioactive,
117,Codliver,107,Codliver,Food Bioactive,
118,Coenzyme Q10,108,Coenzyme Q10,Food Bioactive,
119,Cola,109,Cola,Food Bioactive,
120,Combretaceae,110,Combretaceae,Food Bioactive,
121,Common Sage,111,Common Sage,Food Bioactive,
122,Common Valerian,112,Common Valerian,Food Bioactive,
123,Compositae,113,Compositae,Food Bioactive,
124,Cone Flower,114,Cone Flower,Food Bioactive,
125,Cordyceps,115,Cordyceps,Food Bioactive,
126,Coriandrum Sativum L. Seed Extract,116,Coriandrum Sativum L. Seed Extract,Food / Whole-Food Preparation,
127,Corilagin,117,Corilagin,Food Bioactive,
128,Corn Oil,118,Corn Oil,Food / Whole-Food Preparation,
129,Corni,119,Corni,Food Bioactive,
130,Cottonseed,120,Cottonseed,Food / Whole-Food Preparation,
131,cranberries,121,Cranberries,Food Bioactive,
132,Crataegi,122,Crataegi,Food Bioactive,
133,Crataegus,123,Crataegus,Food Bioactive,
134,Cucumis Melo,124,Cucumis Melo,Food Bioactive,
135,Cucurbita Andreana,125,Cucurbita Andreana,Food Bioactive,
136,Curcuminoids,126,Curcuminoids,Food Bioactive,
137,Cuscutae,127,Cuscutae,Food Bioactive,
138,Cyanidin,128,Cyanidin,Food Bioactive,
139,Cyperus Rotundus,129,Cyperus Rotundus,Food Bioactive,
140,D. Edulis,130,D. Edulis,Food Bioactive,
141,Proprietary Korean Herbal Formula,131,Proprietary Korean Herbal Formula,Food / Whole-Food Preparation,
142,Daidzein,132,Daidzein,Food Bioactive,
143,Daikon,133,Daikon,Food Bioactive,
144,Dairy Product,134,Dairy Product,Food Bioactive,
145,Dairy Product Fermented By Lactobacilli,135,Dairy Product Fermented By Lactobacilli,Food Bioactive,
146,Damnacanthal,136,Damnacanthal,Food Bioactive,
147,Danggui,137,Danggui,Food Bioactive,
148,Daucus Carota,138,Daucus Carota,Food Bioactive,
149,Dehydroepiandrosterone,139,Dehydroepiandrosterone,Food Bioactive,
150,Delphinidin,140,Delphinidin,Food Bioactive,
151,Dengzhan Shengmai Formula,141,Dengzhan Shengmai Formula,Food Bioactive,
152,Dioscin,142,Dioscin,Food Bioactive,
153,Dioscorea,143,Dioscorea,Food Bioactive,
154,Dioscorea Nipponica Makino,144,Dioscorea Nipponica Makino,Food Bioactive,
155,Dioscoreae Rhizoma,145,Dioscoreae Rhizoma,Food Bioactive,
156,Equisetum Arvense L,146,Equisetum Arvense L,Food Bioactive,
157,Eucalyptus Microcorys Extract,147,Eucalyptus Microcorys Extract,Food / Whole-Food Preparation,
158,Evodia Rutaecarpa,148,Evodia Rutaecarpa,Food Bioactive,
159,Falcarinol,149,Falcarinol,Food Bioactive,
160,Fava Bean,150,Fava Bean,Food Bioactive,
161,Foeniculum vulgare,151,Foeniculum Vulgare,Food Bioactive,
162,Fenugreek,152,Fenugreek,Food Bioactive,
163,Ff-D,153,Ff-D,Food Bioactive,
164,Fish Flakes,154,Fish Flakes,Food Bioactive,
165,Fish Flakes Supplemented With The Diatom Thalassiosira Weissflogii,155,Fish Flakes Supplemented With The Diatom Thalassiosira Weissflogii,Food Bioactive,
166,Fish Oil,156,Fish Oil,Food / Whole-Food Preparation,
167,Folic,157,Folic,Food Bioactive,
168,Folinic Acid,158,Folinic Acid,Food Bioactive,
169,Folinic Acids,159,Folinic Acids,Food Bioactive,
170,Fortified Oil,160,Fortified Oil,Food / Whole-Food Preparation,
171,Fortified Wine,161,Fortified Wine,Food Bioactive,
172,Fresh Palm Oil,162,Fresh Palm Oil,Food / Whole-Food Preparation,
173,Galactomannan,163,Galactomannan,Food Bioactive,
174,Gallic Acid,164,Gallic Acid,Food Bioactive,
175,Garcinia Kola,165,Garcinia Kola,Food Bioactive,
176,Garcinol,166,Garcinol,Food Bioactive,
177,Garden Cress,167,Garden Cress,Food Bioactive,
178,Gegen,168,Gegen,Food Bioactive,
179,Ginger-Green Tea Mixture,169,Ginger-Green Tea Mixture,Food / Whole-Food Preparation,
180,Ginsenoside Rg1,170,Ginsenoside Rg1,Food Bioactive,
181,Protopanaxatriol (Pt) Ginsenosides,171,Protopanaxatriol (Pt) Ginsenosides,Food Bioactive,
182,Grape Seed,172,Grape Seed,Food / Whole-Food Preparation,
184,Groundnut Oils,173,Groundnut Oils,Food / Whole-Food Preparation,
185,Guineense Swartz,174,Guineense Swartz,Food Bioactive,
186,Guttiferae,175,Guttiferae,Food Bioactive,
187,Harpagophytum Procumbens Extract,176,Harpagophytum Procumbens Extract,Food / Whole-Food Preparation,
188,"Herbal Mixtures Of Liriope Platyphylla, Glycyrrhiza Uralensis, And Cinnamomum Cassia",177,"Herbal Mixtures Of Liriope Platyphylla, Glycyrrhiza Uralensis, And Cinnamomum Cassia",Food / Whole-Food Preparation,
189,Hibiscus Rosa Sinensis,178,Hibiscus Rosa Sinensis,Food Bioactive,
190,Hibiscus Sabdariffa,179,Hibiscus Sabdariffa,Food Bioactive,
191,Hippophae Rhamnoides,180,Hippophae Rhamnoides,Food Bioactive,
192,Honey,181,Honey,Food Bioactive,
193,Horse Chestnut,182,Horse Chestnut,Food Bioactive,
194,Hypericum Extract Formulation,183,Hypericum Extract Formulation,Food / Whole-Food Preparation,
195,Indian Gooseberry,184,Indian Gooseberry,Food / Whole-Food Preparation,
196,Kidney Beans,185,Kidney Beans,Food Bioactive,
197,Kiwi,186,Kiwi,Food Bioactive,
198,Kudzu,187,Kudzu,Food Bioactive,
199,L. Usitatissimum,188,L. Usitatissimum,Food Bioactive,
200,Laminaria Hyperborea,189,Laminaria Hyperborea,Food Bioactive,
201,Laurus Nobilis L,190,Laurus Nobilis L,Food Bioactive,
202,Lavandula Burnetii,191,Lavandula Burnetii,Food Bioactive,
203,Lavender,192,Lavender,Food Bioactive,
204,soy lecithin,193,Soy Lecithin,Food Bioactive,
205,Lemon,194,Lemon,Food Bioactive,
206,Lemon Myrtle,195,Lemon Myrtle,Food Bioactive,
207,Lepidium Sativum,196,Lepidium Sativum,Food Bioactive,
208,Lime,197,Lime,Food Bioactive,
209,Linalool,198,Linalool,Food Bioactive,
210,Linseed,199,Linseed,Food / Whole-Food Preparation,
211,Luffa,200,Luffa,Food Bioactive,
212,Lutein,201,Lutein,Food Bioactive,
213,Lycii,202,Lycii,Food Bioactive,
214,M. Parviflora,203,M. Parviflora,Food Bioactive,
215,Macrotyloma Uniflorum,204,Macrotyloma Uniflorum,Food Bioactive,
216,Malus,205,Malus,Food Bioactive,
217,Malva Parviflora,206,Malva Parviflora,Food Bioactive,
218,Malva Sylvestris,207,Malva Sylvestris,Food Bioactive,
219,Malvidin,208,Malvidin,Food Bioactive,
220,Malβg,209,Malβg,Food Bioactive,
221,Manganese,210,Manganese,Food Bioactive,
222,Mangifera Indica,211,Mangifera Indica,Food Bioactive,
223,Mangosteen,212,Mangosteen,Food Bioactive,
224,Marula,213,Marula,Food Bioactive,
225,Melon,214,Melon,Food Bioactive,
226,Mentha Piperita,215,Mentha Piperita,Food Bioactive,
227,bitter melon leaf extract,216,Bitter Melon Leaf Extract,Food / Whole-Food Preparation,
228,Morinda citrifolia Linn.,217,Morinda Citrifolia Linn.,Food Bioactive,
229,Moringa Oleifera,218,Moringa Oleifera,Food Bioactive,
230,Morus,219,Morus,Food Bioactive,
231,Morus Alba L-H2O,220,Morus Alba L-H2O,Food Bioactive,
232,Muscadine Grapes,221,Muscadine Grapes,Food Bioactive,
233,Mustard,222,Mustard,Food Bioactive,
234,Myo-Inositol,223,Myo-Inositol,Food Bioactive,
235,Naoxintong Formula,224,Naoxintong Formula,Food Bioactive,
236,Neferine,225,Neferine,Food Bioactive,
237,Nelumbo Nucifera Gaertn,226,Nelumbo Nucifera Gaertn,Food Bioactive,
238,Nelumbonucifera,227,Nelumbonucifera,Food Bioactive,
239,Nepitrin,228,Nepitrin,Food Bioactive,
240,Niacin,229,Niacin,Dietary Nutrient,
241,Nigella Sativa,230,Nigella Sativa,Food Bioactive,
242,Non-Alcoholic Beverage Made Of Red Wine Vinegar And Grape Juice,231,Non-Alcoholic Beverage Made Of Red Wine Vinegar And Grape Juice,Food / Whole-Food Preparation,
243,O. Basilicum,232,O. Basilicum,Food Bioactive,
244,Oat,233,Oat,Food Bioactive,
245,Ocimum Basilicum,234,Ocimum Basilicum,Food Bioactive,
246,Olerciamide A,235,Olerciamide A,Food Bioactive,
247,Olive Oil,236,Olive Oil,Food / Whole-Food Preparation,
248,Onion,237,Onion,Food Bioactive,
249,Origanum Majorana,238,Origanum Majorana,Food Bioactive,
250,Oroxylum Indicum Seed Extracts,239,Oroxylum Indicum Seed Extracts,Food / Whole-Food Preparation,
251,Oyster,240,Oyster,Food Bioactive,
252,Oyster (Ostrea Plicatula Gmelin) Polysaccharides,241,Oyster (Ostrea Plicatula Gmelin) Polysaccharides,Food Bioactive,
253,P. Dulce,242,P. Dulce,Food Bioactive,
254,P. Guineense,243,P. Guineense,Food Bioactive,
255,P. Hydropiper,244,P. Hydropiper,Food Bioactive,
256,P. Pulmonarius,245,P. Pulmonarius,Food Bioactive,
257,P. Pulmonarius Glucans,246,P. Pulmonarius Glucans,Food Bioactive,
258,P. Vulgaris,247,P. Vulgaris,Food Bioactive,
259,Palm Oil,248,Palm Oil,Food / Whole-Food Preparation,
260,Panax notoginseng Ledeb,249,Panax Notoginseng Ledeb,Food Bioactive,
261,Parkia Speciosa,250,Parkia Speciosa,Food Bioactive,
262,Parsley,251,Parsley,Food Bioactive,
263,Passiflora Incarnata,252,Passiflora Incarnata,Food Bioactive,
264,Pectolinarigenin,253,Pectolinarigenin,Food Bioactive,
265,Peonidin,254,Peonidin,Food Bioactive,
266,Perilla,255,Perilla,Food Bioactive,
267,Perilla Frutescens Britton,256,Perilla Frutescens Britton,Food Bioactive,
268,Phaseolus Vulgaris,257,Phaseolus Vulgaris,Food Bioactive,
269,Phoenix Dactylifera,258,Phoenix Dactylifera,Food Bioactive,
270,Phyllanthaceae,259,Phyllanthaceae,Food Bioactive,
271,Phyllanthus Acidus,260,Phyllanthus Acidus,Food Bioactive,
272,Phyllanthus Emblica Linn,261,Phyllanthus Emblica Linn,Food Bioactive,
273,Phyllanthus Emblica-Etoh,262,Phyllanthus Emblica-Etoh,Food Bioactive,
274,Physalis,263,Physalis,Food Bioactive,
275,Physalis Peruviana,264,Physalis Peruviana,Food Bioactive,
276,Phytate,265,Phytate,Food Bioactive,
277,Pinitol,266,Pinitol,Food Bioactive,
1860,D-Pinitol,266,Pinitol,Food Bioactive,
278,Pinus Halepensis,267,Pinus Halepensis,Food Bioactive,
279,Piperine,268,Piperine,Food Bioactive,
280,Pistacia Lentiscus Oil,269,Pistacia Lentiscus Oil,Food / Whole-Food Preparation,
281,Pithecellobium Dulce,270,Pithecellobium Dulce,Food Bioactive,
282,Pleurotus Ostreatus,271,Pleurotus Ostreatus,Food Bioactive,
283,Pleurotus Pulmonarius,272,Pleurotus Pulmonarius,Food Bioactive,
284,Polygonum Hydropiper,273,Polygonum Hydropiper,Food Bioactive,
285,Polygonum Viviparum,274,Polygonum Viviparum,Food Bioactive,
286,Polysaccharides Extracted From The Egyptian Mango Mangifera Indica,275,Polysaccharides Extracted From The Egyptian Mango Mangifera Indica,Food / Whole-Food Preparation,
287,Pomegranate,276,Pomegranate,Food Bioactive,
288,Ponciri Fructus,277,Ponciri Fructus,Food Bioactive,
289,Poncirus Trifoliata,278,Poncirus Trifoliata,Food Bioactive,
290,Portulaca oleracea L.,279,Portulaca Oleracea L.,Food Bioactive,
291,Propolis,280,Propolis,Food Bioactive,
292,Psidium Guajava,281,Psidium Guajava,Food Bioactive,
293,Pueraria Lobata,282,Pueraria Lobata,Food Bioactive,
294,Quercetin,283,Quercetin,Food Bioactive,
295,Quercus,284,Quercus,Food Bioactive,
296,R. Hastatus,285,R. Hastatus,Food Bioactive,
297,Rainbow Trout,286,Rainbow Trout,Food Bioactive,
298,Raphia Hookeri,287,Raphia Hookeri,Food Bioactive,
299,Raspberry,288,Raspberry,Food / Whole-Food Preparation,
300,Red Wine,289,Red Wine,Food Bioactive,
301,Red Wine Vinegar And Grape Juice,290,Red Wine Vinegar And Grape Juice,Food / Whole-Food Preparation,
302,Repeatedly Heated Palm,291,Repeatedly Heated Palm,Food Bioactive,
303,Repeatedly-Heated Vegetable,292,Repeatedly-Heated Vegetable,Food Bioactive,
304,"3,4',5-trihydroxystilbene",293,"3,4',5-Trihydroxystilbene",Food Bioactive,
305,Rhizoma,294,Rhizoma,Food Bioactive,
306,Rhodiola Rosea,295,Rhodiola Rosea,Food Bioactive,
307,Riboflavin,296,Riboflavin,Dietary Nutrient,
308,Rosa Damascena,297,Rosa Damascena,Food Bioactive,
309,Rosaceae,298,Rosaceae,Food Bioactive,
310,Rosavin,299,Rosavin,Food Bioactive,
311,Rosmarinus officinalis L.,300,Rosmarinus Officinalis L.,Food Bioactive,
312,Rubi,301,Rubi,Food Bioactive,
313,Rubus,302,Rubus,Food Bioactive,
314,Rubus Coreanus,303,Rubus Coreanus,Food Bioactive,
315,Brassica napus L. var. napobrassica,304,Brassica Napus L. Var. Napobrassica,Food Bioactive,
316,S. Aqueum,305,S. Aqueum,Food Bioactive,
317,S. Aromaticum,306,S. Aromaticum,Food Bioactive,
318,S. Indicum,307,S. Indicum,Food Bioactive,
319,S. Limbata,308,S. Limbata,Food Bioactive,
320,S.Limbata,309,S.Limbata,Food Bioactive,
321,S.Montana Extract,310,S.Montana Extract,Food / Whole-Food Preparation,
322,Saffron,311,Saffron,Food Bioactive,
323,Sage,312,Sage,Food Bioactive,
324,Salvia Przewalskii,313,Salvia Przewalskii,Food Bioactive,
325,Sambucus Williamsii Hance,314,Sambucus Williamsii Hance,Food Bioactive,
326,Sanguinarine,315,Sanguinarine,Food Bioactive,
327,Sardine,316,Sardine,Food Bioactive,
328,Satureja Montana Extract,317,Satureja Montana Extract,Food / Whole-Food Preparation,
329,Sauchinone,318,Sauchinone,Food Bioactive,
330,Schisandra Chinensis,319,Schisandra Chinensis,Food Bioactive,
331,Sclerocarya Birrea,320,Sclerocarya Birrea,Food Bioactive,
332,Scuppernongs,321,Scuppernongs,Food Bioactive,
333,Scutellarin,322,Scutellarin,Food Bioactive,
334,Seaweed,323,Seaweed,Food Bioactive,
335,Selenium,324,Selenium,Food Bioactive,
336,Semi-Skimmed Milk,325,Semi-Skimmed Milk,Food / Whole-Food Preparation,
337,Sesame,326,Sesame,Food Bioactive,
338,Seseli Praecox,327,Seseli Praecox,Food Bioactive,
339,Sheabutter,328,Sheabutter,Food Bioactive,
340,Shexiang Baoxin Formula,329,Shexiang Baoxin Formula,Food Bioactive,
341,Shiitake,330,Shiitake,Food Bioactive,
342,Silybum marianum,331,Silybum Marianum,Food Bioactive,
343,Sinapis Alba,332,Sinapis Alba,Food Bioactive,
344,Sodium Caseinate,333,Sodium Caseinate,Dietary Nutrient,
345,Soft Plain Cheese,334,Soft Plain Cheese,Food Bioactive,
346,Sonchus Asper,335,Sonchus Asper,Food Bioactive,
347,soyabeans,336,Soyabeans,Food Bioactive,
348,Sparassis Crispa,337,Sparassis Crispa,Food Bioactive,
349,Spinacia Oleracea,338,Spinacia Oleracea,Food Bioactive,
350,Spirafolide,339,Spirafolide,Food Bioactive,
351,Spirodela Polyrhiza,340,Spirodela Polyrhiza,Food Bioactive,
352,Spirulina,341,Spirulina,Food Bioactive,
353,Squash,342,Squash,Food Bioactive,
354,St. John's Wort,343,St. John'S Wort,Food Bioactive,
355,Sucrose,344,Sucrose,Food Bioactive,
356,Sucrose Fatty Acid Ester,345,Sucrose Fatty Acid Ester,Dietary Lipid,
357,Syzygium Aqueum,346,Syzygium Aqueum,Food Bioactive,
358,Syzygium Aromaticum,347,Syzygium Aromaticum,Food Bioactive,
359,Syzygium Cumini Extract,348,Syzygium Cumini Extract,Food / Whole-Food Preparation,
360,Taraxacum Platycarpum,349,Taraxacum Platycarpum,Food Bioactive,
361,Tartary Buckwheat Sprouts,350,Tartary Buckwheat Sprouts,Food / Whole-Food Preparation,
362,Tasmannia Pepper Leaf,351,Tasmannia Pepper Leaf,Food / Whole-Food Preparation,
363,Terminalia Belerica,352,Terminalia Belerica,Food Bioactive,
364,Tf(Ic*As)*483/13,353,Tf(Ic*As)*483/13,Food Bioactive,
365,Thiamine,354,Thiamine,Dietary Nutrient,
366,Thiamine Pyrophosphate,355,Thiamine Pyrophosphate,Dietary Nutrient,
367,Thyme,356,Thyme,Food Bioactive,
368,Tormentillae,357,Tormentillae,Food Bioactive,
369,Tremella Fuciformis,358,Tremella Fuciformis,Food Bioactive,
370,Tribulus Terrestris,359,Tribulus Terrestris,Food Bioactive,
371,Trifolium Pratense,360,Trifolium Pratense,Food Bioactive,
372,Trigonelline,361,Trigonelline,Food Bioactive,
373,Tristemma Hirtum,362,Tristemma Hirtum,Food Bioactive,
374,Triticum Sativum,363,Triticum Sativum,Food Bioactive,
375,Trolox,364,Trolox,Food Bioactive,
376,U. Dioica,365,U. Dioica,Food Bioactive,
377,Uapaca Guineensis,366,Uapaca Guineensis,Food Bioactive,
378,Umbelliferae,367,Umbelliferae,Food Bioactive,
379,Urtica,368,Urtica,Food Bioactive,
380,Urtica Dioica Extract,369,Urtica Dioica Extract,Food / Whole-Food Preparation,
381,Vaccinium Bracteatum Thunb. Fruit,370,Vaccinium Bracteatum Thunb. Fruit,Food / Whole-Food Preparation,
382,Valerian,371,Valerian,Food Bioactive,
383,Vco,372,Vco,Food Bioactive,
384,Vegetable Juice,373,Vegetable Juice,Food / Whole-Food Preparation,
385,Vegetol Red Grapevin,374,Vegetol Red Grapevin,Food Bioactive,
386,Virgin Coconut Oil,375,Virgin Coconut Oil,Food / Whole-Food Preparation,
387,Vitamin B6,376,Vitamin B6,Dietary Nutrient,
388,Vitamin D3,377,Vitamin D3,Dietary Nutrient,
389,Wheat,378,Wheat,Food Bioactive,
390,Whey Protein,379,Whey Protein,Food Bioactive,
391,Whey Protein Isolate,380,Whey Protein Isolate,Food Bioactive,
392,Wine,381,Wine,Food Bioactive,
393,Wpi,382,Wpi,Food Bioactive,
394,Crataegi Standardized Extract,383,Crataegi Standardized Extract,Food / Whole-Food Preparation,
395,Yogurt Bacteria,384,Yogurt Bacteria,Food Bioactive,
396,Zhi-Xiong,385,Zhi-Xiong,Food Bioactive,
397,Npc209773,386,Npc209773,Food Bioactive,
398,(+-)-Trimeprazine,387,(+-)-Trimeprazine,Food Bioactive,
399,2-Amino-5-phenyl4(5H)-oxazolone,388,2-Amino-5-Phenyl4(5H)-Oxazolone,Food Bioactive,
400,Deutetrabenazine (USAN/INN),389,Deutetrabenazine (Usan/Inn),Food Bioactive,
401,"(2R,4S)-Ketoconazole",390,"(2R,4S)-Ketoconazole",Food Bioactive,
402,"med.21724, Compound Benztropine",391,"Med.21724, Compound Benztropine",Food Bioactive,
403,"(1R,2S)-Tranylcypromine",392,"(1R,2S)-Tranylcypromine",Food Bioactive,
404,Magaldrate (USAN:USP:INN:BAN),393,Magaldrate (Usan:Usp:Inn:Ban),Food Bioactive,
405,Naringin,394,Naringin,Food Bioactive,
406,(+-)-Chlorpheniramine,395,(+-)-Chlorpheniramine,Food Bioactive,
407,Ginkgo biloba leaf extract,396,Ginkgo Biloba Leaf Extract,Food / Whole-Food Preparation,
408,Vitis vinifera Leaves Polyphenolic,397,Vitis Vinifera Leaves Polyphenolic,Food Bioactive,
409,thymoquinone,398,Thymoquinone,Food Bioactive,
410,T. cacao,399,T. Cacao,Food Bioactive,
411,Theobroma cacao,400,Theobroma Cacao,Food Bioactive,
412,Rhodiola,401,Rhodiola,Food Bioactive,
413,silydianin,402,Silydianin,Food Bioactive,
414,silybin,403,Silybin,Food Bioactive,
415,isosilybin,404,Isosilybin,Food Bioactive,
416,silychristin,405,Silychristin,Food Bioactive,
417,cherry,406,Cherry,Food Bioactive,
418,Panax notoginseng saponins,407,Panax Notoginseng Saponins,Food Bioactive,
419,Xuesaitong,408,Xuesaitong,Food Bioactive,
420,Chocolate,409,Chocolate,Food Bioactive,
421,Berberis vulgaris,410,Berberis Vulgaris,Food Bioactive,
422,Cocoa powder,411,Cocoa Powder,Food Bioactive,
423,fennel,412,Fennel,Food Bioactive,
424,Pomegranate juice,413,Pomegranate Juice,Food / Whole-Food Preparation,
425,Nigella sativa oil,414,Nigella Sativa Oil,Food / Whole-Food Preparation,
426,Panax ginseng C.A. Meyer,415,Panax Ginseng C.A. Meyer,Food Bioactive,
427,Glycyrrhizic acid,416,Glycyrrhizic Acid,Food Bioactive,
428,Soybean extract,417,Soybean Extract,Food / Whole-Food Preparation,
429,green tea extract,418,Green Tea Extract,Food / Whole-Food Preparation,
430,arbutin,419,Arbutin,Food Bioactive,
431,polysaccharide of Spirulina platensis,420,Polysaccharide Of Spirulina Platensis,Food Bioactive,
432,pomelo extract,421,Pomelo Extract,Food / Whole-Food Preparation,
433,cranberry juice,422,Cranberry Juice,Food / Whole-Food Preparation,
434,Rosa damascena extract,423,Rosa Damascena Extract,Food / Whole-Food Preparation,
435,fruit juices,424,Fruit Juices,Food / Whole-Food Preparation,
436,turmeric rhizome powder suspension,425,Turmeric Rhizome Powder Suspension,Food Bioactive,
437,multivitamin,426,Multivitamin,Dietary Nutrient,
438,mandarin juice,427,Mandarin Juice,Food / Whole-Food Preparation,
439,Piper longum L.,428,Piper Longum L.,Food Bioactive,
440,orange,429,Orange,Food Bioactive,
441,Garcinia mangostana,430,Garcinia Mangostana,Food Bioactive,
442,Glycyrrhiza glabra Fabaceae,431,Glycyrrhiza Glabra Fabaceae,Food Bioactive,
443,Red spinach,432,Red Spinach,Food Bioactive,
444,olive,433,Olive,Food Bioactive,
445,palm,434,Palm,Food Bioactive,
446,Red ginseng,435,Red Ginseng,Food Bioactive,
447,Mentha spicata,436,Mentha Spicata,Food Bioactive,
448,Panax quinquefolius,437,Panax Quinquefolius,Food Bioactive,
449,Grape seed proanthocyanidin extract,438,Grape Seed Proanthocyanidin Extract,Food / Whole-Food Preparation,
450,Punica granatum,439,Punica Granatum,Food Bioactive,
451,Black tea,440,Black Tea,Food / Whole-Food Preparation,
452,Camellia sinensis,441,Camellia Sinensis,Food Bioactive,
453,Vicia faba,442,Vicia Faba,Food Bioactive,
454,Thymus vulgaris,443,Thymus Vulgaris,Food Bioactive,
455,Thyme (Thymus vulgaris) leaf aqueous extract,444,Thyme (Thymus Vulgaris) Leaf Aqueous Extract,Food / Whole-Food Preparation,
456,10-gingerol,445,10-Gingerol,Food Bioactive,
457,whole-grain,446,Whole-Grain,Food Bioactive,
458,refined-grain,447,Refined-Grain,Food Bioactive,
459,corn,448,Corn,Food Bioactive,
460,A.atroviolaceum extract,449,A.Atroviolaceum Extract,Food / Whole-Food Preparation,
461,Crocus sativus,450,Crocus Sativus,Food Bioactive,
462,grape juice,451,Grape Juice,Food / Whole-Food Preparation,
463,Korean red ginseng total extract,452,Korean Red Ginseng Total Extract,Food / Whole-Food Preparation,
464,Salvia miltiorrhiza,453,Salvia Miltiorrhiza,Food Bioactive,
465,Citrus unshiu,454,Citrus Unshiu,Food Bioactive,
466,T. foenum-graecum aqueous extract,455,T. Foenum-Graecum Aqueous Extract,Food / Whole-Food Preparation,
467,glycyrrhetinic acid,456,Glycyrrhetinic Acid,Food Bioactive,
468,tea,457,Tea,Food / Whole-Food Preparation,
469,Milk thistle,458,Milk Thistle,Food / Whole-Food Preparation,
470,Crocin,459,Crocin,Food Bioactive,
971,alpha-Crocin,459,Crocin,Food Bioactive,
471,Salvia,460,Salvia,Food Bioactive,
472,Vitis vinifera,461,Vitis Vinifera,Food Bioactive,
473,whole-grain cereal,462,Whole-Grain Cereal,Food Bioactive,
474,soybean oil,463,Soybean Oil,Food / Whole-Food Preparation,
475,grapes,464,Grapes,Food Bioactive,
476,clementine,465,Clementine,Food Bioactive,
477,Schisandra,466,Schisandra,Food Bioactive,
478,Vaccinium macrocarpon,467,Vaccinium Macrocarpon,Food Bioactive,
479,kiwifruit,468,Kiwifruit,Food / Whole-Food Preparation,
480,legume,469,Legume,Food Bioactive,
481,gamma-mangostin,470,Gamma-Mangostin,Food Bioactive,
482,Pomegranate seeds oil,471,Pomegranate Seeds Oil,Food / Whole-Food Preparation,
483,anticoagulant herbs,472,Anticoagulant Herbs,Food / Whole-Food Preparation,
484,garlic,473,Garlic,Food Bioactive,
487,vitamin K,474,Vitamin K,Dietary Nutrient,
488,alcohol,475,Alcohol,Food Bioactive,
489,calcium-rich foods,476,Calcium-Rich Foods,Dietary Nutrient,
490,kale,477,Kale,Food Bioactive,
491,spinach,478,Spinach,Food Bioactive,
492,iron supplements,479,Iron Supplements,Dietary Nutrient,
493,high-fat foods,480,High-Fat Foods,Food Bioactive,
494,natural licorice,481,Natural Licorice,Food Bioactive,
495,potassium-rich foods,482,Potassium-Rich Foods,Dietary Nutrient,
496,vitamin B6 (pyridoxine),483,Vitamin B6 (Pyridoxine),Dietary Nutrient,
497,calcium supplements,484,Calcium Supplements,Dietary Nutrient,
498,fruit juice,485,Fruit Juice,Food / Whole-Food Preparation,
499,avidin (raw egg white),486,Avidin (Raw Egg White),Food Bioactive,
500,citrus,487,Citrus,Food Bioactive,
501,flavonoid-rich foods,488,Flavonoid-Rich Foods,Food Bioactive,
503,ephedra,489,Ephedra,Food Bioactive,
504,high-salt foods,490,High-Salt Foods,Food Bioactive,
506,niacin (vitamin B3),491,Niacin (Vitamin B3),Dietary Nutrient,
507,avocado,492,Avocado,Food Bioactive,
508,high-fiber foods,493,High-Fiber Foods,Food Bioactive,
509,xanthines,494,Xanthines,Food Bioactive,
510,vitamin A,495,Vitamin A,Dietary Nutrient,
511,vitamin A supplements,496,Vitamin A Supplements,Dietary Nutrient,
512,iodine,497,Iodine,Food Bioactive,
513,goitrogenic foods,498,Goitrogenic Foods,Food Bioactive,
514,soy/soybean,499,Soy/Soybean,Food Bioactive,
515,aged cheese,500,Aged Cheese,Food Bioactive,
516,tyramine-containing foods,501,Tyramine-Containing Foods,Food Bioactive,
517,yogurt,502,Yogurt,Food Bioactive,
518,fava beans,503,Fava Beans,Food Bioactive,
519,histamine-containing foods,504,Histamine-Containing Foods,Food Bioactive,
520,pickled foods,505,Pickled Foods,Food Bioactive,
521,iodine-containing foods,506,Iodine-Containing Foods,Food Bioactive,
522,seville orange,507,Seville Orange,Food Bioactive,
523,melatonin,508,Melatonin,Endogenous Metabolite,
524,folic acid/folate,509,Folic Acid/Folate,Dietary Nutrient,
525,vitamin B12,510,Vitamin B12,Dietary Nutrient,
526,vitamin K-rich foods,511,Vitamin K-Rich Foods,Dietary Nutrient,
527,D-Aspartic Acid,512,D-Aspartic Acid,Food Bioactive,
557,L-Aspartic Acid,512,D-Aspartic Acid,Food Bioactive,
528,Palmitic Acid,513,Palmitic Acid,Dietary Lipid,
529,D-Glucose,514,Glucose,Food Bioactive,
541,Beta-D-Glucose,514,Glucose,Food Bioactive,
766,Glucose,514,Glucose,Food Bioactive,
530,Naringenin,515,Naringenin,Food Bioactive,
1221,(S)-Naringenin,515,Naringenin,Food Bioactive,
531,L-Leucine,516,L-Leucine,Dietary Amino Acid,
532,L-Arginine,517,Arginine,Dietary Amino Acid,
822,Arginine,517,Arginine,Dietary Amino Acid,
533,Epsilon-Polylysine,518,Epsilon-Polylysine,Food Bioactive,
535,D-Fructose,519,D-Fructose,Food Bioactive,
536,L-Serine,520,L-Serine,Dietary Amino Acid,
1574,D-Serine,520,L-Serine,Dietary Amino Acid,
537,Nitrogen,521,Nitrogen,Food Bioactive,
538,L-Proline,522,L-Proline,Dietary Amino Acid,
539,Ethanol,523,Ethanol,Food Bioactive,
540,"1-Methyl-4-(6-methylhept-6-en-2-yl)cyclohexa-1,4-diene",524,"1-Methyl-4-(6-Methylhept-6-En-2-Yl)Cyclohexa-1,4-Diene",Food Bioactive,
542,(-)-alpha-Curcumene,525,Curcumene,Food Bioactive,
547,Curcumene,525,Curcumene,Food Bioactive,
543,Curcumenol,526,Curcumenol,Food Bioactive,
544,Ethinylestradiol,527,Ethinylestradiol,Food Bioactive,
545,L-Arabinose,528,L-Arabinose,Food Bioactive,
546,(-)-Zingiberene,529,(-)-Zingiberene,Food Bioactive,
548,Turmerone,530,Turmerone,Food Bioactive,
549,Curzerenone,531,Curzerenone,Food Bioactive,
550,"1,8-Cineole",532,"1,8-Cineole",Food Bioactive,
551,Malic Acid,533,Malic Acid,Food Bioactive,
711,L-Malic Acid,533,Malic Acid,Food Bioactive,
552,beta-Lactose,534,Lactose,Food Bioactive,
608,alpha-D-lactose,534,Lactose,Food Bioactive,
829,Lactose,534,Lactose,Food Bioactive,
2002,alpha-Lactose,534,Lactose,Food Bioactive,
553,Phosphine,535,Phosphine,Food Bioactive,
554,Deae-cellulose,536,Deae-Cellulose,Food Bioactive,
555,Nitrate,537,Nitrate,Food Bioactive,
556,Nicotinic Acid,538,Nicotinic Acid,Food Bioactive,
558,L-Glutamic Acid,539,Glutamic Acid,Food Bioactive,
864,Glutamic acid,539,Glutamic Acid,Food Bioactive,
559,"4-((3,3-Dimethyloxiran-2-Yl)Methoxy)Furo(3,2-G)Chromen-7-One",540,"4-((3,3-Dimethyloxiran-2-Yl)Methoxy)Furo(3,2-G)Chromen-7-One",Food Bioactive,
560,Citric Acid,541,Citric Acid,Food Bioactive,
561,L-Tryptophan,542,L-Tryptophan,Dietary Amino Acid,
886,D-Tryptophan,542,L-Tryptophan,Dietary Amino Acid,
1243,(±)-Tryptophan,542,L-Tryptophan,Dietary Amino Acid,
562,Npc214502,543,Npc214502,Food Bioactive,
563,(-)-Asparagine,544,(-)-Asparagine,Dietary Amino Acid,
954,L-Asparagine,544,(-)-Asparagine,Dietary Amino Acid,
564,beta-Maltose,545,Maltose,Food Bioactive,
2055,Maltose,545,Maltose,Food Bioactive,
565,Oxalic Acid,546,Oxalic Acid,Food Bioactive,
566,Rutin,547,Rutin,Food Bioactive,
567,Hydrogen Sulfide,548,Hydrogen Sulfide,Food Bioactive,
568,"2,3-Dihydroxybutanedioic Acid",549,"2,3-Dihydroxybutanedioic Acid",Food Bioactive,
569,Xanthyletin,550,Xanthyletin,Food Bioactive,
570,Succinic Acid,551,Succinic Acid,Food Bioactive,
571,2-Oxoglutaric Acid,552,2-Oxoglutaric Acid,Food Bioactive,
572,1-Methyl-4-Prop-1-En-2-Ylcyclohexene,553,1-Methyl-4-Prop-1-En-2-Ylcyclohexene,Food Bioactive,
573,Elemol,554,Elemol,Food Bioactive,
574,Xanthoxyletin,555,Xanthoxyletin,Food Bioactive,
575,L-Lysine,556,L-Lysine,Dietary Amino Acid,
576,alpha-D-Mannan,557,Mannan,Food Bioactive,
1611,Mannan,557,Mannan,Food Bioactive,
577,L-Histidine,558,L-Histidine,Dietary Amino Acid,
578,Pyrrolidine,559,Pyrrolidine,Food Bioactive,
579,L-Threonine,560,L-Threonine,Dietary Amino Acid,
580,Citronellol,561,Citronellol,Food Bioactive,
581,Zingiberol,562,Zingiberol,Food Bioactive,
582,L-Tyrosine,563,L-Tyrosine,Dietary Amino Acid,
583,Delphinidin 3-O-glucoside cation,564,Delphinidin 3-O-Glucoside Cation,Food Bioactive,
584,Decanoic Acid,565,Decanoic Acid,Food Bioactive,
585,Raffinose,566,Raffinose,Food Bioactive,
586,"2-(3,4-Dihydroxyphenyl)-3,5,7-trihydroxy-1-Benzopyrylium",567,"2-(3,4-Dihydroxyphenyl)-3,5,7-Trihydroxy-1-Benzopyrylium",Food Bioactive,
587,beta-Sesquiphellandrene,568,Beta-Sesquiphellandrene,Food Bioactive,
588,Delphinidin Chloride,569,Delphinidin Chloride,Food Bioactive,
589,L-Alanine,570,L-Alanine,Dietary Amino Acid,
1180,D-Alanine,570,L-Alanine,Dietary Amino Acid,
590,L-Methionine,571,L-Methionine,Dietary Amino Acid,
591,Petunidin 3-Glucoside,572,Petunidin 3-Glucoside,Food Bioactive,
592,Delphinidin 3-galactoside,573,Delphinidin 3-Galactoside,Food Bioactive,
593,(+)-Ursolic Acid,574,Ursolic Acid,Food Bioactive,
835,Ursolic acid,574,Ursolic Acid,Food Bioactive,
594,L-Isoleucine,575,L-Isoleucine,Dietary Amino Acid,
595,Camphene,576,Camphene,Food Bioactive,
596,Glycine,577,Glycine,Dietary Amino Acid,
597,Quinate,578,Quinate,Food Bioactive,
598,Genistin,579,Genistin,Food Bioactive,
599,Daidzin,580,Daidzin,Food Bioactive,
600,Stearic Acid,581,Stearic Acid,Food / Whole-Food Preparation,
601,Fluoride Ion,582,Fluoride Ion,Food Bioactive,
602,Magnesium ion,583,Magnesium Ion,Dietary Nutrient,
603,Choline,584,Choline,Food Bioactive,
604,Catechin,585,Catechin,Food Bioactive,
605,Malonylgenistin,586,Malonylgenistin,Food Bioactive,
606,(-)-beta-Sitosterol,587,(-)-Beta-Sitosterol,Food Bioactive,
976,beta-Sitosterol,587,(-)-Beta-Sitosterol,Food Bioactive,
1030,gamma-Sitosterol,587,(-)-Beta-Sitosterol,Food Bioactive,
607,6'-Sialyllactose,588,6'-Sialyllactose,Food Bioactive,
609,Sulfide ion,589,Sulfide Ion,Food Bioactive,
610,Chlorine,590,Chlorine,Food Bioactive,
611,Phosphate,591,Phosphate,Food Bioactive,
612,Copper,592,Copper,Food Bioactive,
613,Cdp-DG(16:0/18:0),593,Cdp-Dg(16:0/18:0),Endogenous Metabolite,
614,"Disodium;[3-[2,3-di(octadeca-9,12-dienoyloxy)propoxy-oxidophosphoryl]oxy-2-hydroxypropyl] 2,3-di(octadeca-9,12-dienoyloxy)propyl phosphate",594,"Disodium;[3-[2,3-Di(Octadeca-9,12-Dienoyloxy)Propoxy-Oxidophosphoryl]Oxy-2-Hydroxypropyl] 2,3-Di(Octadeca-9,12-Dienoyloxy)Propyl Phosphate",Dietary Nutrient,
615,1-Palmitoylglycerol 3-phosphate,595,1-Palmitoylglycerol 3-Phosphate,Food Bioactive,
616,Cdp-DG(16:0/16:0),596,Cdp-Dg(16:0/16:0),Endogenous Metabolite,
617,Isoamyl Alcohol,597,Isoamyl Alcohol,Food Bioactive,
618,Glycerol,598,Glycerol,Food Bioactive,
619,Ethyl Acetate,599,Ethyl Acetate,Food Bioactive,
620,Cadaverine,600,Cadaverine,Food Bioactive,
621,Isobutanol,601,Isobutanol,Food Bioactive,
622,Sorbitol,602,Sorbitol,Food Bioactive,
623,2-Methyl-2-butanol,603,2-Methyl-2-Butanol,Food Bioactive,
624,Putrescine,604,Putrescine,Food Bioactive,
625,D-Galacturonic Acid,605,D-Galacturonic Acid,Food Bioactive,
626,Gluconic Acid,606,Gluconic Acid,Food Bioactive,
1498,D-Gluconic acid,606,Gluconic Acid,Food Bioactive,
627,Cholesterol,607,Cholesterol,Food Bioactive,
628,Lignin,608,Lignin,Food Bioactive,
629,(-)-Gallocatechin gallate,609,(-)-Gallocatechin Gallate,Food Bioactive,
630,Stachyose,610,Stachyose,Food Bioactive,
631,"bis((3R,4S,5S,6R)-2-[[(3S,8S,9S,10R,13R,14S,17R)-17-[(2R,5R)-5-ethyl-6-methylheptan-2-yl]-10,13-dimethyl-2,3,4,7,8,9,11,12,14,15,16,17-dodecahydro-1H-cyclopenta[a]phenanthren-3-yl]oxy]-6-(hydroxymethyl)oxane-3,4,5-triol);(3R,4S,5S,6R)-2-[[(3S,8S,9S,10R,13R,14S,17R)-17-[(2R,5R)-5-ethyl-6-methylhept-6-en-2-yl]-10,13-dimethyl-2,3,4,7,8,9,11,12,14,15,16,17-dodecahydro-1H-cyclopenta[a]phenanthren-3-yl]oxy]-6-(hydroxymethyl)oxane-3,4,5-triol",611,"Bis((3R,4S,5S,6R)-2-[[(3S,8S,9S,10R,13R,14S,17R)-17-[(2R,5R)-5-Ethyl-6-Methylheptan-2-Yl]-10,13-Dimethyl-2,3,4,7,8,9,11,12,14,15,16,17-Dodecahydro-1H-Cyclopenta[A]Phenanthren-3-Yl]Oxy]-6-(Hydroxymethyl)Oxane-3,4,5-Triol);(3R,4S,5S,6R)-2-[[(3S,8S,9S,10R,13R,14S,17R)-17-[(2R,5R)-5-Ethyl-6-Methylhept-6-En-2-Yl]-10,13-Dimethyl-2,3,4,7,8,9,11,12,14,15,16,17-Dodecahydro-1H-Cyclopenta[A]Phenanthren-3-Yl]Oxy]-6-(Hydroxymethyl)Oxane-3,4,5-Triol",Food Bioactive,
632,Theaflavin (Standard),612,Theaflavin (Standard),Food Bioactive,
633,Hexanal,613,Hexanal,Food Bioactive,
634,"(1R,2S,4R,5S)-6-[(2R,3R,4S,5S)-3,4,5-trihydroxyoxan-2-yl]oxycyclohexane-1,2,3,4,5-pentol",614,"(1R,2S,4R,5S)-6-[(2R,3R,4S,5S)-3,4,5-Trihydroxyoxan-2-Yl]Oxycyclohexane-1,2,3,4,5-Pentol",Food Bioactive,
635,Epigallocatechin,615,Epigallocatechin,Food Bioactive,
636,Diosgenin,616,Diosgenin,Food Bioactive,
637,Epicatechin Gallate,617,Epicatechin Gallate,Food Bioactive,
638,Water,618,Water,Food Bioactive,
639,Ellagic Acid,619,Ellagic Acid,Food Bioactive,
640,Stachyurin,620,Stachyurin,Food Bioactive,
641,Luteolin,621,Luteolin,Food Bioactive,
642,Ascorbic acid; biotin; cyanocobalamin; dexpanthenol; ergocalciferol; folic acid; niacinamide; pyridoxine hydrochloride; riboflavin 5'-phosphate sodium; thiamine hydrochloride; vitamin A; vitamin E,622,Ascorbic Acid; Biotin; Cyanocobalamin; Dexpanthenol; Ergocalciferol; Folic Acid; Niacinamide; Pyridoxine Hydrochloride; Riboflavin 5'-Phosphate Sodium; Thiamine Hydrochloride; Vitamin A; Vitamin E,Dietary Nutrient,
643,Galloylpunicalin,623,Galloylpunicalin,Food Bioactive,
644,GlyTouCan:G35236GY,624,Glytoucan:G35236Gy,Food Bioactive,
645,Benzoic Acid,625,Benzoic Acid,Food Bioactive,
646,Peonidin 3-arabinoside,626,Peonidin 3-Arabinoside,Food Bioactive,
647,4-Hydroxybenzoic Acid,627,4-Hydroxybenzoic Acid,Food Bioactive,
648,Piperidines,628,Piperidines,Food Bioactive,
649,Peonidin 3-galactoside,629,Peonidin 3-Galactoside,Food Bioactive,
650,Betulinic Acid,630,Betulinic Acid,Food Bioactive,
651,Mannitol,631,Mannitol,Food Bioactive,
929,D-Mannitol,631,Mannitol,Food Bioactive,
652,"Ethanedioic acid, calcium salt (1:1)",632,"Ethanedioic Acid, Calcium Salt (1:1)",Dietary Nutrient,
653,"3,4',5,7-Tetrahydroxy-3'-methoxyflavylium",633,"3,4',5,7-Tetrahydroxy-3'-Methoxyflavylium",Food Bioactive,
654,Hyperoside,634,Hyperoside,Food Bioactive,
655,4-Hydroxyglucobrassicin,635,4-Hydroxyglucobrassicin,Food Bioactive,
656,Eugenol,636,Eugenol,Food Bioactive,
657,Gamma-Terpinene,637,Gamma-Terpinene,Food Bioactive,
658,Allyl Isothiocyanate,638,Allyl Isothiocyanate,Food Bioactive,
659,Myrcene,639,Myrcene,Food Bioactive,
660,Invert Sugar,640,Invert Sugar,Food Bioactive,
661,Apiole,641,Apiole,Food Bioactive,
662,Chrysoeriol 7-O-(6''-malonyl-apiosyl-glucoside),642,Chrysoeriol 7-O-(6''-Malonyl-Apiosyl-Glucoside),Food Bioactive,
663,p-Cymen-8-ol,643,P-Cymen-8-Ol,Food Bioactive,
664,Psoralen,644,Psoralen,Food Bioactive,
665,Hesperetin,645,Hesperetin,Food Bioactive,
666,Terpinolene,646,Terpinolene,Food Bioactive,
667,Apigenin 7-O-(6''-malonyl-apiosyl-glucoside),647,Apigenin 7-O-(6''-Malonyl-Apiosyl-Glucoside),Food Bioactive,
668,Isorhamnetin,648,Isorhamnetin,Food Bioactive,
669,4-Methoxyglucobrassicin,649,4-Methoxyglucobrassicin,Food Bioactive,
670,Coumarin,650,Coumarin,Food Bioactive,
671,4-Vinylguaiacol,651,4-Vinylguaiacol,Food Bioactive,
672,"Rubber, natural-smoked sheet and latex solids (hevea brasiliensis)",652,"Rubber, Natural-Smoked Sheet And Latex Solids (Hevea Brasiliensis)",Food Bioactive,
673,Myristicin,653,Myristicin,Food Bioactive,
674,Imperatorin,654,Imperatorin,Food Bioactive,
675,Luteolin 7-O-(2-apiosyl-6-malonyl)-glucoside,655,Luteolin 7-O-(2-Apiosyl-6-Malonyl)-Glucoside,Food Bioactive,
676,Bergapten,656,Bergapten,Food Bioactive,
677,"1-Allyl-2,3,4,5-tetramethoxybenzene",657,"1-Allyl-2,3,4,5-Tetramethoxybenzene",Food Bioactive,
678,Pseudotaraxasterol,658,Pseudotaraxasterol,Food Bioactive,
679,"24-Methylene,25-methylcholesta-5-en-3beta-ol",659,"24-Methylene,25-Methylcholesta-5-En-3Beta-Ol",Food Bioactive,
680,Beta-Pinene,660,Beta-Pinene,Food Bioactive,
1547,(+)-alpha-Pinene,660,Beta-Pinene,Food Bioactive,
1603,(-)-alpha-Pinene,660,Beta-Pinene,Food Bioactive,
1874,Pinene,660,Beta-Pinene,Food Bioactive,
681,Apigenin,661,Apigenin,Food Bioactive,
682,Xylan Sulfate,662,Xylan Sulfate,Food Bioactive,
683,Methylamine,663,Methylamine,Food Bioactive,
684,P-Cymene,664,P-Cymene,Food Bioactive,
685,L-Glutamine,665,L-Glutamine,Dietary Amino Acid,
1840,D-Glutamine,665,L-Glutamine,Dietary Amino Acid,
686,Lauric Acid,666,Lauric Acid,Dietary Lipid,
687,(-)-Cystine,667,(-)-Cystine,Food Bioactive,
865,L-Cystine,667,(-)-Cystine,Food Bioactive,
688,Theobromine,668,Theobromine,Food Bioactive,
689,Myristic Acid,669,Myristic Acid,Dietary Lipid,
690,"3,3',4',5,7-Pentahydroxy-5'-methoxyflavylium",670,"3,3',4',5,7-Pentahydroxy-5'-Methoxyflavylium",Food Bioactive,
691,"Glycerophospholipids, cephalins",671,"Glycerophospholipids, Cephalins",Food Bioactive,
692,D-Xylose,672,D-Xylose,Food Bioactive,
693,"(2R,3R,4S,5S)-2,3,4,5-tetrahydroxyhexanal",673,"(2R,3R,4S,5S)-2,3,4,5-Tetrahydroxyhexanal",Food Bioactive,
694,Heptanoic Acid,674,Heptanoic Acid,Food Bioactive,
695,An inositol,675,An Inositol,Food Bioactive,
696,Amygdalin,676,Amygdalin,Food Bioactive,
697,Eicosanoic Acid,677,Eicosanoic Acid,Food Bioactive,
698,Ammonia,678,Ammonia,Food Bioactive,
699,Kaempferol,679,Kaempferol,Food Bioactive,
700,"Kaempferol 3,7,4'-O-triglucoside",680,"Kaempferol 3,7,4'-O-Triglucoside",Food Bioactive,
701,kaempferol 3-O-sophoroside,681,Kaempferol 3-O-Sophoroside,Food Bioactive,
702,Nonanoic Acid,682,Nonanoic Acid,Food Bioactive,
703,Hexanoic Acid,683,Hexanoic Acid,Food Bioactive,
704,Butyric Acid,684,Butyric Acid,Dietary Lipid,
705,Octanoic Acid,685,Octanoic Acid,Food Bioactive,
706,Npc212957,686,Npc212957,Food Bioactive,
707,beta-D-glucopyranuronic acid,687,Beta-D-Glucopyranuronic Acid,Food Bioactive,
708,Eriocitrin,688,Eriocitrin,Food Bioactive,
709,D-Lactic Acid,689,Lactic Acid,Food Bioactive,
736,Lactic Acid,689,Lactic Acid,Food Bioactive,
739,L-Lactic Acid,689,Lactic Acid,Food Bioactive,
710,Lonicerin,690,Lonicerin,Food Bioactive,
712,"3,5-Dihydroxyphenyl beta-D-glucopyranoside",691,"3,5-Dihydroxyphenyl Beta-D-Glucopyranoside",Food Bioactive,
713,p-Menth-4(8)-en-3-one,692,P-Menth-4(8)-En-3-One,Food Bioactive,
714,D-Arabitol,693,D-Arabitol,Food Bioactive,
715,Narirutin,694,Narirutin,Food Bioactive,
716,Hesperidin,695,Hesperidin,Food Bioactive,
717,Menthofuran,696,Menthofuran,Food Bioactive,
718,Ethyl Lactate,697,Ethyl Lactate,Food Bioactive,
719,Erythritol,698,Erythritol,Food Bioactive,
720,(-)-Menthol,699,(-)-Menthol,Food Bioactive,
721,Myricetin,700,Myricetin,Food Bioactive,
722,Pyridoxine,701,Pyridoxine,Food Bioactive,
723,Isorhoifolin,702,Isorhoifolin,Food Bioactive,
724,Diosmin,703,Diosmin,Food Bioactive,
725,D-Galactose,704,D-Galactose,Food Bioactive,
726,"(3b,5a,6b,25R)-3,6-Dihydroxyspirostane-2,12-dione 3-[4'-(2''-glucosyl-3''-xylosyl)-galactoside]",705,"(3B,5A,6B,25R)-3,6-Dihydroxyspirostane-2,12-Dione 3-[4'-(2''-Glucosyl-3''-Xylosyl)-Galactoside]",Food Bioactive,
727,"(3b,5a,25R)-3-Hydroxyspirostan-6-one 3-[2-acetylarabinosyl-(1->6)-glucoside]",706,"(3B,5A,25R)-3-Hydroxyspirostan-6-One 3-[2-Acetylarabinosyl-(1->6)-Glucoside]",Food Bioactive,
728,"(2a,3b,5a,6a,22R,25R)-Furostane-22-methoxy-2,3,6,26-tetrol 3-[glucosyl-(1->2)-[xylosyl-(1->3)]-glucosyl-(1->4)-galactoside] 26-glucoside",707,"(2A,3B,5A,6A,22R,25R)-Furostane-22-Methoxy-2,3,6,26-Tetrol 3-[Glucosyl-(1->2)-[Xylosyl-(1->3)]-Glucosyl-(1->4)-Galactoside] 26-Glucoside",Food Bioactive,
729,"(25S)-Spirostane-3b,5b,6a-triol 3-[4''-rhamnosylglucoside]",708,"(25S)-Spirostane-3B,5B,6A-Triol 3-[4''-Rhamnosylglucoside]",Food Bioactive,
730,"(3b,5a,6b,22a,25R)-Furostane-22-methoxy-3,6,26-triol 3-[glucosyl-(1->2)-[xylosyl-(1->3)]-glucosyl-(1->4)-galactoside] 26-glucoside",709,"(3B,5A,6B,22A,25R)-Furostane-22-Methoxy-3,6,26-Triol 3-[Glucosyl-(1->2)-[Xylosyl-(1->3)]-Glucosyl-(1->4)-Galactoside] 26-Glucoside",Food Bioactive,
731,Levodopa,710,Levodopa,Food Bioactive,
732,Uridine,711,Uridine,Food Bioactive,
733,Pipecolic Acid,712,Pipecolic Acid,Food Bioactive,
734,Choline Alfoscerate,713,Choline Alfoscerate,Food Bioactive,
735,Acetylglycine,714,Acetylglycine,Food Bioactive,
737,Pyruvic Acid,715,Pyruvic Acid,Food Bioactive,
738,Chloride,716,Chloride,Food Bioactive,
740,O-alpha-D-Glucopyranosyl-(1->4)-O-alpha-D-glucopyranosyl-(1->4)-D-glucopyranose,717,O-Alpha-D-Glucopyranosyl-(1->4)-O-Alpha-D-Glucopyranosyl-(1->4)-D-Glucopyranose,Food Bioactive,
741,Vicine,718,Vicine,Food Bioactive,
742,Sulfate Ion,719,Sulfate Ion,Food Bioactive,
744,Calcium Oxide,720,Calcium Oxide,Dietary Nutrient,
745,Pantothenic Acid,721,Pantothenic Acid,Food Bioactive,
746,Gossypol,722,Gossypol,Food Bioactive,
1585,(-)-Gossypol,722,Gossypol,Food Bioactive,
747,beta-Carotene,723,Carotene,Food Bioactive,
1053,alpha-Carotene,723,Carotene,Food Bioactive,
1258,Carotene,723,Carotene,Food Bioactive,
748,Atropine,724,Atropine,Food Bioactive,
750,Dopamine,725,Dopamine,Endogenous Metabolite,
751,Bilirubin,726,Bilirubin,Endogenous Metabolite,
752,Serotonin,727,Serotonin,Endogenous Metabolite,
753,Theophylline,728,Theophylline,Food Bioactive,
754,Isoflavones,729,Isoflavones,Food Bioactive,
755,Genistein,730,Genistein,Food Bioactive,
757,Salicylates,731,Salicylates,Food Bioactive,
1600,salicylate,731,Salicylates,Food Bioactive,
758,Estrogen,732,Estrogen,Endogenous Metabolite,
759,Creatinine,733,Creatinine,Endogenous Metabolite,
762,Glycosides,734,Glycosides,Food Bioactive,
763,Aldosterone,735,Aldosterone,Endogenous Metabolite,
768,Xanthine,736,Xanthine,Food Bioactive,
769,Adenosine,737,Adenosine,Food Bioactive,
773,Uric acid,738,Uric Acid,Endogenous Metabolite,
775,Estradiol,739,Estradiol,Endogenous Metabolite,
776,Ketones,740,Ketones,Food Bioactive,
778,Vasopressin,741,Vasopressin,Endogenous Metabolite,
779,H+,742,H+,Food Bioactive,
780,Curcumin,743,Curcumin,Food Bioactive,
781,Sugars,744,Sugars,Food Bioactive,
782,Rhamnetin,745,Rhamnetin,Food Bioactive,
783,Trimethylamine,746,Trimethylamine,Food Bioactive,
784,Cortisol,747,Cortisol,Endogenous Metabolite,
785,Cortisone,748,Cortisone,Endogenous Metabolite,
786,Chrysin,749,Chrysin,Food Bioactive,
787,Superoxide,750,Superoxide,Endogenous Metabolite,
788,Isoeugenol,751,Isoeugenol,Food Bioactive,
789,Testosterone,752,Testosterone,Endogenous Metabolite,
790,Petunidin,753,Petunidin,Food Bioactive,
791,Flavonoids,754,Flavonoids,Food Bioactive,
792,Epigallocatechin-3-gallate,755,Epigallocatechin-3-Gallate,Food Bioactive,
796,Kaempferide,756,Kaempferide,Food Bioactive,
797,Histamine,757,Histamine,Food Bioactive,
798,Taurine,758,Taurine,Dietary Amino Acid,
799,Oleic acid,759,Oleic Acid,Dietary Lipid,
800,NAD+,760,Nad+,Endogenous Metabolite,
801,Zingerone,761,Zingerone,Food Bioactive,
802,Pterostilbene,762,Pterostilbene,Food Bioactive,
803,Phenylephrine,763,Phenylephrine,Food Bioactive,
804,Vanillin,764,Vanillin,Food Bioactive,
805,Retinoic acid,765,Retinoic Acid,Food Bioactive,
806,Sildenafil,766,Sildenafil,Food Bioactive,
807,Phytic acid,767,Phytic Acid,Food Bioactive,
808,Ferulic acid,768,Ferulic Acid,Food Bioactive,
1756,trans-Ferulic acid,768,Ferulic Acid,Food Bioactive,
809,Nitric oxide,769,Nitric Oxide,Food Bioactive,
810,Nobiletin,770,Nobiletin,Food Bioactive,
811,Pinocembrin,771,Pinocembrin,Food Bioactive,
812,Galangin,772,Galangin,Food Bioactive,
813,L-ornithine,773,Ornithine,Dietary Amino Acid,
932,Ornithine,773,Ornithine,Dietary Amino Acid,
814,Coumestrol,774,Coumestrol,Food Bioactive,
815,Phosphorus,775,Phosphorus,Food Bioactive,
816,Theaflavin,776,Theaflavin,Food Bioactive,
817,Adenosine triphosphate,777,Adenosine Triphosphate,Food Bioactive,
818,Isoimperatorin,778,Isoimperatorin,Food Bioactive,
819,ATP,779,Atp,Endogenous Metabolite,
820,Rosmarinic acid,780,Rosmarinic Acid,Food Bioactive,
821,Gelatin,781,Gelatin,Food Bioactive,
823,Bornyl acetate,782,Bornyl Acetate,Food Bioactive,
824,Sterols,783,Sterols,Food Bioactive,
825,Arsenic,784,Arsenic,Food Bioactive,
826,α-tocopherol,785,Α-Tocopherol,Dietary Nutrient,
827,Progesterone,786,Progesterone,Food Bioactive,
828,Cadmium,787,Cadmium,Food Bioactive,
830,Retinol,788,Retinol,Dietary Nutrient,
831,Casein,789,Casein,Food Bioactive,
832,Glutathione,790,Glutathione,Food Bioactive,
833,Enterolactone,791,Enterolactone,Food Bioactive,
834,p-Coumaric acid,792,P-Coumaric Acid,Food Bioactive,
836,Tricin,793,Tricin,Food Bioactive,
837,Phloretin,794,Phloretin,Food Bioactive,
838,Oxytocin,795,Oxytocin,Endogenous Metabolite,
839,Phenols,796,Phenols,Food Bioactive,
840,Tetrahydrocortisone,797,Tetrahydrocortisone,Food Bioactive,
841,Cyanocobalamin,798,Cyanocobalamin,Dietary Nutrient,
842,2-Phenylethanol,799,2-Phenylethanol,Food Bioactive,
843,Na+,800,Na+,Food Bioactive,
844,Acetaldehyde,801,Acetaldehyde,Food Bioactive,
845,cinnamaldehyde,802,Cinnamaldehyde,Food Bioactive,
846,Pectin,803,Pectin,Food Bioactive,
847,Purine,804,Purine,Food Bioactive,
848,Punicalagin,805,Punicalagin,Food Bioactive,
849,N-Nitrosodimethylamine,806,N-Nitrosodimethylamine,Food Bioactive,
850,L-Acetylcarnitine,807,L-Acetylcarnitine,Food Bioactive,
851,L-Citrulline,808,L-Citrulline,Dietary Amino Acid,
852,Epiestradiol,809,Epiestradiol,Food Bioactive,
853,(E)-Aconitic acid,810,(E)-Aconitic Acid,Food Bioactive,
854,"(Z,Z)-9,12-Octadecadienoic acid",811,"(Z,Z)-9,12-Octadecadienoic Acid",Food Bioactive,
856,Amoxycillin,812,Amoxycillin,Food Bioactive,
857,Calcitriol,813,Calcitriol,Food Bioactive,
858,morphine,814,Morphine,Food Bioactive,
859,17alpha-ethynylestradiol,815,17Alpha-Ethynylestradiol,Food Bioactive,
860,"24,25-Dihydroxyvitamin D3",816,"24,25-Dihydroxyvitamin D3",Dietary Nutrient,
861,Codeine,817,Codeine,Food Bioactive,
862,Carbon monoxide,818,Carbon Monoxide,Food Bioactive,
866,Nicotine,819,Nicotine,Food Bioactive,
867,L-Theanine,820,L-Theanine,Food Bioactive,
869,Levoglutamide,821,Levoglutamide,Food Bioactive,
870,3-Aminopropanoic acid,822,3-Aminopropanoic Acid,Food Bioactive,
871,alpha-Tocopherol,823,Alpha-Tocopherol,Dietary Nutrient,
1211,gamma-Tocopherol,823,Alpha-Tocopherol,Dietary Nutrient,
1468,d-Tocopherol,823,Alpha-Tocopherol,Dietary Nutrient,
872,25-Hydroxycholecalciferol,824,25-Hydroxycholecalciferol,Dietary Nutrient,
873,"NG,NG-Dimethyl-L-arginine",825,"Ng,Ng-Dimethyl-L-Arginine",Dietary Amino Acid,
874,Cobalamin,826,Cobalamin,Dietary Nutrient,
875,Creatine,827,Creatine,Food Bioactive,
876,L-carnitine,828,L-Carnitine,Food Bioactive,
877,L-Cysteine,829,L-Cysteine,Dietary Amino Acid,
1696,D-Cysteine,829,L-Cysteine,Dietary Amino Acid,
878,Ozone,830,Ozone,Food Bioactive,
879,Dodecanoic acid,831,Dodecanoic Acid,Food Bioactive,
880,Phytomenadione,832,Phytomenadione,Food Bioactive,
881,Sulforaphane,833,Sulforaphane,Food Bioactive,
882,Somatostatin,834,Somatostatin,Food Bioactive,
883,Eicosapentaenoic acid,835,Eicosapentaenoic Acid,Food Bioactive,
884,Starch,836,Starch,Food Bioactive,
885,5-Formyltetrahydrofolic acid,837,5-Formyltetrahydrofolic Acid,Food Bioactive,
887,Eriodictyol 7-rutinoside,838,Eriodictyol 7-Rutinoside,Food Bioactive,
888,Digoxin,839,Digoxin,Food Bioactive,
889,(±)-erythro-Isoleucine,840,(±)-Erythro-Isoleucine,Dietary Amino Acid,
890,Riboflavine,841,Riboflavine,Dietary Nutrient,
891,(9Z)-Lycopene,842,(9Z)-Lycopene,Food Bioactive,
892,Phosphorylcholine,843,Phosphorylcholine,Food Bioactive,
893,Bradykinin,844,Bradykinin,Food Bioactive,
894,Titanium,845,Titanium,Food Bioactive,
895,Arachidonic acid,846,Arachidonic Acid,Food Bioactive,
896,L-DOPA,847,L-Dopa,Food Bioactive,
897,Polyamines,848,Polyamines,Food Bioactive,
898,Epinephrine,849,Epinephrine,Endogenous Metabolite,
899,Kynurenine,850,Kynurenine,Food Bioactive,
1792,L-Kynurenine,850,Kynurenine,Food Bioactive,
900,Deoxyadenosine,851,Deoxyadenosine,Food Bioactive,
901,S-adenosyl-L-methionine,852,S-Adenosyl-L-Methionine,Dietary Amino Acid,
902,Hexyl 2-methylpropanoate,853,Hexyl 2-Methylpropanoate,Food Bioactive,
903,Benzyl alcohol,854,Benzyl Alcohol,Food Bioactive,
904,Sulfide,855,Sulfide,Food Bioactive,
905,Valproic acid,856,Valproic Acid,Food Bioactive,
906,Lanthanum,857,Lanthanum,Food Bioactive,
907,Boron,858,Boron,Food Bioactive,
908,Ceramide,859,Ceramide,Food Bioactive,
909,Calcium oxalate,860,Calcium Oxalate,Dietary Nutrient,
910,Fluoride,861,Fluoride,Food Bioactive,
911,Maltodextrin,862,Maltodextrin,Food Bioactive,
912,Prostaglandin E2,863,Prostaglandin E2,Food Bioactive,
913,Trichloroacetic acid,864,Trichloroacetic Acid,Food Bioactive,
914,Methylmalonic acid,865,Methylmalonic Acid,Food Bioactive,
915,Elaidic acid,866,Elaidic Acid,Food Bioactive,
916,Cytarabine,867,Cytarabine,Food Bioactive,
917,Oxypurinol,868,Oxypurinol,Food Bioactive,
919,Glycerol trioleate,869,Glycerol Trioleate,Food Bioactive,
920,Liothyronine,870,Liothyronine,Food Bioactive,
922,Silicon,871,Silicon,Food Bioactive,
923,2-Propanol,872,2-Propanol,Food Bioactive,
924,Urea,873,Urea,Food Bioactive,
925,NADPH,874,Nadph,Food Bioactive,
926,Thromboxane B2,875,Thromboxane B2,Food Bioactive,
927,Angiotensin II,876,Angiotensin Ii,Food Bioactive,
928,trans-resveratrol,877,Trans-Resveratrol,Food Bioactive,
930,acetate,878,Acetate,Food Bioactive,
931,thymidine,879,Thymidine,Food Bioactive,
933,Glycerol trilinoleate,880,Glycerol Trilinoleate,Food Bioactive,
934,Androstenedione,881,Androstenedione,Food Bioactive,
935,Calamene,882,Calamene,Food Bioactive,
937,Agmatine,883,Agmatine,Food Bioactive,
938,Loperamide,884,Loperamide,Food Bioactive,
939,Betaine,885,Betaine,Food Bioactive,
940,Scopolamine,886,Scopolamine,Food Bioactive,
941,Gadolinium,887,Gadolinium,Food Bioactive,
942,Adenosine monophosphate,888,Adenosine Monophosphate,Food Bioactive,
943,oxalate,889,Oxalate,Food Bioactive,
944,Simvastatin,890,Simvastatin,Food Bioactive,
945,(E)-2-Phenyl-2-butenal,891,(E)-2-Phenyl-2-Butenal,Food Bioactive,
946,Nitrous oxide,892,Nitrous Oxide,Food Bioactive,
947,Cholestanol,893,Cholestanol,Food Bioactive,
948,Methane,894,Methane,Food Bioactive,
949,Nicotinamide,895,Nicotinamide,Food Bioactive,
950,Propene,896,Propene,Food Bioactive,
951,Fluticasone,897,Fluticasone,Food Bioactive,
952,Rebaudioside A,898,Rebaudioside A,Food Bioactive,
953,Glutathione disulfide,899,Glutathione Disulfide,Food Bioactive,
955,Phosphocreatine,900,Phosphocreatine,Food Bioactive,
956,Papaverine,901,Papaverine,Food Bioactive,
957,Sphingosine 1-phosphate,902,Sphingosine 1-Phosphate,Food Bioactive,
958,N-Acetylneuraminic acid,903,N-Acetylneuraminic Acid,Food Bioactive,
959,Thromboxane,904,Thromboxane,Food Bioactive,
960,Butyrylcholine,905,Butyrylcholine,Food Bioactive,
961,Ondansetron,906,Ondansetron,Food Bioactive,
962,Mevalonic acid,907,Mevalonic Acid,Food Bioactive,
963,Selenomethionine,908,Selenomethionine,Food Bioactive,
964,5-Aminolevulinic acid,909,5-Aminolevulinic Acid,Food Bioactive,
965,Pravastatin,910,Pravastatin,Food Bioactive,
966,Clopidogrel,911,Clopidogrel,Food Bioactive,
967,Aflatoxin B1,912,Aflatoxin B1,Food Bioactive,
968,Nickel,913,Nickel,Food Bioactive,
969,3-Methoxy-4-hydroxyphenylacetic acid,914,3-Methoxy-4-Hydroxyphenylacetic Acid,Food Bioactive,
970,Dihydrotestosterone,915,Dihydrotestosterone,Food Bioactive,
972,L-Cystathionine,916,L-Cystathionine,Food Bioactive,
973,Esters,917,Esters,Food Bioactive,
974,Epicatechin 3-gallate,918,Epicatechin 3-Gallate,Food Bioactive,
975,Campesterol,919,Campesterol,Food Bioactive,
977,Lactitol,920,Lactitol,Food Bioactive,
978,Syringic acid,921,Syringic Acid,Food Bioactive,
979,Prostaglandin E1,922,Prostaglandin E1,Food Bioactive,
980,Vanillylmandelic acid,923,Vanillylmandelic Acid,Food Bioactive,
981,Normetanephrine,924,Normetanephrine,Food Bioactive,
982,ADP,925,Adp,Endogenous Metabolite,
983,Phosphatidylcholine,926,Phosphatidylcholine,Food Bioactive,
984,Xylitol,927,Xylitol,Food Bioactive,
985,Prostaglandin D2,928,Prostaglandin D2,Food Bioactive,
986,Doconexent,929,Doconexent,Food Bioactive,
987,"8,11,14-Eicosatrienoic acid",930,"8,11,14-Eicosatrienoic Acid",Food Bioactive,
988,Biotin,931,Biotin,Food Bioactive,
989,Leukotriene C4,932,Leukotriene C4,Food Bioactive,
990,Testosterone enanthate,933,Testosterone Enanthate,Food Bioactive,
991,Methanol,934,Methanol,Food Bioactive,
992,Diphenhydramine,935,Diphenhydramine,Food Bioactive,
993,Agar,936,Agar,Food Bioactive,
994,Guanosine triphosphate,937,Guanosine Triphosphate,Food Bioactive,
995,3-Phenyl-2-propenal,938,3-Phenyl-2-Propenal,Food Bioactive,
996,2-Oxopentanedioic acid,939,2-Oxopentanedioic Acid,Food Bioactive,
997,Mg2+,940,Mg2+,Food Bioactive,
998,Substance P,941,Substance P,Food Bioactive,
1000,Sulfate,942,Sulfate,Food Bioactive,
1001,citrate,943,Citrate,Food Bioactive,
1002,Sparteine,944,Sparteine,Food Bioactive,
1003,Hypoxanthine,945,Hypoxanthine,Food Bioactive,
1004,Lactulose,946,Lactulose,Food Bioactive,
1005,Naproxen,947,Naproxen,Food Bioactive,
1006,Hydroxycobalamin,948,Hydroxycobalamin,Dietary Nutrient,
1007,"Glycerol 1,2-di-(9Z-octadecenoate)",949,"Glycerol 1,2-Di-(9Z-Octadecenoate)",Food Bioactive,
1008,γ-tocopherol,950,Γ-Tocopherol,Dietary Nutrient,
1009,Erythroneopterin,951,Erythroneopterin,Food Bioactive,
1010,4-Hydroxybenzaldehyde,952,4-Hydroxybenzaldehyde,Food Bioactive,
1011,3-Hydroxybutanoic acid,953,3-Hydroxybutanoic Acid,Food Bioactive,
1012,Sapropterin,954,Sapropterin,Food Bioactive,
1013,Zinc sulfate,955,Zinc Sulfate,Dietary Nutrient,
1014,Estrone,956,Estrone,Food Bioactive,
1015,Hydroquinone,957,Hydroquinone,Food Bioactive,
1016,beta-D-Glucuronic acid,958,Beta-D-Glucuronic Acid,Food Bioactive,
1017,Estrone sulfate,959,Estrone Sulfate,Food Bioactive,
1018,Guanine,960,Guanine,Food Bioactive,
1019,alpha-Lipoic acid,961,Lipoic Acid,Food Bioactive,
1633,Lipoic acid,961,Lipoic Acid,Food Bioactive,
1020,Lathosterol,962,Lathosterol,Food Bioactive,
1021,Pentanoic acid,963,Pentanoic Acid,Food Bioactive,
1022,Procyanidin,964,Procyanidin,Food Bioactive,
1023,3-methoxy-4-hydroxyphenylglycol,965,3-Methoxy-4-Hydroxyphenylglycol,Food Bioactive,
1024,Sulfur dioxide,966,Sulfur Dioxide,Food Bioactive,
1025,Nitrogen oxides,967,Nitrogen Oxides,Food Bioactive,
1026,Corticosterone,968,Corticosterone,Food Bioactive,
1027,Ergocalciferol,969,Ergocalciferol,Dietary Nutrient,
1028,Synephrine,970,Synephrine,Food Bioactive,
1029,Uracil,971,Uracil,Food Bioactive,
1031,Deoxypyridinoline,972,Deoxypyridinoline,Food Bioactive,
1032,Anabasine,973,Anabasine,Food Bioactive,
1033,Zinc oxide,974,Zinc Oxide,Dietary Nutrient,
1034,Diethylstilbesterol,975,Diethylstilbesterol,Food Bioactive,
1035,3-Methyl-L-histidine,976,3-Methyl-L-Histidine,Dietary Amino Acid,
1036,Amlodipine,977,Amlodipine,Food Bioactive,
1037,4-Hydroxyproline,978,4-Hydroxyproline,Food Bioactive,
1038,N-Acetylglucosamine,979,N-Acetylglucosamine,Food Bioactive,
1039,"7Z,10Z,13Z,16Z,19Z-Docosapentaenoic acid",980,"7Z,10Z,13Z,16Z,19Z-Docosapentaenoic Acid",Food Bioactive,
1040,L-Homocysteine,981,L-Homocysteine,Food Bioactive,
1041,D-Mannose,982,D-Mannose,Food Bioactive,
1043,Phosphatidylserine,983,Phosphatidylserine,Food Bioactive,
1044,Porphobilinogen,984,Porphobilinogen,Food Bioactive,
1045,"3,4-Dihydroxyphenylacetic acid",985,"3,4-Dihydroxyphenylacetic Acid",Food Bioactive,
1046,Phenol,986,Phenol,Food Bioactive,
1047,Indole,987,Indole,Food Bioactive,
1048,Isocitric acid,988,Isocitric Acid,Food Bioactive,
1049,Sodium taurocholate,989,Sodium Taurocholate,Dietary Nutrient,
1050,11-Dehydro-thromboxane B2,990,11-Dehydro-Thromboxane B2,Food Bioactive,
1051,Isodulcitol,991,Isodulcitol,Food Bioactive,
1052,Cytosine,992,Cytosine,Food Bioactive,
1054,Umbelliferone,993,Umbelliferone,Food Bioactive,
1055,Tartaric acid,994,Tartaric Acid,Food Bioactive,
1056,Azelaic acid,995,Azelaic Acid,Food Bioactive,
1057,Estriol,996,Estriol,Food Bioactive,
1058,Squalene,997,Squalene,Food Bioactive,
1059,17-Hydroxyprogesterone,998,17-Hydroxyprogesterone,Food Bioactive,
1060,Trimethylamine oxide,999,Trimethylamine Oxide,Food Bioactive,
1061,2-Methylpropanoic acid,1000,2-Methylpropanoic Acid,Food Bioactive,
1062,4-Hydroxybutyric acid,1001,4-Hydroxybutyric Acid,Food Bioactive,
1063,Pseudoephedrine,1002,Pseudoephedrine,Food Bioactive,
1064,Deoxycholic acid,1003,Deoxycholic Acid,Food Bioactive,
1065,Bupropion,1004,Bupropion,Food Bioactive,
1066,Dextrin,1005,Dextrin,Food Bioactive,
1067,Palmidrol,1006,Palmidrol,Food Bioactive,
1068,Dimethyl trisulfide,1007,Dimethyl Trisulfide,Food Bioactive,
1069,Menatetrenone,1008,Menatetrenone,Food Bioactive,
1070,Vanillic acid,1009,Vanillic Acid,Food Bioactive,
1071,selenate,1010,Selenate,Food Bioactive,
1072,Dimethylamine,1011,Dimethylamine,Food Bioactive,
1073,(Z)-Aconitic acid,1012,(Z)-Aconitic Acid,Food Bioactive,
1074,Cholic acid,1013,Cholic Acid,Food Bioactive,
1075,Glycocholic acid,1014,Glycocholic Acid,Food Bioactive,
1076,Acetovanillone,1015,Acetovanillone,Food Bioactive,
1077,Allicin,1016,Allicin,Food Bioactive,
1078,Glucosamine,1017,Glucosamine,Food Bioactive,
1079,Canrenone,1018,Canrenone,Food Bioactive,
1080,Dextromethorphan,1019,Dextromethorphan,Food Bioactive,
1081,Sertraline,1020,Sertraline,Food Bioactive,
1082,Mangiferin,1021,Mangiferin,Food Bioactive,
1083,Calcium carbonate,1022,Calcium Carbonate,Dietary Nutrient,
1084,Spermidine,1023,Spermidine,Food Bioactive,
1085,Bergamottin,1024,Bergamottin,Food Bioactive,
1086,Glucoraphanin,1025,Glucoraphanin,Food Bioactive,
1087,gamma-Butyrolactone,1026,Gamma-Butyrolactone,Food Bioactive,
1088,3-Nitrotyrosine,1027,3-Nitrotyrosine,Food Bioactive,
1089,12-HEPE,1028,12-Hepe,Food Bioactive,
1090,Hydroxylamine,1029,Hydroxylamine,Food Bioactive,
1091,Tangeritin,1030,Tangeritin,Food Bioactive,
1092,Tylosin,1031,Tylosin,Food Bioactive,
1093,Hyperforin,1032,Hyperforin,Food Bioactive,
1094,Hypericin,1033,Hypericin,Food Bioactive,
1095,Inosine,1034,Inosine,Food Bioactive,
1096,Anethole,1035,Anethole,Food Bioactive,
1097,Debrisoquine,1036,Debrisoquine,Food Bioactive,
1098,N-Methyl-D-aspartic acid,1037,N-Methyl-D-Aspartic Acid,Food Bioactive,
1099,Fructosamine,1038,Fructosamine,Food Bioactive,
1100,L-Fucose,1039,L-Fucose,Food Bioactive,
1101,Steviol,1040,Steviol,Food Bioactive,
1102,6-Sulfatoxymelatonin,1041,6-Sulfatoxymelatonin,Food Bioactive,
1103,Fumaric acid,1042,Fumaric Acid,Food Bioactive,
1104,Sodium lauryl sulfate,1043,Sodium Lauryl Sulfate,Dietary Nutrient,
1105,Mandelic acid,1044,Mandelic Acid,Food Bioactive,
1106,"8-Hydroxy-2-methoxy-6-methyl-1,4-naphthoquinone",1045,"8-Hydroxy-2-Methoxy-6-Methyl-1,4-Naphthoquinone",Food Bioactive,
1107,Acetaminophen,1046,Acetaminophen,Food Bioactive,
1108,palmitate,1047,Palmitate,Food Bioactive,
1109,Methionine sulfoxide,1048,Methionine Sulfoxide,Dietary Amino Acid,
1110,Dimethyl sulfoxide,1049,Dimethyl Sulfoxide,Food Bioactive,
1111,Acteoside,1050,Acteoside,Food Bioactive,
1112,Saponins,1051,Saponins,Food Bioactive,
1113,Leukotriene B4,1052,Leukotriene B4,Food Bioactive,
1114,ajmaline,1053,Ajmaline,Food Bioactive,
1115,alpha-Linolenic acid,1054,Alpha-Linolenic Acid,Food Bioactive,
1116,Metanephrine,1055,Metanephrine,Food Bioactive,
1117,Limonene,1056,Limonene,Food Bioactive,
1202,(R)-Limonene,1056,Limonene,Food Bioactive,
1118,Pyridoxal,1057,Pyridoxal,Food Bioactive,
1119,Glucosylceramide,1058,Glucosylceramide,Food Bioactive,
1120,Carbonic acid,1059,Carbonic Acid,Food Bioactive,
1121,Quinoline,1060,Quinoline,Food Bioactive,
1122,"1,2-Benzenediol",1061,"1,2-Benzenediol",Food Bioactive,
1123,Gentisic acid,1062,Gentisic Acid,Food Bioactive,
1124,Quinine,1063,Quinine,Food Bioactive,
1125,Plastochromanol 8,1064,Plastochromanol 8,Food Bioactive,
1126,Mesna,1065,Mesna,Food Bioactive,
1127,(-)-Arctigenin,1066,(-)-Arctigenin,Food Bioactive,
1128,LF,1067,Lf,Food Bioactive,
1129,Venlafaxine,1068,Venlafaxine,Food Bioactive,
1130,Fosfomycin,1069,Fosfomycin,Food Bioactive,
1131,Orotic acid,1070,Orotic Acid,Food Bioactive,
1132,Nitrite,1071,Nitrite,Food Bioactive,
1133,Deoxyuridine,1072,Deoxyuridine,Food Bioactive,
1134,Chondroitin sulfate,1073,Chondroitin Sulfate,Food Bioactive,
1135,Flavones,1074,Flavones,Food Bioactive,
1136,Puerarin,1075,Puerarin,Food Bioactive,
1137,Ubiquinol-10,1076,Ubiquinol-10,Food Bioactive,
1138,Propionylcarnitine,1077,Propionylcarnitine,Food Bioactive,
1139,Dimethylglycine,1078,Dimethylglycine,Food Bioactive,
1140,Formic acid,1079,Formic Acid,Food Bioactive,
1141,Hyaluronic acid,1080,Hyaluronic Acid,Food Bioactive,
1142,"1,3-Dimethyluric acid",1081,"1,3-Dimethyluric Acid",Food Bioactive,
1143,ammonium,1082,Ammonium,Food Bioactive,
1144,Quercetin 3-rutinoside,1083,Quercetin 3-Rutinoside,Food Bioactive,
1145,GDP,1084,Gdp,Endogenous Metabolite,
1146,Cytidine,1085,Cytidine,Food Bioactive,
1147,Cardiolipin,1086,Cardiolipin,Food Bioactive,
1148,Hippuric acid,1087,Hippuric Acid,Food Bioactive,
1149,Peroxynitrite,1088,Peroxynitrite,Food Bioactive,
1150,beta-D-Glucopyranose,1089,Beta-D-Glucopyranose,Food Bioactive,
1151,Pyrimidine,1090,Pyrimidine,Food Bioactive,
1152,3-Hydroxy-3-methylglutaryl-CoA,1091,3-Hydroxy-3-Methylglutaryl-Coa,Endogenous Metabolite,
1153,Acetylsalicylic acid,1092,Acetylsalicylic Acid,Food Bioactive,
1154,protoporphyrin IX,1093,Protoporphyrin Ix,Food Bioactive,
1155,S-Adenosylmethionine,1094,S-Adenosylmethionine,Food Bioactive,
1156,8-HETE,1095,8-Hete,Food Bioactive,
1157,9-HETE,1096,9-Hete,Food Bioactive,
1158,2-Phenylethylamine,1097,2-Phenylethylamine,Food Bioactive,
1159,Selenite,1098,Selenite,Food Bioactive,
1160,Cetyl alcohol,1099,Cetyl Alcohol,Food Bioactive,
1161,Proanthocyanidins,1100,Proanthocyanidins,Food Bioactive,
1162,Thromboxane A2,1101,Thromboxane A2,Food Bioactive,
1163,Hexane,1102,Hexane,Food Bioactive,
1164,Allantoin,1103,Allantoin,Food Bioactive,
1165,Biopterin,1104,Biopterin,Food Bioactive,
1166,D-Ribose,1105,D-Ribose,Food Bioactive,
1167,Ketoprofen glucuronide,1106,Ketoprofen Glucuronide,Food Bioactive,
1168,Glycolipids,1107,Glycolipids,Food Bioactive,
1169,3-Methylxanthine,1108,3-Methylxanthine,Food Bioactive,
1170,Homocysteinesulfinic acid,1109,Homocysteinesulfinic Acid,Food Bioactive,
1171,Iodide,1110,Iodide,Food Bioactive,
1172,Toluene,1111,Toluene,Food Bioactive,
1173,Hafnium,1112,Hafnium,Food Bioactive,
1174,Xanthotoxin,1113,Xanthotoxin,Food Bioactive,
1175,Pyridinoline,1114,Pyridinoline,Food Bioactive,
1176,Ergothioneine,1115,Ergothioneine,Food Bioactive,
1177,Chenodeoxycholic acid,1116,Chenodeoxycholic Acid,Food Bioactive,
1178,Prostaglandin E3,1117,Prostaglandin E3,Food Bioactive,
1179,Clenbuterol,1118,Clenbuterol,Food Bioactive,
1181,1-Methyluric acid,1119,1-Methyluric Acid,Food Bioactive,
1182,Lipoxin A4,1120,Lipoxin A4,Food Bioactive,
1183,Resolvin E1,1121,Resolvin E1,Food Bioactive,
1184,"4,5-Dihydroorotic acid",1122,"4,5-Dihydroorotic Acid",Food Bioactive,
1185,Aniline,1123,Aniline,Food Bioactive,
1186,4-Hydroxyphenylacetic acid,1124,4-Hydroxyphenylacetic Acid,Food Bioactive,
1187,Heparan sulfate,1125,Heparan Sulfate,Food Bioactive,
1188,Formaldehyde,1126,Formaldehyde,Food Bioactive,
1189,Pentosidine,1127,Pentosidine,Food Bioactive,
1190,Methanethiol,1128,Methanethiol,Food Bioactive,
1191,"3,5-Dihydroxybenzoic acid",1129,"3,5-Dihydroxybenzoic Acid",Food Bioactive,
1192,Retinol palmitate,1130,Retinol Palmitate,Dietary Nutrient,
1193,Cysteamine,1131,Cysteamine,Food / Whole-Food Preparation,
1194,Glycyrrhizin,1132,Glycyrrhizin,Food Bioactive,
1195,Resolvin D2,1133,Resolvin D2,Food Bioactive,
1196,Valerenic acid,1134,Valerenic Acid,Food Bioactive,
1197,Benzene,1135,Benzene,Food Bioactive,
1198,carbamate,1136,Carbamate,Food Bioactive,
1199,(±)-Menthyl acetate,1137,(±)-Menthyl Acetate,Food Bioactive,
1200,DHEA sulfate,1138,Dhea Sulfate,Food Bioactive,
1201,Protopanaxadiol,1139,Protopanaxadiol,Food Bioactive,
1203,Stigmasterol,1140,Stigmasterol,Food Bioactive,
1205,Boric acid (H3BO3),1141,Boric Acid (H3Bo3),Food Bioactive,
1206,Adrenosterone,1142,Adrenosterone,Food Bioactive,
1207,Gonadotropin releasing hormone,1143,Gonadotropin Releasing Hormone,Food Bioactive,
1208,Triamterene,1144,Triamterene,Food Bioactive,
1209,Molybdenum,1145,Molybdenum,Food Bioactive,
1210,Hydrochlorothiazide,1146,Hydrochlorothiazide,Food Bioactive,
1212,Imidazole,1147,Imidazole,Food Bioactive,
1213,Atorvastatin,1148,Atorvastatin,Food Bioactive,
1214,Tantalum,1149,Tantalum,Food Bioactive,
1215,7-Dehydrocholesterol,1150,7-Dehydrocholesterol,Food Bioactive,
1216,Glaucine,1151,Glaucine,Food Bioactive,
1217,Rubidium,1152,Rubidium,Food Bioactive,
1218,Carbonate,1153,Carbonate,Food Bioactive,
1219,Farnesyl pyrophosphate,1154,Farnesyl Pyrophosphate,Food Bioactive,
1220,Acetaminophen glucuronide,1155,Acetaminophen Glucuronide,Food Bioactive,
1222,Dimethicone,1156,Dimethicone,Food Bioactive,
1223,Phloroglucinol,1157,Phloroglucinol,Food Bioactive,
1224,5-Aminoimidazole-4-carboxamide,1158,5-Aminoimidazole-4-Carboxamide,Food Bioactive,
1225,Homocysteine thiolactone,1159,Homocysteine Thiolactone,Food Bioactive,
1226,Procaine,1160,Procaine,Food Bioactive,
1227,Garlicin,1161,Garlicin,Food Bioactive,
1228,Calcium gluconate,1162,Calcium Gluconate,Dietary Nutrient,
1229,Zirconium,1163,Zirconium,Food Bioactive,
1230,Glycitein,1164,Glycitein,Food Bioactive,
1231,Tetragastrin,1165,Tetragastrin,Food Bioactive,
1232,Hemin,1166,Hemin,Food Bioactive,
1233,Gamolenic acid,1167,Gamolenic Acid,Food Bioactive,
1234,4-Aminobenzoic acid,1168,4-Aminobenzoic Acid,Food Bioactive,
1235,Stigmastanol,1169,Stigmastanol,Food Bioactive,
1236,5-Hydroxy-L-tryptophan,1170,5-Hydroxy-L-Tryptophan,Dietary Amino Acid,
1237,Isoprene,1171,Isoprene,Food Bioactive,
1238,"17,18-DiHETE",1172,"17,18-Dihete",Food Bioactive,
1239,Prostaglandin I2,1173,Prostaglandin I2,Food Bioactive,
1240,Calcium sulfate,1174,Calcium Sulfate,Dietary Nutrient,
1241,Silica gel,1175,Silica Gel,Food Bioactive,
1242,Nonivamide,1176,Nonivamide,Food Bioactive,
1244,2-Hydroxyvaleric acid,1177,2-Hydroxyvaleric Acid,Food Bioactive,
1245,Phenyllactic acid,1178,Phenyllactic Acid,Food Bioactive,
1246,3-Phenylpropanoic acid,1179,3-Phenylpropanoic Acid,Food Bioactive,
1247,3-Methylbutanoic acid,1180,3-Methylbutanoic Acid,Food Bioactive,
1248,3-Butyl-1(3H)-isobenzofuranone,1181,3-Butyl-1(3H)-Isobenzofuranone,Food Bioactive,
1249,Ergosterol,1182,Ergosterol,Food Bioactive,
1250,Taurodeoxycholic acid,1183,Taurodeoxycholic Acid,Food Bioactive,
1251,Thymine,1184,Thymine,Food Bioactive,
1252,"5,10-Methylenetetrahydrofolic acid",1185,"5,10-Methylenetetrahydrofolic Acid",Food Bioactive,
1253,Dibutyl phthalate,1186,Dibutyl Phthalate,Food Bioactive,
1254,Salbutamol,1187,Salbutamol,Food Bioactive,
1255,magnoflorine,1188,Magnoflorine,Food Bioactive,
1256,S-adenosyl-L-homocysteine,1189,S-Adenosyl-L-Homocysteine,Food Bioactive,
1257,1-Methylxanthine,1190,1-Methylxanthine,Food Bioactive,
1259,Vanadium,1191,Vanadium,Food Bioactive,
1260,5-Methoxytryptamine,1192,5-Methoxytryptamine,Food Bioactive,
1261,Parthenolide,1193,Parthenolide,Food Bioactive,
1262,Lanosterol,1194,Lanosterol,Food Bioactive,
1263,Ricinoleic acid,1195,Ricinoleic Acid,Food Bioactive,
1264,2-Methoxyphenol,1196,2-Methoxyphenol,Food Bioactive,
1265,1-Hexanol,1197,1-Hexanol,Food Bioactive,
1266,Baicalein,1198,Baicalein,Food Bioactive,
1267,Aesculetin,1199,Aesculetin,Food Bioactive,
1268,4-Nitrophenol,1200,4-Nitrophenol,Food Bioactive,
1269,Ethylene,1201,Ethylene,Food Bioactive,
1270,6-Hydroxydopamine,1202,6-Hydroxydopamine,Food Bioactive,
1271,5-Isopropyl-2-methylphenol,1203,5-Isopropyl-2-Methylphenol,Food Bioactive,
1272,2-Isopropyl-5-methylphenol,1204,2-Isopropyl-5-Methylphenol,Food Bioactive,
1273,Argininosuccinic acid,1205,Argininosuccinic Acid,Food Bioactive,
1274,Jasmonic acid,1206,Jasmonic Acid,Food Bioactive,
1275,Tryptamine,1207,Tryptamine,Food Bioactive,
1276,Chinese tannin,1208,Chinese Tannin,Food Bioactive,
1277,(±)-Phenylalanine,1209,(±)-Phenylalanine,Dietary Amino Acid,
1278,Monocrotaline,1210,Monocrotaline,Food Bioactive,
1279,Scoparone,1211,Scoparone,Food Bioactive,
1280,Kynurenic acid,1212,Kynurenic Acid,Food Bioactive,
1281,Valencene,1213,Valencene,Food Bioactive,
1282,Eupatilin,1214,Eupatilin,Food Bioactive,
1283,Potassium chloride,1215,Potassium Chloride,Dietary Nutrient,
1284,Iduronic acid,1216,Iduronic Acid,Food Bioactive,
1285,Phosphatidylethanolamine,1217,Phosphatidylethanolamine,Food Bioactive,
1286,"7-Methyl-3-methylene-1,6-octadiene",1218,"7-Methyl-3-Methylene-1,6-Octadiene",Food Bioactive,
1287,D-Camphor,1219,D-Camphor,Food Bioactive,
1288,trehalose,1220,Trehalose,Food Bioactive,
1289,Cellobiose,1221,Cellobiose,Food Bioactive,
1290,Cyanide,1222,Cyanide,Food Bioactive,
1291,Safrole,1223,Safrole,Food Bioactive,
1292,Paraquat,1224,Paraquat,Food Bioactive,
1293,Tungsten,1225,Tungsten,Food Bioactive,
1294,Violaxanthin,1226,Violaxanthin,Food Bioactive,
1295,Inositol phosphate,1227,Inositol Phosphate,Food Bioactive,
1296,Chlorophyll,1228,Chlorophyll,Food Bioactive,
1297,Ochratoxin A,1229,Ochratoxin A,Food Bioactive,
1298,2-Methylbutanal,1230,2-Methylbutanal,Food Bioactive,
1299,Heptanal,1231,Heptanal,Food Bioactive,
1300,Sesamol,1232,Sesamol,Food Bioactive,
1301,Methyl salicylate,1233,Methyl Salicylate,Food Bioactive,
1302,Rotenone,1234,Rotenone,Food Bioactive,
1303,3-Isothiocyanato-1-propene,1235,3-Isothiocyanato-1-Propene,Food Bioactive,
1304,Glabridin,1236,Glabridin,Food Bioactive,
1305,Methyl jasmonate,1237,Methyl Jasmonate,Food Bioactive,
1306,Linalyl acetate,1238,Linalyl Acetate,Food Bioactive,
1307,Prostaglandin A1,1239,Prostaglandin A1,Food Bioactive,
1308,cholate,1240,Cholate,Food Bioactive,
1309,Citalopram,1241,Citalopram,Food Bioactive,
1310,Clofenotane,1242,Clofenotane,Food Bioactive,
1311,Endrin,1243,Endrin,Food Bioactive,
1312,Castasterone,1244,Castasterone,Food Bioactive,
1313,Lithospermic acid,1245,Lithospermic Acid,Food Bioactive,
1314,Octopamine,1246,Octopamine,Food Bioactive,
1315,Piperidine,1247,Piperidine,Food Bioactive,
1316,Betulin,1248,Betulin,Food Bioactive,
1317,Soyasaponin I,1249,Soyasaponin I,Food Bioactive,
1318,Abscisic acid,1250,Abscisic Acid,Food Bioactive,
1319,11-Dehydrocorticosterone,1251,11-Dehydrocorticosterone,Food Bioactive,
1320,1H-Indole-3-acetonitrile,1252,1H-Indole-3-Acetonitrile,Food Bioactive,
1321,Phosphoric acid,1253,Phosphoric Acid,Food Bioactive,
1322,Guanosine,1254,Guanosine,Food Bioactive,
1323,AMP,1255,Amp,Endogenous Metabolite,
1324,Isoborneol,1256,Isoborneol,Food Bioactive,
1325,Spermine,1257,Spermine,Food Bioactive,
1326,Pyridine,1258,Pyridine,Food Bioactive,
1327,Acetyl-CoA,1259,Acetyl-Coa,Endogenous Metabolite,
1328,Chlorate,1260,Chlorate,Food Bioactive,
1329,(R)-Oxypeucedanin,1261,(R)-Oxypeucedanin,Food Bioactive,
1330,phosphoenolpyruvate,1262,Phosphoenolpyruvate,Food Bioactive,
1331,Guanidine,1263,Guanidine,Food Bioactive,
1332,Iodate,1264,Iodate,Food Bioactive,
1333,Emodin,1265,Emodin,Food Bioactive,
1334,FAD,1266,Fad,Endogenous Metabolite,
1335,Carboxyatractyloside,1267,Carboxyatractyloside,Food Bioactive,
1336,"2,3-Butanedione",1268,"2,3-Butanedione",Food Bioactive,
1337,Methylpyrazine,1269,Methylpyrazine,Food Bioactive,
1338,Choline chloride,1270,Choline Chloride,Food Bioactive,
1339,Isopimpinellin,1271,Isopimpinellin,Food Bioactive,
1340,Tellurium,1272,Tellurium,Food Bioactive,
1341,Carbon disulfide,1273,Carbon Disulfide,Food Bioactive,
1342,Tetrahydrocurcumin,1274,Tetrahydrocurcumin,Food Bioactive,
1343,Xanthorrhizol,1275,Xanthorrhizol,Food Bioactive,
1344,Dityrosine,1276,Dityrosine,Food Bioactive,
1345,Taurocholic acid,1277,Taurocholic Acid,Food Bioactive,
1346,N6-Methyladenosine,1278,N6-Methyladenosine,Food Bioactive,
1347,Geranylgeraniol,1279,Geranylgeraniol,Food Bioactive,
1348,Pyridoxamine,1280,Pyridoxamine,Food Bioactive,
1349,Ligustilide,1281,Ligustilide,Food Bioactive,
1588,cis-Ligustilide,1281,Ligustilide,Food Bioactive,
1350,Fisetin,1282,Fisetin,Food Bioactive,
1351,Acetoin,1283,Acetoin,Food Bioactive,
1352,2-Furanmethanol,1284,2-Furanmethanol,Food Bioactive,
1353,3-Hydroxyflavone,1285,3-Hydroxyflavone,Food Bioactive,
1354,3-Methoxytyramine,1286,3-Methoxytyramine,Food Bioactive,
1355,Sodium nitrite,1287,Sodium Nitrite,Dietary Nutrient,
1356,Urolithin A,1288,Urolithin A,Food Bioactive,
1357,Scopoletin,1289,Scopoletin,Food Bioactive,
1358,UTP,1290,Utp,Endogenous Metabolite,
1359,NAD,1291,Nad,Endogenous Metabolite,
1360,"Inositol 1,4,5-trisphosphate",1292,"Inositol 1,4,5-Trisphosphate",Food Bioactive,
1361,(S)-[6]-Gingerol,1293,(S)-[6]-Gingerol,Food Bioactive,
1362,Racemethionine,1294,Racemethionine,Food Bioactive,
1363,3-Hydroxyanthranilic acid,1295,3-Hydroxyanthranilic Acid,Food Bioactive,
1364,Phosphatidylglycerol,1296,Phosphatidylglycerol,Food Bioactive,
1365,Cinnamyl alcohol,1297,Cinnamyl Alcohol,Food Bioactive,
1366,Methoxyl,1298,Methoxyl,Food Bioactive,
1367,Cucurbitacin E,1299,Cucurbitacin E,Food Bioactive,
1368,N-Methyltryptamine,1300,N-Methyltryptamine,Food Bioactive,
1369,Sodium hypochlorite,1301,Sodium Hypochlorite,Dietary Nutrient,
1370,Isopimaric acid,1302,Isopimaric Acid,Food Bioactive,
1371,Maltotriose,1303,Maltotriose,Food Bioactive,
1372,Chitinase,1304,Chitinase,Food Bioactive,
1373,Asiatic acid,1305,Asiatic Acid,Food Bioactive,
1374,Protopine,1306,Protopine,Food Bioactive,
1375,Dehydroascorbic acid,1307,Dehydroascorbic Acid,Food Bioactive,
1376,Biochanin A,1308,Biochanin A,Food Bioactive,
1377,2-aminoacrylate,1309,2-Aminoacrylate,Food Bioactive,
1378,Kaurenoic acid,1310,Kaurenoic Acid,Food Bioactive,
1379,NADH,1311,Nadh,Food Bioactive,
1380,Morin,1312,Morin,Food Bioactive,
1381,Achillin,1313,Achillin,Food Bioactive,
1382,Capsanthin,1314,Capsanthin,Food Bioactive,
1383,Anatabine,1315,Anatabine,Food Bioactive,
1384,Phlorizin,1316,Phlorizin,Food Bioactive,
1385,palmitoyl-CoA,1317,Palmitoyl-Coa,Endogenous Metabolite,
1386,Triethylamine,1318,Triethylamine,Food Bioactive,
1387,Acetamide,1319,Acetamide,Food Bioactive,
1388,Chlorpheniramine,1320,Chlorpheniramine,Food Bioactive,
1389,Pregnenolone sulfate,1321,Pregnenolone Sulfate,Food Bioactive,
1390,methylglyoxal,1322,Methylglyoxal,Food Bioactive,
1391,Isoscopoletin,1323,Isoscopoletin,Food Bioactive,
1392,Cyclohexane,1324,Cyclohexane,Food Bioactive,
1393,Geraniol,1325,Geraniol,Food Bioactive,
1394,Aesculin,1326,Aesculin,Food Bioactive,
1395,Betaine aldehyde,1327,Betaine Aldehyde,Food Bioactive,
1396,H2O,1328,H2O,Food Bioactive,
1397,"1,2,3-Benzenetriol",1329,"1,2,3-Benzenetriol",Food Bioactive,
1398,Ursodeoxycholic acid,1330,Ursodeoxycholic Acid,Food Bioactive,
1399,Mercury,1331,Mercury,Food Bioactive,
1400,Rhein,1332,Rhein,Food Bioactive,
1401,Oripavine,1333,Oripavine,Food Bioactive,
1402,Farnesol,1334,Farnesol,Food Bioactive,
1403,beta-Elemene,1335,Beta-Elemene,Food Bioactive,
1404,Cinnamic acid,1336,Cinnamic Acid,Food Bioactive,
1405,L-5-Oxo-2-pyrrolidinecarboxylic acid,1337,L-5-Oxo-2-Pyrrolidinecarboxylic Acid,Food Bioactive,
1407,Sinigrin,1338,Sinigrin,Food Bioactive,
1408,Astragalin,1339,Astragalin,Food Bioactive,
1409,Fucoxanthin,1340,Fucoxanthin,Food Bioactive,
1410,Oleanolic acid,1341,Oleanolic Acid,Food Bioactive,
1411,Fucosterol,1342,Fucosterol,Food Bioactive,
1412,Isoferulic acid,1343,Isoferulic Acid,Food Bioactive,
1413,Betanin,1344,Betanin,Food Bioactive,
1414,Cafestol,1345,Cafestol,Food Bioactive,
1415,Kahweol,1346,Kahweol,Food Bioactive,
1416,Maltoheptaose,1347,Maltoheptaose,Food Bioactive,
1417,Vitexin,1348,Vitexin,Food Bioactive,
1418,Isovitexin,1349,Isovitexin,Food Bioactive,
1419,Orientin,1350,Orientin,Food Bioactive,
1420,Anandamide,1351,Anandamide,Food Bioactive,
1421,Threonic acid,1352,Threonic Acid,Food Bioactive,
1422,beta-Solamarine,1353,Beta-Solamarine,Food Bioactive,
1423,Isoxanthopterin,1354,Isoxanthopterin,Food Bioactive,
1424,Lead,1355,Lead,Food Bioactive,
1425,Paeonol,1356,Paeonol,Food Bioactive,
1426,Naphthalen-1-ol,1357,Naphthalen-1-Ol,Food Bioactive,
1427,Iron oxide,1358,Iron Oxide,Dietary Nutrient,
1428,3-Hexen-1-ol,1359,3-Hexen-1-Ol,Food Bioactive,
1429,Carveol,1360,Carveol,Food Bioactive,
1430,Lithocholic acid,1361,Lithocholic Acid,Food Bioactive,
1431,Patchouli alcohol,1362,Patchouli Alcohol,Food Bioactive,
1432,N-Acetyl-L-cysteine,1363,N-Acetyl-L-Cysteine,Dietary Amino Acid,
1433,n-butanol,1364,N-Butanol,Food Bioactive,
1434,Maltopentaose,1365,Maltopentaose,Food Bioactive,
1435,Sulfite,1366,Sulfite,Food Bioactive,
1436,Myosmine,1367,Myosmine,Food Bioactive,
1437,Boldine,1368,Boldine,Food Bioactive,
1438,Caffeic acid ethyl ester,1369,Caffeic Acid Ethyl Ester,Food Bioactive,
1439,"2,4-Dichlorophenoxyacetic acid",1370,"2,4-Dichlorophenoxyacetic Acid",Food Bioactive,
1440,Molybdate,1371,Molybdate,Food Bioactive,
1441,Chromone,1372,Chromone,Food Bioactive,
1442,Thiamine hydrochloride,1373,Thiamine Hydrochloride,Dietary Nutrient,
1443,Hexylamine,1374,Hexylamine,Food Bioactive,
1444,4-Pyridoxic acid,1375,4-Pyridoxic Acid,Food Bioactive,
1445,Cesium,1376,Cesium,Food Bioactive,
1446,Paraoxon,1377,Paraoxon,Food Bioactive,
1447,Anisatin,1378,Anisatin,Food Bioactive,
1448,N-Ethyl trans-2-cis-6-nonadienamide,1379,N-Ethyl Trans-2-Cis-6-Nonadienamide,Food Bioactive,
1449,Glucose 6-phosphate,1380,Glucose 6-Phosphate,Food Bioactive,
1450,Xanthohumol,1381,Xanthohumol,Food Bioactive,
1451,Alantolactone,1382,Alantolactone,Food Bioactive,
1452,Alkanes,1383,Alkanes,Food Bioactive,
1453,Limonin,1384,Limonin,Food Bioactive,
1454,Pectic acid,1385,Pectic Acid,Food Bioactive,
1455,Zolpidem,1386,Zolpidem,Food Bioactive,
1456,Juglone,1387,Juglone,Food Bioactive,
1457,Procyanidin B2,1388,Procyanidin B2,Food Bioactive,
1458,"2,3-Dihydroxybenzoic acid",1389,"2,3-Dihydroxybenzoic Acid",Food Bioactive,
1459,3-Methyladenine,1390,3-Methyladenine,Food Bioactive,
1460,"1-chloro-2,4-dinitrobenzene",1391,"1-Chloro-2,4-Dinitrobenzene",Food Bioactive,
1461,L-Glyceric acid,1392,Glyceric Acid,Food Bioactive,
1736,Glyceric acid,1392,Glyceric Acid,Food Bioactive,
1462,dihydromyricetin,1393,Dihydromyricetin,Food Bioactive,
1463,Obacunone,1394,Obacunone,Food Bioactive,
1464,Lupeol,1395,Lupeol,Food Bioactive,
1465,Gambogic acid,1396,Gambogic Acid,Food Bioactive,
1466,Tomatidine,1397,Tomatidine,Food Bioactive,
1467,Chalcone,1398,Chalcone,Food Bioactive,
1469,Formononetin,1399,Formononetin,Food Bioactive,
1470,phytol,1400,Phytol,Food Bioactive,
1471,Methyleugenol,1401,Methyleugenol,Food Bioactive,
1472,Potassium citrate,1402,Potassium Citrate,Dietary Nutrient,
1473,5-Methylcytosine,1403,5-Methylcytosine,Food Bioactive,
1474,Benzaldehyde,1404,Benzaldehyde,Food Bioactive,
1475,Dimethyl sulfone,1405,Dimethyl Sulfone,Food Bioactive,
1476,Trehalose 6-phosphate,1406,Trehalose 6-Phosphate,Food Bioactive,
1477,N-Methylaniline,1407,N-Methylaniline,Food Bioactive,
1478,13-Hydroxylupanine,1408,13-Hydroxylupanine,Food Bioactive,
1479,Menadione,1409,Menadione,Food Bioactive,
1480,(+)-Myrtenol,1410,(+)-Myrtenol,Food Bioactive,
1481,alpha-endosulfan,1411,Alpha-Endosulfan,Food Bioactive,
1482,Norathyriol,1412,Norathyriol,Food Bioactive,
1483,Bromine,1413,Bromine,Food Bioactive,
1484,Bilirubin diglucuronide,1414,Bilirubin Diglucuronide,Food Bioactive,
1485,5-Hydroxytryptophol,1415,5-Hydroxytryptophol,Food Bioactive,
1486,Oleuropein,1416,Oleuropein,Food Bioactive,
1487,Erucin,1417,Erucin,Food Bioactive,
1488,loganin,1418,Loganin,Food Bioactive,
1489,Butein,1419,Butein,Food Bioactive,
1490,Homoserine,1420,Homoserine,Food Bioactive,
1491,Maltotetraose,1421,Maltotetraose,Food Bioactive,
1492,Chicoric acid,1422,Chicoric Acid,Food Bioactive,
1493,Atractyloside,1423,Atractyloside,Food Bioactive,
1494,Ginsenoside Rb1,1424,Ginsenoside Rb1,Food Bioactive,
1495,N-Dodecane,1425,N-Dodecane,Food Bioactive,
1496,"2,4-Dihydroxybenzoic acid",1426,"2,4-Dihydroxybenzoic Acid",Food Bioactive,
1497,4-Hydroxy-2H-1-benzopyran-2-one,1427,4-Hydroxy-2H-1-Benzopyran-2-One,Food Bioactive,
1499,Ribitol,1428,Ribitol,Food Bioactive,
1500,Aminomalonic acid,1429,Aminomalonic Acid,Food Bioactive,
1501,Styrene,1430,Styrene,Food Bioactive,
1502,Myricetin 3-rhamnoside,1431,Myricetin 3-Rhamnoside,Food Bioactive,
1503,Triterpenoid,1432,Triterpenoid,Food Bioactive,
1504,Isoliquiritigenin,1433,Isoliquiritigenin,Food Bioactive,
1505,DL-DOPA,1434,Dl-Dopa,Food Bioactive,
1506,8-Hydroxyguanine,1435,8-Hydroxyguanine,Food Bioactive,
1507,1-Heptanol,1436,1-Heptanol,Food Bioactive,
1508,6-Deoxocastasterone,1437,6-Deoxocastasterone,Food Bioactive,
1509,Estrone glucuronide,1438,Estrone Glucuronide,Food Bioactive,
1510,Chloroform,1439,Chloroform,Food Bioactive,
1511,Osthol,1440,Osthol,Food Bioactive,
1512,ethanolamine,1441,Ethanolamine,Food Bioactive,
1513,Celastrol,1442,Celastrol,Food Bioactive,
1514,Deoxynivalenol,1443,Deoxynivalenol,Food Bioactive,
1515,Eupatorin,1444,Eupatorin,Food Bioactive,
1516,Propranolol,1445,Propranolol,Food Bioactive,
1517,Hydroxysafflor yellow A,1446,Hydroxysafflor Yellow A,Food Bioactive,
1518,(+)-Borneol,1447,Borneol,Food Bioactive,
1742,(-)-Borneol,1447,Borneol,Food Bioactive,
1519,Laudanine,1448,Laudanine,Food Bioactive,
1521,3-Methyl-1-butylamine,1449,3-Methyl-1-Butylamine,Food Bioactive,
1522,"2-Amino-3-methylimidazo[4,5-f]quinoline",1450,"2-Amino-3-Methylimidazo[4,5-F]Quinoline",Food Bioactive,
1523,"N2,N2-Dimethylguanosine",1451,"N2,N2-Dimethylguanosine",Food Bioactive,
1524,1-Methyladenosine,1452,1-Methyladenosine,Food Bioactive,
1525,Thiabendazole,1453,Thiabendazole,Food Bioactive,
1526,Costunolide,1454,Costunolide,Food Bioactive,
1527,Cryptotanshinone,1455,Cryptotanshinone,Food Bioactive,
1528,Ginkgolide A,1456,Ginkgolide A,Food Bioactive,
1529,1-Octanol,1457,1-Octanol,Food Bioactive,
1530,Demethoxycurcumin,1458,Demethoxycurcumin,Food Bioactive,
1531,Geranylacetone,1459,Geranylacetone,Food Bioactive,
1532,25-Hydroxycholesterol,1460,25-Hydroxycholesterol,Endogenous Metabolite,
1533,(S)-Reticuline,1461,(S)-Reticuline,Food Bioactive,
1534,Muramic acid,1462,Muramic Acid,Food Bioactive,
1535,alpha-Terpineol,1463,Alpha-Terpineol,Food Bioactive,
1536,Cirsiliol,1464,Cirsiliol,Food Bioactive,
1537,Liquiritigenin,1465,Liquiritigenin,Food Bioactive,
1538,Canthaxanthin,1466,Canthaxanthin,Food Bioactive,
1539,Sphingosine,1467,Sphingosine,Food Bioactive,
1540,Calmodulin,1468,Calmodulin,Endogenous Metabolite,
1541,dCMP,1469,Dcmp,Endogenous Metabolite,
1542,Arginine hydrochloride,1470,Arginine Hydrochloride,Dietary Amino Acid,
1543,Hyperin,1471,Hyperin,Food Bioactive,
1544,Brassicasterol,1472,Brassicasterol,Food Bioactive,
1545,Ginsenoside Rc,1473,Ginsenoside Rc,Food Bioactive,
1546,Hordenine,1474,Hordenine,Food Bioactive,
1548,Sclareol,1475,Sclareol,Food Bioactive,
1549,Didymin,1476,Didymin,Food Bioactive,
1550,Poncirin,1477,Poncirin,Food Bioactive,
1551,Rhoifolin,1478,Rhoifolin,Food Bioactive,
1552,UDP,1479,Udp,Endogenous Metabolite,
1553,(-)-Quinic acid,1480,Quinic Acid,Food Bioactive,
1554,Trilobatin,1481,Trilobatin,Food Bioactive,
1555,Chlorite,1482,Chlorite,Food Bioactive,
1556,Benzylamine,1483,Benzylamine,Food Bioactive,
1557,Pelargonidin,1484,Pelargonidin,Food Bioactive,
1558,Ecdysone,1485,Ecdysone,Food Bioactive,
1560,Glycerylphosphoinositol,1486,Glycerylphosphoinositol,Endogenous Metabolite,
1561,Pentanal,1487,Pentanal,Food Bioactive,
1562,Gentiobiose,1488,Gentiobiose,Food Bioactive,
1563,Cyanidin 3-glucoside,1489,Cyanidin 3-Glucoside,Food Bioactive,
1566,3-Hydroxybenzoic acid,1490,3-Hydroxybenzoic Acid,Food Bioactive,
1567,CTP,1491,Ctp,Endogenous Metabolite,
1568,"1,3,7,9-Tetramethyluric acid",1492,"1,3,7,9-Tetramethyluric Acid",Food Bioactive,
1569,Adenine,1493,Adenine,Food Bioactive,
1571,Pentacosanoic acid,1494,Pentacosanoic Acid,Food Bioactive,
1572,Friedelin,1495,Friedelin,Food Bioactive,
1575,(±)-Menthone,1496,Menthone,Food Bioactive,
1871,(-)-Menthone,1496,Menthone,Food Bioactive,
1576,Indoxyl sulfate,1497,Indoxyl Sulfate,Endogenous Metabolite,
1577,Hypochlorite,1498,Hypochlorite,Food Bioactive,
1578,Dicoumarol,1499,Dicoumarol,Food Bioactive,
1580,2-Butanol,1500,2-Butanol,Food Bioactive,
1581,(E)-Zeatin,1501,(E)-Zeatin,Food Bioactive,
1582,beta-Amyrin,1502,Beta-Amyrin,Food Bioactive,
1583,Ethyl gallate,1503,Ethyl Gallate,Food Bioactive,
1584,N-Acetyldopamine,1504,N-Acetyldopamine,Endogenous Metabolite,
1586,Maleic acid,1505,Maleic Acid,Food Bioactive,
1587,Salvianolic acid B,1506,Salvianolic Acid B,Food Bioactive,
1591,5-Hydroxydopamine,1507,5-Hydroxydopamine,Endogenous Metabolite,
1592,Cuminaldehyde,1508,Cuminaldehyde,Food Bioactive,
1593,Aconitic acid,1509,Aconitic Acid,Food Bioactive,
1594,Cinchonidine,1510,Cinchonidine,Food Bioactive,
1595,Euphol,1511,Euphol,Food Bioactive,
1596,Psoralidin,1512,Psoralidin,Food Bioactive,
1598,Nerolidol,1513,Nerolidol,Food Bioactive,
1599,Schisandrin B,1514,Schisandrin B,Food Bioactive,
1602,L-Saccharopine,1515,L-Saccharopine,Endogenous Metabolite,
1607,Casuarinin,1516,Casuarinin,Food Bioactive,
1608,Hypotaurine,1517,Hypotaurine,Endogenous Metabolite,
1609,5-Methyltetrahydrofolic acid,1518,5-Methyltetrahydrofolic Acid,Food Bioactive,
1610,Ferrous gluconate,1519,Ferrous Gluconate,Food Bioactive,
1612,Obtusifoliol,1520,Obtusifoliol,Food Bioactive,
1613,Tamarixetin,1521,Tamarixetin,Food Bioactive,
1615,"L-galactono-1,4-lactone",1522,"L-Galactono-1,4-Lactone",Food Bioactive,
1616,Myo-inositol 1-phosphate,1523,Myo-Inositol 1-Phosphate,Endogenous Metabolite,
1617,5-Hydroxymethyl-2-furancarboxaldehyde,1524,5-Hydroxymethyl-2-Furancarboxaldehyde,Food Bioactive,
1618,Ginkgolide B,1525,Ginkgolide B,Food Bioactive,
1620,3-phospho-D-glycerate,1526,3-Phospho-D-Glycerate,Endogenous Metabolite,
1621,Rotundifolone,1527,Rotundifolone,Food Bioactive,
1622,Neochlorogenic acid,1528,Neochlorogenic Acid,Food Bioactive,
1623,cyclic-AMP,1529,Cyclic-Amp,Endogenous Metabolite,
1624,Neoxanthin,1530,Neoxanthin,Food Bioactive,
1625,Pomolic acid,1531,Pomolic Acid,Food Bioactive,
1626,Phosphoribosyl pyrophosphate,1532,Phosphoribosyl Pyrophosphate,Endogenous Metabolite,
1627,Butylated hydroxyanisole,1533,Butylated Hydroxyanisole,Food Bioactive,
1628,Carnosol,1534,Carnosol,Food Bioactive,
1629,(E)-2-Hexen-1-ol,1535,(E)-2-Hexen-1-Ol,Food Bioactive,
1630,Oleocanthal,1536,Oleocanthal,Food Bioactive,
1631,S-Methyl-L-methionine chloride,1537,S-Methyl-L-Methionine Chloride,Dietary Amino Acid,
1634,Allopregnanolone,1538,Allopregnanolone,Endogenous Metabolite,
1636,Selenocysteine,1539,Selenocysteine,Food Bioactive,
1637,Monosodium glutamate,1540,Monosodium Glutamate,Dietary Nutrient,
1638,Fenugreekine,1541,Fenugreekine,Food Bioactive,
1640,16alpha-Hydroxyestrone,1542,16Alpha-Hydroxyestrone,Endogenous Metabolite,
1641,tropine,1543,Tropine,Food Bioactive,
1642,Stevioside,1544,Stevioside,Food Bioactive,
1645,1-Methoxy-4-(2-propenyl)benzene,1545,1-Methoxy-4-(2-Propenyl)Benzene,Food Bioactive,
1646,Fumonisin B1,1546,Fumonisin B1,Food Bioactive,
1647,"3,7-Dimethyluric acid",1547,"3,7-Dimethyluric Acid",Food Bioactive,
1648,7-Methylxanthine,1548,7-Methylxanthine,Food Bioactive,
1649,menadiol,1549,Menadiol,Food Bioactive,
1650,"Inositol 1,3,4,5,6-pentakisphosphate",1550,"Inositol 1,3,4,5,6-Pentakisphosphate",Endogenous Metabolite,
1651,lupanine,1551,Lupanine,Food Bioactive,
1652,Geniposidic acid,1552,Geniposidic Acid,Food Bioactive,
1653,Dynorphin A,1553,Dynorphin A,Endogenous Metabolite,
1655,Methylmalonyl-CoA,1554,Methylmalonyl-Coa,Endogenous Metabolite,
1657,Phthalic acid,1555,Phthalic Acid,Food Bioactive,
1658,4-Methylumbelliferone glucuronide,1556,4-Methylumbelliferone Glucuronide,Food Bioactive,
1659,Norharman,1557,Norharman,Food Bioactive,
1660,D-Glucaric acid,1558,Glucaric Acid,Food Bioactive,
1965,Glucaric acid,1558,Glucaric Acid,Food Bioactive,
1661,(+)-Fenchone,1559,Fenchone,Food Bioactive,
1928,Fenchone,1559,Fenchone,Food Bioactive,
2025,(-)-Fenchone,1559,Fenchone,Food Bioactive,
1662,8-Acetoxypinoresinol,1560,8-Acetoxypinoresinol,Food Bioactive,
1663,4-Methylphenol,1561,4-Methylphenol,Food Bioactive,
1664,Salicin,1562,Salicin,Food Bioactive,
1665,1-Deoxy-D-xylulose 5-phosphate,1563,1-Deoxy-D-Xylulose 5-Phosphate,Endogenous Metabolite,
1666,Selenophosphate,1564,Selenophosphate,Food Bioactive,
1667,"3,4-Dimethyl-1,2-cyclopentanedione",1565,"3,4-Dimethyl-1,2-Cyclopentanedione",Food Bioactive,
1668,Pentadecanoic acid,1566,Pentadecanoic Acid,Food Bioactive,
1669,Cynaropicrin,1567,Cynaropicrin,Food Bioactive,
1670,Xylopine,1568,Xylopine,Food Bioactive,
1673,Rhapontin,1569,Rhapontin,Food Bioactive,
1674,8-Hydroxyguanosine,1570,8-Hydroxyguanosine,Endogenous Metabolite,
1676,Longifolene,1571,Longifolene,Food Bioactive,
1677,Galactosamine,1572,Galactosamine,Food Bioactive,
1678,propanoate,1573,Propanoate,Food Bioactive,
1679,Licoisoflavone A,1574,Licoisoflavone A,Food Bioactive,
1680,Pregnenolone,1575,Pregnenolone,Endogenous Metabolite,
1681,Hyodeoxycholic acid,1576,Hyodeoxycholic Acid,Food Bioactive,
1682,Genipin,1577,Genipin,Food Bioactive,
1684,"p-Mentha-1,8-dien-7-ol",1578,"P-Mentha-1,8-Dien-7-Ol",Food Bioactive,
1685,Prostaglandin F2a,1579,Prostaglandin F2A,Endogenous Metabolite,
1687,Diosmetin,1580,Diosmetin,Food Bioactive,
1688,6-Methylscutellarein,1581,6-Methylscutellarein,Food Bioactive,
1689,Scyllitol,1582,Scyllitol,Food Bioactive,
1690,Benzyl benzoate,1583,Benzyl Benzoate,Food Bioactive,
1691,FMN,1584,Fmn,Endogenous Metabolite,
1692,butyl acetate,1585,Butyl Acetate,Food Bioactive,
1693,7-Ketocholesterol,1586,7-Ketocholesterol,Food Bioactive,
1698,Pentoses,1587,Pentoses,Food Bioactive,
1699,Quercitrin,1588,Quercitrin,Food Bioactive,
1700,Capsidiol,1589,Capsidiol,Food Bioactive,
1702,N1-Acetylspermidine,1590,N1-Acetylspermidine,Food Bioactive,
1703,11-cis-Retinaldehyde,1591,11-Cis-Retinaldehyde,Food Bioactive,
1704,11-cis-Retinol,1592,11-Cis-Retinol,Dietary Nutrient,
1705,beta-Cryptoxanthin,1593,Beta-Cryptoxanthin,Food Bioactive,
1706,Acacetin,1594,Acacetin,Food Bioactive,
1707,Chiro-Inositol,1595,Chiro-Inositol,Food Bioactive,
1708,Methyl alpha-D-glucopyranoside,1596,Methyl Alpha-D-Glucopyranoside,Food Bioactive,
1709,Bergaptol,1597,Bergaptol,Food Bioactive,
1710,"4-Hydroxy-3,5-dimethoxybenzaldehyde",1598,"4-Hydroxy-3,5-Dimethoxybenzaldehyde",Food Bioactive,
1711,Cucurbitacin B,1599,Cucurbitacin B,Food Bioactive,
1712,"1,4-Cineole",1600,"1,4-Cineole",Food Bioactive,
1715,"3,4-dihydroxymandelate",1601,"3,4-Dihydroxymandelate",Food Bioactive,
1716,Thujopsene,1602,Thujopsene,Food Bioactive,
1718,Dihydrocapsaicin,1603,Dihydrocapsaicin,Food Bioactive,
1720,Xanthurenic acid,1604,Xanthurenic Acid,Food Bioactive,
1721,Brassinolide,1605,Brassinolide,Food Bioactive,
1723,Picolinic acid,1606,Picolinic Acid,Food Bioactive,
1724,beta-Ionone,1607,Beta-Ionone,Food Bioactive,
1726,Deoxycytidine,1608,Deoxycytidine,Food Bioactive,
1727,Isovanillic acid,1609,Isovanillic Acid,Food Bioactive,
1728,Lysolecithin,1610,Lysolecithin,Food Bioactive,
1729,Pisatin,1611,Pisatin,Food Bioactive,
1730,n-propanol,1612,N-Propanol,Food Bioactive,
1731,L-Homoarginine,1613,L-Homoarginine,Food Bioactive,
1732,Coniferyl aldehyde,1614,Coniferyl Aldehyde,Food Bioactive,
1733,Stearidonic acid,1615,Stearidonic Acid,Food / Whole-Food Preparation,
1734,L-Quebrachitol,1616,L-Quebrachitol,Food Bioactive,
1735,5-Hydroxyindole-3-acetic acid,1617,5-Hydroxyindole-3-Acetic Acid,Food Bioactive,
1737,Norvaline,1618,Norvaline,Food Bioactive,
1738,Flazine methyl ether,1619,Flazine Methyl Ether,Food Bioactive,
1739,Furaneol,1620,Furaneol,Food Bioactive,
1740,Jaceosidin,1621,Jaceosidin,Food Bioactive,
1741,Dimethyl sulfide,1622,Dimethyl Sulfide,Food Bioactive,
1743,Chitobiose,1623,Chitobiose,Food Bioactive,
1744,Haematin,1624,Haematin,Food Bioactive,
1745,4-Hydroxy-2-nonenal,1625,4-Hydroxy-2-Nonenal,Food Bioactive,
1746,Xanthosine,1626,Xanthosine,Food Bioactive,
1747,Gibberellins,1627,Gibberellins,Food Bioactive,
1748,Cyanidin 3-rutinoside,1628,Cyanidin 3-Rutinoside,Food Bioactive,
1750,27-Hydroxycholesterol,1629,27-Hydroxycholesterol,Endogenous Metabolite,
1751,Pallidol,1630,Pallidol,Food Bioactive,
1752,Pristane,1631,Pristane,Food Bioactive,
1753,Deoxyribose,1632,Deoxyribose,Food Bioactive,
1754,malonyl-CoA,1633,Malonyl-Coa,Endogenous Metabolite,
1755,Medicagenic acid,1634,Medicagenic Acid,Food Bioactive,
1757,Isoalantolactone,1635,Isoalantolactone,Food Bioactive,
1758,Sinensetin,1636,Sinensetin,Food Bioactive,
1759,Sennoside A,1637,Sennoside A,Food Bioactive,
1761,Angelicin,1638,Angelicin,Food Bioactive,
1762,Aminoadipic acid,1639,Aminoadipic Acid,Food Bioactive,
1764,Sodium benzoate,1640,Sodium Benzoate,Dietary Nutrient,
1765,N-acetyl-L-glutamate,1641,N-Acetyl-L-Glutamate,Dietary Amino Acid,
1766,Strigol,1642,Strigol,Food Bioactive,
1767,Antheraxanthin,1643,Antheraxanthin,Food Bioactive,
1768,Alloxan,1644,Alloxan,Food Bioactive,
1769,Leukotriene D4,1645,Leukotriene D4,Endogenous Metabolite,
1772,Tellimagrandin II,1646,Tellimagrandin Ii,Food Bioactive,
1774,Herniarin,1647,Herniarin,Food Bioactive,
1775,"1,2,3,4-Tetrahydroisoquinoline",1648,"1,2,3,4-Tetrahydroisoquinoline",Food Bioactive,
1776,Nootkatone,1649,Nootkatone,Food Bioactive,
1777,(E)-Resveratrol 3-glucoside,1650,(E)-Resveratrol 3-Glucoside,Food Bioactive,
1778,Ethyl oleate,1651,Ethyl Oleate,Food Bioactive,
1779,4-Hydroxybenzyl alcohol,1652,4-Hydroxybenzyl Alcohol,Food Bioactive,
1781,Panaxytriol,1653,Panaxytriol,Food Bioactive,
1782,Physapubenolide,1654,Physapubenolide,Food Bioactive,
1784,Cucurbitacin I,1655,Cucurbitacin I,Food Bioactive,
1785,NADP+,1656,Nadp+,Endogenous Metabolite,
1786,"3,5,8-Megastigmatrien-7-one",1657,"3,5,8-Megastigmatrien-7-One",Food Bioactive,
1787,Isoquinoline,1658,Isoquinoline,Food Bioactive,
1788,Propanal,1659,Propanal,Food Bioactive,
1789,Oleanonic acid,1660,Oleanonic Acid,Food Bioactive,
1790,Phenylacetaldehyde,1661,Phenylacetaldehyde,Food Bioactive,
1791,"2,5-Dimethylpyrazine",1662,"2,5-Dimethylpyrazine",Food Bioactive,
1794,Fructose 1-phosphate,1663,Fructose 1-Phosphate,Endogenous Metabolite,
1795,Kaempferol 3-galactoside,1664,Kaempferol 3-Galactoside,Food Bioactive,
1796,Sodium citrate,1665,Sodium Citrate,Dietary Nutrient,
1797,Glyceraldehyde,1666,Glyceraldehyde,Food Bioactive,
1798,Selenocystine,1667,Selenocystine,Food Bioactive,
1800,Sodium carbonate,1668,Sodium Carbonate,Dietary Nutrient,
1801,Piperitone,1669,Piperitone,Food Bioactive,
1802,S-Nitrosoglutathione,1670,S-Nitrosoglutathione,Endogenous Metabolite,
1803,2-Heptanone,1671,2-Heptanone,Food Bioactive,
1804,Tomatine,1672,Tomatine,Food Bioactive,
1805,Turanose,1673,Turanose,Food Bioactive,
1806,Sorbitol 6-phosphate,1674,Sorbitol 6-Phosphate,Endogenous Metabolite,
1807,Auxin,1675,Auxin,Food Bioactive,
1808,Oleacein,1676,Oleacein,Food Bioactive,
1809,Thiophene,1677,Thiophene,Food Bioactive,
1810,Schisantherin A,1678,Schisantherin A,Food Bioactive,
1811,Fructose 6-phosphate,1679,Fructose 6-Phosphate,Endogenous Metabolite,
1812,3-Phosphoglyceric acid,1680,3-Phosphoglyceric Acid,Food Bioactive,
1813,Glutaric acid,1681,Glutaric Acid,Endogenous Metabolite,
1814,Bromide,1682,Bromide,Food Bioactive,
1816,Maltol,1683,Maltol,Food Bioactive,
1817,Phytanic acid,1684,Phytanic Acid,Food Bioactive,
1818,Mannose 6-phosphate,1685,Mannose 6-Phosphate,Endogenous Metabolite,
1819,D-Alanyl-D-alanine,1686,D-Alanyl-D-Alanine,Dietary Amino Acid,
1820,Pterin,1687,Pterin,Endogenous Metabolite,
1821,Anonaine,1688,Anonaine,Food Bioactive,
1822,Curvacin A,1689,Curvacin A,Food Bioactive,
1823,Monotropein,1690,Monotropein,Food Bioactive,
1824,Ethyl butyrate,1691,Ethyl Butyrate,Food Bioactive,
1825,Dihydropteridine,1692,Dihydropteridine,Endogenous Metabolite,
1826,Quercetagetin,1693,Quercetagetin,Food Bioactive,
1827,Dynorphin B,1694,Dynorphin B,Endogenous Metabolite,
1828,Gibberellin A3,1695,Gibberellin A3,Food Bioactive,
1830,Propyl gallate,1696,Propyl Gallate,Food Bioactive,
1831,Lipoxin B4,1697,Lipoxin B4,Endogenous Metabolite,
1832,Sarsasapogenin,1698,Sarsasapogenin,Food Bioactive,
1833,Artemin,1699,Artemin,Food Bioactive,
1834,2-Hydroxybenzaldehyde,1700,2-Hydroxybenzaldehyde,Food Bioactive,
1835,Prostaglandin H2,1701,Prostaglandin H2,Endogenous Metabolite,
1837,Allyl alcohol,1702,Allyl Alcohol,Food Bioactive,
1838,"Phosphatidylinositol-3,4,5-trisphosphate",1703,"Phosphatidylinositol-3,4,5-Trisphosphate",Endogenous Metabolite,
1839,Phosphoribosyl-ATP,1704,Phosphoribosyl-Atp,Endogenous Metabolite,
1841,Verbascose,1705,Verbascose,Food Bioactive,
1842,Lignans,1706,Lignans,Food Bioactive,
1843,(+)-Syringaresinol,1707,(+)-Syringaresinol,Food Bioactive,
1844,Coniferyl alcohol,1708,Coniferyl Alcohol,Food Bioactive,
1846,D-Glucitol,1709,D-Glucitol,Food Bioactive,
1847,Tellimagrandin I,1710,Tellimagrandin I,Food Bioactive,
1848,D-Erythrose 4-phosphate,1711,D-Erythrose 4-Phosphate,Endogenous Metabolite,
1849,Dyspropterin,1712,Dyspropterin,Food Bioactive,
1850,Cyanidin 3-galactoside,1713,Cyanidin 3-Galactoside,Food Bioactive,
1851,Vescalagin,1714,Vescalagin,Food Bioactive,
1852,Sophorose,1715,Sophorose,Food Bioactive,
1853,Erythrose,1716,Erythrose,Endogenous Metabolite,
1854,Gitogenin,1717,Gitogenin,Food Bioactive,
1855,Ginsenoside Rh1,1718,Ginsenoside Rh1,Food Bioactive,
1856,2-Phosphoglycerate,1719,2-Phosphoglycerate,Endogenous Metabolite,
1857,dGTP,1720,Dgtp,Endogenous Metabolite,
1858,Thymidine glycol,1721,Thymidine Glycol,Endogenous Metabolite,
1859,alpha-Chaconine,1722,Alpha-Chaconine,Food Bioactive,
1861,O-Quinone,1723,O-Quinone,Endogenous Metabolite,
1862,Saccharin sodium,1724,Saccharin Sodium,Dietary Nutrient,
1863,Copper sulfate,1725,Copper Sulfate,Food Bioactive,
1864,Zinc acetate,1726,Zinc Acetate,Dietary Nutrient,
1865,Saccharin,1727,Saccharin,Food Bioactive,
1866,Dihydroxyacetone phosphate,1728,Dihydroxyacetone Phosphate,Endogenous Metabolite,
1867,Morphinone,1729,Morphinone,Food Bioactive,
1868,Erucic acid,1730,Erucic Acid,Dietary Lipid,
1869,Gadoleic acid,1731,Gadoleic Acid,Dietary Lipid,
1870,sn-glycerol-3-phosphate,1732,Sn-Glycerol-3-Phosphate,Endogenous Metabolite,
1872,Disulfides,1733,Disulfides,Food Bioactive,
1873,Morpholine,1734,Morpholine,Food Bioactive,
1875,Withanolide A,1735,Withanolide A,Food Bioactive,
1876,Biocytin,1736,Biocytin,Food Bioactive,
1878,indole-3-pyruvate,1737,Indole-3-Pyruvate,Food Bioactive,
1879,Pyrrole,1738,Pyrrole,Food Bioactive,
1880,S-Allylcysteine,1739,S-Allylcysteine,Food Bioactive,
1881,Sakuranetin,1740,Sakuranetin,Food Bioactive,
1882,12(S)-Leukotriene B4,1741,12(S)-Leukotriene B4,Endogenous Metabolite,
1883,9-cis-Retinoic acid,1742,9-Cis-Retinoic Acid,Food Bioactive,
1884,L-Thyronine,1743,L-Thyronine,Food Bioactive,
1885,4-Aminohippuric acid,1744,4-Aminohippuric Acid,Food Bioactive,
1886,dihydroxyacetone,1745,Dihydroxyacetone,Food Bioactive,
1887,beta-Eudesmol,1746,Beta-Eudesmol,Food Bioactive,
1888,Arabinogalactan,1747,Arabinogalactan,Food Bioactive,
1889,Fe3+,1748,Fe3+,Food Bioactive,
1890,"2,3-Pentanedione",1749,"2,3-Pentanedione",Food Bioactive,
1891,L-Stachydrine,1750,L-Stachydrine,Food Bioactive,
1892,gamma-CEHC,1751,Gamma-Cehc,Food Bioactive,
1893,CDP-Ethanolamine,1752,Cdp-Ethanolamine,Endogenous Metabolite,
1894,Pepsin,1753,Pepsin,Food Bioactive,
1895,Anthranilic acid,1754,Anthranilic Acid,Food Bioactive,
1896,Fumitremorgin C,1755,Fumitremorgin C,Food Bioactive,
1897,dUMP,1756,Dump,Endogenous Metabolite,
1898,dTMP,1757,Dtmp,Endogenous Metabolite,
1899,pheophorbide a,1758,Pheophorbide A,Food Bioactive,
1900,5-HETE,1759,5-Hete,Endogenous Metabolite,
1901,"4,5-Di-O-caffeoylquinic acid",1760,"4,5-Di-O-Caffeoylquinic Acid",Food Bioactive,
1902,Ginsenoside Rb3,1761,Ginsenoside Rb3,Food Bioactive,
1905,Clerosterol,1762,Clerosterol,Food Bioactive,
1906,3-Bromotyrosine,1763,3-Bromotyrosine,Food Bioactive,
1907,4-Ethylphenol,1764,4-Ethylphenol,Food Bioactive,
1908,2-Hydroxybutyric acid,1765,2-Hydroxybutyric Acid,Food Bioactive,
1909,Propionylglycine,1766,Propionylglycine,Food Bioactive,
1910,1-Methylhistidine,1767,1-Methylhistidine,Food Bioactive,
1911,"N,N-Dimethylbenzylamine",1768,"N,N-Dimethylbenzylamine",Food Bioactive,
1912,Neocnidilide,1769,Neocnidilide,Food Bioactive,
1913,Phenylacetylglycine,1770,Phenylacetylglycine,Food Bioactive,
1914,Sennoside B,1771,Sennoside B,Food Bioactive,
1915,2-Methoxyestradiol,1772,2-Methoxyestradiol,Endogenous Metabolite,
1916,"2,8-Dihydroxyadenine",1773,"2,8-Dihydroxyadenine",Food Bioactive,
1917,Androsterone glucuronide,1774,Androsterone Glucuronide,Endogenous Metabolite,
1918,Procyanidin B1,1775,Procyanidin B1,Food Bioactive,
1921,1-dodecanol,1776,1-Dodecanol,Food Bioactive,
1923,Coenzyme A,1777,Coenzyme A,Endogenous Metabolite,
1924,Geosmin,1778,Geosmin,Food Bioactive,
1925,o-Coumaric acid,1779,O-Coumaric Acid,Food Bioactive,
1926,"2,4-Diaminobutyric acid",1780,"2,4-Diaminobutyric Acid",Food Bioactive,
1927,Triphosphoric acid,1781,Triphosphoric Acid,Endogenous Metabolite,
1929,Equol,1782,Equol,Food Bioactive,
1930,Isopentyl alcohol,1783,Isopentyl Alcohol,Food Bioactive,
1931,Lactucin,1784,Lactucin,Food Bioactive,
1932,L-Sorbose,1785,L-Sorbose,Food Bioactive,
1933,trans-beta-Ocimene,1786,Trans-Beta-Ocimene,Food Bioactive,
1934,Norbixin,1787,Norbixin,Food Bioactive,
1935,(+)-Pinoresinol,1788,(+)-Pinoresinol,Food Bioactive,
1936,Arabinonic acid,1789,Arabinonic Acid,Food Bioactive,
1937,shikimate,1790,Shikimate,Endogenous Metabolite,
1939,Tetradecanedioic acid,1791,Tetradecanedioic Acid,Food Bioactive,
1940,Irilone,1792,Irilone,Food Bioactive,
1942,"22,23-Dihydroergosterol",1793,"22,23-Dihydroergosterol",Food Bioactive,
1943,Echinenone,1794,Echinenone,Food Bioactive,
1944,"3-Oxobutanoic acid, 9CI",1795,"3-Oxobutanoic Acid, 9Ci",Food Bioactive,
1945,Isothiocyanates,1796,Isothiocyanates,Food Bioactive,
1946,Glycitin,1797,Glycitin,Food Bioactive,
1947,13-cis-Retinoic acid,1798,13-Cis-Retinoic Acid,Food Bioactive,
1948,Lacto-N-neotetraose,1799,Lacto-N-Neotetraose,Food Bioactive,
1949,beta-Thujaplicin,1800,Beta-Thujaplicin,Food Bioactive,
1950,Lumazine,1801,Lumazine,Food Bioactive,
1951,Ginkgetin,1802,Ginkgetin,Food Bioactive,
1952,4(10)-Thujene,1803,4(10)-Thujene,Food Bioactive,
1953,Retinyl ester,1804,Retinyl Ester,Food Bioactive,
1954,Ethyl nicotinate,1805,Ethyl Nicotinate,Food Bioactive,
1955,Amylopectin,1806,Amylopectin,Food Bioactive,
1956,Taxifolin 3-rhamnoside,1807,Taxifolin 3-Rhamnoside,Food Bioactive,
1957,Dihydroceramide,1808,Dihydroceramide,Food Bioactive,
1958,2-Methoxy-4-vinylphenol,1809,2-Methoxy-4-Vinylphenol,Food Bioactive,
1959,Hesperetin 7-neohesperidoside,1810,Hesperetin 7-Neohesperidoside,Food Bioactive,
1960,8-Hydroxy-deoxyguanosine,1811,8-Hydroxy-Deoxyguanosine,Endogenous Metabolite,
1962,Desmosterol,1812,Desmosterol,Food Bioactive,
1963,"3,5-Di-O-caffeoylquinic acid",1813,"3,5-Di-O-Caffeoylquinic Acid",Food Bioactive,
1964,L-2-Aminobutanoic acid,1814,L-2-Aminobutanoic Acid,Food Bioactive,
1966,dTTP,1815,Dttp,Endogenous Metabolite,
1967,Cyanate,1816,Cyanate,Food Bioactive,
1968,Inosine triphosphate,1817,Inosine Triphosphate,Food Bioactive,
1969,1-Propylamine,1818,1-Propylamine,Food Bioactive,
1970,Ginkgolide C,1819,Ginkgolide C,Food Bioactive,
1971,2-Aminoisobutyric acid,1820,2-Aminoisobutyric Acid,Food Bioactive,
1972,Methylparaben,1821,Methylparaben,Food Bioactive,
1973,trans-Isoasarone,1822,Trans-Isoasarone,Food Bioactive,
1974,Sepiapterin,1823,Sepiapterin,Endogenous Metabolite,
1975,1-Butylamine,1824,1-Butylamine,Food Bioactive,
1976,oxaloacetate,1825,Oxaloacetate,Endogenous Metabolite,
1977,4-Aminophenol,1826,4-Aminophenol,Food Bioactive,
1978,"3,5-Dihydroxy-4-methoxybenzoic acid",1827,"3,5-Dihydroxy-4-Methoxybenzoic Acid",Food Bioactive,
1979,Thiamine monophosphate,1828,Thiamine Monophosphate,Dietary Nutrient,
1980,Kinobeon A,1829,Kinobeon A,Food Bioactive,
1981,Butyrylcarnitine,1830,Butyrylcarnitine,Food Bioactive,
1982,N2-Succinyl-L-ornithine,1831,N2-Succinyl-L-Ornithine,Dietary Amino Acid,
1984,Lariciresinol,1832,Lariciresinol,Food Bioactive,
1985,S-Methyl-L-methionine,1833,S-Methyl-L-Methionine,Dietary Amino Acid,
1986,2-Methoxy-4-methylphenol,1834,2-Methoxy-4-Methylphenol,Food Bioactive,
1987,pinostrobin,1835,Pinostrobin,Food Bioactive,
1988,Convallatoxin,1836,Convallatoxin,Food Bioactive,
1990,myristate,1837,Myristate,Food Bioactive,
1991,Plastoquinone,1838,Plastoquinone,Food Bioactive,
1992,alpha-Carene,1839,Alpha-Carene,Food Bioactive,
1993,Gardenin B,1840,Gardenin B,Food Bioactive,
1994,Sporamin,1841,Sporamin,Food Bioactive,
1995,Maslinic acid,1842,Maslinic Acid,Food Bioactive,
1996,Cajanol,1843,Cajanol,Food Bioactive,
1997,Lipoamide,1844,Lipoamide,Food Bioactive,
1998,Cob(I)alamin,1845,Cob(I)Alamin,Endogenous Metabolite,
1999,N1-Acetylspermine,1846,N1-Acetylspermine,Food Bioactive,
2000,1-Tetradecanol,1847,1-Tetradecanol,Food Bioactive,
2001,Betulonic acid,1848,Betulonic Acid,Food Bioactive,
2003,2-Pyrrolidinone,1849,2-Pyrrolidinone,Food Bioactive,
2004,3-Hydroxyglutaric acid,1850,3-Hydroxyglutaric Acid,Endogenous Metabolite,
2006,Ginsenoside Rd,1851,Ginsenoside Rd,Food Bioactive,
2007,4-Vinylsyringol,1852,4-Vinylsyringol,Food Bioactive,
2008,Falcarindiol,1853,Falcarindiol,Food Bioactive,
2009,quinolinate,1854,Quinolinate,Food Bioactive,
2010,Diethylphosphate,1855,Diethylphosphate,Food Bioactive,
2011,(-)-Matairesinol,1856,Matairesinol,Food Bioactive,
2012,Homoeriodictyol,1857,Homoeriodictyol,Food Bioactive,
2013,Alliin,1858,Alliin,Food Bioactive,
2014,Melibiose,1859,Melibiose,Food Bioactive,
2015,Sodium acetate,1860,Sodium Acetate,Dietary Nutrient,
2016,Asiaticoside,1861,Asiaticoside,Food Bioactive,
2017,Madecassoside,1862,Madecassoside,Food Bioactive,
2018,Scutellarein,1863,Scutellarein,Food Bioactive,
2019,Luteolin 7-glucoside,1864,Luteolin 7-Glucoside,Food Bioactive,
2020,Scolymoside,1865,Scolymoside,Food Bioactive,
2021,12(S)-HPETE,1866,12(S)-Hpete,Endogenous Metabolite,
2022,m-Chlorohippuric acid,1867,M-Chlorohippuric Acid,Food Bioactive,
2023,Solasodine,1868,Solasodine,Food Bioactive,
2024,Ginsenoside Rh2,1869,Ginsenoside Rh2,Food Bioactive,
2026,Cellulase,1870,Cellulase,Food Bioactive,
2027,"3H-1,2-Dithiole-3-thione",1871,"3H-1,2-Dithiole-3-Thione",Food Bioactive,
2028,Dimethylarsinate,1872,Dimethylarsinate,Food Bioactive,
2029,2-Pentanone,1873,2-Pentanone,Food Bioactive,
2031,N-acetyl-L-ornithine,1874,N-Acetyl-L-Ornithine,Dietary Amino Acid,
2032,Tocophersolan,1875,Tocophersolan,Food Bioactive,
2033,gamma-Glutamyl-cysteine,1876,Gamma-Glutamyl-Cysteine,Dietary Amino Acid,
2034,Calcium pantothenate,1877,Calcium Pantothenate,Dietary Nutrient,
2035,Tectorigenin,1878,Tectorigenin,Food Bioactive,
2036,Hopeaphenol,1879,Hopeaphenol,Food Bioactive,
2037,Potassium iodide,1880,Potassium Iodide,Dietary Nutrient,
2038,(S)-coclaurine,1881,(S)-Coclaurine,Food Bioactive,
2039,Curdione,1882,Curdione,Food Bioactive,
2040,Tryptophol,1883,Tryptophol,Food Bioactive,
2041,n-Butyl acetate,1884,N-Butyl Acetate,Food Bioactive,
2042,1-Deoxynojirimycin,1885,1-Deoxynojirimycin,Food Bioactive,
2043,ADP-ribose,1886,Adp-Ribose,Endogenous Metabolite,
2044,15-KETE,1887,15-Kete,Endogenous Metabolite,
2045,beta-Cyclocitral,1888,Beta-Cyclocitral,Food Bioactive,
2046,Perillaldehyde,1889,Perillaldehyde,Food Bioactive,
2047,Glyoxal,1890,Glyoxal,Food Bioactive,
2048,18-Hydroxycorticosterone,1891,18-Hydroxycorticosterone,Endogenous Metabolite,
2049,Angiotensin III,1892,Angiotensin Iii,Endogenous Metabolite,
2050,15-HETE,1893,15-Hete,Endogenous Metabolite,
2051,gamma-Cyclodextrin,1894,Gamma-Cyclodextrin,Food Bioactive,
2052,Cycloartenol,1895,Cycloartenol,Food Bioactive,
2053,Diethylamine,1896,Diethylamine,Food Bioactive,
2054,1-Nonanol,1897,1-Nonanol,Food Bioactive,
2056,pseudouridine,1898,Pseudouridine,Food Bioactive,
40,Silver,REMOVED,Silver,Removed,non-food element or gas
63,Barium,REMOVED,Barium,Removed,non-food element or gas
112,Cobalt,REMOVED,Cobalt,Removed,non-food element or gas
505,chromium,REMOVED,chromium,Removed,non-food element or gas
743,Potassium oxide,REMOVED,Potassium oxide,Removed,industrial chemical / solvent
749,Aluminum,REMOVED,Aluminum,Removed,non-food element or gas
756,Propylene glycol,REMOVED,Propylene glycol,Removed,industrial chemical / solvent
760,Oxygen,REMOVED,Oxygen,Removed,non-food element or gas
761,Lithium,REMOVED,Lithium,Removed,non-food element or gas
764,Tetracycline,REMOVED,Tetracycline,Removed,pharmaceutical drug (not a food compound)
765,Gold,REMOVED,Gold,Removed,non-food element or gas
767,Lincomycin,REMOVED,Lincomycin,Removed,pharmaceutical drug (not a food compound)
770,Loratadine,REMOVED,Loratadine,Removed,pharmaceutical drug (not a food compound)
771,Acetone,REMOVED,Acetone,Removed,industrial chemical / solvent
772,Dexamethasone,REMOVED,Dexamethasone,Removed,pharmaceutical drug (not a food compound)
774,Celecoxib,REMOVED,Celecoxib,Removed,pharmaceutical drug (not a food compound)
777,Polyethylene glycol,REMOVED,Polyethylene glycol,Removed,industrial chemical / solvent
793,Carbon dioxide,REMOVED,Carbon dioxide,Removed,non-food element or gas
794,Clotrimazole,REMOVED,Clotrimazole,Removed,pharmaceutical drug (not a food compound)
795,Hydrogen,REMOVED,Hydrogen,Removed,non-food element or gas
855,Platinum,REMOVED,Platinum,Removed,non-food element or gas
863,Cotinine,REMOVED,Cotinine,Removed,false-positive (drug metabolite / contaminant marker)
868,Fluorine,REMOVED,Fluorine,Removed,non-food element or gas
999,Bismuth,REMOVED,Bismuth,Removed,non-food element or gas
1042,Strontium,REMOVED,Strontium,Removed,non-food element or gas
1204,Antimony,REMOVED,Antimony,Removed,non-food element or gas
1520,Ecgonine,REMOVED,Ecgonine,Removed,false-positive (drug metabolite / contaminant marker)
1559,Aminopterin,REMOVED,Aminopterin,Removed,pharmaceutical drug (not a food compound)
1564,Verapamil,REMOVED,Verapamil,Removed,pharmaceutical drug (not a food compound)
1565,Warfarin,REMOVED,Warfarin,Removed,pharmaceutical drug (not a food compound)
1570,Acrylamide,REMOVED,Acrylamide,Removed,industrial chemical / solvent
1573,Argon,REMOVED,Argon,Removed,noble gas
1579,Piperazine,REMOVED,Piperazine,Removed,industrial chemical / solvent
1589,Pentane,REMOVED,Pentane,Removed,industrial chemical / solvent
1590,Ruthenium,REMOVED,Ruthenium,Removed,non-food element or gas
1597,Tetrahydrofuran,REMOVED,Tetrahydrofuran,Removed,industrial chemical / solvent
1601,"N,N-Dimethylaniline",REMOVED,"N,N-Dimethylaniline",Removed,industrial chemical / solvent
1604,Domoic acid,REMOVED,Domoic acid,Removed,false-positive (drug metabolite / contaminant marker)
1605,Ammonium sulfate,REMOVED,Ammonium sulfate,Removed,industrial chemical / solvent
1606,Metoprolol,REMOVED,Metoprolol,Removed,pharmaceutical drug (not a food compound)
1614,Tin,REMOVED,Tin,Removed,non-food element or gas
1619,Isoniazid,REMOVED,Isoniazid,Removed,pharmaceutical drug (not a food compound)
1632,Thallium,REMOVED,Thallium,Removed,non-food element or gas
1635,Ampicillin,REMOVED,Ampicillin,Removed,pharmaceutical drug (not a food compound)
1639,Uranium,REMOVED,Uranium,Removed,non-food element or gas
1643,Ammonium bicarbonate,REMOVED,Ammonium bicarbonate,Removed,industrial chemical / solvent
1644,Naphthalene,REMOVED,Naphthalene,Removed,industrial chemical / solvent
1654,Iridium,REMOVED,Iridium,Removed,non-food element or gas
1656,Ethylenediaminetetraacetic acid,REMOVED,Ethylenediaminetetraacetic acid,Removed,industrial chemical / solvent
1671,Sulfuric acid,REMOVED,Sulfuric acid,Removed,industrial chemical / solvent
1672,1-Hydroxypyrene,REMOVED,1-Hydroxypyrene,Removed,industrial chemical / solvent
1675,Ecgonine methyl ester,REMOVED,Ecgonine methyl ester,Removed,false-positive (drug metabolite / contaminant marker)
1683,Gabapentin,REMOVED,Gabapentin,Removed,pharmaceutical drug (not a food compound)
1686,"N,N-Dimethylformamide",REMOVED,"N,N-Dimethylformamide",Removed,industrial chemical / solvent
1694,Nornicotine,REMOVED,Nornicotine,Removed,false-positive (drug metabolite / contaminant marker)
1695,"2,2,2-Trichloroethanol",REMOVED,"2,2,2-Trichloroethanol",Removed,industrial chemical / solvent
1697,Cerium,REMOVED,Cerium,Removed,non-food element or gas
1701,Anthracene,REMOVED,Anthracene,Removed,industrial chemical / solvent
1713,Diazinon,REMOVED,Diazinon,Removed,industrial chemical / solvent
1714,Dimethyl fumarate,REMOVED,Dimethyl fumarate,Removed,industrial chemical / solvent
1717,Thiourea,REMOVED,Thiourea,Removed,industrial chemical / solvent
1719,Ether,REMOVED,Ether,Removed,industrial chemical / solvent
1722,Palladium,REMOVED,Palladium,Removed,non-food element or gas
1725,hydrogen cyanide,REMOVED,hydrogen cyanide,Removed,non-food element or gas
1749,Polyacrylamide,REMOVED,Polyacrylamide,Removed,industrial chemical / solvent
1760,Sulfur,REMOVED,Sulfur,Removed,non-food element or gas
1763,3-Phenoxybenzoic acid,REMOVED,3-Phenoxybenzoic acid,Removed,industrial chemical / solvent
1770,Pancreatin,REMOVED,Pancreatin,Removed,pharmaceutical drug (not a food compound)
1771,Thiodiacetic acid,REMOVED,Thiodiacetic acid,Removed,industrial chemical / solvent
1773,Potassium permanganate,REMOVED,Potassium permanganate,Removed,industrial chemical / solvent
1780,Oxytetracycline,REMOVED,Oxytetracycline,Removed,pharmaceutical drug (not a food compound)
1783,"2,4-Dichlorophenol",REMOVED,"2,4-Dichlorophenol",Removed,industrial chemical / solvent
1793,Dioctyl phthalate,REMOVED,Dioctyl phthalate,Removed,industrial chemical / solvent
1799,Sulfaquinoxaline,REMOVED,Sulfaquinoxaline,Removed,pharmaceutical drug (not a food compound)
1815,Samarium,REMOVED,Samarium,Removed,non-food element or gas
1829,Scandium,REMOVED,Scandium,Removed,non-food element or gas
1836,Diphenylamine,REMOVED,Diphenylamine,Removed,industrial chemical / solvent
1845,Ethoxyquin,REMOVED,Ethoxyquin,Removed,pharmaceutical drug (not a food compound)
1877,Diazepam,REMOVED,Diazepam,Removed,pharmaceutical drug (not a food compound)
1903,Germanium,REMOVED,Germanium,Removed,non-food element or gas
1904,Polysorbate 20,REMOVED,Polysorbate 20,Removed,industrial chemical / solvent
1938,Polysorbate 80,REMOVED,Polysorbate 80,Removed,industrial chemical / solvent
1919,Furazolidone,REMOVED,Furazolidone,Removed,pharmaceutical drug (not a food compound)
1920,Triacetin,REMOVED,Triacetin,Removed,industrial chemical / solvent
1922,Calcium peroxide,REMOVED,Calcium peroxide,Removed,industrial chemical / solvent
1941,Dimethyl disulfide,REMOVED,Dimethyl disulfide,Removed,industrial chemical / solvent
1961,Acrylic acid,REMOVED,Acrylic acid,Removed,industrial chemical / solvent
1983,Gallium,REMOVED,Gallium,Removed,non-food element or gas
1989,Rhenium,REMOVED,Rhenium,Removed,non-food element or gas
2005,Bacitracin,REMOVED,Bacitracin,Removed,pharmaceutical drug (not a food compound)
2030,Flourine,REMOVED,Flourine,Removed,non-food element or gas
