0 0 7 12 13 14 15 17 33 354 483 484 485 486 487
1 0 7 12 13 14 15 33 483 484 485 487
2 11 488 539 627 638 809 815 822 888 988
3 2 31 489 821 853 1055
4 12 13 14 15 16 483 484 485
5 1 2 17 25 354 355 405 486 527 528 529 530 531 532 533 534 535 536 537 538 1465
6 142 149 354 388 760 789 827 832 857 930 934 970
8 2 17 25 354 355 405 486 527 528 529 530 531 532 533 534 535 536 537 538 582 780
9 2 539 596 747 750 798 832 853 864 899 940 1084 1325
10 19 20 30 51 138 173 174 250 294 355 389 409 451 468 505 529 535 539 552 557 589 611 619 638 641 681 698 699 722 736 759 762 771 782 789 791 795 824 830 832 846 853 884 888 911 921 930 954 975 991 1030 1082 1161 1163 1266 1316 1333 1357 1371 1384 1412 1416 1434 1482 1510 1543 1613 1748 1759 2042
11 2 17 440 922 924
12 99 538 638 736 851 895 1037 1400
13 0 7 12 13 14 15 25 33 204 221 354 355 430 483 484 485 487 490 491 527 528 531 532 533 535 536 537 538 541 544 546 547 550 553 557 558 559 567 575 576 577 578 579 580 581 582 583 584 585 586 587 588 589 590 591 592 593 594 595 596 597 670 880 886 888
14 25 28 488 529 557 589 736 750 759 760 761 784 851 858 924
15 1 2 5 20 22 25 26 28 30 65 86 88 114 152 192 287 291 294 297 335 337 355 389 405 409 423 484 486 488 517 523 527 528 529 534 535 536 537 538 539 544 553 556 557 558 559 562 565 566 567 575 577 589 590 600 611 612 613 614 615 616 627 629 632 633 634 635 637 638 641 661 673 677 680 681 722 736 738 739 748 749 750 751 752 753 755 756 757 759 760 763 764 766 767 768 773 774 775 777 784 786 787 791 797 798 803 808 809 817 832 839 852 853 856 858 859 861 865 866 875 877 878 881 886 888 890 891 895 901 912 921 924 934 939 949 953 954 991 992 993 1000 1015 1016 1017 1030 1045 1046 1088 1092 1148 1149 1191 1194 1220 1232 1292 1300 1350 1405 1410 1417 1543 1587 1802 1960
16 1 2 25 27 28 555 556 611 612 638 736 738 752 753 760 761 762 763 766 779 793 798 815 828 851 853 876 881 924 929 932 954 1000 1042 1055 1063 1120 1193 1384 1648
17 488 529 539
18 20 34 488 492 539 604 698 924 1070
19 0 1 2 7 11 12 13 14 15 16 20 24 25 28 30 88 96 166 192 221 247 335 365 388 389 417 483 484 485 488 523 529 533 536 538 539 552 556 557 570 575 577 584 596 627 670 692 722 736 738 748 750 752 753 757 760 779 784 789 791 795 797 809 822 832 835 844 853 854 858 861 871 874 884 888 895 912 920 922 924 926 956 959 983 995 1110 1172 1182 1191 1238 1269 1274 1296 1305 1404 1438 2050
20 25 468 488 766 803 805 809 830 857 949 1194
21 20 30 611 638 748 753 757 759 761 795 839 862 876 888 929
22 11 97 166 192 365 529 537 552 638 699 721 752 753 755 759 776 780 791 804 814 820 874 883 885 931 1003 1018 1058 1241 1316 1322 1772 1851 1891
23 9
24 2 611 759 817 830 832 857
25 1 420
26 2 388 582 968
27 2 9 11 18 20 128 287 297 474 486 577 619 638 750 751 753 760 815 830 832 874 991 1112 1163 1266 1271 1272 1592 1755
29 2 17 25 354 355 405 486 527 528 529 530 531 532 533 534 535 536 537 538 759
30 2 31 489 638
31 2 388 611 759 815 857 860 872 1069 1445
32 468 486 500
33 488
34 2 9 25 28 53 279 405 486 493 498 527 528 529 530 531 532 533 534 535 536 537 538 590 603 618 627 638 759 763 765 787 809 888 925 927 995
35 627 830
36 1 2 11 20 34 97 294 484 488 529 533 534 535 537 539 555 557 561 577 582 596 611 612 619 638 639 681 698 725 732 736 750 752 753 759 760 764 768 769 773 784 787 803 809 817 822 832 839 847 853 856 862 864 871 875 886 893 909 917 925 929 954 956 995 1003 1018 1076 1088 1095 1110 1131 1140 1143 1144 1151 1164 1181 1243 1257 1293 1296 1302 1355 1379 1423 1626 1916
38 1 539
39 2 25 529 627 769 815
40 88 752 753
41 354 529
42 1 2 17 20 25 27 28 149 355 405 420 486 488 523 527 528 529 530 531 532 533 534 535 536 537 538 539 553 558 559 600 722 752 753 759 769 778 784 827 832 858 867 886 888 896 940 944 966 1353 1564
43 0 7 12 13 14 15 483 484 485
45 34 611 749 815 860 890 1013 1055 1205
46 9 858 861
47 28 40 335 352 365 488 539 750 752 753 818 858 860 864 896 925 940 969 981 1084 1098 1270
48 0 7 12 13 14 15 483 484 485
50 1 2 21 25 27 28 34 63 88 97 174 234 294 355 365 468 494 495 523 529 531 535 537 539 552 553 555 556 559 561 562 564 570 575 577 589 603 612 624 627 638 698 709 722 725 736 738 750 752 753 755 760 761 762 763 769 778 779 795 797 809 817 822 828 832 837 853 858 864 866 888 896 898 912 924 937 941 968 988 997 1000 1034 1071 1106 1164 1325 1361 1384 1432 1637
51 1 354 488
52 880
53 2 20 627 670 753 763 775 784 789 809 827 852 859 864 934 1014 1017
54 1 2 17 25 29 97 354 355 405 486 488 496 527 528 529 530 531 532 533 534 535 536 537 538 539
55 888
56 2 17 20 25 28 88 233 236 237 294 354 355 405 486 512 527 528 529 530 531 532 533 534 535 536 537 538 540 541 542 543 544 545 546 547 548 549 550 551 552 553 554 555 556 557 558 559 560 561 562 563 564 604 670 681 736 748 759 760 761 763 769 780 787 817 824 830 832 853 864 871 888 895 898 920 921 925 929 953 959 983 991 1114 1171 1249 1285 1302
57 9 488 748 750 767 896 954
58 1 2 4 7 16 21 25 28 48 88 194 354 355 392 469 488 523 529 534 535 537 539 540 541 542 543 544 545 546 547 548 549 550 551 554 555 557 558 560 561 563 582 596 627 638 725 748 750 752 753 755 761 769 784 797 809 817 853 858 861 864 871 875 886 890 898 908 920 921 923 940 991 1100 1158 1275 1281 1302 1309
59 2 17 20 21 25 28 34 355 405 486 494 523 527 528 529 530 531 532 533 534 535 536 537 538 552 553 555 556 559 561 562 564 612 627 638 748 759 760 763 769 773 780 787 809 832 871 879 888 927 982 1031 1213 1278
60 28 488 529 539 737 760 769 1302
61 25 488 539 596 750 752 969 1045
62 19 70
63 1 2 5 11 16 25 28 30 34 67 355 498 539 561 582 603 638 738 748 750 752 753 760 761 762 771 773 793 797 817 827 852 857 858 861 864 866 886 896 898 900 905 940 954 956 969 1023 1045 1062 1084 1087 1112 1140 1144 1158 1185 1236 1270 1281 1291 1302 1325 1354 1366 1458
64 27 30 34 38 47 56 85 97 185 192 254 335 378 444 500 529 535 536 539 577 638 681 698 709 753 760 764 780 835 845 853 856 861 888 890 902 911 921 1057 1096 1107 1111 1203 1266 1400 1402 1410 1466 1486
65 9 486 488 493 539 821 888
66 488 760 1290
67 1
68 192 754 755 775 789 852 859 860 934 1017 1376
69 0 7 11 12 13 14 15 483 484 485
70 748
72 0 7 12 13 14 15 483 484 485
73 1 20 88 149 355 529 638 670 753 859 888 924 1016 1106 1191 1556 1564 1738
74 0 7 12 13 14 15 483 484 485
75 0 7 12 13 14 15 483 484 485
76 789
77 0 2 7 12 13 14 15 17 25 221 354 355 405 430 483 484 485 486 527 528 529 530 531 532 533 534 535 536 537 538 541 544 546 547 550 553 557 558 559 567 575 576 577 578 579 580 581 582 583 584 585 586 587 588 589 590 591 592 593 594 595 596 597 759 795 880
78 1 2 20 34 97 279 294 297 372 488 523 539 561 582 589 596 612 638 738 748 749 750 752 753 760 769 779 784 797 809 817 832 838 851 853 858 861 864 866 871 886 896 900 920 932 937 940 956 969 1023 1045 1084 1087 1122 1136 1216 1223 1270 1275 1281 1292 1302 1354 1375 1425 1494 1502 1546 1753 1825
79 354 539 638
80 485 627 752 780 968
81 28 773
82 12 13 14 15 16 483 484 485
83 0 2 7 12 13 14 15 17 25 221 354 355 405 430 483 484 485 486 527 528 529 530 531 532 533 534 535 536 537 538 541 544 546 547 550 553 557 558 559 567 575 576 577 578 579 580 581 582 583 584 585 586 587 588 589 590 591 592 593 594 595 596 597 639 670
85 1 19 25 28 355 365 488 529 539 627 638 722 750 752 760 761 787 797 809 824 832 859 860 866 896 982 1215 1962
86 1 2 17 25 354 355 405 486 488 527 528 529 530 531 532 533 534 535 536 537 538 539 750 797
87 2 17 20 25 355 405 486 527 528 529 530 531 532 533 534 535 536 537 538 737 749 871 954 1232
90 2 25 750 752 789 797 809 1260
91 2 25 582 750 752 753 797 942 1113
92 2 17 25 354 355 405 486 527 528 529 530 531 532 533 534 535 536 537 538 1017
93 2 25 529 535 537 540 541 542 543 544 545 546 547 548 549 550 552 553 556 559 561 562 564 589 627 638 751 939 1266
95 25 750 864 866
96 1 2 11 17 18 19 20 25 27 28 99 142 166 244 247 279 294 297 355 388 405 444 468 484 485 486 523 527 528 529 530 531 532 533 534 535 536 537 538 539 555 556 557 570 577 589 590 627 638 681 694 696 699 725 750 752 755 759 760 761 769 773 780 787 789 809 810 815 817 822 824 831 832 837 853 860 864 866 871 876 883 888 895 909 912 917 921 925 933 934 940 944 947 949 959 962 963 965 973 975 976 1017 1020 1030 1042 1085 1088 1091 1112 1125 1132 1141 1206 1219 1237 1249 1261 1292 1315 1322 1347 1350 1564 1565
97 28 355 627 638 639 760 817 830 888 1003 1122 1547 1937
98 2 20 25 27 28 34 53 88 97 149 192 233 234 247 279 294 318 355 468 485 488 523 529 539 556 577 582 590 596 598 603 619 624 636 638 709 735 736 750 752 753 759 760 761 765 769 775 778 779 780 787 789 791 797 798 803 809 817 822 831 832 839 850 853 858 859 862 864 866 886 888 892 896 898 902 924 940 949 954 956 971 982 985 991 994 1018 1112 1114 1198 1221 1226 1275 1281 1287 1290 1295 1303 1305 1323 1326 1358 1361 1510 1521 1552 1561 1641 1713 1761
99 505 968
100 2 27 335 529 582 627 641 753 755 757 760 765 787 797 809 832 869 877 881 912 985 989 1159 1292
101 486
102 9 388 486 488
103 2 17 25 354 355 405 486 527 528 529 530 531 532 533 534 535 536 537 538
106 17 354 486 582 888
107 488 539 797 1198
108 2 11 20 22 25 27 528 531 533 534 537 553 557 559 579 589 603 759 768 773 787 832 847 853 866 912 924 1003 1020 1043 1278 1590
109 34 444 488 529 539 603 722 732 736 760 771 781 798 839 1048 1070
110 2 88 488 539 638 752 753 760 772 787 797 895 989 1113 1618 1900
111 759 763
112 1 2 4 99 192 233 279 512 534 536 539 577 638 656 688 699 738 748 753 760 764 795 830 832 853 854 856 871 876 878 890 902 907 921 1041
113 365 856 1134
114 2 23 25 28 30 63 88 355 468 488 529 539 552 577 590 596 638 738 748 750 752 753 760 762 768 769 784 797 798 804 822 827 828 851 853 858 861 864 866 876 884 890 895 896 929 937 940 954 956 969 998 1045 1062 1066 1270 1272 1501 1614
115 2 6 22 23 489
116 1261
117 9 294 627 638 759
118 2 31 388 489 497 627 809 859 1017
119 25 488 760 817
122 0 7 12 13 14 15 483 484 485
124 25 28 495 529 627 638 753
125 2 25 28 529 853 1000
126 26 647 722 752 789 886 896 899 939 949 969 1045 1158
127 488
128 488
129 488
131 28
132 1 112 279 604 612 789 861 871 925 934 949 1046 1191 1272 1311 1399 1426
134 1 2 25 28 97 488 539 738 749 760 817 888 926 989 997 1110
135 0 7 12 13 14 15 483 484 485 535 759 809 1278
136 9
137 4 750 797 860 1136
138 2 5 11 20 25 27 28 30 53 97 99 166 221 234 262 335 352 355 372 389 457 458 468 491 505 523 529 531 533 535 536 537 538 539 552 555 556 557 570 575 577 579 582 585 589 590 596 603 618 627 638 711 722 735 736 737 738 756 759 760 761 773 780 781 783 784 787 789 791 795 797 798 809 817 822 825 828 830 831 832 839 850 853 854 864 865 866 869 870 871 874 875 876 877 885 886 889 892 895 897 904 909 924 929 930 932 936 945 948 949 954 958 968 972 983 991 996 1000 1006 1007 1019 1029 1060 1072 1103 1110 1131 1132 1139 1140 1148 1155 1164 1188 1197 1252 1266 1271 1280 1288 1292 1296 1318 1362 1395 1413 1438 1445 1473 1510 1609 1687 1964
139 2 752 822 864 888 956
140 2 25 88 420 529 627 748 752 753 797 817 827 853 858 864 866 882 940 956 1042 1281 1561
141 0 7 12 13 14 15 25 221 355 430 483 484 485 527 528 531 532 533 535 536 537 538 541 544 546 547 550 553 557 558 559 567 575 576 577 578 579 580 581 582 583 584 585 586 587 588 589 590 591 592 593 594 595 596 597
142 529
143 627 664 760 853 859 1043 1883
144 1 2 166 247 355 529 539 556 589 596 612 627 736 737 759 760 768 807 817 853 854 871 902 921 933 939 1011 1030 1139 1470
145 20 88 775 780 789 810 970
146 2 20 22 354 749
147 2 17 20 22 25 28 355 405 486 498 527 528 529 530 531 532 533 534 535 536 537 538 553 556 559 564 589 600 603 697 759 797
148 681
149 11 26 34 234 365 459 499 529 531 534 557 561 577 582 590 612 627 737 760 817 822 853 864 866 870 876 890 904 920 922 988
150 488 539 748 886 940
151 6 23 25 28 30 355 527 528 531 532 536 538 552 553 558 575 579 594 600 607 608 609 610 611 638 777 781 797 809 888
152 25 488
153 25 523 750 753 759 763 888 902
154 0 2 7 8 12 13 14 15 25 221 355 430 483 484 485 527 528 531 532 533 535 536 537 538 541 544 546 547 550 553 557 558 559 567 575 576 577 578 579 580 581 582 583 584 585 586 587 588 589 590 591 592 593 594 595 596 597 979
156 2 17 19 20 25 30 85 294 354 355 405 409 468 486 500 501 502 527 528 529 530 531 532 533 534 535 536 537 538 544 553 559 565 577 579 582 589 590 596 599 629 632 633 634 635 637 641 650 746 759 760 772 780 787 791 804 809 817 822 832 855 883 892 921 939 954 1122 1159 1278 1303 1422 1451 1465 1469 1513 1548 1638 1684
157 25 27 28 529 535 537 540 541 542 543 544 545 546 547 548 549 550 551 552 553 554 555 556 557 558 559 560 561 562 563 564 596 753 760 773 779 791 809 878 888 956
158 2 9 17 25 354 355 405 486 527 528 529 530 531 532 533 534 535 536 537 538 582
159 17 354 486
160 488
161 354 750 752 797 896
162 2 17 25 34 112 294 354 355 405 486 527 528 529 530 531 532 533 534 535 536 537 538 968 997
163 488 539 809 824 864 871 1015 1833
164 9
165 28 488 539 853
166 1 488 539 853
167 1 2 20 28 128 294 488 523 529 539 582 627 638 748 750 752 753 755 760 763 769 780 789 809 852 853 858 859 864 866 896 920 934 940 969 970 1045 1270 1281 1354 1448
169 488 539 797 956
170 2 99 365 486 537 550 638 716 747 751 752 753 759 760 784 787 797 809 846 893 912 1132 1134 1149
171 2 25 27 28 34 63 88 142 294 539 582 618 638 698 738 750 752 753 755 759 760 762 763 769 779 791 797 798 803 817 832 837 853 857 864 929 940 1017 1217 1221
172 1 2 17 25 355 405 468 486 488 527 528 529 530 531 532 533 534 535 536 537 538 539 638 750 751 784 802 858 861 868 969 1045 1401
173 15 25 355 407 459 488 505 529 535 539 540 541 542 543 544 545 546 547 548 549 550 570 603 748 750 752 753 809 815 832 858 862 863 864 866 886 888 937 940 969 1023 1026 1081 1085 1287 1324 2046
174 2 17 25 51 219 355 405 444 486 488 523 527 528 529 530 531 532 533 534 535 536 537 538 539 545 559 561 577 579 582 588 589 596 604 613 614 615 616 617 618 619 620 621 622 623 624 625 626 627 638 690 748 750 752 753 760 761 784 787 803 858 859 888 896 921 940 966 969 1045 1085 1087 1132 1135 1136 1302 1309 1353
175 2 17 20 25 51 53 97 354 355 405 444 486 527 528 529 530 531 532 533 534 535 536 537 538 747 830 832 859 876 954
176 488 539
177 1 488 539 861
178 294 488 529 539 748 750 759 760 777 797 858 861 969 1045
179 2 17 25 354 355 405 486 527 528 529 530 531 532 533 534 535 536 537 538 539 639 755 855 1350
180 2 17 25 354 355 405 486 527 528 529 530 531 532 533 534 535 536 537 538 582 627 736 750 760 884 896 1228 1292 1302
182 2 17 25 27 354 355 405 486 527 528 529 530 531 532 533 534 535 536 537 538 582 760 809 832 949
183 9
184 2 27 611 749 759 815 930
185 2 4 20 25 27 28 34 208 247 297 388 474 517 529 536 552 555 611 612 618 627 638 698 735 739 744 749 750 760 791 793 795 799 807 808 815 822 828 846 853 857 860 868 884 897 904 909 924 996 1000 1218 1321
186 2 611 749 759 815 860 909 943 1001 1031 1037 1042
187 2 166 388 529 611 762 853 857 858 877 1498
188 638
189 28 97 529
190 2 20 25 27 28 234 488 529 539 589 603 627 736 759 760 773 809 815 837 852 857 869 888 912 921 942 1011 1384
191 529 627 773 1214
192 2 25 28 405 505 1904
193 0 7 12 13 14 15 25 221 355 430 483 484 485 527 528 531 532 533 535 536 537 538 541 544 546 547 550 553 557 558 559 567 575 576 577 578 579 580 581 582 583 584 585 586 587 588 589 590 591 592 593 594 595 596 597 759 780 787 832
194 1 2 9 17 20 25 28 30 88 166 212 247 279 335 354 355 388 405 486 488 527 528 529 530 531 532 533 534 535 536 537 538 539 582 603 627 638 750 752 760 769 780 787 789 791 809 817 827 828 830 832 854 858 859 860 864 866 871 895 902 908 925 954 973 991 1067 1144 1146 1147 1185 1278 1321 1420
195 11 34 85 234 294 589 636 670 722 780 806 807 835 853 855 859 865 867 878 885 888 931 949 1029 1333
197 1 9 760
198 2 20 21 22 25 27 28 34 88 221 234 240 294 355 484 494 495 503 504 505 512 523 529 535 537 539 552 553 555 556 559 561 562 564 590 612 613 614 615 616 627 638 716 736 748 750 752 755 759 760 761 763 768 771 778 779 787 789 795 803 809 810 822 827 830 832 838 844 853 858 859 871 876 877 883 888 924 927 931 932 956 959 1026 1037 1055 1077 1084 1210 1278 1292 1303 1598 1804
199 1 2 11 17 18 20 25 28 59 149 177 192 207 212 234 241 279 287 297 335 354 355 405 451 459 486 488 498 505 523 527 528 529 530 531 532 533 534 535 536 537 538 539 540 541 542 543 544 545 546 547 548 549 550 551 552 553 554 555 556 557 558 559 560 561 562 563 564 565 567 568 570 571 575 577 582 589 594 611 612 627 638 639 670 674 722 735 738 748 750 752 753 754 760 761 766 768 769 787 789 795 797 804 827 832 852 856 858 859 860 861 864 874 876 878 881 882 886 888 893 895 905 934 940 949 986 1000 1017 1148 1174 1264 1296 1325 1353 1404 1435 1448 1564
200 535 764 902 1214 1325 1635 1692
201 488 539
202 1100
203 8 11 25 99 174 221 244 291 335 485 523 534 536 577 579 582 627 716 753 759 760 780 786 797 809 810 821 832 853 855 857 874 876 877 888 892 931 1041 1110 1276 1333
204 698
205 9 17 354 486 488 529 750 752 761 864
206 128 488 539 907
207 2 8 233 760 821 832 1159
208 2 25 27 28 99 294 352 468 484 523 529 533 535 539 627 721 736 752 753 756 759 760 763 768 769 773 778 780 787 799 809 817 832 864 866 871 888 898 921 929 1003 1037 1088 1108 1147 1188 1194 1266 1292 1335
210 577 856 902 993
212 488 880 993
213 20 22 766 856
214 22 902 1432
215 27 294 405 536 638 755 765 786 791 968 1706
216 57 295 305 368 488 638 764 825 880 1077
217 488 539 759 880
218 991
219 856
221 34 929 1191
222 27 57 295 305 368 638 737 902 993
223 2 22 25 28 88 149 166 221 279 294 335 355 405 485 488 505 523 529 531 535 539 540 541 542 543 544 545 546 547 548 549 550 557 567 570 604 627 638 711 735 737 752 754 755 759 760 761 775 780 786 787 798 799 809 817 832 853 855 858 859 866 874 883 895 912 929 931 949 986 993 1073 1084 1107 1125 1132 1134 1136 1213 1266 1278 1280 1303 1325 1410 1448 1465 1587
224 17 18 24 28 53 405 435 440 486 498 529 603 638 716 749 753 773 797 806 888 966 1135 1353
225 28 488 539
227 34 88 555 561 638 755 759 827
228 2 17 25 354 355 405 486 527 528 529 530 531 532 533 534 535 536 537 538 557 589 886
229 2 17 486 598 627 694 748 832 875 888 954 962 973 1017 1221 1278 1347 1402
230 0 7 12 13 14 15 483 484 485
231 1 34 88 488 529 539 604 752 753 787 797 858 861 912 985 989
232 34 365 488 529 537 539 555 582 638 738 750 751 752 759 781 866 939 1045 1275 1302
233 8 30 233 534 596 638 738 753 759 774 779 827 832 847 853 874 881 900 931 1018 1084 1115 1326
234 1 27 28 30 34 38 47 56 62 97 100 140 160 192 209 258 260 268 297 298 355 373 377 378 410 411 451 468 480 529 535 536 537 570 612 618 624 627 638 639 656 709 736 747 748 751 753 760 764 767 772 780 789 795 809 853 856 857 861 871 876 899 902 954 993 1017 1110 1266 1296 1308 1325 1393 1448 1474 1594 1788
235 488 539 797 858
236 1 2 88 234 355 420 488 539 558 561 603 627 638 748 752 753 761 769 797 798 822 858 859 866 870 886 905 940 969 1112 1659
237 2 5 11 19 27 34 40 51 99 192 221 355 451 468 512 529 536 539 550 555 556 638 681 709 765 775 780 791 795 809 824 844 846 853 856 868 884 894 922 923 924 954 983 984 993 1030 1077 1132 1272 1325 1369 1612
238 1 2 20 25 30 34 62 85 88 99 100 160 221 260 279 294 365 480 486 523 529 531 533 534 535 537 539 540 541 542 543 544 545 546 547 548 549 550 551 554 555 556 557 558 560 563 577 618 624 627 638 639 641 664 665 681 683 699 725 748 753 755 759 760 764 778 779 780 787 797 802 809 810 817 822 830 832 835 837 848 851 853 860 864 869 871 877 881 888 921 924 925 937 949 954 1003 1084 1118 1124 1132 1147 1163 1194 1202 1205 1266 1278 1282 1292 1302 1325 1342 1373 1411 1426 1432 1459 1465 1466 1669 1682
239 1 2 88 488 577 582 748 750 752 753 789 797 858 861 921 932 969 1045
240 1 2 20 25 27 28 149 233 355 388 389 488 523 529 535 536 539 540 541 542 543 544 545 546 547 548 549 550 556 561 570 589 590 596 638 738 748 750 752 753 755 761 762 783 787 797 799 817 824 830 852 853 858 864 866 871 886 890 896 898 901 902 925 929 932 937 940 954 956 969 983 986 997 1007 1019 1026 1028 1045 1055 1058 1084 1087 1158 1168 1185 1188 1233 1281 1302 1314 1325 1445 1627 1639 1973
241 484 488 529 539 545 795 844 868 1000 1974
242 488 761
243 2 25 28 529 627 759 773 909
244 1 2 15 25 121 122 124 193 279 354 488 536 539 753 771 777 866 879 888 944 1197 1237 1268 1291 1304 1370 1564 1565
245 2 11 20 27 99 244 529 556 627 638 698 705 751 761 764 824 830 853 860 871 880 888 891 930 947 975 976 1001 1030 1046 1047 1058 1064 1177 1219 1510 1532 1750
246 2 20 28 88 142 355 529 531 533 557 585 596 603 627 698 748 751 754 789 798 831 852 853 879 921 1017 1030 1084 1112 1138 1148 1161 1177 1325 1345 1457 1570 1817 1981
248 30 505 506
249 2 11 20 27 28 30 34 40 51 87 97 112 152 162 192 221 234 294 335 355 365 389 444 451 459 468 505 506 512 523 529 533 534 535 536 537 538 539 555 556 567 596 611 612 627 638 639 698 736 738 744 747 749 753 759 760 761 775 781 784 787 791 798 809 815 825 828 832 839 846 853 857 862 868 871 875 877 881 884 886 890 894 904 907 922 929 930 939 940 954 968 988 1000 1037 1042 1046 1071 1106 1144 1159 1185 1204 1205 1209 1229 1234 1259 1269 1292 1296 1325 1399 1424 1723 1829
250 29 30 355 388 505 506
251 29 30 505 506
252 52 266 294 347 459 536 539 618 817 853 874 1464 1516
253 28 88 279 484 738 750 912
254 1 2 9 17 25 28 355 405 407 486 527 528 529 530 531 532 533 534 535 536 537 538 612 627 638 735 747 750 753 760 769 787 795 797 805 809 815 822 831 858 864 866 966 1037 1194 1266 1278 1459 1830
255 1 2 18 20 25 27 28 88 142 153 154 155 244 279 294 365 388 468 529 535 537 539 540 541 542 543 544 545 546 547 548 549 550 552 553 555 556 559 561 562 564 577 582 598 627 670 688 735 738 748 750 751 753 755 759 760 769 778 779 784 787 789 791 797 809 817 827 832 838 844 846 853 858 860 866 871 872 874 876 888 902 954 956 959 969 1002 1084 1110 1142 1144 1169 1181 1188 1191 1221 1311 1325 1384 1450 1471 1598
256 2 28 611 759 815 853 857 860 1031 1055 1325
257 1 488
258 1 2 6 16 17 18 20 23 24 25 27 28 30 34 40 85 88 97 99 174 185 192 221 254 279 287 294 298 335 355 373 389 405 435 440 485 489 517 523 527 528 529 530 531 532 533 534 535 536 537 538 539 540 541 542 543 544 545 546 547 548 549 550 551 552 553 555 556 557 558 559 560 561 562 563 564 565 567 568 569 570 571 572 573 574 575 579 589 594 596 600 607 608 609 610 611 612 618 619 627 638 650 656 706 711 738 749 750 753 755 759 760 764 767 773 780 795 797 803 809 828 834 839 846 856 864 865 871 878 880 884 888 894 902 906 921 922 954 956 968 993 995 997 1000 1070 1096 1117 1143 1151 1163 1209 1264 1266 1272 1296 1321 1325 1376 1402 1448 1466 1546 1592 1598 1990 2023
259 2 17 25 27 300 354 355 405 486 527 528 529 530 531 532 533 534 535 536 537 538 539 577 624 638 748 752 763 784 853 888
260 1 2 8 11 16 20 21 25 27 28 30 34 40 41 51 85 88 97 99 112 138 152 166 174 192 209 221 234 241 244 275 279 294 304 314 322 335 365 366 374 388 389 405 409 426 427 436 461 463 468 485 500 505 523 529 533 534 536 539 543 550 555 557 561 570 577 582 589 596 603 604 611 612 619 627 636 638 639 650 670 673 681 696 699 716 721 722 735 736 737 738 746 747 750 751 752 753 755 759 760 769 771 773 780 786 787 789 791 801 804 805 809 810 815 817 820 821 825 828 830 832 835 850 852 853 855 857 858 860 864 866 867 869 871 874 875 881 883 885 886 888 890 891 894 898 921 922 924 925 929 937 939 940 949 954 970 971 972 983 988 991 992 993 1001 1013 1018 1039 1047 1072 1077 1091 1110 1112 1118 1127 1132 1136 1144 1159 1164 1176 1194 1205 1221 1223 1232 1255 1261 1290 1303 1316 1324 1325 1333 1350 1361 1373 1376 1379 1400 1402 1410 1418 1422 1438 1451 1469 1470 1488 1504 1511 1518 1527 1530 1548 1557 1598 1757 1774 1816 1823 1863 1902 1951 2008 2043
261 1 25 28 34 88 297 354 420 444 488 523 529 535 539 540 541 542 543 544 545 546 547 548 549 550 557 561 577 579 582 596 627 638 738 750 752 753 761 769 784 817 853 861 864 866 869 871 886 896 899 940 1002 1295 1735
262 847 905 1112 1726
263 1 17 25 70 486 529 534 535 536 537 540 541 542 543 544 545 546 547 548 549 550 552 553 556 559 561 562 564 577 627 638 716 721 738 753 759 760 762 764 767 784 785 791 822 853 856 861 878 888 921 993 1512
264 531 537 539 638 856 858 861 864 940 993
265 2 488 539 752 797
266 488 539
267 2 65 99 192 484 529 536 699 736 764 767 845 856 885 894 902 949 993 1271 1402 1598
268 488 539 1080
270 8 751 881 1726
271 34 611 624 760 795 871
272 488
273 2 25 149 166 335 527 529 534 539 556 582 612 624 627 636 638 670 759 760 768 771 789 799 808 809 832 852 853 854 859 864 866 876 879 886 895 973 996 1035 1106 1285 1290 1310 1657 1715 1813 1868 2009
274 1034
275 1 2 3 17 25 28 355 405 486 488 527 528 529 530 531 532 533 534 535 536 537 538 539 540 541 542 543 544 545 546 547 548 549 550 561 627 638 750 752 760 761 780 783 858 868 869 886 940 969 1002 1023 1236
276 1 88 488 523 529 539 738 750 752 753 761 769 810 861 886 969 1106 1270
277 1 2 25 27 28 34 88 142 149 294 304 488 523 529 531 539 557 558 561 582 603 611 618 627 638 735 738 748 750 752 753 755 759 760 761 762 763 769 778 784 786 789 797 803 809 817 822 832 838 847 853 858 859 861 864 866 868 869 882 891 896 898 912 921 924 929 931 937 940 945 956 979 980 981 998 1015 1018 1023 1026 1045 1064 1122 1158 1188 1275 1281 1314 1325 1358 1477 1556
278 2 7 14 17 18 25 27 34 136 147 151 166 178 235 260 329 330 333 340 405 418 419 485 486 527 528 529 530 531 532 533 534 535 536 537 538 539 540 541 542 543 544 545 546 547 548 549 550 551 552 553 554 555 556 557 558 559 560 561 562 563 564 656 738 753 759 780 809 815 832 853 854 858 874 883 888 895 982 1060 1136 1144 1353 1633
279 488
280 0 7 12 13 14 15 483 484 485
281 4 512 764 902 1234
282 9 488 529 750 784
283 1 2 5 19 20 25 149 335 354 355 405 409 488 505 523 527 528 529 530 531 532 533 534 535 536 537 538 539 557 577 582 596 603 627 638 738 748 750 752 753 760 761 765 780 783 784 787 789 797 805 809 830 832 858 859 864 866 876 895 896 898 921 931 940 969 1045 1281 1400
284 354 759
285 2 17 25 354 355 405 486 527 528 529 530 531 532 533 534 535 536 537 538
286 366
287 1 2 25 27 28 88 294 355 488 539 552 638 748 752 767 784 789 797 822 853 856 858 861 866 895 896 923 982 991 1097 1174 1216 1684
289 1 2 25 27 28 34 51 88 97 233 234 294 335 355 365 389 405 486 527 528 529 530 531 532 533 534 535 536 537 538 539 541 544 551 552 557 558 560 563 565 567 568 569 570 571 572 573 574 575 577 582 596 603 618 627 638 696 732 750 751 753 755 759 760 765 769 773 778 779 780 787 797 798 809 817 822 824 827 830 831 832 852 853 860 864 871 874 875 877 884 886 891 895 898 912 921 924 929 932 954 962 971 979 983 1043 1047 1100 1110 1132 1140 1296 1302 1324 1366 1410 1459 1467 1486 1749 1880 1905 1915
290 27 166 529 556 627 853 1099
291 27 556 611 627 764 824 853 888 1030
293 2 17 25 354 355 405 486 527 528 529 530 531 532 533 534 535 536 537 538
295 486 638 753 784 827 1017
296 0 1 7 12 13 14 15 20 30 33 88 335 468 483 484 485 487 500 539 567 612 670 674 753 781 791 795 797 809 822 832 866 880 924 949 967 1054 1110 1140 1144 1174 1272 1291 1365 1511 1569 1814
297 2 9 17 25 354 355 405 485 486 527 528 529 530 531 532 533 534 535 536 537 538 582 736 759 780 789 817 859 871 1302
298 2
299 28
300 11 28 30 365 491 556 638 722 745 760 874 890 914 946 949 988 1123 1290 1292 1442
301 2 956 1105
302 1 149 488 539 552 797 940
303 488 539 752 797
304 1 2 5 16 20 25 28 34 73 88 95 97 102 116 130 150 161 174 190 192 212 219 233 252 286 294 321 328 342 352 359 365 383 386 389 405 409 423 431 507 523 529 534 535 537 538 540 541 542 543 544 545 546 547 548 549 550 552 553 556 557 559 561 562 564 567 570 577 582 584 589 602 603 612 637 638 647 665 681 712 716 736 746 747 748 750 751 752 753 755 759 760 768 772 780 784 785 787 789 791 808 809 822 832 853 855 859 871 877 878 880 885 886 888 890 892 902 907 931 940 971 978 993 1015 1077 1082 1112 1144 1221 1275 1292 1300 1340 1350 1373 1527 1538 1543 1548 1557 1705 1911 2001
305 1 9 493 536 556 589 722 737 877 911 940 993 1445
306 2 7 11 16 17 18 21 25 28 34 48 53 59 85 107 166 174 194 205 208 244 287 294 300 354 425 432 440 469 486 495 523 529 557 589 627 638 664 699 738 748 751 752 753 759 761 765 773 780 787 789 797 806 809 832 847 860 880 888 891 921 925 927 959 965 966 1017 1042 1135 1144 1174 1194 1292 1333 1353
307 2 25 28 488 523 529 539 555 577 603 638 738 748 750 752 763 797 827 858 896 940 1158 1271 1275 1314
308 2 149 279 488 535 539 763 775 789 827 852 853 859 934 958 990 1034 1690
309 9 20 34 88 253 281 300 523 537 539 589 596 618 627 725 735 736 748 750 752 755 760 765 809 832 865 871 877 882 940 971 1015 1045 1100 1159 1191 1393 1583 1725 1741 2047
310 0 7 12 13 14 15 483 484 485 759 880 1016 1213
311 0 7 12 13 14 15 25 30 221 354 355 430 483 484 485 527 528 531 532 533 535 536 537 538 541 544 546 547 550 553 557 558 559 567 575 576 577 578 579 580 581 582 583 584 585 586 587 588 589 590 591 592 593 594 595 596 597 760 888 1302
312 2 9 17 25 354 355 405 486 493 512 523 527 528 529 530 531 532 533 534 535 536 537 538 579 888
313 1 85 233 247 523 537 656 752 832 995 1261
314 2 17 25 279 354 355 405 486 527 528 529 530 531 532 533 534 535 536 537 538 780
315 17 354 486
316 9 25 577
317 0 7 12 13 14 15 483 484 485 670
318 0 7 12 13 14 15 483 484 485 488 670 759
319 149 247 557 589 627 638 755 775 784 789 827 852 859 934 1017
321 1 2 25 88 294 529 539 596 638 736 738 748 750 752 753 755 760 763 768 791 797 798 809 817 858 864 888 898 949 954 968 969 1003 1015 1026 1062 1067 1106 1136 1226 1373 1623
322 2 20 27 28 234 355 488 529 531 535 539 557 577 589 611 618 627 638 736 738 759 760 763 766 768 769 773 779 787 799 809 815 817 832 882 888 895 927 939 942 943 1000 1001 1011 1060 1384
323 20
324 1 2 735 949 1003
325 20 492 832 890
326 0 7 12 13 14 15 483 484 485
327 488 539
328 25 27 486 748 1295
329 26 354 789
330 25 484 529 535 537 540 541 542 543 544 545 546 547 548 549 550 552 553 556 559 561 562 564 1194 1266 1682 1699 1777
331 354
332 2 9 11 17 25 294 354 355 405 486 527 528 529 530 531 532 533 534 535 536 537 538 579 582 589 627 665 736 760 780 783 787 797 805 810 832 855 939 1043 1438 1579
333 1 797 861 888 944 969 1002 1114 1278 1430 1564 1565
334 20 34 53 505 534 612 638 746 759 787 853 888
335 19 20 34 297 429 534 589 612 638 745 749 750 759 809 853 854 890 1132
336 0 2 7 12 13 14 15 25 388 483 484 485 753 759 769 809 817 912 1239
337 2 17 25 28 354 355 405 486 527 528 529 530 531 532 533 534 535 536 537 538
338 759 954
339 354
341 6 23 25 527 528 531 532 536 538 552 553 558 575 579 594 600 607 608 609 610 611 638 761 764
342 2 31 489 497 759 815 853 857 859 860 1055
343 1 2 4 25 28 228 234 392 488 523 539 561 577 603 627 638 748 750 752 753 761 762 769 784 797 817 832 853 858 864 871 876 886 896 900 908 920 925 940 956 969 980 981 1002 1102 1158 1179
344 0 7 12 13 14 15 483 484 485
345 787 789 797 1080
346 0 7 12 13 14 15 483 484 485
347 354 488 529 539 752
348 582
350 488 750
351 1 2 11 20 25 27 28 30 34 57 85 88 97 99 149 166 221 233 234 243 245 274 287 304 355 365 372 388 405 436 485 488 505 512 523 529 531 534 535 536 537 538 539 540 541 542 543 544 545 546 547 548 549 550 551 552 553 554 555 556 557 558 559 560 561 562 563 564 570 577 579 582 584 596 603 604 611 612 618 627 638 641 670 699 705 711 722 725 732 735 736 737 748 750 752 753 755 759 760 762 763 764 768 772 773 775 780 784 785 787 789 797 799 809 817 821 822 827 832 841 845 851 852 853 854 857 858 859 860 864 866 869 871 874 880 886 888 890 892 895 903 912 918 921 923 924 926 928 929 932 933 934 937 940 949 954 956 971 976 983 991 996 1000 1014 1017 1026 1031 1042 1059 1077 1084 1110 1113 1132 1135 1136 1163 1168 1179 1194 1203 1218 1233 1261 1271 1285 1292 1295 1296 1304 1324 1330 1333 1342 1404 1409 1426 1511 1532 1560 1676 1724
352 2 88 488 539 638
353 488 539
354 2 25 149 529 752 784 1097 1278
355 354 853
356 488 539 750
357 0 2 7 11 12 13 14 15 20 28 40 88 99 112 221 233 234 355 389 483 484 485 529 531 539 550 585 604 627 638 709 735 744 745 750 752 760 763 769 777 780 797 817 821 831 853 864 883 884 886 890 911 912 1021 1205 1272 1304 2026
358 1 2 20 22 25 28 355 498 528 529 534 535 539 553 556 559 564 600 603 697 748 750 858 940 1261
359 1 2 25 88 162 192 365 405 486 490 523 527 528 529 530 531 532 533 534 535 536 537 538 539 541 544 545 551 557 558 560 561 563 569 572 573 574 596 617 618 619 620 621 622 623 624 625 626 627 638 738 750 752 753 774 789 821 832 858 861 862 864 866 921 1084 1085 1098 1114 1216 1275 1324
360 488 858 861 1287
361 556
362 488 797 858
363 1 2 25 34 67 88 209 228 279 388 486 488 523 527 529 539 557 561 575 582 590 596 638 674 681 716 722 736 738 748 750 751 752 753 755 756 759 760 761 768 769 784 786 789 791 797 798 799 822 827 832 835 851 852 853 854 858 859 861 864 866 869 871 874 875 879 888 895 896 905 915 921 932 934 940 954 956 968 969 971 991 1003 1026 1085 1094 1095 1106 1158 1163 1172 1191 1272 1281 1325 1350 1447 1455 1494 1659 1688
364 488 539
365 1 2 14 15 21 25 27 28 29 30 34 43 88 97 99 166 294 307 352 365 409 467 485 488 505 528 529 536 537 539 544 551 553 555 557 558 559 565 566 570 589 596 600 612 613 614 615 616 619 627 629 632 633 634 635 637 638 639 656 666 720 722 735 736 738 748 750 751 752 753 759 760 761 764 768 773 775 780 787 791 809 815 832 853 856 858 859 861 864 869 871 874 878 888 890 895 898 903 907 912 921 924 925 926 968 974 1017 1082 1110 1132 1143 1144 1182 1221 1393 1448 1471 1529 1627 1687 1742
366 25 495
367 856 902
368 12 13 14 15 16 25 88 233 355 483 484 485 527 528 531 532 533 536 537 538 539 544 546 547 550 553 557 558 559 575 576 577 578 579 580 581 582 584 585 587 589 590 594 595 596 613 614 615 616 736 750 760 787 817 832 871 881 890 925 1144 1333 1379 1450 1479 1497 1925
369 2 25 488 539 748 940
370 488 539 638 751 853 1058
371 2 17 25 354 355 405 486 527 528 529 530 531 532 533 534 535 536 537 538 789 827 859
372 27 529 716 736 737 760 809 831 832 877 895 902 1103 1278 1919
373 1
374 25 28 488
375 488 539
376 27 488 539 703 705 861
377 2 10 25 28 355 507 508 527 528 531 537 538 539 544 557 558 575 589 600 618 627 748 753 759 762 764 781 789 797 798 817 827 853 888 903
378 1 2 8 10 11 14 16 19 25 27 28 59 152 193 276 279 294 323 354 355 365 366 382 388 405 486 489 495 500 508 527 528 529 530 531 532 533 534 535 536 537 538 539 555 557 558 567 570 575 577 579 582 589 594 596 613 614 615 616 618 619 627 638 692 736 746 748 750 751 753 755 759 760 761 762 763 764 769 775 781 791 817 821 822 827 846 853 858 859 875 886 888 890 903 920 921 924 927 929 934 954 974 982 988 1017 1217 1277 1302 1304 1353 1376
379 1 488 539 561 752 760 858 861 954 1002
380 1 2 17 25 88 355 405 486 527 528 529 530 531 532 533 534 535 536 537 538 750 752 817 858 1314
382 1 2 21 24 25 27 28 63 112 174 279 297 405 462 484 486 494 523 529 534 535 537 540 541 542 543 544 545 546 547 548 549 550 552 553 556 558 559 561 562 564 590 624 627 638 639 656 674 721 736 738 750 752 753 759 760 768 769 773 777 788 797 798 809 817 854 864 866 871 875 888 895 898 906 912 926 927 937 941 956 968 982 1002 1003 1042 1084 1085 1138 1142 1169 1325 1380 1586 1761
383 149 488 539 556 940 1017
384 2 355 759 760 787 809 817 831 832 864 877 909 941 1103 1155
385 2 28 142 294 355 539 627 638 716 736 759 787 791 809 821 832 887 888 971 1112 1221 1570 1687
386 0 7 12 13 14 15 483 484 485
387 1 2 25 28 88 365 488 512 535 538 539 540 541 542 543 544 545 546 547 548 549 550 577 627 638 748 750 752 760 767 797 832 855 858 861 866 888 940 969 1045 1117 1448 1482
388 488 539 748 861 1004
389 0 1 2 5 7 9 12 13 14 15 25 28 221 355 430 468 483 484 485 509 527 528 529 531 532 533 535 536 537 538 539 541 544 546 547 550 553 557 558 559 565 567 575 576 577 578 579 580 581 582 583 584 585 586 587 588 589 590 591 592 593 594 595 596 597 600 611 627 629 632 633 634 635 637 732 736 738 748 753 759 760 762 768 769 773 798 809 815 817 837 847 853 854 858 862 864 875 885 888 893 895 931 954 956 959 973 982 983 991 1003 1090 1095 1151 1162 1197 1315 1322 1323 1358 1384 1567
390 9 488
391 2 25 28 488 539 752 753 759 760 797 888 959 1114 1117
392 1 2 20 34 365 488 529 534 538 539 561 612 750 752 753 760 761 768 780 787 789 800 804 805 827 832 844 853 858 864 866 868 877 886 895 896 900 969 980 983 997 1006 1023 1045 1054 1140 1159 1174 1185 1198 1290 1302 1485 1633 1651 1727 1872
393 0 7 12 13 14 15 483 484 485
394 2 11 17 25 99 212 279 294 335 354 355 405 409 426 485 486 523 527 528 529 530 531 532 533 534 535 536 537 538 539 553 559 577 579 582 589 590 596 613 614 615 616 627 638 650 670 673 681 711 721 722 747 753 755 759 760 780 786 789 791 795 817 830 832 836 841 852 855 857 881 883 885 891 895 908 922 934 942 983 986 1027 1043 1112 1125 1159 1266 1276 1303 1422 1438 1465 1995
395 2 17 25 28 354 355 405 486 527 528 529 530 531 532 533 534 535 536 537 538 738 753 787
397 2 9 11 20 354 355 529 627 638 759 925 1043
398 25 247 279 529 539 748 750 753 760 777 784 866 888 896 898 1039 1066
399 5 11 20 25 85 149 174 221 239 294 307 311 335 488 523 529 534 539 544 553 582 603 638 699 700 701 748 750 752 753 760 761 780 797 799 804 809 812 832 853 858 860 864 866 871 886 893 895 896 940 949 1592 1607
400 354 852
401 27 355 488 529 539 627 750 752 763 769 780 803 898 956 1074 1173
402 11 25 354 488 523 529 752 753 797 798 858 864 888 904 992 1281
403 22
404 1 2 11 17 19 20 25 30 40 53 85 88 99 135 166 174 211 221 231 236 241 273 279 291 294 335 352 354 355 365 375 405 409 431 436 439 440 451 460 468 486 512 523 527 528 529 530 531 532 533 534 535 536 537 538 539 551 557 577 579 582 589 590 596 603 611 618 627 636 638 639 641 650 656 661 665 670 681 688 699 709 716 735 736 747 748 751 752 753 755 759 760 762 768 769 771 772 773 779 780 786 787 789 791 795 796 797 798 800 802 808 809 810 812 815 817 820 821 822 827 830 832 835 851 853 855 857 858 859 860 864 866 867 869 871 875 876 877 881 886 888 889 890 891 892 895 904 908 912 919 921 922 924 925 929 931 949 955 962 963 968 971 983 986 991 993 996 1001 1003 1011 1015 1018 1024 1037 1039 1041 1052 1060 1094 1095 1096 1101 1103 1110 1112 1118 1124 1127 1144 1148 1163 1221 1233 1251 1255 1261 1266 1272 1276 1290 1292 1300 1303 1324 1333 1350 1361 1367 1373 1376 1381 1417 1438 1450 1453 1459 1464 1469 1475 1486 1502 1526 1605 1662 1676 1706 1740 1757 1776 1899 1960
405 2 20 23 27 34 57 99 142 174 295 300 305 368 489 512 529 531 534 537 539 612 627 638 641 753 760 764 787 791 797 809 817 820 822 828 853 856 871 890 902 940 949 988 1092 1130 1135 1266 1271 1272 1302 1333 1438
406 488 539 722
407 488 627 760 852 858
408 2 9 17 25 354 355 405 486 527 528 529 530 531 532 533 534 535 536 537 538 540 541 542 543 544 545 546 547 548 549 550 552 553 556 559 561 562 564 752 759 888 895
409 28 149 354 577 638 763 827 852 859
410 0 7 12 13 14 15 483 484 485
411 638 750 752 896 1045 1354
412 28 529 535 627 763 781 809
413 2 25 28 88 488 535 539 540 541 542 543 544 545 546 547 548 549 550 611 638 736 750 752 753 761 858 864 875 954 979 1023 2041
414 25 529 535 537 539 540 541 542 543 544 545 546 547 548 549 550 552 553 556 559 561 562 564 780 789 821 827 970
415 354
417 797 985
418 1 9 85 99 221 534 750 759 760 768 773 787 809 832 895 896 986 1026 1136 1161 1292 1302 1324 1494 1518 1858
419 0 7 12 13 14 15 483 484 485
420 0 7 12 13 14 15 25 221 355 430 483 484 485 527 528 531 532 533 535 536 537 538 541 544 546 547 550 553 557 558 559 567 575 576 577 578 579 580 581 582 583 584 585 586 587 588 589 590 591 592 593 594 595 596 597 759 880 888
421 2 25 355 488 528 529 531 532 535 536 537 538 539 540 541 542 543 544 545 546 547 548 549 550 551 552 553 554 555 556 557 558 559 560 561 562 563 564 575 576 579 585 589 594 596 627 638 751 752 778 832 838 860 1198 1292
422 624 932 1084
424 9
425 2 31 489 497 827 852 859 888
426 2 17 25 354 355 405 486 527 528 529 530 531 532 533 534 535 536 537 538
427 9
428 2 4 9 17 25 354 355 405 486 527 528 529 530 531 532 533 534 535 536 537 538 552 558 579 582 589 590 596 600 627 686 687 689 702 703 704 705
429 9 17 354 486 888 1119
430 2 749 751
431 488 539 638
432 354
433 2 20 25 28 355 529 535 555 577 618 627 638 759 760 769 773 776 779 787 809 822 832 835 860 864 873 924 954 975 1011 1073 1132 1168 1432
435 1 2 11 21 25 27 28 34 88 166 494 495 503 505 529 534 535 537 552 553 555 556 559 561 562 564 582 613 614 615 616 627 638 699 753 759 760 761 763 773 775 778 791 797 798 809 822 832 871 888 924 926 927 954 956 1060 1091 1221 1278
436 2 17 25 244 354 355 405 486 527 528 529 530 531 532 533 534 535 536 537 538
437 2 17 25 354 355 405 486 527 528 529 530 531 532 533 534 535 536 537 538 579
438 0 2 7 12 13 14 15 25 483 484 485 638 670 716 750 759
439 20 27 28 51 294 577 628 641 750 896 940 969 1045 1122 1350 1354 1357 1426
440 40 759 810 1194
441 2 17 25 354 355 405 486 527 528 529 530 531 532 533 534 535 536 537 538 582
442 354 582 641 709 789 858 859 888 891 930 1464
443 355 523 754 760 780 786 791 809 832 835 885 921 927 958 1117 1126 1261 1266 1302 1333 1422 1425 1469 1585
444 2 17 18 25 28 355 405 468 486 527 528 529 530 531 532 533 534 535 536 537 538 555 759 763 789 809 888
445 510
446 0 7 12 13 14 15 483 484 485 752 760 854 888 895 979 1233
447 2 28 761 773 853 893 927 954
448 0 7 12 13 14 15 483 484 485 759
449 354
450 2 9 17 25 354 355 405 486 527 528 529 530 531 532 533 534 535 536 537 538 888
452 2 25 28 405 527 528 529 530 531 532 533 534 535 536 537 538 627 750 752 784 920 956
453 1 2 17 25 88 294 354 355 405 486 527 528 529 530 531 532 533 534 535 536 537 538 582 589 596 624 638 639 641 699 746 753 754 755 760 780 817 821 831 832 853 855 866 932 991 993 1017 1125 1350 1382 1451
454 28 355 488 529 539 638 1210
455 488 539
456 1 2 4 17 20 25 27 30 34 62 97 140 166 174 192 258 268 294 297 365 366 377 410 411 423 459 484 486 529 535 537 539 540 541 542 543 544 545 546 547 548 549 550 552 553 556 559 561 562 564 579 584 596 598 612 638 641 681 737 744 748 752 753 760 764 767 769 771 772 780 786 789 799 804 828 830 832 845 853 856 858 861 880 888 902 921 944 993 1001 1030 1056 1092 1271 1296 1308 1380 1510 1564 1565 1598 1645 1687 1953
457 1 2 11 20 25 27 30 34 112 166 294 335 388 492 523 529 534 539 611 627 638 722 736 737 749 750 752 753 759 760 763 769 787 789 791 797 799 809 828 830 831 853 857 860 864 871 874 876 888 939 949 1027 1043 1044 1141 1154 1259 1302 2035
458 459 488 529 535 539 604 725 750 752 760 761 784 787 797 809 832 852 853 864 875 886 899 940 954 1065 1324 1606
459 488 539
460 28 627 859 1016
461 20 67 352 577 582 638 853 856 857
462 488 539
463 17 354 486
464 852 1017 1057
465 2 17 25 354 355 405 486 527 528 529 530 531 532 533 534 535 536 537 538
466 2 17 25 354 355 405 486 527 528 529 530 531 532 533 534 535 536 537 538
467 2 17 25 354 355 405 486 527 528 529 530 531 532 533 534 535 536 537 538 656 775 789 827 852 859 940 1017
468 6 23 25 28 527 528 531 532 536 538 552 553 558 575 579 594 600 607 608 609 610 611 738 760 817 852 853 859 1017
469 2 17 25 149 166 355 405 486 488 527 528 529 530 531 532 533 534 535 536 537 538 539 775 789 827 934 1057
470 0 1 2 11 16 19 25 28 40 142 149 294 355 423 523 539 556 598 599 619 627 638 641 665 694 699 737 738 750 751 752 754 755 759 775 779 784 789 791 795 808 814 822 827 832 852 853 856 858 859 871 886 888 899 902 931 934 940 954 969 970 973 1014 1034 1042 1045 1057 1144 1146 1163 1198 1221 1260 1326 1426 1448 1552 1645 1735 1946
471 9 488 493 529 539 709 760 864
474 577 722 753 757 773 822 945 1030 1084
475 488
476 1 25 354 401 529 535 537 540 541 542 543 544 545 546 547 548 549 550 552 553 556 559 561 562 564
477 722 1249
478 2 209 488 539 638 797 905 1045
480 0 7 12 13 14 15 483 484 485
482 2 36 88 89 194 488 505 539 912 1096 1303 1701
483 1 488 539 612
484 2 5 11 17 18 24 25 34 241 294 304 335 354 355 372 405 427 435 440 467 486 523 527 528 529 530 531 532 533 534 535 536 537 538 553 559 577 579 582 589 590 596 603 638 650 665 681 699 721 746 751 753 755 759 760 780 787 789 817 821 822 830 832 837 855 858 859 888 891 892 908 916 925 931 954 957 1082 1094 1112 1122 1127 1292 1342 1350 1380 1527
485 780 858 888 1017 1261
487 2 17 25 354 355 405 486 527 528 529 530 531 532 533 534 535 536 537 538 732 760 860 888 1191
488 166 488 638 676 722 830 897 1174
489 17 26 354 486 529 539 582 627 736 753 759 763 772 780 853 855 860 881 888 892 894 966 1055 1353 1469
490 2 149 627 780 789 809 827 852 859 860 881 934 1017 1043 1894
491 28 221 355 420 529 555 557 582 589 627 638 736 752 759 760 787 789 832 866 882 884
492 2 166 212 529 556 589 603 627 747 760 765 780 824 830 859 860 871 944 947 975 976 1007 1020 1030 1235
493 9 25 28 88 539 577 735 750 752 817 866
494 795
495 1 2 21 28 34 43 174 467 488 529 534 539 577 638 748 753 760 787 797 838 853 858 866 992 1331
496 2 9 25 27 221 388 529 535 555 557 589 596 627 735 736 753 760 763 768 773 787 809 817 820 832 847 853 1019 1088 1095
498 2 17 25 354 355 365 405 486 527 528 529 530 531 532 533 534 535 536 537 538 759 853
499 2 25 28 488 529 535 537 539 540 541 542 543 544 545 546 547 548 549 550 552 553 556 559 561 562 564 596 738 864 905 940 1026
500 2 5 17 20 22 25 28 34 36 53 221 294 355 365 405 486 500 527 528 529 530 531 532 533 534 535 536 537 538 539 544 553 556 561 568 570 602 604 612 617 638 651 665 707 708 709 710 711 712 713 714 715 716 717 718 719 720 721 722 723 724 750 752 753 760 761 763 791 797 803 806 809 828 888 942 956 997 1003 1085 1136 1221 1278 1813
501 355 529 535 539 618 638 748 750 752 784 827 853 858 886 940 969 1023 1045 1261 1275
502 1 11 20 25 27 28 34 68 149 166 294 297 365 529 534 535 536 539 556 577 590 612 627 636 638 699 721 736 750 751 759 760 768 773 787 789 795 799 809 817 822 830 832 847 871 876 877 883 908 917 921 922 933 939 949 986 1003 1078 1081 1108 1302 1385 1599
503 556 627 768 879
504 2 25 28 736 750 752 753 759 760 761 763 789 888 1000 1055
505 488 539 1015 1188
506 2 25 88 638 748 753 760 797 895 1432
507 2 25 28 88 355 486 488 523 537 539 575 627 638 748 750 752 759 760 764 784 787 793 797 838 846 858 861 866 898 906 912 925 937 940 946 954 1035 1325 1872
508 6 23
509 20
510 20 352 787
511 1 2 6 20 23 27 30 352 489 497 853 1276
512 1 2 6 20 23 25 30 489 497 507 527 528 531 532 536 538 552 553 558 575 579 594 596 600 607 608 609 610 611
513 1 2 6 9 20 23 30 489 497
514 0 2 5 7 12 13 14 15 20 25 27 28 30 53 85 88 99 174 192 244 294 355 389 459 468 483 484 485 529 534 539 561 604 612 627 647 736 748 749 750 752 759 760 768 773 780 781 787 793 795 804 809 815 817 827 832 834 846 853 862 866 871 884 886 895 924 930 991 1070 1078 1123 1132 1135 1144 1148 1266 1305 1355 1404 1588 1622 1664 1838 1839 1912 1918
515 486
516 486
517 1 2 17 18 20 22 24 25 28 53 88 279 294 355 389 405 435 440 484 486 498 527 528 529 530 531 532 533 534 535 536 537 538 541 544 551 553 556 557 558 559 560 563 564 565 567 568 569 570 571 572 573 574 575 600 603 606 613 614 615 616 627 638 681 695 696 697 698 699 750 753 797 858 888 921 929 944 966 1017 1085 1353 1376 1564 1565 1722
518 488
519 9 638 764 1333
520 30 420 596 735 750 752 754 784 787 789 827 832 852 858 859 871 891 934 963 970 990 1017 1018 1026 1052 1060 1067 1172
521 17 25 486
522 27 294 748 755 787 797 832 859 957
523 11 20 488 529 538 539 558 596 764 827 832 886 890 1006 1334 1379 1541 1691
524 11 20 30 85 488 529 539 611 877 886 890 942
525 2 753 956
526 2 25 28 535 540 541 542 543 544 545 546 547 548 549 550 753 888 1114
527 1 6 23 753
528 2 9 17 25 354 355 405 486 488 527 528 529 530 531 532 533 534 535 536 537 538 539 888 1302
529 0 7 12 13 14 15 25 221 355 430 483 484 485 488 527 528 531 532 533 535 536 537 538 539 541 544 546 547 550 553 557 558 559 567 575 576 577 578 579 580 581 582 583 584 585 586 587 588 589 590 591 592 593 594 595 596 597
530 676
531 1 2 11 20 25 30 40 99 279 287 294 485 529 535 537 539 540 541 542 543 544 545 546 547 548 549 550 551 552 553 554 555 556 557 558 559 560 561 562 563 564 584 612 618 627 638 656 736 753 760 774 779 780 784 789 791 799 809 824 832 848 854 861 862 866 871 921 934 949 971 995 1077 1090 1205 1227 1233 1248 1249 1266 1271 1272 1303 1357 1373 1393 1402 1425 1438 1471 1480 1511 1612 1760
532 294 536 579 681 755 780 853 892 905 1927
534 1 17 486 488 752
535 2 20 22 25 27 28 34 221 504 505 512 559 612 638 748 763 784 797 803 940
536 0 7 12 13 14 15 25 204 221 355 430 483 484 485 527 528 531 532 533 535 536 537 538 541 544 546 547 550 553 557 558 559 567 575 576 577 578 579 580 581 582 583 584 585 586 587 588 589 590 591 592 593 594 595 596 597 780
537 209 228 279 355 523 536 539 550 641 681 699 738 753 760 786 808 822 827 835 853 858 886 940 1010 1172 1266 1309 1324 1410 1417 1455 1628 1653 1860 1992
538 2 25 28 112 233 488 557 699 750 752 753 760 769 793 864 954 956 968 969 1045 1292
539 1 2 17 25 355 405 486 488 523 527 528 529 530 531 532 533 534 535 536 537 538 539 681 748 750 752 784 798 799 827 877 895 920 969 1106
541 1 2 11 16 20 25 28 34 36 88 89 149 166 194 297 355 388 420 459 488 523 527 529 534 535 536 537 538 539 540 541 542 543 544 545 546 547 548 549 550 551 552 553 554 555 556 557 558 559 560 561 562 563 564 582 589 596 611 627 638 722 736 748 750 752 760 761 763 769 779 780 784 786 789 797 803 808 809 817 820 822 827 831 832 838 850 852 853 858 859 860 861 864 866 875 876 883 886 888 895 898 899 921 937 939 940 954 955 956 969 1002 1017 1023 1026 1045 1067 1096 1100 1102 1174 1261 1267 1272 1275 1278 1302 1735
542 827
543 355 488 750
544 488 523 529 539 638 748 750 761 784 797 866 882 902 921 940 969 1045
545 1 25 28 488 539 577 603 738 750 752 769 866 886 969 1659
546 25 88 219 355 468 488 527 529 531 532 533 536 537 538 539 550 559 577 579 582 588 589 596 613 614 615 616 690 760 791 817 832 853 858 859 861 890 895 912 1017 1132 1191
547 488 750
548 19 142 149 335 529 627 638 780 789 817 827 852 853 859 932 934 970 1017 1253
549 1 2 19 30 529 535 556 589 604 612 627 650 694 736 738 759 760 769 787 791 809 816 832 866 879 888 912 931 962 1020 1058 1088 1132 1347 1402 1458
550 1 2 17 25 28 234 486 488 523 529 539 736 750 752 753 755 761 772 784 791 809 858 859 1023 1026 1081 1091 1181
551 488 539 759 830 832 891 991 1140
552 12 13 14 15 16 483 484 485 670 759
553 9 25 488 493 529 535 537 539 540 541 542 543 544 545 546 547 548 549 550 552 553 556 559 561 562 564
554 2 17 25 354 355 405 486 527 528 529 530 531 532 533 534 535 536 537 538
555 40 85 97 99 535 577 618 638 817 902 993 1060 1330 1527
556 21 25 27 28 494 495 503 504 627 753 940 1176
557 354
558 354 488 539
559 354 888
560 354
563 2 11 21 22 24 25 27 28 63 88 153 154 155 234 279 294 355 365 366 488 494 495 505 512 527 528 529 534 535 537 539 552 553 556 559 561 562 564 565 566 567 577 582 596 603 612 638 698 722 736 737 738 739 748 750 751 752 753 755 759 760 761 762 763 769 773 777 778 779 781 795 797 798 803 815 817 820 822 830 837 853 854 855 857 858 860 861 864 866 888 895 902 917 924 927 929 956 982 988 1003 1017 1050 1140 1191 1217 1302 1396 1400 1410
564 2 764 993 1043 1145 1191 1277
565 9
566 0 7 12 13 14 15 483 484 485
567 1 2 11 25 88 341 365 485 488 523 534 539 552 716 735 748 752 753 759 769 784 804 809 832 853 858 859 861 864 871 891 998 1176 1325 1574
569 0 7 12 13 14 15 483 484 485
570 85 355 523 539 603 619 725 748 750 755 759 822 853 858 864 866 871 875 921 925 940 1117 1132 1411
571 488
572 738
573 152 294 759 835 836 931 1324
574 2 28 529 638 759 993 1425
576 2 17 25 97 142 166 294 335 355 405 409 468 486 527 528 529 530 531 532 533 534 535 536 537 538 540 541 542 543 544 545 546 547 548 549 550 582 589 681 692 735 755 768 773 780 784 817 821 830 832 858 866 871 881 886 921 929 931 954 988 1004 1017 1221 1316 1324 1333 1345 1409 1527 1554
577 1 25 40 149 166 279 388 529 534 535 537 540 541 542 543 544 545 546 547 548 549 550 551 554 555 556 557 558 560 563 627 638 736 747 752 759 764 769 784 787 830 832 853 854 861 866 871 876 878 924 926 929 930 933 934 959 973 1007 1017
578 99 529 577 749 753 888 902
579 20 750 752 886
580 2 17 25 26 354 355 405 486 527 528 529 530 531 532 533 534 535 536 537 538
582 0 7 12 13 14 15 483 484 485 529 750 797 809 832 940 1618
584 354 486
585 354
586 2 11 25 355 488 527 528 529 531 532 533 534 535 536 537 538 539 540 541 542 543 544 545 546 547 548 549 550 551 553 554 555 557 558 559 560 563 565 577 579 582 589 590 596 600 611 613 614 615 616 627 629 631 632 633 634 635 637 683 753 809 821 822 884 888 921 944 1350 1564 1565
587 162 279 355 488 529 577 582 627 766 809 828 847 876 908 954 1019 1163
588 1 2 11 20 25 28 34 307 335 488 527 528 529 531 532 533 534 535 536 537 538 539 540 541 542 543 544 545 546 547 548 549 550 551 553 554 555 556 557 558 559 560 563 565 577 579 582 589 590 596 600 602 629 631 632 633 634 635 637 668 670 692 750 753 969 1045
589 488 539 753 858 861
590 2 25 88 149 166 294 355 405 444 488 529 627 638 762 769 780 817 882
591 537 698
592 748 940
593 2 28 485 584 750 752 798 809 858 880 1232
595 1 753 876 1302 1345
596 1 9 25 99 128 459 468 488 491 539 638 753 853 859 980 1077 1144 1598 1773
597 88 192
598 16 27 28 88 529 556 582 603 611 748 750 752 753 769 797 809 817 844 858 866 882 883 893 940 949 954 956 1276 1281 1314
599 9 486 488 493 529 539 579 627 638 864 866 896 980 998
600 25 474 486 627 638 1232
601 1 2 11 15 19 25 27 28 30 67 88 149 209 221 228 335 352 355 365 407 488 528 529 531 532 535 536 538 539 540 541 542 543 544 545 546 547 548 549 550 553 557 558 575 576 577 579 582 584 585 589 594 596 638 683 711 736 748 750 752 753 761 773 780 784 787 789 791 797 798 803 809 817 822 827 851 853 858 864 866 869 871 886 888 891 896 900 931 937 940 945 956 969 1002 1023 1045 1080 1084 1087 1096 1122 1144 1202 1249 1270 1281 1302 1311 1323 1354 1357 1375 1380 1389 1535 1614 1979
602 0 1 2 7 12 13 14 15 20 25 27 28 30 34 40 99 233 234 297 304 474 483 484 485 489 491 497 512 529 535 536 539 555 556 577 582 596 612 627 638 670 709 738 750 752 753 759 760 761 763 765 768 773 780 787 795 797 803 807 809 817 821 822 832 844 846 852 853 858 871 877 878 880 888 895 898 909 920 921 930 933 945 954 956 959 982 983 991 1000 1013 1017 1033 1037 1041 1043 1050 1078 1084 1122 1134 1153 1164 1187 1194 1226 1241 1284 1325 1358 1360 1590 1728 1818
603 1 2 28 529 535 552 555 582 627 683 736 750 753 760 768 769 773 787 797 803 809 817 830 888 896 906 911 925 949 954 1076 1278 1292 1379
604 2 20 21 22 24 25 27 28 34 221 388 468 484 488 489 492 494 495 497 504 505 512 529 534 535 537 539 552 553 556 559 561 562 564 575 612 627 638 736 738 759 761 763 764 773 778 804 809 830 853 857 860 874 888 895 909 912 921 924 954 1000 1037 1055 1099 1136 1208 1563
605 88 486 488 539 853 858 861 866
606 1 2 20 25 27 28 30 57 97 149 174 234 295 305 355 365 368 405 488 529 534 557 577 589 604 624 627 638 722 750 751 753 760 763 768 769 773 775 784 785 787 789 797 799 803 809 817 821 824 827 830 831 832 852 853 857 859 882 885 886 895 898 899 902 920 924 929 932 934 956 979 988 993 1003 1014 1017 1211 1282 1531 2030
607 25 28 495
608 627
609 488 539 577 853 858 861 1546
610 2 11 20 23 25 34 486 529 536 539 627 752 760 886 895 1101
611 1 2 11 20 174 192 233 294 529 536 552 582 612 627 638 736 745 752 760 769 773 791 809 817 822 824 832 847 854 857 861 876 885 916 931 954 1003 1144 1146 1221 1249 1348 1569
612 2 17 25 355 405 486 488 523 527 528 529 530 531 532 533 534 535 536 537 538 539 748 752 753 787 797 858 880
614 2 20 537 627 638 749 860 962 1031 1219 1347
615 9 486
616 0 7 12 13 14 15 483 484 485
617 2 17 25 354 355 405 486 505 527 528 529 530 531 532 533 534 535 536 537 538 582 627 780 787 797 877 1221
618 1 2 4 20 25 27 28 30 40 97 99 135 149 152 166 192 234 279 294 297 335 355 365 388 444 459 485 488 533 534 537 539 552 627 638 681 735 738 747 750 751 756 757 759 760 761 763 780 787 789 795 797 799 809 817 821 822 827 832 846 853 854 858 859 861 864 866 871 878 879 886 888 895 896 899 902 912 922 926 930 949 954 956 1004 1017 1049 1057 1096 1103 1159 1160 1163 1202 1249 1267 1302 1440
620 2 11 25 28 63 355 539 557 577 582 736 737 752 760 809 817 832 871 890 895 940 969 1037 1267 1302
621 1 2 9 17 25 354 355 405 486 527 528 529 530 531 532 533 534 535 536 537 538 557
622 0 7 12 13 14 15 483 484 485
623 2 17 25 354 355 365 405 486 488 523 527 528 529 530 531 532 533 534 535 536 537 538 539 611 738 753 759 797 809 830 832 855 876 877 878 885 892 924 1221 1771
624 9 25 488 750 752
625 0 2 7 12 13 14 15 25 294 483 484 485 529 534 582 596 702 752 753 759 760 762 787 817 862 868 871 888 912 956 1295 1432
626 2 11 17 20 25 85 236 354 355 388 405 409 486 512 527 528 529 530 531 532 533 534 535 536 537 538 540 541 542 543 544 545 546 547 548 549 550 552 553 556 559 561 562 564 582 603 612 650 681 752 754 755 759 760 780 786 812 817 820 830 832 855 857 858 860 871 872 881 888 944 954 1159 1278 1333 1346 1451 1456 1527 1564 1565 1775 1899
627 1 2 10 25 28 34 112 149 294 354 355 488 508 523 537 539 561 582 596 603 612 638 656 683 738 748 750 752 753 761 762 769 779 797 803 820 827 832 853 858 864 866 868 875 886 890 895 896 900 901 908 937 940 949 956 997 1002 1023 1026 1045 1046 1067 1094 1096 1097 1098 1185 1191 1236 1270 1272 1275 1281 1292 1295 1325 1357 1399 1457 1458 1477 1505 1677
628 2 11 27 88 166 233 247 537 539 577 618 638 664 725 752 780 820 883 891 1013 1127 1276 1400 1462
629 9
630 2 20 25 28 34 488 495 539 612 753 759 799 866 954 997
631 2 5 7 16 17 18 21 25 48 194 354 355 405 448 459 468 469 486 488 527 528 529 530 531 532 533 534 535 536 537 538 539 540 541 542 543 544 545 546 547 548 549 550 552 553 556 559 561 562 564 577 638 753 789 809 853 888 944 966 1036 1353 1564 1565
634 1 2 11 21 25 27 28 30 34 36 43 85 88 89 99 174 194 279 294 304 318 334 335 355 467 468 484 488 529 534 535 539 550 555 556 557 558 561 570 577 582 596 604 611 619 627 636 638 656 665 681 685 692 716 720 735 736 738 747 748 750 752 753 755 759 760 761 762 763 767 768 769 772 775 778 780 784 786 787 794 797 798 803 809 811 817 822 827 830 832 845 846 852 853 857 858 859 860 864 866 869 871 875 877 883 888 893 895 898 912 923 926 927 931 932 937 940 949 954 955 956 958 959 971 979 983 985 989 993 1002 1004 1017 1060 1066 1067 1084 1110 1132 1136 1144 1163 1182 1183 1221 1223 1232 1233 1259 1263 1266 1267 1272 1275 1276 1279 1282 1283 1303 1308 1324 1326 1333 1390 1400 1402 1404 1425 1457 1504 1515 1758 1761 1959
635 486 611
637 510 511
638 529 822 949
639 488 529 535
640 488 529
641 488 529
642 488
643 529
644 1 488
645 488
646 488
647 488
648 388 488 760 886 1009
649 488 860 872
650 9 488
651 512
652 28 512
653 2 4 11 20 25 27 28 30 34 40 63 75 76 221 234 294 315 334 335 355 365 389 423 437 505 512 513 514 517 523 529 534 539 567 582 590 612 627 638 698 722 737 738 749 751 753 760 761 765 793 795 815 830 832 839 853 860 868 874 878 884 886 890 894 907 920 922 937 941 954 976 988 991 993 999 1042 1046 1047 1171 1173 1205 1218 1326 1340 1445 1483 1814
657 1 19 25 27 34 505 529 535 537 540 541 542 543 544 545 546 547 548 549 550 551 554 555 557 558 560 563 618 638 759 760 763 773 787 809 822 852 853 927 966 1055 1333 1577
658 20 24 221
659 11 20 534 590 747 759
660 1 2 17 25 173 354 355 405 486 527 528 529 530 531 532 533 534 535 536 537 538 824 888 993 1249
661 2 17 25 354 355 405 486 527 528 529 530 531 532 533 534 535 536 537 538
662 1 2 4 11 25 28 174 335 355 488 515 516 517 527 528 529 531 532 533 535 536 537 538 539 553 559 579 589 598 599 600 601 602 603 604 605 606
663 1 4 11 20 25 29 174 294 355 420 488 496 516 518 519 520 527 528 529 531 532 533 534 535 536 537 538 539 540 541 542 543 544 545 546 547 548 549 550 552 553 555 556 557 558 559 561 562 564 575 577 579 582 589 590 594 596 600 627 686 687 688 689 698 722 750 753 759 760 777 780 781 787 797 798 809 822 832 853 858 859 860 871 877 879 896 897 949 978 1046 1191 1197 1249 1302 1325 1326 1450
666 2 9 11 34 149 166 335 459 474 488 510 511 523 557 589 627 638 747 752 764 789 798 805 830 832 853 860 871 874 875 988 1703 1704
667 2 27 28 539 638 752 759 769 797 803 858 866 896 1360
668 1 34 354 760 769
669 2 17 18 25 173 205 355 405 486 527 528 529 530 531 532 533 534 535 536 537 538 539 540 541 542 543 544 545 546 547 548 549 550 552 553 556 559 561 562 564 582 618 627 638 760 761 784 789 824 832 857 858 862 888 921 993 1077 1249 1402
670 2 17 20 25 27 355 405 486 527 528 529 530 531 532 533 534 535 536 537 538 577 748 750 759 760 793 888 898 940 944 1009 1114 1564 1565
671 9 486 529 738 751 755 853 859
672 2 4 25 34 67 97 192 205 294 335 534 536 537 577 596 627 638 698 738 754 780 789 799 817 822 832 853 856 864 866 871 877 888 924 1092 1106 1161 1266 1292 1331
673 2 9 17 25 354 355 405 486 493 527 528 529 530 531 532 533 534 535 536 537 538 627 925 1048
674 17 354 486 780 855
675 354
676 1 2 11 28 30 34 88 174 349 355 468 470 486 488 505 523 527 529 535 536 538 539 552 556 557 575 589 596 603 611 618 627 638 736 748 750 752 753 755 759 760 761 769 780 784 787 789 795 797 799 808 809 817 822 832 858 861 864 866 869 874 875 886 895 899 937 939 940 956 986 1015 1019 1026 1028 1045 1098 1132 1144 1191 1486 1498 1499 1500 1774
677 1 2 17 25 355 405 486 488 527 528 529 530 531 532 533 534 535 536 537 538 539
678 1 2 18 25 97 111 149 209 234 294 297 335 388 486 488 505 529 539 570 580 596 627 628 738 746 747 748 753 755 760 763 775 784 789 794 799 817 824 827 832 851 852 853 854 855 857 858 860 861 871 872 874 875 880 888 921 925 926 934 959 975 976 1026 1030 1055 1058 1074 1077 1080 1122 1125 1174 1211 1215 1249 1272 1311 1343 1349 1393 1402 1450 1458 1645 1700 1712 1817 1859
679 1 20 85 88 166 209 355 488 539 550 603 604 612 618 638 656 709 720 736 739 760 761 784 789 795 817 821 828 853 856 858 861 883 884 886 888 895 926 1047 1117 1167 1191 1197 1202 1365 1871
680 1 2 128 166 311 317 358 536 539 618 639 716 759 760 769 772 784 799 809 853 858 861 864 868 912 926 959 1202 1471
681 88 355 389 577 627 744 748 752 753 797 809 853 861
684 25 529 760 797 798 866 875 888 926
685 28 638 670 832 899 905 1174
686 420 535 624 709 781 795 822 977
687 2 4 28 30 34 65 142 355 505 523 529 533 535 536 552 561 590 618 627 638 692 698 709 735 736 777 781 783 795 797 830 831 844 856 859 861 869 874 884 886 911 924 929 930 948 977 1000 1051 1064
688 484 589 751 809 820 844 1194 1726
689 1 2 5 11 16 25 28 88 233 523 557 558 582 750 752 753 760 761 789 832 864 896 905 1016 1174 1302 1683
690 2 24 25 247 388 577 638 753 759 760 784 803 817 839 853 856 888 912 1025 1047 1302
691 2 388 596 611 815 853 860 906 1083
692 2 17 25 355 405 486 523 527 528 529 530 531 532 533 534 535 536 537 538 582 754 780 832 888 921 1487
693 2 17 25 354 355 405 486 527 528 529 530 531 532 533 534 535 536 537 538
694 488 539 752 759
696 354
697 17 354 486
698 582 759 780 809 817 851 924 971 1132 1151
699 866
701 9 34 388 760 780 831 888 892 949
703 2 21 25 494 503 512 529 535 537 552 553 556 559 561 562 564 582 589 613 614 615 616 627 736 832
704 3 12 13 14 15 16 483 484 485 670
705 17 354 486 488 760 809 1018
706 759 768 773
707 0 7 12 13 14 15 483 484 485
708 354 888
709 2 149 388 523 529 627 665 716 754 755 775 784 789 827 828 852 853 859 860 866 876 884 921 934 991 1017
710 2 25 30 97 197 209 297 365 529 531 570 577 582 611 612 638 748 750 751 752 753 759 784 787 809 817 858 861 866 871 874 876 885 886 959 1161 1755
712 1 2 25 28 294 365 523 529 722 738 769 787 798 808 817 832 864 888 896 902 1174 1302 1360 1446
713 11 335 529 618 722 736 850 876
714 27 488 539 638 764 797 809 942
715 20 26 27 403
716 2 20 34 40 99 512 523 534 536 557 577 638 641 656 661 721 753 759 761 764 787 809 853 856 871 880 888 894 902 923 968 997 1033 1163 1296
717 9 488
719 2 17 25 221 354 355 405 430 483 486 488 527 528 529 530 531 532 533 534 535 536 537 538 539 541 544 546 547 550 553 557 558 559 567 575 576 577 578 579 580 581 582 583 584 585 586 587 588 589 590 591 592 593 594 595 596 597
720 2 25 355 405 527 528 529 530 531 532 533 534 535 536 537 538 627 638 775 789 809 827 852 859 934 954
721 488 539 858 861
722 2 5 10 17 20 22 25 335 355 486 489 492 497 508 512 514 552 611 627 787 789 821 829 852 853 871 876 920 963
723 9 777
724 1 9 174 488 529 539 735 759 787 789 827 828 832 852 858 874 888 949 954 1302
725 488
726 4 516 518 520 527 528 529 531 533 536 537 538 539 552 557 558 579 582 589 600 627 686 689 722 736 751 752 753 760 764 817 888 921 1266 1740
728 1 2 20 25 28 34 234 335 355 512 523 529 537 612 627 638 736 737 746 750 753 762 769 773 780 787 789 803 805 830 852 853 857 859 864 866 871 875 886 890 932 939 954 976 979 988 1017 1106 1310
729 2 10 17 20 25 355 405 486 489 492 497 508 527 528 529 530 531 532 533 534 535 536 537 538
730 25 28 294 355 420 444 529 536 555 589 627 737 750 752 759 760 763 781 784 787 789 809 830 832 853 871 888 895 908 921 925 927 942 1007 1011 1064 1099 1278
731 28 30 149 420 502 575 627 752 761 827
732 2 19 20 21 22 25 27 28 34 221 279 494 495 503 504 505 512 523 529 535 537 539 552 553 555 556 559 561 562 564 612 613 614 615 616 627 698 753 759 760 763 773 789 822 856 871 888 893 927 956 1173 1176
733 1 218 488 512 521 539
734 1 2 20 22 25 27 28 34 221 488 505 512 521 539 559 612
735 2 25 28 529 611 738
736 488 539
737 1 22 405 749 753 760 832 878 1396
738 2 17 25 355 405 486 527 528 529 530 531 532 533 534 535 536 537 538 638
739 17 486 522 529 962
740 2 11 25 166 294 354 528 529 531 532 535 536 537 540 541 542 543 544 545 546 547 548 549 550 552 553 554 556 557 558 559 561 562 564 577 596 600 628 638 822 921 988
741 902
742 1 488 539 752 756 761 858 859 861 940 1659 1837
743 2 420 529 539 750 752 866
744 2 17 25 354 355 405 486 527 528 529 530 531 532 533 534 535 536 537 538 582 627 973
745 1 2 11 15 20 25 27 28 34 88 294 355 405 407 486 527 528 529 530 531 532 533 534 535 536 537 538 539 540 541 542 543 544 545 546 547 548 549 550 551 554 555 557 558 560 563 582 604 611 617 618 619 620 621 622 623 624 625 626 627 638 681 721 738 750 751 752 759 760 763 773 778 787 803 809 821 822 853 856 866 871 888 893 898 921 924 925 927 933 940 959 983 1036 1210 1253 1295
746 2 17 18 25 34 128 166 355 405 468 486 505 527 528 529 530 531 532 533 534 535 536 537 538 539 552 556 627 638 699 755 759 760 778 791 809 824 830 831 846 853 854 866 871 875 890 895 921 934 948 949 962 1077 1108 1125 1144 1168 1211 1219 1221 1237 1249 1269 1327 1347 1402 1684 1716 1750
747 25 488 539 750 783
748 17 354 486
749 638 738 948
750 9 751
751 2 17 25 294 354 355 405 486 527 528 529 530 531 532 533 534 535 536 537 538 750 752 864
752 17 486 656 1121
754 17 18 355 486 488 638 750 752 761 797 864 969 1045
756 2 11 20 27 30 51 97 166 212 335 389 444 491 523 534 538 603 627 638 747 767 853 871 891 925 1053 1084 1211 1294 1296 1318 1330 1538 1624 1705 1747
757 20 34
758 354
759 538 760 822 847
760 488 853
761 22
762 22
763 2 22 27 28 355 638 737 793 884 949 1253 1303
764 22 247 539 618 753 1292
765 22
766 2 20 22 25 28 30 389 500 517 611 627 638 735 764 787 828 853 864 884 888 890 896 1274 1396 1631
767 1 2 25 28 725 735 750 752 797 858 864 883 896 958 974 1100
768 9 853
769 354 809 858
770 354
771 17
772 28 738 750 752 864 1045
773 97 577 735 748 753
774 2 25 27 28 355 488 523 529 539 550 603 638 641 748 750 752 769 775 797 808 809 817 851 852 858 862 864 866 940 969 997 1032 1045 1136 1281 1354 1694
777 1 2 488 539 624 736 789 925 940
778 488 539 638 827 864
779 2 19 354 523 529 539 577 612 627 681 759 760 775 780 784 789 791 793 809 815 827 852 859 934 1017
780 2 25 149 297 488 529 539 550 656 705 780 787 809 831 858 864 871 875 898 1019 1324
781 2 365 488 536 539 603 638 639 764 780 817 828 830 832 864 890 908 997 1124 1232
782 149 539 638 784 789 802 827 852 855 859 993 1017
783 0 7 12 13 14 15 483 484 485
784 1 2 4 5 11 15 20 25 27 28 30 34 40 51 53 65 76 85 87 88 97 99 138 149 150 162 174 192 205 212 221 233 234 244 265 287 294 300 335 352 355 388 389 409 420 444 459 468 488 505 523 529 534 535 536 537 538 539 551 555 556 557 561 567 577 579 582 589 596 612 618 624 627 638 650 674 676 681 703 711 722 725 736 737 747 748 749 750 751 752 754 755 758 759 760 761 763 765 769 773 775 778 780 781 784 787 789 791 795 799 809 817 818 820 825 827 828 830 831 832 838 839 846 852 853 857 859 860 862 864 866 868 869 871 874 875 877 878 881 882 884 886 891 895 896 899 904 907 908 911 912 918 921 924 937 939 940 949 954 958 968 971 991 993 1003 1017 1026 1042 1047 1059 1064 1067 1077 1086 1098 1102 1106 1110 1112 1132 1143 1159 1161 1172 1188 1205 1213 1236 1269 1270 1288 1292 1296 1302 1305 1310 1314 1318 1384 1396 1432 1459 1478 1633 1805 1817 1842 1843
785 85 99 297 488 505 529 539 612 638 759 760 761 773 780 784 787 809 832 858 866 912 924 954 959 991 1011 1037 1450
786 2 25 28 88 279 294 355 529 536 539 596 603 748 750 752 760 761 762 784 809 858 860 864 866 871 875 891 896 940 949 1084 1122 1302
787 1 2 28 488 536 539 748 752 760 777 797 858 861 898 940 954
788 1 25 488 529 535 537 539 540 541 542 543 544 545 546 547 548 549 550 552 553 556 559 561 562 564 753 769 853 1002
789 2 28 30 88 488 577 582 748 750 752 769 797 842 895 1097
790 768 1003
791 28 221 388 539 638 735 759 971 983 1077
792 750
793 488 539 752
794 1 2 11 13 15 19 20 25 27 28 30 34 41 46 97 99 136 149 162 166 174 192 195 212 219 221 234 241 247 270 272 287 294 307 335 341 355 365 366 388 409 436 484 485 488 512 523 527 528 529 531 532 533 534 535 536 537 538 539 544 551 553 555 556 557 558 559 565 570 575 576 577 579 582 584 585 589 590 594 596 600 602 603 611 613 614 615 616 618 624 627 629 631 632 633 634 635 637 638 668 681 709 735 736 737 738 751 752 755 759 760 763 766 769 773 775 780 783 784 786 787 789 793 798 799 800 804 808 809 812 815 817 821 822 827 830 832 837 841 851 852 853 855 858 859 860 861 864 866 869 871 872 874 876 877 879 883 886 888 889 891 894 895 907 912 921 922 924 925 930 932 933 934 937 942 949 962 965 971 972 973 984 996 997 1006 1010 1014 1017 1021 1060 1091 1099 1103 1108 1136 1140 1221 1266 1278 1292 1302 1323 1359 1379 1390 1409 1449 1459 1469 1785 1850 1886
795 1 2 25 27 28 30 88 234 243 245 405 500 529 534 536 539 556 603 611 716 735 738 748 749 752 753 760 762 769 797 803 809 812 817 832 844 853 859 860 866 877 878 881 891 895 922 929 940 942 959 998 1007 1055 1281 1295 1325 1333 1336 1350 1445 1597 1890 1999
796 1 2 5 20 25 27 294 459 486 488 498 529 535 538 539 540 541 542 543 544 545 546 547 548 549 550 638 738 750 752 761 789 797 809 815 832 858 860 861 866 888 954 969 971 1132 1202 1281
797 753 760 924 1404
798 40 1188
799 42
800 488 539
801 488 531 536 539 556 557 577 579 589 590 596 748 798 822 851 864 869 889 932 954
802 1 2 5 6 11 20 21 23 25 28 34 68 99 241 291 294 334 335 354 365 405 409 468 488 523 527 528 529 531 532 533 534 535 536 537 538 539 552 553 557 558 559 575 577 579 582 589 590 594 596 600 603 607 608 609 610 611 613 614 615 616 627 628 638 656 664 685 725 751 753 757 759 760 761 765 768 769 773 780 786 787 789 795 804 808 809 810 812 817 821 830 832 837 841 847 853 855 859 860 864 869 871 874 878 885 891 892 902 916 918 921 924 931 939 949 958 971 989 991 1003 1017 1037 1084 1106 1110 1131 1133 1136 1140 1144 1151 1155 1165 1170 1194 1224 1252 1304 1308 1345 1390 1400 1425 1492 1559 1609 1658 1732 1898 1959
804 23 233 262
805 25 488 539 638 764 797 858 868 1084 1589
807 488 539
808 174 297 638 797 846 890 995 1366 1643
809 20 25 529 535 537 539 552 553 556 559 561 562 564 627 750 753 760 761 773 809 822 888 1084
810 2 17 25 355 405 486 527 528 529 530 531 532 533 534 535 536 537 538
811 638 858
812 1 2 20 25 28 34 149 355 488 523 529 539 603 627 750 752 760 780 789 861 862 864 866 886 896 898 900 940 969 980 994 1045 1087 1158
813 2 11 25 28 488 523 529 535 537 539 540 541 542 543 544 545 546 547 548 549 550 552 553 556 559 561 562 564 611 638 748 750 753 759 760 764 765 772 779 780 784 787 791 797 874 920 957 1194 1249 1292 1437 1479
815 2 88 297 355 534 558 561 577 582 639 748 750 752 769 797 817 853 858 864 866 886 896 902 920 940 954 969 991 1095 1158 1275 1314 1482
816 2 5 25 27 28 34 63 335 365 485 488 529 535 539 540 541 542 543 544 545 546 547 548 549 550 575 618 638 735 748 750 752 753 760 763 784 815 852 853 858 859 866 868 869 888 896 940 961 969 1045 1226 1275 1314 1386
817 28 638 738
818 1 2 21 25 27 28 174 294 488 494 523 529 535 537 539 552 553 556 559 561 562 564 577 618 627 638 735 748 750 752 753 760 762 763 767 773 787 797 800 809 824 860 878 888 898 923 925 940 949 954 971 1002 1003 1097 1221 1594
819 2 529 789
820 20 25 27 34 70 99 287 294 297 355 451 484 485 488 505 529 534 535 537 539 540 541 542 543 544 545 546 547 548 549 550 551 554 555 557 558 560 563 577 596 627 638 670 696 709 719 721 753 760 764 780 783 787 789 791 795 797 809 816 832 851 853 856 859 894 922 925 940 954 993 1057 1071 1326 1400 1583 1914
821 23 25 527 528 531 532 536 538 552 553 558 575 579 594 600 607 608 609 610 611
822 488 539 582 969
823 17 486 488 603 912 959 962 1125 1347
824 1 2 25 28 88 736 748 752 753 759 762 817 858 861 864 866 883 888 898 959 1080 1097 1114 1292 1594
825 1 2 17 18 25 27 34 53 88 149 246 279 290 294 355 388 405 486 488 490 498 523 527 528 529 530 531 532 533 534 535 536 537 538 539 544 553 557 558 575 576 579 585 589 594 596 638 641 673 722 748 750 752 753 754 755 756 760 761 769 778 780 784 785 789 791 797 803 810 815 827 832 852 858 860 866 867 888 898 912 921 925 940 966 969 971 1045 1080 1082 1091 1135 1214 1221 1324 1333 1353 1446 1450 1455 1781 2006
826 2 27 28 638 736 750 763
827 2 17 25 354 355 405 486 527 528 529 530 531 532 533 534 535 536 537 538 582 797
828 2 17 20 25 28 114 297 355 389 405 486 523 527 528 529 530 531 532 533 534 535 536 537 538 539 582 627 736 752 759 784 789 827 832 852 858 859 888 934 970 1026 1291
829 1
830 355 529 627 795 837 853 884 911
831 28 355 552 911 1119
832 28 488 539 736 752
833 30 40 446 603 627 681 696 760 809 824 1168 1249 1494 1539
834 2 16 20 22 27 30 85 88 294 355 489 536 539 582 716 722 735 736 738 750 753 760 761 764 783 784 805 827 830 832 853 856 858 864 866 881 899 930 949 1015 1056 1292 1302 1335 1363 1637 1759
835 2 25 30 294 763 769 830 859 866 991 1084 1163 1325
836 488 627
837 2 25 529 627 638 752 769 803 888 940
838 2 488 539 627 716 750 752 784 786 797 858 864 866 896 940 982 1045
839 28 468 523 537 557 589 612 735 738 746 751 759 774 797 838 852 853 859 882 912 926 979 1223 1231
840 737 817
841 9 20 294 523 577 627 755 784 930
842 354 486
843 2 4 11 25 28 174 335 355 392 488 515 516 517 527 528 529 531 532 533 535 536 537 538 539 540 541 542 543 544 545 546 547 548 549 550 553 559 579 589 598 599 600 601 602 603 604 605 606 611 750 752 863 864 866 886 896 940 969 1002 1045
844 1 25 523 529 535 537 540 541 542 543 544 545 546 547 548 549 550 552 553 556 559 561 562 564 582 750 752 759 769 797 853 864 866 898 940 1270 1278 1309
845 2 20 21 22 25 27 28 34 221 494 495 503 504 505 512 529 535 537 552 553 556 559 561 562 564 612 613 614 615 616
846 488 539 750 752 896 1045 1275
847 9
848 20
849 2 22 489
850 25 53 88 166 486 500 735 749 753 759 760 769 797 806 809 822 832 857 888 912 925 929 954 1024 1425
851 0 7 12 13 14 15 483 484 485
852 1 2 5 16 20 25 27 28 30 34 40 88 187 209 241 279 319 320 335 354 355 409 420 448 449 459 471 485 488 500 512 523 527 529 534 536 537 539 552 557 577 579 582 596 603 613 614 615 616 638 639 680 709 716 736 748 750 752 753 755 760 761 762 765 769 780 784 787 789 791 797 798 809 811 817 822 832 838 841 852 853 858 861 864 866 869 881 886 888 896 921 926 928 937 940 954 956 969 971 991 1002 1017 1026 1042 1067 1087 1100 1194 1281 1324 1325 1410 1426 1531 1533 1561 1683 1718 1867 1872 1978 1988
853 536 539 577 815
854 2 20 25 149 529 534 536 557 611 638 750 760 764 769 787 797 832 856 898 902 991 1717
855 2 20 22 34 335 489 529 612 627 664 759 760 772 847 853 954 1003 1018 1322
856 2 4 27 59 294 354 529 596 738 759 760 768 769 817 847 853 1003 1018 1095 1145 1322 1545 1657 1857
857 488 539 858 866
858 28 488 539 555 959
859 2 19 21 25 405 468 486 488 494 529 535 537 539 552 553 556 559 561 562 564 604 738 748 753 760 854 858 888 966 1179 1353
860 0 7 12 13 14 15 483 484 485 858 894 924
861 0 7 12 13 14 15 483 484 485 611 638 759 760 1194
862 488 539 772 775 789 852 859 934
863 1094
865 25 488 539 750 797 858 861 954
866 354 486
867 2 97 491 536 579 624 638 639 703 749 760 764 767 824 835 853 856 886 902 993 1077 1249
868 9 589 750 760 784 858
869 9 486 858
870 1 2 5 25 27 28 35 36 65 88 146 187 192 228 279 294 319 320 354 355 409 447 449 471 523 529 539 550 590 596 619 638 641 670 720 735 748 750 752 753 760 761 769 775 778 780 784 786 787 789 791 793 797 817 822 827 831 832 835 844 858 859 861 864 866 874 888 890 896 898 905 921 925 937 940 954 956 969 981 991 998 1003 1026 1030 1039 1045 1062 1095 1136 1140 1221 1266 1281 1290 1378 1384 1392 1410 1412 1437 1510
871 1 67 198 263 293 324 355 388 420 459 464 485 523 529 535 539 638 716 748 750 751 752 769 779 784 789 797 858 859 861 866 884 890 898 911 923 934 956 969 1045 1236 1281 1354
872 1 2 25 28 51 88 99 135 166 177 539 552 567 577 582 603 638 647 656 705 738 744 760 787 809 817 827 857 859 861 877 878 879 886 895 896 905 912 939 954 987 988 991 993 1017 1074 1090 1144 1182 1318 1394 1644 1817
873 486 752 869 874
874 2 25 85 279 529 535 537 540 541 542 543 544 545 546 547 548 549 550 551 554 555 557 558 560 563 808 834 954 1768
875 2 28 355 488 523 539 552 624 627 759 763 787 795 809 822 832 864 889 924 925 927 1084 1215 1278 1295 1325
876 25 488 529 535 537 539 540 541 542 543 544 545 546 547 548 549 550 552 553 556 559 561 562 564 752 753 809 832 888
877 2 25 529 535 537 540 541 542 543 544 545 546 547 548 549 550 552 553 556 559 561 562 564 760 869 888
878 17 354 486 523 832
879 2 17 25 354 355 405 486 527 528 529 530 531 532 533 534 535 536 537 538
880 7 16 21 48 194 279 354 469 488 539 557 627 795 852 853 1197
881 11 488
882 1 2 17 25 28 101 112 156 261 355 405 486 527 528 529 530 531 532 533 534 535 536 537 538 539 577 582 584 627 736 737 738 753 755 761 762 763 769 797 809 817 866 876 888 940 954 956 968 998 1292 1302 1361 1528 1564
883 1 2 5 11 16 18 19 20 25 27 28 30 32 34 51 65 88 174 191 198 209 221 248 263 293 324 355 388 420 444 447 451 464 468 523 529 533 534 536 537 539 550 555 556 557 582 596 603 618 627 638 656 698 733 746 747 748 749 750 752 753 755 756 759 760 762 769 772 779 781 784 789 791 793 797 799 803 804 809 815 817 822 827 828 830 832 839 844 846 852 853 858 859 860 862 863 864 866 871 874 875 877 881 886 888 890 891 896 901 903 921 932 937 940 942 954 969 993 995 1002 1008 1032 1045 1067 1096 1174 1211 1226 1232 1261 1270 1281 1306 1326 1336 1351 1383 1386 1393 1436 1474 1504 1694
884 1 2 11 17 18 20 21 25 27 28 34 63 88 112 166 181 221 279 294 335 355 405 407 423 432 468 484 485 486 488 494 500 523 527 528 529 530 531 532 533 534 535 536 537 538 539 540 541 542 543 544 545 546 547 548 549 550 552 553 555 556 559 561 562 564 577 579 582 589 590 596 611 612 627 638 641 656 674 681 699 721 736 738 748 750 752 753 759 760 761 762 763 766 769 773 778 780 781 787 788 789 791 794 795 797 798 803 809 810 817 827 828 832 835 837 847 853 854 857 858 861 864 866 871 877 888 893 895 896 898 904 906 911 912 921 927 929 937 941 954 956 959 968 976 989 991 997 1015 1018 1033 1042 1076 1096 1110 1135 1163 1192 1194 1199 1278 1287 1302 1305 1358 1379 1384 1511 1564 1590 1599 1810 2039
885 488 577 760 768 773 787 832 929
886 2 17 25 354 355 405 486 527 528 529 530 531 532 533 534 535 536 537 538
887 488 539
888 2 670 736 760 768 787 912
889 1 2 17 25 28 37 355 365 405 486 527 528 529 530 531 532 533 534 535 536 537 538 539 738 748 750 752 760 763 791 797 809 817 828 858 864 871 888 895 912 940 954 956 959 968 969 1045 1117 1266 1354 1406
890 582 627 832 855
891 759 853 855 921
892 354
893 17 486
894 2 17 25 28 355 405 486 527 528 529 530 531 532 533 534 535 536 537 538 627 638 748 781 888 968 991
895 34 40 97 484 577 582 737
896 582 750 752 871 1045
897 1 488 539 753 768 861 876 890 936
898 1 2 20 25 27 28 294 529 535 537 539 540 541 542 543 544 545 546 547 548 549 550 552 553 556 559 561 562 564 611 638 750 752 753 763 786 791 799 817 864 866 883 888 893 927 968 986 1558
899 2 100 142 160 260 480 638 722 760 764 786 791 832 871 1041 1292 1691 1801
900 1 2 25 27 88 192 300 488 529 537 539 555 556 567 590 736 750 752 753 755 756 760 768 769 787 803 809 817 822 832 838 852 858 866 912 921 927 956 979 998 1003 1095 1149
901 1 55 384 433 488 748 853 1220
902 627 775 827 852 859
903 1 20 34 459 484 486 517 533 536 539 612 638 736 749 753 754 760 764 767 780 788 795 804 809 856 871 878 902 921 968 993 1077 1106 1276 1304 1321 1350 1353 1393 1510
904 827 1017
905 17 20 354 486 627 827 859
906 488 539
907 2 488 539 752 753 761 853 858 866 1097
908 2 853
909 2 27 28 535 539 557 627 751 824 830 853 1192 1345
910 8 892
911 2 5 28 88 233 523 529 557 577 627 638 736 748 752 760 789 797 809 853 882 886 934 1292 1333 1384
912 9 853
913 1 30 85 97 99 221 294 355 468 537 550 628 638 641 750 753 759 760 764 795 808 809 821 832 834 839 878 902 930 968 993 999 1144 1267 1292 1296 1366 1376 1435 1627 2019 2020
914 1 5 20 51 149 355 365 420 488 505 523 529 534 539 589 603 627 638 736 748 750 752 753 760 761 773 784 789 797 866 881 898 921 933 937 940 954 969 1045
915 2 17 20 25 354 355 405 486 527 528 529 530 531 532 533 534 535 536 537 538 589 738 780 853 855 1410
916 25 28 529 627 738 759 763 764 803 809 927 1017 1278 1306
917 28 529 611 638 768 773 1473
918 9
919 2 20 22 34 489 748 764
920 9 736
921 354
922 529 556 627
923 9
924 1 2 20 24 25 28 30 34 88 294 334 451 484 523 529 534 536 537 539 555 561 570 577 582 603 611 627 638 737 738 747 748 750 752 753 754 755 759 760 762 764 768 769 779 787 791 797 803 809 815 817 824 827 832 839 841 852 853 856 859 861 864 871 874 877 879 881 888 890 895 966 991 1047 1055 1077 1094 1143 1194 1291 1431
925 2 25 28 34 88 355 485 523 529 536 557 589 748 750 752 772 797 799 853 858 866 879 888 923 929 940 1047 1070 1270 1510
926 750 832 896
927 488 529 748 858 861 940 956 1519
928 1 539 725 736 737 748 753 760 762 797 956 1114
929 2 9 11 114 174 247 294 529 539 627 638 692 747 756 773 780 854 860 871 876 883 919 1144 1373 1394 1817
930 88 488 539 753 789 934
931 1 335 485 531 539 638 750 753 769 831 848 853 866 958 1082
932 1 954
933 25 234 354 557 582 589 751 753 759 760 802 817 855 877 921 1285 1346 1526
934 627 827 859
935 0 7 12 13 14 15 483 484 485
937 9
939 1016
940 2 582 797 1295
941 20 488 539 638 748 752 767 858 861 896
942 2 25 28 488 529 535 537 539 540 541 542 543 544 545 546 547 548 549 550 552 553 556 559 561 562 564 638 750 752 775 809 858 1174 1506
943 488 539
944 21 25 488 494 529 535 537 539 552 553 556 559 561 562 564 750 762 778 949 1594
945 1
946 2 25 63 488 539 748 789 797 817 822 940 956 1287
947 2 88 388 459 486 488 535 539 638 750 752 774 793 853 858 861 864 866 875 937 991
948 486 488 539 748 777 858 1546
949 760
950 2 4 6 20 23 27 28 30 34 40 85 192 294 297 355 389 500 534 536 537 557 589 596 612 627 638 736 751 759 764 767 781 784 787 791 795 825 828 832 856 871 878 884 890 902 924 948 954 1017 1042 1092 1221 1448 1793
951 516 957
952 1 2 8 11 16 17 25 27 28 34 85 88 174 209 212 234 279 294 304 354 355 365 388 405 409 436 486 500 523 527 528 529 530 531 532 533 534 535 536 537 538 539 552 553 556 557 559 561 562 564 567 582 589 590 603 611 627 638 641 650 681 685 736 737 746 747 751 753 754 755 760 761 771 772 775 777 780 789 791 805 808 809 810 817 820 827 830 831 832 835 850 853 855 857 858 859 860 866 869 871 881 884 885 888 890 904 908 921 922 925 949 988 991 998 1019 1037 1043 1112 1117 1127 1205 1214 1221 1276 1278 1300 1302 1305 1333 1342 1350 1376 1381 1438 1464 1465 1513 1543 1687 1752 1777 1996
953 17 354 486
954 2 17 25 27 354 355 405 486 527 528 529 530 531 532 533 534 535 536 537 538 810 831 859 869 931 1278
955 2 488 529 539 899
957 17 354 486
958 20
962 2 17 354 486 512 534 603 627 780 797 916
963 2 20 25 294 523 529 534 535 537 539 540 541 542 543 544 545 546 547 548 549 550 551 554 555 557 558 560 563 577 611 638 641 753 759 780 787 832 853 856 877 888 1660
964 2 4 11 25 28 174 335 355 515 516 517 523 527 528 529 531 532 533 535 536 537 538 539 553 559 561 579 582 589 598 599 600 601 602 603 604 605 606 619 624 738 750 752 753 760 797 817 858 859 862 886 896 898 900 969 1045 1158 1270 1275 1314 1354 1397 1556
965 2 17 20 25 28 388 486 529 611 759 763 773 809 815 832 857 860 872 924 1027 1031
966 354 751
967 0 7 12 13 14 15 483 484 485
968 2 192 244 536 780 1082
969 1 2 11 25 28 34 355 488 529 535 536 539 540 541 542 543 544 545 546 547 548 549 550 555 561 619 624 736 738 748 750 752 760 761 775 784 789 795 809 832 864 871 898 1002 1023 1097 1174 1281 1309
970 2 25 28 611 763
971 2 17 25 354 355 405 486 527 528 529 530 531 532 533 534 535 536 537 538 582
972 488 557 777 954
974 1
975 1 11 29 524 525 527 536 582 589 759 760 769 772 795 822 847 853 855 874 885 931 971 972 1133 1151 1400 1489
976 2 9 17 25 355 405 486 527 528 529 530 531 532 533 534 535 536 537 538
977 1 28 488 750 900
978 2 34 612 750 765 853 896 991 1013 1278 1292 1632 1787 2013
980 1 488 539 577 638 750 752 753 797 858 861 874
981 9 483 773 797
982 1 2 20 34 192 294 335 582 688 738 753 755 759 760 764 768 769 780 787 789 809 817 830 832 854 855 871 876 884 888 905 912 917 921 922 924 954 956 983 1125 1132 1156 1157 1192 1256 1684
983 488
984 20 27 28 34 85 88 99 173 221 294 355 389 405 459 529 538 577 596 627 638 698 705 725 746 752 771 773 780 797 798 808 821 831 839 846 853 874 884 922 954 991 1371 1372 1770
985 2 584 589 827 864
986 2 28 750 763 789 866 896 898 969 1026 1045 1281
987 488 539
988 2 20 21 22 25 27 28 34 221 494 495 503 504 505 512 529 535 537 552 553 556 559 561 562 564 582 612 613 614 615 616 627 638 750 753 759 763 780 820 853 918 926 969 1045 1055
989 488 529 539 584 748 750 752 761 769 797 852 969 1045 1186 1614
990 2 9 17 25 354 355 405 486 493 527 528 529 530 531 532 533 534 535 536 537 538 557 751 759 888
992 764 774
993 750
994 1 2 4 11 16 25 28 67 174 335 354 355 488 515 516 518 520 523 527 528 529 531 532 533 535 536 537 538 539 552 553 555 557 558 560 561 570 575 579 582 589 594 596 600 601 602 603 604 606 613 614 615 616 627 686 689 709 711 722 731 732 733 734 735 736 737 738 739 740 741 742 750 752 753 760 766 858 886 895 969 987 1045 1275
995 488 539
996 12 13 14 15 16 25 355 483 484 485 527 528 531 532 533 536 537 538 544 546 547 550 553 557 558 559 575 576 577 578 579 580 581 582 584 585 587 589 590 594 595 596 613 614 615 616
997 1 2 11 20 25 30 97 149 166 294 297 355 365 388 389 450 488 523 529 535 537 539 540 541 542 543 544 545 546 547 548 549 550 551 552 553 554 555 556 557 558 559 560 561 562 563 564 596 638 670 709 722 748 751 752 753 760 761 769 771 780 789 817 832 844 852 858 860 861 864 866 871 880 881 883 885 888 895 905 912 925 934 937 949 954 956 1003 1017 1034 1043 1095 1103 1106 1131 1144 1159 1172 1174 1185 1197 1202 1219 1278 1279 1285 1291 1292 1326 1330 1333 1379 1413 1448 1484 1522 1558 1569 1627 1644 1657 1694 1713 1788 1845
998 765 902
999 0 2 7 12 13 14 15 17 25 33 221 354 355 405 430 483 484 485 486 487 527 528 529 530 531 532 533 534 535 536 537 538 541 544 546 547 550 553 557 558 559 567 575 576 577 578 579 580 581 582 583 584 585 586 587 588 589 590 591 592 593 594 595 596 597 627 670 753 809 880 888
1000 1 750 752 969 1045 1158 1236
1001 1 355 488 539 556 638 737 753 760 773 789 797 827 861 866 880 902 912 926 937 1106
1003 1 582 736 760 797 815 858 859 861 864 1158
1004 1 2 11 20 25 27 28 30 33 34 85 88 149 192 234 279 294 335 352 365 405 409 488 529 535 537 539 540 541 542 543 544 545 546 547 548 549 550 551 552 553 554 555 556 557 558 559 560 561 562 563 564 577 596 612 627 638 670 736 748 750 752 753 757 759 760 761 762 766 769 771 773 780 787 789 817 831 832 846 852 853 854 858 859 860 864 871 874 876 880 882 888 895 902 934 988 1003 1069 1095 1097 1114 1144 1148 1174 1278 1287 1292
1005 354
1006 488 539
1007 2 9 20 25 27 28 30 34 88 99 148 192 205 234 279 355 523 529 534 557 558 582 589 596 603 611 627 638 670 737 738 748 749 750 752 753 760 761 769 775 784 787 797 798 803 809 820 821 822 832 853 858 860 864 866 870 871 890 896 906 925 940 954 958 969 973 983 1002 1037 1132 1155 1279 1281 1470 1574 1633
1008 2 17 25 354 355 405 486 527 528 529 530 531 532 533 534 535 536 537 538 627 752 853 866
1009 2 17 25 63 354 355 405 486 527 528 529 530 531 532 533 534 535 536 537 538 539 579 603 722 748 750 752 753 760 762 789 858 861 888 896 908 940 969 1540
1010 888
1011 234 355 488 529 539 555 561 627 638 748 750 752 759 760 780 784 789 858 866 886 888 920 937 940 1129 1594
1012 1 2 20 27 28 30 85 88 149 166 294 355 529 533 535 539 557 589 596 611 627 638 750 759 760 761 773 787 789 799 809 817 830 832 853 854 858 859 860 866 871 874 875 876 883 888 895 908 909 912 921 924 933 934 939 940 955 1108 1138 1143 1144 1271 1278 1292 1302 1673 1831
1013 34 537 670 738 752 753 760 808 809 878 1315 1597 1873
1014 488 539 750
1015 2 25 97 233 529 539 577 603 748 750 753 761 763 797 817 838 850 853 864 866 940 1281 1295 1579
1016 2 236 237 486 523 760 797 820 844 912 922 998 1037 1113 1292 1526
1017 28 82 128 149 352 488 529 539 557 589 638 639 747 748 760 780 787 797 832 853 854 864 871 886 895 896 912 929 954 1017 1026 1103 1159 1267 1440 1778
1018 9
1019 27 405 523 529 531 538 577 612 627 759 760 809 883 888 895 933 962 1017 1278 1347
1020 9 354 750 797
1021 365 876
1023 534 750 752 763 784 858
1026 17 486
1027 2 5 6 11 20 23 27 28 30 34 53 99 114 247 294 355 488 491 533 534 535 538 539 577 603 612 618 627 638 709 737 738 750 752 760 787 795 797 798 809 839 846 853 856 866 869 875 904 922 924 929 939 1042 1046 1110 1122 1276 1296 1305 1325 1338 1347 1379 1439 2029
1028 488 539
1029 34
1030 2 17 25 354 355 405 486 527 528 529 530 531 532 533 534 535 536 537 538 582
1031 957
1032 173 459 485 529 817 824 862 888 1249 1427 1466
1033 2 20 22 25 27 28 34 221 495 505 512 533 537 559 612 832 839 853 1296 1472
1034 1 2 4 25 27 28 34 221 294 355 529 535 557 558 577 582 596 612 618 638 709 738 748 752 759 760 764 769 781 787 789 797 809 817 832 857 864 874 888 924 930 932 939 1003 1018 1110 1112 1333
1035 2 25 27 28 388 430 529 638 744 764 773 828 853 871 909 1001
1036 21 25 488 494 529 535 537 552 553 556 559 561 562 564 589 748 866 888
1037 486 529
1038 28 420 444 750 752 760 831 832 858 896 1302
1039 355 488 529 539 736 1066
1040 0 7 12 13 14 15 17 25 221 355 430 483 484 485 486 527 528 529 531 532 533 535 536 537 538 539 540 541 542 543 544 545 546 547 548 549 550 552 553 556 557 558 559 561 562 564 567 575 576 577 578 579 580 581 582 583 584 585 586 587 588 589 590 591 592 593 594 595 596 597 858 875 879 895 966 982 1144
1041 2 11 18 25 28 97 166 294 388 405 523 529 555 556 627 694 732 760 762 766 779 787 799 809 817 824 832 853 854 860 866 871 875 888 895 947 949 962 973 975 989 1017 1020 1030 1058 1125 1132 1202 1213 1219 1249 1278 1302 1402
1042 1 2 17 25 355 405 486 488 527 528 529 530 531 532 533 534 535 536 537 538 539
1043 2 17 20 25 27 355 405 486 527 528 529 530 531 532 533 534 535 536 537 538 589 611 627 638 711 751 787 830 832 857 871 886 895 896 1276 1295 1450 1599
1044 1 2 20 21 25 27 28 85 88 228 294 300 355 420 488 494 523 529 531 533 534 535 537 539 552 553 556 558 559 561 562 564 611 627 638 736 748 750 752 753 760 761 762 763 769 779 789 797 798 803 809 817 827 832 844 847 853 858 866 886 888 896 898 937 940 954 956 959 968 970 981 1017 1026 1028 1045 1087 1096 1136 1158 1171 1188 1295 1310 1314 1357 1360 1410 1412
1045 1 2 25 34 57 88 97 99 149 236 237 335 388 430 488 523 529 535 537 539 552 553 556 559 561 562 564 603 611 627 638 709 722 752 753 759 760 772 780 784 785 789 797 809 822 824 827 832 852 853 856 857 859 866 871 882 888 892 898 916 918 921 954 996 1017 1037 1043 1069 1132 1194 1350 1392
1046 488 529 539 716 748
1048 2 11 25 28 34 149 166 221 355 388 488 512 529 531 539 577 603 627 638 753 755 759 763 768 773 784 789 797 824 827 856 857 859 866 872 880 882 888 892 902 930 968
1049 2 28 88 355 488 523 531 539 594 596 638 750 752 780 789 817 832 850 858 861 864 871 998 1019 1174 1194 1574
1050 488 539
1051 88 536
1052 2 30 100 160 260 480 486 582 755 760 860 1046 1118 1438
1053 11 25 354 488 529 535 537 539 540 541 542 543 544 545 546 547 548 549 550 551 552 553 554 555 556 557 558 559 560 561 562 563 564
1054 1 2 11 27 28 88 97 244 294 488 529 536 539 556 561 570 582 703 705 709 736 738 745 746 748 750 752 753 759 761 768 769 773 784 797 798 817 832 837 851 853 856 858 859 861 888 890 899 902 917 920 924 939 943 969 988 1000 1003 1017 1045 1046 1076 1169 1171 1257 1280 1307 1324 1333 1354 1439 1574 1590 1604 1664 1939
1055 20 30 166 221 529 535 539 556 612 627 638 736 746 759 760 780 787 817 832 852 871 886 925 973 1034 1040 1402 1830
1056 2 25 28 59 354 365 488 539 748 753 756 797 858 866 888 903 1114 1226 1234 1386 1717
1057 2 4 11 25 28 30 138 174 335 355 488 515 516 517 523 527 528 529 531 532 533 535 536 537 538 539 553 559 579 589 598 599 600 601 602 603 604 605 606 751 759 832 888 916 924 948 1057 1557
1058 2 88 753 979 1122
1059 488 539 589 596 603 748 750 858
1060 1198
1061 1 2 11 19 20 25 27 28 34 65 97 142 149 174 212 221 234 280 294 335 337 355 388 420 423 459 488 523 529 534 537 539 552 582 612 618 624 627 636 638 641 703 721 746 747 748 750 752 753 755 758 760 763 769 772 775 780 784 789 791 795 797 798 808 809 815 822 824 828 830 838 852 853 858 859 860 866 871 888 890 895 924 934 940 949 954 956 970 973 986 988 993 1014 1017 1034 1048 1057 1096 1136 1163 1168 1172 1197 1211 1266 1295 1311 1325 1433 1448 1504 1511 1532 1645 1940 1997
1062 192 830 853
1063 488 750 832 940 1379
1064 2 25 28 149 233 468 488 523 535 539 540 541 542 543 544 545 546 547 548 549 550 577 582 748 750 752 759 797 799 858 861 866 871 940 969 1002 1045 1314 1540
1065 1 2 17 25 28 355 405 486 527 528 529 530 531 532 533 534 535 536 537 538 540 541 542 543 544 545 546 547 548 549 550 638 753 861 876 888 1002 1080 1097 1114
1066 88 858 888 890
1067 2 9 493 627 748 817
1068 1 2 5 11 19 21 22 25 27 28 30 88 97 192 279 297 318 484 485 488 494 512 523 527 528 529 534 535 537 538 539 552 553 555 556 558 559 561 562 564 565 566 567 570 590 598 603 611 618 624 627 638 735 738 748 750 752 753 759 760 762 768 769 780 784 786 787 789 791 797 798 803 804 809 810 817 824 827 832 844 852 853 854 858 861 864 866 875 879 883 888 894 895 896 898 908 912 920 921 926 929 932 934 940 949 954 956 983 1002 1003 1007 1026 1034 1043 1066 1095 1097 1106 1114 1128 1155 1158 1171 1173 1179 1185 1186 1188 1221 1271 1272 1275 1281 1291 1314 1325 1379 1386 1445 1521 1535 1594 1618 1669 1761
1069 27 28 106 134 222 297 405 523 627 638 650 787 789 809 817 854 871 880 920 934 1280
1070 0 7 12 13 14 15 483 484 485 853
1071 0 7 12 13 14 15 483 484 485
1072 9 493
1073 738 748 752 777 831 853
1074 25 34 221 638 750 797 858
1075 279 529 561 722 745 753 760 768 773 853 857 917 949 1003 1269 1566
1076 2 529 539 722 748 760 793 882 940 1198 1446
1077 11 524 759 764 853 885 890 921 931 949 1249 1438
1078 488 539 753 888 966 1353
1079 2 25 97 488 523 529 535 537 539 540 541 542 543 544 545 546 547 548 549 550 551 552 553 554 555 556 557 558 559 560 561 562 563 564 627 750 752 761 784 797 809 857 858 874 920
1080 23 488 529 539 750 789 815
1081 2 9 20 21 22 25 27 28 34 149 221 493 494 495 503 504 505 512 529 535 537 552 553 556 559 561 562 564 612 613 614 615 616 763 809 893
1083 1 2 17 25 27 28 34 63 234 294 354 355 405 468 486 527 528 529 530 531 532 533 534 535 536 537 538 539 540 541 542 543 544 545 546 547 548 549 550 603 627 638 670 698 738 748 750 752 753 756 760 762 764 769 774 779 780 789 791 795 798 817 827 846 852 853 858 861 864 866 868 870 876 884 888 903 921 925 929 939 954 997 1002 1080 1097 1114 1121 1124 1171 1285 1307
1084 1 2 11 25 27 28 34 63 88 192 205 234 241 279 335 355 365 486 529 535 536 537 539 577 603 638 641 738 746 748 749 750 751 752 753 762 764 765 795 797 798 817 822 830 832 846 853 858 866 871 882 888 890 902 921 925 940 956 959 983 1002 1043 1080 1097 1114 1172 1276 1292 1316 1323 1353 1407 1426 1471 1594 1641
1085 582
1086 577 853 856 888
1087 1
1089 2 19 31 142 149 279 388 488 505 529 539 612 627 638 664 681 750 755 759 760 764 768 775 791 809 827 852 853 859 860 864 880 895 918 954 1017 1031 1042 1085 1278 1376 1469 1509
1090 2 627
1091 9 488 493 523 539 627 760 853 883
1092 25 28 409 495 529 534 611 627 759 763 768 809 822 854 871 875 927 1019 1036 1144
1093 5 27 253 281 294 365 459 529 534 539 577 611 619 638 747 748 750 753 778 779 780 797 815 822 842 846 849 853 856 858 864 866 871 874 924 971 1060 1072 1132 1212 1302 1394 1446
1094 2 17 25 28 355 405 486 527 528 529 530 531 532 533 534 535 536 537 538 570 760 817 955 1114 1278 1302
1095 4 354 365 516 518 520 527 528 531 533 536 537 538 539 552 558 579 582 596 600 627 665 686 689 750 832 854 896 969 1045 1221 1270 1292
1096 2 529 539 577 698 760 768 773 783 795 797 856 912 1049 1397
1097 1 5 753 769
1098 2 9 17 25 294 354 355 405 486 512 527 528 529 530 531 532 533 534 535 536 537 538 579 582 638 780 880 921 986 987 1278 1410
1099 142 789 852
1100 1 2 34 355 488 523 529 536 539 577 596 698 738 748 750 752 760 769 793 797 852 858 859 864 866 871 906 950 1098
1101 2 488 539 760
1102 2 25 405 468 527 528 529 530 531 532 533 534 535 536 537 538 552 553 556 559 561 562 564 627 638 753 754 755 882 952
1104 1 2 16 19 20 25 27 28 97 174 189 221 279 294 300 335 355 468 488 523 529 531 539 556 582 596 604 611 627 638 674 736 737 738 748 750 751 752 753 760 761 762 764 769 778 779 780 784 797 798 803 809 817 844 850 852 853 858 864 866 867 871 877 886 888 896 898 912 931 932 937 940 954 981 998 1045 1046 1047 1084 1110 1158 1165 1197 1267 1270 1271 1281 1307 1330 1350 1370 1520 1614 1633 1973
1105 9
1106 0 7 12 13 14 15 483 484 485
1107 0 7 12 13 14 15 483 484 485
1108 9
1109 1 5 9 20 30 34 149 279 335 355 388 488 529 536 539 550 557 589 596 627 680 735 750 760 817 830 847 853 860 871 872 883 1018 1043 1084 1095 1194 1266 1322 1968
1110 1 2 17 25 354 355 405 486 527 528 529 530 531 532 533 534 535 536 537 538 582 855
1111 20 753 856 860
1112 1 2 484 488 529 534 536 552 577 627 736 751 753 764 789 853 858 861 888 902 993 1000
1113 488
1115 9 25 28 388 552 698 759 763 795 856 876 948 1148 1221
1116 2 27 28 488 529 536 579 748 759 769 797 858 983 1212
1117 294 354 486 888
1118 2 25 28 40 468 486 529 557 558 638 736 738 750 760 761 780 800 817 822 832 851 858 864 866 869 871 881 893 945 1045 1098
1119 9 486
1120 2 22 354 529 809
1123 2 31 489
1124 2 25 166 234 468 529 535 540 541 542 543 544 545 546 547 548 549 550 627 750 752 760 761 780 784 789 797 809 817 832 852 858 864 866 871 874 880 886 895 920 921 954 969 1023 1045 1067 1080 1132 1155 1275 1302 1380
1125 9
1126 2 20 25 294 354 484 529 535 536 537 540 541 542 543 544 545 546 547 548 549 550 551 552 553 554 555 556 557 558 559 560 561 562 563 564 627 638 699 751 760 786 789 809 817 821 871 888 951 1077 1094 1124 1198 1266 1376 1469 1494
1127 0 7 11 12 13 14 15 20 25 99 221 354 355 430 483 484 485 527 528 531 532 533 535 536 537 538 541 544 546 547 550 553 557 558 559 567 575 576 577 578 579 580 581 582 583 584 585 586 587 588 589 590 591 592 593 594 595 596 597 759 789 874 880 918 971
1128 294 638 750 752 780 786 789 809 858 940 960 1198 1425
1129 752 905
1130 1 27 28 85 577 752 753 759 760 761 763 769 832 858 871 895 912 1005
1131 9 25 88 355 638 760 789 797 827 828 956 1278
1132 2 354
1133 2 6 23 489 787 871 996
1134 17 354 486 505 512 751 760 773 1145
1135 2 31 388 489 497 853
1136 2 750 752 753 858 875 896
1137 2 11 16 28 34 68 88 227 279 294 355 372 405 468 529 535 539 550 556 627 641 736 755 760 775 780 787 789 797 803 809 822 832 853 854 859 864 866 869 879 883 884 895 921 927 931 934 958 973 1108 1253 1266 1279 1292 1302 1357 1486 1585
1138 1 2 19 30 34 335 451 468 529 534 535 577 589 627 736 760 762 769 773 780 786 787 791 809 811 812 816 817 830 832 835 837 856 857 860 872 875 883 888 908 921 927 930 959 962 975 1017 1020 1132 1152 1188 1278 1302
1140 2 9 17 25 354 355 405 486 527 528 529 530 531 532 533 534 535 536 537 538 855 888 1590
1141 28
1142 2 17 25 355 405 486 527 528 529 530 531 532 533 534 535 536 537 538 797
1143 2 9 17 25 354 355 405 486 527 528 529 530 531 532 533 534 535 536 537 538
1144 2 4 28 354 488 516 518 520 527 528 531 533 536 537 538 539 552 558 579 582 600 627 686 689 750 832 864 896 954
1145 2 31 489 497 529 638 750 752 784 809 853 866 1066 1796
1146 488 539
1148 11 30 53 523 529 534 537 582 638 750 752 760 787 809 822 859 886 896 925 969 1149 1165 1211 1825 1849 1974
1149 2 17 18 25 294 355 405 440 484 486 527 528 529 530 531 532 533 534 535 536 537 538 540 541 542 543 544 545 546 547 548 549 550 552 553 556 559 561 562 564 577 579 582 589 590 596 627 711 753 760 817 821 837 859 888 966 988 1135 1353 1376
1151 0 7 12 13 14 15 483 484 485
1152 25 355 529 535 537 540 541 542 543 544 545 546 547 548 549 550 552 553 556 559 561 562 564 627 750 809 853
1153 1 2 5 17 18 20 25 27 28 30 49 51 88 99 109 142 191 192 205 239 294 311 355 365 369 376 380 388 407 438 486 523 529 534 539 558 577 582 596 599 603 619 620 624 638 641 656 721 725 748 750 752 754 761 769 778 780 787 789 797 798 803 804 808 809 820 822 827 831 832 834 837 838 850 852 853 858 859 864 866 871 881 932 937 940 954 983 991 995 1043 1076 1082 1084 1112 1132 1168 1174 1198 1203 1221 1270 1281 1295 1303 1304 1305 1333 1350 1405 1410 1413 1417 1433 1451 1488 1561 1572 1581 1641 1659 1675 1697 1779
1154 2 25 335 355 488 527 528 529 531 532 533 535 536 537 538 541 557 558 559 579 589 598 599 600 605 606 695 696 698
1155 488 539 861
1156 354 852
1158 2 4 11 16 25 28 174 294 335 355 515 516 517 527 528 529 531 532 533 535 536 537 538 539 553 559 561 579 582 589 598 599 600 601 602 603 604 605 606 624 750 752 760 775 864 866 871 896 969 981 1045 1158 1270
1159 582
1161 486
1162 355 529 638 866 1066
1163 0 7 12 13 14 15 483 484 485
1164 21 494 638 888 1400
1166 1 2 25 354 405 420 484 486 523 527 528 529 530 531 532 533 534 535 536 537 538 539 540 541 542 543 544 545 546 547 548 549 550 552 582 590 627 638 736 750 752 759 760 761 763 780 784 789 803 817 832 858 861 864 866 877 883 886 888 898 920 940 945 971 1043 1260 1309
1167 2 25 34 221 388 529 556 611 612 627 759 773 815 853 860 880 904 906 924 949 1083 1189 1190
1168 1 2 9 19 20 25 28 53 88 207 241 287 294 335 388 405 466 486 505 527 528 529 530 531 532 533 534 535 536 537 538 551 555 577 627 638 639 716 737 738 744 748 750 752 753 756 759 760 763 765 768 779 780 787 789 809 822 828 832 852 858 864 866 871 924 934 940 956 1014 1017 1026 1132 1221 1278 1302 1379 1432 1511
1169 1 2 11 20 25 27 28 30 34 40 51 53 99 166 212 221 244 294 335 355 389 491 512 523 529 535 536 537 538 539 551 555 575 596 611 612 627 638 709 711 735 738 744 747 749 752 753 759 760 761 762 765 774 781 787 791 809 815 828 830 832 839 846 853 855 857 859 860 868 871 877 878 884 886 904 907 922 923 954 986 993 1013 1042 1115 1122 1127 1153 1155 1159 1191 1204 1218 1274 1296 1318 1321 1365 1445 1452 1498 1529
1170 9 486 500 789
1171 22
1172 1017
1173 638
1174 1 2 17 18 19 25 27 28 30 34 99 118 149 166 212 247 279 294 335 355 388 405 424 486 523 527 528 529 530 531 532 533 534 535 536 537 538 539 551 555 556 570 577 582 589 612 627 636 638 725 735 736 738 747 748 750 752 753 755 759 760 769 773 779 780 786 787 789 791 797 805 809 811 817 822 824 827 830 832 852 853 854 858 859 860 862 863 864 866 871 875 876 888 891 893 894 895 908 921 925 928 930 931 933 934 940 959 962 966 969 973 975 988 994 1001 1017 1020 1045 1053 1058 1076 1085 1088 1091 1132 1135 1137 1149 1168 1211 1219 1221 1249 1266 1271 1278 1292 1300 1347 1353 1393 1402 1749 1888
1175 354 941 957
1176 2 17 20 25 28 234 262 354 486 505 529 536 579 627 638 759 780 798 857 869 936 940 955
1177 2 25 247 279 294 355 388 523 529 535 552 557 582 627 759 760 768 769 780 784 787 789 795 809 822 830 832 853 859 869 871 894 911 912 924 929 954 1003 1103 1144 1600
1178 28
1179 1 2 5 20 25 27 28 30 53 205 212 352 355 361 388 500 529 533 534 535 536 539 556 577 585 589 596 612 630 638 698 709 719 736 737 747 748 753 759 760 761 763 771 773 793 795 807 809 815 821 827 831 837 839 846 847 853 860 865 870 871 874 875 876 884 888 898 930 954 1055 1073 1103 1140 1143 1144 1222 1290 1292 1296 1620 1639 1800 1841
1180 2 4 20 25 27 28 30 40 468 505 529 539 550 590 618 638 709 735 736 737 738 739 749 763 807 817 821 828 831 832 842 846 853 954 991 1140 1276 1889
1181 1 6 20 23 30
1182 2 6 23 25 28 34 149 294 304 355 527 528 529 531 532 535 536 538 552 553 558 575 579 594 600 607 608 609 610 611 638 688 692 709 749 752 760 769 779 780 789 795 797 809 815 817 832 837 853 868 877 890 894 898 912 922 924 931 968 970 979 996 1027 1037 1190 1205 1295 1302 1507
1183 9 28 88 468 618 638 709 939 1160 1172
1184 28 488 539 760
1188 99 627 971
1189 2 638 748 759 888
1190 750 752 797 900 1045
1191 2 17 25 354 355 405 486 527 528 529 530 531 532 533 534 535 536 537 538
1192 2 9 17 20 25 28 30 34 88 335 354 355 405 486 493 512 523 527 528 529 530 531 532 533 534 535 536 537 538 557 579 582 589 603 627 638 650 656 665 681 696 699 751 755 760 777 780 782 786 791 810 817 820 832 835 837 858 871 876 880 888 891 918 921 924 929 958 971 986 1091 1112 1144 1278 1302 1333 1350 1376 1417 1422 1511 1585 1724
1194 2 25 28 500 738 748 750 759 779 784 866 888
1195 9
1197 9 25 28
1198 638 832 888 903
1199 430 529 611 618 764 767 885 1092
1200 2 20 21 22 25 27 28 34 221 494 495 503 504 505 512 529 535 537 552 553 556 559 561 562 564 612 613 614 615 616 888
1201 8 16 20 21 25 27 28 34 149 355 365 495 529 539 555 577 735 736 738 752 759 760 762 763 768 773 779 789 809 827 853 858 859 871 872 888 927 933 934 954 970 1079 1558
1202 488 529 539 736 871 1251
1203 1 2 4 5 6 20 23 28 420 468 488 498 529 611 738 753 789 860 864 925 943
1204 0 2 7 12 13 14 15 30 483 484 485 853 929
1205 2 97 388 489 497 856 859 860 894 1042 1218
1206 776 860
1207 2 19 192 539 577 638 735 749 753 809 853 866 888 1292
1208 2 17 25 355 405 486 488 527 528 529 530 531 532 533 534 535 536 537 538 539 748 750 760 768 773 784 827 858 1366
1209 1234
1211 11 20 88 166 294 529 539 557 589 627 735 736 757 760 769 791 832 853 856 864 865 871 877 881 888 890 1113 1118 1896 1974
1212 556 736 752 753 762 773 832 837 866 895 1375
1213 19 51 88 468 488 534 577 624 639 759 761 780 809 859 901 912 926 932 1084 1261 1325
1214 0 7 12 13 14 15 483 484 485
1216 1 25 420 488 523 539 603 638 748 750 752 753 760 784 789 797 853 858 866 896 940 945 969 1039 1045 1096 1158 1271 1511 1535
1218 1 2 40 88 488 529 531 536 539 638 738 752 760 783 799 809 858 866 1132
1219 17 19 99 354 468 486 512 529 557 582 589 665 736 754 759 779 780 806 817 820 827 832 853 855 876 881 942 1017 1469 1688 1777 1891
1220 2 17 25 355 405 420 486 527 528 529 530 531 532 533 534 535 536 537 538 858 866
1221 17 354 486
1222 17 354 486
1223 1 2 25 28 77 126 233 407 537 538 539 557 589 603 638 670 748 750 753 778 787 797 809 811 820 821 832 851 858 864 866 940 1446 1537
1224 1 2 16 17 18 22 25 30 59 88 107 110 192 287 304 354 355 438 476 485 486 488 523 529 536 539 557 589 611 627 638 639 752 759 760 769 780 794 817 857 880 888 908 944 968 1038 1292 1495 1810
1225 2 5 11 17 25 30 192 355 405 485 486 488 523 527 528 529 530 531 532 533 534 535 536 537 538 539 555 618 636 748 750 760 784 789 795 797 799 809 822 851 853 858 876 995 1055 1278
1228 9 853 855
1230 1 2 5 11 16 19 21 25 28 97 136 142 149 166 182 192 241 279 294 335 354 388 409 459 472 485 523 529 534 536 537 539 556 557 589 596 599 611 627 636 665 670 709 716 721 736 738 747 750 751 752 753 754 755 758 760 768 775 778 780 783 787 789 798 802 809 814 817 821 822 824 827 832 837 838 841 852 854 857 858 859 860 864 871 876 888 890 894 895 908 921 927 934 940 957 966 970 974 983 991 1017 1034 1057 1088 1103 1117 1119 1127 1159 1203 1209 1221 1266 1272 1302 1304 1325 1333 1353 1410 1438 1440 1456 1475 1509 1539 1588 1668
1231 25 294 486 500 523 529 535 537 552 553 556 559 561 562 564 748 773 803 1412
1232 9 20 88 233 488 789 809 858 864 875
1233 2 17 25 354 355 405 486 523 527 528 529 530 531 532 533 534 535 536 537 538
1234 486 512
1238 23
1239 9
1241 536 670 885 1029
1242 536 627 750 752 753 888
1243 354 638 859
1245 753 789 809 888 1142 1181
1246 25 27 28 152 294 529 535 627 725 750 759 760 763 768 773 787 789 832 853 854 888 925 927 947 1055 1278 1287 1302 1518 1539 1899
1247 9 627 752 853 882 886
1248 488 523 539 784 793 821
1249 1 19 30 34 149 192 279 294 335 388 409 523 529 534 603 627 636 639 746 752 753 760 765 775 780 786 796 800 817 831 835 847 853 857 871 881 891 901 905 921 949 1048 1077 1108 1144 1261 1276 1376 1432 1469 1511 1530 1585 1595 1633 1684 1688 1691
1250 17 354 486 855 1527
1251 28 611 638 779 795 815
1252 0 7 12 13 14 15 483 484 485
1253 2 17 25 354 355 405 486 527 528 529 530 531 532 533 534 535 536 537 538 582 888 1333
1254 25 759 769 815 817 847 860
1255 354
1257 20 612 705 760 797 832 954 1132
1259 88 627 750 755 803 817 898 1018
1260 1 2 20 247 536 539 638 666 744 745 760 824 924 1058 1077 1080 1249
1261 2 17 25 28 192 354 355 405 486 527 528 529 530 531 532 533 534 535 536 537 538 582 638 753 789 797 844 864 893 942 1080 1221
1262 589 773 795 941 1151
1263 2 20 611 716 759 773 815 857 860 872 880 1042 1418
1264 474 529 627 789 799 1013 1690
1265 1 2 355 488 539 582 750 752 761 769 780 858 886 896 969 981 1045 1046 1281 1556
1266 2 4 6 11 20 23 25 27 28 30 34 40 62 68 93 94 97 99 140 209 221 258 268 294 298 326 352 355 373 377 388 389 405 410 411 484 485 527 528 529 531 532 534 536 538 539 552 553 555 558 575 577 579 594 600 604 607 608 609 610 611 612 638 639 698 705 721 738 760 764 767 780 787 791 795 804 828 835 839 845 853 856 886 888 890 902 930 948 949 954 991 993 999 1030 1046 1072 1084 1092 1145 1272 1276 1296 1594 1598 1635 1847
1269 9 17 354 486
1270 34 88 233 423 488 539 650 746 750 760 772 780 809 855 858 925 931 956 1018 1037 1146 1292 1296 1302 1489
1271 1 2 5 20 25 27 28 30 34 59 63 88 99 142 158 279 294 297 354 355 365 468 484 488 523 529 531 534 537 539 552 556 570 577 589 590 596 611 618 627 638 688 722 725 732 735 736 738 744 748 750 752 753 754 759 760 761 762 763 768 769 773 776 777 780 784 787 789 791 793 795 797 809 817 822 827 828 832 839 844 846 847 852 853 857 858 860 866 868 871 882 884 888 890 895 896 898 912 921 922 924 929 956 971 973 979 982 983 1003 1013 1088 1095 1110 1112 1114 1118 1142 1144 1148 1169 1172 1174 1181 1185 1271 1322 1325 1353 1399 1444 1474 1511 1674 1688
1272 488
1273 2 25 28 365 488 523 736 738 748 757 760 797 809 817 853 858 864 890 895 896 898 933 946 982 994 1003
1274 488 762
1275 2 488 539 748 750 753 760 780 797 817 832 858 861 940 969 1045
1276 1 2 17 25 354 355 405 486 527 528 529 530 531 532 533 534 535 536 537 538 688 722 832 1661 2025
1277 488 750
1278 488 539 570 864 866 939 1283
1279 17 354 486 750 752 784 886 940 969 1045
1280 488 539 1202
1281 2 149 354 388 529 535 611 627 759 775 789 809 827 852 859 864 874 1017 1037
1282 0 1 2 7 12 13 14 15 17 25 221 354 355 405 430 468 483 484 485 486 527 528 529 530 531 532 533 534 535 536 537 538 541 544 546 547 550 553 557 558 559 567 575 576 577 578 579 580 581 582 583 584 585 586 587 588 589 590 591 592 593 594 595 596 597 627 753 759 760 768 769 773 792 809 817 858 880 886 888 895 921 966 1003 1043 1107
1283 2 9 25 166 355 528 531 532 536 538 544 553 556 557 558 575 576 579 585 589 594 596 627 751 753 780 809 827 883 926 1080 1144 1174
1284 552
1285 2 22 489 497
1286 488 539 853 856 954
1287 0 7 12 13 14 15 483 484 485 529 759
1288 0 7 12 13 14 15 483 484 485
1290 28 877
1291 88 748 753 760 797 1281
1293 938
1294 529
1295 582
1296 25 488 527 528 529 535 537 538 539 541 557 558 606 695 696 698 735 748 769 853 858 859 998
1297 0 7 12 13 14 15 483 484 485 871 1296
1298 2 17 25 30 354 355 405 486 527 528 529 530 531 532 533 534 535 536 537 538 557 589 627 759 760 815 822 973
1299 488 539
1300 1 2 14 15 25 28 63 88 221 294 365 488 529 531 539 577 589 619 638 722 737 753 762 769 789 827 854 858 866 879 1077 1163 1191 1275 1302 1384 1471 1642
1301 11 750 896 940 969 1045 1256
1303 23 25 488 527 528 531 532 536 538 539 552 553 558 575 579 594 600 607 608 609 610 611
1304 748 852 859
1305 2 17 25 27 28 354 355 405 486 488 527 528 529 530 531 532 533 534 535 536 537 538 539 589 638 751 759 773 778 809 822 888 909 924
1306 1 2 25 28 335 365 523 529 535 537 539 540 541 542 543 544 545 546 547 548 549 550 552 553 556 559 561 562 564 627 638 722 738 750 752 753 761 787 789 797 809 832 853 858 859 864 866 888 940 1001 1174
1307 1 30 142 409 627 732 755 759 760 775 780 786 809 847 855 888 980 1017 1034 1146 1221
1308 25 28 355 577 638 738 759 763 817 1000
1309 17 142 486 627 754 755 852 855 859 1017 1034 1072
1311 2 17 25 354 355 405 486 488 527 528 529 530 531 532 533 534 535 536 537 538 539 589 751 832 855 1110 1775
1312 1 2 25 28 88 174 335 484 488 523 529 536 539 638 698 748 750 752 759 769 772 773 780 787 809 832 835 853 858 861 864 866 867 871 912 922 924 937 971 991 1067
1313 9 589 638 888
1314 2 20 21 22 25 27 28 34 221 494 495 503 504 505 512 529 535 537 552 553 556 559 561 562 564 612 613 614 615 616 627 760 927
1315 2 20 99 365 533 534 596 797 815 832 858 859 884 898 949 1015
1316 2 4 67 354 392 488 515 516 518 520 523 539 561 670 750 752 759 864 866 886 888 895 896 1045 1158 1174 1275
1317 17 486 958
1318 25 166 354 355 488 523 528 531 532 536 538 539 544 553 557 558 561 575 576 579 585 589 594 596 752 760 784 797 803 809 824 832 860 876 888 902 956 969 1045 1122 1215 1281 1735 1962
1320 30 88 618 638 761 830 908 913 923 924 1015 1192
1321 21 25 28 427 495 611 674 762 773 797 835 837 888 943 1916
1323 1 2 17 25 219 355 405 486 488 527 528 529 530 531 532 533 534 535 536 537 538 539 559 577 579 582 588 589 596 613 614 615 616 690 748 827 866 940
1324 536 624 924
1325 2 20 23 25 30 492 527 528 531 532 536 538 552 553 558 575 579 594 600 607 608 609 610 611 1325 1611
1326 1 2 25 28 63 88 294 488 529 533 536 539 551 570 577 582 624 627 736 737 748 750 752 753 760 768 778 779 787 797 798 809 817 822 864 872 895 896 929 934 956 958 983 997 1007 1084 1171 1233 1281 1292 1325 1379 1540 1797
1327 931
1328 0 2 7 12 13 14 15 25 221 355 430 483 484 485 527 528 529 531 532 533 535 536 537 538 541 544 546 547 550 553 557 558 559 567 575 576 577 578 579 580 581 582 583 584 585 586 587 588 589 590 591 592 593 594 595 596 597 809 822 926
1329 128 355 529 551 618 694 737 996 1138 1655
1330 1 750 940 1045 1236 1281 1295
1331 956
1332 1 2 25 28 529 555 570 627 732 736 737 748 753 760 762 768 817 853 864 876 921 922 930 1003 1060 1070 1072 1114 1117 1139
1333 1 488 539
1334 488 539
1335 488 539 750
1336 92 262 664 1174
1337 2 488 748 797 1295
1339 485 488 596 748 752 763 772 797 817 832 858 864 1314
1340 9
1341 1 736 753 858
1342 759
1344 354
1345 9 827
1346 831
1347 17 354 486 627 736
1350 732
1351 0 2 7 12 13 14 15 25 483 484 485 539 582 871
1352 2 27 28 529 535 539 557 582 589 590 596 612 627 638 736 737 750 751 760 762 791 797 798 809 817 824 830 832 853 859 860 871 883 888 939 948 949 979 1030 1037 1058 1064 1074 1075 1155 1194 1430 1493
1353 9 20 611
1355 354 486
1356 488 539
1357 759
1358 488
1359 1 2 6 11 23 25 28 34 88 97 99 234 294 388 488 523 527 528 529 531 532 533 535 536 537 538 539 540 541 542 543 544 545 546 547 548 549 550 551 552 553 554 555 556 557 558 560 561 563 575 579 582 584 590 594 596 600 603 607 608 609 610 611 639 698 705 716 722 735 736 745 746 751 752 753 754 755 760 761 768 769 780 809 820 827 832 852 858 859 864 871 874 876 882 886 894 911 931 932 934 949 971 986 988 1037 1155 1185 1191 1302 1324 1373 1512 1585 1631 1711 1742
1360 1 25 27 28 34 529 535 627 738 759 763 773 809 853 858 860 871 888 927 1019
1362 1 2 11 15 30 34 40 192 388 512 523 529 531 534 536 537 538 539 582 589 590 596 611 612 638 735 750 752 753 759 760 764 767 787 797 801 809 821 822 832 853 856 858 875 883 888 902 912 922 924 954 988 993 1144 1240 1271 1272 1325 1333 1357 1393 1592 1598 1635 1668 1819
1363 2 17 25 354 355 405 486 527 528 529 530 531 532 533 534 535 536 537 538
1364 2 9 17 25 149 355 405 486 527 528 529 530 531 532 533 534 535 536 537 538 555 769 789 797 809 871 1278
1365 355 488 539 627 716 750 815 858 862 863 866 888 940 1694
1366 354
1367 1 2 9 17 25 354 355 405 486 493 512 527 528 529 530 531 532 533 534 535 536 537 538 627 638 747 753 795 888 933 976 1015 1285 1782
1368 2 17 25 354 355 405 486 527 528 529 530 531 532 533 534 535 536 537 538 582 638 764 795 888 916 935 949 1379
1369 1 25 354 488 523 529 535 539 540 541 542 543 544 545 546 547 548 549 550 582 638 639 683 736 750 752 761 767 769 784 789 817 852 858 859 876 886 898 1081 1188
1370 1 2 17 18 20 21 22 25 27 28 34 63 97 112 246 279 290 294 297 355 389 405 432 440 442 468 484 486 488 505 523 527 528 529 530 531 532 533 534 535 536 537 538 539 540 541 542 543 544 545 546 547 548 549 550 552 553 555 556 557 558 559 561 562 564 565 566 567 570 575 577 582 590 594 596 603 611 612 619 620 624 627 638 665 699 716 721 725 736 738 748 749 750 751 752 753 755 759 760 761 762 763 769 780 781 784 789 791 797 798 803 809 812 817 827 828 832 835 851 853 854 858 861 864 866 871 876 881 883 888 895 898 906 908 911 912 920 921 924 934 940 941 944 954 956 958 959 965 966 968 969 970 982 983 997 1003 1042 1080 1084 1086 1091 1106 1114 1121 1124 1127 1128 1136 1169 1174 1176 1221 1249 1266 1269 1276 1304 1307 1324 1325 1333 1353 1358 1376 1462 1468 1493 1513 1543 1590 1642 1680 1758 1761 1928 1949
1372 9
1374 11 355 539 750 798 864 885 890 937 969 1062
1375 354 488 539 750 752 896 899
1376 388 529 577 611 618 627 736 737 766 789 809 822 832 888 930 1261
1377 9 753 853 896
1378 1 2 17 25 28 30 88 97 294 354 355 365 388 405 440 486 527 528 529 530 531 532 533 534 535 536 537 538 552 553 556 559 561 562 564 582 590 596 603 612 627 638 732 748 752 753 760 761 762 763 778 779 780 791 799 817 821 822 827 830 831 853 855 857 858 859 866 871 874 877 886 888 890 895 908 924 931 932 945 953 954 971 979 993 1015 1110 1144 1147 1270 1342 1350 1463 1513 1719 1915
1379 2 17 20 25 30 34 294 354 355 405 486 523 527 528 529 530 531 532 533 534 535 536 537 538 627 650 661 674 721 722 746 751 752 753 755 760 761 777 780 808 817 832 853 855 858 862 864 876 883 888 890 892 895 945 954 986 1110 1214 1266 1307 1342 1400 1463 1758 1915
1380 2 17 25 354 355 405 486 527 528 529 530 531 532 533 534 535 536 537 538 885 890 993 1084
1381 17 354 486 855
1382 2 17 25 354 355 405 486 523 527 528 529 530 531 532 533 534 535 536 537 538 627 753 760 780 797 817 821 832 855 859 885 954 1233 1261
1384 2 247 860
1385 9 32 830
1386 17 486
1387 9 853 856
1388 0 7 12 13 14 15 17 354 483 484 485 486 888
1389 9
1390 25 27 173 468 529 535 537 540 541 542 543 544 545 546 547 548 549 550 551 552 553 554 555 556 557 558 559 560 561 562 563 564 627 824 862 868 888 921 925 944 1249 1402 1564 1963
1391 760 949
1392 25 354 488 539 558 750 752 797 864 896
1394 2 17 25 354 355 405 486 527 528 529 530 531 532 533 534 535 536 537 538 760
1395 354
1396 0 1 2 5 7 12 13 14 15 16 17 19 22 25 28 33 34 59 65 76 85 131 162 166 171 174 221 232 262 279 287 294 332 354 355 365 392 405 409 430 433 468 483 484 485 486 487 526 527 528 529 530 531 532 533 534 535 536 537 538 541 544 546 547 550 551 552 553 556 557 558 559 560 561 562 564 565 567 575 576 577 578 579 580 581 582 583 584 585 586 587 588 589 590 591 592 593 594 595 596 597 602 613 614 615 616 622 627 629 632 633 634 635 637 639 640 641 642 643 644 645 646 647 648 649 650 651 652 653 654 670 681 751 753 759 760 780 791 799 808 821 832 856 860 871 876 880 888 912 918 928 944 979 1015 1046 1115 1136 1232 1326 1564 1799
1397 2 603 748 750 783 809 875 940 1281
1398 0 7 12 13 14 15 483 484 485 670 880
1399 1 2 14 25 28 63 67 88 149 192 294 355 405 485 523 529 536 539 558 582 638 736 738 748 750 752 753 760 761 769 772 784 789 791 797 803 809 822 827 844 852 853 858 859 864 866 886 895 896 898 921 926 927 937 940 954 956 968 969 971 982 991 995 998 1002 1045 1096 1158 1179 1267 1270 1314 1437 1464 1516 1877
1400 2 25 88 529 535 537 540 541 542 543 544 545 546 547 548 549 550 551 554 555 557 558 560 563 736 753 760 798 809 817
1401 22 760
1402 9 488 493 523 539 888
1403 2 17 25 354 355 405 486 527 528 529 530 531 532 533 534 535 536 537 538 582
1405 2 488 539 858
1406 16 342 611 738 817 858 874 876 878 886 931 1005 1023 1151
1407 17 354 486 488 753 797 809 879 888 895 912
1408 6 10 23 25 34 167 168 169 221 304 508 527 528 531 532 536 538 552 553 558 575 579 594 600 607 608 609 610 611
1409 5 6 10 20 23 25 30 34 99 508 527 528 531 532 536 538 539 552 553 558 567 575 577 579 594 600 607 608 609 610 611 612 618 638 698 768 830 832 904 1013
1410 6 10 23 34 508
1411 6 10 23 34 508
1412 6 10 23 25 34 508 527 528 531 532 536 538 552 553 558 575 579 594 600 607 608 609 610 611
1413 2 6 10 20 23 30 34 40 88 99 287 335 389 508 523 529 539 582 590 611 612 638 656 709 716 735 736 752 760 777 780 783 787 789 797 809 828 832 856 864 871 886 890 924 1046
1414 6 10 23 25 34 508 527 528 531 532 536 538 539 552 553 558 575 579 594 600 607 608 609 610 611 736 751 759 773 798 817 830 924 958 991 1318
1415 6 10 23 34 508
1416 355 488 539 627 750 752 760 761 789 832 844
1417 752
1418 1 2 63 488 523 539 738 750 752 789 797 822 853 896 1045 1603 1992
1419 20 488 539 582 750 752 864 866 871 896 969 1045
1420 1 2 17 25 355 405 486 488 523 527 528 529 530 531 532 533 534 535 536 537 538 539 709 748 752
1421 488 940
1422 9
1425 34
1426 280
1427 18 118
1428 17 440
1429 34
1430 135
1431 34 118 304
1432 1 2 11 19 20 25 27 28 30 34 51 53 85 88 97 99 112 166 174 221 234 244 287 297 304 335 355 389 459 523 527 529 531 533 534 535 536 537 538 539 555 556 557 558 561 570 575 577 579 582 589 590 594 596 611 612 618 624 627 638 681 698 709 722 733 736 737 745 747 748 749 750 751 752 753 755 759 760 763 765 768 769 773 779 780 781 784 787 789 791 795 797 798 799 809 817 821 822 825 827 828 831 832 847 851 852 853 859 860 862 864 865 866 867 869 871 873 875 877 884 885 886 888 889 890 895 896 897 899 900 903 908 909 910 918 924 927 930 931 932 937 939 940 945 949 954 972 988 1001 1003 1012 1017 1018 1041 1043 1052 1055 1077 1084 1106 1115 1131 1132 1140 1143 1153 1164 1188 1205 1221 1232 1241 1259 1271 1325 1333 1336 1351 1390 1406 1445 1448 1456 1463 1470 1512 1542 1632 1673 1765 2005 2031 2055
1433 1 2 3 11 16 19 20 27 28 30 88 97 128 149 166 174 274 294 335 355 381 388 389 405 491 523 529 531 533 534 535 536 539 556 582 596 611 627 630 638 641 664 681 709 736 748 750 752 753 755 760 763 768 769 773 775 778 780 784 786 789 797 798 799 804 808 814 815 817 820 822 824 827 830 831 832 838 852 854 858 859 864 866 867 869 871 878 883 884 886 888 890 895 898 899 920 921 924 925 934 937 939 940 971 978 1000 1017 1045 1057 1093 1094 1110 1112 1136 1144 1201 1202 1221 1236 1272 1281 1292 1319 1325 1330 1333 1445 1448 1457 1543 1574 1667 1827
1434 8 16 21
1435 75 315
1436 2 4 30 62 97 140 174 192 234 258 268 279 294 355 377 410 411 468 500 512 529 533 536 538 539 618 638 656 709 760 764 767 808 817 856 897 902 906 993 1084 1141 1272 1325 1427 1438 1635
1437 261 304 475
1438 450
1439 304
1440 19 25 28 118 229 468 534 612 638 752 759 760 773 787 789 832 871 924 1015 1159 1644
1441 31 144 336 345
1442 1 2 20 25 27 28 34 37 40 53 67 97 163 164 165 221 234 294 297 355 389 405 409 459 468 491 505 523 527 529 531 534 536 537 539 551 555 556 557 561 567 577 579 589 590 596 603 611 612 618 627 638 664 680 683 698 703 705 709 719 735 736 738 744 751 760 761 768 769 773 779 780 781 784 786 789 791 793 795 797 798 809 815 817 822 827 831 832 837 839 844 846 850 851 853 859 862 864 868 869 871 874 875 876 877 879 884 886 904 906 924 929 930 932 942 946 948 949 954 988 991 996 1000 1003 1011 1015 1017 1025 1046 1047 1061 1084 1095 1103 1114 1132 1140 1143 1144 1155 1164 1176 1188 1190 1204 1205 1212 1218 1276 1302 1330 1376 1458 1617 1633 1741 1764 1941
1443 34
1444 304
1445 65 221 479
1447 13 34 68 139 191 239 255 266 284 296 311 349 421
1448 90 92 159 262 338 426
1449 45 68 218 252 269 443
1450 68 218 269
1451 106 134 222
1452 13 15 42 46 136 195 270 272 291 436
1453 181 426
1454 322 365 366 461
1455 408
1456 200
1457 304
1458 288 289
1459 24
1460 24
1461 31 144 336 345
1462 23 229
1463 1 2 28 34 80 88 128 149 209 301 381 529 537 539 550 557 596 603 624 666 681 721 722 738 748 750 752 753 760 791 798 799 817 828 858 861 864 866 888 895 896 921 940 956 985 997 1045 1046 1084 1196 1272 1281 1286 1305 1325 1364 1379 1470 1582 1616 1659
1464 1 2 4 20 25 27 28 30 34 53 65 88 128 212 234 244 365 389 459 505 527 529 535 536 537 539 545 552 555 556 557 561 570 575 577 589 590 596 603 611 612 618 619 624 627 630 638 656 681 683 692 698 703 705 709 711 725 735 736 737 738 744 747 752 753 759 760 761 768 769 773 779 781 783 787 791 793 795 798 799 809 817 822 824 828 831 832 844 846 850 853 862 864 869 875 876 877 884 886 888 889 890 904 921 922 924 925 929 930 939 943 948 949 954 968 988 991 995 996 1000 1003 1011 1021 1038 1046 1047 1060 1061 1064 1092 1095 1103 1106 1107 1110 1112 1132 1140 1144 1146 1155 1193 1218 1247 1249 1276 1289 1300 1314 1327 1402 1470 1756 1948 1955
1465 16 534
1466 11 20 27 28 30 34 63 221 294 304 335 405 505 512 534 536 539 582 612 618 638 721 749 759 765 777 780 791 795 822 825 828 832 855 859 862 869 874 888 890 922 925 954 988 991 1110 1122 1136 1209 1215 1333 1346 1399 1465 1632 1639
1467 228
1468 12 13 21 34 60 68 227 241 304 427 436 465
1469 1 2 25 28 199 276 355 405 527 528 529 530 531 532 533 534 535 536 537 538 544 553 557 558 559 565 575 576 579 582 585 589 594 596 600 613 614 615 616 625 629 632 633 634 635 637 687 692 693
1470 31 144 336 345
1471 304
1472 14 15 16 354
1473 142 304
1474 16 448
1475 1 28 218
1476 34
1477 450
1478 31 34 37 144 145 221 336 345
1479 348
1480 1 2 5 11 16 20 25 27 28 30 34 51 53 65 85 87 88 96 99 205 209 221 233 234 244 247 262 287 294 335 355 389 417 444 459 468 491 500 505 523 527 529 534 535 536 537 538 539 555 556 570 577 579 582 589 596 611 612 618 624 627 628 638 647 656 681 703 709 711 733 735 736 737 738 747 749 750 753 754 755 757 760 775 777 781 787 791 793 795 799 808 809 828 830 832 839 846 853 854 858 861 864 866 868 869 871 876 877 878 883 886 890 896 902 904 907 922 923 924 925 929 930 931 939 942 943 949 954 958 963 964 968 991 1000 1041 1046 1084 1095 1112 1115 1122 1132 1136 1144 1151 1153 1191 1221 1237 1261 1264 1269 1272 1274 1288 1289 1292 1296 1301 1305 1318 1325 1350 1396 1404 1409 1439 1458 1467 1474 1514 1539 1581 1597 1600 1644 1664 1747 1828 1844 1873 1875
1481 256 257 283
1482 198 263 293 324 464
1483 323 471
1484 1 2 20 27 30 34 40 88 97 99 221 233 251 294 355 430 468 529 533 534 536 538 539 577 590 596 612 618 638 656 716 735 755 760 765 795 808 809 817 830 832 834 839 844 853 866 871 880 890 895 922 923 925 930 945 973 991 1015 1046 1122 1172 1185 1197 1198 1296 1432 1479 1710 1788 1847
1485 34
1486 66 166 204 248 344 356 474
1487 266 267
1488 177 207 241
1489 2 27 28 85 88 97 389 529 557 582 589 590 596 624 627 638 698 725 737 751 760 768 779 780 798 830 832 853 854 899 979 1038 1074 1084 1100 1194 1245 1250 1325 1400 1410 1430 1668 1744
1490 21 43 467
1491 2 28 34 88 149 166 234 294 297 355 388 389 523 529 533 535 536 567 582 590 627 638 725 735 748 750 752 755 763 775 784 787 789 797 809 822 827 832 838 852 853 854 857 858 859 860 864 869 880 882 883 920 953 986 1011 1017 1036 1066 1076 1193
1492 162 466
1493 241 291 439
1494 2 11 20 25 28 30 34 142 174 244 279 294 355 366 429 533 539 577 582 612 638 735 751 755 760 780 787 791 797 809 828 832 853 862 866 871 877 881 932 953 993 1015 1055 1076 1110 1232 1264 1266 1325 1627 1697 1847
1495 72 108 129 132 137 153 172 181 190 213 230 259 304 312 347 370 407 426 463 465
1496 53 54 90 92 146 159 199 216 228 262 309 338 426
1497 37
1498 266
1499 16 97 529 760 1266 1462
1500 25 34 304 355 367 454 455 527 528 531 532 533 536 537 538 544 553 557 558 559 575 576 577 579 582 585 589 590 594 596
1501 442
1502 37
1503 3 88 152 294 335 436 523 529 536 539 579 598 611 627 736 760 780 791 800 805 810 835 888 900 908 971 1043 1055 1094 1168 1276 1361 1450 1530
1504 68
1505 1 2 25 27 28 30 34 72 80 88 108 133 142 166 172 174 190 209 242 259 271 279 285 294 300 318 407 468 484 505 523 529 533 534 535 539 555 558 577 580 582 596 603 604 611 636 638 674 681 736 748 750 752 753 755 760 761 762 769 771 775 778 779 780 783 784 788 789 791 797 798 801 802 803 809 812 817 822 828 846 852 853 858 859 860 866 871 888 893 894 895 898 912 921 929 937 940 949 954 956 961 971 991 995 1002 1028 1055 1076 1077 1135 1136 1159 1163 1171 1221 1266 1270 1271 1272 1279 1295 1302 1306 1314 1324 1333 1349 1350 1353 1376 1378 1397 1419 1456 1457 1469 1489 1504 1510 1511 1515 1535 1587 1621 1670 1688 1711 1761 1789
1506 16 448
1507 2 407 570 760 956
1508 280 294 523 529 627 775 789 797 827 852 859 866 934 937
1509 1 2 11 20 30 34 294 388 426 523 529 534 539 561 584 611 624 627 638 747 749 750 755 759 761 773 780 791 815 827 830 847 852 853 857 859 860 871 872 874 880 882 886 921 932 945 954 979 1027 1031 1037 1042 1084 1215 1325 1356 1883
1510 2 19 20 30 51 66 85 88 97 136 138 150 166 174 204 219 244 248 265 279 304 344 356 468 474 523 529 539 557 582 589 604 627 638 641 681 716 721 747 750 752 753 755 758 760 765 766 780 781 787 791 795 809 811 828 832 837 839 846 852 853 868 869 871 877 886 895 902 971 1106 1144 1197 1266 1276 1325 1375 1397 1613 1840 1925
1511 241
1512 442
1513 17 18 24 294 405 435 440 500 627 638 755 780 791 888 944
1514 34
1515 229
1516 241
1517 187 354 449
1518 111
1519 365
1520 2 20 34 149 221 534 539 627 762 763 772 775 784 789 809 827 852 859 864 867 888 934 1017 1042 1057 1059 1302 1634
1521 176 186 280
1522 1 2 20 28 34 88 228 279 523 529 539 596 638 641 736 737 738 748 750 751 752 761 769 789 797 798 803 809 817 827 844 853 858 864 866 886 896 940 945 954 1095 1106 1172 1255 1471
1523 1 2 61 136 304 529 536 582 603 638 750 752 753 755 762 921 940 1216 1682
1524 465
1525 221 304
1526 334 437
1527 2 4 5 11 20 25 27 28 30 34 40 76 87 97 142 212 221 244 297 304 355 365 389 403 444 450 459 484 490 500 505 512 523 529 534 536 537 538 539 590 611 612 627 638 698 722 725 747 750 755 759 760 761 765 768 780 781 784 787 789 791 797 809 815 820 825 827 828 830 832 839 864 871 874 881 884 886 890 904 920 922 954 963 968 1000 1046 1071 1155 1159 1209 1259 1269 1292 1293 1296 1325 1399 1424 1636 1666 1850
1528 334 437
1529 1 2 5 20 158 420 422 468 627 688 753 773 789 853 867 1399 1647
1530 17 18
1531 227
1532 181
1533 431
1534 2 351 355 529 533 536 853 859 894 924 971 1144 1225
1535 72 181 304 426 465
1536 68 218 269
1537 304
1538 102
1539 69
1540 1 2 5 20 28 34 52 67 87 88 99 134 142 174 196 221 225 227 233 279 347 353 389 405 468 485 505 529 531 533 534 536 538 577 590 612 624 627 628 638 664 698 747 748 750 753 755 760 768 769 780 787 791 795 798 808 817 821 822 828 831 853 861 865 868 871 877 884 886 890 895 922 924 939 945 954 956 968 998 1041 1084 1103 1159 1232 1285 1296 1404 1424 1516 1728 1770
1541 218
1542 288 289
1543 298 373
1544 291
1545 57 430
1546 266 267
1547 280
1548 73
1549 74 136 182 211 241 472
1550 280
1551 26 34 37 53 86 216 221 300 304 309 325 403 405
1552 74 239 255 284 311
1553 142 304
1554 24
1555 2 11 20 30 34 180 221 236 294 310 341 388 405 409 412 442 468 523 534 539 550 556 557 577 589 612 639 641 664 681 716 721 736 752 755 759 760 780 786 787 791 795 798 804 809 811 817 830 832 853 854 855 860 862 871 888 892 921 927 949 957 1003 1037 1127 1132 1144 1187 1194 1292 1333 1350 1373 1432 1502 1539 1915
1556 34
1557 34
1558 45 68 118 220 266 267 304 421 443 475
1559 3
1560 425
1561 304 360 418 426
1562 211
1563 188
1564 12
1565 300 304
1566 24
1567 136 436
1568 118
1569 34 355 529 589 627 738 753 869 882
1570 181 426
1571 149
1572 70
1573 304 475
1574 175 436
1575 12 34 64 68 76 86 104 120 123 136 143 175 182 210 211 222 238 240 241 304 314 337 343 347 349 363 436 459 472
1576 2 25 28 188 197 279 529 536 539 552 627 638 738 748 750 751 752 753 787 797 817 832 858 861 866 869 888 893 908 979 1046 1064 1263 1692 1863
1577 31 144 336 345
1578 90 92 159 262 338 426
1579 68
1580 287 308 408 434 450
1581 451
1582 1 85 174 294 300 355 420 422 468 536 538 582 604 635 747 791 809 839 867 871 904 1022 1144 1161 1221 1226
1583 1 2 19 20 25 28 97 114 115 142 192 197 221 323 335 346 405 471 484 485 523 529 534 535 536 537 538 550 557 589 612 638 641 656 681 688 722 738 752 753 759 760 761 764 773 775 780 786 787 791 797 798 808 809 817 822 828 832 835 853 856 868 869 871 874 879 888 891 894 895 902 921 924 929 937 941 991 995 1045 1077 1096 1117 1132 1136 1166 1202 1213 1221 1291 1325 1399 1406 1410 1466 1598 1742 1880 1951
1584 61 136 304
1585 185 254
1586 304
1587 1 2 15 529 539 750 753 760 762 769 803 809 864 940 956 959
1588 304
1589 285
1590 69
1591 68 187 220 266 267 294 304 354 421 449 475
1592 34 118 229
1593 175 436
1594 30 387
1595 229
1596 20 34 97 99 456 523 529 533 536 539 577 638 764 781 799 824 827 837 877 888 962 1058 1159 1276 1779
1597 17 18 24 435
1598 214 217
1599 68
1600 241
1601 304 475
1603 201 350
1604 239 311
1605 2 11 17 20 25 28 32 34 60 307 318 335 355 527 528 529 531 532 533 534 535 536 537 538 539 540 541 542 543 544 545 546 547 548 549 550 551 553 554 555 556 557 558 559 560 563 565 575 576 577 579 582 585 589 590 594 596 600 602 603 606 628 629 630 631 632 633 634 635 636 637 668 691 726 727 728 729 730
1606 11 25 40 88 99 157 244 294 335 409 523 529 539 561 582 589 596 603 611 746 750 751 752 753 754 755 769 780 786 791 809 832 835 853 855 857 860 869 871 874 880 881 885 888 921 925 956 958 987 1122 1146 1218 1266 1333 1350 1451 1465 1513 1595 1618 1688 1726 1784 1927 1995
1607 21 149 304 442
1608 13 19 23 34 64 68 71 84 103 118 149 173 181 215 226 241 290 304 316 335 357 372 390 457 458 461
1609 352
1610 221 304
1611 12 13 227 436 465
1612 244
1613 13 23 34 68 104 123 215 226 238 240 241 280 314 347 390 459 461
1614 456
1615 12 13 19 23 34 60 64 68 71 84 103 118 149 173 181 215 226 234 277 290 304 335 347 372 390 436 461
1616 108 172 230 259 407 465
1617 16 448
1618 34
1619 451
1620 80 301
1621 407 787 809 864 940
1622 15 407
1623 228
1624 68
1625 448
1626 106 134 222 334 437
1627 21 43 467
1628 68 280
1629 2 20 25 27 28 30 34 40 51 53 63 97 98 99 112 208 221 233 294 297 335 352 355 389 459 468 485 490 505 523 529 531 533 534 536 537 538 539 557 575 579 582 589 596 603 611 612 618 624 627 638 709 711 716 735 736 737 744 749 750 751 753 759 760 761 762 764 773 775 779 780 781 787 789 791 797 799 803 807 808 809 815 817 822 825 827 828 830 832 834 839 846 852 853 859 860 864 868 869 871 874 877 880 886 889 890 891 895 904 906 907 911 912 922 924 925 929 930 931 936 939 954 968 997 1000 1001 1003 1013 1042 1043 1046 1048 1071 1073 1076 1110 1118 1136 1140 1144 1147 1159 1198 1209 1218 1221 1232 1249 1253 1264 1271 1288 1296 1364 1390 1399 1424 1448 1656
1630 2 11 27 30 34 53 61 88 97 112 128 136 192 221 294 304 352 365 459 505 512 523 529 535 537 539 577 582 612 618 627 638 747 748 756 760 771 776 780 788 795 800 808 809 832 853 859 864 871 879 891 923 924 948 953 968 991 993 1046 1055 1144 1164 1271 1302 1305 1308 1376 1379 1498 1686 1741 1985 2003
1631 247 428
1632 241
1633 464
1634 111 142 304
1635 239 311
1636 70
1637 1 2 5 11 14 16 19 20 27 28 30 34 40 51 76 85 87 91 97 114 117 118 125 128 130 131 142 149 162 166 175 183 184 192 210 212 221 234 241 247 279 287 288 289 294 297 302 303 304 327 335 337 339 347 352 355 388 423 436 444 445 451 452 468 474 478 484 485 505 523 529 534 535 539 555 557 561 582 584 589 596 611 612 618 619 627 638 656 681 698 699 721 736 737 738 746 748 750 751 752 753 754 755 758 759 760 761 763 764 769 771 772 773 775 779 780 784 786 787 789 795 797 798 809 822 827 828 830 832 835 837 838 852 853 854 858 859 860 861 864 866 868 871 872 875 876 879 880 883 884 886 888 891 895 899 907 908 917 920 921 930 932 934 939 949 950 956 968 970 971 973 976 988 990 991 995 1000 1013 1014 1017 1018 1019 1026 1034 1041 1042 1057 1059 1066 1076 1084 1091 1106 1144 1149 1168 1172 1179 1194 1207 1221 1232 1253 1259 1266 1279 1292 1302 1324 1330 1408 1417 1425 1426 1448 1504 1544 1633 1652 1776 1903 1917 1947 2015
1638 88 255 284 294 296 619 638 670 681 738 755 771 791 858 960 973 991 1163 1795 2040
1639 199 539
1640 17 18
1641 425
1642 71
1643 367 454 455
1644 12
1645 1 2 5 11 20 26 27 28 30 34 40 63 85 86 174 287 294 304 335 355 389 405 409 430 468 485 491 523 529 534 535 536 537 539 555 567 577 582 590 596 604 611 612 638 650 656 680 698 709 716 722 725 738 747 748 750 752 753 759 760 768 769 771 773 775 780 784 787 789 791 798 809 815 817 822 824 827 831 832 839 844 849 852 853 854 855 858 859 866 871 874 877 878 883 884 890 895 904 912 917 920 922 924 925 930 937 940 946 948 954 956 968 971 1000 1015 1072 1082 1103 1106 1143 1149 1159 1185 1234 1242 1271 1276 1302 1315 1326 1380 1394 1397 1437 1463 1598 1627 1721 1788 1802 1860
1646 294 304
1647 34 68 191 239 255 278 284 296 311 421
1648 67
1649 14 15 16 354
1650 34
1651 34
1652 229
1653 31 144 336 345 425
1654 20 170
1655 304
1656 1 2 16 20 25 27 28 34 88 104 149 166 174 214 217 234 279 294 304 355 388 471 484 505 523 529 533 534 535 536 539 555 556 577 582 589 611 612 618 619 627 638 736 738 748 750 752 753 755 759 760 761 762 763 768 769 773 778 779 780 784 787 789 795 797 798 799 803 808 809 810 812 817 827 828 831 839 850 853 857 858 859 860 864 866 867 871 881 882 888 893 895 896 898 906 912 917 925 927 929 930 934 940 941 942 956 986 995 1012 1043 1046 1060 1076 1077 1082 1096 1132 1136 1266 1278 1279 1292 1295 1302 1333 1349 1350 1410 1415 1511 1543 1600 1687 1745 1891 2049
1657 228
1658 229
1659 99 185 254 294 539 764 828 880 902 905 993 1204 1266 1271 1324 1333 1350 1635
1660 218
1661 83 105 123 264
1662 131 229 433
1663 24
1664 1 2 25 34 88 322 372 461 539 624 638 735 748 750 752 753 760 769 797 822 844 853 866 888 890 891 902 940 949 1045 1159
1665 133 304
1666 19 429
1667 83 105 123 223 264 441 481
1668 53 54 216 309 791 853 1159
1669 306
1670 162 466
1671 218
1672 39 45 443
1673 294 304
1674 229
1675 389
1676 51 85 138 150 174 219 265 304
1677 68
1678 26 86
1679 391 393
1680 2 20 28 97 142 149 304 523 539 577 579 627 746 752 763 767 772 775 784 789 809 824 827 852 853 858 859 871 934 962 970 986 1000 1014 1017 1030 1057 1059 1096 1135 1232 1310 1634 1645
1681 96 417
1682 142 149 304 539
1683 450
1684 71
1685 14 15 16 80 101 156 301 354 381
1686 304 334 437
1687 1 2 20 25 28 63 68 88 97 233 294 355 468 523 529 535 577 582 590 638 705 738 748 750 752 753 769 775 780 789 797 798 799 817 822 827 852 853 855 859 860 864 869 871 882 893 895 898 927 937 940 969 998 1007 1041 1066 1068 1193 1242 1281 1308 1314
1688 100 160 260 480
1689 68
1690 68 218 269
1691 300 304
1692 68
1693 346
1694 149
1695 100 160 260 480
1696 136 294 379
1697 15 119 170 299 385 477
1698 14 15 16 354
1699 298 373
1700 28 30 44 247 405 539 552 618 638 735 738 748 752 753 777 797 809 821 851 853 858 884 919 921 929 973 991 1042 1263 1438 1690
1701 1 11 20 34 97 174 209 212 221 294 297 307 485 536 537 555 577 589 612 627 638 698 721 738 748 759 760 764 767 775 779 780 795 804 815 827 832 852 856 878 885 888 890 902 907 930 934 948 954 1017 1032 1090 1132 1218 1448
1702 425
1703 223 441 821
1704 190
1705 1 2 5 11 12 13 20 25 28 30 34 97 99 152 234 294 365 372 389 436 523 529 531 533 534 535 536 537 539 551 556 561 567 570 590 596 611 612 627 638 641 688 722 736 737 738 745 747 753 755 760 764 769 787 793 795 797 798 800 802 808 809 815 817 828 830 831 832 847 853 860 869 871 874 877 886 890 899 921 924 925 927 931 932 939 954 982 988 993 1003 1007 1011 1017 1041 1046 1048 1077 1103 1118 1134 1140 1185 1191 1221 1272 1323 1333 1334 1359 1379 1477 1590 1644 1687 1723 1808 1836
1706 19
1707 37
1708 221 304
1709 29 307
1710 16 30 322 387 461
1711 280
1712 68 292
1714 66 166 204 248 344 356 474
1715 280 334 437
1716 176 186 304
1717 2 5 20 27 30 34 76 97 99 131 221 234 294 335 355 365 388 389 403 433 451 459 468 491 523 529 533 534 536 539 556 557 582 589 590 596 603 627 638 722 732 745 747 750 751 765 777 787 807 809 827 830 832 841 846 853 855 860 864 871 874 877 885 890 895 930 939 941 954 972 988 1110 1140 1234 1252 1325 1609 1610 1633 1820
1718 96 417
1719 361
1720 1 2 5 11 19 20 25 27 28 30 34 51 53 71 76 85 88 97 99 158 166 174 192 209 233 234 279 294 355 365 372 389 405 420 422 451 468 490 523 529 531 534 535 536 539 540 541 542 543 544 545 546 547 548 549 550 556 580 582 590 596 604 612 617 618 619 620 621 622 623 624 625 626 627 638 641 666 670 674 688 699 709 721 736 738 747 748 750 752 753 755 756 760 761 762 768 769 771 773 775 779 780 781 783 784 786 787 789 791 797 798 800 803 804 805 809 811 815 817 819 822 827 828 830 832 839 846 851 852 853 858 859 860 861 864 866 867 868 869 870 875 876 878 884 886 888 890 891 896 898 903 909 921 922 924 932 940 954 956 971 974 982 993 1000 1011 1026 1028 1034 1042 1046 1082 1095 1107 1136 1153 1158 1191 1205 1257 1302 1314 1322 1325 1326 1353 1360 1388 1405 1445 1457 1535 1556 1568 1648 1664 1687 1984 2011 2012
1721 58
1722 106 134 210 222 280 347
1723 308 364 453
1724 1 2 17 18 20 24 25 28 34 45 53 297 365 435 440 443 468 484 523 529 555 618 627 638 748 749 750 753 755 759 760 763 784 789 795 797 798 806 809 832 837 858 866 875 888 898 929 930 940 958 1017 1102 1446 1606 1826 1854
1725 229
1726 20 111 670 796 812 859 879 1185
1727 304
1728 280
1729 66 166 204 248 344 356 474
1730 2 11 20 28 30 34 88 99 138 212 236 294 372 409 523 529 536 589 590 596 603 612 638 641 696 699 722 737 748 755 759 760 771 780 787 797 799 807 809 810 832 835 850 854 855 864 865 867 869 871 885 891 921 976 983 988 991 995 1018 1070 1082 1084 1094 1110 1127 1129 1136 1144 1159 1221 1278 1303 1325 1350 1374 1451 1462 1464 1465 1502 1760
1731 161 212 252 286 342 359 423
1732 230 261
1733 34 98 99 229 297
1734 70
1735 407 752
1736 72
1737 352
1738 334 437
1739 27 219 244 335 408 557 589 603 716 725 738 749 759 773 789 832 924 1373 1609
1740 145
1741 21 68 291
1743 298 373
1744 62
1745 24
1746 2 5 11 20 28 30 34 335 355 365 366 372 484 485 523 531 533 534 539 556 557 561 575 577 579 582 590 596 603 612 627 638 722 733 736 737 745 750 752 753 760 768 783 785 787 822 828 830 831 832 841 846 852 853 864 865 871 874 885 886 890 896 925 932 939 949 959 972 988 1118 1233 1258 1330 1348 1444
1747 14 15 16 160 201 202 209 228 349 350 352 354 453
1748 142 304
1749 50 206 362
1750 24
1751 1 34 36 397 398 399 400 401 402 403 404 406
1752 21 427
1753 34 68 74 191 229 252 269 280 335 347 459
1754 221
1755 1 2 25 28 31 144 145 336 345 388 468 505 529 536 556 596 611 709 722 747 749 759 761 763 779 789 815 828 830 852 853 857 859 860 872 894 932 954 956 1017 1055
1756 73 116 383 386 431
1757 106 134 222
1758 224 331
1759 24
1760 249 287 311 482
1761 425
1762 1 2 25 28 63 149 181 529 531 539 570 582 604 618 627 638 736 748 750 752 755 760 763 769 789 797 809 817 822 853 864 880 898 956 1002 1003 1302 1325 1493
1763 185 254
1764 407
1765 395
1766 381
1767 38 47 56 378
1768 282
1769 118 529 760 809 860 884
1770 24
1771 17 18
1772 17 18
1773 34
1774 101 156
1775 296 407
1776 298 373
1777 18
1779 45 68 218 252 269 443
1780 2 99 365 529 557 603 638 779 795 797 809 822 877 924 983
1781 181
1782 451
1783 181
1784 34
1785 304
1786 276 473
1787 244
1788 34
1789 244 248
1790 19 57 127 192 536 666 721 769 780 839 848 856 902 921 974 1047 1094 1276 1325 1380 1400 1402 1450 1635 1847
1791 64 403
1792 83 105 123 176 186 199 223 264 441 481
1793 255 284 296
1794 420
1795 280
1796 453
1797 1 2 11 21 25 28 34 67 79 88 97 128 142 149 166 276 280 297 355 388 442 523 528 529 534 535 537 538 557 577 589 600 619 625 627 638 681 692 693 722 738 750 752 753 755 758 784 786 789 797 809 817 821 827 828 830 852 853 856 859 860 861 869 871 874 875 881 883 888 891 895 933 934 970 988 993 1013 1014 1017 1026 1034 1057 1203 1304 1448 1532 1705
1798 37
1799 304
1800 422
1801 227
1802 17 440
1803 456
1804 28 300 304 539 753 769 797 817 985 1511 1900
1805 83 105 123 199 264
1806 304
1807 348
1808 17 18 24 435 440
1809 100 160 260 480
1810 74
1811 192
1812 170
1813 18
1814 68 218 269
1815 68
1816 311
1817 451
1818 25 28 128 288 289 539 561 624 636 638 738 750 760 789 852 859 921 954 1017 1034 1084 1163 1325 1334
1819 276 473
1820 282
1821 176 186
1822 407
1823 422
1824 87 91 114 117 130 183 184 241 247 287 302 303 327 337 339 444 445
1825 90 92 159 262 338 426
1826 304
1827 34
1828 2 34 352 355 420 529 627 752 789 821 876 1065
1829 304
1832 342 413 414 415 416
1833 34
1834 322 461
1835 17 18 407 432
1836 1 11 19 34 97 111 209 365 536 638 736 759 760 764 775 780 795 832 847 853 856 885 888 968 993 1017 1032 1081 1092 1179 1251 1349
1837 391 393
1838 304
1839 351 396
1840 255 284
1841 322 461
1842 20 149 355 523 582 589 722 753 757 763 775 784 789 797 827 853 859 861 925 934 959 1000 1017 1026 1038 1042 1084 1100 1141 1410 1438
1843 34 335
1844 34 45 68 74 229 252 269 280 308 335 347 425 434 443 459
1845 211
1846 2 25 27 28 68 99 173 174 294 304 335 451 529 536 537 580 584 611 612 627 638 656 735 736 738 750 753 759 760 763 768 773 780 791 795 809 817 824 837 853 860 866 871 892 901 912 921 924 929 949 983 993 1020 1043 1077 1111 1249 1266 1272 1302 1343 1393 1402 1425 1438 1464 1645 1874 1963
1847 2 436 529 670 750 780 795 832 849 1188
1848 451
1849 106 134 222
1850 2 19 20 25 30 34 99 294 505 523 529 534 577 582 596 638 721 736 749 750 755 760 768 773 780 787 809 817 832 847 853 864 871 877 884 886 894 927 929 931 968 986 993 1003 1095 1110 1140 1159 1232 1292 1322 1390 1517 1697 1889
1851 38 47 56 378
1852 442
1853 304 371
1854 448
1855 1 2 20 25 28 30 133 355 529 536 551 556 596 627 638 736 737 748 750 751 752 753 755 760 769 791 793 797 809 817 821 827 832 838 847 853 858 864 893 895 922 929 954 955 956 979 982 985 1003 1006 1015 1216 1323 1374 1510 1706 1787 2038
1856 228
1857 15 121 122 124 193 354
1858 194 408 425
1859 2 11 20 25 28 30 34 51 63 85 87 88 97 149 166 247 294 297 352 451 529 534 536 538 539 550 555 556 579 582 589 604 627 638 656 670 709 721 722 738 748 750 752 753 755 757 760 761 768 778 780 784 791 797 799 803 807 809 810 817 820 822 827 830 831 832 839 852 853 854 857 860 861 864 866 868 869 871 876 878 883 886 888 890 893 896 898 901 906 908 912 915 928 937 939 945 956 957 959 966 973 983 986 987 1003 1007 1013 1018 1039 1043 1045 1046 1054 1058 1067 1094 1111 1115 1168 1182 1203 1233 1249 1250 1258 1266 1267 1271 1278 1285 1296 1333 1358 1497 1536 1688 1882
1860 1 20 294 388 407 523 529 539 557 561 603 638 735 736 748 750 753 768 769 787 809 832 858 861 864 888 940 969 1045 1302 1304
1861 100 160 260 480
1862 304 475
1863 211
1864 148
1865 342
1866 37
1867 334 437
1868 239 311
1869 266 267
1870 431
1871 185 254
1872 1 2 25 28 88 199 388 529 531 536 539 556 582 596 618 638 698 709 738 748 750 751 752 755 760 762 763 769 787 797 803 809 817 822 853 858 859 861 864 866 871 889 895 898 912 956 959 979 983 998 1007 1360 1420 1502 1512 1718
1873 19
1874 72
1875 203
1876 311
1877 34
1878 288 289
1879 149
1880 39 50 68 93 94 128 152 154 206 292 308 326 362 364 431 453
1881 256 257 283
1882 34
1883 274
1884 34
1885 135
1886 322 461
1887 247 428
1888 304
1889 75 97 315 512 638 775 1779
1890 185 254 759 764 856 902 993
1891 24
1892 34
1893 307
1894 2 11 20 25 280 335 355 405 527 528 529 530 531 532 533 534 535 536 537 538 551 553 554 557 558 562 575 589 594 600 602 603 689 695 743 744 745 746
1895 104 304 471
1896 280 619 761 791 991
1897 211
1898 57 127 880
1899 309 313
1900 34
1901 464
1902 269
1903 1 30 62 140 142 192 258 268 279 294 298 373 377 410 411 444 529 582 589 618 733 745 760 764 765 767 839 891 897 902 993 1047 1112 1272 1293 1325 1635 2034
1904 21 43 467
1905 45 407 443
1906 2 27 28 30 68 529 611 612 738 750 759 779 809 921 924 1046 1977
1907 16 27 30 174 191 279 365 468 523 529 538 627 638 656 670 681 752 759 760 780 787 789 791 802 832 853 854 871 895 903 939 940 1084 1118 1144 1221 1350 1816
1908 1 5 128 149 439 539 619 638 753 755 827 1282 1740 1761
1909 239 255 284 311
1910 24
1911 145
1912 72
1913 260
1914 68
1915 68 280
1916 142 304
1917 280
1918 2 5 11 25 27 28 30 34 88 97 142 221 233 234 294 335 355 365 372 403 468 491 517 529 531 533 534 536 538 539 552 556 557 570 577 579 582 589 590 596 603 611 618 627 638 641 664 709 711 722 735 736 737 738 745 748 751 752 760 761 769 771 778 780 783 787 795 798 817 822 824 828 830 831 832 850 852 853 859 860 864 865 866 869 870 871 874 875 876 877 881 884 886 889 890 892 895 904 921 930 937 939 940 945 948 949 954 956 958 963 969 972 983 985 986 1000 1004 1029 1032 1060 1103 1110 1139 1155 1197 1281 1288 1296 1302 1308 1325 1338 1342 1362 1492 1527 1609 1910
1919 251
1920 221
1921 145
1922 291
1923 269 342 413 414 415 416
1924 280
1925 203
1926 2 27 28 34 40 85 112 128 294 300 355 529 534 537 611 612 627 638 748 759 760 787 789 797 832 859 879 896 902 904 923 924 968 971 1106 1110 1191 1198 1310 1325 1404 1483 1889
1928 68
1929 229
1930 423
1931 3
1932 228
1933 68
1934 1 2 25 28 63 365 389 468 529 533 535 539 603 627 636 638 716 736 737 738 748 750 752 753 762 769 779 786 789 797 803 811 858 866 876 895 921 937 1017 1082 1094 1136 1169 1292 1315 1353 1376 1378 1437 1502 1515 1758 1761
1935 20 148 751 753
1936 21 43 467
1937 292
1938 14 15 16 354
1940 2 20 34 138 150 174 287 294 405 468 529 535 539 604 612 627 638 639 699 709 735 755 760 769 780 784 787 789 791 795 803 808 809 832 853 858 866 876 881 886 891 930 931 1037 1070 1146 1163 1185 1249 1322 1325 1384 1467
1941 1 2 4 20 25 28 34 53 459 529 534 596 612 699 709 737 738 779 803 822 864 871 890 930 1000 1013
1943 34 403
1944 401
1946 680 823 950 991 1287 1324 1547 1791
1947 403
1948 403
1951 403
1953 1 401
1955 34 403 405
1957 2 25 27 34 51 149 405 529 531 533 536 538 539 557 570 577 579 582 589 590 596 603 638 711 736 750 752 760 769 781 798 815 822 864 865 875 877 886 889 907 945 954 1018 1041 1043 1443 1500
1959 1 2 11 20 28 34 97 99 128 166 234 247 405 474 529 535 536 539 556 582 589 590 603 618 627 638 735 760 775 785 799 800 809 817 827 830 832 852 853 854 859 866 869 871 876 879 883 884 886 895 915 921 924 949 983 986 991 1003 1007 1011 1043 1070 1147 1159 1168 1243 1244 1245 1285 1572
1961 538 670 776 866 1072 1315 1326 2053
1964 2 20 25 28 30 34 88 97 99 192 209 221 247 294 484 485 500 539 612 638 747 748 768 780 791 803 804 809 817 832 839 846 864 871 911 976 995 1096 1117 1202 1221 1271 1272 1286 1300 1314 1406 1453 1496 1690
1965 2 11 20 27 76 85 234 294 389 430 500 523 539 612 627 638 681 699 716 721 755 759 760 768 786 791 808 809 832 839 858 912 954 1082 1091 1135 1144 1221 1350 1353
1966 1 34 401 403 405
1967 1 401 403 405
1968 2 11 20 25 27 28 30 34 88 99 162 174 221 244 335 355 384 389 403 420 484 491 505 523 529 531 534 536 537 538 539 555 590 611 612 618 638 698 709 716 722 735 738 744 750 753 759 760 771 775 776 779 780 784 787 791 809 815 817 820 821 822 827 828 832 853 854 858 864 866 868 869 871 877 878 883 884 886 888 891 898 904 922 924 930 939 945 946 948 954 968 993 1000 1009 1024 1034 1042 1044 1046 1060 1071 1088 1090 1103 1106 1117 1132 1140 1143 1159 1191 1205 1209 1269 1272 1296 1326 1397 1463 1547 1766 1783 1983
1969 1
1971 34 403 405
1972 355 585 618 725 781 884 921
1975 28 34 294 500 539 551 552 584 612 627 638 752 753 775 780 795 799 803 817 832 853 854 879 883 895 929 954 973 983 987 991 1115 1144 1159 1160 1265 1325
1976 403
1978 797
1983 405
1986 2 20 25 174 405 486 500 527 528 529 530 531 532 533 534 535 536 537 538 539 557 589 612 627 638 709 736 751 786 787 791 809 832 1330
1988 34
1989 2 459 505 638 781 787 832 853 904 922 930 1046
1990 1 401
1991 5 27 51 212 234 355 389 529 531 533 552 585 618 630 725 749 781 807 821 853 871 884 911 1624 2002 2014
1992 1
1994 1 19 294 468 534 604 871 1161
1995 1 401 403 405
1997 2 88 142 174 294 355 405 539 566 577 627 635 638 665 681 750 752 760 769 787 791 809 822 832 846 853 887 895 940 1037 1082 1193 1221 1464 1570 1713
2000 403
2003 34 403 405
2010 1 2 11 20 25 27 30 34 51 67 99 128 149 192 221 234 294 355 365 366 403 409 459 523 529 531 533 535 536 538 539 551 555 556 557 561 570 575 577 582 589 590 596 603 611 612 618 627 638 664 681 692 698 699 709 711 725 732 735 736 739 745 747 753 759 760 769 773 777 780 783 791 798 809 817 822 828 830 832 849 850 853 859 862 864 866 869 871 875 876 877 884 886 888 890 891 920 924 925 930 939 945 954 955 956 982 988 993 997 1000 1003 1011 1019 1038 1046 1048 1056 1071 1072 1073 1084 1095 1103 1140 1146 1150 1159 1217 1266 1288 1289 1290 1292 1302 1330 1348 1351 1379 1442 1449 1456 1457 1474 1493 1498 1546 1811 1812 1836 1855 1860 1866
2012 401
2013 1
2017 2 5 11 30 34 403 529 539 656 709 711 736 737 760 781 815 876 884 939 995 1379 1500
2018 1 401
2019 1 401
2020 34 638 738
2021 1 2 4 20 25 27 28 30 88 99 221 244 355 389 523 529 537 538 539 577 585 589 590 604 620 624 638 711 737 749 752 760 781 789 795 797 809 822 846 853 864 866 869 877 886 897 904 924 929 932 937 939 954 996 1003 1047 1084 1095 1100 1143 1158 1164 1205 1275 1325 1556 1975
2023 34 403
2024 403
2025 1
2026 403
2031 34 401
2036 403
2037 2 53 85 174 430 523 604 628 638 664 789 808 834 853 886 903 949 978 1005 1010 1015 1144 1172 1186 1191 1197 1417 1418 1419 1648
2038 2 20 27 28 51 166 221 355 365 389 485 523 529 537 539 556 557 570 589 590 596 611 618 698 711 714 719 736 737 738 759 760 781 800 809 817 822 827 828 851 853 859 864 866 871 884 886 924 929 932 954 982 996 1000 1048 1103 1151 1330 1379 1490 1976
2040 403
2043 2 99 262 355 486 539 674 676 748 760 832 940 1174 1339
2044 34
2045 1 401
2046 2 142 264 294 355 405 485 500 665 716 780 786 791 809 837 846 853 886 929 1154 1194 1221 1232 1687
2053 403
2054 401 539
2055 34 403
2056 405
2057 1 401
2058 34 403 405 575 813
2059 2 88 294 529 534 638 639 755 760 769 780 802 835 881 1316 1376
2060 403
2063 403
2064 403
2066 1 2 16 20 27 28 30 34 53 99 234 355 389 403 409 485 523 529 533 535 537 538 539 545 551 552 555 556 579 582 589 590 596 618 620 627 638 683 692 694 698 709 711 714 719 732 735 736 737 738 760 768 769 773 780 781 791 795 798 799 809 815 817 822 832 847 849 850 853 864 866 869 871 875 884 886 889 890 895 911 925 929 930 939 945 954 991 996 1003 1011 1015 1021 1037 1046 1048 1072 1095 1103 1110 1122 1146 1292 1302 1322 1373 1379 1398 1449 1494 1500 1510 1955 1993 2054 2055
2069 808
2071 401
2072 2 20 25 30 34 51 88 221 287 300 341 355 389 403 459 468 484 505 529 533 536 537 539 589 596 612 618 619 628 638 709 711 719 735 738 760 761 770 781 784 795 809 815 817 821 828 831 846 853 877 884 890 894 929 968 996 1048 1055 1073 1103 1288 1296 1312 1338 1405 1424 1510 1593 1639 1780 1922
2073 403
2074 401
2079 1 355 389 401 500 507 529 535 539 625 638 692 725 735 781 830 846 853 884 954 1041 1288 1698
2081 2 11 20 28 30 34 166 221 365 366 388 459 484 529 534 537 556 603 612 638 698 709 722 736 737 745 747 752 753 760 768 787 830 860 874 886 890 988 1179 1292
2082 1 401
2084 1 2 25 27 28 30 34 53 85 209 234 244 294 355 409 420 491 507 523 529 531 533 534 535 536 537 538 539 545 551 552 557 577 579 582 589 590 596 603 611 618 624 627 638 641 681 692 703 709 716 719 721 725 736 737 739 753 757 760 778 781 787 789 791 795 798 799 809 817 832 835 839 846 851 853 854 860 864 868 869 876 879 880 884 886 890 895 897 908 911 922 924 925 929 939 949 952 955 963 983 984 991 995 997 1003 1038 1041 1046 1060 1075 1084 1110 1140 1144 1191 1267 1289 1296 1318 1330 1333 1357 1359 1379 1394 1425 1449 1476 1498 1504 1526 1642 1689 1699 1708 1719 1734 1895 1994
2085 403
2088 1 401
2089 294 539 627 1015
2092 34
2093 2 234 355 529 534 535 539 552 618 638 714 781 929
2095 401 405
2097 25 99 486 523 664 674 735 760 786 797 809 818 940 956 1174 1339 1709 1761
2099 403
2102 403
2103 2 11 20 85 97 150 174 294 468 537 539 577 604 627 638 681 699 752 760 786 791 809 817 831 832 942 1144 1163 1302 1350 1380 1397 1441 1462 1502 1543 1648
2108 85 808 834
2109 1 2 11 20 30 335 365 529 531 533 534 556 612 627 722 735 745 747 759 798 799 815 817 830 832 853 860 876 890 949 988 1115 1442 1923
2112 34
2117 2 114 570 596 618 705 780 784 795 799 832 853 854 879 895 1127
2120 34 403
2121 1 2 11 20 28 30 34 40 51 53 88 97 99 128 149 166 174 192 212 244 294 335 352 355 365 388 405 422 444 451 468 484 486 507 512 523 529 534 535 536 556 557 582 589 590 596 604 612 618 619 627 636 638 688 696 705 735 736 738 747 752 754 755 759 760 769 780 787 789 791 809 822 824 828 830 831 832 837 846 852 853 854 855 857 859 860 871 872 876 877 884 890 891 903 920 921 922 924 939 940 947 962 971 973 975 976 983 986 995 1058 1060 1074 1112 1115 1125 1144 1168 1194 1211 1215 1221 1235 1258 1308 1333 1350 1404 1489 1512 1532 1538 1804 1829
2122 2 4 34 51 53 244 355 459 468 517 529 533 535 539 555 570 627 638 698 703 709 735 753 780 783 787 822 846 853 869 876 884 945 991 1047 1061 1103 1110 1140 1161 1232 1237 1247 1663 1741 1824 1847
2126 2 20 27 28 85 88 130 335 523 529 539 552 575 579 627 628 638 746 751 752 789 795 817 853 869 871 895 931 998 1490 1585 1804
2130 1 149 174 355 365 403 529 531 533 535 539 558 577 579 596 603 736 748 751 753 759 768 769 773 780 798 817 844 847 868 875 892 904 931 939 956 983 996 1003 1018 1029 1072 1095 1140 1146 1148 1151 1322 1351 1358 1405 1461 1489 1567
2131 209 550 666
2132 2 20 25 40 142 149 174 262 294 355 389 405 468 523 529 535 641 681 699 721 736 737 760 765 775 780 786 787 789 791 809 827 832 839 853 859 860 871 920 991 1144 1221 1276 1353 1417 1536 1687
2134 34 401 403
2135 1
2136 1 2 16 20 27 30 34 112 221 287 294 355 420 491 505 534 545 555 612 628 638 709 711 722 735 736 738 744 753 759 760 781 825 846 853 884 891 904 909 922 939 950 954 991 1011 1046 1055 1140 1191 1218 1276 1369 1424 1498 1543 1562 1908
2139 703 832
2140 1 2 4 11 19 20 25 27 28 30 34 53 67 76 88 97 99 174 192 233 244 287 300 355 365 384 389 403 444 459 468 484 505 507 512 517 523 529 531 533 534 535 536 538 539 552 557 570 577 582 585 589 590 611 618 619 627 638 656 681 698 699 703 711 725 735 736 737 739 744 746 750 756 759 760 768 771 773 781 783 791 795 797 807 817 821 822 824 828 830 831 832 837 839 842 846 853 856 860 864 868 869 871 874 878 879 884 886 888 889 890 892 895 906 908 911 929 930 939 945 949 982 986 993 996 1015 1026 1027 1035 1037 1055 1092 1103 1136 1140 1144 1168 1221 1245 1296 1302 1321 1352 1376 1511 1862 1930
2142 1
2145 294 405 681 786
2146 2 142 294 468 539 598 759 773 780 1144
2149 1 25 27 531 533 537 539 589 624 627 638 698 791 853 904 988 997 1003 1084 1095 1158 1285 1334 1556
2150 403
2152 1 401
2153 403
2154 20 512 596 603 638 698 780 817 822 871 875 924 939 1072 1556
2158 304 371
2159 37
2160 79
2163 17 53 76 78 468
2164 74 239 311
2165 67
2166 145
2168 2 19 20 25 27 28 30 88 99 233 279 294 355 405 523 529 539 555 558 567 582 589 603 618 638 656 735 750 752 754 755 769 775 776 780 797 801 804 809 815 817 832 853 858 864 866 870 954 995 1067 1110 1119 1221 1263 1287 1302 1303 1323 1325 1333 1361 1379 1432 1718
2171 255 284
2172 255 284
2173 28 354 759 855
2174 486
2175 486
2176 486
2177 20 489 492 497
2178 486
2179 539
2180 539
2181 25 527 528 531 532 536 538 552 553 558 575 579 594 600 607 608 609 610 611
2182 539
2183 539
2184 2 11 25 355 527 528 529 531 532 533 534 535 536 537 538 539 540 541 542 543 544 545 546 547 548 549 550 551 553 554 555 557 558 559 560 563 565 575 577 579 582 585 589 590 594 596 600 603 628 629 630 631 632 633 634 635 636 637
2185 539
2186 25 527 528 531 532 536 538 552 553 558 575 579 594 600 607 608 609 610 611 753 827 888
2187 539
2188 25 355 528 531 532 536 538 544 553 557 558 575 576 579 585 589 594 596
2189 2 20 22 25 34 276 355 527 528 529 531 532 533 534 535 536 537 538 541 544 551 553 557 558 560 563 565 566 567 572 575 579 582 584 589 596 606 612 636 655 656 657 658 659 660 661 662 663 664 665 666 667 668 669 670 671 672 673 674 675 676 677 678 679 680 681 682 683 684 685
2190 25 221 355 430 527 528 531 532 533 535 536 537 538 541 544 546 547 550 553 557 558 559 567 575 576 577 578 579 580 581 582 583 584 585 586 587 588 589 590 591 592 593 594 595 596 597
2191 539
2192 2 25 405 527 528 529 530 531 532 533 534 535 536 537 538
2193 2 25 40 149 529 535 537 540 541 542 543 544 545 546 547 548 549 550 551 552 553 554 555 556 557 558 559 560 561 562 563 564 582 681 698 759 760 809 827 851 852 864 886 895 921 934 942 1017 1043 1122 1188 1249 1255 1272 1402
2194 539
2195 1 25 529 535 537 540 541 542 543 544 545 546 547 548 549 550 552 553 556 559 561 562 564 716 760 858
2196 25 221 355 430 527 528 531 532 533 535 536 537 538 541 544 546 547 550 553 557 558 559 567 575 576 577 578 579 580 581 582 583 584 585 586 587 588 589 590 591 592 593 594 595 596 597 613 614 615 616
2197 2 28 761 924
2198 25 355 527 528 531 532 533 536 537 538 544 546 547 550 553 557 558 559 575 576 577 578 579 580 581 582 584 585 587 589 590 594 595 596 613 614 615 616
2199 2 25 355 405 527 528 529 530 531 532 533 534 535 536 537 538
2200 539
2201 2 25 355 405 527 528 529 530 531 532 533 534 535 536 537 538
2202 2 4 27 28 67 192 297 355 365 517 528 529 531 532 536 537 538 539 556 557 558 562 575 577 579 582 589 590 594 596 600 620 624 638 688 694 722 725 736 741 748 750 752 755 797 798 809 817 822 844 866 875 886 896 922 924 955 1122 1143 1158 1275 1314 1546 1556
2203 638
2204 25 527 528 531 532 536 538 552 553 558 575 579 594 600 607 608 609 610 611
2205 539
2206 539
2207 539
2208 355
2209 539
2210 539
2211 539
2212 25 529 535 537 539 540 541 542 543 544 545 546 547 548 549 550 552 553 556 559 561 562 564
2213 539
2214 25 221 355 430 527 528 531 532 533 535 536 537 538 541 544 546 547 550 553 557 558 559 567 575 576 577 578 579 580 581 582 583 584 585 586 587 588 589 590 591 592 593 594 595 596 597
2215 25 529 535 537 540 541 542 543 544 545 546 547 548 549 550 552 553 556 559 561 562 564 673 789 852 859 1080
2216 539
2217 25 527 528 531 532 536 538 552 553 558 575 579 594 600 607 608 609 610 611
2218 25 529 535 537 540 541 542 543 544 545 546 547 548 549 550 552 553 556 559 561 562 564 638 789 827 859
2219 2 25 355 405 527 528 529 530 531 532 533 534 535 536 537 538
2220 2 11 25 28 174 335 355 529 531 532 535 536 538 539 553 555 557 558 560 570 575 579 582 589 594 596 601 602 603 604 606 709 711 731 732 733 734 735 736 737 738 739 740 741 742
2221 25 529 535 537 539 552 553 556 559 561 562 564
2222 25 355 528 531 532 536 538 539 544 553 557 558 575 576 579 585 589 594 596
2223 25 527 528 531 532 536 538 552 553 558 575 579 594 600 607 608 609 610 611
2224 539
2225 2 25 405 527 528 529 530 531 532 533 534 535 536 537 538
2226 1
2227 2 25 355 405 527 528 529 530 531 532 533 534 535 536 537 538
2228 539
2229 25 529 535 537 540 541 542 543 544 545 546 547 548 549 550 552 553 556 559 561 562 564 638 750 760 784 866 940 945 1414 1415
2230 2 20 22 25 28 34 221 505 512 529 535 537 552 553 556 559 561 562 564 612 613 614 615 616
2231 539
2232 25 527 528 531 532 536 538 539 552 553 558 575 579 594 600 607 608 609 610 611
2233 25 28 529 535 537 540 541 542 543 544 545 546 547 548 549 550 552 553 556 559 561 562 564 638 750 956
2234 2 11 20 28 30 34 40 51 87 130 234 335 355 389 459 468 529 534 536 539 552 556 589 611 612 638 709 760 768 791 815 828 830 853 871 877 884 909 922 936 1000 1046 1112 1321 1458 1650 1656
2235 2 25 486 536 538 638 770 797 853 859 861 921 985 1005 1144 1198
2236 748
2237 97 736 748 1198 1446
2238 1
2239 1
2240 28 902 1191
2241 1 590 1044 1232
2242 2 20 25 97 539 627 641 681 746 748 750 752 753 755 757 760 762 769 778 787 803 809 874 904 921 954 956 982
2243 486
2244 1 577 698 753 1325
2245 88 279 294 529 539 638 754 755 775 814 817 827 832 859
2246 486
2247 25 27 28 209 759 902 921
2248 2 11 25 34 539 751 759 769 772 871 921
2249 738 759
2250 1 25 753
2251 11 468 589 603 638 760 795 855
2252 2
2253 2 512 832 888
2254 1 2 5 20 25 27 28 30 88 149 166 247 297 337 355 365 420 484 485 523 529 536 537 545 552 556 579 582 589 596 603 618 627 638 688 699 709 722 736 738 748 750 751 752 753 760 762 763 769 771 773 778 779 780 784 791 793 797 798 803 809 810 817 822 830 832 852 853 858 861 866 868 871 878 883 884 886 888 895 896 901 902 903 924 931 932 934 939 940 945 954 956 969 982 983 997 1017 1023 1043 1059 1082 1096 1116 1134 1144 1162 1171 1270 1281 1300 1303 1314 1325 1411 1637 1835
2255 1 2 11 20 25 27 28 63 88 166 209 233 529 531 539 558 577 582 596 603 618 638 656 698 735 736 748 750 751 752 753 755 760 762 769 781 784 787 793 795 797 799 809 817 821 824 853 858 861 864 866 888 898 902 903 940 946 956 979 982 983 992 1043 1058 1097 1110 1114 1117 1147 1226 1272 1287 1303 1325 1386 1594 1717 1972
2256 1 149 577 753 853 921 954 993 1142 1169 1181 1257
2257 1 2 25 28 88 603 736 748 760 761 763 793 797 875 1292
2258 761
2259 1 40 536 1034 1291 1296
2260 536 612 764 888 930
2261 638 750 853 1351
2262 2 27 787 1060
2263 31 128 627 824 852
2264 753
2265 20 28 30 294 537 561 582 722 750 752 759 831 885 886 896 899 949 969 1045 1158 1275 1302 1320
2266 34 748 753 760 797 1017
2267 670 753 879 888 1002 1185
2268 149 775 789 827 852 859 934 1000 1017
2269 1 2 25 28 30 34 88 523 529 534 536 537 539 555 557 570 577 596 627 638 735 736 737 738 746 748 750 751 752 753 755 759 760 761 769 784 787 789 793 797 799 803 809 815 817 832 853 858 864 865 866 871 884 886 888 903 912 925 927 940 946 949 954 969 983 996 1008 1015 1045 1080 1132 1144 1149 1187 1197 1221 1237 1272 1292 1379 1527 1545 1742
2270 2 11 20 27 28 112 221 300 389 459 468 523 527 529 537 539 555 567 590 612 638 698 748 750 752 760 776 793 797 798 809 822 828 841 851 853 858 862 864 874 878 884 904 924 948 954 1035 1111 1132 1143 1194 1326
2271 25 485 611 748 750 760 858 898 940 969
2272 777 807
2273 1 2 5 16 20 25 28 34 97 142 149 166 192 221 335 355 420 498 523 529 533 536 537 539 579 582 589 590 596 603 627 638 670 736 738 748 750 752 760 769 775 780 781 784 787 789 795 797 805 809 815 817 822 827 832 847 852 853 858 859 861 864 865 866 868 871 875 877 882 886 896 898 899 900 923 937 940 949 969 991 1011 1026 1114 1158 1174 1226 1261 1314 1325 1388 1574 1632 1675 1724
2274 355
2275 150 470 566
2276 1 2 11 20 27 28 30 34 40 41 88 97 99 128 174 209 212 221 234 294 355 388 389 444 459 505 512 517 523 529 533 535 536 537 538 539 545 550 552 555 556 567 570 577 582 590 596 603 604 612 618 624 627 628 638 692 698 703 709 711 721 722 735 736 738 744 747 749 750 751 752 753 754 755 760 761 764 769 771 776 777 780 781 783 791 793 795 809 815 817 821 822 828 829 830 832 839 846 853 858 859 864 868 871 877 884 886 890 903 904 907 911 917 922 923 924 929 930 939 948 954 968 974 988 991 997 1000 1003 1004 1014 1015 1017 1022 1033 1041 1046 1047 1060 1070 1110 1132 1140 1143 1172 1191 1197 1198 1223 1258 1264 1276 1293 1296 1302 1322 1326 1366 1379 1396 1441 1573 1722 1724 1756 1950
2277 778
2278 779
2279 2 537 788 1034
2280 355 529 535 638 692 725 766 781 889
2281 783 1303
2282 1 2 25 27 28 67 88 149 166 197 294 355 420 423 523 529 534 539 555 558 596 603 618 627 638 748 750 751 752 753 755 758 760 761 762 769 775 777 778 784 787 789 797 799 809 814 817 822 827 828 831 832 838 852 858 859 864 866 869 886 893 895 912 924 925 927 929 934 937 940 945 956 972 979 991 1007 1013 1017 1026 1038 1144 1197 1223 1310 1311 1322 1360 1378 1504 1511 1548
2283 162
2284 2 11 20 40 88 97 162 166 212 221 279 485 529 534 535 539 556 561 589 603 604 619 627 638 747 749 750 752 755 759 760 768 780 787 809 825 827 830 832 846 853 857 859 860 871 884 908 924 925 1026 1043 1084 1110 1119 1249 1325 1342 1635 1718 2039
2285 537
2286 30 790 826
2287 25
2288 2 88 294 523 538 584 618 638 641 665 735 773 791 817 839 1135 1221
2289 1 2 11 30 142 294 551 582 604 627 665 736 737 753 775 780 786 791 797 799 809 827 833 855 859 885 888 892 921 1017 1091 1094 1112 1333 1342 1376 1432 1899
2290 1 2 28 97 212 355 529 535 552 589 596 618 638 780 802 809 846 886 911 952 1101 1335 1708
2291 28 766
2292 2 25 34 355 523 529 533 539 558 582 596 638 698 736 738 748 750 752 760 769 797 798 799 822 827 853 858 859 864 866 895 896 902 937 940 945 969 998 1045 1095 1106 1270 1281 1311 1447 1614 1659 2024
2293 656
2294 11 20 27 30 34 51 97 99 221 234 294 335 355 389 468 485 512 523 527 529 531 533 535 536 537 538 551 556 557 561 570 577 579 582 589 590 596 603 611 618 624 627 628 630 638 639 647 656 664 692 698 709 725 736 737 738 750 752 754 759 760 769 784 787 791 798 799 808 809 817 820 822 828 831 832 834 839 842 846 847 850 851 853 864 868 869 871 874 875 876 877 878 882 884 886 889 892 895 896 899 907 921 922 924 932 939 945 954 957 958 969 972 988 1003 1011 1012 1041 1045 1060 1061 1084 1095 1102 1103 1115 1135 1138 1144 1148 1151 1158 1165 1168 1185 1191 1198 1205 1215 1221 1223 1234 1245 1264 1274 1285 1296 1305 1316 1325 1330 1353 1365 1404 1405 1417 1418 1419 1421 1457 1498 1580 1778 1825 1843 1981 2037
2295 766
2296 797
2297 766
2298 2 11 20 30 34 99 209 294 355 388 389 536 537 539 556 580 584 627 638 656 745 747 760 780 799 817 824 837 853 879 886 921 954 962 1077 1168 1255 1271 1272 1424 1503 1544
2299 529 561 748 750 752 760 817 940 969 1045 1275
2300 2 539 555 596 638 747 750 760 799 809 830 832 883 1007 1223 1296 1624 1721 1767
2301 2 11 20 25 27 28 34 88 97 99 149 166 221 247 294 444 459 474 507 523 529 533 534 535 537 538 539 550 551 556 589 618 627 638 681 705 709 716 735 738 747 748 751 755 756 760 773 799 821 822 824 828 830 832 838 853 854 864 871 876 878 879 883 886 889 895 912 915 919 930 954 983 993 1003 1039 1048 1108 1115 1117 1141 1160 1163 1191 1202 1263 1314 1394 1477 1688 1868 1970
2302 2 16 19 20 27 28 30 51 76 88 99 162 174 192 212 234 247 287 300 335 355 388 389 444 451 459 468 500 505 512 523 529 534 537 538 539 551 555 556 567 575 612 618 624 628 638 641 656 681 698 735 738 748 750 751 753 760 769 771 779 791 795 797 808 809 815 828 832 839 846 848 853 859 866 867 871 878 884 890 896 904 910 939 948 954 968 974 991 1015 1046 1047 1122 1132 1143 1159 1171 1172 1185 1190 1191 1197 1264 1268 1272 1276 1287 1289 1292 1296 1326 1386 1425 1426 1474 1477 1483 1510 1719 1722 1741 1783 1933
2303 2 25 27 34 97 355 523 529 536 539 627 638 738 748 750 751 787 797 808 809 832 882 886 912 921 942 959 1060 1249 1255
2304 638 760
2305 2 25 27 603 736 738 748 753 760 769 797 858 866 875 1315
2306 2 5 40 192 221 297 355 389 459 500 523 529 537 550 558 577 589 590 596 611 612 638 698 747 749 750 751 752 759 760 764 775 787 789 795 805 809 815 822 827 828 830 832 859 869 886 954 968 1000 1070 1151 1171 1232 1292 1296 1302 1330 1448 1553
2307 28 523 627 656 760 775 789 803 804 817 864 890 1690
2308 752 754 760 859 1304 1679
2309 764 825 832
2310 793 805 1015
2311 641
2312 2 20 27 28 30 34 51 53 85 192 244 355 389 468 491 500 523 529 534 535 536 537 538 539 551 555 570 582 585 611 612 638 647 709 711 747 750 754 760 777 781 787 791 793 809 815 822 828 832 839 846 853 867 868 877 884 922 925 929 939 1000 1001 1115 1143 1144 1258 1261 1269 1274 1296 1305 1325 1353 1395 1439 1467 1470 1581 1593 1614 1652 1721 1802
2313 11 19 20 28 30 149 294 335 365 485 523 529 534 536 537 582 611 627 638 641 681 732 736 746 748 751 755 759 760 780 786 791 832 846 853 855 857 858 860 865 869 880 885 888 892 921 924 929 963 987 993 1462 1596
2314 1 2 25 97 234 294 536 537 577 627 638 670 753 764 767 853 856 878 888 902 1092 1448
2315 2 19 27 192 234 294 355 389 444 500 523 529 531 533 537 550 551 557 582 585 589 612 627 630 638 750 752 760 771 772 787 789 804 805 817 822 832 852 856 864 866 869 877 886 889 904 911 939 1017 1057 1084 1095 1103 1106 1264 1272 1274 1292 1296 1434 1474 1490 1491 1511 1674
2316 529 735 766 886
2317 20 638 736 993 1000
2318 25 27 28 34 53 65 297 300 355 459 523 534 561 638 736 738 748 760 766 768 787 789 815 832 866 1106 1198 1271 1272 1302 1310 1448 1763
2319 2 486 750 969
2320 2 5 20 25 27 40 174 221 294 355 389 491 523 536 537 539 561 567 577 611 612 638 698 705 716 736 737 744 750 751 759 760 765 768 769 793 795 809 817 822 827 839 853 862 863 866 869 871 876 877 878 879 890 895 904 907 910 912 925 930 936 948 950 954 955 969 972 991 995 1003 1025 1045 1072 1128 1132 1140 1174 1188 1232 1269 1292 1296 1305 1329 1654 1686
2321 20 142 294 539 627 755 791 814 832 884 940 991 1159 1221 1469
2322 1 2 20 28 34 88 97 142 149 174 212 279 294 297 389 523 529 533 539 582 596 598 627 638 681 698 737 738 747 752 753 754 755 760 762 775 780 787 789 791 797 809 814 817 824 831 832 837 839 844 852 853 857 859 860 864 876 884 891 895 898 908 912 954 956 1013 1017 1034 1043 1091 1136 1174 1221 1230 1325 1376 1682 1705
2323 209 335 760 886
2324 2 11 28 30 88 142 192 294 485 529 539 612 638 665 674 681 716 748 751 759 760 766 780 786 791 809 811 830 853 864 924 1987
2325 1 2 500 780 926
2326 817
2327 2 638 752 789 864
2328 1 2 11 19 20 27 30 40 76 99 150 174 247 294 335 355 459 468 523 529 534 538 539 577 582 596 604 611 612 619 627 635 636 638 750 755 760 764 769 780 787 791 798 809 817 820 821 828 831 832 835 837 839 846 853 858 859 867 868 869 871 884 886 888 890 891 902 904 909 973 974 1013 1017 1037 1074 1159 1193 1205 1211 1221 1232 1292 1302 1355 1376 1468 1557 1682
2329 20 760 997
2330 821
2331 2 25 753 769 940 956
2332 53 294 638 738 775 846 855 1017 1151
2333 2 20 34 174 529 577 582 627 638 681 725 748 760 795 817 832 853 871 888 911 922 942 986 1400
2334 822
2335 99 444 529 533 627 638 709 735 748 760 824 993 1249 1402 2051
2336 2 28 247 355 539 582 751 817 830 832 853 876 879 895 1108 1159 1582 1762
2337 638 1510 1881
2338 596
2339 2 88 529 627 760 780 797 866
2340 0 1 2 5 11 20 30 53 76 88 166 174 221 335 355 389 444 498 512 523 529 534 536 537 539 555 557 596 604 624 627 638 683 709 711 738 747 752 760 764 768 769 773 787 791 793 797 799 809 817 832 846 852 853 856 860 862 868 871 878 884 886 897 899 923 946 954 989 998 1015 1024 1025 1045 1046 1084 1117 1171 1197 1218 1237 1325 1407 1448 1452 1474 1483 1547 1730 1741 1924 1952 2045
2341 5 468 484 656 995 1096
2342 1 2 19 25 27 28 34 51 85 97 149 247 335 355 388 468 523 529 533 535 539 575 579 603 611 618 627 638 699 725 736 750 752 753 755 759 760 761 762 763 766 773 775 778 779 780 784 789 797 799 809 815 822 827 831 832 852 853 854 859 860 863 866 886 888 890 895 898 924 925 927 954 988 1017 1026 1037 1057 1077 1122 1161 1194 1217 1232 1236 1285 1292 1302 1358 1410 1445 2048
2343 2 529 535 627 759 760 780 809 832 835 864 886 912 1041 1124
2344 2 5 19 20 25 27 28 34 97 297 335 355 389 444 459 491 512 529 533 537 539 555 570 577 596 612 627 638 698 709 720 735 736 744 749 752 753 760 781 791 793 795 809 815 817 821 822 851 853 858 859 862 866 886 890 904 907 922 923 924 930 946 948 954 974 991 1055 1120 1140 1163 1172 1176 1218 1269 1292 1296 1580 1922
2345 11 30 85 88 294 430 523 582 619 665 674 676 750 753 760 791 795 797 808 814 830 832 834 836 839 853 896 899 931 991 1015 1122 1144 1266 1300 1425 1448 1557 1901 1929
2346 5 30 34 53 85 99 174 294 335 355 372 582 604 619 647 670 692 711 749 766 791 808 830 939 954 978 1404 1454 1648 1777 1907
2347 20 596 624 759 766 822 1325
2348 2 20 30 85 529 539 557 589 618 627 638 759 760 787 808 809 817 832 853 866 891 1048 1269 1302
2349 638 753
2350 2 25 27 28 88 355 459 523 529 535 536 539 556 558 577 596 603 638 736 738 748 750 752 758 761 769 773 778 779 784 789 797 798 803 809 817 822 827 838 853 864 866 884 895 898 912 924 927 932 939 944 962 1006 1026 1232 1266 1270 1295 1425 1493 2049
2351 2 486 529 759 763 773 1453
2352 27 28 486 638 763 809 817 822
2353 2 486 529 535 577 759 763 773 809 922 1031 1493
2354 486 638 759
2355 128 279 335 355 365 638 639 670 722 738 752 822 871 890 921 1046 1090 1158 1188 1191 1272 1333 1386 1809
2356 2 234 752 799 821 831 886
2357 1 2 20 27 28 30 34 88 138 142 150 166 279 300 355 388 523 529 539 551 552 612 627 638 699 738 760 780 787 808 809 828 831 832 837 853 859 860 871 876 886 908 949 1034 1109 1292 1456 1713
2358 2 138 150 174 294 365 485 529 535 539 556 627 639 665 699 755 780 786 797 809 817 864 877 881 889 890 942 985 988 1292 1751
2359 468 604 688 791 809
2360 20 25 30 51 287 355 627 759 760 821 832 859 886
2361 25 784 785 789 840 853 859 1304
2362 2 28 30 53 65 114 162 209 335 355 484 529 534 536 537 550 557 577 589 618 627 638 664 698 735 736 737 750 752 759 760 769 771 787 789 809 817 828 832 843 852 853 869 871 924 993 1106 1110 1174 1272 1292 1296 1302 1329 1448 1821
2363 2 34 529 539 612 627 735 760 789 828 831 832 834 843 852 1003 1095 1322 1399
2364 2 596 760 819 832 866 896
2365 16 355 529 627 638 760 793 864 1201
2366 2 20 97 355 444 536 638 639 699 760 780 809 817 835 859 864 912 986 1077 1124 1407
2367 2 517 529 709 795 824 830 832 846 853 876 930 939
2368 1 2 88 294 355 529 582 596 618 738 750 753 797 817 827 831 832 852 888 890 906 922 925 929 941 949 967 1074 1915
2369 769
2370 2 4 5 16 20 25 27 28 30 34 40 99 174 297 355 389 484 505 529 535 537 538 539 555 556 558 561 589 611 612 618 627 638 709 735 738 750 753 759 760 761 763 764 775 777 781 793 795 797 799 807 809 817 822 828 831 832 846 853 864 866 878 884 886 895 898 903 924 929 993 1000 1003 1015 1041 1084 1191 1296 1297 1355 1439 1510 1639 1780 1822 1844 1846
2371 1 174 596 624 760 764 817 845 853 858 877 902 911 921 1084 1276
2372 750
2373 1 2 5 11 20 27 28 30 53 67 97 149 192 221 294 355 389 468 529 531 533 535 537 539 555 556 557 567 570 596 611 624 627 638 665 681 688 698 709 732 735 736 737 752 753 759 760 768 769 773 780 787 789 791 798 800 807 809 817 822 830 832 839 844 847 851 852 858 860 861 864 869 871 875 876 878 886 890 895 917 921 924 925 927 930 932 942 948 955 982 983 995 996 1003 1010 1018 1029 1041 1045 1048 1070 1076 1095 1103 1110 1132 1135 1136 1144 1145 1161 1164 1292 1293 1302 1322 1323 1353 1379 1397 1435 1456 1587 1613 1980
2374 2 20 27 28 34 221 335 352 389 459 505 512 536 537 555 575 612 722 749 768 791 809 815 828 830 832 847 853 871 877 890 894 907 922 954 968 1060 1293 1989
2375 2 27 30 40 234 388 534 539 577 638 681 750 764 767 773 780 794 856 858 864 866 888 902 943 954 978 1096
2376 2
2378 1 2 11 20 25 27 28 30 34 166 234 279 297 335 355 365 388 389 409 420 527 529 531 533 534 535 536 538 539 551 552 556 557 558 561 567 570 575 577 579 582 589 590 596 603 611 618 627 638 698 709 711 722 735 736 737 738 739 748 750 751 752 753 755 759 760 761 764 769 771 773 780 784 789 791 797 808 809 817 819 822 824 827 830 832 839 851 853 855 858 860 864 865 869 870 871 874 875 876 877 884 886 889 890 895 900 904 907 924 930 932 937 939 945 949 953 954 969 972 979 985 988 993 996 1000 1007 1011 1013 1037 1060 1070 1071 1139 1148 1159 1168 1180 1232 1308 1325 1405 1427 1448 1512 1574 1588 1608 1630 1750 1912
2379 2
2380 97 838
2381 2 25 28
2382 2 20 28 30 34 149 221 234 294 335 355 485 529 533 534 535 551 557 570 589 611 624 709 736 737 751 753 764 769 771 787 789 817 832 871 875 884 890 921 924 925 955 997 1013 1130 1292 1330 1456 1602 1644 1866
2383 2 827 852
2384 11 355 529 536 538 570 579 589 596 603 618 638 692 709 749 752 759 798 817 851 853 864 869 875 877 886 889 895 924 930 939 949 954 1037 1060 1139 1180 1186 1348 1512
2385 20 30 877
2386 30 638 748 752 853 1303
2387 25 529 761 763
2388 2 11 20 27 28 34 97 166 294 297 459 474 534 535 536 539 556 575 582 594 618 627 638 722 732 747 760 771 781 791 799 830 853 854 871 883 886 890 895 915 929 986 1003 1007 1039 1056 1163 1233 1294 1733
2389 1 5 16 25 27 28 88 468 529 536 539 582 618 638 736 748 750 753 760 797 803 809 846 858 861 866 884 886 898 902 908 921 940 969 980 1140 1226 1386 1641
2390 149 539 627 755 775 789 827 859 934 1136 1261
2391 389 529 627 797 831 860 878
2392 2 25 27 28 88 233 388 468 529 533 536 638 716 736 738 748 760 765 798 821 832 858 864 865 888 895 898 940 942 945 954 1124 1147
2393 1 11 30 34 212 335 534 805 830 860 866 871 891
2394 627 789 821 827 852 859 1034
2395 2 11 20 25 27 28 30 34 40 97 99 174 205 209 294 297 335 355 365 423 484 485 505 512 529 534 536 537 539 555 567 582 585 590 596 611 612 624 638 639 656 670 698 735 738 749 752 753 754 755 760 765 773 780 791 795 798 799 803 807 809 825 828 830 832 839 853 866 868 871 877 878 884 886 890 891 894 895 899 907 922 923 924 934 937 968 988 993 1015 1042 1103 1122 1144 1221 1232 1249 1272 1329 1333 1399 1425 1458 1697 1749
2396 1 2 11 25 27 28 65 355 405 500 523 529 531 533 536 537 538 539 557 570 577 579 582 589 594 596 620 624 638 698 722 735 736 737 747 752 768 769 773 789 797 798 799 805 809 815 822 830 847 851 852 859 864 865 866 869 874 886 889 897 898 920 924 929 932 937 942 945 949 954 988 996 997 1011 1015 1041 1073 1084 1103 1109 1131 1143 1198 1205 1232 1271 1275 1325 1393 1448 1500 1602 1731 2055
2397 11 20 34 97 162 221 335 388 529 536 577 627 638 709 725 736 738 750 752 753 759 760 780 797 830 831 832 846 853 859 871 902 931 949 1041 1100
2398 529
2399 2 11 20 30 34 63 97 335 355 365 389 505 523 529 533 534 537 557 570 575 577 603 612 627 722 747 753 760 787 795 797 809 822 832 853 864 869 870 871 924 949 1011 1048 1302 1475
2400 28 34 556 579 582 589 612 627 722 822 877 886 889 890 996 1118 1144 1234 1348
2401 2 4 11 20 30 34 128 166 212 247 300 335 355 388 523 529 534 535 537 539 556 627 780 791 799 822 830 853 858 860 871 874 880 883 891 895 973 1178
2402 2 341 388 534 561 577 627 759 830 857 859 860 871 872 890 1027 1249
2403 2 388 577 857 860 866
2404 11 20 234 335 388 505 582 639 760 772 780 809 817 855 859 874 885 892 894 907 949
2405 1 5 20 30 65 85 99 174 212 294 335 355 372 389 529 534 537 538 604 612 627 628 638 670 711 781 795 808 809 817 820 832 839 853 886 892 939 954 1144 1355 1492 1617
2406 2 20 27 76 88 294 335 523 529 534 590 638 736 751 760 775 780 809 824 832 847 858 859 860 865 881 912 925 940 1046 1086 1487
2407 11 491 536 537 538 579 589 590 596 603 736 752 759 787 822 831 832 851 870 875 877 889 924 930 932 939 954 955 983 1060 1273
2408 791 805 876
2409 1 2 20 25 28 88 355 523 529 534 536 537 539 558 582 627 638 735 736 748 750 752 759 760 768 769 773 784 787 793 797 803 809 815 830 832 838 853 858 864 871 888 895 898 925 1003 1188
2410 484 539 722 751 760
2411 817
2412 603 734 750 783 797 815 832 864 871 940 983 1458 1600
2413 1 2 25 28 88 355 529 535 539 638 738 748 754 760 769 775 797 809 817 822 853 858 866 882 940 1026 1046 1358
2414 529 535
2415 529
2416 5 28 365 582 589 627 736 760 855 858
2417 25 28 638 736 748 769 817 864 866 895 898 1114 1641
2418 20 760
2419 20 611
2420 34 233 537 780 847 855
2421 793 858
2422 20 28 88 128 536 537 582 596 627 638 760 762 783 864 926 1094 1573
2423 2 25 28 34 355 523 596 618 627 736 748 750 751 752 762 773 821 827 858 866 886 888 898 921 937 940 954 982 1028 1096 1136 1158 1205 1236 1249 1275 1281 1295 1357
2424 750 797 803 1295
2425 534
2426 355 529 752 784 882
2427 2 11 20 27 30 166 212 294 335 355 365 459 523 529 534 584 589 627 638 747 760 791 799 822 832 839 853 854 859 860 871 874 883 886 890 895 939 983 987 1017 1039 1089 1115 1233 1432 1705
2428 2 25 28 88 97 468 529 539 603 619 638 748 750 752 755 761 762 846 853 858 866 898 921 940 991 1066 1198 1281 1303 1411 1433 1887
2429 1 2 11 27 30 34 40 174 192 335 355 523 529 533 556 582 590 612 750 760 777 780 828 830 853 855 858 866 877 886 902 904 907 922 929 968 988 1015 1122 1445 1636 1722 1885 1903
2430 1 2 11 27 51 192 234 335 355 491 527 529 531 533 535 536 537 538 539 551 556 557 561 570 577 579 582 589 590 594 596 603 618 624 630 638 698 725 732 735 736 737 745 752 759 760 773 779 783 784 798 799 822 831 832 847 851 853 864 865 869 875 876 877 883 886 889 890 892 895 899 924 930 932 939 945 949 954 983 988 1003 1011 1021 1035 1037 1041 1055 1060 1072 1084 1095 1100 1103 1115 1148 1191 1234 1247 1325 1348 1376 1424 1737 1836 1944
2431 294 535 539 589 627 759 760 832 860 886
2432 638 1141
2433 1 2 20 27 34 40 63 99 112 221 335 388 505 523 535 537 561 611 612 638 738 749 750 760 761 764 765 777 780 807 828 846 853 854 866 868 892 894 904 907 922 968 1033 1042 1161 1186 1229 1259 1276 1792 1829
2434 539 809
2435 2 25 27 539 557 589 638 709 736 750 752 759 760 763 799 809 888 924
2436 2 27 389 474 529 531 539 590 627 638 688 736 745 748 751 753 780 787 798 824 853 859 861 864 947 979 1017 1064 1074 1138 1234 1263 1325 1398 1430 1532 1744 1981
2437 2 28 505 603 627 709 736 759 760 832 860 886 892 916 941
2438 2 25 28 30 233 355 529 534 536 618 638 736 737 748 750 753 759 760 762 769 778 781 787 797 803 809 817 876 888 922 954
2439 2 25 88 294 536 539 558 738 748 750 752 763 769 797 809 817 822 853 858 861 864 866 882 893 912 940 1303 1410
2440 28 797 893
2441 2 149 297 423 627 638 775 784 789 791 827 852 853 856 859 860 932 934 1000 1017 1034 1096 1198 1546 1640 1645
2442 1 2 523 557 561 589 627 722 750 752 760 773 803 828 853 859 864 866 875 886 895 899 1017 1024 1148 1251 1357 1506 1637 1696 1982
2443 1 2 20 25 27 28 85 355 468 512 539 552 582 603 656 738 748 750 752 762 779 783 797 809 817 828 842 858 864 866 874 886 902 911 924 940 954 969 983 1043 1045 1046 1096 1140 1226 1275 1590 1645
2444 750
2445 589 627
2446 827
2447 1 11 20 34 529 539 552 557 688 722 737 747 753 760 771 809 864 871 874 886 890 932 1118 1139 1275 1325 1348 1377 1444
2448 855
2449 2 20 53 355 388 389 517 529 535 545 552 575 585 627 638 709 722 736 750 752 791 795 853 886 929 930 1021 1061 1144 1247 1689
2450 1 2 20 25 27 30 34 51 53 88 355 500 523 529 537 538 539 558 570 582 590 596 620 624 638 749 750 760 769 781 787 791 809 822 828 832 846 853 855 864 866 868 871 874 884 886 897 924 932 937 939 940 954 968 997 1046 1084 1112 1179 1285 1292 1296 1325 1521 1975
2451 2 20 25 27 28 34 88 99 212 234 244 294 335 355 517 523 529 531 537 539 555 570 589 590 596 611 620 624 638 725 748 760 769 779 787 791 798 809 817 822 830 831 832 839 846 853 855 862 864 868 869 871 886 890 891 897 902 904 911 924 932 937 939 940 945 983 1041 1084 1109 1112 1132 1134 1164 1179 1325 1360 1521 1593 1975
2452 577 760
2453 2 4 28 97 552 589 611 638 709 736 807 815 831 853 860 868 877 1001
2454 2 149 297 529 612 627 871 879 959 1202 1817
2455 25 28 529 577 582 638 755 759 772 821 832 853 858 861 1347 1402
2456 612 787
2457 760
2458 736 760
2459 99 294 529 596 745 760 780 787 809 817 832 884 886 927 954 1009 1046 1047 1060 1148 1358 1405 1552
2460 166 716 750 753 759 772 780 791 797 799 810 853 857 860 881 900 963 1027 1045 1144 1146 1261 1726
2461 2 11 19 25 27 28 389 500 537 627 638 722 749 750 753 760 788 822 828 830 841 846 853 860 871 874 907 956 968 972 1046 1205 1215 1290 1402 1983
2462 16 19 20 25 27 30 34 88 335 355 365 389 459 468 505 536 537 539 552 555 567 582 611 612 638 698 709 735 738 744 745 750 760 762 765 776 793 795 797 807 817 822 853 855 861 868 874 878 884 888 898 911 923 930 973 991 1071 1118 1229 1321 1326 1375 1386 1671 1829
2463 750 866
2464 30 536 579 638 748 750 752 760 761 797 832 838 853 858 859 864 898 923 940
2465 539
2466 904
2467 1 2 25 27 28 63 88 97 233 294 468 523 529 539 558 577 596 603 656 738 748 750 752 753 760 761 769 797 798 803 809 817 822 828 847 850 851 853 858 861 864 866 883 886 893 895 896 929 940 945 956 969 997 998 1003 1045 1094 1132 1172 1188 1221 1226 1275 1281 1295 1303 1314 1325 1361 1521 1561 1903
2468 2 365 755 760 809 858
2469 529 627 638
2470 627 871 976
2471 1 11 20 28 97 355 529 531 533 538 596 638 688 732 736 737 753 768 773 797 828 842 847 853 864 890 895 924 931 941 949 1003 1011 1012 1029 1052 1095 1131 1140 1146 1148 1151 1191 1251 1322 1908
2472 2 30 527 536 589 596 624 630 745 759 797 809 822 851 864 902 932 972 1084 1180 1325
2473 627 789 859
2474 28 638 759 778 1205
2475 1 30 234 355 388 529 596 603 611 736 760 817 822 860 864 875 877 892 939 956 982 994 1095 1493
2476 2 5 11 20 30 34 355 365 491 534 556 577 590 612 618 627 638 722 745 747 781 787 830 841 853 860 871 874 886 889 890 914 939 943 949 988 1006 1041 1131 1232 1290 1609
2477 2 20 25 28 30 40 88 99 208 365 409 505 529 536 537 539 577 612 618 638 681 716 722 748 750 751 752 753 760 764 768 769 780 786 789 795 797 803 809 811 817 822 832 838 847 856 858 862 866 868 890 921 922 937 956 991 1003 1046 1047 1090 1095 1144 1241 1268 1279 1333 1448 1504 1516 1555 1625 1758
2478 2 11 28 30 34 221 523 529 531 535 536 539 552 556 577 582 590 596 603 611 612 618 619 638 692 735 736 737 752 760 771 781 787 793 795 798 817 822 846 847 853 869 885 886 890 921 930 931 936 983 991 997 1000 1015 1071 1103 1112 1132 1140 1288 1325 1340 1341 1348 1351 1386 1393 1432 1470 1483 1609 1617 1741 1922
2479 2 11 34 366 529 531 533 536 539 557 558 561 577 579 582 589 590 611 618 624 722 732 738 745 760 771 775 781 793 797 798 817 822 824 837 844 854 859 864 877 878 884 886 890 896 932 972 988 1000 1046 1118 1180 1336 1512 1639 1886 1897 1898
2480 2 20 25 28 523 529 536 537 539 582 596 638 709 736 738 744 748 750 753 755 759 760 763 787 789 793 799 809 827 832 858 862 864 868 898 910 946 959 986 1026 1060 1076 1144 1266 1360 1367 1379
2481 736
2482 28 529 627 638 736 738 759 911 924
2483 30 99 491 529 534 538 545 551 552 596 618 628 692 709 711 739 760 852 853 884 890 913 973 1015 1095 1105 1292
2484 638 759
2485 1 20 28 30 99 294 523 533 534 612 627 638 665 760 793 799 809 817 821 830 832 852 853 859 874 890 929 930 971 1122 1134 1187 1255 1475 1724
2486 512 582 855
2487 11 365 590 832 841 874 1019 1998
2488 388 512 534 582 656 859 888 1045 1146 1151 1726
2489 534
2490 603 760 885
2491 919
2492 750 896 1302
2493 2 16 25 28 30 97 212 294 335 365 388 420 529 534 589 656 736 738 755 759 760 768 773 780 786 805 817 825 832 837 853 871 881 918 921 924 986 1022 1159 1261 1333 1350 1403 1527 1543 1636 1711 1945
2494 582 745 753 759 760 832 871 876
2495 2 97 388 529 552 618 638 760 775 780 784 787 789 797 827 852 858 859 888 895 930 934 949 971 983 1057 1292
2496 2 20 389 534 627 824 859 871 912 1125 1211 1258 1347
2497 389 753 888 922
2498 409 711 809 832 892
2499 20 611
2500 2 5 27 28 34 40 99 335 355 388 484 611 612 627 638 747 759 768 773 807 815 817 821 830 831 853 857 860 865 868 894 909 918 922 943 1042 1055 1083 1134
2501 859
2502 539 797
2503 860
2504 2 11 20 760 860 874 888
2505 2 25 28 88 735 738 768 858 895 1239 1281
2506 780 853 855
2507 1 2 25 529 638 753 760 797 822 866
2508 1 34 355 389 459 468 529 535 536 539 551 552 570 596 611 618 638 692 709 714 719 725 732 735 737 759 760 768 769 773 781 787 795 798 832 853 864 868 869 876 884 911 924 929 939 943 945 977 988 1003 1015 1140 1288 1297 1668 1834 1846
2509 1 11 28 247 294 335 529 534 582 681 755 780 855 858 871 879 880 885
2510 20 34 335 505 529 556 627 638 752 858 886 899 988 1118 1326
2511 775 789 852 859 934
2512 2 294 759 773 787 789 809 858 859 912 1261
2513 2 20 53 523 529 627 747 839 860 866 875 888 930 1058 1117 1125 1219 1237 1249 1402 1532 1874
2514 895 926 959 1110
2515 355 750 760 809 917 956 979
2516 797
2517 162 529 627 884
2518 11 28 30 53 88 389 722 748 751 768 822 910 929 1003 1004 1017
2519 2 28 1213
2520 335 529 627 736 798 846 852 854 871 883 895 986 1299 1474 1677
2521 2 25 27 28 30 40 99 192 221 234 352 355 365 389 430 529 531 533 535 536 537 538 539 545 552 557 570 577 585 590 611 612 618 638 692 709 711 719 725 750 760 761 781 795 809 828 831 832 838 839 846 847 853 854 864 866 869 871 884 886 890 891 907 911 924 929 939 945 949 954 993 1037 1041 1103 1110 1187 1249 1288 1296 1305 1314 1318 1468 1476 1664 1806 1932
2522 2 366 537 744 760 768 793 862 871 1144
2523 1 2 25 28 30 67 88 97 221 294 355 365 468 523 529 531 533 535 536 537 538 539 557 570 577 579 582 589 590 596 603 611 618 627 638 681 698 725 732 736 737 752 753 760 768 769 773 781 787 795 799 809 817 822 824 832 847 852 853 864 869 871 875 876 886 889 899 917 931 932 939 942 955 956 982 983 991 995 996 1017 1018 1029 1048 1076 1084 1095 1103 1110 1138 1145 1146 1151 1164 1251 1280 1322 1323 1346 1379 1456 1567 1693 1698
2524 27 28 236 355 529 539 596 627 638 768 773 781 817 847 864 869 924 1003 1018 1095 1330 1445
2525 40 88 557 589 764 780 856 864 880 888 902 1077 1094 1118
2526 2 28 736 748 760 797 858 877 946 1961
2529 529
2530 247 355 388 529 535 556 557 589 664 739 759 760 777 800 830 854 860 864 924
2531 2
2532 611 815 857 860
2533 760 988
2534 769 853
2535 2 28 529 787 809 817 876 925 955
2536 27 30 40 88 97 294 468 523 529 536 579 611 638 656 709 716 737 759 760 764 773 780 781 786 787 795 809 832 835 856 891 924 993 1019 1041 1112 1132 1221 1249 1272 1379 1402 1419
2537 28 30 34 233 335 523 531 537 589 596 641 747 759 780 830 832 851 859 869 889 929 954 1091 1110 1159 1261
2538 97 589 603 736 759 780 784 855 860 899
2539 2 20 28 335 484 567 627 760 809 1077
2540 536 638 748 751 769 797 898 1345
2541 748 763 789 827 888
2542 1 2 20 67 294 355 529 537 627 665 716 736 760 791 810 817 869 871 895 1110 1144 1221 1387 1432 1549 1550 1551
2543 30 97 529 555 638 760 809 924
2544 748 858
2545 500 537 638 744 760 761 793 904 907
2546 2 20 63 88 99 221 512 612 638 780 828 837 860 906 941 1057
2547 2 20 638 760 791 809 1218 1276
2548 909
2549 25
2550 748 780 798 871
2551 627
2552 25 28 627 763 973
2553 2 20 25 27 30 34 88 221 294 335 389 468 491 505 512 529 539 551 567 590 596 612 618 627 638 670 698 749 760 761 765 780 815 817 828 832 853 855 864 868 871 874 886 890 894 904 906 922 930 968 997 1006 1042 1046 1048 1185 1191 1205 1209 1221 1229 1272 1293 1314 1320 1330 1399 1432 1477 1594
2554 20
2555 529
2556 149 534 670 721 738 754 755 775 789 852 859 895 1017 1034 1266 1376
2557 853 856
2558 2 20 25 27 28 30 99 355 388 529 533 535 536 552 557 558 577 582 589 596 627 709 738 750 753 797 798 815 822 869 898 926 956 993 997 1030 1084 1134 1232 1325
2559 1 2 25 34 88 97 297 355 365 529 531 535 537 555 570 577 582 589 596 603 611 618 638 722 725 732 736 737 738 748 752 753 762 768 769 773 797 798 809 817 846 847 853 864 865 868 869 875 876 884 885 889 930 931 940 941 942 949 968 991 995 1003 1013 1018 1029 1060 1073 1095 1103 1140 1145 1146 1151 1180 1302 1322 1323 1504 1567 1746 2056
2560 88 539 864
2561 1 34 294 451 523 531 533 538 539 556 561 577 589 603 627 722 736 750 752 759 761 780 784 795 799 809 822 851 853 860 864 877 883 886 888 890 899 921 932 945 954 1009 1017 1026 1047 1060 1084 1221 1280 1363
2562 1 2 335 536 556 557 561 579 582 596 612 736 737 750 752 760 784 797 798 800 832 852 853 864 875 886 888 898 899 949 954 969 1045 1095 1132 1266 1270 1322 1363 1500 1657 1723 1792
2564 99 192 279 512 536 550 656 735 976 993 1096
2565 27 28 738 759 929
2566 582
2567 759 768 773
2568 536 579 603 738
2569 898
2571 97 859
2572 888
2573 2 28 769 888
2574 2 28 750 752 858 861 864 954 1270
2575 2 88 294 641 716 735 809 864 877 1007 1634 1777
2576 2 25 28 88 233 234 529 539 748 750 752 760 763 769 778 779 797 803 809 817 853 858 859 882 886 888 895 896 898 912 937 940 956 1122 1270 1281 1314 1511 1516
2577 2 25 28 34 212 355 529 535 612 624 638 722 736 737 744 748 753 760 772 779 795 809 815 838 853 858 864 877 888 902 927 929 940 945 954 959 991 1000 1117
2578 539 784
2579 1 2 20 25 27 30 34 51 67 166 173 174 234 294 352 355 365 474 529 535 536 537 539 552 589 596 611 612 618 627 638 725 732 735 747 753 760 781 821 837 839 846 853 866 869 871 877 884 886 890 902 921 929 954 991 1030 1185 1202 1241 1288 1358 1434 1500 1678 1730 1780 1889 1932
2580 773 821 917
2581 736 748
2582 11 847 885 1003
2583 355 512 529 627 952 1101 1642
2584 34 484 534 603 612 638 832 871
2585 512
2586 355 420 512 536 537 539 557 589 638 780 839 853 868 993 1223 1760
2587 20 99 389 638 1249
2588 30 444 709 736 860 871
2589 773 777
2590 2 25 27 28 752 759 762 763 803 888 929
2591 2 20 25 28 30 34 63 88 112 221 468 529 539 557 589 638 711 738 744 748 755 760 761 762 769 779 797 821 828 853 864 866 875 907 923 997 1000 1042 1136 1269 1316 1353 1396
2592 2 25 28 529 589 736 738 750 753 755 759 760 762 769 787 803 809 847 856 888 895 898 956 1095 1108
2593 858
2594 234 529 627 789 852 898
2595 912
2596 2 28 247 297 531 698 898 903 1185 1191 1234
2597 28 638 759 760 778 954
2598 537 627 817 846 962 1219
2599 166 533 537 817 869 988
2600 852 855
2601 20 27 28 34 51 53 87 355 491 505 529 534 556 589 711 722 750 761 781 791 809 824 832 853 954 964 1296 1353 1467
2602 853
2603 589 759
2604 769
2605 1 2 20 25 531 536 537 638 752 759 775 789 832 853 860 891 899 903 969 1045
2606 11 27 28 88 335 523 809 822 851 853 859 871 884 1040 1072
2607 529
2608 529
2609 529
2610 529 638 748 789 809 822 827 876
2611 28 750 760 763 793 809 956
2612 28
2613 1 2 25 28 529 638 778 784 789 884
2616 149 852 859 934 1017
2617 582 760 921
2618 149 789 852 859 934
2619 797
2620 2 797
2621 853
2622 2 529 539 577 624 638 748 752 769 797 809 853 912 932 1084
2623 748 797
2624 149 372 747 780 786 832 967 1103 1159 1440 1627
2625 789 852
2626 627 853
2627 2 25 30 34 234 355 474 529 539 550 618 627 638 705 720 735 736 750 771 785 804 821 866 879 903 904 930 973 1011 1202 1450 1474
2628 2 20 25 28 34 40 112 221 297 335 388 389 512 523 535 539 555 611 638 751 760 761 780 787 795 809 815 825 828 831 832 846 851 853 857 860 867 868 871 878 907 929 1042 1143 1366 1760
2629 2 420 529
2630 1 753 769 797 856 858 1118 1169
2631 19 27 294 300 534 537 753 759 760 768 780 787 809 832 871 877 1100 1176 1302
2632 1 2 5 20 25 27 28 34 67 88 149 221 234 279 297 355 389 420 491 500 523 529 533 537 538 539 551 555 556 557 558 570 575 582 589 596 603 612 624 638 674 709 722 735 737 738 748 750 752 753 760 769 775 779 781 787 789 791 797 798 799 803 809 817 827 828 832 846 852 853 858 859 864 866 867 869 870 875 876 882 884 902 904 905 912 927 932 937 939 945 949 969 1026 1084 1098 1106 1196 1271 1272 1275 1281 1288 1354 1379 1556 1589 1637 1926
2633 1 2 25 28 88 355 523 529 536 558 577 596 598 603 611 618 638 736 748 750 752 753 761 762 769 779 789 791 797 803 810 817 822 832 844 847 853 858 864 866 875 883 888 895 896 898 900 921 932 956 979 1028 1158 1267 1275 1314
2634 2 355 365 529 536 618 736 737 746 760 817 822 853 1002 1097 1302 1768
2635 2 30 534 638 853
2636 1 2 25 28 37 529 552 627 638 738 748 750 752 753 769 797 799 817 827 861 871 896 929 942 956 974 979 983 1117 1122 1124 1169 1295 1543
2637 760
2638 512 529 577 603 759 832
2639 2 11 20 536 556 709 722 793 855 859 869 885 948 1029
2640 1 2 25 28 34 88 192 234 355 523 527 529 537 539 570 582 596 603 638 650 681 711 736 738 744 748 750 752 753 759 760 761 763 787 789 793 798 805 809 817 830 832 853 858 862 864 866 867 868 871 875 886 895 898 946 955 959 969 979 1007 1045 1082 1144 1194 1221 1237 1265 1303 1325 1360 1379 1417 1425 1432 1438 1446 1493 1539 1554 1561 1936
2641 759 760 768 769 809 1003 1095
2642 888
2643 1 2 20 34 192 294 355 389 459 468 523 529 536 537 539 582 612 627 638 699 736 737 738 749 755 756 759 760 764 768 777 787 789 795 797 809 817 827 828 832 839 852 853 859 868 877 902 948 950 968 1017 1046 1104 1143 1253 1285 1292 1296 1330 1343 1379 1448 1603
2644 627 759
2645 2 20 99 128 355 529 537 577 627 638 771 846 853 884 888 904 924 954 991 1004
2646 759 991
2647 20 611 638 749 760 777 846 888 890 924 932
2648 212 627 763 947 975 976 1302
2649 2 25 28 88 529 638 748 760 769 778 793 809 817 858 921 937 940 1270
2650 0 4 19 30 51 365 420 451 529 531 535 536 539 570 577 582 702 733 745 747 759 773 780 783 799 808 822 853 875 886 895 903 932 954 978 1001 1003 1072 1138 1140 1172 1191 1193 1325 1457 1523 1524 1576 1913 1981
2651 1 25 88 780
2652 753 797
2653 2 20 30 34 612 627 638 747 787 832 854 864 871 883 895 906 912 929 986 1019 1113 1211
2654 1 355 750 886 890 896 1047 1366
2655 1 2 25 34 539 596 739 750 760 797 824 847 864 866 898 937 945 956 997 1045 1084 1249 1325
2656 20 97 99 174 294 335 505 537 575 611 638 760 765 780 799 828 884 922 993 1000 1041 1276
2657 2 388 611 857 1175
2658 166 355 529 556 582 618 627 736 737 760 769 896 924 1011 1108
2659 539
2660 2 4 20 99 173 355 500 517 529 638 737 846 853 856 884 1042
2661 627 888
2662 1 221 355 527 529 539 557 582 589 590 611 638 738 760 789 828 832 858 870 877 972 991 1399
2663 11 20 27 166 529 535 539 570 590 596 603 624 627 735 747 799 822 851 859 871 874 883 886 890 895 908 925 930 972 983 986 1043 1084 1115 1144 1147 1448 1879
2664 797 809 1832
2665 539 844
2666 2 355 529 535 552 585 781 795 911 929 977 984 1846
2667 1 2 25 27 28 88 294 523 529 582 738 752 755 760 762 769 773 787 797 809 817 853 864 895 906 925 956 965 995 1003 1042 1076 1379 1425 1432
2668 985
2669 859
2670 2 25 27 28 88 97 388 486 523 529 539 557 582 596 627 750 753 760 763 769 772 781 784 791 795 797 809 817 853 854 858 864 912 1076 1106 1300 1302 1529 1574
2671 556 736 759 760 768 773 817 832 888 917 965 1066 1276
2672 2 529 753 780 797 809 832 1042 1330
2673 751
2674 638 830 832 847
2675 28 529 638 750 759 763 853 888
2676 25 28 763 924 997
2677 2 97 529 638 735 767 924 930 1092 1158 1521
2678 2
2679 627 763 1302
2680 759
2681 603 627 817
2682 2 20 34 512 612 638 656 760 771 777 789 830 832 871 879 924 932 949 1106 1191 1464 2052
2683 355 529 535 539 557 618 736 737 822 832 864 889 890 930 1329 1493
2684 20 233 294 536 612 618 656 746 760 780 828 832 858 862 871 1015 1159 1303 1513 1615 2033
2685 28 750 760
2686 25 28
2687 2 705 737 750 760 888 1108
2688 2 11 335 388 523 529 611 746 759 760 764 815 817 832 853 857 859 860 871 877 894 918 962 1042 1055 1218 1219 1347 1402
2689 142 221 529 533 537 551 557 570 589 627 698 736 737 755 760 827 853 864 869 875 886 890 925 930 954 996 1001 1280 1405
2690 529 627
2691 2 20 335 505 534 539 611 612 638 760 809 825 828 832 846 853 895 904 999 1122 1185 1218 1614 1697 1829
2692 2 28 88 97 99 459 533 536 638 797 809 821 822 853 880
2693 88 577 809 853 882
2694 903
2695 294 355 500 507 529 531 545 585 625 638 692 725 750 781 821 831 839 846 929 1004 1288 1292 1807 2002
2697 750 763 896 932 969 1045 1084 1302
2699 1 2 25 28 88 97 233 355 523 529 539 577 584 596 603 618 638 736 748 750 752 760 761 762 769 772 773 777 784 797 799 809 822 858 866 874 888 896 940 954 983 1026 1062 1172 1198 1281
2700 34 627 789
2701 2 529 531 611 683 924 1295 1327
2702 28 335 355 512 638 752 759 760 773 783 853 883 888 920 921 925 983 1334 1601
2703 1 2 88 97 484 529 539 557 589 627 747 827 904 1077 1768
2704 20 885
2705 751
2706 529 557 589 753 759 784 924
2707 753
2708 858 1002 1867
2709 20 405 537 589 760 787 809 822 832 851 924 932 988
2710 2 34 775 789 798 827 852 859 864 895 934 1017 1295
2711 20 539 752 784 797 886 969 1158 1275
2712 748 750 864 866 896 940 969 998 1045 1087 1302
2713 1 149 529 535 536 557 618 638 656 709 725 736 737 750 753 760 769 780 817 837 869 882 932 1034 1084 1272
2714 1 2 88 355 536 596 627 748 752 760 762 798 803 817 822 864 871 898 921 940 1097 1270 1594
2715 1 2 25 28 63 97 149 221 297 529 556 557 561 589 603 618 624 641 699 736 738 748 750 752 753 754 760 762 769 780 787 793 797 803 809 817 832 847 853 868 886 888 893 895 896 906 912 932 939 956 1002 1110 1136 1270 1281 1295 1489 1511 1685 1702 1864 1928 1949
2716 797
2717 2 20 65 88 166 174 294 430 647 760 768 771 804 808 828 830 839 871 886 978 991 1042 1115 1264 1357
2718 1 627
2719 221 389 529 561 590 638 711 753 760 781 809 832 864 869 877 883 904 973 1000 1024 1055 1077 1172 1318
2720 221 582 603 759 784 858 898 1223
2721 853
2722 627 638 789 830
2723 759
2724 797
2725 699 812 858 861
2726 294 523 529 638 736 748 750 763 784 858 898 969 1314
2727 529 1007
2728 536 748 752 753 760 769 832 858 888
2729 555 861 866 1132
2730 533 537 760 809 855
2731 2 30 534 539 736 738 748 756 784 797 864 1455
2732 512 797
2733 1 2 25 28 221 529 555 556 596 599 611 627 736 759 760 762 769 787 797 809 817 832 847 858 912 924 949 954 956 1088 1117 1278 1359 1406 1753
2734 2 28 779
2735 28 529 577 735 738 750 759 760 763 768 787 830 858 927 1036 1037 1060 1076 1194 1577
2736 759 1084 1325
2737 638 736 751
2738 529 603 748 761 940 1281
2739 561 577 638 760 797 847 853 1525
2741 627
2742 557 589 853
2743 2 30 294 335 388 523 529 535 536 582 590 638 641 747 755 760 780 787 809 817 832 853 869 871 872 877 881 893 897 904 925 929 1124 1159 1266 1271 1460
2744 99 784 934 1059
2745 2 16 25 28 149 212 444 529 539 589 618 664 736 750 753 772 784 785 789 797 798 864 866 886 934 969 1026 1059 1084 1136 1281 1596
2746 529 737 760 869 996
2747 529
2748 537 1046 1205
2749 2 11 85 355 365 570 596 612 759 841 846 853 874 889 896 972 1500 1609
2750 760 832
2751 773
2752 2 355 420 459 529 539 627 750 752 760 784 817 832 853 858 864 866 876 895 1420 1865
2753 582
2754 97 603 748 866 876 1110
2755 20 40 294 335 430 523 529 534 538 539 627 638 759 760 787 791 809 812 832 925 939 970 986 1082 1221 1253 1302 1687 1699
2756 2 27 28 529 536 539 555 582 638 760 763 809 853 858 882 927 1046
2757 769 797 853
2758 529
2759 2 28 555 627 750 752 769 980
2760 88 529 556 638 760
2761 2 27 28 88 529 539 558 698 748 809 817 853 858 1325
2762 760 959
2763 1 2 25 28 88 112 355 468 529 570 577 589 596 603 604 627 638 736 744 748 750 752 753 760 762 769 771 784 787 793 797 809 827 832 853 858 862 868 871 888 895 930 946 969 1003 1045 1084 1110 1272 1292 1295 1379 1616
2764 750
2765 2 19 20 30 221 355 505 539 555 612 638 698 711 735 765 791 795 809 853 858 861 878 904 923 945 954 956 1163 1223 1258 1401 1697
2766 30 34 174 294 523 577 610 612 638 698 738 747 753 760 773 795 798 809 839 841 853 874 1117 1211 1258
2767 1 2 25 27 28 234 335 355 389 459 529 531 537 539 557 570 589 590 603 627 638 698 735 748 750 752 753 762 763 764 769 779 817 830 837 853 854 866 884 888 898 904 930 948 954 958 1011 1045 1071 1078 1115 1185 1270 1295
2768 512 759
2769 152 529 799 876 895
2770 1 2 30 149 538 539 596 611 638 748 750 752 760 768 769 773 780 789 795 797 815 822 847 860 868 869 890 1003 1015 1017 1041 1052 1095 1145 1251 1322 1323 1325 1347 1506 1927
2771 355 750 752 864
2772 2 335 529 627 747 754 755 789 809 852 859 860 886 899 1017 1106
2773 28 99 192 638 760 861 1092
2774 166 444 529 627 854 871 930 954 1163
2775 2 11 20 234 365 529 545 552 596 692 709 732 769 781 817 832 846 847 890 949 993 1003 1095 1146 1288 1289 1326 1379 1499 1678
2776 11 365 536 539 590 596 787 832 860 874 886 890 895 949 969 986 1140 1149 1165 1252
2777 128 166 459 474 529 589 627 698 853 883 924 948 954 959 986 1115 1285
2778 2 88
2779 30 355 529 536 539 638 709 853 922 929 954
2780 2 25 539 577 638 838 859
2781 2 4 20 27 355 459 468 523 527 529 531 533 534 538 539 556 561 577 582 589 590 596 638 722 735 738 747 750 752 765 784 787 807 822 832 837 839 853 858 864 877 878 886 888 890 899 930 945 949 1012 1026 1047 1052 1136 1164 1236 1245 1247 1275 1277 1325 1358 1379 1457 1642 1695 1720 1878 1895
2782 28 539 789 852 934
2783 149 627 784 789 815 852 859 934 1000 1017
2784 1029
2785 88 539 748 797 817 864
2786 912
2787 2 20 485 529 535 627 722 752 760 780 787 805 809 832 858 904
2788 20 539 612 638 795 1033
2789 529 589 627 736 832
2790 958
2791 539 797 853
2792 2 638 753 769 797 809 822 898 958 1254
2793 517 538 709 798 853 1074
2794 627
2795 2 25 27 28 577 638 750 753 760 763 769 784 853 1278
2796 244 355 459 512 529 791 839 884 1161
2797 27 28 512 539 777 903
2798 773 827 852 860 895 1017
2799 2 28 99 197 389 529 638 797 831 853 1038
2800 88
2801 25 114 444 627 694 759 903 924 1300
2802 2 25 27 529 638 853 1218 1293 1529
2803 748 750 767 969 1045 1446
2804 34 627 747 760 789 830 853 908 933 934 953
2805 2 20 512 797 941 954 1232
2806 627 759 926
2807 20 638 735 747 832 925 948 1084 1233 1617
2808 751
2809 2 759 763 809
2810 97 775 827 857 924 1013
2811 529 612 775 871 1017 1506 1825
2812 1 25 529 536 750 752 753 760 762 797 853 858 1314 1594
2813 853
2814 2 20 25 27 30 355 389 558 582 611 638 656 674 709 735 738 751 777 795 817 821 828 831 846 853 854 858 860 864 868 888 894 930 991 1205 1232 1330 1349 1366
2815 208 444 505 638 698 735 771 788 789 795 822 968 1046 1172 1205 1269 1386
2816 28
2817 764
2818 27 30 88 97 152 539 556 627 748 753 755 769 775 780 830 847 851 859 885 890 900 902 931 932 993 1000 1003 1014 1034 1074 1133 1146 1251 1267 1322 1629 1772
2819 529
2820 2 20 30 34 234 355 365 523 529 535 538 582 603 627 698 722 737 751 760 789 798 802 828 832 841 853 854 871 954 988 1066 1211 1798 2032
2821 2 20 536 598 699 749 753 759 791 828 853 859 860 868 918 1017 1037 1055
2822 537 759 924 954
2823 853 868 878
2824 512 529 638 759 797 1046 1076
2825 365 388 577 596 638 732 769 780 857 866 892 931 942 1000 1052 1095 1251 1322 1358 1567
2826 1
2827 803 956
2828 748 832 895 912 985
2829 853 1049
2830 529 557 760
2831 759 847 1151 1249
2832 888
2833 1 2 11 20 28 97 142 174 221 294 335 355 468 523 529 535 537 539 557 589 603 638 738 750 755 760 764 768 775 789 791 822 827 830 832 839 852 859 866 871 886 890 891 902 920 1015 1017 1034 1046 1296 1310 1448 1486
2834 750 969 1045
2835 760 924 1261
2836 30 65 212 247 534 603 747 759 830 871 891 1258 1672
2837 529 627
2838 88 753 797 893
2839 780
2840 365 529 536 736 1442
2841 775
2842 25 27 575 596 738 759 763 1037
2843 557 589 736 853
2844 297 775 852
2845 1 2 34 85 88 355 405 430 523 529 556 582 638 674 688 747 750 752 753 755 760 769 775 781 797 803 809 817 822 827 858 859 866 871 898 912 956 988 1094 1113 1159 1300 1357 1380 1537 1568 1758
2846 1 2 335 512 529 539 748 752 761 769 787 789 838 920 932 1281 1360
2847 539 596 760 822 832
2848 529 539 750
2849 1 2 20 25 28 97 529 589 638 762 763 817 824 837 847 890 898 923 926 943 945 949 983 997 1043 1058 1084 1226 1272 1275
2850 28 750 759 760
2851 746 750 760
2852 25 28 536 603 748 761 797 866 1270 1281
2853 2 760 797 824 924 1249
2854 523 809 822 851 886
2855 27 30 279 529 561 612 638 750 760 832 869 875 876 877 921
2856 570 638 797
2857 748
2858 1 748 803 940
2859 750
2860 16 97 166 212 355 484 536 539 589 639 753 760 764 767 809 853 856 902 1047 1268 1373 1546 1592 1594
2861 2 20 34 297 355 485 533 577 582 612 638 864 868 871 922 968 1013
2862 2 4 5 20 27 28 40 88 99 114 128 221 244 294 352 389 444 459 484 505 529 537 539 555 557 567 584 603 604 611 612 618 638 698 699 709 735 736 760 764 781 791 793 795 817 823 839 846 853 879 886 904 922 924 930 939 946 948 954 968 991 1000 1004 1046 1103 1112 1140 1144 1161 1188 1193 1229 1237 1272 1958
2863 529 577 598 638 748 760 942 1221
2864 1331
2865 28
2866 1 752 1275
2867 759 871
2868 529
2869 1 2 25 28 234 529 535 539 582 585 737 750 755 760 761 769 778 784 797 803 817 866 875 895 896 937 956 982 1007 1122 1179 1275 1276 1323
2870 25 28 529 589 738 934
2871 529 627 748 789 809
2872 2 512 753 759
2873 28 759
2874 627 853 1064
2875 817
2876 789 797
2877 886
2878 2 753 760 762 888 954 1278
2879 582 763 855 860
2880 2 561
2881 2 388 857 860 872
2882 750
2883 2 28 30 365 536 577 619 627 764 789 832 856 888
2884 2 529 760 769 773
2885 815
2886 1067
2887 20 209 365 389 468 484 523 529 536 537 539 561 567 596 603 627 638 698 735 752 764 791 795 853 866 875 886 890 903 904 924 954 1046 1047 1060 1068 1122 1143 1190 1191 1236 1275 1326 1341 1351 1386 1474 1663 1685 1741
2888 2 25 28 582 736 738 750 755 760 787 797 888 941 968 1003
2889 4 25 28 523 531 557 570 579 589 596 638 711 732 745 750 759 760 769 817 850 864 869 875 896 930 939 949 954 958 988 991 996 1001 1011 1029 1055 1140 1143 1148 1302 1829
2890 533 618 739 745 791 822 830 876 988 1327
2891 789 827
2893 577 603 939 1271
2894 27 30 221 294 529 780 808 832 847 865 866 871 925 968
2895 25 534 627 759 773 789 809 852 924
2896 1 753
2897 539 550 832 857 948 1272
2898 1 28 688 736 748 753 761 847
2899 860 926
2900 512
2901 28 774 779 853
2903 128 335 529 531 603 618 709 736 737 739 769 800 869 876 889 930 1011 1082 1756
2904 388 529 752 797 799 854
2905 886
2906 512 638 738 759 769 797 982 1171
2907 603 748 752 760 797 864 866
2908 27
2909 2 388 857 860
2910 627 824 991 1058 1215 1249 1612 1942
2911 789 853 954
2912 1 2 20 25 27 28 30 88 152 294 355 389 405 529 534 537 539 555 556 590 612 627 636 641 665 736 737 751 755 759 760 765 768 773 779 780 787 795 798 800 801 809 817 822 832 848 855 859 860 862 869 880 891 925 927 939 943 978 1011 1060 1076 1098 1112 1135 1185 1261 1292 1306 1317 1376 1379 1432 1437 1449 1575 1655 1687 1785
2913 750 752
2914 736 753 769 1003 1095 1449
2915 853
2916 1 2 20 25 27 34 88 97 99 166 234 355 444 529 533 535 536 537 539 575 577 585 612 618 624 716 725 752 753 760 781 809 817 821 830 832 851 853 864 890 912 922 925 930 932 940 954 958 983 1016 1029 1038 1041 1078 1100 1109 1134 1187 1275 1384 1390 1424 1457 1475 1534 1556 1580 1860 2002
2917 28 638 753 784 797
2918 2 20 28 30 34 294 297 335 355 365 423 523 529 539 567 570 582 612 618 627 722 725 736 737 748 752 760 768 773 787 789 812 817 830 832 857 862 864 869 871 877 880 890 895 918 925 928 936 953 968 991 1003 1015 1069 1076 1159 1163 1290 1292 1302 1379 1380 1424 1446 1456 1578 1644 1649 1837 1925 1980
2919 97 638 656 720 764 804 853 866 868 894 959 1271 1272 1406
2920 2 25 28 529 582 638 750 752 784 797 803 809 853 858 859 864 866 896 937 940 969 982 998 1045 1314 1877
2921 759 858 861 1080
2922 1 2 25 27 28 34 63 112 234 537 539 555 557 570 577 582 612 709 750 752 759 760 769 773 797 828 832 853 864 869 871 886 930 954 1001 1042 1048 1118 1132 1204
2923 166 212
2924 34 40 88 234 335 539 638 692 736 752 760 761 773 787 809 832 847 859 864 869 877 925 940 1043 1071 1076 1266 1284 1798
2925 512
2926 34
2927 577 752 760 858 949
2928 2 582 750 752 760 763 853 858 859 866 896 1087 1270 1281
2929 627
2930 2 28 760 888
2931 28 851 929
2932 20
2933 1 2 25 529 589 638 748 750 753 755 769 780 787 797 809 858 886 895 912 940 942 979 989 1113 1295
2934 809 853 869 902 924 988 1103 1245 1684
2935 529 768 773 847 1003 1076 1292
2936 28 88 529 575 627 780 853 902 956 988 1017
2937 20 529 577 760 807 809 832 871 1068 1166 1232
2938 751
2939 1 2 205 355 420 523 535 539 577 638 664 676 760 780 795 815 817 858 864 866 877 911 940 1106 1174 1664
2940 20 247 627 638 738 747 760 824 830 857 871 890 930 962 1058 1211 1219 1249 1340 1347 1394 1402 1538 1943 2007
2941 34 612 853
2942 556 618 627 876 959
2943 2 28 67 142 355 529 604 638 674 752 760 775 789 791 795 809 820 827 828 859 921 1081 1136 1144 1324
2944 99 474 638 822 871 1297
2945 20 25 27 28 638 738 763 815 1000
2946 529
2947 2 30 88 166 529 539 603 748 752 940 954 1260
2948 888 974
2949 11 76 534 747 1086
2950 817 822
2951 539 638
2952 853
2953 2 25 28 40 63 294 409 529 539 584 596 598 627 638 721 738 755 760 771 781 797 817 822 824 837 842 896 902 947 975 976 1077 1122 1215 1249 1272 1304 1358 1376 1384 1477 1700 1729
2954 784 797
2955 97 234 297 335 389 536 539 590 603 612 627 760 781 784 787 789 828 832 860 871 886 930 1099 1159 1292
2956 638 795 852 859 934 1017
2957 2 149 523 536 577 732 752 940
2959 20 28 97 99 355 611 635 638 747 762 769 821 931 982 1292
2960 2 555 736 888
2961 2 19 221 287 535 639 760 768 787 809 832 847 860 886 908 1148 1356 1390
2962 529 603 940
2963 28 142 149 627 638 709 754 755 760 784 789 809 814 827 832 852 859 934 1017 1031 1191 1230
2964 736 767 809 1092 1271 1272
2965 365 529 750 853 864
2966 88 486 638 748 858 861 888 905
2967 627
2968 2 294 536 627 747 760 772 964 1093
2969 28 539 750 1172
2970 30 88 341 352 365 523 529 534 537 539 575 611 612 618 628 638 683 709 716 721 722 725 735 746 750 756 760 771 777 780 793 817 822 831 832 839 844 853 862 866 888 890 903 925 991 1015 1046 1058 1076 1105 1110 1139 1140 1172 1197 1223 1275 1292 1474 1788 1790 1791
2971 1 2 233 365 557 577 582 596 627 721 732 750 752 768 769 773 817 831 846 847 853 864 931 1003 1018 1095 1146 1302 1322 1323 1336 1384 1524 1567 1746
2972 941
2973 537 638 750 753 760 852 858 866 924 939 954 1179
2974 529
2975 335 751 759 760 765 803 821 832 871 921 1017
2976 529
2977 529
2978 25 529 531 539 582 748 750 752 858 864 866 940 1084 1098 1172 1275 1887
2979 28 924
2980 759 954
2981 748 750 969
2982 529
2983 762 888 889
2985 762 789 859 888 934 1017
2986 1 735 858 861 925 1191
2987 2 20 76 294 534 760 884 895 1013
2988 2 577 760
2989 751 760 924
2990 555 557 589 627 748 752 753 759 787 809 832 888 896 940
2991 618 627 638 751 1037
2992 25 88 531 550 596 748 797 929
2993 28 1016
2994 797 853
2995 627
2996 797 1400
2997 888 956
2998 1103
2999 27 539 596 638 738 798 839 854 904 995 1110
3000 2 611 832 852 853 860 871 880 918 983 1055
3001 536 879
3002 1697
3003 557 589
3004 2 20 25 99 233 297 555 638 656 670 738 760 762 788 789 797 809 817 832 851 853 878 929 934 1016 1117 1205 1249 1264 1272 1287 1353 1402 1738
3005 2 25 28 738 748 750 753 762 797 817 866 954
3006 2 627 736
3007 638
3008 627
3009 25 28
3010 355 529 760 775 799 830 871 879
3011 335 430 512 570 736 759 760 832 855 1125 1191 1529 1657 1760 1815
3012 748
3013 596 751
3014 128 355 638
3015 2 20 34 612 874 946 1155
3016 25 529 748 866
3017 556
3018 2 28 262 596 681 749 769 817 846 864 1108 1119 1134
3019 582
3020 751
3021 20 534 611 759 761 830
3022 34 582 747 809
3023 627
3024 88 192 529 589 750 797 821 1007 1330
3025 851 853
3026 895 1015
3027 20 388
3028 817 832 847 864 869 1567
3029 11 27 97 149 221 523 596 768 853 988 1003 1029 1052 1095 1131 1146 1500
3030 11 20 759 885 1559
3032 2 27 28 30 85 212 247 337 365 459 523 534 537 612 627 720 722 747 750 754 760 824 830 832 839 853 871 878 891 896 1012 1053 1058 1163 1292 1300 1665 1892
3033 888
3034 738
3035 512
3036 27 763
3037 789
3038 1 2 25 28 30 355 523 529 539 748 750 752 832 858 940 1023 1026 1236 1275 1295 1314
3039 25 27 28 88 529
3040 789
3041 166 247 388 529 627 638 883
3042 750 752 852 886 954
3043 759
3044 752 896 1260 1275
3045 1 2 25 28 88 97 529 533 534 536 539 556 577 596 624 627 681 698 741 750 752 755 760 762 764 767 772 778 781 783 789 797 804 808 809 817 850 864 871 882 888 895 902 911 959 983 993 997 1007 1043 1076 1084 1151 1186 1293 1295 1325 1360 1446 1553 1590 1949
3046 638
3047 529 534 539 557 582 589 611 750 760 862 864 1302
3048 926 959
3049 523 815 860 864 875 955
3050 748 1117
3051 20 529
3052 25 759
3053 2 759
3054 1119
3055 1 753
3056 2 760
3057 892
3058 773
3059 20 355 638 884 932 1155
3060 784 912
3061 1 752 753 764 809
3062 529 531 760 831
3063 855
3064 529 535 627 933
3065 20 335 444 577 871
3066 789 880 934
3067 529
3069 192 355 529 535 612 638 764 789 874 948 1092
3070 30 51 53 85 87 149 355 523 529 538 539 551 555 557 570 579 582 590 638 711 736 737 747 760 768 769 773 780 781 828 834 853 854 869 877 879 883 886 904 924 929 939 942 945 954 996 1000 1001 1011 1018 1037 1048 1110 1115 1144 1159 1191 1275 1405 1421 1440
3071 753 784 785 1433
3072 2 11 20 28 30 99 142 335 512 552 555 582 612 638 738 755 759 760 765 787 791 830 832 855 878 886 888 904 910 924 930 932 986 1046 1122 1144 1159 1171 1332 1435 1814
3073 25 529 531 1003 1249 1262
3075 749 753
3076 627
3077 789 852 859 934
3078 2 627 760 883 959 1113 1182
3079 25 234 294 355 529 531 545 577 596 611 725 738 751 760 791 883 889 925 930 949 996 1038 1103 1122 1127 1138 1191 1194 1325 1498 1698 1965 1981
3080 638 759 902
3081 529 556 582 750 773 1302
3082 627
3083 30 174 244 279 534 638 688 738 753 759 760 761 764 780 812 856 888 902 921 924 1074 1272 1480 1546
3084 753
3086 2 28 365 529 539 633 638 750 752 762 858 864 866 895 896 940 969 1045 1087 1270 1314 1354 1604
3087 732 1151 1184
3088 789 859
3089 888
3090 539 750 752 969 1045
3091 2 25 99 529 624 748 755 759 760 763 797 817 890 891 895 924 925 997 1226 1279 1333 1379
3092 539 853
3093 1 853
3094 30 234 531 539 561 577 760 817 871 957 962 1122 1166 1379 1539
3095 760
3096 97 166 365 529 561 638 748 797 798 827 859 875 876 888 954 1035 1179 1281
3097 2 388 611 759 853 857 860 872 1055
3098 40 764 817 888
3099 2 25 28 537 539 596 736 744 750 751 752 753 760 763 784 793 853 858 862 864 868 1084
3100 28 355 529 603 627 638 760 1037
3101 2 28 40 88 297 355 523 529 539 582 590 638 738 750 753 760 769 773 778 789 797 809 822 832 853 858 864 866 912 940 1396
3102 2 34 577 612 638 753 760 761 797 817 832 893 1861
3103 25 529 738 762 768 797 809 830 853 940 1314 1769
3104 20
3105 1 753 760 793 858 864 903 954
3106 25 28 627 773
3107 2 76 335 490 523 627 752 881 904 1407
3108 28 355 638 750 752
3109 27 763 927
3110 638 709 1172
3111 20
3112 2 638 809 856
3113 1 2 11 88 233 529 536 598 638 650 696 777 788 809 817 832 853 931 993 1274 1296
3114 941
3115 927
3116 748 858
3117 529
3118 529 763 853 858
3119 2 27 388 405 529 534 539 557 589 627 721 751 760 780 787 832 853 1177 1430
3120 20
3121 2 30 34 221 430 577 619 711 760 817 832 896 949 991 1015
3122 355 797 1314 1397
3123 529
3124 884
3125 523 529 535 539 556 611 736 759 760 773 787 798 800 809 817 832 864 866 891 912 949 1003 1359 1693
3126 2 529 535 692 753 837
3127 2 753 797 895 1114
3128 539 748 858
3129 28 832
3130 858
3131 20 25 34 97 234 294 389 638 738 759 760 764 773 787 815 832 856 902 939 1077 1092 1110 1144 1296
3132 759
3133 2 279 355 523 529 536 539 627 638 681 822 824 839 853 871 883 975 1046 1084 1122 1163 1203 1305 1510
3134 736
3135 529
3136 748 755 853
3137 2 88 529 531 556 561 752 886 890 895 899 1168 1363 1723 1967
3138 751
3139 736 943
3140 20 25 28 234 529 535 638 725 798 850 924 925 982 1016 1707 1738
3141 529 797 854 875
3142 770 797 888
3143 244 906
3144 596
3145 537 1060 1333
3146 627
3147 2 529 561 760 809 832 858 861 864 890 956 1374
3148 529
3149 759
3150 529
3151 750
3152 809 921 1012
3153 2 25 624 627 721 749 789 830 853 940 1007 1232 1282 1740
3154 539 752
3155 34 355 750 752 784 858 940 1275 1333
3156 561 885
3157 2 294 556 577 603 641 752 753 760 769 791 797 809 854 883 929 979 1191
3158 2 20 27 85 88 287 294 355 529 533 536 537 577 579 589 604 627 665 699 716 750 751 752 760 780 786 787 803 809 817 825 832 844 859 871 902 908 927 1055 1094 1108 1152 1221 1251 1459 1687
3159 1 753
3160 99 409 638 745 832 844 988
3161 233
3162 28 590 832 930
3163 611 769 815
3164 750 896
3165 748
3166 1 2 138 555 753 797
3167 752
3168 529 611 817 890 1003 1095 1626 1794
3169 627 853
3170 744 760 853 888
3172 365 596 627 722 745 817 877 996 1191
3173 5 25 27 28 53 99 389 459 468 536 537 596 619 638 698 738 749 760 815 828 853 904 924 954 1122 1132 1265 1512
3174 88 539 596 748 750 752 827 858 859 866 896 1494
3175 28 34 294 484 536 537 558 577 579 750 752 753 864 888 966 1043 1094 1135 1353 1543
3176 627 855 888
3177 852 859 1017
3178 28
3179 335 512 920
3180 759
3182 529 777 797 853
3183 25 603 753 797 1198
3184 954
3185 28 753 888
3186 954
3187 2 523 529 582 736 752 755 775 789 809 827 838 852 858 859 864
3188 25 750 752 760 789 797
3189 773 858 888
3190 817
3191 365 556 589 745 751
3192 30 99 809 839 853 866 1161 1187
3193 2 868
3194 2 505 752 879 1080
3195 531 536 557 561 579 589 590 596 627 791 822 886 1180 1840
3196 5 529 871 879
3197 797 864 866
3198 902
3199 25 750
3200 827 852
3201 20 1863
3202 858
3203 523 748 752 784
3205 2 34 97 99 355 389 570 638 705 755 764 787 795 817 827 832 876 948 997 1092 1249 1296 1379
3206 852 859
3207 529 627 746 750 752 789 859 934 1045
3208 25 88 716 750 752 753 803 809 822 851 858 1076 1082 1088 1378 1486
3209 752
3210 11
3211 579 709 1295
3212 827
3213 25 28 523 529 627 638 760 779 809 817 822 858 898 937 983
3214 2 627 664 815
3215 799 824 1249
3216 529
3217 2 735 852 853 1069
3218 827 852
3219 166 247 529 627 871 991
3220 2
3221 533
3222 750 763 858 969 1045
3223 627 859
3224 809
3225 25 556 558 596 753 760 769 797 866 940
3226 589
3227 294 529 612 638 670 716 725 768 789 809 832 853 875 884 912 949 1003 1054 1144 1285
3228 20 162 234 612 638 854 860
3229 555
3230 539 627 745 769 817 844 892 962 983 1168
3231 529
3232 2 30 335 355 529 536 582 627 638 752 760 787 809 864 956 1275 1278 1292 1302
3233 531 533 538 582 590 627 869 889 1003 1105
3234 877
3235 2 748 752 761 793 797 940 946 1281 1295
3236 25
3238 748 940
3239 892 1155
3240 34 864 940
3241 589 759 791 857
3242 959
3243 896
3244 4 20 534 618 760 781 787 859 890 1292
3245 88 539 589 627 759 1202 1303
3246 775 789
3247 529 537 850 876 924 1060
3248 28
3249 856
3250 529
3251 536 759
3252 529 902 930
3253 853 862 1168
3254 753 769
3255 25
3256 209 1117 1428 1474
3257 534
3258 468 512 534 555 638 738 760 789 878 939 1000 1052 1171 1328
3259 34
3260 589 853
3261 557 603 752
3262 888
3263 297 638
3264 638
3265 596
3266 912
3267 748
3268 750 752 940 1281
3269 25 88 760
3270 752
3271 896
3272 589
3273 827
3274 28 557 589
3275 1249
3276 752
3277 855 954
3278 2 533 604 624 638 750 760 789 832 903 932 969 1017 1045
3279 750
3280 149 335 365 539 771 832 858 859 861 890 997 1185 1197 1357 1391
3281 638 858 888 895 954
3282 2 30 512 582 692 771 809 852 853 859 864 991 1000 1134 1141 1187 1284 1325
3283 899
3284 582 896
3285 777 892
3286 934
3287 20 25 512 759 769 793 797 817 821 860
3288 750
3289 355 797 1462
3290 2 941
3291 20 99 389 536 537 735 787 795 1038 1274
3292 529
3293 852 1017
3294 932
3295 582
3296 2 25
3297 2 25 28 88 192 468 529 558 590 596 603 656 735 748 752 753 769 778 797 809 822 853 858 864 866 892 895 898 912 940 945 998 1128 1270 1281 1594
3298 28 753 888 895 956
3299 784
3300 2 88 539
3301 759
3302 822
3303 28 468 759 762
3304 1 2 28 88 138 149 372 529 535 577 736 737 751 760 775 779 789 799 809 817 832 853 854 859 869 871 888 996 1330 1333 1409
3305 505 603
3306 751
3307 556 627 1290 1460
3308 2 20 27 28 40 51 97 99 221 355 529 533 534 535 536 537 539 552 577 582 627 638 692 736 753 756 759 760 763 771 773 777 780 787 797 805 809 821 822 827 831 852 853 859 860 864 877 893 909 912 930 949 956 958 983 991 1000 1016 1019 1037 1038 1071 1078 1100 1110 1112 1115 1140 1141 1187 1188 1728
3309 53 65 97 192 531 557 589 612 618 638 798 809 832 860 1136 1151 1292 1296 1310 1608 1717 1815
3310 888
3311 4 27 34 355 529 539 590 764 1622
3312 20
3313 789
3314 760
3315 750
3316 2 27 523 627 759 760 809 866 893 940
3317 2 753 773 824 883 895 912 1037 1039 1195 1267 2021
3318 20 534
3319 2 25 736 760
3320 926
3321 898
3322 25
3323 2 25 28 294 809 822 1239
3324 789
3325 765
3326 751
3327 2 536 579
3328 149 529 618 737 1191 1200
3329 536 611 894
3330 2 539
3331 244 797 809
3332 627
3333 753
3334 11
3335 582
3336 16 30 40 99 287 297 355 389 512 529 577 596 612 618 624 627 750 752 753 755 797 868 877 993 1276 1305 1503 1569 1644 2016 2017
3337 2 753 888
3338 2 5 20 34 53 99 212 355 444 500 505 512 535 538 611 618 638 639 692 719 744 750 755 781 791 799 822 828 858 884 888 911 912 950 977 1046 1294 1296 1318 1325 1424 1467 1852 1853
3339 795 1004
3340 529
3341 934
3342 27 28 797
3343 25 529
3344 1 2 34 539 750 858 866 1675
3345 2 20 27 28 30 34 420 523 537 749 760 768 809 822 832 846 877 925 1006 1012 1379
3346 529 533 570 760 832 899 930 939 1048
3347 20 34 641 1144
3348 874 941
3349 1 2 25 28 97 279 539 579 596 603 619 641 698 738 748 750 752 753 771 797 798 828 853 858 864 866 867 870 888 896 940 1323
3350 2
3351 423 773
3352 773
3353 25 27 30 40 577 582 603 750 760 787 853 890 929 1009 1046 1218 1232 1369 1397 1426
3354 888
3355 539 763 888 927
3356 529 589
3357 34 40 192
3358 2 20 51 99 247 294 355 529 539 555 582 625 627 638 735 760 808 815 821 831 855 868 884 886 888 934 1047 1158 1221 1247 1249 1366
3359 884 1110
3360 736
3361 760 853
3362 638 752 858
3363 827 859
3364 589 638 764 780 1084 1325
3365 784 858
3366 627
3367 2 25 28 88 294 365 529 539 582 705 789 797 809 830 853 864 866 908 931 940 995 1046
3368 797 853
3369 815
3370 534 638 773 853 1151 1220
3371 582
3372 2 341 389 529 539 638 752 760 795 809 832 835 1041 1061 1247 1611
3373 760
3374 28 752 795 956 1103
3375 627 773
3376 1 2 88 523 529 536 539 582 596 612 705 748 755 760 761 780 804 809 830 853 864 866 942 1007 1076 1493
3377 2 25 28 763 809 888 1031
3378 149 670 738 753 789 1142 1169 1181 1292 1471
3379 2 11 20 25 28 34 128 166 389 459 523 529 555 590 612 627 638 716 744 750 759 760 780 787 815 817 822 832 853 864 877 904 922 923 955 968 983 994 1000 1045 1046 1071 1140 1163 1172 1197 1221 1275
3380 2 28 88 555 752 817 853 864 1132
3381 752 809
3382 638 755 764 780 861 924 949 1015 1532
3383 539
3384 589
3385 27 529 830 940 956 1953
3386 2 28 88 822 868 924
3387 539
3388 5 760 821
3389 1 25 28 40 174 294 335 365 468 484 529 612 620 624 722 780 781 797 809 822 858 864 877 937 942 1076 1088 1132 1144 1211 1276 1302 1325 1348 1390 2027
3390 2 773 832
3391 25
3392 2 753 768 769
3393 1 279 539 595 657 751 753 755 769 832 858 912 954 959 1026 1144 1163 1275 1302 1325
3394 2 484 627 877
3395 233
3396 355 529 820
3397 174 294 355 529 577 604 619 787 791 853 869 886 1047 1163 1223 1353 1543
3398 789
3399 536 579
3401 25 28 279 529 538 670 748 861 1114 1619
3403 529 760 1623
3404 539 750 853 940 969 1045
3405 759
3406 88
3407 25 529 809
3408 561 896
3409 748 752 940 969 1045 1281
3410 748
3411 1 2 294 355 529 535 556 557 582 589 604 612 627 638 641 681 699 748 755 759 760 773 787 791 799 803 809 822 832 837 853 869 924 1037 1042 1132 1302 1350 1376 1539
3412 926
3413 539 557 589 603 751 883 954 1299 1474
3414 2 529 584 589 759 815 856 894 900 954 1364 1495
3415 2 752 753 797 803
3416 88 753 797 822 1017
3417 279 294 389 484 596 764 780 856 902 993 995 1266 1470 1935
3418 797
3419 294 529 570 760 780 817 837 853 855 1400
3420 809
3421 760 1357
3422 2 20 25 28 34 355 405 529 533 537 538 551 555 557 589 596 611 627 638 698 736 738 759 760 768 778 779 783 786 798 809 817 822 831 837 841 847 851 853 864 869 924 925 932 937 954 996 1003 1007 1018 1037 1045 1164 1295 1325 1368
3423 174 753 780 789 902 921 993 1013 1084 1432 1510
3424 20 97 664 760 853 1072 1361
3425 827 854 877 988 1876
3426 627
3427 556 709 985 1954
3428 1046
3429 30 556 638 797
3430 752 773
3431 797
3432 759 764
3433 529 753 1144
3434 589
3435 627 1039 1115
3436 582 941
3437 590
3438 874 890
3440 736
3441 858 861
3443 804 922
3444 30 234 529 535
3445 627
3446 233 537
3447 590 618 874 1655
3448 789
3449 25 1278
3450 2 11 20 25 27 30 53 244 335 352 355 366 389 468 491 523 527 529 531 533 536 537 538 539 561 582 590 611 612 619 627 638 666 698 809 828 832 853 884 886 890 895 899 904 922 929 940 964 968 969 991 1023 1045 1047 1084 1148 1221 1246 1269 1274 1296 1305 1318 1448 1508 1580 1581 1614
3451 2 30 956
3452 2 753
3453 789
3454 1
3455 912
3456 28 1061 1247
3457 11 795
3458 2 25 28 88 294 355 529 769 797 858 888 968
3459 88 753 1248
3460 1 760
3461 20 750 780 809 853 862 866 1232 1266 1350 1488
3462 853
3463 2 929
3464 529
3465 751
3466 784 795
3467 539
3468 20 27 468 512 529 628 760 787 821 871 877 886 929 1264 1379
3469 759
3470 582
3471 760
3472 25 468 529 699 753 762 769 809 853 854
3473 852
3474 627 871 908 1115
3475 355 529 596 1081
3476 28
3477 2 523 529 533 538 539 582 641 746 748 755 760 780 809 821 822 830 846 853 878 921 939 1134 1211 1304 1407 1537
3478 853
3479 234 529 832
3480 2 99 247 409 582 603 755 760 780 786 787 832 853 855 871 949 953 954 986 1115 1159 1422 1511
3481 752 753 797
3482 355 405 550 557 577 582 589 638 738 755 759 768 773 787 832 846 871 922
3483 2 20 28 355 505 529 533 537 555 558 577 619 627 638 670 692 698 732 737 738 760 768 773 781 789 793 795 815 817 824 839 853 859 875 884 888 890 923 924 928 930 934 991 1132 1140 1274
3484 523
3485 557 855
3486 753
3487 76 294 490 775 832 852 853 859 970 1017
3488 827
3489 871 1233
3490 577 627 759 760 787 921 1255 1494
3491 612
3492 612 888 998
3493 2 760 809 832 858
3494 27 529 750 851 898
3495 20
3496 2 212 221 628 638 738 825 878 904 1190 1321
3497 884
3498 234 556 627 759
3499 750
3500 529 760 817
3501 824 1191 1249
3502 993
3503 28
3504 20 27 538 555 561 577 603 739 853 864 869 876 939 996 1038 1122
3505 11 759 847 885 1626
3506 895 987 1233
3507 624 799 817 912 1249
3508 539
3509 939
3510 750 896
3511 993
3512 896
3513 294 405 529 752 760 832 1261
3514 750 896
3515 294 297
3516 529 627 760
3517 529 780 809 832
3518 852
3519 959
3520 789
3521 2 20 25 28 294 355 538 570 577 596 611 612 624 735 738 752 753 768 769 778 779 787 797 798 800 817 832 837 853 858 859 877 895 898 902 922 929 940 956 962 1003 1007 1034 1071 1094 1335 1479 1493 1680
3522 2 809
3524 854 871
3525 748 750 888
3526 2
3527 748
3528 1 2 20 25 30 34 529 531 556 567 577 638 722 752 753 771 795 797 809 851 871 891 904 956 959 1015 1047 1140 1197 1249 1290 1326 1341 1817
3529 2 25 63 174 529 778 794 827 895 1249 1302
3530 824 1249
3531 529 760 988 1249 1333
3532 857
3533 11 533 760 797 817 846 991 1301
3534 88 536 618 735 769 771 795 853 954 1046 1265 1474
3535 825
3536 1 2 20 27 28 34 88 234 294 355 523 529 531 535 536 539 552 556 577 579 582 589 596 598 603 611 612 627 638 670 683 692 722 732 735 749 750 752 755 760 764 767 775 779 789 797 798 808 809 822 824 827 830 832 852 853 864 865 866 869 886 890 895 911 920 931 932 939 940 956 993 1013 1030 1084 1134 1296 1411 1532 1705
3537 2 355 692 781 822 827 857 865 898 912 920 931 982 1095 1140 1277
3538 1266
3539 582 760 1266 1432
3540 898 940 1281
3541 149 890 997
3542 30 67 85 355 529 535 539 628 692 735 760 781 804 832 839 842 853 877 922 925 939 973 1084 1140 1325 1336 1337 1352 1617
3543 30 97 539 604 638 744 748 797 858 866 896 940 1281
3544 20 51 174 294 529 551 824 832 864 877 1334
3545 294 389 533 539 582 596 603 747 753 755 769 787 797 832 929 949 1003 1011 1095 1302
3546 2 25 27 28 34 389 529 539 582 596 638 650 749 750 752 753 755 760 769 775 787 789 797 798 809 817 822 827 831 832 852 864 866 868 871 895 898 908 927 929 956 967 1006 1007 1017 1043 1145
3547 27 294 638 681 688 753 760 780 791 812 856 886 978 1221 1266
3548 2 28 88 234 523 529 627 736 760 762 780 798 827 832 838 844 852 876 921 954 1041 1071 1171 1271 1292 1425
3549 551 570 620 624 638 747 750 817 832 877 895 1290 1648
3550 2 355 529 557 561 582 603 750 752 864 940
3551 2 25 1912
3552 2 27 30 85 174 639 735 760 764 768 787 820 822 832 871 1267 1276
3553 2 25 88 300 596 627 732 748 780 797 798 817 830 877 1038 1084 1358 1552 1625 1949
3554 2 16 886 1545
3555 2 529 535 570 628 638 692 737 780 876 1055 1103 1321 1500
3556 88 529 638 854 973 988 1900
3557 618 638
3558 2 20 28 88 596 638 760 773 775 789 795 853 884 888 922 967 1046 1448
3559 1 2 749 750 759 789 832 852 877 1015 1046 1113 1325 1360
3560 30 365 752 852 871 886 890 899 942 1000 1280
3561 638 736 737
3562 2 858 864 940 945 1045
3563 1 725 752 924 1191 1275
3564 809
3565 832 871 1627
3566 20 30 40 388 444 523 537 612 627 638 698 735 747 760 780 854 856 868 871 884 894 904 922 1043 1205 1697
3567 2 355 577 627 787 797 817 827 832 852 853 1136 1194 1342
3568 1 20 639 753 755 827 852 859 872 925 1002 1017 1091 1097 1302 1471 1516
3569 372 527 556 579 582 590 596 749 760 853 877 886 895 901 920 939 945 954 1971
3570 827 859 1017 1034
3571 2 20 88 529 582 612 760 773 787 797 809 858 898 925 1076 1302 1379 1410 1627 1785
3572 28 88 335 555 582 599 618 638 750 752 760 768 787 803 809 832 858 861 866 871 925 927 1000 1076 1352
3573 1 30 65 529 534 538 619 635 747 760 837 864 871 939 940 974 1562
3574 853
3575 27 335 355 523 529 561 582 620 624 748 750 752 764 781 797 886 900 1047 1072 1158 1188 1275 1314
3576 2 20 25 28 30 34 112 221 335 355 505 512 529 612 747 760 765 780 789 828 855 871 886 904 922 1000 1013 1163 1214 1217 1259 1326 1399 1639 1834
3577 2 20 30 34 63 112 221 551 612 638 688 753 760 837 893 898 997 1110 1292 1483
3578 444 539 582 638 842 876 940 1144 1295 1305 1333 1486 1530
3579 2 20 177 209 355 500 529 627 638 656 760 788 929 1100 1249 1265 1286 1529 1575
3580 1 2 25 28 192 355 444 529 539 582 638 656 736 738 748 750 752 798 866 896 940 942 991 1028 1084 1158 1275 1288 1314 1584
3581 16 20 25 27 529 533 550 638 760 780 858 864 940 1084 1287 1535
3582 355 529 537 539 582 692 735 736 760 781 846 911 930 993 1015 1140 1159 1288
3583 2 28 88 529 537 539 736 738 752 760 769 787 803 809 817 864 893 921 968 993 1285 1526
3584 88 570 698 750 760 864 869
3585 2 775 859 1017
3586 27 868
3587 2 28 529 536 561 590 596 603 627 716 750 779 797 814 817 822 832 837 853 876 877 889 895 908 929 954 957 983 1119 1170 1288 1379 1539 1957
3588 2 279 753 809 817
3589 2 529 582 722 750 752 755 817 893
3590 1298 1299
3591 2 20 25 27 28 97 192 529 533 535 577 582 590 603 627 638 749 750 753 759 760 780 787 791 797 809 817 824 832 864 899 912 921 925 942 1175 1185 1249 1270 1302 1400 1538
3592 20 34 537 612 744 828 922 1042
3593 769 797 940
3594 2 537 604 618 638 922 1070 1163 2000
3595 570 638 735 800 853
3596 2 27 30 97 529 538 539 555 582 732 736 750 752 764 809 822 827 832 847 931 954 1145
3597 27 112 355 389 505 523 537 596 638 781 786 789 795 809 828 832 888 907 922 954 1237 1274 1305 1318 1581
3598 355 762 797 827 888
3599 529 570 577 736 737 817 832 864 1278 1449
3600 27 234 536 570 590 603 736 783 822 832 844 875 892 939 983 1186 1285 1512 1567 1793 1893
3601 536 603 638
3602 760
3603 20 505 533 590 611 638 709 735 738 760 795 822 877 886 948 1046 1139
3604 1 2 25 34 88 149 279 389 523 539 558 596 738 748 750 752 753 786 797 798 827 832 858 864 866 940 945 969 1026 1042 1045 1095 1106 1172 1226 1272 1314 1460 1545
3605 1306
3606 1 2 25 28 536 579 738 752 827 868 937 997 1306
3607 25 523 561 748 750 752 886 896 969
3608 335 751 764 832 853 1017
3609 505 529 735 797 846 859 983 1110 1454
3610 297 539 670 753 832 852 1017 1185 1202 1279
3611 297 589 596 638 760 827 832 838 852 871 1106 1292 1310 1311 1481
3612 2 25 88 748 940
3613 596 769 847 939
3614 294 529 536 641 699 750 760 804 1313
3615 149 582 760 827
3616 1 355 539 750 752 858 1045
3617 2 25
3618 611 627 638 747 748 752 753 890 903 1163 1249
3619 2
3620 596
3621 2
3622 2 25 27 28 355 529 552 555 665 738 760 779 817 837 853 868 890 920 1000 1043 1194 1249 1302 1846
3623 752 809
3624 1 2 25 28 557 598 738 748 756 817 827 864 906 930 941 1302 1324 1836
3625 2 25 28 287 352 365 529 539 557 570 589 596 638 735 737 748 750 752 753 760 832 853 864 871 940 956 1037 1292 1324 1614
3626 355 365 535 618 725 817 869 955 996 1007 1292 1806 1886
3627 748 799 853 886 940
3628 2 99 294 355 389 529 535 638 709 781 797 830 851 853 869 924 929 939 958 1041 1112 1372 1402 1611 1743
3629 2 25 30 294 529 536 539 603 638 748 750 832 864 1191 1198 1859 2010
3630 2 88 748 864 866 1281
3631 638 884 1287
3632 760 832 837 886 890
3633 2 294 529 535 538 603 627 638 641 760 832 853 871 1232 1410 1504 1628 1706
3634 27 512 527 555 709 735 753 853 929 1247
3635 20 25 30 40 85 149 355 556 603 611 612 747 763 773 780 853 858 861 904 956 996 1000 1003 1071 1140 1159 1399 1401 1639
3636 750 866
3637 2 25 63 468 529 760 769 787 803 809 817 838 861 873 989 1445
3638 537 557 589 751 759 760 773 832 924 1095
3639 2 20 27 192 221 355 505 523 529 531 533 535 551 556 582 589 596 611 618 698 709 711 736 737 768 780 817 847 853 854 864 869 876 898 997 1001 1197 1330 1449 1811 1856 1866
3640 30 536 539 627 760 791 809 824 894 895 944 962 1038 1219 1393 1921
3641 2 25 174 529 539 570 589 596 627 738 753 760 784 789 798 805 817 828 830 832 859 864 871 930 934 939 1071
3642 88 786 797 798 1302
3643 750 969 1045
3644 529 589 736
3645 2 11 20 735 747 760 793 846 853 973 1287
3646 221 355 491 512 539 582 638 738 747 760 804 808 865 878 884 890 891 1057 1072 1205 1223
3647 748
3648 25 752 940 969 1002 1045 1281
3649 2 28 536 577 750 779 1314 1558
3650 2 25 28 30 53 166 174 234 294 355 529 536 579 618 627 638 641 681 699 721 736 737 739 760 775 786 791 817 832 853 871 911 924 1140 1159 1375 1376 1380 1390 1681 1699 1884
3651 2 16 737 760 767 809 886 921
3652 1044
3653 1 604 736 753 760 780 787 809 832 867 871 1144 1366
3654 149 627 752 763 775 784 789 797 827 859 934 1017
3655 53 67 355 529 535 618 725 760 781 787 832 846 853 877 1338 1617
3656 2 500 529 638 760 809 817 846 886 927 929 1249
3657 764
3658 28 53 166 174 234 279 355 529 535 539 552 604 638 665 709 725 732 738 760 762 769 781 787 837 875 903 1390 1648
3659 25 537 760 761 907 1510
3660 871 1043 1344
3661 2 192 500 529 748 760 789 898 934 1017 1198 1314
3662 20 294 430 744 750 760 764 793 912 991
3663 2 294 523 529 627 638 641 681 760 791 809 812 853 886 898 993 1330 1346 1350 1353 1432
3664 753 1169 1181
3665 355 817 1323
3666 1 2 11 20 25 28 30 88 99 221 294 335 523 529 537 551 555 570 580 582 603 604 638 670 698 721 750 760 761 763 780 791 800 803 809 817 832 857 864 866 874 890 896 902 904 917 921 925 939 982 996 1076 1084 1095 1134 1136 1292 1302 1335 1348 1350 1379
3667 750 752 969 1045 1275
3668 20 832
3669 725
3670 1 2 25 28 30 234 355 529 539 552 638 725 732 738 750 752 753 755 762 769 787 797 803 809 817 827 837 851 852 853 864 911 922 932 949 958 983 1076 1110 1132 1285 1375 1384 1516 1669
3671 2 557 589 638 759 773 797 809 847 888 925 1185 1333 1400 1673
3672 627 775 962
3673 2 88 389 468 537 539 603 638 748 750 752 795 817 853 866 1261
3674 27 294 612 665 760 771 786 791 809 890 1135 1203 1379 1417 1571 1758
3675 11 99 294 780 983
3676 20 88 294 485 627 665 760 780 786 787 822 853 945 1266 1453
3677 20 34 51 53 209 468 505 539 627 638 656 698 737 752 756 797 798 800 842 851 864 866 883 954 1046 1115 1191 1272 1301 1474 1690 1739 1741 1779
3678 25 523 534 750 752 817 940 956 959 1045 1275 1295
3679 1 2 294 523 557 582 748 750 752 753 769 797 822 858 864 896 912 940 1110 1270
3680 1 2 99 150 523 539 590 681 747 760 789 799 803 809 844 853 884 921 1136 1266 1279 1302 1422 1543 1706 1784 1969
3681 88 162 212 262 355 491 505 507 523 537 538 612 638 747 760 781 798 808 809 830 832 839 853 936 954 983 1015 1046 1258 1294 1296 1390 1624 1773
3682 627 930
3683 896 1098
3684 2 27 853 901 993
3685 1 796 852 1174 1291 1471
3686 2 748 752 864 896 940 956 1281
3687 647 760 853 890 895 1000 1016 1191 1644 1657
3688 797
3689 25 28 529 1361
3690 618 638 759 902
3691 63 491 538 603 618 627 760 787 809 828 844 876 939
3692 2 536 538 570 579 589 596 603 611 736 752 779 800 817 869 876 925 943 1047 1325 1379 1443 1493
3693 755 789 852 859
3694 638
3695 2 561 762
3696 638 780
3697 114 638 844
3698 114 638
3699 149 539 603 673 748 866 1931
3700 537 596 638 748 752 769 788 859 904 929 1379
3701 577
3702 25 28 335 529 539 638 737 761 762 795 853 866 886 888 912 1071 1159
3703 2 88 535 537 555 611 638 738 750 760 771 839 884 904 954 958 1015 1046 1122 1397 1483 1606
3704 539 862
3705 11 764 856
3706 420 750 900 969 1026
3707 1003
3708 523 555 832 1198
3709 1 2 638 753 760 797 803 820 895 922 1278
3710 2 769 797
3711 20 99 539 612 638
3713 30 705 737 760 771 795 832 854 871 1019 1633
3714 162 627 747 866
3715 760
3716 355
3717 192 355 523 529 535 557 589 638 759 760 789 876 920 924 954 993 994 1292 1448
3718 759 797 852 859
3719 2 25 28 735 738 768 779 787 853 985
3720 817
3721 638 988
3722 192 535 596 948
3723 539
3724 2 19 28 97 192 529 557 589 604 611 698 736 832 866 869
3725 1 11 20 40 97 389 537 612 638 738 760 764 781 835 877 885 954 1077 1081 1107 1234 1448
3726 1 638 753 762 775 856 888 948 968 1017 1296
3727 529 627 775 789 852 1017
3728 797
3729 365 556 603 736 798 876 886 899 949 1070 1164
3730 27 233 529 537 539 557 589 627 751 759 760 773 789 799 832 859 902 904 924 1037 1042 1373 1483
3731 365 596 711 847 1095 1322
3732 2 16 28 34 51 88 535 570 582 603 638 750 752 753 760 769 798 809 832 853 858 864 869 871 908 912 945 1002 1282 1295
3733 27 40 99 212 512 555 638 738 795 853 884 907 1132
3734 2 234 294 529 535 536 537 627 750 752 759 760 772 787 789 791 809 810 832 852 853 859 921 1112 1151 1161 1545
3735 1249
3736 2 20 30 97 99 142 294 355 389 529 612 627 638 641 681 699 721 738 755 760 787 791 809 812 853 871 895 896 931 954 993 1135 1144 1221 1232 1267 1302 1353 1376 1482 1504 1537 2018
3737 2 27 28 234 468 596 638 736 738 748 752 784 785 797 798 817 837 864 902 945 1358 1545
3738 2 577 638 760 797 809 853 971 1037
3739 748 760 861
3740 753 797
3741 888 902 1414
3742 2 529 627 750 752 762 898 1314 1594
3743 2
3744 88 529 867 1070 1144 1599
3745 748 866 998 1281 1354
3746 788 1393
3747 28 611 890 1251 1334 1691
3748 736 737 752 797 817 896 1275
3749 803
3750 28 53 234 389 529 535 538 590 596 624 732 738 745 762 769 798 799 817 837 853 876 890 902 939 1003 1019 1084 1095 1268 1302 1479
3751 30 51 99 294 523 627 647 664 716 736 737 739 754 769 791 808 809 834 839 846 973 995 1084 1140 1296 1353
3752 11 561 638 795 824 890 902 1497
3753 2 294 536 760 814 871 908 921 945 1168
3754 638 767 856
3755 1 2 25 27 28 97 335 389 409 484 491 523 529 534 555 577 582 596 611 638 725 738 759 773 787 798 825 832 837 857 864 865 871 877 886 963 1110 1132 1159 1205 1399 1599 1991 2028
3756 25 561 750 752 858 1236 1591
3757 1402
3759 529 531 579 589 596 732 866 869 924 939 1029 1072 1140 1148
3760 750 858 921 1275
3761 1232
3762 1 2 34 529 539 748 750 753 769 797 817 820 928 939 956
3763 582 748 750 760 896 954 1302
3764 28 40 85 99 355 612 827 828 1046 1191 1458
3765 537 582 874 949
3766 764
3767 735
3768 1 529 638 753 760 769
3769 529
3770 2 529 557 589 638 736 748 760 772 780 853 971 1194 1305
3771 4 335 523 536 832 877 904 963 1071 1399
3772 1 2 25 28 88 279 539 664 745 748 753 791 801 858 1042 1174 1868 1869
3773 539 638
3774 2 25 27 63 192 484 529 577 582 624 627 638 736 759 760 767 769 772 777 795 797 798 802 809 832 853 879 895 993 1077 1870
3775 789 852 859 1017 1110 1202
3776 2 536 761 777 781 852 859 1034
3777 1041
3778 27 822 1205
3779 20 88 297 539 577 853 925 1174 1271 1302 1448
3780 638 1264 1986
3781 2 297 529 536 539 638 665 760 817 821 853 859 864 874 886 993 1465
3782 365 366 1045
3783 759
3784 529 596 799 890 1932
3785 627
3786 1 27 40 491 512 555 638 809 954
3787 627 931 1043
3788 732 1043
3789 539 798 870
3790 355 529 535 781 924 939 1060 1084
3791 2 25 355 539 735 750 808 809 853 866
3792 430
3793 2 537 864 922 940 991
3794 1 30 853 1061 1934
3795 51 53 88 389 539 638 791 795 954 1272 1305 1353 1467
3796 750 822 851 1012 1144 1825
3797 2 355 523 529 533 539 620 624 627 759 761 787 803 809 822 832 853 858 864 932 1042
3798 2 529
3799 25 596 624 997 1084
3800 750
3801 2 355 491 529 638 709 749 764 781 853 868 890 904 924 1386
3802 355 523 529 561 638 705 748 828 847 886 969 1118 1198 1218 1296 1426 1644
3803 2 34 555 864 1574
3804 750
3805 529 760 781 817 832 1150 1232 1498
3806 1 539 750 752 1280
3807 2 388 596 698 748 753 809
3808 539 750 858 896 1354 1428
3809 1117 1429
3810 956
3811 912
3812 1 28 750 752 803 896 1314
3813 2 25 956
3814 2 99 760
3815 2 555 956
3816 2 760 888
3817 20 30
3818 582 787 847 877 1037
3819 234 529 639 809 949 979 1132 1136 1246 1642
3820 2 294 355 529 755 760 780 802 832 853 871 881 891 920 1055 1432 1945
3821 30 53 529 539 638 647 692 737 760 780 795 828 837 839 869 1015 1082 1094 1108 1140 1330 1397 1754 1844 1906
3822 523 752 753
3823 860
3824 192 529 590 954 1278
3825 30 212 534 747 830 871 891 1115 1296 1767
3826 28 444 468 523 529 750 752 886 900 1084 1281
3827 611 1095
3828 389 539 638 830 862 922 1110
3829 1 97 365 531 533 561 638 753 760 765 795 809 832 921 995 1110 1135 1164 1266
3830 2 40 88 529 539 750 760 769 851 858 864 866 896 940 1084 1136 1203 1325
3831 1 638 859 861 1017
3832 529 775 982 1323
3833 2 51 523 754 809 822 1082 1084
3834 722 733 1762
3835 28 30 505 534 628 638 781 853 874 877
3836 2 760 832
3837 832
3838 1 750 858
3839 2 25 63 803 888 921
3840 736 797
3841 97 638 853 856 899 1110
3842 2
3843 832
3844 750 752 797 896 940 969 1045
3845 1449
3846 577
3847 2 16 221 529 853 858 859 1112 1494
3848 2 681 1333
3849 2 20 832
3850 896
3851 876
3852 2 174 736 817 871 983
3854 335 590 832 895
3855 533 575 864 878 890 945 2004
3856 234 539 822 854 1037 1287 1301 1736
3857 85 795
3858 750 809 1097 1314
3859 1 1295
3860 2 25 28 523 539 638 709 725 752 761 778 795 809 838 871 920 940 1295 1616
3861 97 754
3862 97
3863 25 27 355 753
3864 885
3865 748
3866 30 534 611 627 638 751 752 809 828 832 940 1396
3867 30 638 832 877 924 1084
3868 780
3869 783 1272
3870 221
3871 852 934
3872 30 34 611 612 853 922
3873 2 529 736 737 760 817 956
3874 748
3875 748
3876 750 797 858 898
3878 485 529 760 780
3879 1 751 974 1466
3880 19 20 34 40 300 355 536 638 753 764 793 817 822 1396 1432 1656
3881 1046 1047
3882 2 769 869 940 1325
3883 753 760
3884 2 294 557 589 638 772 798 809 832 1076 1194
3885 570 582 603 1302 1379
3886 11 25 27 28 128 539 638 760 809 837 1046 1360
3887 2 28 244 538 603 745 746 760 779 797 817 853 997
3888 830
3889 582 618 797 1393
3890 11 149 529 531 556 557 570 596 627 732 762 768 817 831 851 869 939 983 1003 1151
3891 2 97 149 753 809 886
3892 2
3893 529 737 748 851 924
3894 577 911
3895 20 539 618 756 799 1266 1956
3896 28 533 1043
3897 523 752 830 886 899
3898 760 787 832 864
3899 638 709 735
3900 234 627
3901 2 20 365 529 760 890
3902 2 556
3903 753 797
3904 627
3905 1 2 173 529 534 760 797 808 858 1082 1271 1302 1402
3906 627
3907 896
3908 355 535 536 538 551 570 579 589 596 737 750 760 804 817 822 847 864 874 884 886 909 930 1048 1290 1327 1490
3909 27 1060
3910 768 847
3911 335 760
3912 88 748 853 858
3913 550 860
3914 355 612 627 735 736 738 760 793 795 809 868 993 1071 1483
3915 97 192 459 612 638 764 948 1092
3916 27 512 523 853 1159
3917 888
3918 556 638
3919 1 539 750 752 817 940 1295
3920 20 30 505 612 638 817 922 1000
3921 1017
3922 2 25 28 762 888
3923 556 797 1723
3924 355 529 618 711 737 862 914 1909
3925 99 539 752 780 995 1026
3926 753 931 949
3927 20 827
3928 827
3929 234 529
3930 30 85 612 830 853 854 871 886 1010 1112 1232 1276 1310 1800 1830
3931 88 1174 1342 1548
3932 88 233 882
3933 2 28 529 611 760
3934 797
3935 752
3936 2 30 97 505 529 612 760 852 859 864 871 898 1017 1278
3937 28
3938 2 25 28 589 603 866 869 939
3939 2 28 846 871 929
3940 750
3941 2 25 28 244 523 529 596 627 736 738 750 760 767 817 853 869 876 1302 1488 1714
3942 763
3943 2 786 853 906 1055
3944 11 589 612 769 780 901 1322
3945 99 536 539 577 582 589 590 596 768 844 864 889 932 936 1296 1485 1512
3946 297 750 769 817 931
3947 335
3948 529 535 736 828 832
3949 1 2 25 88 149 221 529 582 748 755 765 797 809 817 853 893 898 906 927 940
3950 596 769 817
3951 221 529 539 809 827 832 868 907 922 991
3952 747 1237 1296 1347 1402
3953 750 761 1028 1084 1116 1158 1275
3954 28 173 557 589 832 993 1249 1402
3955 750 752 982 1314
3956 247 638 1092 1525
3957 752 886
3958 88 760 822 895 1161 1285 1304 1360 1450
3959 2 529 556 752 773 797
3960 2 192 760 795 853 886 890 1334 1348 1691
3961 832
3962 2 20 30 88 670 681 759 771 787 789 809 832 855 881 924 1068
3963 539 861
3964 993 1249
3965 34 858 861 997 1080 1084
3966 1 539 596 768
3967 294 847 1003
3968 783
3969 1 638 861
3970 803 864 895 912 1076
3971 28
3972 537 760 922
3973 537 747 991
3974 752 797 898
3975 97
3976 958
3977 233 722 760 787 832
3978 822 890
3979 420 750
3980 389 638 809 822 846 851
3981 2 962 1684
3982 20 832
3983 557 589 750 864 886 921 1501
3984 88 233
3985 459 853 964 996 1296
3986 539 557 596 738 750 798 803 864 866 870 875 939 1561
3988 1249
3989 1 2 5 27 51 355 372 491 537 538 864 871 1082 1296 1439 1622 1807
3990 1
3991 88 612 748
3992 20 30 556 745 896 937 940 1016 1738
3993 556
3994 603 1271
3995 904
3996 491 817
3997 627 768 1108 1144 1163 1513
3998 1 233 764 842 921 1172
3999 529 582 760 832
4000 523 539 638 797 896 940
4001 603
4002 853
4003 895
4004 2 88 294 537 604 612 635 638 681 808 834 860 867 978 1418 1419
4005 752 858
4006 1359
4007 555 612 884 930 1122 1197 1281
4008 1117 1202 1803
4009 51 536 537 777 795 842 923 991 1117 1197 1404 1590 1724 1803
4010 940
4012 750
4013 529 535 536 579 618
4014 1017
4015 2
4016 577 683 866 877
4017 930
4018 1067
4019 561 750 752 832 896 940
4020 852 859 1034
4021 28 1241
4022 2 880
4023 864 881
4024 192 529 738 753 760 764 859 1558 1889 1974
4025 795 1379
4026 895
4027 355
4028 534 752 1295
4029 760
4030 773 1003
4031 2 28 300 500 638 780 809 815 876
4032 768 925 1379
4033 638
4034 858 861 940
4035 763
4036 752
4037 209 550 680 1301 1547
4038 2
4039 809
4040 827
4041 2 611 1042
4042 28 738
4043 2 25 294 529 750 753 760 787 809 822 832 852 864 953 1537
4044 853 940
4045 888
4046 2 28 34 612 760 789 821 853 895
4047 2 88 817 1333
4048 1 2 20 25 28 523 577 582 681 750 769 779 817 841 853 859 864 1459
4049 896 969
4050 752
4051 888
4052 1
4053 769 902 927 1003 1095
4054 627 903 1324
4055 1013
4057 20 536 596 832 877 904
4058 539
4059 861
4060 627 809
4061 51 627
4062 247
4063 858 861
4064 20 638 698 760 815 868
4065 638
4066 11 885
4067 20 529 534 902 1379
4068 921
4069 1003 1017 1018
4070 647 886 1553 1848
4071 941
4072 941
4073 28 535 582 760 764 787 799 817 828 832 853 859 890 1379 1804 1836
4074 2 535 570 929 1379
4075 531 533 596 798 822 842 858 864 890 932
4076 11 769 817 847 853 885 931 1003 1133 1857 1966
4077 97 738 764 856 1092
4078 748 1373
4079 25 28 582 755
4080 2 20 529 760 855
4081 5 539 789 866
4082 539 756 789
4083 582 755
4084 97 297 533 536 556
4085 1249
4086 864
4087 539 858
4088 527 638 764 1512
4089 812 880
4090 2 537 809 832
4091 791 1305
4092 932
4093 995 1013
4094 603
4095 750 827 1045
4096 2 25 28 529 656 748 1110 1295
4097 942 1132
4098 20 88 582 886
4099 857 1041
4100 529 627 853 888 1527
4101 365 596 737 769
4102 888 1221
4103 760
4104 797
4105 535 539 755 787 831 853
4106 355 618 874 1379
4107 809
4108 738
4109 627 888
4110 355 529 536 638 760 809 864
4111 589 774 921 1002 1080 1097 1282 1740
4112 2 956
4113 748 750 858
4114 529 627 698 760 853
4115 2 535 760 809
4116 30 97 539 627 747 752 830 859 1106 1191 1311
4117 890
4118 85 174 529 535 618 760 780 820 822 832 955 1124 1313
4119 831 956
4120 20 30 85 561 612 638 808 809 855 871 1375
4121 760 858 1315
4122 886 954 1164 1205
4123 902 1084
4124 748
4125 611 750 752 795
4126 531 575 809 899
4127 51 88 162 212 262 335 505 523 612 747 798 809 830 954 1296 1718
4128 27 63 752 797 853 998
4129 262
4130 2 683 866 1084 1556
4131 355 852 931
4132 27 737 864 880
4133 99 853 886 891
4134 297
4135 2 1281
4136 624 764
4138 529
4139 612 738 832
4140 28
4141 901 1256
4142 2 30 234 570 603 638 749 875 1011 1191 1280 1908
4143 99 459 747 760 824 930
4144 533
4146 930
4147 536 809
4148 577
4149 753
4150 297 533 681 699 789 852
4152 355 539 698
4153 531 624 780 2044
4154 1017 1057
4155 871
4156 924
4157 748 752 858
4158 747 871
4159 809
4160 656 747 968 1300
4161 1151
4162 30 940 1045
4163 773 817 1003 1095
4164 2 762
4165 1047
4166 760 858
4167 2 523 582 853 859 898
4168 2 802 855 883 1191
4169 2
4170 638 958 1462
4171 11 596
4172 5 335 832 1015 1047
4173 725 760 1000 1360
4174 603 892
4175 2 34 596 1723
4176 2
4177 1 638 698 702 711 738
4178 88 1188
4179 2 28 762
4180 28 63 750 762 1045
4181 627
4182 34 97 638 791 858 1046 1047 1426
4183 748 940 1281
4184 1452
4185 638 760
4186 789
4187 2 760 809 859 864
4188 11 529 638 760 890
4189 817 982
4190 2 529 596 748 760 787 799 940
4191 25 956
4192 539 752
4193 638 1286
4194 539 638 983
4195 698
4196 2 638 769 1302 1746
4197 25 803
4198 2 27 355 388 529 627 760 797 832 858 869 892 1399
4199 1 25 97 112 294 529 531 551 577 582 748 760 869 886 932 1034 1198 1291 1292 1889
4200 1 539 1163
4201 900 931 1071
4202 536
4203 750
4204 736 752
4205 699
4206 297 789 852 1179
4207 797 1002 1097
4208 25 28 769 927
4209 1271
4210 752 940 969 1045
4211 748
4212 529 795 828 832 853
4213 890 1015 1163
4214 2 40 738 795
4215 744
4216 25 28 738 775 789 1017 1034
4217 2 28 767 864 866
4218 858
4219 854
4220 866
4221 30 53 619 760 791 832 834 877 1646
4222 25 535 736 737 753 762
4223 797
4224 1140
4225 2 852 1168
4226 539 596
4227 760
4228 2 769 817 956
4229 1274 1318
4230 1172
4231 25 28 888
4232 698 1122 1390
4233 1 2 28 596 732 750 753 769 797 817 956 982 1003 1323
4234 28
4235 603 752
4236 20 233 832
4237 768 940
4238 582
4239 536 557 589 596 864 908 1043
4240 844
4241 577 596 767 817 847
4242 585 789
4244 2 20 529 831
4246 20 34 749 930 948 993
4247 827
4248 589 945
4249 748
4250 748
4251 20 760
4252 535 722 864
4253 830
4254 365 529 533 844
4255 2 28 750 760 956 958
4256 809
4257 624 627 753 927 1074 1084
4258 529 847 931 1003 1018 1322 1499
4259 582 886
4260 65
4261 99
4262 582 725 809 853 855 889 931
4263 355 589 638 744 864 904 1760
4264 638 991
4266 192 1046 1974
4267 389 797
4268 797
4269 555 780 1171
4270 956
4271 34 760 830
4272 536
4273 40 638
4274 537 692 1920
4275 827 896
4276 2 791
4277 773
4278 523 539 561 858 864 877 1118 1269
4279 752
4280 28 30 53 65 529 557 589 738 751 759 789 832 924 1106 1829
4281 752
4282 4
4283 2 1181
4284 2 355 611 738 748 761 866
4285 34
4286 355
4287 2 1587
4289 759
4290 486
4291 737
4292 852 859
4293 557 752 864
4294 582
4295 221 864 1740
4296 1359
4298 627 908 1287
4299 791 837 1223 1384
4300 1 638 762
4301 859 1034 1057
4302 25 853
4303 760
4304 2 149 423 656 1645
4305 1006
4306 11 885 931
4307 750 1295
4308 1384
4309 20 538 755
4311 1046
4313 221
4314 536 539 858
4315 1287
4316 769 817
4317 603 1103
4318 858
4319 2 192 809
4320 1115 1991
4321 737 996 1330
4322 795 832 1861
4323 830 890 1292
4324 570 787 817 1302
4326 775 789 859 1017 1185
4327 736
4328 759 912
4329 294 355 529 552 590 795 821 890 911 1932
4330 577
4331 922
4332 527 817 847 1003
4333 798 862
4334 27 355 529 884 1288
4335 99 523 638 834 995 1314
4336 20 30 638 760 1290 1445 1632
4337 2
4338 88 753
4339 25 789 921
4340 97
4341 1 753
4342 28
4343 88 523
4344 2
4345 529
4346 611
4347 1196
4348 809
4349 764 856
4352 30 861 922 954
4353 738
4354 34 355 618 638 738 795 921
4355 809
4356 1311
4357 750 797
4358 2 536 698 748 815
4359 536 735 760 804 878 886
4360 1046 1830
4361 25 589 596 603
4362 638 737 939
4363 760 832
4364 638 940 1486
4365 27
4366 577
4367 2 25 748
4368 63 88
4369 772
4370 751 832 902
4371 11 577 797
4372 20 809 842
4373 2 28
4374 2
4375 748 760
4376 638 817
4377 748 809 1270
4378 888
4379 529
4380 709
4381 753 1000
4383 752
4384 11 745 874
4385 627
4386 11
4387 858
4388 234 538 561 579 589 733 854 1617 1736 1737
4389 27 529 922
4390 603 1984
4391 531 596 822 1205
4392 539
4393 34 99
4394 209 611 1117 1237
4395 832
4396 638 890 922
4398 853
4399 888
4400 2 166 596 804 1015 1710
4402 759 773 924
4403 596 618 956
4404 832
4405 795
4406 940
4408 335 638
4409 797
4410 886
4411 709
4412 557 577 582 590 869 945
4413 822 827
4414 2 529
4415 670 1251
4416 750 752
4418 647 735 921 1249
4419 940 1281
4420 1314
4421 28
4422 28
4423 832 871
4424 769
4425 2 355 868 1034 1318
4426 627
4427 954
4428 1017
4429 940
4430 993
4431 748 797 904 996 1690
4432 30 736 760 1753
4433 789
4434 529 748 991
4435 1191
4436 459 539 619 853
4437 639
4439 603
4440 529
4441 531 771 827 859
4442 88 233 584
4443 899
4444 25
4445 1176 1275 1735
4446 20 512 738 764 923 1070 1264
4448 2 25 778 817
4449 809 871 877
4450 832
4451 596 996
4452 1510
4453 1632
4454 20 166
4455 28 864 888 1114
4456 864 896
4457 803
4458 737 1275
4459 895
4460 529 750
4461 1103
4462 192 764 1106
4463 638 1692
4464 832 877
4466 899
4467 618 988
4468 817 1323
4469 529
4470 529 556
4471 787 1009
4472 1044
4473 388 857
4474 97 760
4475 787
4476 750
4477 523
4478 787
4479 760 832 864 1046
4480 832
4481 878 1127
4482 858
4483 638 647 1191
4484 88 791 804 821
4485 575
4486 20 993 1427
4487 556
4489 1 797 1018 1314
4490 25 752 797
4491 760
4492 88 735 748
4493 2 854 866 940
4494 16 294
4495 561 750 752
4496 577
4497 858
4498 567 1741
4499 539 638 832
4500 851 869 884
4501 355 760
4502 2 760 871 1265 1786
4503 778 784 789 822 827 1017
4504 893
4505 28 88
4506 737
4507 25
4508 529
4509 88
4510 853
4511 853 1055 1179
4512 921 2036
4513 558
4514 2 25 570 817
4515 750
4516 750 1275
4517 750
4518 279
4519 827
4520 803
4521 579 590 596 1000
4522 720
4523 1249
4524 99
4525 638 1174
4526 832 877 1696
4527 389 612 670 735 760 1814 1829
4528 30 88 755
4529 929
4530 234 355 529 535 760 781 832 939
4531 784 886 908 1274 1448
4532 753
4533 30 233 755 799 853 858
4534 746
4535 797 998
4536 736
4537 1807
4538 582
4539 780 1808
4540 827 838
4541 529 638 750 864
4542 1198
4543 925 1669
4544 969
4545 864 886
4546 589 627 760
4547 869
4548 527
4549 533 1813
4550 798
4551 538 722 750 822 945 1191 1325
4552 866
4553 11 753
4554 859
4555 2 294
4556 748
4557 735
4558 596
4559 1 768
4560 795 1618
4561 1400
4562 752
4563 30 174
4564 20 759 924 1037
4565 2 279 294 570 641 1221
4566 11
4567 556
4568 832
4569 1 638 860
4570 174 1276
4571 803
4572 638
4573 948 1205
4574 1132
4575 896
4576 750
4577 799 895
4578 817
4579 861
4580 11 1122
4581 539 864 1084
4582 871 919 1938
4583 830
4584 529 627 832
4586 817
4587 750 969 1045
4588 11 899
4589 638
4590 1 2
4591 1
4592 529
4593 28 888
4594 859
4595 294 746 890 956
4596 852 859
4597 567 877
4598 1084
4599 34
4600 1163
4601 781
4602 753 1058
4603 760
4604 870 939
4605 2 25 789
4606 1272
4607 638 750 791 858 864 896
4608 537 698 1038
4610 993
4611 861
4612 527 589 822
4613 556 618 753
4614 2 627 736 809 866
4615 536 539 1305
4617 517 627
4618 531 536 557 561 579 589 590 596 822 1180
4619 531 536 557 561 579 589 590 596 798 822 1180 1840
4620 34 612
4621 539
4622 529 809
4623 596
4624 550 638 832 1117 1301
4625 536
4626 895
4627 352
4628 2 25 769 888 1095
4629 940
4630 529 709 735 1277
4631 2 752 895 959
4632 859 932
4633 1114
4634 940
4635 809
4636 879
4637 809 1172
4638 11
4639 798
4640 523
4641 752 789 817 982 1037
4642 896 1314
4643 539 638 1094
4644 753
4645 27 294 853
4646 99
4647 537
4648 618 824
4649 780 923
4650 25 28
4651 34
4652 498 752 832
4653 752
4654 753
4655 11
4656 888
4657 902
4658 2 902
4659 2 53 512
4660 491 527 529 1449 1811
4661 759
4662 750 752
4663 1772
4664 765
4665 787
4666 1285
4667 847
4668 1055
4669 539 1316
4670 11
4671 795
4672 570
4673 2
4674 750 858
4675 20 795
4676 789
4677 25 28 797
4678 750
4679 750 753 896
4680 28 869
4681 956
4683 638
4684 748
4685 2 523 748 809 927 1347
4686 1 536 557 589
4687 2 612 760 1456
4688 523 750
4689 699 747 830
4691 577
4693 864
4694 861
4695 1330 1479
4696 596
4697 2 234 795
4699 28 797
4700 752
4701 760 1292
4702 27 744 1140
4703 832
4704 750
4705 817
4706 841
4707 555 612
4708 627
4709 760
4710 752
4711 536
4712 1092
4713 874
4715 899
4716 11
4717 755
4718 30 234 768 795 1003
4719 797 1402
4720 789
4722 846
4723 853
4724 760 1018
4725 529
4726 1302
4727 558
4728 789
4729 858
4730 779
4731 1275
4732 25 737
4733 638 1046
4734 798
4735 112 752
4736 809 1637
4737 28 817 847 1018
4738 638 921
4739 529 535 847 1041
4740 847 931
4741 888 1128
4742 88
4743 817
4745 760
4746 866
4747 753
4748 233 760
4749 611 888
4750 40 789
4751 940
4752 858 861
4753 584 752
4754 1281
4755 1071
4756 355
4757 789
4758 2 28
4759 797
4760 786 822
4761 752 940
4762 1 842
4763 750
4764 529 846
4765 1919
4766 750
4767 430
4768 921 983
4769 2 797
4770 535
4771 748
4772 2
4773 389
4774 539 603 853
4775 853
4776 866
4778 2
4779 1574
4780 956
4781 735 1686
4782 25 209 423 1096
4783 97
4784 991 1110
4785 539 853 871
4786 2
4787 809
4788 2
4789 855
4790 858
4791 279 780 1633
4792 618 852
4793 739
4794 19 294 780
4795 797
4796 2
4797 529 760
4798 853
4799 558
4800 1
4801 884
4802 2
4803 795 1047 1191
4804 2 355
4805 760
4807 890 1444
4808 1
4809 1234
4810 940
4811 1263
4812 956
4813 25
4814 1191
4815 797
4816 797
4817 745 748
4818 579 798 869 876 945 954
4819 753
4820 899
4821 2
4822 27 925
4823 738
4824 582
4825 639
4826 893
4827 877 889
4828 888
4829 797
4830 2 294
4832 596
4834 577
4835 529
4836 2 25
4837 711
4838 618 1046
4839 294 627 791 1144
4840 192 444
4841 809 822 851 1333
4842 709
4843 539
4844 946
4845 596
4846 880
4847 20
4848 2 778 787 822
4849 1278
4850 582 755
4851 30
4852 612
4853 1015
4854 28
4855 638
4856 949
4857 589
4858 627
4859 85
4860 99
4861 760
4862 1114
4863 529
4864 557
4866 803 888
4867 896
4868 681 791
4869 638
4871 748 1046
4872 736 831
4873 1010
4874 750
4875 612
4876 868
4877 88
4878 577 853
4879 859
4880 789
4881 868
4882 853
4883 940
4884 1791
4885 556
4886 247
4887 529 948
4888 1198
4889 958 1038
4890 751
4891 2
4892 940
4893 1194
4894 88
4895 596
4896 738
4897 25
4898 297
4899 619
4900 888
4901 888
4902 750
4903 752
4904 1325
4905 28
4906 537 954
4907 866
4908 753
4909 529
4910 797
4911 803
4912 603
4913 760
4914 858
4915 789
4917 832
4918 1013
4919 1084 1325
4920 1642
4921 97 859
4922 908 957
4923 755
4924 879
4925 769 795 864
4926 735 752
4927 2
4928 34 112 612 1110 1597 1686
4929 34 112 612
4930 596 1322
4931 956
4932 1048
4933 861
4936 1281
4937 2 749
4938 577
4939 948
4940 2022
4941 2
4942 28 1000
4943 556 627
4944 805
4945 760 1302
4946 752 866
4947 1690
4948 1302
4949 769 1146
4950 1264
4951 886
4952 2 797
4953 815
4954 529
4955 1272
4956 753
4957 474
4958 940
4960 221
4961 753
4962 956
4963 20
4964 561
4965 1098
4966 750
4967 784
4968 88
4969 638 795
4970 1
4971 750
4972 638 940
4973 821
4974 842
4975 627
4976 864
4977 750 1045
4978 365 745 760 930
4979 1191
4980 536 579 831
4981 888
4982 809
4983 888
4985 752 797
4986 854
4987 937
4988 539
4990 861
4991 529
4992 2
4993 1015
4994 858
4995 940
4996 1483
4997 1110
4998 876
4999 611
