0 0 7 12 13 14 16 31 343 472 473 474
1 0 7 12 13 14 31 472 473 474
2 11 475 517 523 607 618 769 775 839 931
3 2 29 476 781 810 994
4 12 13 14 15 472 473
5 1 2 16 23 28 343 344 394 512 513 514 515 516 517 518 519 520 521 522 1396
6 132 139 343 377 752 786 790 813 878 881 915
8 2 16 23 28 343 344 394 512 513 514 515 516 517 518 519 520 521 522 563 743
9 2 523 539 577 723 725 758 790 810 850 886 1023 1257
10 17 18 28 48 64 128 163 164 239 283 344 378 398 440 457 512 514 519 523 534 544 570 587 591 599 618 621 661 678 679 689 701 733 734 745 752 754 783 788 790 803 810 836 839 862 878 919 934 1021 1100 1102 1198 1248 1265 1289 1303 1316 1343 1347 1365 1412 1439 1471 1521 1628 1637 1885
11 2 16 429 871 873
12 94 522 618 689 808 846 978 1332
13 0 7 12 13 14 23 31 193 210 343 344 419 472 473 474 477 478 512 513 514 516 517 518 519 520 521 522 525 527 529 532 535 539 540 542 548 556 557 558 559 560 561 562 563 564 565 566 567 568 569 570 571 572 573 574 575 576 577 578 650 832 839
14 23 26 475 512 514 570 689 725 733 747 808 814 873
15 1 2 5 16 18 20 23 24 26 28 61 64 81 83 105 142 181 276 280 283 286 324 326 344 378 394 398 412 473 475 502 508 512 513 514 519 520 521 522 523 527 535 538 539 540 542 543 544 546 547 548 556 558 570 571 581 587 591 592 593 594 595 596 607 609 612 613 614 615 617 618 621 641 653 657 660 661 667 689 701 716 724 725 726 727 728 730 731 733 735 736 738 739 747 749 750 754 757 758 763 768 769 777 790 796 809 810 812 814 815 817 819 827 829 830 833 839 841 842 846 852 863 873 881 885 895 899 934 935 936 942 957 958 959 985 986 1027 1031 1087 1088 1129 1132 1155 1166 1224 1232 1282 1337 1341 1348 1471 1506 1670 1811
16 1 2 23 25 26 514 537 538 544 591 592 618 631 689 716 727 728 734 735 742 758 773 775 787 808 810 828 833 873 942 994 1002 1059 1131 1316 1548
17 475 514 523
18 18 32 475 479 523 585 678 873 1009
19 0 1 2 7 11 12 13 14 15 18 23 26 28 83 91 156 181 210 236 324 354 377 378 406 429 472 473 475 508 512 514 517 518 520 522 523 534 538 551 556 558 565 574 577 607 650 672 689 701 716 724 725 727 728 731 742 747 752 754 757 769 790 801 810 811 814 817 823 826 836 839 846 863 870 871 873 875 901 904 926 938 1049 1111 1120 1129 1172 1201 1206 1228 1237 1336 1369 1893
20 23 457 475 514 763 765 769 788 813 895 1132
21 18 28 591 618 631 724 728 731 733 796 818 828 839
22 11 92 156 181 354 514 521 534 618 679 700 727 728 730 733 740 743 754 764 774 780 826 835 837 879 945 960 997 1175 1248 1254 1646 1714 1750
23 9
24 2 591 733 777 788 790 813
25 1 409
26 2 377 563 913
27 2 9 11 16 18 118 276 286 463 558 599 618 725 726 728 775 788 790 826 934 1051 1102 1198 1203 1204 1508 1634
29 2 16 23 28 343 344 394 512 513 514 515 516 517 518 519 520 521 522 733
30 2 29 476 618
31 2 377 591 733 775 813 816 824 1008 1376
32 16 457 487
33 475
34 2 9 16 23 26 28 50 268 394 480 485 512 513 514 515 516 517 518 519 520 521 522 571 584 598 607 618 733 735 750 769 839 874 876 938
35 607 788
36 1 2 11 18 28 32 92 283 473 475 512 514 517 518 519 521 523 537 539 542 544 558 563 577 591 592 599 618 619 631 661 678 689 704 711 725 727 728 733 736 737 738 747 750 763 769 777 790 796 804 810 812 818 823 827 844 860 868 874 901 938 945 960 1015 1027 1034 1049 1070 1079 1082 1083 1090 1103 1119 1190 1225 1228 1234 1287 1311 1354 1532 1773
38 1 523
39 2 23 514 607 737 775
40 83 727 728
41 343 514
42 1 2 16 18 23 25 26 28 139 344 394 409 475 508 512 513 514 515 516 517 518 519 520 521 522 523 535 539 540 542 581 701 727 728 733 737 741 747 786 790 814 820 839 847 886 890 911 1285
43 0 7 12 13 14 472 473
45 32 591 775 816 841 955 994 1141
46 9 814 817
47 26 324 341 354 475 523 539 725 727 728 778 814 816 847 874 886 914 924 1023 1037 1202
48 0 7 12 13 14 472 473
50 1 2 19 23 25 26 32 83 92 164 223 283 344 354 457 481 482 508 514 516 517 519 521 523 534 535 537 538 539 540 542 543 545 551 556 558 570 584 592 604 607 618 678 689 701 704 716 725 727 728 730 734 735 737 741 742 757 769 777 787 790 794 810 814 819 839 847 849 863 873 883 887 913 931 940 942 975 1010 1045 1103 1257 1293 1316 1363 1540
51 1 343 475
52 832
53 2 18 539 607 650 728 735 739 747 752 769 786 809 815 881 956 959
54 1 2 16 23 27 28 92 343 344 394 475 483 512 513 514 515 516 517 518 519 520 521 522 523
55 839
56 2 16 18 23 26 28 64 83 222 225 226 283 343 344 394 497 512 513 514 515 516 517 518 519 520 521 522 524 525 526 527 528 529 530 531 532 533 534 535 536 537 538 539 540 541 542 543 544 545 585 631 650 661 689 724 733 735 737 743 750 777 783 788 790 810 823 839 846 849 870 874 899 904 926 934 1053 1110 1182 1217 1234
57 9 475 544 724 725 847
58 1 2 4 7 15 19 23 26 28 45 64 83 183 343 344 381 458 475 508 512 514 519 521 523 524 525 526 527 528 529 530 531 532 533 536 537 539 541 542 544 563 577 607 618 704 724 725 727 728 730 737 747 757 769 777 810 814 817 823 827 841 849 859 870 872 886 934 1039 1097 1207 1213 1234 1241
59 2 16 18 19 23 26 28 32 344 394 481 508 512 513 514 515 516 517 518 519 520 521 522 534 535 537 538 540 542 543 545 592 607 618 724 733 735 737 738 743 750 769 790 823 831 839 876 925 972 1148 1210
60 26 475 514 523 715 737 1234
61 23 475 523 577 725 727 914 985
62 17 65
63 1 2 5 11 15 23 26 28 32 63 344 485 523 539 542 544 563 584 618 716 724 725 727 728 734 738 757 777 786 809 813 814 817 819 847 849 851 856 886 901 914 965 985 1001 1023 1026 1051 1079 1083 1097 1123 1170 1202 1213 1223 1234 1257 1286 1298 1389
64 25 28 32 36 44 53 64 80 92 174 181 243 324 367 433 487 514 519 520 523 558 574 618 661 678 689 728 743 802 810 812 817 839 841 853 862 996 1035 1046 1050 1140 1198 1332 1334 1341 1397 1416
65 9 16 475 480 523 781 839
66 475 1222
67 1
68 181 729 730 739 752 809 815 816 881 959 1308
69 0 7 11 12 13 14 472 473
70 724
72 0 7 12 13 14 472 473
73 1 18 83 139 344 514 618 650 728 815 839 873 958 1045 1129 1483 1619
74 0 7 12 13 14 472 473
75 0 7 12 13 14 472 473
76 752
77 0 2 7 12 13 14 16 23 28 210 343 344 394 419 472 473 512 513 514 515 516 517 518 519 520 521 522 525 527 529 532 535 539 540 548 556 557 558 559 560 561 562 563 564 565 566 567 568 569 570 571 572 573 574 575 576 577 578 733 832
78 1 2 18 32 92 268 283 286 361 475 508 523 539 542 563 570 577 592 618 716 724 725 727 728 737 742 747 757 769 773 777 790 795 808 810 814 817 819 823 847 851 870 883 886 901 914 965 985 1023 1026 1061 1075 1151 1157 1202 1207 1213 1224 1234 1286 1307 1356 1424 1431 1474 1632 1692
79 343 523 618
80 13 607 727 743 913
81 26 738
82 12 13 14 15 472 473
83 0 2 7 12 13 14 16 23 28 210 343 344 394 419 472 473 512 513 514 515 516 517 518 519 520 521 522 525 527 529 532 535 539 540 548 556 557 558 559 560 561 562 563 564 565 566 567 568 569 570 571 572 573 574 575 576 577 578 619 650
85 1 17 23 26 344 354 475 514 523 607 618 701 725 727 750 757 769 783 790 815 816 819 847 925 1150 1812
86 1 2 16 23 28 343 344 394 475 512 513 514 515 516 517 518 519 520 521 522 523 725 757
87 2 16 18 23 28 344 394 512 513 514 515 516 517 518 519 520 521 522 544 715 823 1166
90 2 23 725 727 752 757 769 1192
91 2 23 563 725 727 728 757 888 1052
92 2 16 23 28 343 344 394 512 513 514 515 516 517 518 519 520 521 522 959
93 2 23 514 519 521 524 525 526 527 528 529 530 531 532 534 535 538 540 542 543 545 570 607 618 726 885 1198
95 23 539 725 819
96 1 2 11 13 16 17 18 23 25 26 28 64 94 132 156 233 236 268 283 286 344 377 394 433 457 473 508 512 513 514 515 516 517 518 519 520 521 522 523 537 538 539 551 558 570 571 587 607 618 661 674 676 679 704 725 727 730 733 737 738 743 750 752 769 770 775 777 783 789 790 794 810 816 819 823 828 835 839 846 860 863 868 874 880 881 886 890 893 895 904 907 908 910 917 919 959 962 1024 1027 1030 1051 1064 1071 1080 1142 1154 1171 1182 1193 1224 1247 1254 1279 1282
97 26 344 607 618 619 660 777 788 839 945 1061 1790
98 2 13 18 23 25 26 32 50 83 92 139 181 222 223 236 268 283 307 344 457 459 475 508 514 515 517 523 538 539 542 544 558 563 571 577 579 584 599 604 616 618 689 714 725 727 728 733 737 739 741 742 743 750 752 754 757 758 763 769 777 789 790 796 807 810 814 815 818 819 839 843 847 849 853 873 886 895 901 925 928 934 937 960 1051 1053 1136 1160 1207 1213 1219 1222 1227 1235 1237 1255 1258 1290 1293 1439 1449 1479 1487 1543 1638
99 913
100 2 25 324 514 563 607 621 728 730 731 750 757 769 790 821 829 833 863 928 932 1098 1224
101 16
102 9 16 377 475
103 2 16 23 28 343 344 394 512 513 514 515 516 517 518 519 520 521 522
106 16 343 563 839
107 475 523 757 1136
108 2 11 18 20 23 25 28 512 513 516 518 521 535 540 560 570 584 733 736 738 750 790 804 810 819 863 873 945 962 983 1210
109 32 433 475 514 523 584 689 701 711 744 758 796 988 1009
110 2 83 475 523 618 727 728 750 757 846 932 1052 1525 1759
111 733 735
112 1 2 4 28 64 94 181 222 268 497 520 523 558 618 636 668 679 716 724 728 788 790 810 811 812 823 828 830 841 853 858 982
113 354 812 1073
114 2 21 23 26 28 83 344 457 475 514 517 523 534 539 544 558 571 577 618 631 716 724 725 727 728 734 736 737 747 757 758 764 786 787 808 810 814 817 819 828 836 841 846 847 883 886 901 914 941 985 1001 1005 1202 1204 1430
115 2 6 20 21 476
116 1193
117 9 283 607 618 733
118 2 29 377 476 484 607 769 815 959
119 23 475 777
122 0 7 12 13 14 472 473
124 23 26 482 514 607 618 728
125 2 23 26 514 810 942
126 24 542 627 701 727 752 847 850 885 895 914 985 1097
127 475
128 475
129 475
131 26
132 1 268 585 592 752 817 823 874 881 895 986 1129 1204 1243 1331 1357
134 1 2 23 26 92 475 523 716 777 839 875 932 940 1049
135 0 7 12 13 14 472 473 519 733 769 1210
136 9
137 4 725 757 816 1075
138 2 5 11 18 23 25 26 28 42 50 92 94 156 210 223 251 324 341 344 361 378 446 447 457 478 508 512 514 516 517 518 519 520 521 522 523 533 534 537 538 539 542 544 551 556 558 560 563 566 570 571 577 584 598 607 618 631 667 689 701 714 715 716 733 738 743 744 746 747 750 752 754 757 758 769 773 777 784 787 788 789 790 796 807 810 811 819 821 822 823 826 827 828 829 837 840 843 846 848 855 860 873 878 891 894 895 903 913 916 926 934 939 942 948 949 961 971 999 1011 1042 1049 1070 1071 1078 1079 1087 1094 1103 1126 1135 1185 1198 1203 1212 1220 1224 1228 1250 1294 1327 1344 1369 1376 1403 1439 1518 1580 1814
139 2 517 539 727 839 901
140 2 23 83 409 514 539 607 724 727 728 757 777 786 810 814 819 834 886 901 1213 1487
141 0 7 12 13 14 23 210 344 419 472 473 512 513 514 516 517 518 519 520 521 522 525 527 529 532 535 539 540 548 556 557 558 559 560 561 562 563 564 565 566 567 568 569 570 571 572 573 574 575 576 577 578
142 514
143 607 644 810 815 983 1742
144 1 2 64 156 236 344 514 523 538 570 577 587 592 607 689 715 733 736 767 777 810 811 823 853 880 885 953 1078 1400
145 18 83 739 743 752 770 915
146 2 18 20 343
147 2 16 18 20 23 26 28 344 394 485 512 513 514 515 516 517 518 519 520 521 522 535 538 540 545 570 581 584 677 733 757
148 661
149 11 24 28 32 223 354 448 486 512 514 516 517 539 542 558 563 571 592 607 715 777 810 819 822 828 841 855 870 871 931
150 475 523 542 724 886
151 6 21 23 26 28 344 512 513 516 517 520 522 534 535 539 556 560 575 581 588 589 590 591 618 744 757 769 839
152 23 475
153 23 508 725 728 733 735 839 853
154 0 2 7 8 12 13 14 23 210 344 419 472 473 512 513 514 516 517 518 519 520 521 522 525 527 529 532 535 539 540 548 556 557 558 559 560 561 562 563 564 565 566 567 568 569 570 571 572 573 574 575 576 577 578 922
156 2 16 17 18 23 28 64 80 283 343 344 394 398 457 487 488 512 513 514 515 516 517 518 519 520 521 522 527 535 540 544 546 558 560 563 570 571 577 580 609 612 613 614 615 617 621 630 722 733 743 750 754 764 769 777 790 835 843 885 1061 1098 1210 1235 1353 1382 1396 1399 1442 1475 1541 1578
157 23 25 26 512 514 519 521 524 525 526 527 528 529 530 531 532 533 534 535 536 537 538 539 540 541 542 543 544 545 577 728 738 742 754 769 830 839 901
158 2 9 16 23 28 343 344 394 512 513 514 515 516 517 518 519 520 521 522 563
159 16 343
160 475
161 343 725 727 757 847
162 2 16 23 28 32 283 343 344 394 512 513 514 515 516 517 518 519 520 521 522 913 940
163 475 523 539 769 783 823 957 1699
164 9
165 26 475 523 810
166 1 475 523 810
167 1 2 18 26 118 283 475 508 514 523 539 563 607 618 724 725 727 728 730 735 737 743 752 769 809 810 814 815 819 847 870 881 886 914 915 985 1202 1213 1286 1379
169 475 523 757 901
170 2 16 94 354 521 532 618 695 723 726 727 728 733 747 750 757 769 803 844 863 1071 1073 1088
171 2 23 25 26 32 83 132 283 515 523 539 563 598 618 631 678 716 725 727 728 730 733 734 735 737 742 754 757 758 763 777 790 794 810 813 886 959 1152
172 1 2 16 23 28 344 394 457 475 512 513 514 515 516 517 518 519 520 521 522 523 618 725 726 747 762 814 817 914 985 1333
173 14 23 344 396 448 475 514 519 523 524 525 526 527 528 529 530 531 532 539 542 551 584 724 725 727 728 769 775 790 814 818 819 839 883 886 914 965 968 1020 1024 1219 1256 1889
174 2 16 23 28 48 64 208 344 394 433 475 508 512 513 514 515 516 517 518 519 520 521 522 523 528 540 542 558 560 563 569 570 577 585 593 594 595 596 597 598 599 600 601 602 603 604 605 606 607 618 670 724 725 727 728 747 750 763 814 815 839 847 886 911 914 985 1024 1026 1071 1074 1075 1234 1241 1285
175 2 16 18 23 28 48 50 92 343 344 394 433 512 513 514 515 516 517 518 519 520 521 522 544 723 788 790 815 828
176 475 523
177 1 475 523 817
178 283 475 514 523 724 725 733 757 814 817 914 985
179 2 16 23 28 343 344 394 512 513 514 515 516 517 518 519 520 521 522 523 619 730 1282
180 2 16 23 28 343 344 394 512 513 514 515 516 517 518 519 520 521 522 563 607 689 725 836 847 1162 1224 1234
182 2 16 23 25 28 343 344 394 512 513 514 515 516 517 518 519 520 521 522 563 769 790 895
183 9
184 2 25 591 733 775 878
185 2 4 18 23 25 26 32 197 236 286 377 463 502 514 517 520 534 537 591 592 598 607 618 678 689 714 720 725 754 759 767 768 775 787 803 810 813 816 836 848 855 860 873 939 942 1153 1253
186 2 591 733 775 816 860 889 943 972 978
187 2 156 377 514 591 606 734 810 813 814 829
188 618
189 26 92 514
190 2 18 23 25 26 64 223 475 514 523 570 584 607 689 733 738 769 775 794 809 813 821 839 863 888 953 1316
191 514 607 738 1149
192 2 23 26 394
193 0 7 12 13 14 23 210 344 419 472 473 512 513 514 516 517 518 519 520 521 522 525 527 529 532 535 539 540 548 556 557 558 559 560 561 562 563 564 565 566 567 568 569 570 571 572 573 574 575 576 577 578 733 743 750 790
194 1 2 9 16 18 23 26 28 83 156 201 236 268 324 343 344 377 394 475 512 513 514 515 516 517 518 519 520 521 522 523 539 544 563 584 607 618 725 727 737 743 750 752 754 769 777 786 787 788 790 811 814 815 816 819 823 846 853 859 874 917 934 1006 1083 1085 1086 1123 1210 1253 1351
195 11 32 80 223 283 570 574 616 650 667 701 743 766 767 810 815 820 830 837 839 879 895 971 1265
197 1 9
198 2 18 19 20 23 25 26 32 83 210 223 229 283 344 473 481 482 489 490 497 508 514 517 519 521 523 534 535 537 538 540 542 543 545 571 592 593 594 595 596 607 618 689 695 724 725 727 730 733 735 736 741 742 750 752 763 769 770 773 786 788 790 795 801 810 814 815 823 828 829 835 839 873 876 879 901 904 968 978 994 1016 1023 1146 1210 1224 1235 1513 1672
199 1 2 11 16 18 23 26 28 56 139 167 181 196 201 223 230 268 276 286 324 343 344 394 440 448 475 485 508 512 513 514 515 516 517 518 519 520 521 522 523 524 525 526 527 528 529 530 531 532 533 534 535 536 537 538 539 540 541 542 543 544 545 546 548 549 551 552 556 558 563 570 575 591 592 607 618 619 650 654 701 714 716 724 725 727 728 729 736 737 750 752 757 764 786 790 809 812 814 815 816 817 826 828 830 833 834 839 844 846 856 881 886 895 929 942 959 1087 1113 1196 1228 1257 1285 1336 1366 1379
200 519 853 1149 1257 1585
201 475 523
202 1039
203 8 11 13 23 28 94 164 210 233 280 324 508 520 558 560 563 607 695 728 733 743 749 757 769 770 781 790 810 813 826 828 829 839 843 879 982 1049 1208 1265
204 678
205 9 16 343 475 514 539 725 727
206 118 475 523 858
207 2 8 222 781 790 1098
208 2 23 25 26 64 94 283 341 457 473 508 514 518 519 523 539 607 631 689 700 727 728 733 735 736 737 738 741 743 750 759 769 777 790 819 823 839 849 945 978 1027 1047 1086 1126 1132 1198 1224 1267
210 558 812 853 936
212 475 832 936
213 18 20 514 812
214 20 853 1363
215 25 283 394 520 618 730 749 754 913 1594
216 54 284 294 357 475 618 784 832 1016
217 475 523 733 832
218 934
219 812
221 32 631 1129
222 25 54 284 294 357 618 715 853 936
223 2 13 20 23 26 83 139 156 210 268 283 324 344 394 475 508 512 514 516 519 523 524 525 526 527 528 529 530 531 532 533 548 551 585 607 618 631 714 715 727 729 730 733 739 743 749 750 758 759 769 777 790 810 814 815 819 826 835 846 863 879 895 929 936 1012 1023 1046 1064 1071 1073 1075 1148 1198 1210 1212 1235 1257 1341 1379 1396 1506
224 16 26 50 394 424 429 485 514 584 618 695 728 738 757 766 839 911 1074 1285
225 26 475 523
227 32 83 537 542 618 730 733 786
228 2 16 23 28 343 344 394 512 513 514 515 516 517 518 519 520 521 522 542 570
229 2 16 515 544 579 607 674 724 790 827 839 907 917 959 1210 1279 1334
230 0 7 12 13 14 472 473
231 1 32 83 475 514 523 585 727 728 750 757 814 817 863 928 932
232 32 354 475 514 521 523 537 563 618 716 725 726 727 733 744 819 885 985 1207 1234
233 8 28 222 577 618 716 728 733 742 786 790 804 810 826 833 851 879 960 1023 1054 1258
234 1 25 26 28 32 36 44 53 59 92 95 130 150 181 198 247 249 257 286 287 344 362 366 367 399 400 440 457 469 514 519 520 521 544 551 592 598 604 607 618 619 636 689 723 724 726 728 743 752 769 810 812 813 817 823 828 850 853 936 959 1049 1198 1228 1240 1257 1325 1379 1404 1510 1659
235 475 523 757 814
236 1 2 83 223 344 409 475 517 523 539 542 584 607 618 724 727 728 737 757 758 814 815 819 822 856 886 914 1051 1557
237 2 5 11 17 25 32 48 94 181 210 344 440 457 497 514 520 523 532 537 538 544 587 618 661 689 739 743 754 769 783 801 803 810 812 836 845 871 872 873 926 927 936 1016 1071 1204 1257 1301 1520
238 1 2 16 18 23 28 32 59 64 80 83 94 95 150 210 249 268 283 354 469 508 512 514 516 517 518 519 521 523 524 525 526 527 528 529 530 531 532 533 536 537 538 539 541 544 558 574 598 604 607 618 619 621 644 645 661 663 679 704 724 728 730 733 741 742 743 750 757 762 769 770 777 788 790 794 805 808 810 816 821 823 829 833 839 873 874 883 895 945 1023 1056 1057 1063 1071 1086 1102 1132 1141 1198 1210 1214 1224 1234 1257 1274 1305 1342 1357 1363 1390 1396 1397 1567 1577
239 1 2 64 83 475 558 563 724 725 727 728 752 757 773 814 817 914 985
240 1 2 18 23 25 26 139 222 344 377 378 475 508 514 519 520 523 524 525 526 527 528 529 530 531 532 538 539 542 544 551 570 571 577 618 631 716 724 725 727 728 730 734 746 750 757 759 773 777 783 788 809 810 814 819 823 841 847 849 852 853 874 883 886 901 914 926 929 940 949 961 968 970 985 994 997 1023 1026 1097 1107 1123 1126 1167 1213 1234 1246 1257 1376 1533 1822
241 473 475 514 523 528 801 942 1823
242 475
243 2 23 26 514 607 733 738 860
244 1 2 14 23 111 112 114 182 268 343 475 520 523 728 819 831 839 890 1135 1171 1200 1223 1236 1302
245 2 11 18 25 94 233 514 538 587 607 618 678 685 726 783 788 810 816 823 832 839 842 878 893 919 943 986 987 997 1003 1116 1154 1439 1460 1629
246 2 18 26 64 83 132 344 512 514 516 518 566 577 584 587 607 678 724 726 729 752 758 789 809 810 831 959 1023 1051 1077 1087 1100 1116 1257 1277 1388 1684 1830
248 28 491
249 2 11 18 25 26 28 32 48 82 92 142 152 181 210 223 283 324 344 354 378 433 440 448 457 491 497 508 514 518 519 520 521 522 523 537 538 542 544 548 577 591 592 607 618 619 631 678 689 716 720 723 728 733 739 744 747 750 754 758 769 775 784 787 790 796 803 810 813 818 823 827 829 833 836 841 845 855 858 871 878 885 886 913 931 942 978 986 1010 1045 1083 1098 1123 1141 1145 1163 1168 1191 1201 1224 1228 1257 1331 1355 1606
250 27 28 344 377 491
251 27 28 491
252 49 255 283 336 448 520 523 598 777 810 826 1395 1445
253 26 83 268 473 716 725 863
254 1 2 9 16 23 26 28 344 394 396 512 513 514 515 516 517 518 519 520 521 522 539 592 607 618 714 723 725 728 737 750 757 765 769 775 789 814 819 911 978 1132 1198 1210 1390 1696
255 1 2 16 18 23 25 26 83 132 143 144 145 233 268 283 354 377 457 514 515 519 521 523 524 525 526 527 528 529 530 531 532 534 535 537 538 540 542 543 544 545 558 563 579 607 650 668 714 716 724 725 726 728 730 733 737 741 742 747 750 752 754 757 769 777 786 790 795 801 803 810 814 816 819 823 824 826 828 839 853 901 904 914 944 1023 1049 1081 1083 1108 1119 1126 1129 1243 1257 1316 1381 1401 1513
256 2 26 591 733 775 810 813 816 972 994 1257
257 1 475
258 1 2 6 13 15 16 18 21 23 25 26 28 32 64 80 83 92 94 164 174 181 210 243 268 276 283 287 324 344 362 378 394 424 429 476 502 508 512 513 514 515 516 517 518 519 520 521 522 523 524 525 526 527 528 529 530 531 532 533 534 535 537 538 539 540 541 542 543 544 545 546 548 549 550 551 552 553 554 555 556 560 570 575 577 581 588 589 590 591 592 598 599 607 618 630 636 667 686 716 725 728 730 733 738 743 757 763 769 787 792 796 803 812 823 830 832 836 839 845 853 857 871 901 913 936 938 940 942 1009 1035 1056 1082 1090 1102 1145 1196 1198 1204 1228 1253 1257 1308 1334 1379 1397 1474 1508 1513 1837 1868
259 2 16 23 25 28 289 343 344 394 512 513 514 515 516 517 518 519 520 521 522 523 558 604 618 724 727 735 747 810 839
260 1 2 8 11 13 15 18 19 23 25 26 28 32 38 48 64 80 83 92 94 128 142 156 164 181 198 210 223 230 233 264 268 283 293 303 311 324 354 355 363 377 378 394 398 415 416 425 450 452 457 459 487 508 512 514 515 518 520 523 526 532 537 539 542 544 551 558 563 570 574 577 584 585 591 592 599 607 616 618 619 630 631 650 653 661 676 679 689 695 700 701 714 715 716 722 723 725 726 727 728 730 733 737 738 743 749 750 752 754 761 764 765 769 770 775 777 780 781 784 787 788 790 807 809 810 813 814 816 819 820 821 823 826 827 833 835 837 839 841 842 845 849 871 873 874 883 885 886 895 915 916 926 931 934 935 936 943 955 960 980 987 1011 1016 1030 1049 1051 1057 1066 1071 1075 1083 1098 1103 1115 1132 1141 1157 1166 1188 1193 1222 1235 1248 1256 1257 1265 1282 1293 1305 1308 1311 1332 1334 1341 1349 1353 1369 1382 1399 1400 1418 1433 1440 1447 1455 1458 1475 1484 1513 1635 1647 1683 1690 1725 1761 1802 1853 1886
261 1 23 26 32 83 286 343 409 433 475 508 512 514 519 523 524 525 526 527 528 529 530 531 532 539 542 558 560 563 577 607 618 716 725 727 728 737 747 777 810 817 819 821 823 847 850 886 944 1227 1617
262 804 856 1051 1608
263 1 16 23 28 64 65 514 517 519 520 521 524 525 526 527 528 529 530 531 532 534 535 538 540 542 543 545 558 607 618 695 700 716 728 733 734 747 748 754 810 812 817 830 839 936 1441
264 516 521 523 539 618 812 814 817 886 936
265 2 475 523 727 757
266 475 523
267 2 61 94 181 473 514 520 679 689 802 812 837 845 853 895 936 1203 1334 1513
268 475 523 1019
270 8 726 833 1608
271 32 591 604 823
272 475
273 2 23 28 139 156 324 512 514 523 538 539 542 563 592 604 607 616 618 650 733 736 752 759 768 769 790 809 810 811 815 819 828 831 846 917 939 976 1045 1217 1222 1242 1555 1601 1681 1730 1854
274 975
275 1 2 3 16 23 26 28 344 394 475 512 513 514 515 516 517 518 519 520 521 522 523 524 525 526 527 528 529 530 531 532 542 607 618 725 727 743 746 814 821 886 914 944 965 1170
276 1 83 475 508 514 523 542 716 725 727 728 737 770 817 914 1045 1202
277 1 2 23 25 26 32 64 83 132 139 283 293 475 508 512 514 516 517 523 539 542 563 584 591 598 607 618 631 714 716 724 725 727 728 730 733 734 735 737 741 747 749 752 757 763 769 777 790 795 804 810 814 815 817 819 821 834 842 847 849 863 873 879 883 886 891 901 922 923 924 941 957 960 965 968 985 1003 1061 1097 1126 1207 1213 1246 1257 1290 1407 1483
278 2 7 13 14 16 23 25 28 32 126 137 141 156 168 224 249 318 319 322 329 394 407 408 512 513 514 515 516 517 518 519 520 521 522 523 524 525 526 527 528 529 530 531 532 533 534 535 536 537 538 539 540 541 542 543 544 545 636 716 728 733 743 769 775 790 810 811 814 826 835 839 846 925 961 999 1075 1083 1285
279 475
280 0 7 12 13 14 472 473
281 4 497 853 1168
282 9 475 514 725 747
283 1 2 5 17 18 23 28 64 139 324 343 344 394 398 475 508 512 513 514 515 516 517 518 519 520 521 522 523 539 558 563 577 584 607 618 716 724 725 727 728 743 746 747 750 752 757 765 769 788 790 814 815 819 828 846 847 849 879 886 914 985 1213 1332
284 343 733
285 2 16 23 28 343 344 394 512 513 514 515 516 517 518 519 520 521 522
286 355
287 1 2 23 25 26 83 283 344 475 517 523 534 618 724 727 747 752 757 810 812 814 817 819 846 847 872 925 934 1036 1113 1151 1578
289 1 2 16 23 25 26 28 32 48 64 83 92 222 223 283 324 344 354 378 394 459 512 513 514 515 516 517 518 519 520 521 522 523 527 533 534 539 541 542 544 546 548 549 550 551 552 553 554 555 556 558 563 577 584 598 607 618 631 676 711 725 726 728 730 733 737 738 741 742 743 750 757 758 769 773 777 783 786 788 789 790 809 810 816 823 826 827 829 836 842 846 849 863 873 907 922 926 983 987 1039 1049 1071 1079 1228 1234 1256 1298 1341 1390 1398 1416 1739 1762 1772
290 25 156 514 538 607 810 1038
291 25 538 587 591 607 783 810 839
293 2 16 23 28 343 344 394 512 513 514 515 516 517 518 519 520 521 522
295 16 618 728 747 786 959
296 0 1 7 12 13 14 18 28 31 83 324 457 472 473 474 487 517 523 548 592 650 654 728 744 754 757 769 790 819 832 873 895 912 993 1049 1079 1083 1113 1204 1223 1297 1440 1493 1682
297 2 9 13 16 23 28 343 344 394 512 513 514 515 516 517 518 519 520 521 522 563 689 733 743 752 777 815 823 1234
298 2
299 26
300 11 26 28 354 478 538 618 701 721 826 841 865 892 895 931 1062 1222 1224 1373
301 2 901 1044
302 1 139 475 523 534 757 886
303 475 523 727 757
304 1 2 5 15 18 23 26 28 32 69 79 83 90 92 105 120 140 151 164 179 181 201 208 222 241 275 283 310 317 331 341 348 354 372 375 378 394 398 412 420 459 492 508 512 514 515 517 519 521 522 524 525 526 527 528 529 530 531 532 534 535 538 540 542 543 545 548 551 558 563 565 570 583 584 592 617 618 627 645 661 689 691 695 722 723 724 725 726 727 728 730 733 736 743 747 748 750 752 754 768 769 790 810 815 823 829 830 832 837 839 841 843 853 858 879 886 921 936 957 1016 1021 1051 1083 1207 1224 1232 1272 1282 1305 1455 1466 1471 1475 1484 1593 1768 1848
305 1 9 480 520 538 570 701 715 829 862 886 936 1376
306 2 7 11 15 16 19 23 26 32 45 50 56 64 80 99 156 164 183 194 197 233 276 283 289 343 414 421 429 458 482 508 512 514 570 607 618 644 679 716 724 726 727 728 733 738 743 750 752 757 766 769 790 804 816 832 839 842 874 876 904 910 911 959 1074 1083 1113 1132 1224 1265 1285
307 2 23 26 475 508 514 523 537 558 584 618 716 724 725 727 735 757 786 814 847 886 1097 1203 1207 1246
308 2 139 268 475 519 523 735 739 752 786 809 810 815 881 903 933 975 1583
309 9 18 32 83 242 270 289 459 508 521 523 570 577 598 607 667 689 704 714 724 725 727 730 769 790 823 829 834 886 957 985 1039 1098 1129 1325 1503 1622 1890
310 0 7 12 13 14 472 473 733 832 958 1148
311 0 7 12 13 14 23 28 210 343 344 419 472 473 512 513 514 516 517 518 519 520 521 522 525 527 529 532 535 539 540 548 556 557 558 559 560 561 562 563 564 565 566 567 568 569 570 571 572 573 574 575 576 577 578 839 1234
312 2 9 16 23 28 343 344 394 480 497 508 512 513 514 515 516 517 518 519 520 521 522 560 839
313 1 80 222 236 508 521 636 727 790 938 1193
314 2 16 23 28 268 343 344 394 512 513 514 515 516 517 518 519 520 521 522 743
315 16 343
316 9 23 558
317 0 7 12 13 14 472 473 650
318 0 7 12 13 14 472 473 475 650 733
319 139 236 512 570 607 618 730 739 747 752 786 809 815 881 959
321 1 2 23 83 283 514 523 539 544 577 618 689 716 724 725 727 728 730 735 736 754 757 758 769 777 814 839 849 895 913 914 945 957 968 1001 1006 1045 1075 1160 1305 1529
322 2 18 25 26 223 344 475 512 514 516 519 523 558 570 591 598 607 618 689 716 733 735 736 737 738 742 750 759 769 775 777 790 834 839 846 876 885 888 889 942 943 953 999 1316
323 18
324 1 2 714 895 945
325 18 479 790 841
326 0 7 12 13 14 472 473
327 475 523
328 16 23 25 724 1227
329 24 343 752
330 23 473 514 519 521 524 525 526 527 528 529 530 531 532 534 535 538 540 542 543 545 1132 1198 1577 1588 1650
331 343
332 2 9 11 16 23 28 283 343 344 394 512 513 514 515 516 517 518 519 520 521 522 560 563 570 607 645 689 743 746 750 757 765 770 790 885 983 1369
333 1 757 817 839 890 914 944 1053 1210 1361
334 18 28 32 50 592 618 722 733 750 810 839
335 17 18 28 32 286 418 570 592 618 721 725 733 769 810 811 841 1071
336 0 2 7 12 13 14 23 377 472 473 728 733 737 769 777 863 1173
337 2 16 23 26 28 343 344 394 512 513 514 515 516 517 518 519 520 521 522
338 544 733
339 343
341 6 21 23 512 513 516 517 520 522 534 535 539 556 560 575 581 588 589 590 591 618
342 2 29 476 484 733 775 810 813 815 816 994
343 1 2 4 23 26 217 223 381 475 508 523 539 542 558 584 607 618 724 725 727 728 734 737 747 757 777 790 810 814 823 828 847 851 859 870 874 886 901 914 923 924 944 1041 1097 1118
344 0 7 12 13 14 472 473
345 750 752 757 1019
346 0 7 12 13 14 472 473
347 343 475 514 523 727
348 563
350 475 725
351 1 2 11 13 18 23 25 26 28 31 32 54 64 80 83 92 94 139 156 210 222 223 232 234 263 276 293 344 354 361 377 394 425 459 475 497 508 512 514 516 517 519 520 521 522 523 524 525 526 527 528 529 530 531 532 533 534 535 536 537 538 539 540 541 542 543 544 545 551 558 560 563 565 577 584 585 587 591 592 598 607 618 621 631 650 679 685 689 701 704 711 714 715 724 725 727 728 730 733 734 735 736 738 739 743 747 748 750 752 757 759 769 773 777 781 786 790 798 802 808 809 810 811 813 814 815 816 819 821 823 826 832 839 841 843 846 854 863 872 873 875 877 880 881 883 886 895 901 926 934 939 942 956 959 968 972 998 1016 1023 1049 1052 1071 1074 1075 1102 1107 1118 1132 1140 1153 1167 1193 1203 1217 1224 1227 1228 1236 1256 1262 1265 1274 1336 1340 1357 1440 1460 1486 1571 1607
352 2 83 475 523 618
353 475 523
354 2 23 139 514 727 747 1036 1210
355 343 810
356 475 523 725
357 0 2 7 11 12 13 14 18 26 83 94 210 222 223 344 378 472 473 514 516 523 532 539 542 566 585 607 618 689 714 720 721 725 727 735 737 743 757 777 781 789 810 835 836 841 862 863 963 1141 1204 1236 1870
358 1 2 18 20 23 26 28 344 485 513 514 519 523 535 538 540 545 581 584 677 724 725 814 886 1193
359 1 2 16 23 28 64 83 152 181 354 394 477 508 512 513 514 515 516 517 518 519 520 521 522 523 527 528 533 539 541 542 544 550 553 554 555 577 597 598 599 600 601 602 603 604 605 606 607 618 716 725 727 728 752 781 790 814 817 818 819 1023 1024 1037 1053 1151 1207 1256
360 475 814 817 1219
361 538
362 475 757 814
363 1 2 16 23 32 63 64 83 198 217 268 377 459 475 508 512 514 517 523 539 542 544 556 563 571 574 577 618 654 661 689 695 701 716 724 725 726 727 728 730 733 736 737 747 749 752 754 757 758 759 773 786 790 808 809 810 811 814 815 817 819 821 823 826 827 831 839 846 847 856 866 881 886 901 913 914 934 945 968 1024 1033 1034 1045 1097 1102 1111 1129 1204 1213 1257 1282 1378 1386 1424 1557 1581
364 475 523
365 1 2 13 14 19 23 25 26 27 28 32 40 64 83 92 94 156 283 296 341 354 398 456 475 512 513 514 515 520 521 523 527 533 535 537 539 540 546 547 551 570 577 581 592 593 594 595 596 599 607 609 612 613 614 615 617 618 619 636 646 689 699 701 714 716 724 725 726 727 728 733 736 738 739 743 750 754 769 775 790 810 812 814 815 817 821 823 826 830 839 841 846 849 854 858 863 873 874 875 913 918 959 1021 1049 1071 1082 1083 1120 1325 1379 1401 1447 1457 1533 1580
366 23 482
367 812 853
368 12 13 14 15 23 83 222 344 472 473 512 513 516 517 518 520 521 522 523 525 527 529 532 535 539 540 556 557 558 559 560 561 562 563 565 566 568 570 571 575 576 577 593 594 595 596 689 725 750 777 790 823 833 841 874 1083 1265 1311 1381 1409 1427 1779
369 2 23 475 523 724 886
370 475 523 618 726 810 997
371 2 16 23 28 343 344 394 512 513 514 515 516 517 518 519 520 521 522 752 786 815
372 25 514 689 695 715 769 789 790 829 846 853 1042 1210
373 1
374 23 26 475
375 475 523
376 25 475 523 683 685 817
377 2 10 23 26 344 492 493 512 513 516 521 522 523 527 539 556 570 581 598 607 724 728 733 734 744 752 757 758 777 786 810 839 854
378 1 2 8 10 11 14 15 16 17 23 25 26 28 56 64 142 182 265 268 283 312 343 344 354 355 371 377 394 476 482 487 493 512 513 514 515 516 517 518 519 520 521 522 523 537 539 542 544 548 551 556 558 560 563 570 575 577 593 594 595 596 598 599 607 618 631 672 689 722 724 725 726 728 730 733 734 735 737 739 744 754 777 781 786 803 810 814 815 827 839 841 854 870 873 876 881 918 925 931 959 1152 1209 1234 1236 1285 1308
379 1 475 523 542 544 727 814 817 944
380 1 2 16 23 28 83 344 394 512 513 514 515 516 517 518 519 520 521 522 725 727 777 814 1246
382 1 2 16 19 23 25 26 28 164 268 286 394 429 451 473 481 508 514 519 521 524 525 526 527 528 529 530 531 532 534 535 538 539 540 542 543 545 571 604 607 618 619 636 654 689 700 716 725 727 728 733 736 737 738 751 757 758 769 777 811 819 823 827 839 846 849 857 863 875 876 883 887 901 913 925 944 945 1023 1024 1077 1081 1108 1257 1312 1505 1638
383 139 475 523 538 886 959
384 2 344 539 733 750 769 777 789 790 829 860 887 1042 1094
385 2 26 132 283 344 459 515 523 607 618 689 695 733 750 754 769 781 790 838 839 1051 1580
386 0 7 12 13 14 472 473
387 1 2 23 26 83 354 475 497 514 519 522 523 524 525 526 527 528 529 530 531 532 558 607 618 724 725 727 757 790 814 817 819 839 886 914 985 1056 1379 1412
388 475 523 724 817 946
389 0 1 2 5 7 9 12 13 14 23 26 210 344 419 457 472 473 494 512 513 514 516 517 518 519 520 521 522 523 525 527 529 532 535 539 540 544 546 548 556 557 558 559 560 561 562 563 564 565 566 567 568 569 570 571 572 573 574 575 576 577 578 581 591 607 609 612 613 614 615 617 689 711 716 724 728 733 734 736 737 738 758 769 775 777 794 804 810 811 814 818 827 837 839 844 846 879 901 904 917 925 926 934 945 1029 1034 1090 1101 1135 1247 1254 1255 1290 1316 1491
390 9 475
391 2 23 26 475 523 727 728 733 757 839 904 1053 1056
392 1 2 18 28 32 354 475 514 522 523 539 542 592 725 727 728 736 743 750 752 760 764 765 786 790 801 810 814 819 829 846 847 851 914 923 926 940 948 961 965 985 993 1079 1098 1113 1123 1136 1222 1234 1415 1551 1609 1733
393 0 7 12 13 14 472 473
394 2 11 13 16 23 28 94 201 268 283 324 343 344 394 398 415 508 512 513 514 515 516 517 518 519 520 521 522 523 533 535 540 558 560 563 570 571 577 593 594 595 596 607 618 630 650 653 661 700 701 723 728 730 733 743 749 752 754 777 788 790 793 798 809 813 833 835 837 842 846 859 871 881 888 926 929 969 983 1051 1064 1098 1198 1208 1235 1353 1369 1396 1842
395 2 16 23 26 28 343 344 394 512 513 514 515 516 517 518 519 520 521 522 716 728 750
397 2 9 11 18 343 344 514 607 618 733 874 983
398 23 236 268 514 523 724 725 728 747 819 839 847 849 980 1005
399 5 11 18 23 28 80 139 164 210 228 283 296 300 324 475 508 514 523 527 535 539 542 563 584 618 679 680 681 724 725 727 728 743 757 759 764 769 772 790 810 814 816 819 823 844 846 847 886 895 1508 1516
400 343 809
401 25 344 475 514 523 607 725 727 735 737 743 763 849 901 1013 1112
402 11 23 343 475 508 514 539 727 728 757 758 814 839 855 935 1213
403 20
404 1 2 11 16 17 18 23 28 50 64 80 83 94 125 156 164 200 210 220 225 230 262 268 280 283 324 341 343 344 354 364 394 398 420 425 428 429 440 449 457 459 497 508 512 513 514 515 516 517 518 519 520 521 522 523 533 539 542 558 560 563 570 571 574 577 584 591 598 607 616 618 619 621 630 631 636 641 645 650 661 668 679 689 695 714 723 724 726 727 728 730 733 734 736 737 738 742 743 749 750 752 754 756 757 758 760 762 768 769 770 772 775 777 780 781 786 788 790 808 810 813 814 815 816 819 820 821 823 827 828 829 833 839 840 841 842 843 846 855 859 863 869 871 873 874 879 895 900 907 908 913 926 929 934 936 939 943 945 953 957 960 966 978 980 982 992 999 1033 1034 1035 1040 1042 1049 1051 1057 1063 1066 1083 1087 1102 1167 1184 1188 1193 1198 1204 1208 1222 1224 1232 1235 1256 1265 1282 1293 1299 1305 1308 1313 1348 1369 1381 1384 1390 1395 1399 1405 1416 1431 1454 1560 1571 1594 1621 1635 1649 1758 1811
405 2 18 21 25 28 32 54 94 132 164 284 289 294 357 476 497 514 516 517 521 523 592 607 618 621 728 750 754 757 769 777 780 787 810 812 823 841 853 886 895 931 1031 1069 1074 1198 1203 1204 1234 1265 1369
406 475 523 701
407 475 607 809 814
408 2 9 16 23 28 343 344 394 512 513 514 515 516 517 518 519 520 521 522 524 525 526 527 528 529 530 531 532 534 535 538 540 542 543 545 727 733 839 846
409 26 139 343 558 618 735 786 809 815
410 0 7 12 13 14 472 473
411 618 725 727 847 985 1286
412 26 514 519 607 735 744 769
413 2 23 26 83 475 514 519 523 524 525 526 527 528 529 530 531 532 539 544 591 618 689 725 727 728 814 827 922 965 1884
414 23 514 519 521 523 524 525 526 527 528 529 530 531 532 534 535 538 540 542 543 545 743 752 781 786 915
415 343
417 757 928
418 1 9 28 80 94 210 725 733 736 738 750 769 790 846 847 929 968 1075 1100 1224 1234 1256 1424 1447 1721
419 0 7 12 13 14 472 473
420 0 7 12 13 14 23 210 344 419 472 473 512 513 514 516 517 518 519 520 521 522 525 527 529 532 535 539 540 548 556 557 558 559 560 561 562 563 564 565 566 567 568 569 570 571 572 573 574 575 576 577 578 733 832 839
421 2 23 344 475 512 513 514 516 517 519 520 521 522 523 524 525 526 527 528 529 530 531 532 533 534 535 536 537 538 539 540 541 542 543 544 545 556 557 560 566 570 575 577 607 618 726 727 741 790 795 816 1136 1224
422 604 773 1023
424 9
425 2 29 476 484 786 809 815 839
426 2 16 23 28 343 344 394 512 513 514 515 516 517 518 519 520 521 522
427 9
428 2 4 9 16 23 28 343 344 394 512 513 514 515 516 517 518 519 520 521 522 534 539 560 563 570 571 577 581 607 666 667 669 682 683 684 685
429 9 16 343 839 1058
430 2 726
431 475 523 618
432 343
433 2 18 23 26 344 514 517 519 537 539 544 558 574 598 607 618 733 737 738 740 742 750 769 790 816 825 873 919 953 1012 1071 1107 1363
435 1 2 11 19 23 25 26 28 32 83 156 481 482 489 514 515 517 519 521 534 535 537 538 540 542 543 544 545 563 593 594 595 596 607 618 679 728 733 735 738 739 741 754 757 758 769 790 823 839 873 875 876 901 999 1030 1210
436 2 16 23 28 233 343 344 394 512 513 514 515 516 517 518 519 520 521 522
437 2 16 23 28 343 344 394 512 513 514 515 516 517 518 519 520 521 522 560
438 0 2 7 12 13 14 23 472 473 618 650 695 725 733
439 18 25 26 48 283 558 608 621 725 847 886 914 985 1061 1282 1286 1289 1357
440 733 770 1132
441 2 16 23 28 343 344 394 512 513 514 515 516 517 518 519 520 521 522 563
442 343 563 621 689 752 814 815 839 842 878 1395
443 64 344 508 574 722 729 743 749 754 769 790 837 876 903 1056 1065 1193 1198 1234 1265 1353 1356 1399
444 2 16 23 26 28 344 394 457 512 513 514 515 516 517 518 519 520 521 522 537 733 735 752 769 839
445 495
446 0 7 12 13 14 472 473 727 811 839 846 922 1167
447 2 26 544 738 810 844 876
448 0 7 12 13 14 472 473 733
449 343
450 2 9 16 23 28 343 344 394 512 513 514 515 516 517 518 519 520 521 522 839
452 2 23 26 28 394 512 513 514 515 516 517 518 519 520 521 522 607 725 727 747 870 901
453 1 2 16 23 28 83 283 343 344 394 512 513 514 515 516 517 518 519 520 521 522 563 570 577 604 618 619 621 679 722 728 729 730 743 773 777 781 789 790 810 819 934 936 959 1064 1282 1314 1382
454 26 344 475 514 523 618 1146
455 475 523
456 1 2 4 16 18 23 25 28 32 59 64 92 130 156 164 181 247 257 283 286 354 355 366 399 400 412 448 473 514 519 521 523 524 525 526 527 528 529 530 531 532 534 535 538 540 542 543 545 560 565 577 579 587 592 618 621 661 715 720 724 727 728 737 743 749 752 759 764 787 788 790 802 810 812 814 817 832 839 853 890 936 943 995 1031 1203 1228 1240 1312 1439 1513 1545 1580 1804
457 1 2 11 18 23 25 28 32 156 283 324 377 479 508 514 523 539 591 607 618 689 701 715 725 727 728 733 735 737 750 752 754 757 759 769 787 788 789 810 813 816 823 826 828 839 885 895 969 983 984 1080 1093 1191 1234 1878
458 448 475 514 519 523 539 542 544 585 704 725 727 747 750 757 769 790 809 810 827 850 886 1004 1256
459 475 523
460 26 607 815 958
461 18 63 341 558 563 618 810 812 813
462 475 523
463 16 343
464 809 959 996
465 2 16 23 28 343 344 394 512 513 514 515 516 517 518 519 520 521 522
466 2 16 23 28 343 344 394 512 513 514 515 516 517 518 519 520 521 522
467 2 16 23 28 343 344 394 512 513 514 515 516 517 518 519 520 521 522 636 739 752 786 809 815 886 959
468 6 21 23 26 512 513 516 517 520 522 534 535 539 556 560 575 581 588 589 590 591 716 777 809 810 815 959
469 2 16 23 28 139 156 344 394 475 512 513 514 515 516 517 518 519 520 521 522 523 739 752 786 881 996
470 0 1 2 11 15 17 23 26 132 139 283 344 412 508 515 517 523 538 542 544 579 580 599 607 618 621 645 674 679 715 716 725 726 727 729 730 733 739 742 747 752 754 768 774 786 790 809 810 812 814 815 823 839 850 853 879 881 886 914 915 917 956 975 985 996 1083 1085 1102 1136 1192 1258 1357 1379 1479 1545 1617 1797
471 9 475 480 514 523 539 689
474 517 558 587 701 728 731 738 891 1023
475 475
476 1 23 343 390 514 519 521 524 525 526 527 528 529 530 531 532 534 535 538 540 542 543 545
477 701 1182
478 2 198 475 523 618 757 856 985
480 0 7 12 13 14 472 473
482 2 34 83 84 183 475 523 863 1035 1235
483 1 475 523 592
484 2 5 11 16 23 28 32 230 283 293 324 343 344 361 394 416 424 429 456 508 512 513 514 515 516 517 518 519 520 521 522 535 540 544 558 560 563 570 571 577 584 618 630 645 661 679 700 722 726 728 730 733 743 750 752 777 781 788 790 794 814 815 839 842 843 859 867 874 879 902 1021 1033 1051 1061 1066 1224 1274 1282 1312 1455
485 743 814 839 959 1193
487 2 16 23 28 343 344 394 512 513 514 515 516 517 518 519 520 521 522 711 816 839 1129
488 156 475 618 656 701 788 848 1113
489 16 24 343 514 523 563 607 689 728 733 735 743 810 816 833 839 843 845 911 994 1285 1399
490 2 139 607 743 752 769 786 809 815 816 833 881 959 983 1753
491 26 210 344 409 512 514 537 563 570 607 618 689 727 733 750 752 790 819 834 836
492 2 156 201 514 538 570 584 587 607 723 743 783 788 815 816 823 890 893 919 949 962 1169
493 9 23 26 83 523 558 714 725 727 777 819
495 1 2 19 26 28 32 40 164 456 475 514 523 558 618 724 728 750 757 795 810 814 819 935 1263
496 2 9 23 25 210 377 512 514 519 537 570 577 607 689 714 728 735 736 738 750 769 777 780 790 804 810 961 1027 1034
498 2 16 23 28 343 344 354 394 512 513 514 515 516 517 518 519 520 521 522 733 810
499 2 23 26 475 514 519 521 523 524 525 526 527 528 529 530 531 532 534 535 538 539 540 542 543 545 577 716 856 886 968
500 2 5 16 18 20 23 26 28 32 34 50 210 283 344 354 394 487 512 513 514 515 516 517 518 519 520 521 522 523 527 533 535 538 542 549 551 583 585 592 597 618 631 645 687 688 689 690 691 692 693 694 695 696 697 698 699 700 701 702 703 725 727 728 735 754 757 763 766 769 787 839 888 901 940 945 1024 1075 1210 1681
501 344 514 519 523 542 598 618 724 725 727 747 786 810 814 886 914 965 985 1193 1207
502 1 11 18 23 25 26 28 32 64 139 156 283 286 354 514 517 519 520 523 538 558 571 592 607 616 618 679 689 700 725 726 733 736 738 750 752 759 769 777 788 790 804 823 828 829 835 859 868 871 880 885 895 929 945 1017 1020 1047 1234 1317 1514
503 538 607 736 831
504 2 23 26 689 725 727 728 733 735 752 839 942 994
505 475 523 957 1126
506 2 23 83 618 724 728 757 846 1363
507 2 16 23 26 83 344 475 508 521 523 544 556 607 618 724 725 727 733 747 750 757 795 803 814 817 819 849 857 863 874 883 886 892 976 1257 1733
508 6 21
509 18
510 18 341 750
511 1 2 6 18 21 25 28 341 476 484 810 1208
512 1 2 6 18 21 23 28 476 484 492 512 513 516 517 520 522 534 535 539 556 560 575 577 581 588 589 590 591
513 1 2 6 9 18 21 28 476 484
514 0 2 5 7 12 13 14 18 23 25 26 28 50 80 83 94 164 181 233 283 344 378 448 457 472 473 514 523 542 585 592 607 627 689 724 725 727 733 736 738 743 744 750 764 769 775 777 786 790 792 803 810 818 819 823 836 846 873 878 934 1009 1017 1062 1071 1074 1083 1087 1198 1237 1281 1287 1336 1528 1562 1703 1704 1769 1775
515 16
516 16
517 1 2 16 18 20 23 26 28 50 64 83 268 283 344 378 394 424 429 473 485 512 513 514 515 516 517 518 519 520 521 522 527 533 535 538 539 540 541 544 545 546 548 549 550 551 552 553 554 555 556 581 584 587 593 594 595 596 607 618 631 661 675 676 677 678 679 725 728 757 814 839 890 911 959 1024 1285 1308
518 475
519 9 618 1265
520 28 409 577 714 725 727 729 747 750 752 786 790 809 814 815 823 842 881 908 915 933 959 960 968 992 999 1006 1111
521 16 23
522 25 283 724 730 750 757 790 815 902
523 11 18 475 514 522 523 539 542 577 786 790 841 948 1266 1311 1469 1584
524 11 18 28 80 475 514 523 542 591 829 841 888
525 2 728 901
526 2 23 26 514 519 524 525 526 527 528 529 530 531 532 728 839 1053
527 1 6 21 728
528 2 9 16 23 28 343 344 394 475 512 513 514 515 516 517 518 519 520 521 522 523 839 1234
529 0 7 12 13 14 23 210 344 419 472 473 475 512 513 514 516 517 518 519 520 521 522 523 525 527 529 532 535 539 540 548 556 557 558 559 560 561 562 563 564 565 566 567 568 569 570 571 572 573 574 575 576 577 578
530 656
531 1 2 11 13 18 23 28 64 94 268 276 283 459 512 514 519 521 523 524 525 526 527 528 529 530 531 532 533 534 535 536 537 538 539 540 541 542 543 544 545 565 592 598 607 618 636 689 728 742 743 747 752 754 759 769 783 790 805 811 817 818 819 823 881 895 938 1016 1029 1141 1161 1167 1181 1182 1198 1203 1204 1235 1289 1305 1325 1334 1356 1369 1401 1410 1440 1520
532 283 520 560 661 730 743 810 843 856 1781
534 1 16 475 727
535 2 18 20 23 25 26 32 210 490 497 540 592 618 724 735 747 757 763 886
536 0 7 12 13 14 23 193 210 344 419 472 473 512 513 514 516 517 518 519 520 521 522 525 527 529 532 535 539 540 548 556 557 558 559 560 561 562 563 564 565 566 567 568 569 570 571 572 573 574 575 576 577 578 743
537 198 217 266 268 344 508 517 520 523 532 542 574 621 661 679 716 728 749 768 786 810 814 886 952 1111 1198 1241 1256 1341 1348 1386 1534 1553 1839
538 2 23 26 222 475 512 539 544 679 725 727 728 737 901 913 914 985 1224
539 1 2 16 23 28 344 394 475 508 512 513 514 515 516 517 518 519 520 521 522 523 661 724 725 727 747 758 759 786 829 846 870 914 1045
541 1 2 11 15 18 23 26 28 32 34 64 83 84 139 156 183 286 344 377 409 448 475 508 512 514 517 519 520 521 522 523 524 525 526 527 528 529 530 531 532 533 534 535 536 537 538 539 540 541 542 543 544 545 563 570 577 591 607 618 689 701 724 725 727 735 737 742 743 747 749 752 757 763 768 769 777 780 786 789 790 795 807 809 810 814 815 816 817 819 827 828 835 839 846 849 850 883 885 886 900 901 914 944 959 965 968 985 1006 1035 1039 1041 1113 1193 1199 1204 1207 1210 1234 1617
542 786
543 344 475 725
544 64 475 508 514 523 618 724 725 747 757 819 834 853 886 914 985
545 1 23 26 475 523 542 558 584 716 725 727 737 819 914 1557
546 23 83 208 344 457 475 512 514 516 517 518 520 521 522 523 532 540 558 560 563 569 570 577 593 594 595 596 670 754 777 790 810 814 815 817 841 846 863 959 1071 1129
547 475 725
548 17 132 139 324 514 607 618 743 752 773 777 786 809 810 815 881 915 959 1186
549 1 2 17 28 514 519 538 570 585 592 607 630 674 689 716 733 737 750 754 769 776 790 819 831 839 863 879 907 962 997 1027 1071 1279 1334 1389
550 1 2 16 23 26 223 475 508 514 523 689 725 727 728 730 747 754 769 814 815 965 968 1020 1030 1119
551 475 523 733 788 790 842 934 1079
552 12 13 14 15 472 473 650 733
553 9 23 475 480 514 519 521 523 524 525 526 527 528 529 530 531 532 534 535 538 540 542 543 545
554 2 16 23 28 343 344 394 512 513 514 515 516 517 518 519 520 521 522
555 80 92 94 519 558 598 618 777 853 936 999 1262 1455
556 19 23 25 26 481 482 489 490 607 728 886 1115
557 343
558 343 475 523
559 343 839
560 343
563 2 11 19 20 23 25 26 28 83 143 144 145 223 268 283 344 354 355 429 475 481 482 497 512 513 514 517 519 521 523 534 535 538 539 540 542 543 545 546 547 548 558 563 577 584 592 618 631 678 689 701 715 716 724 725 726 727 728 730 733 734 735 737 738 741 742 744 757 758 763 775 777 780 788 794 810 811 813 814 816 817 819 839 846 853 868 873 876 901 925 931 945 959 990 1079 1129 1152 1234 1328 1332 1341
564 2 936 983 1084 1129 1209
565 9
566 0 7 12 13 14 472 473
567 1 2 11 13 23 28 83 330 354 475 508 520 523 534 539 695 714 724 727 728 733 737 747 764 769 790 810 814 815 817 823 842 941 1115 1257
569 0 7 12 13 14 472 473
570 64 80 344 508 517 523 539 584 599 704 724 725 730 733 810 814 819 823 827 874 886 1056 1071 1342
571 475
572 716
573 142 283 574 733 793 879 1256
574 2 26 514 618 733 936 1356
576 2 16 23 28 64 92 132 156 283 324 344 394 398 457 512 513 514 515 516 517 518 519 520 521 522 524 525 526 527 528 529 530 531 532 542 544 563 570 631 661 672 714 730 736 738 743 747 777 781 788 790 814 819 823 833 879 931 946 959 1248 1256 1265 1277 1340 1455 1481
577 1 23 28 139 156 268 377 512 514 519 521 524 525 526 527 528 529 530 531 532 533 536 537 538 539 541 544 607 618 631 689 723 727 733 737 747 750 788 790 810 811 817 819 823 828 830 873 875 878 880 881 904 917 949 959
578 94 514 558 728 839 853
579 18 542 725 727
580 2 16 23 24 28 343 344 394 512 513 514 515 516 517 518 519 520 521 522
582 0 7 12 13 14 472 473 514 725 757 769 790 886 1525
584 16 343
585 343
586 2 11 23 28 64 344 475 512 513 514 516 517 518 519 520 521 522 523 524 525 526 527 528 529 530 531 532 533 535 536 537 539 540 541 544 546 558 560 563 570 571 577 581 591 593 594 595 596 607 609 611 612 613 614 615 617 663 728 769 781 836 839 890 1282
587 152 268 344 475 514 544 558 563 607 769 787 804 828 859 961 1102
588 1 2 11 18 23 26 28 32 296 324 475 512 513 514 516 517 518 519 520 521 522 523 524 525 526 527 528 529 530 531 532 533 535 536 537 538 539 540 541 544 546 558 560 563 570 571 577 581 583 609 611 612 613 614 615 617 648 650 672 725 728 914 985
589 475 523 728 814 817
590 2 23 83 139 156 283 344 394 433 475 514 607 618 734 737 743 777 834
591 521 678
592 724 886
593 2 13 26 565 725 727 758 769 814 832 1166
595 1 728 828 1234 1277
596 1 9 23 94 118 448 457 475 478 523 618 728 810 815 923 1016 1083 1513
597 83 181
598 15 25 26 83 514 538 544 563 584 591 724 725 727 728 737 757 769 777 801 814 819 834 835 844 886 895 901 1208 1213 1246
599 9 16 475 480 514 523 539 560 607 618 819 847 923 941
600 16 23 463 607 618 1166
601 1 2 11 14 17 23 25 26 28 63 83 139 198 210 217 324 341 344 354 396 475 512 513 514 516 517 519 520 522 523 524 525 526 527 528 529 530 531 532 533 535 539 542 556 557 558 560 563 565 566 570 575 577 618 663 689 724 725 727 728 738 743 747 750 752 754 757 758 763 769 777 786 808 810 814 819 821 823 839 842 847 851 879 883 886 891 901 914 944 965 985 1019 1023 1026 1035 1056 1061 1083 1182 1202 1213 1234 1243 1255 1286 1289 1307 1312 1321 1463 1828
602 0 1 2 7 12 13 14 18 23 25 26 28 32 64 94 222 223 286 293 463 472 473 476 478 484 497 514 517 519 520 523 537 538 544 558 563 577 592 607 618 650 689 716 725 727 728 733 735 736 738 743 750 757 763 767 769 777 781 790 801 803 809 810 814 823 829 830 832 839 846 849 860 870 878 880 891 901 904 925 926 934 942 955 959 974 978 982 983 990 1017 1023 1061 1073 1092 1103 1125 1132 1160 1175 1216 1257 1290 1292 1610 1685
603 1 2 26 514 519 534 537 544 563 607 663 689 725 728 736 737 738 750 757 763 769 777 788 839 847 857 862 874 895 1015 1210 1224 1311
604 2 18 19 20 23 25 26 28 32 64 210 377 429 457 473 475 476 479 481 482 484 490 497 514 519 521 523 534 535 538 540 542 543 544 545 556 592 607 618 689 716 733 735 738 741 764 769 788 810 813 816 826 839 846 860 863 873 942 978 994 1038 1075 1144 1489
605 16 83 475 523 810 814 817 819
606 1 2 18 23 25 26 28 54 92 139 164 223 284 294 344 354 357 394 475 512 514 542 558 570 585 604 607 618 631 701 725 726 728 735 736 737 738 739 747 748 750 752 757 759 763 769 773 777 781 783 786 788 789 790 809 810 813 815 823 834 837 846 849 850 853 870 873 881 901 922 931 936 945 956 959 1214 1459
607 23 26 482
608 607
609 475 523 558 810 814 817 1474
610 2 11 16 18 21 23 32 514 520 523 542 607 727 846 1040
611 1 2 11 18 164 181 222 283 514 515 517 520 534 544 563 592 607 618 689 721 727 737 738 754 769 777 783 790 804 811 813 817 828 837 867 879 945 1083 1085 1182 1280 1493
612 2 16 23 28 344 394 475 508 512 513 514 515 516 517 518 519 520 521 522 523 724 727 728 750 757 814 832
614 2 18 521 607 618 816 907 972 1154 1279
615 9 16
616 0 7 12 13 14 472 473
617 2 16 23 28 343 344 394 512 513 514 515 516 517 518 519 520 521 522 563 607 743 750 757 829
618 1 2 4 13 18 23 25 26 28 92 94 125 139 142 156 181 223 268 283 286 324 344 354 377 433 448 475 517 518 521 523 534 539 542 544 607 618 661 714 716 723 725 726 731 733 735 743 750 752 757 759 769 777 781 786 790 803 810 811 814 815 817 819 823 830 831 839 846 847 850 853 863 871 875 878 895 901 946 959 989 996 1035 1042 1056 1098 1099 1102 1182 1199 1234 1371
620 2 11 23 26 344 512 523 558 563 689 715 727 769 777 790 823 841 846 886 914 978 1199 1234
621 1 2 9 16 23 28 343 344 394 512 513 514 515 516 517 518 519 520 521 522
622 0 7 12 13 14 472 473
623 2 16 23 28 343 344 354 394 475 508 512 513 514 515 516 517 518 519 520 521 522 523 591 716 728 733 757 769 788 790 828 829 830 837 843 873
624 9 23 475 725 727
625 0 2 7 12 13 14 23 28 283 472 473 514 563 577 682 727 728 733 734 750 777 818 823 839 863 901 1227 1363
626 2 11 16 18 23 28 80 225 343 344 377 394 398 497 512 513 514 515 516 517 518 519 520 521 522 524 525 526 527 528 529 530 531 532 534 535 538 540 542 543 544 545 563 584 592 630 661 727 729 730 733 743 749 772 777 780 788 790 813 814 816 823 824 833 839 890 1098 1210 1265 1278 1382 1387 1455 1648 1758
627 1 2 10 23 26 32 139 283 343 344 475 493 508 521 523 539 542 563 577 584 592 618 636 663 716 724 725 727 728 734 737 742 757 763 780 786 790 810 814 819 827 841 846 847 851 852 859 883 886 895 901 940 944 965 968 985 986 1006 1033 1035 1036 1037 1123 1129 1170 1202 1204 1207 1213 1224 1227 1257 1289 1331 1388 1389 1407 1434 1572
628 2 11 25 83 156 222 236 521 523 558 598 618 644 704 727 743 780 835 842 955 1066 1208 1332 1393
629 9
630 2 18 23 26 32 475 482 523 544 592 728 733 759 819 940
631 2 5 7 15 16 19 23 28 45 183 343 344 394 437 448 457 458 475 512 513 514 515 516 517 518 519 520 521 522 523 524 525 526 527 528 529 530 531 532 534 535 538 540 542 543 545 558 618 728 752 769 810 839 890 911 977 1285
634 1 2 11 19 23 25 26 28 32 34 40 80 83 84 94 164 183 268 283 293 307 323 324 344 456 457 459 473 475 512 514 515 517 519 523 532 537 538 539 542 544 551 558 563 577 585 591 599 607 616 618 636 645 661 665 672 689 695 699 714 716 723 724 725 727 728 730 733 734 735 736 737 739 741 743 747 749 750 757 758 763 769 771 773 777 786 788 790 802 803 809 810 813 814 815 816 819 821 823 827 829 835 839 844 846 849 863 872 875 876 879 883 886 895 900 901 903 904 922 926 928 932 936 944 946 959 999 1005 1006 1023 1049 1071 1075 1083 1102 1120 1121 1157 1166 1167 1191 1195 1198 1199 1204 1207 1208 1211 1214 1215 1235 1240 1256 1258 1265 1322 1332 1334 1336 1356 1388 1433 1444 1636 1638 1810
635 16 591
637 495 496
638 514 517 895
639 475 514 519
640 475 514
641 475 514
642 475
643 514
644 1 475
645 475
646 475
647 475
648 377 475 542 951
649 475 816 824
650 9 475
651 497
652 26 497
653 2 4 11 18 23 25 26 28 32 71 72 210 223 283 304 323 324 344 354 378 412 426 497 498 499 502 508 514 523 542 544 548 563 571 587 592 607 618 678 701 715 716 726 728 775 788 790 796 810 816 826 830 836 841 845 858 870 871 883 887 931 934 936 986 987 1110 1112 1141 1153 1258 1272 1376 1413 1682
657 1 17 23 25 32 512 514 517 519 521 524 525 526 527 528 529 530 531 532 533 536 537 539 541 544 598 618 733 735 738 750 769 809 810 876 911 994 1265 1498
658 18 210 429
659 11 18 28 571 723 733
660 1 2 16 23 28 163 343 344 394 512 513 514 515 516 517 518 519 520 521 522 783 839 936 1182
661 2 16 23 28 343 344 394 512 513 514 515 516 517 518 519 520 521 522
662 1 2 4 11 23 26 164 324 344 475 500 501 502 512 513 514 516 517 518 519 520 521 522 523 535 540 560 570 579 580 581 582 583 584 585 586 587
663 1 4 11 18 23 27 28 164 283 344 409 475 483 501 503 504 505 512 513 514 516 517 518 519 520 521 522 523 524 525 526 527 528 529 530 531 532 534 535 537 538 539 540 542 543 545 556 558 560 563 570 571 575 577 581 607 666 667 668 669 678 701 725 728 733 743 744 750 757 758 769 790 810 814 815 816 823 829 831 847 848 895 921 986 1129 1135 1182 1234 1257 1258 1381
666 2 9 11 32 139 156 324 448 463 475 495 496 508 512 570 607 618 723 727 752 758 765 788 790 810 816 823 826 827 931 1591 1592
667 2 25 26 523 618 727 733 737 757 763 814 819 847 1292
668 1 32 343 737
669 2 16 23 28 64 163 194 344 394 512 513 514 515 516 517 518 519 520 521 522 523 524 525 526 527 528 529 530 531 532 534 535 538 540 542 543 545 563 598 607 618 747 752 783 790 813 814 818 839 936 1016 1182 1334
670 2 16 18 23 25 28 344 394 512 513 514 515 516 517 518 519 520 521 522 558 724 725 733 839 849 886 890 951 1053
671 9 16 514 716 726 730 810 815
672 2 4 23 28 32 63 92 181 194 283 324 517 520 521 539 558 577 607 618 678 716 729 743 752 759 777 790 810 812 819 823 829 839 873 1031 1045 1100 1198 1224 1263
673 2 9 16 23 28 343 344 394 480 512 513 514 515 516 517 518 519 520 521 522 607 874 988
674 16 343 743
675 343
676 1 2 11 16 26 28 32 83 164 338 344 457 459 475 508 512 514 517 519 520 522 523 534 538 539 542 556 570 577 584 591 598 606 607 618 689 724 725 727 728 730 733 737 743 747 750 752 757 759 768 769 777 790 814 817 819 821 826 827 846 850 883 885 886 901 929 957 961 968 970 985 1037 1071 1083 1129 1416 1428 1429 1647
677 1 2 16 23 28 344 394 475 512 513 514 515 516 517 518 519 520 521 522 523
678 1 2 16 23 64 92 103 139 198 223 283 286 324 377 475 514 523 551 561 577 587 607 608 716 722 723 724 728 730 735 739 747 752 759 777 783 786 790 808 809 810 811 813 814 816 817 823 824 826 827 832 839 874 875 881 904 919 968 994 997 1013 1016 1019 1061 1064 1113 1150 1182 1204 1243 1275 1281 1325 1334 1381 1389 1545 1589 1600 1684 1722
679 1 18 80 83 156 198 344 475 523 532 542 584 585 592 598 618 636 689 699 747 752 777 781 787 810 812 814 817 835 836 839 846 875 987 1056 1106 1129 1135 1297 1496
680 1 2 118 156 300 306 347 520 523 539 598 619 695 733 737 747 759 769 810 814 817 863 875 904 1056 1401
681 83 344 378 558 607 720 724 727 728 757 769 810 817
684 23 514 757 758 819 827 839 875
685 26 618 650 790 850 856 1113
686 409 517 519 604 689 744 920
687 2 4 26 28 32 61 132 344 508 514 518 519 520 534 542 571 598 607 618 631 672 678 689 714 744 746 757 788 789 801 812 815 817 821 826 836 862 873 878 894 920 942 991 1003
688 473 570 726 769 780 801 1132 1608
689 1 2 5 11 15 23 26 83 222 508 512 539 563 725 727 728 752 790 847 856 958 1113 1234
690 2 23 236 377 429 558 618 728 733 747 763 777 796 810 812 839 863 967 987 1234
691 2 377 577 591 775 810 816 857 1022
692 2 16 23 28 64 344 394 508 512 513 514 515 516 517 518 519 520 521 522 563 729 743 790 839 1417
693 2 16 23 28 343 344 394 512 513 514 515 516 517 518 519 520 521 522
694 475 523 727 733
696 343
697 16 343
698 459 563 733 743 769 777 808 873 1071 1090
699 819
701 9 32 377 743 789 839 843 895
703 2 19 23 481 489 497 514 519 521 534 535 538 540 542 543 545 563 570 593 594 595 596 607 689 790
704 3 12 13 14 15 472 473 650
705 16 343 475 769 960
706 733 736 738
707 0 7 12 13 14 472 473
708 343 839
709 2 64 139 377 508 514 607 645 695 729 730 739 747 752 786 787 809 810 815 816 819 828 836 881 934 959
710 2 23 28 92 186 198 286 354 514 516 542 551 558 563 591 592 618 724 725 726 727 728 733 747 750 769 777 814 817 819 823 826 828 837 904 1100 1634
712 1 2 23 26 283 354 508 514 539 701 716 737 750 758 768 777 790 839 847 853 1113 1234 1292 1377
713 11 324 514 598 689 701 807 828
714 25 475 523 618 757 769 888
715 18 24 25 392
716 2 18 28 32 94 497 508 512 520 558 618 621 636 641 700 728 733 750 769 810 812 823 832 839 845 853 872 913 940 974 1102 1228
717 9 475
719 2 16 23 28 210 343 344 394 419 472 475 512 513 514 515 516 517 518 519 520 521 522 523 525 527 529 532 535 539 540 548 556 557 558 559 560 561 562 563 564 565 566 567 568 569 570 571 572 573 574 575 576 577 578
720 2 23 28 344 394 512 513 514 515 516 517 518 519 520 521 522 544 607 618 739 752 769 786 809 815 881
721 475 523 814 817
722 2 5 10 16 18 20 23 324 344 476 479 484 493 497 499 534 591 607 750 752 781 809 810 823 828 870 908
723 9
724 1 9 164 475 514 523 544 714 733 750 752 786 787 790 809 814 826 839 895 1234
725 475
726 4 64 501 503 505 512 513 514 516 518 520 521 522 523 534 539 560 563 570 581 607 666 669 689 701 726 727 728 777 839 1198 1621
728 1 2 18 23 26 32 223 324 344 497 508 514 521 539 542 544 587 592 607 618 689 715 722 725 728 734 737 738 743 750 752 763 765 773 788 809 810 813 815 819 823 827 841 885 922 931 959 1045 1242
729 2 10 16 18 23 28 344 394 476 479 484 493 512 513 514 515 516 517 518 519 520 521 522
730 23 26 64 283 344 409 433 514 520 537 570 607 715 725 727 733 735 744 747 750 752 769 788 790 810 823 839 846 859 874 876 888 949 953 1003 1038 1210
731 26 28 139 409 556 607 727 786
732 2 17 18 19 20 23 25 26 32 210 268 481 482 489 490 497 508 514 517 519 521 523 534 535 537 538 540 542 543 545 592 593 594 595 596 607 678 728 733 735 738 752 812 823 839 844 876 901 1112 1115
733 1 207 475 497 506 523
734 1 2 18 20 23 25 26 32 210 475 497 506 523 540 592
735 2 23 26 514 591 716
736 475 523
737 1 20 394 728 790 830 1328
738 2 16 23 28 344 394 512 513 514 515 516 517 518 519 520 521 522 618
739 16 507 514 907
740 2 11 23 64 156 283 343 512 513 514 516 517 519 520 521 524 525 526 527 528 529 530 531 532 534 535 536 538 539 540 542 543 545 558 577 581 608 618 931
741 853
742 1 475 523 727 814 815 817 886 1557 1702
743 2 409 514 523 725 727 819
744 2 16 23 28 343 344 394 512 513 514 515 516 517 518 519 520 521 522 563 607 917
745 1 2 11 14 16 18 23 25 26 28 32 64 83 283 344 394 396 512 513 514 515 516 517 518 519 520 521 522 523 524 525 526 527 528 529 530 531 532 533 536 537 539 541 544 563 585 591 597 598 599 600 601 602 603 604 605 606 607 618 661 700 716 725 726 727 733 735 738 741 750 763 769 781 810 812 819 823 839 844 849 873 874 876 880 886 904 926 977 1146 1186 1227
746 2 16 23 28 32 64 118 156 344 394 457 512 513 514 515 516 517 518 519 520 521 522 523 534 538 607 618 679 730 733 741 754 769 783 788 789 803 810 811 819 823 827 841 846 881 894 895 907 1016 1047 1064 1083 1107 1154 1171 1182 1201 1259 1279 1334 1578 1602 1629
747 23 475 523 725 746
748 16 343
749 618 716 894
750 9 726
751 2 16 23 28 283 343 344 394 512 513 514 515 516 517 518 519 520 521 522 539 725 727
752 16 636 1060
754 16 344 475 539 618 725 727 757 914 985
756 2 11 18 25 28 48 92 156 201 324 378 433 478 508 522 584 607 618 723 810 823 842 874 1023 1226 1228 1250 1262 1466 1530 1593 1627
757 18 32
758 343
759 517 522 804
760 475 810
761 20
762 20
763 2 20 25 26 344 618 715 836 895 1186 1235
764 20 236 523 598 728 1224
765 20
766 2 18 20 23 26 28 378 487 502 539 591 607 618 714 750 787 810 836 839 841 847 1206 1328 1537
767 1 2 23 26 539 704 714 725 727 757 814 835 847 903 918 1039
768 9 810
769 343 769 814
770 343
771 16
772 26 539 716 725 727 985
773 92 558 714 724 728
774 2 23 25 26 344 475 508 514 523 532 539 584 618 621 724 725 727 737 739 757 768 769 777 808 809 814 818 819 886 914 940 973 985 1075 1213 1286
777 1 2 475 523 604 689 752 874 886
778 475 523 539 618 786
779 2 17 343 508 514 523 558 592 607 661 733 739 743 747 752 754 769 775 786 809 815 881 959
780 2 23 139 286 475 514 523 532 539 636 685 743 750 769 789 814 823 827 849 961 1256
781 2 354 475 520 523 539 584 618 619 743 777 787 788 790 841 859 940 1063 1166
782 139 523 618 747 752 762 786 809 815 936 959
783 0 7 12 13 14 472 473
784 1 2 4 5 11 14 18 23 25 26 28 31 32 48 50 61 64 72 80 82 83 92 94 128 139 140 152 164 181 194 201 210 222 223 233 254 276 283 289 324 341 344 377 378 398 409 433 448 457 459 475 508 512 514 519 520 521 522 523 533 537 538 539 542 544 548 558 560 563 570 577 592 598 604 607 618 630 654 656 661 683 689 701 704 715 723 724 725 726 727 729 730 732 733 735 737 738 739 741 743 744 747 750 752 754 759 769 777 778 780 784 786 787 788 789 790 795 796 803 809 810 813 815 816 818 819 821 823 826 827 829 830 833 834 836 842 846 847 850 855 858 859 862 863 873 883 885 886 895 903 913 934 936 945 959 961 968 987 998 1003 1006 1016 1025 1037 1041 1045 1049 1051 1071 1082 1098 1100 1111 1126 1141 1148 1170 1201 1202 1220 1224 1228 1234 1237 1242 1246 1250 1316 1328 1363 1390 1408 1673 1684 1706 1707
785 80 94 286 475 514 523 544 592 618 733 738 743 747 750 769 790 814 819 863 873 904 934 953 978 1381
786 2 23 26 83 268 283 344 514 520 523 539 577 584 724 725 727 734 747 769 814 816 819 823 827 842 847 886 895 1023 1061 1234
787 1 2 26 475 520 523 544 724 727 757 814 817 849 886
788 1 23 475 514 519 521 523 524 525 526 527 528 529 530 531 532 534 535 538 540 542 543 545 728 737 810 944
789 2 26 28 83 475 558 563 724 725 727 737 757 799 846 1036
790 736 945
791 26 210 377 459 523 618 714 733 926 1016
792 725
793 475 523 727
794 1 2 11 13 14 17 18 23 25 26 28 32 38 43 64 92 94 126 139 152 156 164 181 184 201 208 210 223 230 236 259 261 276 283 296 324 330 344 354 355 377 398 425 459 473 475 497 508 512 513 514 515 516 517 518 519 520 521 522 523 527 533 535 537 538 539 540 542 546 551 556 557 558 560 563 565 566 570 571 575 577 581 583 584 591 593 594 595 596 598 604 607 609 611 612 613 614 615 617 618 648 661 689 714 715 716 726 727 730 733 735 737 738 739 743 746 747 749 750 752 758 759 760 764 768 769 772 773 775 777 781 786 788 790 794 798 808 809 810 814 815 816 817 819 821 823 824 826 828 829 831 835 839 840 842 845 846 858 863 871 873 874 878 880 881 883 888 895 907 910 916 917 927 939 940 948 952 956 959 963 999 1030 1038 1042 1047 1075 1079 1198 1210 1224 1234 1255 1291 1311 1322 1340 1380 1390 1399 1656 1713 1745
795 1 2 23 25 26 28 83 223 232 234 394 487 514 520 523 538 584 591 631 695 714 716 724 727 728 734 737 757 763 769 772 777 790 801 810 815 816 819 829 830 833 842 846 871 886 888 904 941 949 994 1213 1227 1257 1265 1268 1282 1376 1749 1846
796 1 2 5 16 18 23 25 283 448 459 475 485 514 519 522 523 524 525 526 527 528 529 530 531 532 544 618 716 725 727 752 757 769 775 790 814 816 817 819 839 914 1056 1071 1213
797 728 873 1336
798 1126
799 39
800 475 523
801 475 512 516 517 520 523 538 539 544 558 560 570 571 577 724 758 773 808 821 840
802 1 2 5 6 11 18 19 21 23 26 28 31 32 64 94 230 280 283 323 324 343 354 394 398 457 459 475 508 512 513 514 516 517 518 519 520 521 522 523 534 535 539 540 556 558 560 563 570 571 575 577 581 584 588 589 590 591 593 594 595 596 607 608 618 636 644 665 704 726 728 731 733 736 737 738 743 749 750 752 764 768 769 770 772 777 781 788 790 794 798 804 810 815 816 821 823 826 830 837 842 843 853 867 873 879 885 895 903 932 934 945 959 978 1023 1045 1049 1070 1072 1075 1079 1083 1090 1094 1104 1109 1132 1158 1185 1236 1240 1277 1322 1332 1356 1422 1518 1556 1614 1757 1810
804 21 222 251
805 23 475 523 618 757 814 1023
807 475 523
808 164 286 618 757 803 841 938 1298
809 18 23 514 517 519 521 523 534 535 538 540 542 543 545 607 725 728 738 769 839 1023
810 2 16 23 28 344 394 512 513 514 515 516 517 518 519 520 521 522
811 618 814
812 1 2 18 23 26 32 139 344 475 508 514 523 539 542 584 607 725 727 743 752 817 818 819 847 849 851 886 914 923 937 985 1026 1097
813 2 11 23 26 475 508 514 519 521 523 524 525 526 527 528 529 530 531 532 534 535 538 540 542 543 545 591 618 724 725 728 733 742 743 747 750 754 757 826 870 902 1132 1182 1224 1368 1409
815 2 28 83 286 344 539 542 544 558 563 619 724 725 727 737 757 777 810 814 819 847 853 870 886 914 934 1034 1097 1207 1246 1412
816 2 5 13 23 25 26 32 324 354 475 514 519 523 524 525 526 527 528 529 530 531 532 556 598 618 714 724 725 727 728 735 747 775 809 810 814 815 819 821 839 847 886 906 914 985 1160 1207 1246 1318
817 26 618 716
818 1 2 19 23 25 26 164 283 459 475 481 508 514 515 519 521 523 534 535 538 540 542 543 544 545 558 598 607 618 714 724 725 727 728 734 735 738 750 757 760 769 783 816 830 839 849 872 874 886 895 944 945 1036 1510
819 2 514 752
820 13 18 23 25 28 32 65 94 276 283 286 344 440 473 475 512 514 519 521 523 524 525 526 527 528 529 530 531 532 533 536 537 539 541 544 558 577 607 618 650 676 689 698 700 728 743 746 750 752 754 757 769 776 790 808 810 812 815 845 871 874 886 936 996 1010 1258 1332 1503 1771
821 21 23 512 513 516 517 520 522 534 535 539 556 560 575 581 588 589 590 591
822 475 523 563 914
823 16 475 584 863 904 907 1064 1279
824 1 2 23 26 83 539 689 724 727 728 733 734 777 814 817 819 835 839 849 904 1019 1036 1053 1224 1510
825 1 2 16 23 25 28 32 50 64 83 139 235 268 279 283 344 377 394 459 475 477 485 508 512 513 514 515 516 517 518 519 520 521 522 523 527 535 539 556 557 560 566 570 575 577 618 621 653 701 724 725 727 728 729 730 737 741 743 747 748 752 754 757 763 770 775 786 790 809 814 816 819 820 839 849 863 874 886 911 914 985 1019 1021 1030 1074 1149 1256 1265 1285 1377 1381 1386 1653 1851
826 2 25 26 618 689 725 735
827 2 16 23 28 343 344 394 512 513 514 515 516 517 518 519 520 521 522 563 757
828 2 16 18 23 26 28 105 286 344 378 394 508 512 513 514 515 516 517 518 519 520 521 522 523 563 607 689 727 733 747 752 786 790 809 814 815 839 881 915 968 1223
829 1
830 344 514 607 794 810 836 862
831 26 344 534 862 1058
832 26 475 523 689 727
833 28 435 584 607 661 676 769 783 1107 1182 1424 1467
834 2 15 18 20 25 28 80 83 283 344 476 520 523 539 563 689 695 701 714 716 725 728 746 747 765 786 788 790 810 812 814 819 833 850 878 895 957 995 1224 1234 1267 1295 1540 1637
835 2 23 28 283 735 737 788 815 819 934 1023 1102 1257
836 475 607
837 2 23 514 607 618 727 737 763 839 886
838 2 475 523 539 607 695 725 727 747 749 757 814 819 847 886 925 985
839 26 457 508 512 521 570 592 714 716 722 726 733 757 795 809 810 815 834 863 875 922 1157 1165
840 715 777
841 9 18 283 508 558 607 730 747 878
842 16 343
843 2 4 11 23 26 164 324 344 381 475 500 501 502 512 513 514 516 517 518 519 520 521 522 523 524 525 526 527 528 529 530 531 532 535 539 540 542 560 570 579 580 581 582 583 584 585 586 587 591 725 727 819 847 886 914 944 985
844 1 23 508 514 519 521 524 525 526 527 528 529 530 531 532 534 535 538 539 540 542 543 545 563 725 727 733 737 757 810 819 849 886 1202 1210 1241
845 2 18 19 20 23 25 26 32 210 481 482 489 490 497 514 519 521 534 535 538 540 542 543 545 592 593 594 595 596
846 475 523 725 727 847 985 1207
847 9
848 18
849 2 20 476
850 16 23 50 83 156 487 517 544 631 714 728 733 737 757 766 769 790 813 839 863 874 966 1356
851 0 7 12 13 14 472 473
852 1 2 5 13 15 18 23 25 26 28 32 64 83 176 198 230 268 308 309 324 343 344 398 409 437 438 448 459 460 475 487 497 508 512 514 517 520 521 523 534 539 542 544 558 560 563 577 584 593 594 595 596 618 619 660 689 695 724 725 727 728 730 734 737 743 747 750 752 754 757 758 769 771 777 790 795 798 809 810 814 817 819 821 833 839 847 875 877 883 886 901 914 934 944 959 968 1006 1026 1039 1132 1213 1256 1257 1341 1357 1459 1461 1487 1603 1729 1733 1827 1836
853 520 523 558 775
854 2 18 23 28 139 512 514 520 591 618 725 737 750 757 790 812 849 853 934
855 2 18 20 32 324 476 514 544 592 607 644 733 804 810 945 960 1254
856 2 4 25 56 283 343 514 577 716 733 736 737 777 804 810 945 960 1034 1084 1254 1473 1555 1720
857 475 523 814 819
858 26 475 523 537 904
859 2 16 17 19 23 394 457 475 481 514 519 521 523 534 535 538 540 542 543 545 585 716 724 728 811 814 839 911 1118 1285
860 0 7 12 13 14 472 473 814 845 873
861 0 7 12 13 14 472 473 591 618 733 1132
862 475 523 739 752 809 815 881
863 1033
865 23 475 523 544 725 757 814 817
866 16 343
867 2 92 478 520 542 560 574 604 618 619 683 783 810 812 853 936 1016 1182
868 9 570 725 747 814
869 9 16 814
870 1 2 5 23 25 26 33 34 61 64 83 136 176 181 217 268 283 308 309 343 344 398 436 438 460 508 514 515 517 523 532 539 544 571 574 577 587 599 618 621 650 699 714 724 725 727 728 737 739 741 743 747 749 750 752 754 757 777 786 789 790 801 814 815 817 819 826 839 841 847 849 856 874 883 886 901 914 924 934 941 945 968 980 985 1001 1034 1075 1079 1198 1213 1222 1310 1316 1324 1341 1343 1368 1439
871 1 13 63 187 252 282 313 344 377 409 448 453 508 514 519 523 618 695 724 725 726 727 737 742 747 752 757 814 815 817 819 836 841 849 862 872 881 901 914 985 1170 1213 1286
872 1 2 23 26 48 83 94 125 156 167 523 534 542 544 548 558 563 584 618 627 636 685 716 720 750 769 777 786 813 815 817 829 830 831 846 847 856 863 885 930 931 934 936 959 1013 1029 1083 1120 1250 1326 1684
873 16 727 821 826
874 2 23 80 268 512 514 519 521 524 525 526 527 528 529 530 531 532 533 536 537 539 541 544 768 792 1644
875 2 26 344 475 508 517 523 534 539 604 607 733 735 750 769 790 840 873 874 876 1023 1150 1210 1227 1257
876 23 475 514 519 521 523 524 525 526 527 528 529 530 531 532 534 535 538 540 542 543 545 727 728 769 790 839
877 2 23 514 519 521 524 525 526 527 528 529 530 531 532 534 535 538 540 542 543 545 821 839
878 16 343 508 790
879 2 16 23 28 343 344 394 512 513 514 515 516 517 518 519 520 521 522
880 7 15 19 45 183 268 343 458 475 512 523 607 809 810 1135
881 11 475
882 1 2 16 23 26 28 96 146 250 344 394 512 513 514 515 516 517 518 519 520 521 522 523 544 558 563 565 607 689 715 716 728 730 734 735 737 757 769 777 819 828 839 886 901 913 941 1224 1234 1293 1456
883 1 2 5 11 15 16 17 18 23 25 26 28 30 32 48 61 64 83 164 180 187 198 210 237 252 282 313 344 377 409 433 436 440 453 457 508 512 514 517 518 520 521 523 532 537 538 539 542 544 563 577 584 598 607 618 636 678 712 722 723 724 725 727 728 730 733 734 737 742 744 747 752 754 757 759 763 764 769 773 775 777 786 787 788 790 796 801 803 809 810 814 815 816 818 819 823 826 827 829 833 839 841 842 847 852 854 883 886 888 914 936 938 944 950 973 985 1006 1035 1113 1160 1166 1193 1202 1213 1238 1258 1268 1283 1315 1318 1325 1367 1404 1433
884 1 2 11 13 16 18 19 23 25 26 28 32 64 83 156 171 210 268 283 324 344 394 396 412 421 457 473 475 481 487 508 512 513 514 515 516 517 518 519 520 521 522 523 524 525 526 527 528 529 530 531 532 534 535 537 538 539 540 542 543 544 545 558 560 563 570 571 574 577 587 591 592 607 618 621 631 636 654 661 679 689 700 716 724 725 727 728 733 734 735 737 738 741 743 744 750 751 752 754 757 758 763 769 770 777 786 787 790 794 804 810 811 813 814 817 819 823 829 839 844 846 847 849 855 857 862 863 876 883 887 901 904 913 932 934 940 957 960 974 1015 1035 1049 1074 1102 1130 1132 1137 1210 1219 1234 1237 1290 1311 1316 1440 1514 1678 1882
885 475 558 631 736 738 750 790
886 2 16 23 28 343 344 394 512 513 514 515 516 517 518 519 520 521 522
887 475 523
888 2 650 689 736 750 863
889 1 2 16 23 26 28 33 35 344 354 394 512 513 514 515 516 517 518 519 520 521 522 523 539 544 716 724 725 727 735 754 757 769 777 787 814 823 839 846 863 886 901 904 913 914 985 1056 1198 1286
890 563 607 790
891 64 733 810
892 343
893 16
894 2 16 23 26 28 344 394 512 513 514 515 516 517 518 519 520 521 522 607 618 724 744 839 913 934
895 32 92 473 558 563 715
896 563 725 727 823 985
897 1 42 475 523 728 736 817 828 841
898 1 2 18 23 25 26 283 514 519 521 523 524 525 526 527 528 529 530 531 532 534 535 538 539 540 542 543 545 591 618 725 727 728 735 749 754 759 777 819 835 839 844 876 913 929 1485
899 2 95 132 150 249 469 618 701 749 754 790 823 982 1224 1584 1669
900 1 2 23 25 64 83 181 289 475 514 517 521 523 537 538 548 571 689 725 727 728 730 736 737 750 763 769 777 790 795 809 814 819 863 876 901 922 941 945 1034 1088
901 1 50 373 422 475 724 810 1155
902 607 739 786 809 815
903 1 16 18 32 64 448 473 502 518 520 523 592 618 689 728 729 743 751 764 769 812 823 830 853 913 936 1016 1045 1208 1236 1253 1282 1285 1325 1439
904 786 959
905 16 18 343 607 786 815
906 475 523
907 2 475 523 727 728 810 814 819 1036
908 2 810
909 2 25 26 512 519 523 607 726 783 788 810 1130 1277
910 8 843
911 2 5 26 83 222 508 512 514 542 558 607 618 689 724 727 752 757 769 810 834 881 1224 1265 1316
912 9 810
913 1 28 80 92 94 210 283 344 457 521 532 608 618 621 725 728 733 768 769 781 790 792 796 830 853 878 913 936 1083 1199 1224 1228 1298 1308 1366 1533 1864 1865
914 1 5 18 28 48 64 139 344 354 409 475 508 514 523 544 570 584 607 618 689 724 725 727 728 738 747 752 757 819 833 849 880 883 886 914 985
915 2 16 18 23 28 343 344 394 512 513 514 515 516 517 518 519 520 521 522 570 716 743 810 1341
916 23 26 514 607 716 733 735 763 769 876 959 1210 1238
917 26 514 591 618 736 738 1403
918 9
919 2 18 20 32 476 724
920 9 689
921 343
922 514 538 607
923 9
924 1 2 18 23 26 28 32 83 283 323 429 440 473 508 514 520 521 523 537 539 542 551 558 563 584 591 607 618 715 716 723 724 725 727 728 729 730 733 734 736 737 742 750 754 757 763 769 775 777 783 786 790 796 798 809 810 812 815 817 823 826 829 831 833 839 841 846 911 934 987 994 1016 1033 1082 1132 1223 1362
925 2 13 23 26 32 83 344 508 512 514 520 570 631 724 725 727 757 759 810 814 819 831 839 872 886 987 1009 1202 1439
926 725 790 847
927 475 514 724 814 817 886 901 1448
928 1 523 689 704 715 724 728 734 757 901 1053
929 2 9 11 105 164 236 283 514 523 607 618 672 723 738 743 811 816 823 828 835 869 1083 1305 1326 1684
930 83 475 523 728 752 881
931 1 13 324 516 523 618 725 728 737 789 805 810 819 903 1021
932 1 544
933 23 64 223 343 512 563 570 726 728 733 762 777 829 1217 1278 1454
934 607 786 815
935 0 7 12 13 14 472 473
937 9
939 958
940 2 563 757 1227
941 18 475 523 618 724 727 814 817 847
942 2 23 26 475 514 519 521 523 524 525 526 527 528 529 530 531 532 534 535 538 540 542 543 545 618 725 727 739 769 814 1113 1435
943 475 523
944 19 23 475 481 514 519 521 523 534 535 538 540 542 543 545 725 734 741 895 1510
945 1
946 2 23 475 517 523 724 752 757 777 886 901 1219
947 2 16 83 377 448 475 519 523 539 618 725 727 810 814 817 819 827 883 934
948 16 475 523 724 814 1474
950 2 4 6 18 21 25 26 28 32 80 181 283 286 344 378 487 512 515 520 521 544 570 577 592 607 618 689 726 733 744 747 750 754 784 787 790 812 823 830 836 841 853 873 894 959 1031 1379
951 501 902
952 1 2 8 11 15 16 23 25 26 28 32 64 80 83 164 198 201 223 268 283 293 343 344 354 377 394 398 425 487 508 512 513 514 515 516 517 518 519 520 521 522 523 534 535 538 540 542 543 545 548 563 570 571 574 584 591 607 618 621 630 661 665 689 715 722 723 726 728 729 730 739 743 752 754 765 768 769 770 777 780 786 788 789 790 807 810 813 814 815 816 819 821 823 833 836 837 839 841 855 859 871 874 895 931 934 941 961 978 983 1051 1056 1066 1141 1149 1208 1210 1232 1234 1237 1265 1274 1282 1308 1313 1369 1395 1396 1442 1471 1580 1631 1650 1843
953 16 343
954 2 16 23 25 28 343 344 394 512 513 514 515 516 517 518 519 520 521 522 770 789 815 821 879 1210
955 2 475 514 523 850
957 16 343
958 18
962 2 16 28 343 497 584 607 743 757 867
963 2 18 23 28 283 508 512 514 519 521 523 524 525 526 527 528 529 530 531 532 533 536 537 539 541 544 558 591 618 621 728 733 743 750 790 810 812 829 839 1558
964 2 4 11 23 26 164 324 344 500 501 502 508 512 513 514 516 517 518 519 520 521 522 523 535 540 542 560 563 570 579 580 581 582 583 584 585 586 587 599 604 716 725 727 728 757 777 814 815 818 847 849 851 914 985 1097 1202 1207 1246 1286 1329 1483
965 2 16 18 23 26 377 514 591 733 735 738 769 775 790 813 816 824 873 969 972
966 343 726
967 0 7 12 13 14 472 473
968 2 181 233 520 743 1021
969 1 2 11 23 26 32 344 475 514 519 520 523 524 525 526 527 528 529 530 531 532 537 539 542 599 604 689 716 724 725 727 739 747 752 769 790 823 849 944 965 1036 1113 1213 1241
970 2 23 26 591 735
971 2 16 23 28 343 344 394 512 513 514 515 516 517 518 519 520 521 522 563
972 475 512 544
974 1
975 1 11 27 459 509 510 512 517 520 563 570 733 737 804 810 826 837 879 916 1072 1090 1332 1419
976 2 9 16 23 28 344 394 512 513 514 515 516 517 518 519 520 521 522
977 1 26 475 725 851
978 2 32 592 725 810 847 934 955 1210 1224 1658 1858
980 1 475 523 558 618 725 727 728 757 814 817 826
981 9 472 738 757
982 1 2 18 32 64 181 283 324 544 563 668 716 728 730 733 736 737 743 750 752 769 777 788 790 811 823 828 836 839 856 863 868 871 873 901 926 1064 1071 1095 1096 1130 1189 1578
983 475
984 18 25 26 32 80 83 94 163 210 283 344 378 394 448 514 522 544 558 577 607 618 678 685 704 722 727 738 743 757 758 768 781 789 796 803 810 826 836 871 934 1303 1304
985 2 539 565 570 786
986 2 26 725 735 752 819 847 849 914 968 985 1213
987 475 523
988 2 18 19 20 23 25 26 31 32 210 481 482 489 490 497 514 519 521 534 535 538 540 542 543 545 563 592 593 594 595 596 607 618 725 728 733 735 743 780 810 875 914 985 994
989 475 514 523 565 724 725 727 737 757 809 914 985 1124
990 2 9 16 23 28 343 344 394 480 512 513 514 515 516 517 518 519 520 521 522 726 733 839
993 725
994 1 2 4 11 15 23 26 63 164 324 343 344 475 500 501 503 505 508 512 513 514 516 517 518 519 520 521 522 523 533 534 535 537 539 541 542 551 556 560 563 570 575 577 581 582 583 584 585 587 593 594 595 596 607 666 669 689 701 710 711 712 713 714 715 716 717 718 719 725 727 728 814 846 914 930 985 1207
995 475 523
996 12 13 14 15 23 344 472 473 512 513 516 517 518 520 521 522 525 527 529 532 535 539 540 556 557 558 559 560 561 562 563 565 566 568 570 571 575 576 577 593 594 595 596
997 1 2 11 18 23 28 92 139 156 283 286 344 354 377 378 439 475 508 512 514 519 521 523 524 525 526 527 528 529 530 531 532 533 534 535 536 537 538 539 540 541 542 543 544 545 577 618 650 689 701 724 726 727 728 737 743 752 777 790 801 809 814 816 817 819 823 832 833 835 837 839 846 856 863 874 881 883 895 901 945 959 975 983 1034 1042 1045 1056 1070 1083 1098 1111 1113 1123 1135 1154 1210 1211 1217 1223 1224 1258 1262 1265 1311 1344 1379 1414 1450 1485 1493 1533 1555 1659
998 853
999 0 2 7 12 13 14 16 23 28 31 210 343 344 394 419 472 473 474 512 513 514 515 516 517 518 519 520 521 522 525 527 529 532 535 539 540 548 556 557 558 559 560 561 562 563 564 565 566 567 568 569 570 571 572 573 574 575 576 577 578 607 650 728 769 832 839
1000 1 725 727 914 985 1097 1170
1001 1 344 475 523 538 618 715 728 738 752 757 786 817 819 832 853 863 875 883 1045
1003 1 539 563 689 757 775 814 815 817 1097
1004 1 2 11 18 23 25 26 28 31 32 80 83 139 181 223 268 283 324 341 354 394 398 475 512 514 519 521 523 524 525 526 527 528 529 530 531 532 533 534 535 536 537 538 539 540 541 542 543 544 545 558 577 592 607 618 650 689 724 725 727 728 731 733 734 737 738 743 750 752 777 789 790 803 809 810 811 814 815 816 823 826 828 832 834 839 846 853 881 931 945 1008 1034 1036 1053 1083 1087 1113 1210 1219 1224
1005 343
1006 475 523
1007 2 9 18 23 25 26 28 32 83 94 138 181 194 223 268 344 508 512 514 517 520 539 544 563 570 577 584 591 607 618 650 715 716 724 725 727 728 737 739 747 750 757 758 763 769 780 781 790 810 814 816 819 822 823 841 847 857 874 886 903 914 917 926 944 961 978 1071 1094 1211 1213 1400
1008 2 16 23 28 343 344 394 512 513 514 515 516 517 518 519 520 521 522 607 727 810 819
1009 2 16 23 28 343 344 394 512 513 514 515 516 517 518 519 520 521 522 523 560 584 701 724 725 727 728 734 752 814 817 839 847 859 886 914 1468
1010 839
1011 223 344 475 514 523 537 542 607 618 724 725 727 733 743 747 752 814 819 839 870 883 886 1068 1510
1012 1 2 18 25 26 28 64 80 83 139 156 283 344 512 514 518 519 523 570 577 591 607 618 725 733 738 750 752 759 769 777 788 790 810 811 814 815 816 819 823 826 827 828 835 839 846 859 860 863 873 880 881 885 886 900 1047 1077 1082 1083 1203 1210 1224 1234 1569 1697
1013 32 521 650 716 727 728 768 769 830 1247 1734
1014 475 523 725
1015 2 23 92 222 514 523 539 558 584 724 725 728 735 757 777 795 807 810 819 886 1213 1227
1016 2 16 225 226 508 757 780 801 863 871 941 978 1052 1224 1454
1017 26 77 118 139 341 475 512 514 523 539 542 544 570 618 619 631 723 724 743 750 757 790 810 811 823 846 847 863 959 968 1042 1098 1199 1371 1651
1018 9
1019 25 394 508 514 516 522 558 592 607 733 769 835 839 846 880 907 959 1210 1279
1020 9 343 725 757
1021 354 828
1023 28 725 727 735 747 814
1026 16
1027 2 5 6 11 18 21 25 26 28 32 50 94 105 236 283 344 475 478 518 519 522 523 558 584 592 598 607 618 631 689 715 716 725 727 750 757 758 769 796 803 810 812 819 821 827 855 871 873 885 986 1049 1061 1208 1228 1237 1257 1270 1279 1311 1370 1873
1028 475 523
1029 32
1030 2 16 23 28 343 344 394 512 513 514 515 516 517 518 519 520 521 522 563
1031 902
1032 13 163 448 514 777 783 818 839 1182 1358 1397
1033 2 18 20 23 25 26 32 210 482 497 518 521 540 592 790 796 810 1228 1402
1034 1 2 4 23 25 26 32 210 283 344 512 514 519 539 558 563 577 592 598 618 689 716 724 727 733 737 744 750 752 757 769 773 777 790 813 826 839 873 878 885 945 960 1049 1051 1265
1035 2 23 25 26 377 419 514 618 720 738 787 810 823 860 943
1036 19 23 475 481 514 519 521 534 535 538 540 542 543 545 570 724 819 839
1037 16 514
1038 26 409 433 725 727 789 790 814 847 1234
1039 344 475 514 523 689 1005
1040 0 7 12 13 14 16 23 210 344 419 472 473 512 513 514 516 517 518 519 520 521 522 523 524 525 526 527 528 529 530 531 532 534 535 538 539 540 542 543 545 548 556 557 558 559 560 561 562 563 564 565 566 567 568 569 570 571 572 573 574 575 576 577 578 814 827 831 846 911 925 1083
1041 2 11 16 23 26 92 156 283 377 394 508 514 537 538 587 607 674 711 734 742 750 759 769 777 783 790 810 811 816 819 823 827 839 846 893 895 907 917 919 932 959 962 997 1056 1064 1071 1148 1154 1182 1210 1234 1334
1042 1 2 16 23 28 344 394 475 512 513 514 515 516 517 518 519 520 521 522 523
1043 2 16 18 23 25 28 344 394 512 513 514 515 516 517 518 519 520 521 522 533 542 570 591 607 618 726 750 788 790 813 823 846 847 1208 1227 1381 1514
1044 1 2 18 19 23 25 26 28 80 83 217 283 289 344 409 475 481 508 514 516 518 519 521 523 534 535 538 539 540 542 543 544 545 591 607 618 689 724 725 727 728 734 735 737 742 752 757 758 763 769 777 786 790 801 804 810 814 819 839 847 849 883 886 901 904 913 915 924 959 968 970 985 1026 1035 1075 1097 1110 1126 1227 1242 1246 1289 1292 1341 1343
1045 1 2 23 31 32 54 64 83 92 94 139 225 226 324 377 419 475 508 514 517 519 521 523 534 535 538 540 542 543 544 545 584 591 607 618 689 701 727 728 733 743 747 748 752 757 769 783 786 790 809 810 812 813 815 819 823 834 839 843 849 867 939 959 978 983 1008 1071 1132 1282 1324
1046 475 514 523 695 724
1048 2 11 23 26 32 139 156 210 344 377 475 497 514 516 523 558 584 607 618 728 730 733 735 736 738 747 752 757 783 786 812 813 815 819 824 832 834 839 843 853 878 913
1049 2 26 83 344 475 508 516 520 523 539 575 577 618 725 727 743 752 777 790 807 814 817 823 941 961 1113 1132
1050 475 523
1051 83 520
1052 2 16 28 95 150 249 469 563 730 816 986 1057 1369
1053 11 23 343 475 512 514 519 521 523 524 525 526 527 528 529 530 531 532 533 534 535 536 537 538 539 540 541 542 543 544 545
1054 1 2 11 25 26 83 92 233 283 475 514 520 523 538 542 551 563 683 685 689 716 721 722 724 725 727 728 733 736 737 738 747 757 758 777 790 794 808 810 812 814 815 817 839 841 850 853 868 870 873 885 889 914 931 942 945 959 985 986 1015 1108 1110 1190 1212 1239 1256 1265 1286 1370 1562 1791
1055 18 28 156 210 514 519 523 538 542 592 607 618 689 722 733 743 750 777 790 809 823 874 917 975 981 1334 1696
1056 2 23 26 56 343 354 475 523 724 728 757 814 819 839 854 1053 1160 1168 1318
1057 2 4 11 23 26 28 128 164 324 344 475 500 501 502 508 512 513 514 516 517 518 519 520 521 522 523 535 540 560 570 579 580 581 582 583 584 585 586 587 726 733 790 839 867 873 894 996 1484
1058 2 83 728 922 1061
1059 475 523 570 577 584 724 725 814
1060 1136
1061 1 2 11 17 18 23 25 26 28 32 61 92 132 139 164 201 210 223 269 283 324 326 344 377 409 412 448 475 508 514 517 521 523 534 544 563 592 598 604 607 616 618 621 683 700 722 723 724 725 727 728 730 732 735 737 739 743 747 752 754 757 758 768 769 775 783 787 788 795 809 810 814 815 816 819 823 839 841 846 873 881 886 895 901 915 917 929 931 936 956 959 975 988 996 1035 1075 1102 1107 1111 1135 1198 1227 1243 1257 1364 1379 1433 1440 1460 1545 1792 1844
1062 181 788 810
1063 475 725 790 886 1311
1064 2 23 26 139 222 457 475 508 514 519 523 524 525 526 527 528 529 530 531 532 558 563 724 725 727 733 757 759 814 817 819 823 886 914 944 985 1246 1468
1065 1 2 16 23 26 28 344 394 512 513 514 515 516 517 518 519 520 521 522 524 525 526 527 528 529 530 531 532 618 728 817 828 839 944 1019 1036 1053
1066 83 814 839 841
1067 2 9 480 607 724 777
1068 1 2 5 11 13 17 19 20 23 25 26 28 64 83 92 181 268 286 307 473 475 481 497 508 512 513 514 515 519 521 522 523 534 535 537 538 539 540 542 543 544 545 546 547 548 551 571 579 584 591 598 604 607 618 631 714 716 724 725 727 728 733 734 736 737 743 747 749 750 752 754 757 758 763 764 769 770 773 777 783 786 790 801 809 810 811 814 817 819 827 831 835 839 845 846 847 849 859 863 870 875 881 886 895 901 926 944 945 949 968 975 983 1005 1034 1036 1045 1053 1067 1094 1097 1110 1112 1118 1123 1124 1126 1203 1204 1207 1213 1223 1246 1257 1311 1318 1376 1449 1463 1510 1525 1567 1638
1069 25 26 98 124 211 286 394 508 607 618 630 750 752 769 777 811 823 832 870 881 1212
1070 0 7 12 13 14 472 473 810
1071 0 7 12 13 14 472 473
1072 9 480
1073 716 724 727 789 810
1074 23 32 210 618 725 757 814
1075 268 514 542 701 721 728 736 738 810 813 868 895 945 1201 1490
1076 2 514 523 701 724 834 886 1136 1377
1077 11 64 509 733 810 837 841 879 895 1182 1369
1078 475 523 728 839 911 1285
1079 2 23 92 475 508 512 514 519 521 523 524 525 526 527 528 529 530 531 532 533 534 535 536 537 538 539 540 541 542 543 544 545 607 725 727 747 757 769 813 814 826 870
1080 21 475 514 523 725 752 775
1081 2 9 18 19 20 23 25 26 32 139 210 480 481 482 489 490 497 514 519 521 534 535 538 540 542 543 545 592 593 594 595 596 735 769 844
1083 1 2 16 23 25 26 28 32 64 223 283 343 344 394 457 512 513 514 515 516 517 518 519 520 521 522 523 524 525 526 527 528 529 530 531 532 539 544 584 607 618 631 650 678 716 724 725 727 728 734 737 742 743 752 754 758 777 786 803 809 810 814 817 819 822 828 836 839 854 874 885 940 944 1019 1036 1053 1060 1063 1110 1217 1239
1084 1 2 11 16 23 25 26 32 64 83 181 194 223 230 268 324 344 354 514 517 519 520 521 523 558 584 618 621 716 722 724 725 726 727 728 734 757 758 777 788 790 803 810 814 819 823 834 839 841 853 874 886 901 904 926 944 983 1019 1036 1053 1111 1208 1224 1248 1255 1285 1338 1357 1401 1510 1543
1085 563
1086 558 810 812 839
1087 1
1089 2 17 29 31 132 139 268 377 475 514 523 539 544 592 607 618 644 661 725 730 733 736 739 754 769 786 809 810 815 816 832 846 959 972 1024 1210 1308 1399 1438
1090 2 607
1091 9 475 480 508 523 607 810 835
1092 23 26 28 398 482 514 517 591 607 733 735 736 769 811 823 827 876 961 977 1083
1093 5 25 28 242 270 283 354 448 459 514 517 523 539 558 591 599 618 723 724 725 728 741 742 743 757 775 799 803 806 810 812 814 819 823 826 873 999 1011 1071 1147 1234 1326 1377
1094 2 16 23 26 28 344 394 512 513 514 515 516 517 518 519 520 521 522 551 777 900 1053 1210 1234
1095 4 343 354 501 503 505 512 513 515 516 518 520 521 522 523 534 539 560 563 577 581 607 645 666 669 725 790 811 847 914 985 1202 1224
1096 2 514 523 558 678 736 738 746 757 812 863 989 1329
1097 1 5 728 737
1098 2 9 16 23 28 64 283 343 344 394 497 512 513 514 515 516 517 518 519 520 521 522 560 563 618 743 832 929 930 1210 1341
1099 132 752 809
1100 1 2 32 344 475 508 514 520 523 539 558 577 678 716 724 725 727 737 757 809 814 815 819 823 857 896 1037
1101 2 475 523
1102 2 23 28 394 457 512 513 514 515 516 517 518 519 520 521 522 534 535 538 540 542 543 545 607 618 728 729 730 834 898
1104 1 2 15 17 18 23 25 26 92 164 178 210 268 283 289 324 344 457 475 508 514 516 523 538 539 542 544 563 577 585 591 607 618 654 689 715 716 724 725 726 727 728 734 737 741 742 743 747 757 758 763 769 773 777 801 807 809 810 814 819 820 823 829 839 847 849 863 879 883 886 924 941 961 985 986 987 1023 1049 1097 1104 1135 1199 1202 1203 1213 1239 1262 1282 1302 1822
1105 9
1106 0 7 12 13 14 472 473
1107 0 7 12 13 14 472 473
1108 9
1109 1 5 9 18 28 32 139 268 324 344 377 475 512 514 520 523 532 570 577 607 660 714 725 777 788 804 810 816 823 824 835 960 983 1023 1034 1132 1198 1254 1817
1110 1 2 16 23 28 343 344 394 512 513 514 515 516 517 518 519 520 521 522 563
1111 18 728 812 816
1112 1 2 28 473 475 514 520 534 558 607 689 726 728 752 810 814 817 839 853 936 942
1113 475
1115 9 23 26 377 515 534 678 733 735 812 828 894 1087
1116 2 25 26 475 514 520 560 724 733 737 757 814 926 1147
1117 16 283 343 839
1118 2 16 23 26 457 512 514 517 539 618 689 716 725 743 760 777 790 808 814 819 821 823 833 844 891 985 1037
1119 9 16
1120 2 20 343 514 769
1123 2 29 476
1124 2 23 64 156 223 457 514 519 524 525 526 527 528 529 530 531 532 539 542 544 607 725 727 743 747 752 757 769 777 790 809 814 819 823 826 832 846 870 914 965 985 1006 1019 1071 1094 1207 1234 1312
1125 9
1126 2 18 23 283 343 473 512 514 519 520 521 524 525 526 527 528 529 530 531 532 533 534 535 536 537 538 539 540 541 542 543 544 545 607 618 679 726 749 752 769 777 781 823 839 897 1016 1033 1063 1136 1198 1308 1399 1424
1127 0 7 11 12 13 14 18 23 31 94 210 343 344 419 459 472 473 512 513 514 516 517 518 519 520 521 522 525 527 529 532 535 539 540 548 556 557 558 559 560 561 562 563 564 565 566 567 568 569 570 571 572 573 574 575 576 577 578 733 752 826 832
1128 283 618 725 727 743 749 752 769 814 886 905 1136 1356
1129 727 856
1130 1 25 26 80 558 727 728 733 735 737 790 814 823 846 863 947
1131 9 23 83 344 618 752 757 786 787 901 1210
1132 2 343
1133 2 6 21 476 750 823 939
1134 16 343 497 726 738 1084
1135 2 29 377 476 484 810
1136 2 725 727 728 814 827 847
1137 2 11 15 26 32 64 83 216 268 283 344 361 394 457 514 517 519 523 532 538 539 607 621 689 722 730 739 743 750 752 757 763 769 790 810 811 815 819 821 831 835 836 846 876 879 881 903 917 1047 1186 1198 1211 1224 1234 1289 1416
1138 1 2 17 28 32 64 324 440 457 514 519 558 570 574 607 689 734 737 738 743 749 750 754 769 771 772 776 777 788 790 794 812 813 816 824 827 835 839 859 876 878 904 907 919 959 962 1071 1091 1126 1210 1234
1140 2 9 16 23 28 343 344 394 512 513 514 515 516 517 518 519 520 521 522 839
1141 26
1142 2 16 23 28 344 394 512 513 514 515 516 517 518 519 520 521 522 757
1143 2 9 16 23 28 343 344 394 512 513 514 515 516 517 518 519 520 521 522
1144 2 4 26 343 475 501 503 505 512 513 516 518 520 521 522 523 534 539 544 560 563 581 607 666 669 725 790 847
1145 2 29 476 484 514 618 725 727 747 769 810 819 1005 1665
1146 475 523
1148 11 28 50 508 514 517 521 542 563 618 725 727 750 769 815 823 847 874 914 1088 1104 1692 1712 1823
1149 2 16 23 28 283 344 394 429 473 512 513 514 515 516 517 518 519 520 521 522 524 525 526 527 528 529 530 531 532 533 534 535 538 540 542 543 545 558 560 563 570 571 577 607 728 777 781 794 815 839 911 931 1074 1285 1308
1151 0 7 12 13 14 472 473
1152 23 344 514 519 521 524 525 526 527 528 529 530 531 532 534 535 538 540 542 543 545 607 725 769 810
1153 1 2 5 16 18 23 25 26 28 46 48 83 94 101 132 180 181 194 228 283 300 344 354 358 365 369 377 396 427 508 514 515 517 523 539 544 558 563 577 580 584 599 600 604 618 621 636 700 704 724 725 727 729 737 741 743 750 752 757 758 763 764 768 769 773 780 786 789 790 792 794 795 807 809 810 814 815 819 823 833 883 886 926 934 938 983 1015 1021 1023 1051 1071 1107 1113 1136 1140 1202 1213 1227 1235 1236 1237 1265 1282 1337 1341 1344 1348 1364 1382 1418 1487 1495 1501 1543 1557 1652
1154 2 23 324 344 475 512 513 514 516 517 518 519 520 521 522 539 540 560 570 579 580 581 586 587 675 676 678
1155 475 523 817
1156 343 809
1158 2 4 11 15 23 26 164 283 324 344 500 501 502 512 513 514 516 517 518 519 520 521 522 523 535 539 540 542 560 563 570 579 580 581 582 583 584 585 586 587 604 725 727 739 819 823 847 914 924 985 1097 1202
1159 563
1161 16
1162 344 514 618 819 1005
1163 0 7 12 13 14 472 473
1164 19 481 618 839 1332
1166 1 2 16 23 28 343 394 409 459 473 508 512 513 514 515 516 517 518 519 520 521 522 523 524 525 526 527 528 529 530 531 532 534 539 542 563 571 607 618 689 725 727 733 735 743 747 752 763 777 790 814 817 819 829 835 839 849 870 886 891 983 1192 1241
1167 2 23 32 210 377 514 538 591 592 607 733 738 775 810 816 832 855 857 873 895 1022 1127 1128
1168 1 2 9 16 17 18 23 26 28 50 83 196 230 276 283 324 377 394 455 512 513 514 515 516 517 518 519 520 521 522 533 537 539 558 607 618 619 695 715 716 720 724 725 727 728 733 735 736 742 743 750 752 769 787 790 809 814 819 823 873 881 886 901 956 959 968 1071 1210 1234 1311 1363 1440
1169 1 2 11 18 23 25 26 28 32 48 50 94 156 201 210 233 283 324 344 378 478 497 508 514 519 520 521 522 523 533 537 542 544 556 577 591 592 606 607 618 689 714 716 720 723 727 728 733 734 744 750 754 769 775 787 788 790 796 803 810 813 815 816 823 829 830 836 855 858 871 872 929 936 955 1054 1061 1066 1092 1094 1098 1129 1153 1206 1228 1250 1253 1297 1376 1383 1457
1170 9 16 487 752
1171 20
1172 959
1173 618
1174 1 2 16 17 23 25 26 28 32 64 94 108 139 156 201 236 268 276 283 324 344 377 394 508 512 513 514 515 516 517 518 519 520 521 522 523 533 537 538 539 551 558 563 570 592 607 616 618 689 704 714 716 723 724 725 727 728 730 733 737 738 742 743 749 750 752 754 757 765 769 771 777 783 786 788 790 809 810 811 814 815 816 818 819 823 827 828 839 842 844 845 846 859 874 877 878 879 880 881 886 904 907 911 914 917 919 931 937 943 959 962 985 997 1015 1024 1027 1030 1071 1074 1076 1088 1107 1154 1182 1198 1203 1210 1224 1232 1279 1285 1325 1334 1747
1175 343 887 902
1176 2 16 18 23 26 42 223 251 343 514 520 560 607 618 733 743 758 813 821 886 900
1177 2 23 236 268 283 344 377 508 512 514 517 519 534 544 563 607 631 731 733 736 737 743 747 750 752 769 788 790 810 815 821 823 845 862 863 873 945 1042 1083
1178 26
1179 1 2 5 18 23 25 26 28 50 194 201 341 344 350 377 487 514 518 519 520 523 538 544 558 566 570 577 592 610 618 667 678 689 698 715 723 724 728 733 735 738 767 769 775 781 786 789 794 796 803 804 810 816 822 823 826 827 828 836 839 849 878 994 1012 1042 1079 1082 1083 1156 1222 1224 1228 1526 1668 1705
1180 2 4 18 23 25 26 28 457 514 523 532 544 571 598 618 689 714 715 716 735 767 777 781 787 789 790 799 803 810 934 1079 1208 1748
1181 1 6 18 21 28
1182 2 6 21 23 26 32 139 283 293 344 512 513 514 516 517 519 520 522 534 535 539 556 560 575 581 588 589 590 591 618 668 672 689 727 737 742 743 752 757 769 775 777 790 794 810 829 841 845 849 863 871 873 879 913 915 922 939 969 978 1128 1141 1227 1234 1436
1183 9 26 83 457 598 618 689 885 1099 1111
1184 26 475 523
1188 94 459 607
1189 2 618 724 733 839
1190 725 727 757 851 985
1191 2 16 23 28 343 344 394 512 513 514 515 516 517 518 519 520 521 522
1192 2 9 16 18 23 26 28 31 32 64 83 324 343 344 394 459 480 497 508 512 513 514 515 516 517 518 519 520 521 522 560 563 570 574 584 607 618 630 631 636 645 661 676 679 722 726 730 743 745 749 754 770 777 780 790 794 814 823 828 832 839 842 873 903 929 1030 1051 1083 1210 1234 1265 1282 1308 1348 1353 1440 1607
1194 2 23 26 487 716 724 725 733 742 747 819 839
1195 9
1197 9 23 26
1198 618 790 839 854
1199 419 514 591 598 837 1031
1200 2 18 19 20 23 25 26 32 210 481 482 489 490 497 514 519 521 534 535 538 540 542 543 545 592 593 594 595 596 839
1201 8 15 18 19 23 25 26 32 139 344 354 482 514 523 537 544 558 689 714 716 727 733 734 735 736 738 742 752 769 786 810 814 815 823 824 839 876 880 881 915 1018 1485
1202 475 514 523 689 823 1184
1203 1 2 4 5 6 18 21 26 409 457 475 485 514 539 591 716 728 752 816 874 889
1204 0 2 7 12 13 14 28 472 473 631 810
1205 2 92 377 476 484 812 815 816 845 1153
1206 740 816
1207 2 17 181 523 558 618 714 728 769 810 819 839 1224
1208 2 16 23 28 344 394 475 512 513 514 515 516 517 518 519 520 521 522 523 724 725 736 738 747 786 814 1298
1209 1168
1211 11 18 83 156 283 512 514 523 539 570 607 667 689 714 731 737 754 790 810 812 823 829 833 839 841 1052 1057 1755 1823
1212 538 689 727 728 734 738 790 794 819 846 1307
1213 17 28 48 83 457 475 558 604 619 733 743 769 773 815 852 863 875 1023 1193 1257
1214 0 7 12 13 14 472 473
1216 1 23 409 475 508 523 584 618 724 725 727 728 747 752 757 810 814 819 847 886 891 914 980 985 1035 1097 1203 1440 1463
1218 1 2 83 475 514 516 520 523 618 716 727 746 759 769 814 819 1071
1219 16 17 94 343 457 497 512 514 563 570 645 689 729 733 742 743 766 777 780 786 790 810 828 833 888 959 1399 1581 1650 1750
1220 2 16 23 28 344 394 409 512 513 514 515 516 517 518 519 520 521 522 814 819
1221 16 343
1222 16 343
1223 1 2 23 26 73 116 222 396 512 521 522 523 539 570 584 618 650 724 725 728 741 750 757 769 771 780 781 790 808 814 819 886 1377 1465
1224 1 2 13 15 16 20 23 28 56 83 99 181 276 293 343 344 427 465 475 508 512 514 520 523 570 591 607 618 619 727 733 737 743 777 813 832 839 859 890 913 979 1224 1425 1678
1225 2 5 11 13 16 23 28 181 344 394 475 508 512 513 514 515 516 517 518 519 520 521 522 523 537 598 616 724 725 747 752 757 759 769 808 810 814 828 938 994 1210
1228 9 810
1230 1 2 5 11 13 15 17 19 23 26 28 64 92 126 132 139 156 172 181 230 268 283 324 343 377 398 448 461 508 512 514 515 517 520 521 523 538 539 570 577 580 591 607 616 645 650 689 695 700 716 723 725 726 727 728 729 730 732 736 739 741 743 746 750 752 758 762 769 774 777 781 783 786 790 794 795 798 809 811 813 814 815 816 823 828 839 841 845 846 859 876 881 886 902 911 915 918 926 934 959 975 996 1027 1042 1056 1058 1066 1098 1140 1145 1198 1204 1234 1236 1257 1265 1281 1285 1341 1369 1371 1387 1405 1438 1467 1566
1231 16 23 283 487 508 514 519 521 534 535 538 540 542 543 545 724 738 763 1343
1232 9 18 83 222 475 539 752 769 814 827
1233 2 16 23 28 343 344 394 508 512 513 514 515 516 517 518 519 520 521 522
1234 16 497
1238 21
1239 9
1241 520 650 837 971
1242 520 607 725 727 728 839
1243 343 618 815
1245 728 752 769 839 1081 1119
1246 23 25 26 142 283 514 519 607 704 725 733 735 736 738 750 752 790 810 811 839 874 876 893 994 1210 1219 1234 1447 1467 1758
1247 9 542 607 727 810 834
1248 475 508 523 747 781
1249 1 17 28 32 64 139 181 268 283 324 377 398 508 514 574 584 607 616 619 722 727 728 739 743 749 756 760 777 789 804 810 813 823 833 842 852 856 895 961 988 1016 1047 1083 1193 1208 1308 1363 1399 1440 1458 1511 1578 1581 1584
1250 16 343 1455
1251 26 591 618 742 775
1252 0 7 12 13 14 472 473
1253 2 16 23 28 343 344 394 512 513 514 515 516 517 518 519 520 521 522 563 839 1265
1254 23 733 737 775 777 804 816
1255 343
1257 18 544 592 685 757 790 1071
1259 83 607 725 730 763 777 849 960
1260 1 2 18 236 520 523 618 646 720 721 783 873 997 1016 1019 1182
1261 2 16 23 26 28 181 343 344 394 512 513 514 515 516 517 518 519 520 521 522 539 563 618 728 752 757 801 844 888 1019
1262 570 738 887 1090
1263 2 18 591 695 733 738 775 813 816 824 832 1349
1264 463 514 607 752 759 955 1583
1265 1 2 344 475 523 542 563 725 727 737 743 814 847 914 924 985 986 1213 1483
1266 2 4 6 11 13 18 21 23 25 26 28 32 59 64 88 89 92 94 130 198 210 247 257 283 287 315 341 344 362 366 377 378 394 399 400 473 512 513 514 516 517 520 522 523 534 535 537 539 542 544 556 558 560 574 575 581 585 587 588 589 590 591 592 618 619 678 685 700 716 743 750 754 764 787 796 802 810 812 839 841 853 878 894 895 934 936 986 1011 1023 1031 1084 1204 1208 1228 1510 1513 1710
1269 9 16 343
1270 32 83 222 412 475 523 630 722 725 743 769 814 874 879 901 960 978 1085 1224 1228 1234 1419
1271 1 2 5 18 23 25 26 28 32 56 64 83 94 132 148 268 283 286 343 344 354 457 459 473 475 508 514 516 517 521 523 534 538 551 558 570 571 577 591 598 607 618 631 668 689 701 704 711 714 716 720 724 725 727 728 729 733 734 735 736 737 738 740 743 747 750 752 754 757 769 777 786 787 790 796 801 803 804 809 810 813 814 816 819 823 834 836 839 841 846 847 849 863 871 873 901 917 922 925 926 945 955 1027 1034 1049 1051 1053 1057 1081 1083 1087 1108 1111 1113 1119 1123 1203 1254 1257 1285 1331 1375 1404 1440 1570 1581
1272 475
1273 2 23 26 354 475 508 539 689 716 724 731 757 769 777 810 814 841 846 847 849 880 892 925 937 945
1274 475 734
1275 2 475 523 724 725 728 743 757 777 790 814 817 886 914 985
1276 1 2 16 23 28 343 344 394 512 513 514 515 516 517 518 519 520 521 522 668 701 790 1559
1277 475 725
1278 475 523 539 551 819 885 1215
1279 16 343 542 725 727 747 886 914 985
1280 475 523 1056
1281 2 139 343 377 514 519 539 591 607 733 739 752 769 786 809 815 826 959 978
1282 0 1 2 7 12 13 14 16 23 28 64 210 343 344 394 419 457 472 473 512 513 514 515 516 517 518 519 520 521 522 525 527 529 532 535 539 540 542 548 556 557 558 559 560 561 562 563 564 565 566 567 568 569 570 571 572 573 574 575 576 577 578 607 728 733 736 737 738 755 769 777 814 832 839 846 911 945 983 1046
1283 2 9 23 156 344 512 513 516 517 520 522 527 535 538 539 556 557 560 566 570 575 577 607 726 728 743 769 786 835 875 1019 1083 1113
1284 534
1285 2 20 476 484
1286 475 523 544 810 812
1287 0 7 12 13 14 472 473 514 733
1288 0 7 12 13 14 472 473
1290 26 829
1291 83 724 728 757 1213
1293 884
1294 514
1295 563
1296 23 475 512 513 514 519 521 522 523 539 587 675 676 678 714 724 737 810 814 815 941
1297 0 7 12 13 14 472 473 823 1228
1298 2 16 23 28 343 344 394 512 513 514 515 516 517 518 519 520 521 522 570 607 733 775 917
1299 475 523
1300 1 2 14 23 26 83 210 283 354 475 514 516 523 558 570 599 618 701 715 728 734 737 752 786 811 814 819 831 1016 1102 1129 1207 1234 1316 1401 1544
1301 11 725 847 886 914 985 1189
1303 21 23 475 512 513 516 517 520 522 523 534 535 539 556 560 575 581 588 589 590 591
1304 724 809 815
1305 2 16 23 25 26 28 343 344 394 475 512 513 514 515 516 517 518 519 520 521 522 523 570 618 726 733 738 741 769 839 860 873
1306 1 2 23 26 324 354 508 514 519 521 523 524 525 526 527 528 529 530 531 532 534 535 538 539 540 542 543 545 607 618 701 716 725 727 728 750 752 757 769 790 810 814 815 819 839 886 943 1113
1307 1 28 132 398 515 607 711 730 733 739 743 749 769 804 839 923 959 975 1085
1308 23 26 344 558 618 716 733 735 777 942
1309 16 132 607 729 730 809 815 959 975 1011
1311 2 16 23 28 343 344 394 475 512 513 514 515 516 517 518 519 520 521 522 523 570 726 790 1049 1648
1312 1 2 23 26 83 164 324 459 473 475 508 514 520 523 539 574 618 678 724 725 727 733 737 738 743 750 769 790 810 814 817 819 820 823 863 871 873 883 934 1006
1313 9 570 618 839
1314 2 18 19 20 23 25 26 32 210 481 482 489 490 497 514 519 521 534 535 538 540 542 543 545 592 593 594 595 596 607 876
1315 2 18 28 94 354 518 577 757 775 790 814 815 836 849 895 957
1316 2 4 63 343 381 475 500 501 503 505 508 523 539 542 650 725 727 733 819 839 846 847 985 1097 1113 1207
1317 16 903
1318 23 156 343 344 475 508 512 513 516 517 520 522 523 527 535 539 542 556 557 560 566 570 575 577 727 747 757 763 769 783 790 816 828 839 853 901 914 985 1061 1150 1213 1617 1812
1320 28 83 598 618 788 859 864 872 873 957 1130
1321 19 23 26 416 482 574 591 654 734 738 757 794 839 889 1773
1323 1 2 16 23 28 208 344 394 475 512 513 514 515 516 517 518 519 520 521 522 523 540 558 560 563 569 570 577 593 594 595 596 670 724 786 819 886
1324 520 604 873
1325 2 18 21 23 28 479 512 513 516 517 520 522 534 535 539 556 557 560 575 581 588 589 590 591 1257
1326 1 2 23 26 83 283 475 514 517 518 520 523 533 539 551 558 563 604 607 631 689 715 724 725 727 728 736 741 742 750 757 758 769 777 824 846 847 881 901 903 926 940 949 1023 1110 1167 1213 1224 1257 1311 1468 1666
1327 879
1328 0 2 7 12 13 14 23 210 344 419 472 473 512 513 514 516 517 518 519 520 521 522 525 527 529 532 535 539 540 548 556 557 558 559 560 561 562 563 564 565 566 567 568 569 570 571 572 573 574 575 576 577 578 769 875
1329 118 344 514 533 598 674 715 939 1077 1554
1330 1 725 886 985 1170 1213 1227
1331 901
1332 1 2 23 26 64 514 537 539 551 607 689 711 715 724 728 734 736 777 810 828 871 878 945 999 1009 1011 1053 1056 1078
1333 1 475 523
1334 475 523
1335 475 523 725
1336 87 251 644 1113
1337 2 475 724 757 1227
1339 13 475 539 577 724 727 735 757 777 790 814 1246
1340 9
1341 1 689 728 814
1342 733
1344 343
1345 9 786
1346 789
1347 16 343 607 689
1350 711
1351 0 2 7 12 13 14 23 472 473 523 563 823
1352 2 25 26 512 514 519 523 563 570 571 577 587 592 607 618 689 715 725 726 734 754 757 758 769 777 783 788 790 810 815 816 823 835 839 885 894 895 922 978 997 1003 1013 1014 1094 1132 1361 1423
1353 9 18 591
1355 16 343
1356 475 523
1357 733
1358 475
1359 1 2 6 11 21 23 26 32 83 92 94 223 283 377 459 475 508 512 513 514 516 517 518 519 520 521 522 523 524 525 526 527 528 529 530 531 532 533 534 535 536 537 538 539 541 542 544 556 560 563 565 571 575 577 581 584 588 589 590 591 619 678 685 689 695 701 714 721 722 726 727 728 729 730 736 737 743 769 773 780 786 790 809 814 815 823 826 828 834 845 862 879 881 895 929 931 978 1094 1123 1129 1234 1256 1305 1441 1447 1537 1599
1360 1 23 25 26 32 514 519 607 716 733 735 738 769 810 814 816 823 839 876 961
1362 1 2 11 14 28 32 181 377 497 508 514 516 517 520 521 522 523 544 563 570 571 577 591 592 618 714 725 727 728 733 750 757 761 769 781 790 810 812 814 827 835 839 853 863 871 873 931 936 1083 1174 1203 1204 1257 1265 1289 1325 1508 1513 1566 1686
1363 2 16 23 28 343 344 394 512 513 514 515 516 517 518 519 520 521 522
1364 2 9 16 23 28 139 344 394 512 513 514 515 516 517 518 519 520 521 522 537 737 752 757 769 823 1210
1365 344 475 523 607 695 725 775 814 818 819 839 886
1366 343
1367 1 2 9 16 23 28 343 344 394 480 497 512 513 514 515 516 517 518 519 520 521 522 587 607 618 723 728 839 880 957 1217 1654
1368 2 16 23 28 343 344 394 512 513 514 515 516 517 518 519 520 521 522 563 618 839 867 882 895 1311
1369 1 23 343 475 508 514 519 523 524 525 526 527 528 529 530 531 532 542 563 618 619 663 689 725 727 737 747 752 777 809 814 815 828 849 1020 1126
1370 1 2 16 18 19 20 23 25 26 28 32 64 92 235 268 279 283 286 344 378 394 421 429 431 457 473 475 508 512 513 514 515 516 517 518 519 520 521 522 523 524 525 526 527 528 529 530 531 532 534 535 537 538 539 540 542 543 544 545 546 547 548 551 556 558 563 571 574 575 577 584 591 592 599 600 604 607 618 645 679 689 695 700 704 716 724 725 726 727 728 730 733 734 735 737 743 744 747 752 754 757 758 763 769 772 777 786 787 790 808 810 811 814 817 819 823 828 833 835 839 846 849 857 859 862 863 870 873 881 886 887 890 901 903 904 910 911 913 914 915 925 926 940 945 1019 1023 1025 1030 1045 1053 1060 1063 1066 1067 1075 1108 1113 1115 1182 1198 1201 1208 1236 1239 1256 1257 1265 1285 1290 1308 1393 1423 1442 1471 1544 1559 1575 1636 1638 1800
1372 9
1374 11 344 523 539 725 758 837 841 883 914 1001
1375 343 475 523 725 727 847 850
1376 377 514 517 558 591 598 607 689 715 752 769 790 839 878 1193
1377 9 728 810 847
1378 1 2 16 23 26 28 83 92 283 343 344 354 377 394 429 459 512 513 514 515 516 517 518 519 520 521 522 534 535 538 540 542 543 544 545 563 571 577 584 592 607 618 711 724 727 728 734 735 741 742 743 754 759 773 777 781 786 788 789 810 813 814 815 819 823 826 829 839 841 846 859 873 879 891 899 922 936 957 1049 1083 1086 1202 1274 1282 1394 1442 1772
1379 2 16 18 23 28 32 283 343 344 394 508 512 513 514 515 516 517 518 519 520 521 522 539 544 607 630 641 654 700 701 722 726 727 728 730 743 768 777 790 810 814 818 828 835 839 841 843 846 891 929 1049 1149 1198 1239 1274 1332 1394 1636 1772
1380 2 16 23 28 343 344 394 512 513 514 515 516 517 518 519 520 521 522 837 841 936 1023
1381 16 343
1382 2 16 23 28 343 344 394 508 512 513 514 515 516 517 518 519 520 521 522 544 607 728 743 757 777 781 790 815 837 1167 1193
1384 2 236 816
1385 9 30 788
1386 16
1387 9 810 812
1388 0 7 12 13 14 16 343 472 473 839
1389 9
1390 23 25 64 163 457 512 514 519 521 524 525 526 527 528 529 530 531 532 533 534 535 536 537 538 539 540 541 542 543 544 545 607 783 818 839 874 890 1182 1334 1813
1391 895
1392 23 343 475 523 539 725 727 757 847
1394 2 16 23 28 343 344 394 512 513 514 515 516 517 518 519 520 521 522
1395 343
1396 0 1 2 5 7 12 13 14 15 16 17 20 23 26 28 31 32 56 61 72 80 121 152 156 161 164 210 221 251 268 276 283 321 343 344 354 381 394 398 419 422 457 472 473 474 511 512 513 514 515 516 517 518 519 520 521 522 525 527 529 532 533 534 535 538 539 540 541 542 543 545 546 548 556 557 558 559 560 561 562 563 564 565 566 567 568 569 570 571 572 573 574 575 576 577 578 583 593 594 595 596 602 607 609 612 613 614 615 617 619 620 621 622 623 624 625 626 627 628 629 630 631 632 633 634 650 661 726 728 733 743 754 759 768 781 790 812 816 823 828 832 839 863 877 890 922 957 986 1054 1075 1166 1258
1397 2 584 724 725 746 769 827 886 1213
1398 0 7 12 13 14 472 473 650 832
1399 1 2 13 14 23 26 63 64 83 139 181 283 344 394 459 508 514 517 520 523 539 542 544 563 618 689 716 724 725 727 728 737 747 752 754 757 763 769 786 801 809 810 814 815 819 846 847 849 875 876 883 886 901 913 914 925 934 938 941 944 985 1035 1097 1118 1199 1202 1246 1368 1395 1445
1400 2 23 83 512 514 519 521 524 525 526 527 528 529 530 531 532 533 536 537 539 541 544 689 728 758 769 777
1401 20
1402 9 475 480 508 523 839
1403 2 16 23 28 343 344 394 512 513 514 515 516 517 518 519 520 521 522 563
1405 2 475 523 814
1406 15 331 542 591 716 777 814 826 828 830 879 947 965 1090
1407 16 343 475 728 757 769 831 839 846 863
1408 6 10 21 23 32 157 158 159 210 293 493 512 513 516 517 520 522 534 535 539 556 560 575 581 588 589 590 591
1409 5 6 10 18 21 23 28 32 94 493 512 513 516 517 520 522 523 534 535 539 548 556 558 560 575 581 588 589 590 591 592 598 618 678 736 788 790 855 955
1410 6 10 21 32 493
1411 6 10 21 32 493
1412 6 10 21 23 32 493 512 513 516 517 520 522 534 535 539 556 560 575 581 588 589 590 591
1413 2 6 10 18 21 28 32 83 94 276 324 378 493 508 514 523 539 542 563 571 591 592 618 636 689 695 714 727 743 746 750 752 757 769 787 790 812 823 841 873 986
1414 6 10 21 23 32 493 512 513 516 517 520 522 523 534 535 539 556 560 575 581 588 589 590 591 689 726 733 738 758 777 788 873 903 934 1250
1415 6 10 21 32 493
1416 344 475 523 607 725 727 752 790 801
1417 727
1418 1 2 475 508 517 523 660 716 725 727 752 757 810 847 985 1839
1419 18 475 523 539 563 725 727 819 823 847 914 985
1420 1 2 16 23 28 344 394 475 508 512 513 514 515 516 517 518 519 520 521 522 523 689 724 727
1421 475 886
1422 9
1425 32
1426 269
1427 16 108
1428 16 429
1429 32
1430 125
1431 32 108 293
1432 1 2 11 17 18 23 25 26 28 31 32 33 48 50 80 83 92 94 156 164 210 223 233 276 286 293 324 344 378 448 508 512 514 515 516 517 518 519 520 521 522 523 537 538 539 542 544 545 551 556 558 560 563 570 571 575 577 591 592 598 604 607 618 661 667 678 689 701 712 715 721 723 724 725 726 727 728 730 733 735 736 737 738 742 743 744 747 750 752 754 757 758 759 769 773 777 781 784 786 787 789 790 804 808 809 810 815 816 818 819 820 821 823 825 827 829 836 837 839 840 841 846 847 848 850 851 854 859 860 861 873 876 878 879 883 885 886 891 895 916 931 943 945 954 959 960 982 983 992 994 1016 1023 1045 1054 1070 1071 1079 1082 1092 1103 1126 1141 1166 1175 1191 1203 1257 1265 1268 1283 1322 1376 1379 1387 1394 1400 1441 1470 1569 1641 1874
1433 1 2 3 11 15 17 18 25 26 28 64 83 92 118 139 156 164 263 283 324 344 370 377 378 394 459 478 508 514 515 516 517 518 519 520 523 538 539 542 563 577 591 607 610 618 621 644 661 689 724 725 727 728 730 735 736 737 738 739 741 743 747 749 752 757 758 759 764 768 774 775 777 780 783 786 788 789 790 795 809 811 814 815 819 820 821 823 830 835 836 839 841 846 849 850 870 873 874 881 883 885 886 921 942 959 985 996 1032 1033 1049 1051 1056 1075 1083 1139 1170 1204 1213 1224 1251 1257 1262 1265 1376 1379 1388 1471 1565 1694
1434 8 15 19
1435 71 304
1436 2 4 28 59 92 130 164 181 223 247 257 268 283 344 366 399 400 457 487 497 514 518 520 522 523 598 618 636 689 768 777 812 848 853 857 936 1023 1080 1204 1257 1358 1369
1437 250 293 464
1438 439
1439 293
1440 17 23 26 28 108 218 457 592 618 727 733 738 750 752 790 823 873 957 1098
1441 29 134 325 334
1442 1 2 18 23 25 26 28 32 35 50 63 92 153 154 155 210 223 283 286 344 378 394 398 448 457 478 508 512 514 516 517 520 521 523 533 537 538 539 542 544 548 558 560 570 571 577 584 591 592 598 607 618 631 644 660 663 678 683 685 689 698 714 716 720 726 736 737 738 742 743 744 747 749 752 754 757 758 769 773 775 777 786 789 790 794 796 801 803 807 808 810 815 818 821 823 826 827 828 829 831 836 855 857 873 878 888 892 894 895 931 934 939 942 945 953 957 959 961 967 986 987 1000 1023 1034 1042 1053 1071 1079 1082 1083 1094 1103 1115 1126 1128 1141 1147 1153 1208 1234 1262 1308 1389 1524 1622 1640
1443 32
1444 293
1445 61 210 468
1447 13 32 64 129 180 228 244 255 273 285 300 338 410
1448 85 87 149 251 327 415
1449 42 64 207 241 258 432
1450 64 207 258
1451 98 124 211
1452 13 14 39 43 126 184 259 261 280 425
1453 171 415
1454 311 354 355 450
1455 397
1456 189
1457 293
1458 277 278
1459 429
1460 429
1461 29 134 325 334
1462 21 218
1463 1 2 26 32 64 76 83 118 139 198 290 370 512 514 521 523 532 539 577 584 604 646 661 700 701 716 724 725 727 728 754 758 759 777 787 814 817 819 839 846 847 886 901 928 940 985 986 1023 1134 1204 1213 1218 1237 1257 1296 1311 1400 1502 1523 1557
1464 1 2 4 18 23 25 26 28 32 50 61 64 83 118 201 223 233 354 378 448 512 514 517 519 520 521 523 528 533 534 537 538 539 542 544 551 556 558 570 571 577 584 591 592 598 599 604 607 610 618 631 636 661 663 672 678 683 685 689 704 714 715 716 720 723 727 728 733 736 737 738 742 744 746 750 754 758 759 768 769 777 783 787 789 790 801 803 807 810 818 821 827 828 829 836 839 840 841 855 871 873 874 878 885 889 894 895 913 931 934 938 939 942 945 953 963 979 986 987 999 1000 1003 1031 1034 1042 1045 1046 1049 1051 1071 1079 1083 1085 1094 1131 1153 1180 1182 1208 1221 1232 1246 1259 1334 1400 1799 1806
1465 15 28
1466 11 18 25 26 28 32 210 283 293 324 394 497 517 520 523 544 563 592 598 618 700 733 743 754 784 787 790 815 818 821 826 839 841 871 874 931 934 1049 1061 1075 1145 1150 1265 1278 1331 1396
1467 217
1468 12 13 19 32 57 64 216 230 293 416 425 454
1469 1 2 23 26 28 188 265 344 394 512 513 514 515 516 517 518 519 520 521 522 527 535 539 540 546 556 557 560 563 566 570 575 577 581 593 594 595 596 605 609 612 613 614 615 617 667 672 673
1470 29 134 325 334
1471 293
1472 14 15 343
1473 132 293
1474 15 437
1475 1 26 207
1476 32
1477 439
1478 29 32 35 134 135 210 325 334
1479 337
1480 1 2 5 11 15 18 23 25 26 28 32 48 50 61 80 82 83 91 94 194 198 210 222 223 233 236 251 276 283 324 344 378 406 433 448 457 478 487 508 512 514 515 519 520 521 522 523 533 537 538 539 542 544 551 558 560 563 570 577 591 592 598 604 607 608 618 627 631 636 661 683 689 712 714 715 716 723 725 728 729 730 731 739 744 750 754 759 768 769 787 788 790 796 803 810 811 814 817 819 821 823 828 829 830 835 841 847 853 855 858 871 872 873 874 878 879 885 888 889 895 903 908 909 913 934 942 982 986 1023 1034 1051 1054 1061 1071 1075 1083 1090 1092 1129 1171 1193 1196 1201 1204 1206 1220 1221 1224 1228 1233 1237 1250 1257 1282 1328 1336 1340 1370 1389 1398 1404 1443 1467 1501 1562 1627 1695 1708 1734 1735
1481 245 246 272
1482 187 252 282 313 453
1483 312 460
1484 1 2 18 25 28 32 83 92 94 210 222 240 283 344 419 457 514 518 520 522 523 558 571 577 592 598 618 636 695 714 730 768 769 777 788 790 792 796 801 810 819 823 832 841 846 871 872 874 878 891 917 934 957 986 1061 1111 1123 1135 1136 1228 1363 1409 1598 1659 1710
1485 32
1486 62 156 193 237 333 345 463
1487 255 256
1488 167 196 230
1489 2 25 26 80 83 92 378 512 514 563 570 571 577 604 607 618 678 704 715 726 736 742 743 758 788 790 810 811 850 922 979 1013 1023 1039 1132 1178 1183 1257 1332 1341 1361 1566 1624
1490 19 40 456
1491 2 26 32 83 139 156 223 283 286 344 377 378 508 514 517 518 519 520 539 548 563 571 607 618 704 714 724 725 727 730 735 739 747 750 752 757 769 786 790 795 809 810 811 813 814 815 816 821 832 834 835 870 899 929 953 959 977 1005 1015 1131
1492 152 455
1493 230 280 428
1494 2 11 18 23 26 28 32 132 164 233 268 283 344 355 418 518 523 558 563 592 618 714 726 730 743 750 754 757 769 773 787 790 810 818 819 823 829 833 899 936 957 994 1015 1049 1166 1196 1198 1257 1533 1710
1495 68 100 119 122 127 143 162 171 179 202 219 248 293 301 336 359 396 415 452 454
1496 50 51 85 87 136 149 188 205 217 251 298 327 415
1497 35
1498 255
1499 15 92 514 1198 1393
1500 23 32 293 344 356 443 444 512 513 516 517 518 520 521 522 527 535 539 540 556 557 558 560 563 566 570 571 575 577
1501 431
1502 35
1503 3 83 142 283 324 425 459 508 514 520 523 560 574 579 591 607 689 743 754 760 765 770 839 851 859 983 994 1033 1107 1208 1293 1381 1458
1504 64
1505 1 2 23 25 26 28 32 64 68 76 83 100 123 132 156 162 164 179 198 231 248 260 268 274 283 289 307 396 457 459 473 508 514 515 517 518 519 523 537 539 544 558 561 563 577 584 585 591 616 618 631 654 661 689 724 725 727 728 730 734 737 739 741 742 743 746 747 751 752 754 757 758 761 762 763 769 772 777 787 803 809 810 814 815 816 819 823 839 844 845 846 849 863 883 886 895 901 906 934 938 944 970 994 1015 1016 1074 1075 1098 1102 1110 1198 1202 1203 1204 1211 1227 1234 1238 1246 1256 1265 1281 1282 1285 1308 1310 1329 1350 1387 1388 1399 1419 1433 1439 1440 1444 1463 1506 1527 1568 1581 1599 1638 1660
1506 15 437
1507 2 396 551 901
1508 269 283 508 514 607 739 752 757 786 809 815 819 881 883
1509 1 2 11 18 28 32 64 283 377 415 508 514 523 542 544 565 591 604 607 618 723 725 730 733 738 743 754 773 775 786 788 804 809 810 813 815 816 823 824 826 832 834 891 922 969 972 978 1023 1150 1257 1288 1742
1510 2 17 18 28 48 62 80 83 92 126 128 140 156 164 193 208 233 237 254 268 293 333 345 457 459 463 508 512 514 523 542 563 570 585 607 618 621 661 665 695 700 723 725 727 728 730 732 743 744 750 754 769 771 787 790 794 796 803 809 810 821 823 829 846 853 1045 1083 1135 1198 1208 1257 1307 1329 1521 1779
1511 230
1512 431
1513 16 283 394 424 429 487 607 618 730 743 754 839 890
1514 32
1515 218
1516 230
1517 176 343 438
1518 103
1519 354
1520 2 18 28 32 139 210 523 539 607 734 735 739 747 752 769 786 809 815 820 839 881 959 996 998 1234 1538
1521 166 175 269
1522 1 2 18 26 32 83 217 268 508 514 523 539 542 544 577 618 621 689 715 716 724 725 726 727 737 752 757 758 763 769 777 786 801 810 814 819 847 886 891 1034 1045 1111 1188 1401
1523 1 2 58 64 126 293 514 520 563 584 618 725 727 728 730 734 886 1151 1577
1524 454
1525 210 293
1526 323 426
1527 2 4 5 11 18 23 25 26 28 32 72 82 92 132 201 210 233 286 293 344 354 378 392 433 439 448 473 477 487 497 508 514 520 521 522 523 539 542 544 571 591 592 607 618 678 701 704 723 725 730 733 736 743 744 747 750 752 754 757 769 775 780 784 786 787 788 790 796 823 826 833 836 841 855 870 871 908 913 942 986 1010 1094 1098 1145 1191 1201 1224 1225 1228 1257 1331 1355 1539 1564 1713
1528 323 426
1529 1 2 5 18 148 409 411 457 607 668 728 738 752 810 820 1331 1547
1530 16
1531 216
1532 171
1533 420
1534 2 340 344 459 514 518 520 810 815 845 873 1083 1159
1535 68 171 293 415 454
1536 64 207 258
1537 293
1538 79
1539 65
1540 1 2 5 13 18 26 28 32 49 63 82 83 94 124 132 164 185 210 214 216 222 268 336 342 378 394 457 514 516 517 518 520 522 542 544 558 571 592 604 607 608 618 644 667 678 723 724 725 728 730 736 737 743 750 754 758 768 777 781 787 789 810 817 823 829 836 841 846 871 873 885 891 901 913 941 982 1023 1042 1098 1166 1217 1228 1336 1355 1445 1610
1541 207
1542 277 278
1543 287 362
1544 280
1545 54 419
1546 255 256
1547 269
1548 69
1549 70 126 172 200 230 461
1550 269
1551 24 32 35 50 81 205 210 289 293 298 314 392 394
1552 70 228 244 273 300
1553 132 293
1554 429
1555 2 11 18 28 32 64 170 210 225 283 299 330 377 394 398 401 431 457 508 512 523 532 538 558 570 592 619 621 644 661 689 695 700 727 730 733 743 749 750 754 758 764 769 771 777 788 790 810 811 816 818 823 839 843 876 895 902 945 978 1066 1071 1083 1125 1132 1224 1265 1282 1305 1363 1431 1467 1772
1556 32
1557 32
1558 42 64 108 209 255 256 293 410 432 464
1559 3
1560 414
1561 293 349 407 415
1562 200
1563 177
1564 12
1565 289 293
1566 429
1567 126 425
1568 108
1569 32 344 514 570 607 716 728 821 834
1570 171 415
1571 139
1572 65
1573 293 464
1574 165 425
1575 12 32 60 64 72 78 81 110 113 126 133 165 172 199 200 211 227 229 230 293 303 326 332 336 338 352 425 448 461
1576 2 23 26 177 186 268 514 520 523 534 607 618 716 724 725 726 727 728 750 757 777 790 814 817 819 821 839 844 859 922 986 1003 1195 1585 1725
1577 29 134 325 334
1578 85 87 149 251 327 415
1579 64
1580 276 297 397 423 439
1581 440
1582 1 80 164 283 289 344 409 411 457 515 520 522 563 585 615 723 754 769 796 820 823 855 964 1083 1100 1160
1583 1 2 13 17 18 23 26 28 33 64 92 105 106 132 181 186 210 312 324 335 394 460 473 508 512 514 515 517 519 520 521 522 532 570 574 592 618 621 631 636 661 668 701 716 727 728 733 738 739 743 749 750 754 757 758 768 769 777 787 790 810 812 821 823 826 831 839 842 845 846 853 873 883 887 934 938 985 1016 1035 1056 1071 1075 1105 1148 1223 1257 1331 1341 1397 1447 1513 1739 1802
1584 58 126 293
1585 174 243
1586 293
1587 1 2 14 514 523 539 725 728 734 737 763 769 886 901 904
1588 293
1589 274
1590 65
1591 64 176 209 255 256 283 293 343 410 438 464
1592 32 108 218
1593 165 425
1594 28 376
1595 218
1596 18 32 92 94 445 508 514 518 520 523 558 618 744 759 783 786 794 829 839 907 997 1098 1208 1652
1597 16 424 429
1598 203 206
1599 64
1600 230
1601 293 464
1603 190 339
1604 228 300
1605 2 11 16 18 23 26 28 30 32 57 296 307 324 344 512 513 514 516 517 518 519 520 521 522 523 524 525 526 527 528 529 530 531 532 533 535 536 537 538 539 540 541 544 546 556 557 558 560 563 566 570 571 575 577 581 583 584 587 608 609 610 611 612 613 614 615 616 617 648 671 705 706 707 708 709
1606 11 23 64 83 94 147 233 283 324 398 508 514 523 542 563 570 574 577 584 591 722 725 726 727 728 729 730 737 743 749 754 769 790 810 813 816 821 823 826 832 833 837 839 874 901 903 930 1061 1085 1153 1198 1265 1282 1382 1396 1442 1511 1525 1581 1608 1655 1781 1842
1607 19 139 293 431
1608 13 17 21 32 60 64 67 79 108 139 163 171 204 215 230 279 293 305 324 346 361 379 446 447 450
1609 341
1610 210 293
1611 12 13 216 425 454
1612 233
1613 13 21 32 64 78 113 204 215 227 229 230 269 303 336 379 448 450
1614 445
1615 12 13 17 21 32 57 60 64 67 79 108 139 163 171 204 215 223 266 279 293 324 336 361 379 425 450
1616 100 162 219 248 396 454
1617 15 437
1618 32
1619 440
1620 76 290
1621 396 539 750 769 886
1622 14 396
1623 217
1624 64
1625 437
1626 98 124 211 323 426
1627 19 40 456
1628 64 269
1629 2 13 18 23 25 26 28 32 42 48 50 92 93 94 197 210 222 283 286 324 341 344 378 448 457 477 508 512 514 515 516 517 518 520 521 522 523 533 539 542 544 556 560 563 570 577 584 591 592 598 604 607 618 631 689 695 714 715 720 725 726 728 733 734 738 739 742 743 744 750 752 754 757 759 763 767 768 769 775 777 784 786 787 788 790 792 796 803 809 810 815 816 821 823 826 829 832 840 841 842 846 855 857 858 862 863 871 873 874 878 879 885 913 940 942 943 945 955 983 986 988 1010 1012 1015 1049 1057 1075 1079 1083 1086 1098 1136 1145 1153 1166 1182 1186 1196 1203 1220 1228 1296 1322 1331 1355 1379
1630 2 11 25 28 32 50 58 83 92 118 126 181 210 283 293 341 354 448 497 508 514 519 521 523 539 558 563 592 598 606 607 618 723 724 740 743 751 760 768 769 790 810 815 823 831 842 872 873 894 899 913 934 936 986 994 1083 1103 1203 1234 1237 1240 1308 1311 1622 1833 1849
1631 236 417
1632 230
1633 453
1634 103 132 293
1635 228 300
1636 65
1637 1 2 5 11 13 14 15 17 18 25 26 28 32 48 49 64 72 80 82 86 92 105 107 108 115 118 120 121 132 139 152 156 165 173 181 199 201 210 223 230 236 268 276 277 278 283 286 291 292 293 316 324 326 328 336 341 344 377 412 425 433 434 440 441 457 459 463 467 473 508 512 514 515 517 519 523 537 539 542 563 565 570 574 577 587 591 592 598 599 607 618 636 661 678 679 689 700 715 716 722 724 725 726 727 728 729 730 732 733 735 737 738 739 742 743 747 749 750 752 757 758 769 773 786 787 788 790 794 795 809 810 811 814 815 816 817 819 823 824 827 828 831 832 835 836 839 842 846 850 858 859 868 870 878 881 885 895 896 901 913 915 917 931 933 934 938 942 955 956 959 960 961 968 975 982 996 998 1005 1015 1023 1030 1045 1083 1088 1107 1111 1118 1132 1143 1166 1186 1191 1198 1211 1224 1234 1256 1262 1339 1348 1356 1357 1379 1433 1472 1552 1649 1774 1798 1860
1638 83 244 273 283 285 599 618 650 661 716 730 754 814 905 917 934 1102 1664 1883
1639 188 523
1640 16
1641 414
1642 67
1643 356 443 444
1644 12
1645 1 2 5 11 13 18 24 25 26 28 32 80 81 164 266 276 283 293 324 344 378 394 398 419 457 459 478 508 514 517 519 520 521 523 537 544 548 558 563 571 577 585 591 592 618 630 636 660 678 689 695 701 704 716 723 724 725 727 728 733 736 737 738 739 743 747 750 752 754 758 769 775 777 783 786 789 790 796 801 806 809 810 811 814 815 819 823 826 829 830 835 836 841 846 855 863 868 870 871 873 874 878 883 886 892 894 901 913 942 957 1011 1021 1042 1045 1082 1088 1098 1123 1168 1176 1203 1208 1234 1247 1258 1312 1326 1329 1368 1394 1513 1533 1605 1659 1670
1646 283 293
1647 32 64 180 228 244 267 273 285 300 410
1648 63
1649 14 15 343
1650 32
1651 32
1652 218
1653 29 134 325 334 414
1654 18 160
1655 293
1656 1 2 15 18 23 25 26 28 32 78 83 139 156 164 203 206 223 268 283 293 344 377 460 473 508 514 518 519 520 523 537 538 539 558 563 570 591 592 598 599 607 618 631 689 716 724 725 727 728 730 731 733 734 735 736 737 738 741 742 743 747 750 752 757 758 759 763 768 769 770 772 777 786 787 789 796 807 810 813 814 815 816 819 820 823 833 834 839 844 846 847 849 857 863 868 874 876 878 881 886 887 888 901 929 938 954 983 986 999 1015 1016 1021 1035 1071 1075 1198 1210 1211 1224 1227 1234 1265 1281 1282 1341 1346 1440 1471 1580 1625 1750 1892
1657 217
1658 218
1659 94 174 243 283 523 787 832 853 856 936 1198 1203 1256 1265 1282
1660 207
1661 78 97 113 253
1662 121 218 422
1663 429
1664 1 2 23 32 83 311 361 450 517 523 604 618 714 724 725 727 728 737 757 801 810 819 839 841 842 853 886 895 985 1098
1665 123 293
1666 17 418
1667 78 97 113 212 253 430 470
1668 50 51 205 298 754 810 1098
1669 295
1670 152 455
1671 207
1672 37 42 432
1673 283 293
1674 218
1675 378
1676 48 80 128 140 164 208 254 293
1677 64
1678 24 81
1679 380 382
1680 2 18 26 92 132 139 293 508 523 558 560 587 607 722 727 735 739 747 752 769 783 786 809 810 814 815 823 881 907 915 929 942 956 959 996 998 1035 1074 1166 1242 1538 1545
1681 91 406
1682 132 139 293 523
1683 439
1684 67
1685 14 15 76 96 146 290 343 370
1686 293 323 426
1687 1 2 18 23 26 64 83 92 222 283 344 457 508 514 517 519 539 558 563 571 618 685 716 724 725 727 728 737 739 743 752 757 758 759 777 786 809 810 815 816 821 823 834 844 846 849 876 883 886 914 941 949 982 1005 1007 1131 1176 1213 1240 1246
1688 95 150 249 469
1689 64
1690 64 207 258
1691 289 293
1692 64
1693 335
1694 139
1695 95 150 249 469
1696 126 283 368
1697 14 109 160 288 374 466
1698 14 15 343
1699 287 362
1700 26 28 41 64 236 394 523 534 598 618 631 714 716 724 727 728 757 769 781 808 810 814 836 869 917 934 1195 1369 1583
1701 1 11 13 18 32 92 164 198 201 210 283 286 296 520 521 537 544 558 570 592 607 618 678 700 716 724 733 739 742 743 764 775 786 790 809 812 830 837 839 841 853 858 878 881 894 959 973 1029 1071 1153 1379
1702 414
1703 212 430 781
1704 179
1705 1 2 5 11 12 13 18 23 26 28 32 64 92 94 142 223 283 354 361 378 425 508 514 515 516 518 519 520 521 523 533 538 542 544 548 551 571 577 591 592 607 618 621 668 689 701 715 716 721 723 728 730 737 750 757 758 760 762 768 769 773 775 777 787 788 789 790 804 810 816 821 823 826 829 841 850 873 874 876 879 885 925 931 936 945 949 953 959 982 986 988 1016 1042 1057 1073 1079 1123 1129 1204 1255 1265 1266 1291 1311 1407 1580 1606 1676
1706 17
1707 35
1708 210 293
1709 27 296
1710 15 28 311 376 450
1711 269
1712 64 281
1714 62 156 193 237 333 345 463
1715 269 323 426
1716 166 175 293
1717 2 5 18 25 28 32 72 92 94 121 210 223 283 324 344 354 377 378 392 422 440 448 457 478 508 512 514 518 520 523 538 539 544 563 570 571 577 584 607 618 701 711 721 723 725 726 750 767 769 786 788 790 798 803 810 816 823 826 829 837 841 846 878 885 887 916 931 961 1049 1079 1168 1185 1257 1518 1519 1687
1718 91 406
1719 350
1720 1 2 5 11 17 18 23 25 26 28 32 48 50 64 67 72 80 83 92 94 148 156 164 181 198 222 223 268 283 344 354 361 378 394 409 411 440 457 459 477 508 514 516 517 519 520 523 524 525 526 527 528 529 530 531 532 538 539 542 544 561 563 571 577 585 592 597 598 599 600 601 602 603 604 605 606 607 618 621 646 650 654 668 679 689 700 716 723 724 725 727 728 730 734 736 737 738 739 742 743 744 746 747 749 750 752 754 757 758 760 763 764 765 769 771 773 775 777 779 786 787 788 790 796 803 808 809 810 814 815 816 817 819 820 821 822 827 828 830 836 839 841 842 847 849 854 860 871 873 886 901 918 925 936 942 953 968 970 975 986 1021 1034 1046 1075 1092 1097 1129 1141 1190 1234 1246 1254 1257 1258 1285 1292 1320 1337 1376 1388 1463 1483 1492 1548 1562 1580 1832 1856 1857
1721 55
1722 98 124 199 211 269 336
1723 297 353 442
1724 1 2 16 18 23 26 32 42 50 286 354 424 429 432 457 473 508 514 537 598 607 618 631 724 725 728 730 733 735 747 752 757 758 766 769 790 794 814 819 827 839 849 878 886 903 959 1041 1377 1693 1717
1725 218
1726 18 103 650 756 772 815 831 1123
1727 293
1728 269
1729 62 156 193 237 333 345 463
1730 2 11 18 26 28 32 64 83 94 128 201 225 283 361 398 508 514 515 520 539 570 571 574 577 584 587 592 618 621 667 676 679 701 715 724 730 733 743 750 757 759 767 769 770 790 807 811 820 821 823 837 842 926 931 934 938 960 1009 1021 1023 1033 1049 1066 1068 1075 1083 1098 1210 1235 1257 1282 1306 1382 1393 1395 1396 1431
1731 151 201 241 275 331 348 412
1732 219 250
1733 32 93 94 218 286
1734 65
1735 396 727
1736 68
1737 341
1738 323 426
1739 25 208 233 324 397 512 570 584 695 704 716 733 738 752 790 873 1305 1518
1740 135
1741 19 64 280
1743 287 362
1744 59
1745 429
1746 2 5 11 13 18 26 28 32 324 344 354 355 361 473 508 512 516 517 518 523 538 539 542 556 558 560 563 571 577 584 592 607 618 667 689 701 712 715 721 723 725 727 728 736 746 748 750 773 787 788 789 790 798 803 809 810 823 826 837 841 847 874 885 895 904 916 931 1057 1167 1262 1280 1375
1747 14 15 150 190 191 198 217 338 339 341 343 442
1748 132 293
1749 47 195 351
1750 429
1751 1 32 34 386 387 388 389 390 391 392 393 395
1752 19 416
1753 32 64 70 180 218 241 258 269 324 336 448
1754 210
1755 1 2 23 26 29 134 135 325 334 377 457 514 520 538 544 577 591 689 701 723 733 735 742 752 773 775 787 788 809 810 813 815 816 824 845 901 959 994
1756 69 105 372 375 420
1757 98 124 211
1758 213 320
1759 429
1760 238 276 300 471
1761 414
1762 1 2 23 26 139 171 514 516 517 523 539 551 563 585 598 607 618 689 724 725 727 730 735 737 752 757 769 777 810 832 849 901 944 945 1234 1257 1423
1763 174 243
1764 396
1765 384
1766 370
1767 36 44 53 367
1768 271
1769 108 514 769 816 836
1770 429
1771 16
1772 16
1773 32
1774 96 146
1775 285 396
1776 287 362
1777 16
1779 42 64 207 241 258 432
1780 2 94 354 512 514 517 584 618 742 757 769 829 873 926
1781 171
1782 440
1783 171
1784 32
1785 293
1786 265 462
1787 233
1788 32
1789 233 237
1790 17 54 64 117 181 520 646 700 737 743 796 805 812 853 918 987 1033 1208 1257 1312 1332 1334 1381 1710
1791 60 392
1792 78 97 113 166 175 188 212 253 430 470
1793 244 273 285
1794 409
1795 269
1796 442
1797 1 2 11 19 23 26 28 32 63 75 83 92 118 132 139 156 265 269 286 344 377 431 508 512 513 514 519 521 522 558 570 581 599 605 607 618 661 672 673 701 716 725 727 728 730 732 747 749 752 757 769 777 781 786 787 788 809 810 812 815 816 817 821 823 826 827 833 835 839 842 846 880 881 915 931 936 955 956 959 968 975 996 1140 1236 1379 1460 1593
1798 35
1799 293
1800 411
1801 216
1802 16 429
1803 445
1804 26 289 293 523 728 737 757 777 928 1440 1759
1805 78 97 113 188 253
1806 293
1807 337
1808 16 424 429
1809 95 150 249 469
1810 70
1811 181
1812 160
1813 16
1814 64 207 258
1815 64
1816 300
1817 440
1818 23 26 64 118 277 278 523 542 544 604 616 618 716 725 752 809 815 959 975 1023 1102 1257 1266
1819 265 462
1820 271
1821 166 175
1822 396
1823 411
1824 49 82 86 105 107 120 173 230 236 276 291 292 316 326 328 433 434
1825 85 87 149 251 327 415
1826 293
1827 32
1828 2 32 341 344 409 514 607 727 752 781 828 1004
1829 293
1832 331 402 403 404 405
1833 32
1834 311 450
1835 16 396 421
1836 1 11 17 32 92 103 198 354 520 618 689 733 739 743 790 804 810 812 837 839 913 936 959 973 1020 1031 1118 1184 1281
1837 380 382
1838 293
1839 340 385
1840 244 273
1841 311 450
1842 18 139 344 508 563 570 701 728 731 735 739 747 752 757 786 810 815 817 874 881 904 942 959 968 979 1023 1039 1080 1341 1369
1843 32 324
1844 32 42 64 70 218 241 258 269 297 324 336 414 423 432 448
1845 200
1846 2 23 25 26 64 94 163 164 283 293 324 440 514 520 521 561 565 591 592 607 618 631 636 660 689 714 716 725 728 733 735 736 738 743 754 769 777 783 794 810 816 819 823 843 852 863 873 895 926 936 962 983 1016 1050 1182 1198 1204 1234 1275 1325 1334 1356 1369 1395 1545 1813
1847 2 425 514 650 725 743 790 806 1126
1848 440
1849 98 124 211
1850 2 17 18 23 28 32 94 283 508 514 539 542 558 563 577 618 631 689 700 725 730 736 738 743 750 769 777 790 804 810 823 829 836 845 876 879 913 929 936 945 1034 1049 1079 1098 1166 1224 1254 1322 1446 1748
1851 36 44 53 367
1852 431
1853 293 360
1854 437
1855 1 2 18 23 26 28 123 344 514 520 533 538 539 544 577 607 618 631 689 715 724 725 726 727 728 730 737 754 757 769 777 781 786 790 795 804 810 814 844 846 871 900 901 922 925 928 945 948 957 1151 1255 1306 1439 1594 1658 1881
1856 217
1857 14 111 112 114 182 343
1858 183 397 414
1859 2 11 18 23 26 28 32 48 80 82 83 92 139 156 236 283 286 341 440 514 517 520 522 523 532 537 538 539 542 560 563 570 585 607 618 636 650 689 700 701 716 723 724 725 727 728 730 731 736 741 743 747 754 757 759 763 767 769 770 777 780 786 788 789 790 796 809 810 811 813 816 817 819 821 823 828 830 835 839 841 844 847 849 852 857 859 863 866 877 883 885 891 901 902 904 911 917 926 929 930 945 949 955 960 980 983 985 986 993 997 1006 1033 1050 1054 1107 1120 1140 1167 1182 1183 1198 1199 1203 1210 1217 1228 1265 1290 1427 1464 1581 1741
1860 1 18 283 377 396 508 512 514 523 539 542 584 618 689 714 724 725 728 736 737 750 769 790 814 817 839 886 914 985 1234 1236
1861 95 150 249 469
1862 293 464
1863 200
1864 138
1865 331
1866 35
1867 323 426
1868 228 300
1869 255 256
1870 420
1871 174 243
1872 1 2 23 26 83 188 377 514 516 517 520 523 538 539 563 577 598 618 678 689 716 724 725 726 727 730 734 735 737 750 757 763 769 777 810 814 815 817 819 823 840 846 849 863 901 904 922 926 941 949 1292 1351 1431 1441 1603
1873 17
1874 68
1875 192
1876 300
1877 32
1878 277 278
1879 139
1880 37 47 64 88 89 118 142 144 195 281 297 315 351 353 420 442
1881 245 246 272
1882 32
1883 263
1884 32
1885 125
1886 311 450
1887 236 417
1888 293
1889 71 92 304 497 618 739 1652
1890 174 243 733 812 853 936
1891 429
1892 32
1893 296
1894 2 11 18 23 28 269 324 344 394 512 513 514 515 516 517 518 519 520 521 522 533 535 536 539 543 556 570 575 581 583 584 669 675 720 721 722
1895 78 293 460
1896 269 599 754 934
1897 200
1898 54 117 832
1899 298 302
1900 32
1901 453
1902 258
1903 1 28 59 130 132 181 247 257 268 283 287 362 366 399 400 433 514 563 570 598 712 721 796 842 848 853 936 987 1051 1204 1225 1257 1877
1904 19 40 456
1905 42 396 432
1906 2 25 26 28 64 514 591 592 716 725 733 742 769 873 986 1826
1907 15 25 28 164 180 268 354 457 508 514 515 522 607 618 636 650 661 727 733 743 750 752 754 762 790 810 811 823 846 854 885 886 1023 1057 1083 1282 1683
1908 1 5 118 139 428 523 599 618 728 730 786 1214 1621 1638
1909 228 244 273 300
1910 429
1911 135
1912 68
1913 249
1914 64
1915 64 269
1916 132 293
1917 269
1918 2 5 11 23 25 26 28 32 64 83 92 132 210 222 223 283 324 344 354 361 392 457 478 502 512 514 516 517 518 520 522 523 533 534 538 539 542 544 551 558 560 563 570 571 577 584 591 598 607 618 621 644 667 689 701 714 715 716 721 724 726 727 737 741 743 746 750 758 777 783 787 788 789 790 807 809 810 815 816 819 821 822 823 826 827 828 829 833 836 840 841 843 846 855 878 883 885 886 891 894 895 901 903 908 914 916 926 928 929 942 946 971 973 999 1042 1049 1078 1094 1135 1213 1220 1228 1234 1240 1257 1270 1274 1294 1422 1455 1518 1767
1919 240
1920 210
1921 135
1922 280
1923 258 331 402 403 404 405
1924 269
1925 192
1926 2 25 26 28 32 80 118 283 289 344 459 514 521 591 592 607 618 724 733 750 752 757 790 815 831 847 853 855 872 873 913 1045 1049 1129 1136 1242 1257 1336 1413 1748
1928 64
1929 218
1930 412
1931 3
1932 217
1933 64
1934 1 2 23 26 64 354 378 457 514 518 519 523 584 607 616 618 689 695 715 716 724 725 727 728 734 737 742 749 752 757 763 771 814 819 828 846 883 959 1021 1033 1075 1108 1224 1247 1285 1308 1310 1368 1431 1444 1636 1638
1935 18 138 726 728
1936 19 40 456
1937 281
1938 14 15 343
1940 2 18 32 128 140 164 276 283 394 457 514 519 523 542 585 592 607 618 619 679 689 714 730 737 743 747 750 752 754 763 768 769 790 810 814 819 828 833 842 878 879 978 1009 1085 1102 1123 1182 1254 1257 1316 1398
1941 1 2 4 18 23 26 28 32 50 448 514 517 539 577 592 679 689 715 716 742 763 823 841 878 942 955
1943 32 392
1944 390
1946 660 782 896 934 1219 1256 1662
1947 392
1948 392
1951 392
1953 1 390
1955 32 392 394
1957 2 23 25 32 48 139 394 512 514 516 517 518 520 522 523 533 539 542 544 551 558 560 563 570 571 577 584 618 667 689 725 727 737 744 758 775 827 829 840 858 891 960 982 983 1374 1429
1959 1 2 11 18 26 32 64 92 94 118 156 223 236 394 463 514 519 520 523 538 542 563 570 571 584 598 607 618 714 739 748 759 760 769 777 786 788 790 809 810 811 815 819 821 823 828 831 835 836 846 866 873 895 926 929 934 945 949 953 983 1009 1086 1098 1107 1177 1178 1217 1495
1961 522 650 740 819 1011 1247 1258 1896
1964 2 13 18 23 26 28 32 33 83 92 94 181 198 210 236 283 473 487 515 523 539 587 592 618 723 724 736 743 754 763 764 769 777 790 796 803 823 862 938 1035 1056 1203 1204 1218 1232 1246 1384 1426 1583
1965 2 11 18 25 72 80 223 283 378 419 487 508 515 523 544 592 607 618 661 679 695 700 730 733 736 749 754 768 769 790 796 814 863 1021 1030 1074 1083 1282 1285
1966 1 32 390 392 394
1967 1 390 392 394
1968 2 11 18 23 25 26 28 32 83 94 152 164 210 233 324 344 373 378 392 409 473 478 508 514 516 517 520 521 522 523 537 539 542 544 571 591 592 598 618 660 678 689 695 701 714 716 720 725 728 733 739 740 742 743 747 750 754 769 775 777 780 781 786 787 790 810 811 814 819 821 823 829 830 835 836 839 842 849 855 871 873 878 885 891 892 894 913 936 942 951 966 975 984 986 999 1010 1027 1029 1042 1045 1056 1071 1079 1082 1098 1129 1141 1145 1201 1204 1228 1258 1329 1394 1642
1969 1
1971 32 392 394
1972 64 344 566 598 704 744 836
1975 26 32 283 487 523 533 534 544 565 592 607 618 631 727 728 739 743 759 763 777 790 810 811 831 835 846 917 926 930 934 1054 1083 1098 1099 1197 1257
1976 392
1978 757
1983 394
1986 2 16 18 23 28 164 394 487 512 513 514 515 516 517 518 519 520 521 522 523 570 592 607 618 689 726 749 750 754 769 790 1262
1988 32
1989 2 448 618 744 750 790 810 855 871 878 986
1990 1 390
1991 5 25 48 201 223 344 378 514 516 518 534 566 598 610 704 744 767 781 810 823 836 862 1530 1859
1992 1
1994 1 17 28 283 457 585 823 1100
1995 1 390 392 394
1997 2 83 132 164 283 344 394 515 517 523 547 558 607 615 618 645 661 725 727 737 750 754 769 790 803 810 838 846 886 978 1021 1131 1395
2000 392
2003 32 392 394
2010 1 2 11 18 23 25 28 32 48 63 94 118 139 181 210 223 266 283 344 354 355 392 398 448 508 512 514 516 517 518 519 520 522 523 533 537 538 539 542 544 551 556 558 563 570 571 577 584 591 592 598 606 607 618 644 661 672 678 679 689 704 711 714 721 723 728 733 737 738 743 746 754 758 769 777 787 788 790 806 807 810 815 818 819 821 823 827 828 829 836 839 841 842 870 873 874 878 885 891 900 901 925 931 936 940 942 945 953 961 979 986 988 995 1010 1011 1012 1023 1034 1042 1079 1085 1089 1098 1152 1198 1220 1221 1222 1224 1234 1262 1280 1283 1311 1373 1380 1387 1388 1404 1423 1474 1679 1680 1718 1728
2012 390
2013 1
2017 2 5 11 28 32 392 514 523 533 636 689 715 744 775 828 836 885 938 1311 1429
2018 1 390
2019 1 390
2020 32 618 716
2021 1 2 4 18 23 25 26 28 83 94 210 233 344 378 508 514 517 521 522 523 533 539 542 544 558 566 570 571 585 600 604 618 631 715 727 744 752 757 769 773 803 810 819 821 829 848 855 873 883 885 939 945 987 1023 1034 1039 1082 1097 1103 1141 1207 1257 1483 1824
2023 32 392
2024 392
2025 1
2026 392
2031 32 390
2036 392
2037 2 50 80 164 419 508 542 585 608 618 644 752 768 792 810 854 895 921 947 952 957 1083 1111 1124 1129 1135 1348 1349 1350 1548
2038 2 13 18 25 26 48 156 210 344 354 378 508 512 514 517 521 523 533 538 539 542 544 551 570 571 577 591 598 631 678 689 693 698 715 716 733 744 760 769 773 777 786 787 808 810 815 819 823 836 873 925 939 942 988 1042 1090 1262 1311 1420 1825
2040 392
2043 2 16 94 251 344 523 654 656 724 790 886 1113 1271
2044 32
2045 1 390
2046 2 13 132 253 283 344 394 487 515 542 631 645 695 743 749 754 769 794 803 810 1093 1132 1166 1580
2053 392
2054 390 523
2055 32 392
2056 394
2057 1 390
2058 32 392 394 556 773
2059 2 28 83 283 514 574 618 619 730 737 743 762 833 1248 1308
2060 392
2063 392
2064 392
2066 1 2 13 15 18 25 26 28 32 50 94 223 344 378 392 398 508 514 517 518 519 521 522 523 528 533 534 537 538 539 542 544 545 560 563 570 571 577 598 600 607 618 631 663 672 674 678 689 693 698 711 714 715 716 736 737 738 743 744 754 758 759 769 775 777 790 804 806 807 810 819 821 823 827 836 840 841 846 862 874 878 885 891 934 939 945 953 957 963 978 986 988 1011 1034 1042 1049 1061 1085 1224 1234 1254 1305 1311 1330 1380 1424 1429 1439 1806 1840 1897
2069 768
2071 390
2072 2 18 23 28 32 48 83 210 276 289 330 344 378 392 448 457 473 514 518 520 521 523 533 570 577 592 598 599 608 618 631 689 698 714 716 744 747 769 775 777 781 787 789 803 810 829 836 841 845 913 939 988 994 1012 1042 1220 1228 1244 1270 1337 1355 1439 1509
2073 392
2074 390
2079 1 344 378 390 487 492 514 519 523 544 605 618 672 704 714 744 788 803 810 836 982 1220 1587
2081 2 11 18 26 28 32 156 210 354 355 377 448 473 514 521 538 542 584 592 618 678 689 701 715 721 723 727 728 736 750 788 816 826 841 931 1118 1224
2082 1 390
2084 1 2 23 25 26 28 32 50 80 198 223 233 283 344 398 409 478 492 508 512 514 516 518 519 520 521 522 523 528 533 534 539 542 558 560 563 570 571 574 577 584 591 598 604 606 607 618 621 631 661 672 683 689 695 698 700 704 715 728 731 741 744 750 752 754 758 759 769 777 790 796 803 808 810 811 816 821 828 831 832 836 841 846 848 859 862 871 873 874 885 895 898 900 908 926 927 934 938 940 945 979 982 986 999 1014 1023 1049 1079 1083 1129 1199 1221 1228 1250 1262 1265 1289 1291 1311 1326 1356 1380 1406 1433 1454 1544 1582 1588 1596 1616 1754 1841
2085 392
2088 1 390
2089 283 523 607 957
2092 32
2093 2 28 223 344 514 519 523 534 598 618 631 693 744
2095 390 394
2097 16 23 94 508 644 654 714 749 757 769 778 886 901 1113 1271 1597 1638
2099 392
2102 392
2103 2 11 18 80 92 140 164 283 457 521 523 558 585 607 618 661 679 727 749 754 769 777 789 790 888 1083 1102 1234 1282 1312 1329 1372 1393 1431 1471 1548
2108 80 768 792
2109 1 2 11 18 28 324 354 514 516 518 538 592 607 701 714 721 723 733 758 759 775 777 788 790 810 816 828 841 895 931 1054 1373 1777
2112 32
2117 2 105 551 577 598 685 743 747 759 790 810 811 831 846 1066
2120 32 392
2121 1 2 11 16 18 26 28 32 48 50 64 83 92 94 118 139 156 164 181 201 233 283 324 341 344 354 377 394 411 433 440 457 459 473 492 497 508 512 514 515 517 519 520 538 563 570 571 577 585 587 592 598 599 607 616 618 668 676 685 689 714 716 723 727 729 730 733 737 743 750 752 754 769 783 787 788 789 790 794 803 809 810 811 813 815 816 823 824 828 829 836 841 842 854 870 871 873 885 886 893 907 917 919 926 929 938 997 999 1013 1051 1054 1064 1083 1107 1132 1150 1169 1240 1265 1282 1336 1419 1441 1460 1466 1672
2122 2 4 32 48 50 233 344 448 457 502 514 517 518 519 523 537 551 607 618 678 683 689 714 728 743 746 750 803 810 821 828 836 891 934 987 1000 1042 1049 1079 1100 1166 1171 1180 1561 1622 1691 1710
2126 2 18 25 26 80 83 120 324 508 514 523 534 556 560 607 608 618 722 726 727 752 777 810 821 823 846 879 941 1420 1672
2130 1 139 164 344 354 392 514 516 518 519 523 539 558 560 577 584 689 724 726 728 733 736 737 738 743 758 777 801 804 827 843 855 879 885 901 926 939 945 960 971 1011 1034 1079 1085 1087 1090 1254 1283 1290 1337 1392 1419 1491
2131 198 532 646
2132 2 18 23 132 139 164 251 283 344 378 394 457 508 514 515 519 621 661 679 689 700 715 739 743 749 750 752 754 769 786 790 796 810 815 816 823 870 934 1083 1208 1285 1348 1464 1580
2134 32 390 392
2135 1
2136 1 2 15 18 25 28 32 210 276 283 344 409 478 528 533 537 544 592 606 608 618 689 701 714 716 720 728 733 744 784 803 810 836 842 855 860 871 885 896 934 953 986 994 1079 1129 1153 1208 1301 1355 1471 1488 1765
2139 683 790
2140 1 2 4 11 17 18 23 25 26 28 32 50 63 72 83 92 94 164 181 222 233 276 289 344 354 373 378 392 433 448 457 473 492 497 502 508 512 514 515 516 517 518 519 520 522 523 533 534 539 542 551 558 563 566 570 571 591 598 599 607 618 631 636 661 678 679 683 689 704 714 715 720 722 725 733 736 738 744 746 754 757 767 777 781 783 787 788 789 790 794 796 799 803 810 812 816 821 823 826 830 831 836 839 840 841 843 846 857 859 862 878 885 891 895 925 929 936 939 957 968 969 976 978 994 1031 1042 1075 1079 1083 1107 1178 1228 1234 1253 1284 1308 1440 1724 1783
2142 1
2145 283 394 661 749
2146 2 132 283 457 523 579 733 738 743 1083
2149 1 23 25 516 518 521 523 570 604 607 618 678 754 810 855 931 940 945 1023 1034 1097 1217 1266 1483
2150 392
2152 1 390
2153 392
2154 18 497 517 577 584 618 678 743 777 823 827 873 885 1011 1483
2158 293 360
2159 35
2160 75
2163 16 50 72 74 457
2164 70 228 300
2165 63
2166 135
2168 2 17 18 23 25 26 28 83 94 222 268 283 344 394 508 514 515 523 537 539 544 548 563 570 584 598 618 636 714 725 727 729 730 737 739 740 743 757 761 764 769 775 777 790 810 814 819 822 938 1006 1049 1058 1195 1219 1234 1235 1255 1257 1265 1293 1311 1363 1603
2171 244 273
2172 244 273
2173 26 343 733
2174 16
2175 16
2176 16
2177 18 476 479 484
2178 16
2179 523
2180 523
2181 23 512 513 516 517 520 522 534 535 539 556 560 575 581 588 589 590 591
2182 523
2183 523
2184 2 11 23 28 344 512 513 514 516 517 518 519 520 521 522 523 524 525 526 527 528 529 530 531 532 533 535 536 537 539 540 541 544 546 556 558 560 563 566 570 571 575 577 581 584 608 609 610 611 612 613 614 615 616 617
2185 523
2186 23 512 513 516 517 520 522 534 535 539 556 560 575 581 588 589 590 591 728 786 839
2187 523
2188 23 344 512 513 516 517 520 522 527 535 539 556 557 560 566 570 575 577
2189 2 18 20 23 28 32 265 344 512 513 514 516 517 518 519 520 521 522 527 533 535 539 541 544 546 547 548 553 556 560 563 565 570 577 587 592 616 635 636 637 638 639 640 641 642 643 644 645 646 647 648 649 650 651 652 653 654 655 656 657 658 659 660 661 662 663 664 665
2190 23 210 344 419 512 513 514 516 517 518 519 520 521 522 525 527 529 532 535 539 540 548 556 557 558 559 560 561 562 563 564 565 566 567 568 569 570 571 572 573 574 575 576 577 578
2191 523
2192 2 23 28 394 512 513 514 515 516 517 518 519 520 521 522
2193 2 23 64 139 512 514 519 521 524 525 526 527 528 529 530 531 532 533 534 535 536 537 538 539 540 541 542 543 544 545 563 661 678 733 769 786 808 809 846 881 888 959 983 1061 1126 1182 1188 1204 1334
2194 523
2195 1 23 514 519 521 524 525 526 527 528 529 530 531 532 534 535 538 540 542 543 545 695 814
2196 23 210 344 419 512 513 514 516 517 518 519 520 521 522 525 527 529 532 535 539 540 548 556 557 558 559 560 561 562 563 564 565 566 567 568 569 570 571 572 573 574 575 576 577 578 593 594 595 596
2197 2 26 873
2198 23 344 512 513 516 517 518 520 521 522 525 527 529 532 535 539 540 556 557 558 559 560 561 562 563 565 566 568 570 571 575 576 577 593 594 595 596
2199 2 23 28 344 394 512 513 514 515 516 517 518 519 520 521 522
2200 523
2201 2 23 28 344 394 512 513 514 515 516 517 518 519 520 521 522
2202 2 4 25 26 63 181 286 344 354 502 512 513 514 516 517 520 521 522 523 538 539 542 543 556 558 560 563 570 571 575 577 581 600 604 618 668 674 689 701 704 718 724 725 727 730 757 758 769 777 801 819 827 847 871 873 900 1061 1082 1097 1207 1246 1474 1483
2203 618
2204 23 512 513 516 517 520 522 534 535 539 556 560 575 581 588 589 590 591
2205 523
2206 523
2207 523
2208 344
2209 523
2210 523
2211 523
2212 23 514 519 521 523 524 525 526 527 528 529 530 531 532 534 535 538 540 542 543 545
2213 523
2214 23 210 344 419 512 513 514 516 517 518 519 520 521 522 525 527 529 532 535 539 540 548 556 557 558 559 560 561 562 563 564 565 566 567 568 569 570 571 572 573 574 575 576 577 578
2215 23 514 519 521 524 525 526 527 528 529 530 531 532 534 535 538 540 542 543 545 653 752 809 815 1019
2216 523
2217 23 512 513 516 517 520 522 534 535 539 556 560 575 581 588 589 590 591
2218 23 514 519 521 524 525 526 527 528 529 530 531 532 534 535 538 540 542 543 545 618 752 786 815
2219 2 23 28 344 394 512 513 514 515 516 517 518 519 520 521 522
2220 2 11 23 26 164 324 344 512 514 516 517 519 520 522 523 533 535 537 539 541 551 556 560 563 570 575 577 582 583 584 585 587 689 710 711 712 713 714 715 716 717 718 719
2221 23 514 519 521 523 534 535 538 540 542 543 545
2222 23 344 512 513 516 517 520 522 523 527 535 539 556 557 560 566 570 575 577
2223 23 512 513 516 517 520 522 534 535 539 556 560 575 581 588 589 590 591
2224 523
2225 2 23 28 394 512 513 514 515 516 517 518 519 520 521 522
2226 1
2227 2 23 28 344 394 512 513 514 515 516 517 518 519 520 521 522
2228 523
2229 23 514 519 521 524 525 526 527 528 529 530 531 532 534 535 538 540 542 543 545 618 725 747 819 886 891 1345 1346
2230 2 18 20 23 26 32 210 497 514 519 521 534 535 538 540 542 543 545 592 593 594 595 596
2231 523
2232 23 512 513 516 517 520 522 523 534 535 539 556 560 575 581 588 589 590 591
2233 23 26 514 519 521 524 525 526 527 528 529 530 531 532 534 535 538 540 542 543 545 618 725 901
2234 2 11 18 26 28 32 42 48 82 120 223 324 344 378 448 457 514 520 523 534 538 570 591 592 618 689 736 754 775 787 788 810 823 829 836 860 871 942 986 1051 1253 1389 1550
2235 2 16 23 64 520 522 618 757 810 815 817 928 947 1083 1136
2236 724
2237 92 689 724 1136 1377
2238 1
2239 1
2240 26 853 1129
2241 1 571 984 1166
2242 2 18 23 64 92 523 544 607 621 661 722 724 725 727 728 730 731 734 737 741 750 763 769 826 855 901 925
2243 16
2244 1 558 678 728 1257
2245 83 268 283 514 523 618 729 730 739 774 777 786 790 815
2246 16
2247 23 25 26 64 198 733 853
2248 2 11 23 32 64 523 726 733 737 823
2249 716 733
2250 1 23 728
2251 11 457 570 584 618
2252 2
2253 2 497 790 839
2254 1 2 5 13 18 23 25 26 28 83 139 156 236 286 326 344 354 409 473 508 514 517 520 521 528 534 538 542 544 560 563 570 577 584 598 607 618 668 679 689 701 716 724 725 726 727 728 734 735 737 738 741 742 743 747 754 757 758 763 769 770 773 777 788 790 809 810 814 817 819 823 830 835 836 839 846 847 852 853 854 873 879 881 885 886 891 901 914 925 926 940 959 965 983 998 1021 1035 1055 1073 1083 1101 1110 1202 1213 1232 1235 1246 1257 1342 1540 1701
2255 1 2 11 18 23 25 26 83 156 198 222 514 516 523 539 558 563 577 584 598 618 636 678 689 714 724 725 726 727 728 730 734 737 744 747 750 757 759 769 777 781 783 810 814 817 819 839 849 853 854 886 892 901 922 925 926 935 983 997 1036 1049 1053 1056 1086 1160 1204 1219 1235 1257 1318 1510 1821
2256 1 64 139 544 558 728 810 936 1081 1108 1119 1190
2257 1 2 23 26 83 584 689 724 735 757 827 1224
2259 1 520 975 1223 1228
2260 520 592 839 878
2261 618 725 810 1283
2262 2 25 750 999
2263 29 118 607 783 809
2264 728
2265 18 26 28 283 521 542 563 701 725 727 733 789 837 847 850 895 914 985 1097 1207 1234 1252
2266 32 724 728 757 959
2267 650 728 831 839 944 1123
2268 139 739 752 786 809 815 881 942 959
2269 1 2 23 26 28 32 83 508 512 514 515 520 521 523 537 539 542 544 551 558 577 607 618 667 689 714 715 716 722 724 725 726 727 728 730 733 737 747 750 752 757 759 763 769 775 777 790 810 814 819 823 836 839 854 863 874 876 886 892 895 914 926 939 950 957 985 1019 1071 1083 1088 1125 1135 1171 1204 1224 1311 1447 1455 1473
2270 2 11 18 25 26 210 289 378 448 457 508 512 514 517 521 523 537 539 544 548 571 592 618 678 724 725 727 740 757 758 769 787 798 808 810 814 818 826 830 836 855 873 894 976 1050 1071 1082 1132 1258
2271 13 23 591 724 725 814 849 886 914
2272 767
2273 1 2 5 15 18 23 26 32 92 132 139 156 181 210 324 344 409 485 508 514 517 518 520 521 523 539 542 560 563 570 571 577 584 607 618 650 667 689 716 724 725 727 737 739 743 744 747 750 752 757 765 769 775 777 786 790 804 809 810 814 815 817 819 823 827 829 834 847 849 850 851 872 883 886 895 914 934 953 968 1053 1097 1113 1160 1193 1246 1257 1320 1607
2274 344
2275 140 459 547
2276 1 2 11 18 25 26 28 32 38 83 92 94 118 164 198 201 210 223 283 344 377 378 433 448 497 502 508 514 517 518 519 520 521 522 523 528 532 533 534 537 538 539 542 544 548 551 558 563 571 577 584 585 592 598 604 607 608 618 631 672 678 683 689 700 701 714 716 720 723 725 726 727 728 729 730 737 740 743 744 746 754 768 769 775 777 781 787 788 790 796 803 810 814 815 823 829 836 841 854 855 858 862 868 871 872 873 878 885 894 913 918 931 934 940 942 945 946 956 957 959 964 974 982 986 987 999 1009 1049 1071 1079 1082 1111 1129 1135 1136 1157 1196 1208 1225 1228 1234 1254 1258 1298 1311 1328 1372 1607 1801
2277 741
2278 742
2279 2 521 751 975
2280 344 514 519 618 672 704 744 840
2281 746 1235
2282 1 2 23 25 26 28 63 83 139 156 186 283 344 409 412 508 514 517 523 537 539 542 577 584 598 607 618 631 724 725 726 727 728 730 732 734 737 739 741 747 750 752 757 759 769 774 777 786 787 789 790 795 809 814 815 819 821 844 846 863 873 874 876 881 883 886 891 901 916 922 934 949 955 959 968 979 1083 1135 1157 1242 1243 1254 1292 1310 1433 1440 1475
2283 152
2284 2 11 13 18 28 83 92 152 156 201 210 268 514 519 523 538 542 570 584 585 599 607 618 723 725 727 730 733 736 743 750 769 784 786 788 790 803 810 813 815 816 823 836 859 873 874 968 983 1023 1049 1058 1182 1257 1274 1603 1882
2285 521
2286 28 753 785
2287 23
2288 2 83 283 508 515 522 565 598 618 621 645 714 738 754 777 796 1074
2289 1 2 11 28 64 132 283 533 563 585 607 645 689 715 728 739 743 749 754 757 759 769 786 791 815 837 839 843 959 1030 1033 1051 1265 1274 1308 1363 1758
2290 1 2 26 92 201 344 514 519 534 542 570 577 598 618 743 762 769 803 862 898 1040 1267 1596
2291 26 514
2292 2 23 32 344 508 514 517 518 523 539 563 577 618 678 689 716 724 725 727 737 757 758 759 786 810 814 815 819 846 847 853 883 886 891 914 941 985 1034 1045 1202 1213 1243 1378 1557 1869
2293 636
2294 11 13 18 25 28 32 48 64 92 94 210 223 283 324 344 378 457 497 508 512 514 515 516 517 518 519 520 521 522 533 538 539 542 544 551 558 560 563 570 571 577 584 591 598 604 606 607 608 610 618 619 627 636 644 672 678 689 704 715 716 725 727 729 733 737 747 750 754 758 759 768 769 773 777 780 787 789 790 792 796 799 803 804 807 808 810 821 823 826 827 828 829 830 834 836 840 843 846 847 850 858 871 873 885 891 902 903 914 916 931 945 953 954 982 985 999 1000 1023 1034 1041 1042 1054 1074 1077 1083 1087 1090 1097 1104 1107 1123 1129 1136 1141 1150 1157 1168 1178 1196 1206 1217 1228 1237 1248 1257 1262 1285 1297 1336 1337 1348 1349 1350 1352 1388 1500 1651 1692 1707 1830 1880
2295 514
2296 757
2297 514
2298 2 11 18 28 32 64 94 198 283 344 377 378 520 521 523 538 542 544 561 565 607 618 636 721 723 743 759 777 783 794 810 831 907 1016 1107 1188 1203 1204 1355 1432 1472
2299 514 542 724 725 727 777 886 914 985 1207
2300 2 523 537 577 618 723 725 759 769 788 790 835 949 1157 1228 1530 1605 1643
2301 2 11 18 23 25 26 28 32 83 92 94 139 156 210 236 283 433 448 463 492 508 514 517 518 519 521 522 523 532 533 538 539 542 544 570 598 607 618 661 685 689 695 714 716 723 724 726 730 738 759 781 783 787 788 790 795 810 811 823 828 830 831 835 840 846 863 866 869 878 926 936 945 980 988 1047 1054 1056 1080 1099 1102 1129 1195 1246 1326 1407 1581 1730 1819
2302 2 15 17 18 25 26 28 48 72 83 94 152 164 181 201 223 236 276 289 324 344 377 378 433 440 448 457 487 497 508 514 521 522 523 533 537 538 544 548 556 592 598 604 608 618 621 636 661 678 714 716 724 725 726 728 737 742 754 757 768 769 775 787 790 796 803 805 810 815 819 820 823 830 836 841 847 855 861 885 894 913 918 934 957 986 987 1061 1071 1082 1098 1110 1111 1123 1128 1129 1135 1196 1200 1204 1208 1219 1221 1224 1228 1258 1318 1356 1357 1404 1407 1413 1439 1622 1786
2303 2 23 25 32 64 92 344 508 514 520 523 542 607 618 716 724 725 726 750 757 768 769 790 834 863 888 904 999 1182 1188
2304 618
2305 2 23 25 584 689 716 724 728 737 757 814 819 827 1247
2306 2 5 181 210 286 344 378 448 487 508 514 517 521 532 539 542 544 558 570 571 577 591 592 618 678 723 725 726 727 733 739 750 752 765 769 775 786 787 788 790 815 821 913 942 1009 1090 1110 1166 1224 1228 1234 1262 1379 1480
2307 26 508 539 607 636 739 752 763 764 777 841 1583
2308 727 729 815 1236 1574
2309 784 790
2310 765 957
2311 621
2312 2 18 25 26 28 32 48 50 80 181 233 344 378 457 478 487 508 514 517 519 520 521 522 523 533 537 551 563 566 591 592 618 627 631 689 723 725 729 744 750 754 769 775 787 790 796 803 810 820 829 836 871 874 885 942 943 1054 1082 1083 1193 1201 1206 1228 1237 1257 1285 1327 1370 1398 1400 1501 1509 1552 1605 1670
2313 11 13 17 18 26 28 64 139 283 324 354 508 514 520 521 563 591 607 618 621 631 661 667 689 711 722 724 726 730 733 743 749 754 790 803 810 813 814 816 821 832 837 839 843 873 908 930 936 1393 1512
2314 1 2 23 92 223 283 520 521 558 607 618 650 728 810 812 830 839 853 1031 1379
2315 2 17 25 181 223 283 344 378 433 487 508 512 514 516 517 518 521 532 533 539 542 563 566 570 592 607 610 618 725 727 750 752 764 765 777 790 809 812 819 821 829 840 855 862 885 959 996 1023 1034 1042 1045 1196 1204 1206 1224 1228 1365 1404 1420 1421 1440 1570
2316 514 542 714
2317 18 618 689 936 942
2318 23 25 26 28 32 50 61 286 289 344 448 508 514 542 618 689 716 724 736 750 752 775 790 819 1045 1136 1203 1204 1234 1242 1379
2319 2 16 725 914
2320 2 5 18 23 25 42 164 210 283 344 378 478 508 517 520 521 523 542 544 548 558 591 592 618 678 685 689 695 715 720 725 726 733 736 737 769 777 786 796 810 818 819 821 823 828 829 830 831 841 846 855 858 861 863 874 878 894 896 900 914 916 934 938 945 967 985 1011 1067 1071 1079 1113 1126 1166 1201 1224 1228 1237 1261
2321 18 132 283 515 523 607 730 754 774 790 836 886 934 1098 1399
2322 1 2 18 26 32 83 92 132 139 164 201 268 283 286 378 508 514 515 518 523 539 544 563 577 579 607 618 661 678 715 716 723 727 728 729 730 734 739 743 750 752 754 757 769 774 777 783 789 790 794 796 801 809 810 813 815 816 828 836 842 846 849 859 863 901 955 959 975 983 1030 1075 1113 1164 1257 1308 1577 1593
2323 198 324 542
2324 2 11 13 26 28 83 132 181 283 514 523 539 592 618 645 654 661 695 724 726 733 743 749 754 769 771 788 810 873 1835
2325 1 2 487 743 875
2326 777
2327 2 539 618 727 752
2328 1 2 11 17 18 25 28 72 94 140 164 236 283 324 344 448 457 508 514 515 522 523 542 558 563 574 577 585 591 592 599 607 615 616 618 725 730 737 743 750 754 758 769 777 780 781 787 789 790 794 796 803 810 814 815 820 821 823 836 839 841 842 853 855 860 917 918 955 959 978 1013 1098 1131 1141 1166 1224 1234 1287 1308 1484 1577
2329 18 940
2330 781
2331 2 23 728 737 886 901
2332 50 283 618 716 739 803 959 1090
2333 2 18 32 164 514 558 563 607 618 661 704 724 777 790 810 823 839 862 871 888 929 1332
2334 517
2335 94 433 514 518 607 618 689 714 724 783 936 1182 1334 1894
2336 2 26 236 344 523 563 726 777 788 790 810 828 831 846 1047 1098 1502 1639
2337 618 1439 1740
2338 577
2339 2 83 514 607 743 757 819
2340 0 1 2 5 11 18 28 50 72 83 156 164 210 324 344 378 433 485 497 508 512 514 520 521 523 533 537 542 544 577 585 604 607 618 660 663 689 716 723 727 736 737 738 750 754 757 759 769 777 790 803 809 810 812 816 818 823 830 836 848 850 872 892 932 941 957 966 967 985 986 1023 1056 1110 1135 1153 1171 1257 1338 1379 1383 1404 1413 1612 1622 1778 1803 1888
2341 5 457 473 636 938 1035
2342 1 2 17 23 25 26 32 48 80 92 139 236 324 344 377 457 508 514 517 518 519 523 542 544 556 560 584 591 598 607 618 679 689 704 725 727 728 730 733 734 735 738 739 741 742 743 747 752 757 759 769 775 786 789 790 809 810 811 815 816 819 839 841 846 849 873 874 876 931 959 968 978 996 1016 1061 1100 1132 1152 1166 1170 1217 1224 1234 1290 1341 1376 1891
2343 2 514 519 539 542 574 607 733 743 769 790 863 982 1063
2344 2 5 17 18 23 25 26 32 92 286 324 344 378 433 448 478 497 514 517 518 521 523 537 542 544 551 558 577 592 607 618 678 689 699 714 720 727 728 744 754 769 775 777 781 808 810 814 815 818 819 841 855 858 871 872 873 878 892 894 918 934 994 1059 1079 1102 1111 1115 1153 1201 1224 1228 1500
2345 11 28 80 83 283 419 508 563 599 645 654 656 725 728 754 757 768 774 788 790 792 793 796 810 847 850 879 934 957 1061 1083 1198 1232 1356 1379 1484 1760 1782
2346 5 28 32 50 80 94 164 283 324 344 361 514 533 544 563 585 599 627 650 672 754 768 788 885 921 1336 1385 1548 1650 1764
2347 18 514 517 577 604 733 1257
2348 2 18 28 80 512 514 523 570 598 607 618 733 750 768 769 777 790 810 819 842 988 1201 1234
2349 618 728
2350 2 23 25 26 83 344 448 508 514 517 519 520 523 538 539 558 577 584 618 689 716 724 725 727 732 737 738 741 742 747 752 757 758 763 769 773 777 786 795 810 819 836 846 849 863 873 876 885 890 907 948 968 1166 1198 1202 1227 1356 1423 1892
2351 2 16 514 733 735 738 1384
2352 16 25 26 517 618 735 769 777
2353 2 16 514 519 558 733 735 738 769 871 972 1423
2354 16 618 733
2355 64 118 268 324 344 354 517 618 619 650 701 716 727 823 841 986 1029 1097 1126 1129 1204 1265 1318 1677
2356 2 223 542 727 759 781 789
2357 1 2 18 25 26 28 32 83 128 132 140 156 268 289 344 377 508 514 523 533 534 542 592 607 618 679 716 743 750 768 769 787 789 790 794 810 815 816 823 828 859 895 975 1048 1224 1387
2358 2 13 128 140 164 283 354 514 519 523 538 539 607 619 645 679 730 743 749 757 769 777 829 833 840 841 888 928 931 1224 1630
2359 457 585 668 754 769
2360 18 23 28 48 276 344 542 607 733 781 790 815
2361 23 747 748 752 797 810 815 1236
2362 2 26 28 50 61 105 152 198 324 344 473 512 514 520 521 532 558 570 598 607 618 644 678 689 714 715 725 727 733 737 750 752 769 777 787 790 800 809 810 821 823 873 936 1045 1049 1113 1204 1224 1228 1234 1261 1379 1688
2363 2 32 514 523 592 607 714 752 787 789 790 792 800 809 945 1034 1254 1331
2364 2 577 779 790 819 847
2365 15 344 514 539 607 618 1139
2366 2 18 92 344 433 520 539 574 618 619 679 743 769 777 815 863 929 1016 1063 1338
2367 2 502 514 689 783 788 790 803 810 828 878 885
2368 1 2 83 283 344 514 563 577 598 631 716 725 728 757 777 786 789 790 809 839 841 857 871 874 887 895 912 1013 1772
2369 737
2370 2 4 5 15 18 23 25 26 28 32 94 164 286 344 378 473 514 517 519 521 522 523 537 538 539 542 570 591 592 598 607 618 631 689 714 716 725 728 733 735 739 744 757 759 767 769 777 787 789 790 803 810 819 830 836 846 849 854 873 936 942 945 957 982 1023 1129 1228 1229 1287 1370 1439 1689 1708 1709
2371 1 64 164 577 604 777 802 810 814 829 853 862 1023 1208
2372 725
2373 1 2 5 11 18 25 26 28 50 63 64 92 139 181 210 283 344 378 457 512 514 516 517 518 519 521 523 537 538 539 542 548 551 577 591 604 607 618 645 661 668 678 689 711 714 715 727 728 733 736 737 738 743 750 752 754 758 760 767 769 773 777 788 790 796 801 804 808 809 814 816 817 821 823 827 828 830 841 846 868 873 874 876 878 888 894 900 925 926 938 939 945 952 960 971 982 985 988 1009 1015 1034 1042 1049 1071 1074 1075 1083 1084 1100 1103 1224 1225 1234 1254 1255 1285 1311 1329 1366 1387 1506 1521 1829
2374 2 18 25 26 32 210 324 341 378 448 497 520 521 537 544 556 592 701 736 754 769 775 787 788 790 804 810 823 829 841 845 858 871 913 999 1225
2375 2 25 28 223 377 523 539 544 558 618 661 725 738 743 812 814 819 839 853 889 921 1035
2376 2
2378 1 2 11 18 23 25 26 28 32 156 223 268 286 324 344 354 377 378 398 409 512 514 516 517 518 519 520 522 523 533 534 538 539 542 544 548 551 556 558 560 563 570 571 577 584 591 598 607 618 667 678 689 701 714 715 716 724 725 726 727 728 730 733 737 738 743 747 752 754 757 768 769 773 777 779 783 786 788 790 796 808 810 814 816 821 822 823 826 827 828 829 836 840 841 846 851 855 858 873 878 883 885 891 895 899 914 916 922 928 931 936 939 942 949 953 955 978 999 1009 1010 1078 1087 1098 1107 1166 1240 1257 1281 1337 1358 1379 1441 1517 1536 1629 1769
2379 2
2380 92 795
2381 2 23 26
2382 2 13 18 26 28 32 64 139 210 223 283 324 344 512 514 518 519 533 551 570 591 604 689 715 726 728 737 750 752 777 790 823 827 836 841 873 874 900 940 955 1069 1224 1262 1387 1515 1728
2383 2 786 809
2384 11 344 514 520 522 539 542 544 551 560 570 577 584 598 618 672 689 727 733 758 777 808 810 821 827 829 840 846 873 878 885 895 978 999 1078 1124 1280 1441
2385 18 28 829
2386 28 618 724 727 810 1235
2387 23 514 735
2388 2 11 18 25 26 28 32 92 156 283 286 448 463 519 520 523 538 542 556 563 575 598 607 618 631 701 711 723 744 754 759 788 810 811 823 835 841 846 866 929 945 949 980 995 1102 1167 1226 1615
2389 1 5 15 23 25 26 64 83 457 514 520 523 542 563 598 618 689 724 725 728 757 763 769 803 814 817 819 836 849 853 859 886 914 923 1079 1160 1318 1543
2390 139 523 607 730 739 752 786 815 881 1075 1193
2391 378 514 607 757 789 816 830
2392 2 23 25 26 83 222 377 457 514 518 520 539 544 618 667 689 695 716 724 758 781 790 814 839 846 849 886 888 891 1063 1086
2393 1 11 28 32 201 324 765 788 816 819 823 842
2394 607 752 781 786 809 815 975
2395 2 11 13 18 23 25 26 28 32 92 94 164 194 198 283 286 324 344 354 412 473 497 514 515 520 521 523 537 542 548 563 566 571 577 591 592 604 618 619 636 650 678 714 716 727 728 729 730 738 743 754 758 759 763 767 769 784 787 788 790 796 810 819 823 829 830 836 841 842 845 846 850 858 871 872 873 881 883 913 931 936 957 1042 1061 1083 1166 1182 1204 1261 1265 1331 1356 1389
2396 1 2 11 23 25 26 61 344 394 487 508 512 514 516 517 518 520 521 522 523 539 542 544 545 551 558 560 563 570 575 577 600 604 618 631 667 678 689 701 714 715 723 727 736 737 738 752 757 758 759 765 769 773 775 788 804 808 809 815 819 821 826 840 848 849 870 873 883 888 891 895 931 939 940 953 957 982 1012 1023 1042 1048 1070 1082 1136 1141 1166 1203 1207 1257 1325 1379 1429 1515 1613
2397 11 18 32 92 152 210 324 377 514 520 558 607 618 689 704 716 725 727 728 733 743 757 788 789 790 803 810 815 823 853 879 895 982 1039
2398 514
2399 2 11 18 28 32 92 324 344 354 378 508 512 514 517 518 521 539 551 556 558 584 592 607 701 723 728 750 757 769 790 810 821 822 823 873 895 953 988 1234 1405
2400 26 32 517 538 542 560 563 570 592 607 701 829 840 841 939 1057 1083 1168 1280
2401 2 4 11 18 28 32 118 156 201 236 289 324 344 377 508 514 517 519 521 523 538 607 743 754 759 788 810 814 816 823 826 832 835 842 846 917 1117
2402 2 28 330 377 542 558 607 733 788 813 815 816 823 824 841 969 1182
2403 2 377 558 813 816 819
2404 11 18 223 324 377 563 619 743 769 777 815 826 837 843 845 858 895
2405 1 5 18 28 61 80 94 164 201 283 324 344 361 378 514 521 522 533 542 544 585 592 607 608 618 650 744 768 769 777 780 790 796 810 843 885 1083 1287 1422 1524
2406 2 18 25 28 72 83 283 324 508 514 571 618 667 689 726 739 743 769 783 790 804 814 815 816 833 863 874 886 986 1025 1417
2407 11 478 517 520 521 522 544 560 570 571 577 584 689 727 733 750 773 789 790 808 822 827 829 840 873 878 885 900 926 999 1205
2408 754 765 828
2409 1 2 18 23 26 28 83 344 508 514 520 521 523 539 563 607 618 689 714 724 725 727 733 736 737 738 747 750 757 763 769 775 788 790 795 810 814 823 839 846 849 874 945 1126
2410 473 523 701 726
2411 777
2412 539 584 713 725 731 746 757 775 790 823 886 926 1389
2413 1 2 23 26 83 344 514 517 519 523 618 716 724 729 737 739 757 769 777 810 814 819 834 886 968 986 1290
2414 514 519
2415 514
2416 5 26 354 563 570 607 689 814
2417 23 26 539 618 689 724 737 777 819 846 849 1053 1543
2418 18
2419 18 591
2420 32 222 521 743 804
2421 814
2422 18 26 83 118 520 521 539 563 577 607 618 734 746 875 1033
2423 2 23 26 32 64 344 508 542 544 577 598 607 689 724 725 726 727 734 738 781 786 814 819 839 849 883 886 925 970 1035 1075 1097 1141 1170 1182 1207 1213 1227 1289
2424 725 757 763 1227
2425 28
2426 344 514 727 747 834
2427 2 11 18 25 28 156 201 283 324 344 354 448 508 514 517 542 565 570 607 618 723 754 759 790 796 810 811 815 816 823 826 835 841 846 885 926 930 959 980 1028 1054 1167 1363 1593
2428 2 23 26 64 83 92 457 514 523 584 599 618 724 725 727 730 734 803 810 814 819 849 886 934 1005 1136 1213 1235 1342 1364 1746
2429 1 2 11 25 28 32 164 181 324 344 508 514 518 538 542 563 571 592 631 725 743 787 788 810 814 819 829 853 855 858 871 913 931 957 1061 1376 1539 1744
2430 1 2 11 25 48 181 223 324 344 478 512 514 516 517 518 519 520 521 522 523 533 538 539 542 544 551 558 560 563 570 571 575 577 584 598 604 610 618 667 678 689 704 711 714 715 721 727 733 738 742 746 747 758 759 773 789 790 804 808 810 821 827 828 829 835 840 841 843 846 850 873 878 885 891 895 926 931 945 953 963 976 978 982 994 999 1011 1023 1034 1039 1042 1054 1087 1129 1168 1180 1257 1280 1308 1355 1618 1795
2431 283 519 523 542 570 607 733 790 816
2432 618 1080
2433 1 2 18 25 32 94 210 324 377 508 519 521 542 591 592 618 716 725 743 767 787 803 810 811 819 843 845 850 855 858 871 913 974 1100 1124 1163 1191 1208
2434 523 769
2435 2 23 25 512 523 570 618 689 725 727 733 735 759 769 839 873
2436 2 25 378 463 514 516 523 539 571 607 618 668 689 721 724 726 728 743 750 758 783 810 815 817 893 922 959 1003 1013 1077 1168 1195 1257 1330 1361 1460 1624 1830
2437 2 26 542 584 607 689 733 790 816 843 867 887
2438 2 23 26 28 222 344 514 520 544 598 618 689 715 724 725 728 733 734 737 741 744 750 757 763 769 777 828 839 871
2439 2 23 83 283 517 520 523 539 716 724 725 727 735 737 757 769 777 810 814 817 819 834 844 863 886 1235 1341
2440 26 757 844
2441 2 139 286 412 607 618 739 747 752 754 773 786 809 810 812 815 816 881 942 959 975 1035 1136 1474 1542 1545
2442 1 2 508 512 539 542 570 607 701 725 727 738 763 787 810 815 819 827 829 846 850 959 966 1087 1184 1289 1435 1540 1831
2443 1 2 18 23 25 26 80 344 457 497 523 534 539 542 544 563 584 636 716 724 725 727 734 742 746 757 769 777 787 799 814 819 826 853 862 873 886 914 926 983 985 986 1035 1079 1160 1207 1545
2444 725
2445 570 607
2446 786
2447 1 11 18 32 512 514 523 534 539 542 668 701 715 723 728 769 773 823 826 841 1057 1078 1207 1257 1280 1309 1375
2449 2 18 50 344 377 378 502 514 519 528 534 542 556 566 607 618 631 689 701 725 727 754 810 878 963 1000 1083 1180 1582
2450 1 2 18 23 25 28 32 48 50 83 344 487 508 514 517 521 522 523 539 542 544 551 563 571 577 600 604 618 725 737 744 750 754 769 773 787 790 803 810 819 823 826 836 848 873 883 885 886 913 940 986 1023 1051 1118 1217 1224 1228 1257 1449 1824
2451 2 18 23 25 26 32 83 94 201 223 233 283 324 344 502 508 514 516 517 521 523 537 539 542 551 570 571 577 591 600 604 618 704 724 737 742 750 754 758 769 773 777 788 789 790 796 803 810 818 821 823 841 842 848 853 855 862 873 883 885 886 891 926 982 1023 1048 1051 1071 1073 1103 1118 1257 1292 1449 1509 1824
2452 558
2453 2 4 26 92 534 570 591 618 689 767 775 789 810 816 829 943
2454 2 139 286 514 592 607 823 831 904 1056 1684
2455 23 26 514 558 563 618 730 733 781 790 810 814 817 1279 1334
2456 592 750
2458 689
2459 94 283 514 542 544 577 721 743 750 769 777 790 836 876 951 986 987 999 1087 1290 1337 1479
2460 156 695 725 728 733 743 754 757 759 770 810 813 816 833 851 908 969 985 1083 1085 1193 1608
2461 2 11 17 23 25 26 378 487 517 521 607 618 701 725 728 751 787 788 798 803 810 816 823 826 858 901 913 916 986 1141 1150 1222 1334
2462 15 17 18 23 25 28 32 83 324 344 354 378 448 457 517 520 521 523 534 537 548 563 591 592 618 678 689 714 716 720 721 725 734 740 757 767 777 810 817 826 830 836 839 849 862 872 878 917 934 1010 1057 1163 1253 1258 1307 1318
2463 725 819
2464 28 520 539 560 618 724 725 727 757 790 795 810 814 815 849 872 886
2465 523
2466 855
2467 1 2 23 25 26 83 92 222 283 457 508 514 515 517 523 539 542 558 577 584 631 636 716 724 725 727 728 737 757 758 763 769 777 787 804 807 808 810 814 817 819 835 844 846 847 886 891 901 914 940 941 945 985 1033 1071 1111 1126 1160 1207 1213 1227 1235 1246 1257 1293 1449 1487
2468 2 354 730 769 814
2469 514 607 618
2470 587 607 823
2471 1 11 18 26 92 344 514 516 518 522 539 577 618 668 689 711 715 728 736 738 757 787 799 804 810 841 846 873 879 887 895 945 953 954 971 992 1034 1070 1079 1085 1087 1090 1129 1184 1254 1765
2472 2 28 512 517 520 539 570 577 604 610 721 733 757 769 773 808 853 916 1023 1257
2473 607 752 815
2474 26 618 733 741 1141
2475 1 28 223 344 377 514 517 539 577 584 591 689 777 816 827 829 843 885 901 925 937 1034 1423
2476 2 5 11 18 28 32 344 354 478 538 542 558 571 592 598 607 618 701 721 723 744 750 788 798 810 816 823 826 840 841 865 885 889 895 931 948 982 1070 1166 1222 1518
2477 2 18 23 26 28 64 83 94 197 354 398 514 517 520 521 523 558 592 598 618 661 695 701 724 725 726 727 728 736 737 743 749 752 757 763 769 771 777 790 795 804 812 814 818 819 841 871 883 901 934 945 986 987 1029 1034 1083 1175 1200 1211 1265 1379 1433 1445 1482 1531 1636
2478 2 11 26 28 32 42 64 210 508 514 516 517 519 520 523 534 538 542 558 563 571 577 584 591 592 598 599 618 672 689 714 715 727 744 750 758 777 803 804 810 821 837 841 878 879 926 934 940 942 957 1010 1042 1051 1071 1079 1220 1257 1272 1273 1280 1283 1318 1325 1363 1400 1413 1518 1524 1622
2479 2 11 32 355 512 514 516 517 518 520 523 539 542 558 560 563 570 571 591 598 604 701 711 716 721 739 744 757 758 773 777 783 794 801 811 815 829 830 836 841 847 916 931 942 986 1057 1268 1441 1745 1756 1757
2480 2 18 23 26 508 514 520 521 523 539 563 577 618 689 716 720 724 725 728 730 733 735 750 752 759 769 786 790 814 818 849 861 892 904 929 968 999 1015 1083 1198 1292 1299 1311
2481 689
2482 26 514 607 618 689 716 733 862 873
2483 28 94 478 514 522 528 533 534 577 598 608 672 689 809 810 836 841 864 917 957 1034 1044 1224
2484 618 733
2485 1 18 26 28 94 283 459 508 518 592 607 618 631 645 759 769 777 781 788 790 809 810 815 826 841 878 1061 1073 1125 1188 1405 1607
2486 497 563
2487 11 354 571 790 798 826 961 1845
2488 28 377 497 563 636 815 839 985 1085 1090 1608
2489 28
2490 584 837
2491 869
2492 725 847 1234
2493 2 15 23 26 28 31 64 92 201 283 324 354 377 409 514 570 636 689 716 730 733 736 738 743 749 765 777 784 790 794 810 823 833 873 929 964 1098 1193 1265 1282 1335 1455 1471 1539 1599 1796
2494 563 721 728 733 790 823 828
2495 2 92 377 459 514 534 598 618 739 743 747 750 752 757 786 809 814 815 839 846 878 881 895 926 996 1224
2496 2 18 28 378 607 723 783 815 823 863 1064 1279
2497 378 728 839 871
2498 398 533 769 790 843
2499 18 591
2500 2 5 25 26 31 32 94 324 344 377 473 591 592 607 618 667 723 733 736 738 767 775 777 781 788 789 810 813 816 845 860 871 889 994 1022 1073
2501 815
2502 523 757
2503 816
2504 2 11 18 816 826 839
2505 2 23 26 83 714 716 736 814 846 1173 1213
2506 743 810
2507 1 2 23 514 517 618 728 757 819
2508 1 32 344 378 448 457 514 519 520 523 533 534 539 551 577 591 598 618 631 672 689 693 698 704 711 714 715 733 736 737 738 744 750 758 790 810 821 828 836 862 873 885 889 891 920 931 945 957 1079 1220 1229 1566 1700 1709
2509 1 11 26 28 236 283 324 514 563 661 730 743 814 823 831 832 837
2510 18 32 324 514 538 542 607 618 727 814 850 931 1057 1258
2511 739 752 809 815 881
2512 2 283 733 738 750 752 769 814 815 863 1193
2513 2 18 50 508 514 607 660 723 796 816 819 827 839 878 997 1056 1064 1154 1171 1182 1334 1460
2514 846 875 904 1049
2515 344 725 769 868 901 922
2516 757
2517 152 514 607 836
2518 11 26 28 50 83 378 517 631 701 724 726 736 861 945 946 959
2519 2 26 1148
2520 324 514 607 689 758 803 809 811 823 835 846 929 1231 1404 1572
2521 2 23 25 26 28 94 181 210 223 341 344 354 378 419 512 514 516 518 519 520 521 522 523 528 533 534 539 542 544 551 558 566 571 591 592 598 618 631 672 689 698 704 725 744 769 787 789 790 795 796 803 804 810 811 819 821 823 836 841 842 858 862 873 885 891 895 936 978 982 1042 1049 1125 1182 1220 1228 1237 1246 1250 1406 1562 1674 1785
2522 2 355 521 720 736 818 823 1083
2523 1 2 23 26 28 63 83 92 210 283 344 354 457 508 512 514 516 517 518 519 520 521 522 523 539 542 551 558 560 563 570 571 577 584 591 598 607 618 661 678 689 704 711 715 727 728 736 737 738 744 750 759 769 773 777 783 790 804 809 810 821 823 827 828 840 850 868 879 885 888 900 901 925 926 934 938 939 959 960 971 988 1015 1023 1034 1042 1049 1077 1084 1085 1090 1103 1184 1212 1254 1255 1278 1311 1387 1491 1586 1587
2524 25 26 225 344 514 523 539 577 607 618 736 738 744 777 804 821 873 945 960 1034 1262 1376
2525 83 512 539 570 743 812 832 839 853 1016 1033 1057
2526 2 26 689 724 757 814 829 892
2529 514
2530 236 344 377 512 514 519 538 539 570 644 689 733 760 788 811 816 873
2531 2
2532 591 775 813 816
2533 931
2534 737 810
2535 2 26 514 750 769 777 828 874 900
2536 25 28 83 92 283 457 508 514 515 520 560 574 591 618 636 689 695 715 733 738 743 744 749 750 769 790 812 842 873 936 961 982 1051 1071 1182 1204 1311 1334 1350
2537 26 28 32 222 324 508 516 521 544 570 577 621 631 723 733 743 788 790 808 815 821 840 1030 1049 1098 1193
2538 92 570 584 689 733 743 747 816 850
2539 2 18 26 324 473 548 607 769 1016
2540 520 618 724 726 737 757 849 1277
2541 724 735 752 786 839
2542 1 2 18 63 283 344 514 515 521 607 645 689 695 754 770 777 821 823 846 1049 1083 1319 1363 1476 1477 1478
2543 28 92 514 537 618 769 873
2544 724 814
2545 487 521 618 720 855 858
2546 2 18 83 94 210 497 592 618 743 787 794 816 857 887 996
2547 2 18 618 754 769 1153 1208
2548 860
2549 23
2550 724 743 758 823
2551 607
2552 23 26 607 735 917
2553 2 18 23 25 28 32 83 210 283 324 378 457 478 497 514 515 523 533 539 542 548 571 577 592 598 607 618 650 678 743 775 777 787 790 810 823 826 841 845 855 857 871 878 913 940 948 986 988 1123 1129 1141 1145 1163 1204 1225 1246 1252 1262 1331 1363 1407 1510
2554 18
2555 514
2556 28 139 650 700 716 729 730 739 752 809 815 846 959 975 1198 1308
2557 810 812
2558 2 18 23 25 26 28 94 344 377 512 514 517 518 519 520 534 539 558 563 570 577 587 607 689 716 725 728 757 758 775 821 849 875 901 936 940 1023 1073 1166 1257
2559 1 2 23 32 83 92 286 344 354 514 516 519 521 537 539 551 558 563 570 577 584 591 598 618 667 689 701 704 711 715 716 724 727 728 734 736 737 738 757 758 769 777 803 804 810 821 827 828 836 837 840 878 879 886 887 888 895 913 934 938 945 955 960 971 999 1012 1034 1042 1079 1084 1085 1090 1234 1254 1255 1433 1491 1626 1898
2560 83 523 539
2561 1 32 64 283 440 508 515 516 517 518 522 523 538 539 542 544 558 570 584 607 689 701 725 727 733 743 747 759 769 773 808 810 816 829 835 839 841 850 891 951 959 968 987 999 1023 1212 1295
2562 1 2 324 512 520 538 539 542 544 560 563 577 592 689 715 725 727 747 757 758 760 790 809 810 827 839 849 850 895 914 985 1034 1071 1198 1202 1254 1295 1429 1555 1606
2564 94 181 268 497 520 532 587 636 714 936 1035
2565 25 26 631 716 733
2566 563
2567 733 736 738
2568 520 560 584 716
2569 849
2571 92 815
2572 839
2573 2 26 737 839
2574 2 26 539 544 725 727 814 817 1202
2575 2 83 283 539 621 695 714 769 829 949 1538 1650
2576 2 23 26 83 222 223 514 523 542 724 725 727 735 737 741 742 757 763 769 777 810 814 815 834 839 846 847 849 863 883 886 901 1061 1202 1213 1246 1440 1445
2577 2 23 26 32 201 344 514 519 539 544 592 604 618 631 689 701 715 720 724 728 742 769 775 795 810 814 829 839 853 876 886 891 904 934 942 1056
2578 523 747
2579 1 2 18 23 25 28 32 48 63 64 156 163 164 223 283 341 344 354 463 514 519 520 521 523 534 542 544 570 577 587 591 592 598 607 618 631 704 711 714 723 728 744 781 794 796 803 810 819 821 823 829 836 841 853 934 1056 1123 1175 1220 1290 1365 1429 1573 1612 1748 1785
2580 738 781 868
2581 689 724
2582 11 804 837 945
2583 344 497 514 607 898 1040 1544
2584 28 32 473 584 592 618 790 823
2585 497
2586 344 409 497 512 520 521 523 570 618 743 796 810 936 1157
2587 18 94 378 618 1182
2588 28 433 689 816 823
2589 738
2590 2 23 25 26 631 727 733 734 735 763 839
2591 2 18 23 26 28 32 83 210 457 512 514 523 533 539 570 618 716 720 724 730 734 737 742 757 781 787 810 819 827 858 872 940 942 1075 1201 1248 1285 1328
2592 2 23 26 514 570 689 716 725 728 730 733 734 737 750 763 769 804 812 839 846 849 901 1034 1047
2593 814
2594 223 514 607 752 809 849
2595 863
2596 2 26 236 286 516 678 849 854 1123 1129 1168
2597 26 544 618 733 741
2598 521 607 777 803 907 1154
2599 156 518 521 777 821 931
2600 809
2601 18 25 26 28 32 48 50 82 344 478 514 533 538 544 570 701 725 744 754 769 783 790 810 909 1228 1285 1398
2602 810
2603 570 733
2604 737
2605 1 2 18 23 516 520 521 618 727 733 739 752 790 810 816 842 850 854 914 985
2606 11 25 26 83 324 508 517 769 808 810 815 823 836 981 1011
2607 514
2608 514
2609 514
2610 514 517 618 724 752 769 786 828
2611 26 725 735 769 901
2612 26
2613 1 2 23 26 514 618 741 747 752 836
2616 139 809 815 881 959
2617 64 563
2618 139 752 809 815 881
2619 757
2620 2 757
2621 810
2622 2 514 523 558 604 618 724 727 737 757 769 773 810 863 1023
2623 724 757
2624 139 361 723 743 749 790 912 1042 1098 1371 1533
2625 752 809
2626 607 810
2627 2 23 28 32 223 344 463 514 523 532 598 607 618 685 689 699 714 725 748 764 781 819 831 854 855 878 917 953 1056 1381 1404
2628 2 18 23 26 32 210 286 324 377 378 497 508 519 523 537 591 618 631 726 743 750 769 775 784 787 789 790 803 808 810 813 816 820 823 830 858 1082 1298
2629 2 409 514
2630 1 728 737 757 812 814 1057 1108
2631 17 25 28 283 289 521 728 733 736 743 750 769 790 823 829 1039 1115 1234
2632 1 2 5 18 23 25 26 32 63 83 139 210 223 268 286 344 378 409 478 487 508 512 514 518 521 522 523 533 537 538 539 551 556 563 570 577 584 592 604 618 654 689 701 714 715 716 724 725 727 728 737 739 742 744 750 752 754 757 758 759 763 769 773 777 786 787 790 803 809 810 814 815 819 820 821 822 827 828 834 836 853 855 856 863 876 883 885 891 895 914 968 1023 1037 1045 1134 1203 1204 1207 1213 1220 1286 1311 1483 1540 1780
2633 1 2 23 26 64 83 344 508 514 517 520 539 558 577 579 584 591 598 618 689 724 725 727 728 734 737 742 752 754 757 763 770 773 777 790 801 804 810 814 819 827 835 839 846 847 849 851 901 922 970 1097 1199 1207 1246
2634 2 344 354 514 517 520 598 689 715 722 777 810 944 1036 1234 1644
2635 2 28 618 810
2636 1 2 23 26 35 514 534 607 618 631 716 724 725 727 728 737 757 759 777 786 817 823 847 888 901 918 922 926 1056 1061 1063 1108 1227 1471
2638 497 514 558 584 733 790
2639 2 11 18 520 538 689 701 815 821 837 894 971
2640 1 2 23 26 32 83 181 223 344 508 512 514 515 521 523 533 539 542 551 563 577 584 618 630 661 689 716 720 724 725 727 728 733 735 750 752 758 765 769 777 788 790 810 814 818 819 820 823 827 846 849 892 900 904 914 922 949 985 1021 1083 1132 1171 1197 1235 1257 1292 1311 1348 1356 1363 1369 1377 1423 1467 1481 1487 1789
2641 733 736 737 769 945 1034
2642 839
2643 1 2 18 32 181 283 344 378 448 457 508 514 520 521 523 563 592 607 618 660 679 689 715 716 730 733 736 750 752 757 769 777 786 787 790 796 809 810 815 829 853 894 896 913 959 986 1043 1082 1186 1217 1224 1228 1262 1275 1311 1379
2644 607 733
2645 2 18 94 118 344 514 521 544 558 607 618 803 810 836 839 855 873 934 946
2646 733 934
2647 18 591 618 773 803 839 841 873
2648 201 587 607 735 893 919 1234
2649 2 23 26 64 83 514 618 724 737 741 769 777 814 883 886 1202
2650 0 4 17 28 48 354 409 440 514 516 517 519 520 523 542 544 551 558 563 682 712 721 723 733 738 743 746 759 768 773 810 827 846 854 921 943 945 1011 1077 1079 1111 1129 1131 1257 1388 1451 1452 1497 1770 1830
2651 1 23 83 743
2652 728 757
2653 2 18 28 32 539 592 607 618 631 723 750 790 811 823 835 846 857 863 929 961 1052
2654 1 344 542 725 841 847 987 1298
2655 1 2 23 32 523 539 577 689 725 757 783 804 819 849 883 891 901 940 985 1023 1182 1257
2656 18 92 94 164 283 324 521 556 591 618 743 759 787 836 871 936 942 982 1208
2657 2 377 591 813 1114
2658 156 344 514 538 563 598 607 689 715 737 847 873 953 1047
2659 523
2660 2 4 18 94 163 344 487 502 514 618 715 803 810 812 836
2661 607 839
2662 1 210 344 512 514 523 563 570 571 591 618 716 752 787 790 814 822 829 916 934 1331
2663 11 18 25 156 514 517 519 523 542 551 571 577 584 604 607 714 723 759 808 815 823 826 835 841 846 859 874 878 916 926 929 983 1023 1054 1083 1086 1379 1738
2664 757 769 1698
2665 523 801
2666 2 344 514 519 534 566 631 744 862 920 927 1709
2667 1 2 23 25 26 83 283 508 514 539 563 716 727 730 734 737 738 750 757 769 777 810 846 857 874 901 910 938 945 1015 1311 1356 1363
2668 928
2669 815
2670 2 16 23 25 26 83 92 377 508 512 514 520 523 539 563 577 607 725 728 735 737 744 747 754 757 769 777 810 811 814 863 1015 1045 1232 1234 1457
2671 538 689 733 736 738 777 790 839 868 910 1005 1208
2672 2 514 728 743 757 769 790 1262
2673 726
2674 618 788 790 804
2675 26 514 618 725 733 735 810 839
2676 23 26 735 873 940
2677 2 92 514 618 714 873 878 1031 1097 1449
2678 2
2679 607 735 1234
2680 733
2681 584 607 777
2682 2 18 32 497 592 618 636 752 773 788 790 823 831 873 895 1045 1129 1395 1895
2683 344 512 514 517 519 523 539 598 689 715 790 840 841 878 1261 1423
2684 18 222 283 520 592 598 636 722 743 787 790 814 818 823 957 1098 1235 1442 1522 1876
2685 26 725
2686 23 26
2687 2 685 715 725 839 1047
2688 2 11 31 324 377 508 514 591 722 733 775 777 790 810 813 815 816 823 829 845 907 994 1153 1154 1279 1334
2689 132 210 512 514 518 521 533 539 542 544 551 570 607 678 689 715 730 786 810 821 827 841 874 878 939 943 1212 1337
2690 514 607
2691 2 18 28 324 523 591 592 618 769 784 787 790 803 810 846 855 1061 1123 1153
2692 2 26 83 92 94 448 517 518 520 618 757 769 781 810 832
2693 83 558 769 810 834
2694 854
2695 283 344 487 492 514 516 528 534 566 605 618 631 672 704 725 744 781 789 796 803 946 1220 1224 1675
2697 725 735 773 847 914 985 1023 1234
2699 1 2 23 26 83 92 222 344 508 514 517 523 544 558 565 577 584 598 618 689 724 725 727 734 737 738 747 757 759 769 814 819 826 839 847 886 926 968 1001 1111 1136 1213
2700 32 607 752
2701 2 514 516 591 663 873 1227 1259
2702 26 64 324 344 497 618 727 733 738 746 810 835 839 870 874 926 1266
2703 1 2 83 92 473 512 514 523 570 607 723 786 855 1016 1644
2704 18 837
2705 726
2706 512 514 570 728 733 747 873
2707 728
2708 814 944 1729
2709 18 394 517 521 570 750 769 773 790 808 873 931
2710 2 32 539 739 752 758 786 809 815 846 881 959 1227
2711 18 523 542 727 747 757 914 1097 1207
2712 539 724 725 819 847 886 914 941 985 1026 1234
2713 1 139 512 514 519 520 598 618 636 689 704 715 725 728 737 743 773 777 794 821 834 975 1023 1204
2714 1 2 64 83 344 517 520 539 577 607 724 727 734 758 763 777 823 849 886 1036 1202 1510
2715 1 2 23 26 92 139 210 286 512 514 538 542 570 584 598 604 621 679 689 716 724 725 727 728 729 734 737 743 750 757 763 769 773 777 790 804 810 839 844 846 847 857 863 885 901 944 1049 1075 1202 1213 1227 1419 1440 1559 1579 1590 1726 1800
2716 757
2717 2 18 61 83 156 164 283 419 542 627 736 764 768 787 788 796 823 921 934 1054 1196 1289
2718 1 607
2719 210 378 514 533 539 542 571 618 728 744 769 790 821 829 835 855 917 942 966 994 1016 1111 1250
2720 210 563 584 733 747 814 849 1157
2721 810
2722 607 618 752 788
2723 733
2724 757
2725 679 772 814 817
2726 283 508 514 618 689 724 725 735 747 814 849 914 1246
2727 514 949
2728 520 724 727 728 737 790 814 839
2729 537 817 819 1071
2730 518 521 769
2731 2 28 523 539 689 716 724 747 757 1386
2732 497 757
2733 1 2 23 26 33 210 514 537 538 544 577 580 591 607 689 733 734 737 750 757 769 777 790 804 814 863 873 895 901 1027 1056 1210 1291 1632
2734 2 26 742
2735 26 514 558 714 716 725 733 735 736 750 788 814 876 977 978 999 1015 1132 1498
2736 733 1023 1257
2737 618 689 726
2738 514 584 724 886 1213
2739 542 558 618 757 804 810 1453
2741 607
2742 512 570 810
2743 2 28 283 324 377 508 514 519 520 563 571 618 621 631 723 730 743 750 769 777 790 810 821 823 824 829 833 844 848 855 874 1063 1098 1198 1203 1391
2744 94 747 881 998
2745 2 15 23 26 139 201 433 514 523 539 542 570 598 644 689 725 728 747 748 752 757 758 819 881 914 968 998 1023 1075 1213 1512
2746 514 715 821 939
2747 514
2748 521 986 1141
2749 2 11 80 344 354 551 577 592 733 798 803 810 826 840 847 916 1429 1518
2750 790
2751 738
2752 2 344 409 448 514 523 539 607 725 727 747 777 790 810 814 819 828 846 1351 1727
2753 563
2754 92 584 724 819 828 1049
2755 18 28 283 324 419 508 514 515 522 523 607 618 733 750 754 769 772 790 874 885 915 929 1021 1186 1234 1580 1588
2756 2 25 26 514 520 523 537 563 618 735 769 810 814 834 876 986
2757 737 757 810
2758 514
2759 2 26 537 607 725 727 737 923
2760 83 514 538 618
2761 2 25 26 83 514 523 539 678 724 769 777 810 814 1257
2762 904
2763 1 2 23 26 83 344 457 514 551 558 570 577 584 585 607 618 689 720 724 725 727 728 734 737 747 750 757 769 786 790 810 814 818 823 839 846 878 892 914 945 985 1023 1049 1204 1224 1227 1311 1523
2764 725
2765 2 17 18 28 210 344 523 533 537 544 592 618 678 714 723 754 769 810 814 817 830 855 872 891 901 1102 1157 1333
2766 28 32 164 283 508 558 590 592 618 678 716 723 728 738 758 769 796 798 810 823 826 1056
2767 1 2 23 25 26 223 324 344 378 448 512 514 516 521 523 544 551 570 571 584 607 618 678 714 724 725 727 728 734 735 737 742 777 788 794 810 811 819 836 839 849 855 878 894 903 953 985 1010 1017 1054 1123 1202 1227
2768 497 733
2769 142 514 759 828 846
2770 1 2 28 139 517 522 523 577 591 618 724 725 727 736 737 738 743 752 757 775 804 816 821 841 945 957 959 982 992 1034 1084 1184 1254 1255 1257 1279 1435 1781
2771 344 539 725 727
2772 2 324 514 542 607 723 729 730 752 769 809 815 816 850 959 1045
2773 26 94 181 618 817 1031
2774 156 433 514 544 607 811 823 878 1102
2775 2 11 18 223 354 514 528 534 577 672 689 711 737 744 777 790 803 804 841 895 936 945 1034 1085 1220 1221 1258 1311 1428 1573
2776 11 354 520 523 542 571 577 750 790 816 826 841 846 895 914 929 1079 1088 1104 1185
2777 118 156 448 463 514 544 570 607 678 810 835 873 894 904 929 1054 1217
2778 2 83
2779 28 344 514 520 523 544 618 631 689 810 871
2780 2 23 523 558 618 795 815
2781 2 4 18 25 28 344 448 457 508 512 514 516 517 518 522 523 538 539 542 558 563 570 571 577 618 701 714 716 723 725 727 747 750 767 790 794 796 810 814 829 830 839 841 850 878 891 895 954 968 987 992 1075 1103 1170 1178 1180 1207 1209 1257 1290 1311 1388 1544 1604 1737 1754
2782 26 523 752 809 881
2783 139 607 747 752 775 809 815 881 942 959
2784 971
2785 83 523 539 724 757 777
2786 863
2787 2 13 18 514 519 607 701 727 743 750 765 769 790 814 855
2788 18 523 592 618 974
2789 514 570 607 689 790
2790 903
2791 523 757 810
2792 2 517 618 728 737 757 769 849 903 1187
2793 502 522 689 758 810 1013
2794 607
2795 2 23 25 26 558 618 725 728 735 737 747 810 1210
2796 233 344 448 497 514 754 796 836 1100
2797 25 26 497 523 854
2798 738 786 809 816 846 959
2799 2 26 94 186 378 514 618 757 789 810 979
2800 83
2801 23 105 433 607 674 733 854 873 1232
2802 2 23 25 514 618 810 1153 1225 1457
2803 724 725 914 985 1377
2804 32 607 723 752 788 810 859 880 881 899
2805 2 18 497 544 757 887 1166
2806 607 733 875
2807 18 618 714 723 790 874 894 1023 1167 1524
2808 726
2809 2 733 735 769
2810 92 739 786 813 873 955
2811 514 592 739 823 959 1435 1692
2812 1 23 514 520 725 727 728 734 757 810 814 1246 1510
2813 810
2814 2 18 23 25 28 344 378 539 563 591 618 636 654 689 714 716 726 777 781 787 789 803 810 811 814 816 839 845 878 934 1141 1166 1262 1281 1298
2815 197 433 517 618 678 714 751 752 913 986 1111 1141 1201 1318
2816 26
2818 25 28 83 92 142 523 538 607 724 728 730 737 739 743 773 788 804 808 815 837 841 851 853 879 936 942 945 956 975 1013 1072 1085 1184 1199 1254 1535 1646
2819 514
2820 2 18 28 32 223 344 354 508 514 519 522 544 563 584 607 678 701 715 726 752 758 762 787 790 798 810 811 823 931 1005 1667 1875
2821 2 18 31 520 579 679 728 733 754 787 810 815 816 959 978 994
2822 521 544 733 873
2823 810 830
2824 497 514 618 733 757 986 1015
2825 354 377 558 577 618 711 737 743 813 819 843 879 888 942 992 1034 1184 1254 1290 1491
2826 1
2827 763 901
2828 724 790 846 863 928
2829 810 989
2830 512 514
2831 733 804 1090 1182
2832 839
2833 1 2 11 18 26 92 132 164 210 283 324 344 457 508 512 514 517 519 521 523 542 570 584 618 716 725 730 736 739 752 754 786 788 790 796 809 815 819 823 841 842 853 870 957 959 975 986 1228 1242 1379 1416
2834 725 914 985
2835 873 1193
2836 28 61 201 236 584 723 733 788 823 842
2837 514 607
2838 83 728 757 844
2839 743
2840 354 514 520 689 1373
2841 739
2842 23 25 556 577 716 733 735 978
2843 512 570 689 810
2844 286 739 809
2845 1 2 32 80 83 344 394 419 508 514 517 538 563 618 654 668 723 725 727 728 730 737 739 744 757 763 769 777 786 814 815 819 823 849 863 901 931 1033 1052 1098 1232 1289 1312 1465 1492 1636
2846 1 2 324 497 514 523 724 727 737 750 752 773 795 870 1213 1292
2847 517 523 577 790
2848 514 523 725
2849 1 2 18 23 26 92 514 570 618 734 735 777 783 794 804 841 849 872 875 889 891 895 926 940 983 997 1023 1160 1204 1207
2850 26 725 733
2851 722 725
2852 23 26 520 584 724 757 819 1202 1213
2853 2 757 783 873 1182
2854 508 517 542 769 808
2855 25 28 64 268 514 542 592 618 725 790 821 827 828 829
2856 551 618 757
2857 724
2858 1 724 763 886
2859 725
2860 15 92 156 201 344 473 520 523 570 619 728 769 810 812 853 987 1200 1305 1474 1508 1510
2861 2 13 18 32 286 344 518 539 558 563 592 618 823 871 913 955
2862 2 4 5 18 25 26 83 94 105 118 210 233 283 341 378 433 448 473 512 514 521 523 537 542 544 548 565 584 585 591 592 598 618 678 679 689 714 744 754 777 782 796 803 810 831 855 871 873 878 885 892 894 913 934 942 946 986 1042 1051 1079 1083 1100 1126 1131 1163 1171 1204 1809
2863 514 515 558 579 618 724 888
2864 1263
2865 26
2866 1 727 1207
2867 733 823
2868 514
2869 1 2 23 26 223 514 519 523 563 566 715 725 730 737 741 747 757 763 777 819 827 846 847 883 901 925 949 1061 1118 1207 1208 1255
2870 23 26 514 570 716 881
2871 514 607 724 752 769
2872 2 497 728 733
2873 26 733
2874 607 810 1003
2875 777
2876 752 757
2877 542
2878 2 544 728 734 839 1210
2879 563 735 816
2880 2 542
2881 2 377 813 816 824
2882 725
2883 2 26 28 354 520 558 599 607 752 790 812 839
2884 2 514 737 738
2885 775
2886 1006
2887 18 198 354 378 457 473 508 514 520 521 523 542 544 548 577 584 607 618 678 714 727 754 810 819 827 841 854 855 873 986 987 999 1007 1061 1082 1128 1129 1170 1207 1258 1273 1283 1318 1404 1561 1579 1622
2888 2 23 26 563 689 716 725 730 750 757 839 887 913 945
2889 4 23 26 508 512 516 533 539 544 551 560 570 577 618 711 721 725 733 737 777 807 821 827 847 878 885 895 903 931 934 939 943 953 971 994 1079 1082 1087 1234
2890 517 518 598 689 721 754 788 828 931 1259
2891 752 786
2893 558 584 885 1203
2894 25 28 210 283 514 667 743 768 790 804 819 823 874 913
2895 23 28 607 733 738 752 769 809 873
2896 1 728
2897 523 532 790 813 894 1204
2898 1 26 668 689 724 728 804
2899 816 875
2900 497
2901 26 742 810
2903 118 324 514 516 584 598 689 715 737 760 768 821 828 840 878 953 1021
2904 377 514 727 757 759 811
2905 542
2906 497 618 716 733 737 757 925 1110
2907 539 584 724 727 757 819
2908 25
2909 2 377 813 816
2910 607 783 934 997 1150 1182 1520 1793
2911 544 752 810
2912 1 2 18 23 25 26 28 83 142 283 344 378 394 514 517 521 523 537 538 571 592 607 616 621 645 689 715 726 730 733 736 738 742 743 750 758 760 761 769 777 790 805 815 816 818 821 832 842 874 876 885 889 921 953 999 1015 1037 1051 1074 1123 1193 1224 1238 1249 1308 1311 1363 1368 1380 1496 1554 1580 1656
2913 725 727
2914 689 728 737 945 1034 1380
2915 810
2916 1 2 18 23 25 32 83 92 94 156 223 266 344 433 514 518 519 520 521 523 534 539 544 556 558 566 592 598 604 695 704 727 728 744 769 773 777 781 788 790 808 810 841 863 871 874 878 886 903 926 958 971 979 982 1017 1039 1048 1073 1125 1207 1316 1322 1355 1388 1405 1462 1483 1500
2917 26 618 728 747 757
2918 2 18 26 28 31 32 42 283 286 324 344 354 412 508 514 523 539 548 551 563 592 598 607 689 701 704 715 724 727 736 738 750 752 772 777 788 790 813 818 821 823 829 832 841 846 874 877 899 913 934 945 957 1008 1015 1098 1102 1222 1224 1234 1311 1312 1355 1377 1387 1499 1549 1702 1779 1829
2919 33 92 618 636 699 764 810 819 845 904 1203 1204
2920 2 23 26 514 539 563 618 725 727 747 757 763 769 810 814 815 819 847 883 886 914 925 941 985 1246
2921 733 814 817 1019
2922 1 2 23 25 26 32 223 512 521 523 537 539 542 544 551 558 563 592 689 725 727 733 737 738 757 787 790 810 821 823 878 943 988 1057 1071
2923 156 201
2924 32 83 223 324 523 539 618 672 689 727 738 750 769 790 804 815 821 829 874 886 983 1010 1015 1198 1216 1667
2925 497
2926 32
2927 558 727 814 895
2928 2 563 725 727 735 810 814 815 819 847 1026 1202 1213
2929 607
2930 2 26 839
2931 26 631 808
2932 18
2933 1 2 23 514 542 570 618 724 725 728 730 737 743 750 757 769 814 846 863 886 888 922 932 1052 1227
2934 769 810 821 853 873 931 1042 1178 1578
2935 514 736 738 804 945 1015 1224
2936 26 83 514 556 607 743 810 853 901 931 959
2937 18 514 558 767 769 790 823 1007 1105 1166
2938 726
2939 1 2 194 344 409 508 519 523 539 558 618 644 656 743 775 777 814 819 829 862 886 1045 1113 1562
2940 18 236 607 618 716 723 783 788 813 823 841 878 907 997 1154 1182 1272 1279 1326 1334 1466 1794 1852
2941 32 592 810
2942 538 598 607 828 904
2943 2 26 63 64 132 344 514 585 618 654 727 739 752 754 769 780 786 787 815 1020 1075 1083 1256
2944 94 463 517 618 823 1229
2945 18 23 25 26 618 716 735 775 942
2946 514
2947 2 28 83 156 514 523 544 584 724 727 886 1192
2948 839 918
2949 11 28 72 723 1025
2950 517 777
2951 523 618
2952 810
2953 2 23 26 283 398 514 517 523 565 577 579 587 607 618 700 716 730 744 757 777 783 794 799 847 853 893 919 1016 1061 1150 1182 1204 1236 1290 1308 1316 1407 1589 1611
2954 747 757
2955 92 223 286 324 378 520 523 542 571 584 592 607 744 747 750 752 787 790 816 823 878 1038 1098 1224
2956 618 809 815 881 959
2957 2 139 508 520 558 711 727 886
2959 18 26 92 94 344 591 615 618 723 734 737 781 879 925 1224
2960 2 537 689 839
2961 2 17 210 276 519 542 619 736 750 769 790 804 816 859 1087 1288 1322
2962 514 584 886
2963 26 132 139 607 618 689 729 730 747 752 769 774 786 790 809 815 881 959 972 1129 1164
2964 689 769 1031 1203 1204
2965 354 514 539 725 810
2966 16 83 618 724 814 817 839 856
2967 607
2968 2 283 520 607 723 909 1032
2969 26 523 725 1111
2970 28 83 330 341 354 508 514 517 521 523 556 591 592 598 608 618 663 689 695 700 701 704 714 722 725 743 777 789 790 796 801 810 818 819 839 841 854 874 934 957 986 997 1015 1044 1049 1078 1079 1111 1135 1157 1207 1224 1404 1659 1661 1662
2971 1 2 222 354 512 539 558 563 577 607 700 711 725 727 736 737 738 777 789 803 804 810 879 945 960 1034 1085 1234 1254 1255 1268 1316 1452 1491 1626
2972 887
2973 521 544 618 725 728 809 814 819 873 885 1118
2974 514
2975 64 324 726 733 763 781 790 823 959
2976 514
2977 514
2978 23 514 516 523 539 563 724 725 727 814 819 886 1023 1037 1111 1207 1746
2979 26 873
2980 544 733
2981 724 725 914
2982 514
2983 734 839 840
2985 734 752 815 839 881 959
2986 1 714 814 817 874 1129
2987 2 18 28 72 283 836 846 955
2988 2 558
2989 726 873
2990 512 537 570 607 724 727 728 733 750 769 790 839 847 886
2991 598 607 618 726 978
2992 23 83 516 532 577 631 724 757
2993 26 958
2994 757 810
2995 607
2996 757 1332
2997 839 901
2998 1042
2999 25 523 577 618 716 758 796 811 855 938 1049
3000 2 31 591 790 809 810 816 823 832 926 994
3001 520 831
3003 512 570
3004 2 18 23 94 222 286 537 618 631 636 650 716 734 751 752 757 769 777 790 808 810 830 881 958 1056 1141 1182 1196 1204 1219 1285 1334 1619
3005 2 23 26 544 716 724 725 728 734 757 777 819
3006 2 607 689
3007 618
3008 607
3009 23 26
3010 344 514 739 759 788 823 831
3011 324 419 497 551 689 733 790 1064 1129 1457 1555
3012 724
3013 577 726
3014 118 344 618
3015 2 18 32 592 826 892 1094
3016 23 514 724 819
3017 538
3018 2 26 251 539 577 661 737 777 803 1047 1058 1073
3019 563
3020 726
3021 18 28 591 733 788
3022 32 563 723 769
3023 607
3024 83 181 514 570 725 757 781 949 1262
3025 808 810
3026 846 957
3027 18 377
3028 539 777 790 804 821 1491
3029 11 25 92 139 210 508 577 736 810 931 945 971 992 1034 1070 1085 1429
3030 11 18 733 837
3032 2 25 26 28 80 201 236 326 354 448 508 521 592 607 699 701 723 725 729 783 788 790 796 810 823 830 842 847 954 997 1102 1224 1232 1563 1751
3033 839
3034 716
3035 497
3036 25 735
3037 752
3038 1 2 23 26 28 344 508 514 523 724 725 727 790 814 886 965 968 1170 1207 1227 1246
3039 23 25 26 83 514
3040 752
3041 156 236 377 514 607 618 835
3042 542 544 725 727 809
3043 733
3044 727 847 1192 1207
3045 1 2 23 26 28 83 92 514 518 520 523 538 539 558 577 604 607 661 678 718 725 727 730 734 741 744 746 752 757 764 768 769 777 807 823 834 839 846 853 862 904 926 936 940 949 983 1015 1023 1090 1124 1225 1227 1257 1292 1377 1480 1800
3046 618
3047 28 512 514 523 539 563 570 591 725 818 1234
3048 875 904
3049 508 539 775 816 827 900
3050 724 1056
3051 18 514
3052 23 733
3053 2 733
3054 1058
3055 1 728
3056 2
3057 843
3058 738
3059 18 344 618 773 836 1094
3060 747 863
3061 1 727 728 769
3062 514 516 789
3064 514 519 607 880
3065 18 324 433 558 823
3066 752 832 881
3067 514
3069 181 344 514 519 592 618 752 826 894 1031
3070 28 48 50 80 82 139 344 508 512 514 522 523 533 537 542 544 551 560 563 571 618 631 689 715 723 736 737 738 743 744 787 792 810 811 821 829 831 835 855 873 885 888 891 939 942 943 953 960 978 988 1049 1054 1083 1098 1129 1207 1337 1352 1371
3071 728 747 748 1364
3072 2 11 18 26 28 94 132 324 497 534 537 542 563 592 618 716 730 733 750 754 773 788 790 830 839 855 861 873 878 929 986 1061 1083 1098 1110 1264 1366 1682
3073 23 514 516 945 1182 1194
3075 728
3076 607
3077 752 809 815 881
3078 2 607 835 904 1052 1120
3079 23 223 283 344 514 516 528 558 577 591 606 704 716 726 754 835 840 874 878 895 939 979 1042 1061 1066 1077 1129 1132 1257 1558 1587 1830
3080 618 733 853
3081 514 538 563 725 738 1234
3082 607
3083 28 64 164 233 268 618 668 716 728 733 743 772 812 839 853 873 1013 1204 1410 1474
3084 728
3086 2 26 354 514 523 539 613 618 725 727 734 814 819 846 847 886 914 985 1026 1202 1246 1286
3087 711 1090 1122
3088 752 815
3089 839
3090 523 725 727 914 985
3091 2 23 94 514 604 724 730 733 735 757 777 841 842 846 873 874 940 1160 1211 1265 1311
3092 523 810
3093 1 810
3094 28 223 516 523 542 558 777 823 902 907 1061 1105 1311 1467
3096 92 156 354 514 542 544 618 724 757 758 786 815 827 828 839 976 1118 1213
3097 2 377 591 733 810 813 816 824 994
3098 777 839
3099 2 23 26 521 523 539 577 689 720 725 726 727 728 735 747 810 814 818 1023
3100 26 344 514 584 607 618 978
3101 2 26 83 286 344 508 514 517 523 539 563 571 618 716 725 728 737 738 741 752 757 769 790 810 814 819 863 886 1328
3102 2 32 558 592 618 728 757 777 790 844 1723
3103 23 514 716 734 736 757 769 788 810 886 1246 1645
3104 18
3105 1 539 544 728 814 854
3106 23 26 607 738
3107 2 72 324 477 508 607 727 833 855 1338
3108 26 344 618 725 727
3109 25 735 876
3110 618 689 1111
3111 18
3112 2 618 769 812
3113 1 2 11 83 222 514 520 579 618 630 676 751 769 777 790 810 879 936 1206 1228
3114 887
3115 876
3116 724 814
3117 514
3118 514 735 810 814
3119 2 25 28 377 394 512 514 523 570 607 700 726 743 750 790 810 1116 1361
3120 18
3121 2 28 32 210 419 533 558 599 777 790 847 895 934 957
3122 344 757 1246 1329
3123 514
3124 836
3125 508 514 519 523 538 539 591 689 733 738 750 758 760 769 777 790 819 842 863 895 945 1291 1586
3126 2 514 519 672 728 794
3127 2 728 757 846 1053
3128 523 724 814
3129 26 790
3130 814
3131 18 23 32 92 223 283 378 618 716 733 738 750 775 790 812 853 885 1016 1031 1049 1083 1228
3132 733
3133 2 268 344 508 514 517 520 523 607 618 661 783 796 810 823 835 919 986 1023 1061 1102 1140 1237 1439
3134 689
3135 514
3136 724 730 810
3137 2 83 514 516 538 542 727 841 846 850 1107 1295 1606 1816
3138 726
3139 689 889
3140 18 23 26 223 514 519 618 704 758 807 873 874 925 958 1595 1619
3141 514 757 811 827
3142 757 839
3143 233 857
3144 577
3145 521 999 1265
3146 607
3147 2 514 539 542 769 790 814 817 841 901 1306
3148 514
3149 733
3150 514
3151 725
3152 64 769 954
3153 2 23 604 607 700 752 788 810 886 949 1166 1214 1621
3154 523 727
3155 32 344 725 727 747 814 886 1207 1265
3156 542 837
3157 2 283 538 558 584 621 631 727 728 737 754 757 769 811 835 922 1129
3158 2 18 25 80 83 276 283 344 514 515 518 520 521 558 560 570 585 607 645 679 695 725 726 727 743 749 750 763 769 777 784 790 801 815 823 853 859 876 994 1033 1047 1091 1184 1390 1580
3159 1 728
3160 94 398 618 721 790 801 931
3161 222
3162 26 571 790 878
3163 591 737 775
3164 725 847
3165 724
3166 1 2 128 537 728 757
3167 727
3168 514 591 777 841 945 1034 1532 1663
3169 607 810
3170 720 810 839
3172 354 577 607 701 721 777 829 939 1129
3173 5 23 25 26 50 94 378 448 457 520 521 544 577 599 618 678 716 775 787 810 855 873 1061 1071 1197 1441
3174 83 523 577 724 725 727 786 814 815 819 847 1424
3175 26 32 283 473 520 521 539 558 560 725 727 728 839 911 983 1033 1074 1285 1471
3176 607 839
3177 809 815 959
3178 26
3179 324 497 870
3180 733
3182 514 757 810
3183 23 584 728 757 1136
3184 544
3185 26 728 839
3186 544
3187 2 508 514 539 563 689 727 730 739 752 769 786 795 809 814 815
3188 23 725 727 752 757
3189 738 814 839
3190 777
3191 354 538 570 721 726
3192 28 94 769 796 810 819 1100 1125
3193 2
3194 2 727 831 1019
3195 512 516 517 520 542 560 570 571 577 607 665 754
3196 5 514 823 831
3197 539 757 819
3198 853
3199 23 725
3200 786 809
3201 18 1725
3202 814
3203 508 724 727 747
3205 2 32 92 94 344 378 551 618 685 730 750 777 786 790 828 894 940 1031 1182 1228 1311
3206 809 815
3207 514 607 722 725 727 752 815 881 985
3208 23 83 517 695 725 727 728 763 769 808 814 1015 1021 1027 1310 1416
3209 727
3210 11
3211 560 689 1227
3212 786
3213 23 26 508 514 517 607 618 742 769 777 814 849 883 926
3214 2 607 644 775
3215 759 783 1182
3216 514
3217 2 714 809 810 1008
3218 786 809
3219 156 236 514 607 823 934
3220 2
3221 518
3222 725 735 814 914 985
3223 607 815
3224 769
3225 23 538 539 577 728 737 757 819 886
3226 570
3227 283 514 592 618 650 695 704 736 752 769 790 810 827 836 863 895 945 993 1083 1217
3228 18 152 223 592 618 811 816
3229 537
3230 523 607 721 737 777 801 843 907 926 1107
3231 514
3232 2 28 324 344 514 520 539 563 607 618 727 750 769 901 1207 1210 1224 1234
3233 516 518 522 563 571 607 821 840 945 1044
3234 829
3235 2 724 727 757 886 892 1213 1227
3236 23
3238 724 886
3239 843 1094
3240 32 539 886
3241 570 733 754 813
3242 904
3243 847
3244 4 18 28 598 744 750 815 841 1224
3245 83 523 570 607 733 1056 1235
3246 739 752
3247 514 521 807 828 873 999
3248 26
3249 812
3250 514
3251 520 733
3252 514 853 878
3253 810 818 1107
3254 728 737
3255 23
3256 198 1056 1359 1404
3257 28
3258 28 457 497 537 618 716 752 830 885 942 992 1110 1260
3259 32
3260 570 810
3261 512 584 727
3262 839
3263 286 618
3264 618
3265 577
3266 863
3267 724
3268 725 727 886 1213
3269 23 83
3270 727
3271 847
3272 570
3273 786
3274 26 512 570
3275 1182
3276 727
3277 544
3278 2 518 585 604 618 725 752 773 790 854 914 959 985
3279 725
3280 139 324 354 523 790 814 815 817 841 940 1123 1135 1289 1323
3281 544 618 814 839 846
3282 2 28 497 539 563 672 769 809 810 815 934 942 1073 1080 1125 1216 1257
3283 850
3284 563 847
3285 843
3286 881
3287 18 23 497 733 737 757 777 781 816
3288 725
3289 344 757 1393
3290 2 887
3291 18 94 378 520 521 714 750 979 1206
3292 514
3293 809 959
3294 773
3295 563
3296 2 23
3297 2 23 26 83 181 457 514 517 539 571 577 584 636 714 724 727 728 737 741 757 769 810 814 819 843 846 849 863 886 891 941 1067 1202 1213 1510
3298 26 728 839 846 901
3299 747
3300 2 83 523
3301 733
3302 517
3303 26 457 733 734
3304 1 2 26 83 128 139 361 514 519 558 689 715 726 739 742 752 759 769 777 790 810 811 815 821 823 839 939 1262 1265 1340
3305 584
3306 726
3307 538 607 1222 1391
3308 2 18 25 26 28 48 92 94 210 344 514 517 518 519 520 521 523 534 539 558 563 607 618 672 689 728 733 735 738 743 750 757 765 769 781 786 789 809 810 815 816 829 844 860 863 878 895 901 903 926 934 942 958 961 978 979 1010 1017 1039 1049 1051 1054 1079 1080 1125 1126 1610
3309 50 61 92 181 512 516 570 592 598 618 758 769 790 816 1075 1090 1224 1228 1242 1517
3310 839
3311 4 25 32 344 514 523 571 1528
3312 18
3313 752
3315 725
3316 2 25 508 607 733 769 819 844 886
3317 2 728 738 783 835 846 863 978 980 1133 1199 1866
3318 18 28
3319 2 23 689
3320 875
3321 849
3322 23
3323 2 23 26 283 517 769 1173
3324 752
3326 726
3327 2 520 560
3328 139 514 598 715 1129 1138
3329 520 591 845
3330 2 523
3331 233 757 769
3332 607
3333 728
3334 11
3335 563
3336 15 28 94 276 286 344 378 497 514 558 577 592 598 604 607 725 727 728 730 757 829 936 1208 1237 1432 1493 1861 1862
3337 2 728 839
3338 2 5 18 32 50 94 201 344 433 487 497 517 519 522 591 598 618 619 672 698 720 725 730 744 754 759 787 814 836 839 862 863 896 920 986 1226 1228 1250 1257 1355 1398 1715 1716
3339 946
3340 514
3341 881
3342 25 26 757
3343 23 514
3344 1 2 32 523 725 814 819
3345 2 18 25 26 28 32 409 508 517 521 736 769 790 803 829 874 948 954 1311
3346 514 518 551 790 850 878 885 988
3347 18 32 621 1083
3348 826 887
3349 1 2 23 26 92 268 523 539 560 577 584 599 621 678 716 724 725 727 728 757 758 787 810 814 819 820 822 839 847 886 1255
3350 2
3351 412 738
3352 738
3353 23 25 28 558 563 584 631 725 750 810 841 951 986 1153 1166 1301 1329 1357
3354 839
3355 523 735 839 876
3356 514 570
3357 32 181
3358 2 18 48 94 236 283 344 514 515 523 537 542 563 605 607 618 714 768 775 781 789 836 839 881 987 1097 1180 1182 1298
3359 836 1049
3360 689
3361 810
3362 618 727 814
3363 786 815
3364 570 618 743 1023 1257
3365 747 814
3366 607
3367 2 23 26 83 283 354 514 523 539 563 685 752 757 769 788 810 819 859 879 886 938 986
3368 757 810
3369 775
3370 28 618 738 810 1090 1155
3371 563
3372 2 330 378 514 523 557 574 618 727 769 790 982 1000 1180
3374 26 727 901 1042
3375 607 738
3376 1 2 83 508 514 520 523 539 563 577 592 685 724 730 743 764 769 788 810 819 888 949 1015 1423
3377 2 23 26 735 769 839 972
3378 139 650 716 728 752 1081 1108 1119 1224 1401
3379 2 11 18 23 26 32 118 156 378 448 508 514 515 517 537 539 571 592 607 618 695 720 725 733 743 750 775 777 790 810 829 855 871 872 900 913 926 937 942 985 986 1010 1079 1102 1111 1135 1207
3380 2 26 83 537 539 727 777 810 1071
3381 727 769
3382 618 730 743 817 873 895 957 1460
3383 523
3384 570
3385 25 514 788 886 901 1804
3386 2 26 83 517 873
3387 523
3388 5 781
3389 1 23 26 164 283 324 354 457 473 514 517 539 592 600 604 701 743 744 757 769 814 823 829 883 888 1015 1027 1071 1083 1208 1234 1257 1280 1322 1871
3390 2 738 790
3391 23
3392 2 728 736 737
3393 1 268 523 544 576 637 726 728 730 737 790 814 863 904 968 1083 1102 1207 1234 1257
3394 2 473 607 829
3395 222
3396 344 514 780
3397 164 283 344 514 542 558 585 599 750 754 810 821 987 1102 1157 1285 1471
3398 752
3399 520 560
3401 23 26 268 514 522 650 724 817 1053
3403 514 1529
3404 523 725 810 886 914 985
3405 733
3406 83
3407 23 514 769
3408 542 847
3409 724 727 886 914 985 1213
3410 724
3411 1 2 283 344 512 514 517 519 538 563 570 585 592 607 618 621 661 679 724 730 733 738 750 754 759 763 769 790 794 810 821 873 978 1071 1234 1282 1308 1467
3412 875
3413 512 523 544 570 584 726 835 1231 1404
3414 2 514 544 565 570 733 775 812 845 851 1296 1425
3415 2 727 728 757 763
3416 83 517 728 757 959
3417 268 283 378 473 577 743 812 853 936 938 1198 1400 1788
3418 757
3419 283 514 551 743 777 794 810 1332
3420 769
3421 1289
3422 2 18 23 26 32 344 394 512 514 517 518 521 522 533 537 539 544 570 577 591 607 618 678 689 716 733 736 741 742 746 749 758 769 773 777 789 794 798 804 808 810 821 873 874 883 939 945 949 960 978 985 1103 1227 1257 1300
3423 64 164 728 743 752 853 936 955 1023 1363 1439
3424 18 92 644 810 1011 1293
3425 786 811 829 931 1736
3426 607
3427 538 689 928 1805
3428 986
3429 28 538 618 757
3430 727 738
3431 757
3432 733
3433 514 728 1083
3434 570
3435 607 980 1054
3436 563 887
3437 571
3438 826 841
3440 689
3441 814 817
3443 764 871
3444 28 223 514 519
3445 607
3446 222 521
3447 571 598 826 1554
3448 752
3449 23 1210
3450 2 11 18 23 25 28 50 233 324 341 344 355 378 457 478 508 512 514 515 516 518 520 521 522 523 542 563 571 591 592 599 607 618 631 646 678 769 787 790 810 836 841 846 850 855 871 886 909 913 914 934 965 985 987 1023 1087 1179 1201 1206 1228 1237 1250 1379 1437 1500 1501
3451 2 28 901
3452 2 728
3453 752
3454 1
3455 863
3456 26 1000 1180
3457 11
3458 2 23 26 83 283 344 514 737 757 814 839 913
3459 83 728 1181
3460 1
3461 18 725 743 769 810 818 819 1166 1198 1282 1418
3462 810
3463 2 631
3464 514
3465 726
3466 747
3467 523
3468 18 25 457 497 514 542 608 631 750 781 823 829 1196 1311
3469 733
3470 563
3472 23 457 514 679 728 734 737 769 810 811
3473 809
3474 607 823 859 1054
3475 344 514 577 1020
3476 26
3477 2 64 508 514 517 518 522 523 563 621 722 724 730 743 769 781 788 803 810 823 830 885 1073 1236 1338 1465
3478 810
3479 223 514 790
3480 2 94 236 398 544 563 584 730 743 749 750 790 810 823 895 899 929 1054 1098 1353 1440
3481 727 728 757
3482 344 394 512 532 558 563 570 618 716 730 733 736 738 750 790 803 823 871
3483 2 18 26 344 514 518 521 537 539 558 599 607 618 650 672 678 711 715 716 736 738 744 752 775 777 783 796 810 815 827 836 839 841 872 873 877 878 881 934 1071 1079 1206
3484 508
3485 512
3486 728
3487 72 283 477 739 790 809 810 815 915 959
3488 786
3489 823 1167
3490 64 558 607 733 750 1188 1424
3491 592
3492 592 839 941
3493 2 769 790 814
3494 25 514 725 808 849
3495 18
3496 2 201 210 608 618 716 784 830 855 1128 1253
3497 836
3498 223 538 607 733
3499 725
3500 514 777
3501 783 1129 1182
3502 936
3503 26
3504 18 25 522 537 539 542 558 584 689 810 821 828 885 939 979 1061
3505 11 733 804 837 1532
3506 846 930 1167
3507 604 759 777 863 1182
3508 523
3509 885
3510 725 847
3511 936
3512 847
3513 283 394 514 727 790 1193
3514 725 847
3515 283 286
3516 514 607
3517 514 743 769 790
3518 809
3519 904
3520 752
3521 2 18 23 26 283 344 522 551 558 577 591 592 604 631 714 716 727 728 736 737 741 742 750 757 758 760 777 790 794 810 814 815 829 846 849 853 871 886 901 907 945 949 975 1010 1033 1267 1409 1423 1575
3522 2 769
3524 811 823
3525 724 725 839
3526 2
3527 724
3528 1 2 18 23 28 32 514 516 538 548 558 618 701 727 728 757 769 808 823 842 855 901 904 957 987 1079 1135 1182 1222 1258 1273 1684
3529 2 23 164 514 741 786 846 1182 1234
3530 783 1182
3531 514 931 1182 1265
3532 813
3533 11 518 757 777 803 934 1233
3534 83 520 544 598 714 737 810 986 1197 1404
3535 784
3536 1 2 18 25 26 32 83 223 283 344 508 514 516 517 519 520 523 534 538 539 542 558 560 563 570 577 579 584 587 591 592 607 618 650 663 667 672 701 711 714 725 727 730 739 742 752 757 758 768 769 773 783 786 788 790 809 810 819 821 841 846 862 870 879 885 886 901 936 955 1023 1073 1228 1342 1460 1593
3537 2 344 517 667 672 744 786 813 849 863 870 879 925 1034 1079 1209
3538 1198
3539 563 1198 1363
3540 849 886 1213
3541 139 841 940
3542 28 63 80 344 514 519 523 608 672 714 744 764 790 796 799 810 829 871 874 885 917 1023 1079 1257 1268 1269 1284 1524
3543 28 92 523 585 618 720 724 757 814 819 847 886 1213
3544 18 48 164 283 514 533 539 783 790 829 1266
3545 283 378 518 523 563 577 584 631 723 728 730 737 750 757 790 895 945 953 1034 1234
3546 2 23 25 26 32 378 514 517 523 539 563 577 618 630 631 725 727 728 730 737 739 750 752 757 758 769 777 786 789 790 809 819 823 846 849 859 876 901 912 948 949 959 983 1084
3547 25 283 515 542 618 661 668 728 743 754 772 812 921 1198
3548 2 26 64 83 223 508 514 544 607 689 734 743 758 786 790 795 801 809 828 982 1010 1110 1203 1224 1356
3549 533 551 600 604 618 723 725 777 790 829 846 1222 1548
3550 2 344 512 514 539 542 563 584 725 727 886
3551 2 23 1769
3552 2 25 28 80 164 517 619 714 736 750 780 790 823 1199 1208
3553 2 23 83 289 577 607 711 724 743 757 758 777 788 829 979 1023 1290 1479 1531 1800
3554 2 15 542 1473
3555 2 514 519 551 608 618 672 715 743 828 994 1042 1253 1429
3556 83 514 618 811 917 931 1759
3557 598 618
3558 2 18 26 83 577 618 738 739 752 810 836 839 871 912 986 1379
3559 1 2 725 733 752 790 809 829 957 986 1052 1257 1292
3560 28 354 542 727 809 823 841 850 888 942 1212
3561 618 689 715
3562 2 539 814 886 891 985
3563 1 704 727 873 1129 1207
3564 769
3565 790 823 1533
3566 18 28 377 433 508 521 592 607 618 678 714 723 743 811 812 823 836 845 855 871 983 1141
3567 2 344 558 607 750 757 777 786 790 809 810 1075 1132 1274
3568 1 18 619 728 730 786 809 815 824 874 944 959 1030 1036 1234 1401 1445
3569 361 512 538 542 544 560 563 571 577 810 829 846 852 870 885 891 1820
3570 786 815 959 975
3571 2 18 83 514 563 592 738 750 757 769 814 849 874 1015 1234 1311 1341 1533 1656
3572 26 83 324 537 563 580 598 618 725 727 736 750 763 769 790 814 817 819 823 874 876 942 1015 1284
3573 1 28 61 514 522 539 599 615 723 794 823 885 886 918 1488
3574 810
3575 25 324 344 508 514 542 563 600 604 724 725 727 744 757 851 987 1011 1097 1126 1207 1246
3576 2 18 23 26 28 32 210 324 344 497 514 542 592 723 743 752 787 823 855 871 942 955 1102 1149 1152 1191 1258 1331 1700
3577 2 18 28 32 210 533 592 618 668 728 794 844 849 940 1049 1224 1413
3578 433 523 563 618 799 828 886 1083 1227 1237 1265 1416 1458
3579 2 18 167 198 344 487 514 607 618 631 636 751 1039 1182 1197 1218 1457 1496
3580 1 2 23 26 181 344 433 514 523 563 618 636 689 716 724 725 727 758 819 847 886 888 934 970 1023 1097 1207 1220 1246 1504
3581 15 18 23 25 514 518 532 539 618 743 814 886 1023 1219 1463
3582 344 514 521 523 563 672 689 714 744 803 862 878 936 957 1079 1098 1220
3583 2 26 64 83 514 521 523 539 689 716 727 737 750 763 769 777 844 913 936 1217 1454
3584 83 539 551 678 725 821
3585 2 739 815 959
3586 25
3587 2 26 514 517 520 542 544 571 577 584 607 631 695 725 742 757 774 777 790 794 810 828 829 840 846 859 902 926 1058 1109 1220 1311 1467 1808
3588 2 268 728 769 777
3589 2 514 563 701 725 727 730 777 844
3590 1230 1231
3591 2 18 23 25 26 64 92 181 514 518 519 539 558 563 571 584 607 618 725 728 733 743 750 754 757 769 777 783 790 850 863 874 888 1114 1123 1182 1202 1234 1332 1466
3592 18 32 521 592 720 787 871
3593 737 757 886
3594 2 521 585 598 618 871 1009 1102 1847
3595 551 618 714 760 810
3596 2 25 28 92 514 517 522 523 537 544 563 689 711 725 727 769 786 790 804 879 1084
3597 25 344 378 508 521 544 577 618 744 749 752 769 787 790 839 858 871 1171 1206 1237 1250 1501
3598 344 734 757 786 839
3599 514 539 551 558 689 715 777 790 1210 1380
3600 25 223 517 520 551 571 584 689 746 790 801 827 843 885 926 1124 1217 1441 1491 1752
3601 520 584 618
3603 18 517 518 542 571 591 618 689 714 716 829 894 986 1078
3604 1 2 23 32 83 139 268 378 508 523 539 577 716 724 725 727 728 749 757 758 786 790 814 819 886 891 914 968 985 1034 1045 1111 1160 1204 1246 1391 1473
3605 1238
3606 1 2 23 26 520 560 716 727 786 883 940 1238
3607 23 508 542 724 725 727 847 914
3608 324 726 790 810 959
3609 514 714 757 803 815 926 1049 1385
3610 286 523 650 728 790 809 959 1056 1123 1211
3611 286 570 577 618 786 790 795 809 823 1045 1224 1242 1243 1411
3612 2 23 83 724 886
3613 577 737 804 885
3614 283 514 520 621 679 725 764 1245
3615 139 563 786
3616 1 344 523 725 727 814 985
3617 2 23
3618 591 607 618 723 724 727 728 841 854 1102 1182
3619 2
3620 577
3621 2
3622 2 23 25 26 344 514 534 537 645 716 742 777 794 810 841 870 942 983 1132 1182 1234 1709
3623 727 769
3624 1 2 23 26 512 539 579 716 724 777 786 857 878 887 1234 1256
3625 2 23 26 276 341 354 512 514 523 539 551 570 577 618 714 715 724 725 727 728 790 810 823 886 901 978 1224 1256
3626 344 354 519 598 704 777 821 900 939 949 1224 1674 1745
3627 542 724 759 810 886
3628 2 94 283 344 378 514 519 557 618 631 689 744 757 788 808 810 821 873 885 903 982 1051 1304 1334 1623
3629 2 23 28 283 514 520 523 539 584 618 724 725 790 1129 1136 1722 1855
3630 2 83 539 724 819 1213
3631 618 836 1219
3632 542 790 794 841
3633 2 283 514 519 522 584 607 618 621 790 810 823 1166 1341 1433 1534 1594
3634 25 497 512 537 631 689 714 728 810 1180
3635 18 23 28 80 139 344 538 584 591 592 723 735 738 743 810 814 817 855 901 939 942 945 1010 1079 1098 1331 1333
3636 725 819
3637 2 23 457 514 737 750 763 769 777 795 817 825 932 1376
3638 512 521 570 726 733 738 790 873 1034
3639 2 18 25 181 210 344 508 514 516 518 519 533 538 539 563 570 577 591 598 678 689 715 736 743 777 804 810 811 821 828 849 940 943 1135 1262 1380 1679 1719 1728
3640 28 520 523 607 754 769 783 845 846 890 907 979 1154 1325 1776
3641 2 23 164 514 523 539 551 570 577 607 716 728 747 752 758 765 777 787 788 790 815 823 878 881 885 1010
3642 83 749 757 758 1234
3643 725 914 985
3644 514 570 689
3645 2 11 18 714 723 803 810 917 1219
3646 210 344 478 497 523 563 618 667 716 723 764 768 830 836 841 842 996 1011 1141 1157
3647 724
3648 23 727 886 914 944 985 1213
3649 2 26 520 558 725 742 1246 1485
3650 2 23 26 28 50 156 164 223 283 344 514 520 560 598 607 618 621 661 679 689 700 715 739 749 754 777 790 810 823 862 873 1079 1098 1307 1308 1312 1322 1576 1588 1743
3651 2 15 64 542 715 769
3652 984
3653 1 585 689 728 743 750 769 790 820 823 1083 1298
3654 139 607 727 735 739 747 752 757 786 815 881 959
3655 50 63 344 514 519 598 704 744 750 790 803 810 829 1270 1524
3656 2 487 514 542 618 631 769 777 803 876 1182
3658 26 50 156 164 223 268 344 514 519 523 534 585 618 645 689 704 711 716 734 737 744 750 794 827 854 1322 1548
3659 23 521 858 1439
3660 823 983 1276
3661 2 181 487 514 724 752 849 881 959 1136 1246
3662 18 283 419 720 725 863 934
3663 2 283 508 514 542 607 618 621 661 754 769 772 810 849 936 1262 1278 1282 1285 1363
3664 728 1108 1119
3665 344 777 1255
3666 1 2 11 18 23 26 28 64 83 94 210 283 324 508 514 521 533 537 539 551 561 563 584 585 618 650 678 700 725 735 743 754 760 763 769 777 790 813 819 826 841 847 853 855 868 874 885 925 939 1015 1023 1034 1073 1075 1224 1234 1267 1280 1282 1311
3667 725 727 914 985 1207
3668 18 790
3669 704
3670 1 2 23 26 28 223 344 514 523 534 539 618 704 711 716 725 727 728 730 734 737 750 757 763 769 773 777 786 794 808 809 810 862 871 895 903 926 1015 1049 1071 1217 1307 1316 1445 1567
3671 2 512 570 618 733 738 757 769 804 839 874 1123 1265 1332 1569
3672 607 739 907
3673 2 83 378 457 521 523 584 618 724 725 727 777 810 819 1193
3674 25 283 592 645 749 754 769 841 1074 1140 1311 1348 1494 1636
3675 11 94 283 743 926
3676 13 18 83 283 517 607 645 743 749 750 810 891 1198 1384
3677 18 32 48 50 198 457 523 539 544 607 618 636 678 715 727 757 758 760 799 808 819 835 986 1054 1129 1204 1233 1404 1583 1620 1622 1652
3678 23 28 508 725 727 777 886 901 904 985 1207 1227
3679 1 2 283 508 512 517 539 563 724 725 727 728 737 757 814 847 863 886 1049 1202
3680 1 2 64 94 140 508 523 571 661 723 752 759 763 769 801 810 836 1075 1198 1211 1234 1353 1471 1594 1655 1818
3681 42 83 152 201 251 344 478 492 508 521 522 544 592 618 723 744 758 768 769 788 790 796 810 926 957 986 1226 1228 1322 1530
3682 607 878
3683 847 1037
3684 2 25 810 852 936
3685 1 756 809 1113 1223 1401
3686 2 539 724 727 847 886 901 1213
3687 627 810 841 846 942 958 1129 1555
3688 757
3689 23 26 514 1293
3690 598 618 733 853
3691 478 522 584 598 607 750 769 787 801 828 885
3692 2 520 522 551 560 570 577 584 591 689 727 742 760 777 821 828 874 889 987 1257 1311 1374 1423
3693 730 752 809 815
3694 618
3695 2 542 734
3696 618 743
3697 105 618 801
3698 105 618
3699 139 523 584 653 724 819 1784
3700 521 577 618 631 724 727 737 751 815 855 1311
3701 558
3702 23 26 324 514 523 542 618 715 734 810 819 839 863 1010 1098
3703 2 83 519 521 537 544 591 618 716 725 796 836 855 903 957 986 1061 1329 1413
3704 523 818
3705 11 812
3706 409 725 851 914 968
3707 945
3708 508 537 790 1136
3709 1 2 618 728 757 763 780 846 871 1210
3710 2 737 757
3711 18 94 523 592 618
3713 28 685 715 790 811 823 961
3714 152 607 723 819
3716 344
3717 181 344 508 512 514 519 544 570 618 733 752 828 870 873 936 937 1224 1379
3718 733 757 809 815
3719 2 23 26 714 716 736 742 750 810 928
3720 777
3721 618 931
3722 181 519 577 894
3723 523
3724 2 17 26 92 181 512 514 570 585 591 678 689 790 819 821
3725 1 11 18 92 378 521 544 574 592 618 716 744 829 837 1016 1020 1046 1168 1379
3726 1 618 728 734 739 812 839 894 913 959 1228
3727 514 607 739 752 809 959
3728 757
3729 354 538 542 584 689 758 828 850 895 1009 1103
3730 25 222 512 514 521 523 570 607 726 733 738 752 759 790 815 853 855 873 978 1305 1413
3731 354 533 577 804 1034 1254
3732 2 15 26 32 48 83 519 539 551 563 584 618 725 727 728 737 758 769 790 810 814 821 823 859 863 891 944 1214 1227
3733 25 94 201 497 537 618 716 810 836 858 1071
3734 2 64 223 283 514 519 520 521 607 725 727 733 750 752 754 769 770 790 809 810 815 1051 1090 1100 1473
3735 1182
3736 2 18 28 92 94 132 283 344 378 514 515 544 592 607 618 621 661 679 700 716 730 750 754 769 772 810 823 846 847 879 936 1074 1083 1166 1199 1234 1285 1308 1412 1433 1465 1863
3737 2 25 26 223 457 539 577 618 689 716 724 727 747 748 757 758 777 794 853 891 1290 1473
3738 2 459 558 618 757 769 810 978
3739 724 817
3740 728 757
3741 839 853 1345
3742 2 514 607 725 727 734 849 1246 1510
3743 2
3744 83 514 820 1009 1083 1514
3745 724 819 941 1213 1286
3746 751 1325
3747 26 591 841 1184 1266 1584
3748 689 715 727 757 777 847 1207
3749 763
3750 26 50 223 378 514 519 522 571 577 604 711 716 721 734 737 758 759 777 794 810 828 841 853 885 945 961 1023 1034 1200 1234 1409
3751 28 48 94 283 508 607 627 644 689 695 715 729 737 754 768 769 792 796 803 917 938 1023 1079 1228 1285
3752 11 542 618 783 841 853 1427
3753 2 64 283 520 774 823 859 891 1107
3754 618 812
3755 1 2 23 25 26 28 92 324 378 398 473 478 508 514 537 539 542 558 563 577 591 618 667 704 716 733 738 750 758 784 790 794 813 823 829 908 1049 1071 1098 1141 1331 1514 1838 1872
3756 23 542 725 727 814 1170 1507
3757 1334
3759 514 516 560 570 577 711 819 821 873 885 971 1011 1079 1087
3760 64 725 814 1207
3761 1166
3762 1 2 32 514 523 724 725 728 737 757 777 780 877 885 901
3763 544 563 724 725 847 1234
3764 26 80 94 344 592 786 787 986 1129 1389
3765 521 563 826 895
3767 714
3768 1 514 618 728 737
3769 514
3770 2 459 512 514 570 618 689 724 743 810 1132 1237
3771 4 324 508 520 790 829 855 908 1010 1331
3772 1 2 23 26 83 268 523 644 721 724 728 754 761 814 1113 1730 1731
3773 523 618
3774 2 23 25 181 473 514 558 563 604 607 618 689 733 737 757 758 762 769 790 810 831 846 936 1016 1732
3775 752 809 815 959 1049 1056
3776 2 520 744 809 815 975
3777 982
3778 25 517 1141
3779 18 83 286 523 558 810 874 1113 1203 1234 1379
3780 618 1196 1834
3781 2 286 514 520 523 539 542 618 645 777 781 810 815 826 936 1396
3782 354 355 985
3783 733
3784 514 577 759 841 1785
3785 607
3786 1 25 478 497 537 544 618 769
3787 607 879 983
3788 711 983
3789 523 758 822
3790 344 514 519 744 873 885 999 1023
3791 2 23 344 523 714 725 768 769 810 819
3792 419
3793 2 521 539 871 886 934
3794 1 28 810 1000 1787
3795 48 50 83 378 523 544 618 754 1204 1237 1285 1398
3796 517 725 808 954 1083 1692
3797 2 344 508 514 517 518 523 539 600 604 607 733 750 763 769 773 790 810 814
3798 2 514
3799 23 577 604 940 1023
3800 725
3801 2 344 478 514 618 689 744 810 841 855 873 1318
3802 344 508 514 542 618 685 724 787 804 914 1057 1136 1153 1228 1357
3803 2 32 520 537 539
3804 725
3805 514 606 744 777 790 1089 1166
3806 1 523 725 727 1212
3807 2 377 577 678 724 728 769
3808 523 725 814 847 1286 1359
3809 1056 1360
3810 901
3811 863
3812 1 26 725 727 763 847 1246
3813 2 23 901
3814 2 94
3815 2 537 901
3816 2 839
3817 18 28
3818 563 750 804 829 978
3819 223 514 619 769 895 922 1071 1075 1179 1544
3820 2 283 344 514 730 743 762 790 810 823 833 842 870 994 1363 1796
3821 28 50 514 523 618 627 672 715 743 787 794 796 821 957 1021 1033 1047 1079 1262 1329 1633 1708 1763
3822 508 727 728
3823 816
3824 181 514 544 571 1210
3825 28 201 723 788 823 842 1054 1228 1643
3826 26 433 457 508 514 542 725 727 851 1023 1213
3827 591 1034
3828 378 523 618 788 818 871 1049
3829 1 64 92 354 516 518 542 618 728 769 790 938 1049 1074 1103 1198
3830 2 83 514 523 539 725 737 808 814 819 847 886 1023 1075 1140 1257
3831 1 618 815 817 959
3832 514 739 925 1255
3833 2 48 508 517 729 769 1021 1023
3834 701 712 1639
3835 26 28 608 618 744 810 826 829
3836 2 790
3837 790
3838 1 725 814
3839 2 23 64 763 839
3840 689 757
3841 92 618 810 812 850 1049
3842 2
3843 790
3844 725 727 757 847 886 914 985
3845 1380
3846 558
3847 2 15 210 514 810 814 815 1051 1424
3848 2 661 1265
3849 2 18 790
3850 847
3851 828
3852 2 164 689 777 823 926
3854 324 571 790 846
3855 518 539 556 830 841 891 1850
3856 223 517 523 811 978 1219 1233 1392
3857 80
3858 725 769 1036 1246
3859 1 1227
3860 2 23 26 508 523 618 689 704 727 741 769 795 823 870 886 1227 1523
3861 92 729
3862 92
3863 23 25 344 728
3864 837
3865 724
3866 28 591 607 618 726 727 769 787 790 886 1328
3867 28 618 790 829 873 1023
3868 743
3869 746 1204
3870 210
3871 809 881
3872 28 32 591 592 810 871
3873 2 514 689 715 777 901
3874 724
3875 724
3876 725 757 814 849
3878 13 514 743
3879 1 726 918 1397
3880 17 18 32 289 344 517 520 618 728 777 1328 1363
3881 986 987
3882 2 737 821 886 1257
3883 728
3884 2 283 512 570 618 758 769 790 1015 1132
3885 551 563 584 1234 1311
3886 11 23 25 26 118 523 618 769 794 986 1292
3887 2 26 233 522 584 721 722 742 757 777 810 940
3888 788
3889 563 598 757 1325
3890 11 139 512 514 516 538 551 577 607 711 734 736 777 789 808 821 885 926 945 1090
3891 2 92 139 542 728 769
3892 2
3893 514 715 724 808 873
3894 558 862
3895 18 523 598 759 1198 1807
3896 26 518 983
3897 508 542 727 788 850
3898 539 750 790
3899 618 689 714
3900 223 607
3901 2 18 354 514 841
3902 2 538
3903 728 757
3904 607
3905 1 2 28 163 514 757 768 814 1021 1203 1234 1334
3906 607
3907 847
3908 344 517 519 520 522 533 539 542 551 560 570 577 715 725 764 777 804 826 836 860 878 988 1222 1259 1420
3909 25 999
3910 736 804
3911 324
3912 83 724 810 814
3913 532 816
3914 344 592 607 689 714 716 769 936 1010 1413
3915 92 181 448 592 618 894 1031
3916 25 497 508 810 1098
3917 839
3918 538 618
3919 1 523 725 727 777 886 1227
3920 18 28 592 618 777 871 942
3921 959
3922 2 23 26 734 839
3923 538 757 1606
3924 344 514 533 598 715 818 865 1766
3925 94 523 727 743 938 968
3926 728 879 895
3927 18 786
3928 786
3929 223 514
3930 28 80 542 592 788 810 811 823 952 1051 1166 1208 1242 1668 1696
3931 83 1113 1274 1475
3932 83 222 834
3933 2 26 514 591
3934 757
3935 727
3936 2 28 92 514 539 592 809 815 823 849 959 1210
3937 26
3938 2 23 26 570 584 819 821 885
3939 2 26 631 803 823
3940 725
3941 2 23 26 233 508 514 577 607 689 716 725 777 810 821 828 1234 1418
3942 735
3943 2 749 810 857 994
3944 11 570 592 737 743 852 1254
3945 42 94 520 523 539 558 563 570 571 577 736 773 801 840 1228 1415 1441
3946 286 725 737 777 879
3947 324
3948 514 519 689 787 790
3949 1 2 23 83 139 210 514 563 724 730 757 769 777 810 844 849 857 876 886
3950 577 737 777
3951 210 514 523 769 786 790 858 871 934
3952 723 1171 1228 1279 1334
3953 725 970 1023 1055 1097 1207
3954 26 163 512 570 790 936 1182 1334
3955 725 727 925 1246
3956 236 618 1031 1453
3957 542 727
3958 83 517 846 1100 1217 1236 1292 1381
3959 2 514 538 727 738 757
3960 2 181 542 810 841 1266 1280 1584
3961 790
3962 2 18 28 83 650 661 733 750 752 769 790 833 873 1007
3963 523 817
3964 936 1182
3965 32 814 817 940 1019 1023
3966 1 523 577 736
3967 283 804 945
3968 746
3969 1 618 817
3970 539 763 846 863 1015
3971 26
3972 521 871
3973 521 723 934
3974 727 757 849
3975 92
3976 903
3977 222 701 750 790
3978 517 841
3979 409 725
3980 378 517 618 769 803 808
3981 2 907 1578
3982 18 790
3983 64 512 539 542 570 725 1430
3984 83 222
3985 448 810 909 939 1228
3986 512 523 539 577 716 725 758 763 819 822 827 885 1487
3988 1182
3989 1 2 5 25 48 344 361 478 521 522 539 823 1021 1228 1370 1528 1675
3990 1
3991 83 592 724
3992 18 28 538 721 847 883 886 958 1619
3993 538
3994 584 1203
3995 855
3996 478 777
3997 607 736 1047 1083 1102 1442
3998 1 64 222 799 1111
3999 514 563 790
4000 508 523 618 757 847 886
4001 584
4002 810
4003 846
4004 2 83 283 521 585 592 615 618 661 768 792 816 820 921 1349 1350
4005 727 814
4006 1291
4007 537 592 836 878 1061 1135 1213
4008 1056 1671
4009 48 520 521 799 872 934 1056 1135 1336 1607 1671
4010 886
4012 725
4013 514 519 520 560 598
4014 959
4015 2
4016 558 663 819 829
4017 878
4018 1006
4019 542 725 727 790 847 886
4020 809 815 975
4021 26 1175
4022 2 832
4023 539 833
4024 181 514 716 728 815 1485 1748 1823
4025 1311
4026 846
4027 344
4028 28 727 1227
4030 738 945
4031 2 26 289 487 618 743 769 775 828
4032 736 874 1311
4033 618
4034 814 817 886
4035 735
4036 727
4037 198 532 660 1233
4038 2
4039 769
4040 786
4041 2 591
4042 26 716
4043 2 23 283 514 517 539 725 728 750 769 790 809 899 1465
4044 810 886
4045 839
4046 2 26 32 592 752 781 810 846
4047 2 83 777 1265
4048 1 2 18 23 26 508 539 558 563 661 725 737 742 777 798 810 815 1390
4049 847 914
4050 727
4051 839
4052 1
4053 737 853 876 945 1034
4054 607 854 1256
4055 955
4057 18 520 577 790 829 855
4058 523
4059 817
4060 607 769
4061 48 607
4062 236
4063 814 817
4064 18 618 678 775
4065 618
4066 11 837
4067 18 28 514 853 1311
4068 64
4069 945 959 960
4070 542 627 1480 1711
4071 887
4072 887
4073 26 519 563 750 759 777 787 790 810 815 841 1311 1672
4074 2 519 551 631 1311
4075 516 517 518 539 577 758 773 799 814 841
4076 11 737 777 804 810 837 879 945 1072 1720 1815
4077 92 716 812 1031
4078 724 1305
4079 23 26 563 730
4080 2 18 514
4081 5 523 752 819
4082 523 752
4083 563 730
4084 92 286 518 520 538
4085 1182
4086 539
4087 523 814
4088 512 618 1441
4089 772 832
4090 2 521 769 790
4091 754 1237
4092 773
4093 938 955
4094 584
4095 725 786 985
4096 2 23 26 514 636 724 1049 1227
4097 888 1071
4098 18 83 542 563
4099 813 982
4100 514 607 810 839 1455
4101 354 577 715 737
4102 515 839
4104 757
4105 519 523 730 750 789 810
4106 344 598 826 1311
4107 769
4108 716
4109 607 839
4110 344 514 520 539 618 769
4111 64 570 944 1019 1036 1214 1621
4112 2 901
4113 724 725 814
4114 514 607 678 810
4115 2 519 769
4116 28 92 523 607 723 727 788 815 1045 1129 1243
4117 841
4118 80 164 514 517 519 598 743 780 790 900 1063 1245
4119 789 901
4120 18 28 80 542 592 618 768 769 823 1307
4121 814 1247
4122 542 544 1103 1141
4123 853 1023
4124 724
4125 591 725 727
4126 516 556 769 850
4127 48 83 152 201 251 324 508 544 592 723 758 769 788 1228 1603
4128 25 727 757 810 941
4129 251
4130 2 663 819 1023 1483
4131 344 809 879
4132 25 539 715 832
4133 94 542 810 842
4134 286
4135 2 1213
4136 604
4138 514
4139 592 716 790
4140 26
4141 852 1189
4142 2 28 223 551 584 618 827 953 1129 1212 1765
4143 94 448 723 783 878
4144 518
4146 878
4147 520 769
4148 558
4149 728
4150 286 518 661 679 752 809
4152 344 523 678
4153 516 604 743 1887
4154 959 996
4155 823
4156 873
4157 724 727 814
4158 723 823
4159 769
4160 636 723 913 1232
4161 1090
4162 28 886 985
4163 738 777 945 1034
4164 2 734
4165 987
4166 814
4167 2 508 563 810 815 849
4168 2 762 835 1129
4169 2
4170 618 903 1393
4171 11 577
4172 5 324 790 957 987
4173 704 942 1292
4174 584 843
4175 2 32 577 1606
4176 2
4177 1 533 618 678 682 716
4178 83 1126
4179 2 26 734
4180 26 725 734 985
4181 607
4182 32 92 618 754 814 986 987 1357
4183 724 886 1213
4184 1383
4185 618
4186 752
4187 2 539 769 815
4188 11 514 618 841
4189 777 925
4190 2 514 577 724 750 759 886
4191 23 901
4192 523 727
4193 618 1218
4194 523 618 926
4195 678
4196 2 618 737 1234 1626
4197 23 763
4198 2 25 344 377 514 607 757 790 814 821 843 1331
4199 1 23 92 283 514 516 533 542 558 563 724 773 821 975 1136 1223 1224 1748
4200 1 523 1102
4201 851 879 1010
4202 520
4203 725
4204 689 727
4205 679
4206 286 752 809 1118
4207 757 944 1036
4208 23 26 737 876
4209 1203
4210 727 886 914 985
4211 724
4212 514 787 790 810
4213 841 957 1102
4214 2 716
4215 720
4216 23 26 716 739 752 959 975
4217 2 26 539 819
4218 814
4219 811
4220 819
4221 28 50 599 754 790 792 829 1546
4222 23 519 689 715 728 734
4223 757
4224 1079
4225 2 809 1107
4226 523 577
4228 2 737 777 901
4229 1206 1250
4230 1111
4231 23 26 839
4232 678 1061 1322
4233 1 2 26 577 711 725 728 737 757 777 901 925 945 1255
4234 26
4235 584 727
4236 18 222 790
4237 736 886
4238 563
4239 512 520 539 570 577 859 983
4240 801
4241 558 577 777 804
4242 566 752
4244 2 18 514 789
4246 18 32 878 894 936
4247 786
4248 570 891
4249 724
4250 724
4251 18
4252 519 539 701
4253 788
4254 354 514 518 801
4255 2 26 725 901 903
4256 769
4257 604 607 728 876 1013 1023
4258 514 804 879 945 960 1254 1428
4259 542 563
4260 61
4261 94
4262 563 704 769 810 840 879
4263 344 539 570 618 720 855
4264 618 934
4266 181 986 1823
4267 378 757
4268 757
4269 537 743 1110
4270 901
4271 32 788
4272 520
4273 618
4274 521 672
4275 786 847
4276 2 754
4277 738
4278 508 523 539 542 814 829 1057 1201
4279 727
4280 26 28 50 61 512 514 570 716 726 733 752 790 873 1045
4281 727
4282 4
4283 2 1119
4284 2 344 591 716 724 819
4285 32
4286 344
4287 2 1506
4289 733
4290 16
4291 715
4292 809 815
4293 512 539 727
4294 563
4295 210 539 1621
4296 1291
4298 607 859 1219
4299 754 794 1157 1316
4300 1 618 734
4301 815 975 996
4302 23 810
4304 2 139 412 636 1545
4305 948
4306 11 837 879
4307 725 1227
4308 1316
4309 18 522 730
4311 986
4313 210
4314 520 523 814
4315 1219
4316 737 777
4317 584 1042
4318 814
4319 2 181 769
4320 1054 1838
4321 715 939 1262
4322 790 1723
4323 788 841 1224
4324 551 750 777 1234
4326 739 752 815 959 1123
4327 689
4328 733 863
4329 283 344 514 534 571 781 841 862 1785
4330 558
4331 871
4332 512 777 804 945
4333 758 818
4334 25 344 514 836 1220
4335 94 508 618 792 938 1246
4336 18 28 618 1222 1376
4337 2
4338 83 728
4339 23 64 752
4340 92
4341 1 728
4342 26
4343 83 508
4344 2
4345 514
4346 591
4347 1134
4348 769
4349 812
4352 28 544 817 871
4353 716
4354 32 64 344 598 618 716
4355 769
4356 1243
4357 725 757
4358 2 520 678 724 775
4359 520 542 714 764 830
4360 986 1696
4361 23 570 577 584
4362 618 715 885
4363 790
4364 618 886 1416
4365 25
4366 558
4367 2 23 724
4368 83
4370 726 790 853
4371 11 558 757
4372 18 769 799
4373 2 26
4374 2
4375 724
4376 618 777
4377 724 769 1202
4378 839
4379 514
4380 689
4381 728 942
4383 727
4384 11 721 826
4385 607
4386 11
4387 814
4388 223 522 542 560 570 712 811 1392 1524 1618
4389 25 514 871
4390 584 1832
4391 516 517 577 1141
4392 523
4393 32 94
4394 198 591 1056 1171
4395 790
4396 618 841 871
4398 810
4399 839
4400 2 156 577 764 957 1598
4402 733 738 873
4403 577 598 901
4404 790
4406 886
4408 324 618
4409 757
4410 542
4411 689
4412 512 558 563 571 821 891
4413 517 786
4414 2 514
4415 650 1184
4416 725 727
4418 64 627 714 1182
4419 886 1213
4420 1246
4421 26
4422 26
4423 790 823
4424 737
4425 2 344 975 1250
4426 607
4427 544
4428 959
4429 886
4430 936
4431 724 757 855 939 1583
4432 28 689 1632
4433 752
4434 514 724 934
4435 1129
4436 448 523 599 810
4437 619
4439 584
4440 514
4441 516 786 815
4442 83 222 565
4443 850
4444 23
4445 1115 1207 1617
4446 18 497 716 872 1009 1196
4448 2 23 741 777
4449 769 823 829
4450 790
4451 577 939
4452 1439
4454 18 156
4455 26 539 839 1053
4456 539 847
4457 763
4458 715 1207
4459 846
4460 514 725
4461 1042
4462 181 1045
4463 618 1585
4464 790 829
4466 850
4467 598 931
4468 777 1255
4469 514
4470 514 538
4471 750 951
4472 984
4473 377 813
4474 92
4475 750
4476 725
4477 508
4478 750
4479 539 790 986
4480 790
4481 830 1066
4482 814
4483 618 627 1129
4484 83 754 764 781
4485 556
4486 18 936 1358
4487 538
4489 1 757 960 1246
4490 23 727 757
4492 83 714 724
4493 2 811 819 886
4494 15 283
4495 542 725 727
4496 558
4497 814
4498 548 1622
4499 523 618 790
4500 808 821 836
4501 344
4502 2 823 1197 1657
4503 517 741 747 752 786 959
4504 844
4505 26 83
4506 715
4507 23
4508 514
4509 83
4510 810
4511 810 994 1118
4512 64 1879
4513 539
4514 2 23 551 777
4515 725
4516 725 1207
4517 725
4518 268
4519 786
4520 763
4521 560 571 577 942
4522 699
4523 1182
4524 94
4525 618 1113
4526 790 829
4527 378 592 650 714 1682
4528 28 83 730
4529 631
4530 223 344 514 519 744 790 885
4531 542 747 859 1206 1379
4532 728
4533 28 222 730 759 810 814
4534 722
4535 757 941
4536 689
4537 1675
4538 563
4539 743 1676
4540 786 795
4541 514 539 618 725
4542 1136
4543 874 1567
4544 914
4545 539 542
4546 570 607
4547 821
4548 512
4549 518 1681
4550 758
4551 517 522 701 725 891 1129 1257
4552 819
4553 11 728
4554 815
4555 2 283
4556 724
4557 714
4558 577
4559 1 736
4560 1525
4561 1332
4562 727
4563 28 164
4564 18 733 873 978
4565 2 268 283 515 551 621
4566 11
4567 538
4568 790
4569 1 618 816
4570 164 1208
4571 763
4572 618
4573 894 1141
4574 1071
4575 847
4576 725
4577 759 846
4578 777
4579 817
4580 11 1061
4581 523 539 1023
4582 823 869
4583 788
4584 514 607 790
4586 777
4587 725 914 985
4588 11 850
4589 618
4590 1 2
4591 1
4592 514
4593 26 839
4594 815
4595 283 722 841 901
4596 809 815
4597 548 829
4598 1023
4599 32
4600 1102
4601 744
4602 728 997
4604 822 885
4605 2 23 752
4606 1204
4607 539 618 725 754 814 847
4608 521 678 979
4610 936
4611 817
4612 512 517 570
4613 538 598 728
4614 2 607 689 769 819
4615 520 523 1237
4617 502 607
4618 512 516 517 520 542 560 570 571 577
4619 512 516 517 520 542 560 570 571 577 665 758
4620 32 592
4621 523
4622 514 769
4623 577
4624 532 618 790 1056 1233
4625 520
4626 846
4627 341
4628 2 23 737 839 1034
4629 886
4630 514 689 714 1209
4631 2 727 846 904
4632 773 815
4633 1053
4634 886
4635 769
4636 831
4637 769 1111
4638 11
4639 758
4640 508
4641 727 752 777 925 978
4642 847 1246
4643 523 618 1033
4644 728
4645 25 283 810
4646 94
4647 521
4648 598 783
4649 743 872
4650 23 26
4651 32
4652 485 727 790
4653 727
4654 728
4655 11
4656 839
4657 853
4658 2 853
4659 2 50 497
4660 478 512 514 1380 1679
4661 733
4662 725 727
4663 1646
4665 750
4666 1217
4667 804
4668 994
4669 523 1248
4670 11
4672 551
4673 2
4674 725 814
4675 18
4676 752
4677 23 26 757
4678 725
4679 725 728 847
4680 26 821
4681 901
4683 618
4684 724
4685 2 508 724 769 876 1279
4686 1 512 520 570
4687 2 592 1387
4688 508 725
4689 679 723 788
4691 558
4693 539
4694 817
4695 1262 1409
4696 577
4697 2 223
4699 26 757
4700 727
4701 1224
4702 25 720 1079
4703 790
4704 725
4705 777
4706 798
4707 537 592
4708 607
4710 727
4711 520
4712 1031
4713 826
4715 850
4716 11
4717 730
4718 28 223 736 945
4719 757 1334
4720 752
4722 803
4723 810
4724 960
4725 514
4726 1234
4727 539
4728 752
4729 814
4730 742
4731 1207
4732 23 715
4733 618 986
4734 758
4735 727
4736 769 1540
4737 26 777 804 960
4738 64 618
4739 514 519 804 982
4740 804 879
4741 839 1067
4742 83
4743 777
4746 819
4747 728
4748 222
4749 591 839
4750 752
4751 886
4752 814 817
4753 565 727
4754 1213
4755 1010
4756 344
4757 752
4758 2 26
4759 757
4760 517 749
4761 727 886
4762 1 799
4763 725
4764 514 803
4766 725
4767 419
4768 64 926
4769 2 757
4770 519
4771 724
4772 2
4773 378
4774 523 584 810
4775 810
4776 819
4778 2
4779 520
4780 901
4781 714
4782 23 198 412 1035
4783 92
4784 934 1049
4785 523 810 823
4786 2
4787 769
4788 2
4790 814
4791 268 743 961
4792 598 809
4793 689
4794 17 283 743
4795 757
4796 2
4797 514
4798 810
4799 539
4800 1
4801 836
4802 2
4803 987 1129
4804 2 344
4807 841 1375
4808 1
4809 1168
4810 886
4811 1195
4812 901
4813 23
4814 1129
4815 757
4816 757
4817 721 724
4818 544 560 758 821 828 891
4819 728
4820 850
4821 2
4822 25 874
4823 716
4824 563
4825 619
4826 844
4827 829 840
4828 839
4829 757
4830 2 283
4832 577
4834 558
4835 514
4836 2 23
4837 533
4838 598 986
4839 283 607 754 1083
4840 181 433
4841 517 769 808 1265
4842 689
4843 523
4844 892
4845 577
4846 832
4847 18
4848 2 517 741 750
4849 1210
4850 563 730
4851 28
4852 592
4853 957
4854 26
4855 618
4856 895
4857 570
4858 607
4859 80
4860 94
4862 1053
4863 514
4864 512
4866 763 839
4867 847
4868 661 754
4869 618
4871 724 986
4872 689 789
4873 952
4874 725
4875 592
4877 83
4878 558 810
4879 815
4880 752
4882 810
4883 886
4884 1662
4885 538
4886 236
4887 514 894
4888 1136
4889 903 979
4890 726
4891 2
4892 886
4893 1132
4894 83
4895 577
4896 716
4897 23
4898 286
4899 599
4900 839
4901 839
4902 725
4903 727
4904 1257
4905 26
4906 521 544
4907 819
4908 728
4909 514
4910 757
4911 763
4912 584
4914 814
4915 752
4917 790
4918 955
4919 1023 1257
4920 1544
4921 92 815
4922 859 902
4923 730
4924 831
4925 539 737
4926 714 727
4927 2
4928 32 592 1049
4929 32 592
4930 577 1254
4931 901
4932 988
4933 817
4936 1213
4937 2
4938 558
4939 894
4940 1867
4941 2
4942 26 942
4943 538 607
4944 765
4945 1234
4946 727 819
4947 1583
4948 1234
4949 737 1085
4950 1196
4951 542
4952 2 757
4953 775
4954 514
4955 1204
4956 728
4957 463
4958 886
4960 210
4961 728
4962 901
4963 18
4964 542
4965 1037
4966 725
4967 747
4968 83
4969 618
4970 1
4971 725
4972 618 886
4973 781
4974 799
4975 607
4976 539
4977 725 985
4978 354 721 878
4979 1129
4980 520 560 789
4981 839
4982 769
4983 839
4985 727 757
4986 811
4987 883
4988 523
4990 817
4991 514
4992 2
4993 957
4994 814
4995 886
4996 1413
4997 1049
4998 828
4999 591
