head,relation,tail,weight,source,head_type,tail_type
Tannase,inhibits,Solute carrier organic anion transporter family member 1B3,1.0,chembl36,COMPOUND,TARGET
Tannase,inhibits,Solute carrier organic anion transporter family member 1B1,1.0,chembl36,COMPOUND,TARGET
Tannase,inhibits,Cytochrome P450 3A4,1.0,chembl36,COMPOUND,TARGET
Ellagic acid,inhibits,Solute carrier organic anion transporter family member 1B1,1.0,chembl36,COMPOUND,TARGET
Ellagic acid,inhibits,Solute carrier organic anion transporter family member 1B3,1.0,chembl36,COMPOUND,TARGET
"1,2,3,4-Tetrahydro-beta-carboline",inhibits,Solute carrier organic anion transporter family member 1B1,1.0,chembl36,COMPOUND,TARGET
"1,2,3,4-Tetrahydro-beta-carboline",inhibits,Solute carrier organic anion transporter family member 1B3,1.0,chembl36,COMPOUND,TARGET
Tryptamine,inhibits,Solute carrier organic anion transporter family member 1B3,1.0,chembl36,COMPOUND,TARGET
Tryptamine,inhibits,Solute carrier organic anion transporter family member 1B1,1.0,chembl36,COMPOUND,TARGET
Imipramine,inhibits,Cytochrome P450 2D6,1.0,chembl36,COMPOUND,TARGET
Diazepam,inhibits,Solute carrier organic anion transporter family member 1B1,1.0,chembl36,COMPOUND,TARGET
Estrogen,inhibits,Cytochrome P450 3A4,1.0,chembl36,COMPOUND,TARGET
Diethylstilbesterol,inhibits,Cytochrome P450 3A4,1.0,chembl36,COMPOUND,TARGET
Estrogen,inhibits,Solute carrier organic anion transporter family member 1B1,1.0,chembl36,COMPOUND,TARGET
Diethylstilbesterol,inhibits,Solute carrier organic anion transporter family member 1B1,1.0,chembl36,COMPOUND,TARGET
Xanthotoxin,inhibits,Cytochrome P450 2C19,1.0,chembl36,COMPOUND,TARGET
Xanthotoxin,inhibits,Cytochrome P450 3A4,1.0,chembl36,COMPOUND,TARGET
Xanthotoxin,inhibits,Cytochrome P450 2D6,1.0,chembl36,COMPOUND,TARGET
Xanthotoxin,inhibits,Cytochrome P450 1A2,1.0,chembl36,COMPOUND,TARGET
Xanthotoxin,inhibits,Solute carrier organic anion transporter family member 1B1,1.0,chembl36,COMPOUND,TARGET
Xanthotoxin,inhibits,Solute carrier organic anion transporter family member 1B3,1.0,chembl36,COMPOUND,TARGET
Xanthotoxin,inhibits,Cytochrome P450 1A1,1.0,chembl36,COMPOUND,TARGET
Verapamil,inhibits,ATP-dependent translocase ABCB1,1.0,chembl36,COMPOUND,TARGET
Verapamil,inhibits,Cytochrome P450 3A4,1.0,chembl36,COMPOUND,TARGET
coumarin,inhibits,Solute carrier organic anion transporter family member 1B1,1.0,chembl36,COMPOUND,TARGET
coumarin,inhibits,Solute carrier organic anion transporter family member 1B3,1.0,chembl36,COMPOUND,TARGET
Atenolol,inhibits,Solute carrier organic anion transporter family member 1B1,1.0,chembl36,COMPOUND,TARGET
Atenolol,inhibits,Solute carrier organic anion transporter family member 1B3,1.0,chembl36,COMPOUND,TARGET
Acetylsalicylic acid,inhibits,Solute carrier organic anion transporter family member 1B3,1.0,chembl36,COMPOUND,TARGET
Propranolol,inhibits,Cytochrome P450 2D6,1.0,chembl36,COMPOUND,TARGET
Propranolol,inhibits,Cytochrome P450 1A2,1.0,chembl36,COMPOUND,TARGET
Propranolol,inhibits,Cytochrome P450 3A4,1.0,chembl36,COMPOUND,TARGET
Propranolol,inhibits,Cytochrome P450 2C19,1.0,chembl36,COMPOUND,TARGET
Propranolol,inhibits,Cytochrome P450 2C8,1.0,chembl36,COMPOUND,TARGET
Propranolol,inhibits,Cytochrome P450 2C9,1.0,chembl36,COMPOUND,TARGET
Benzamide,inhibits,Cytochrome P450 2C19,1.0,chembl36,COMPOUND,TARGET
Benzamide,inhibits,Cytochrome P450 3A4,1.0,chembl36,COMPOUND,TARGET
Apigenin,inhibits,Cytochrome P450 1A2,1.0,chembl36,COMPOUND,TARGET
Apigenin,inhibits,Cytochrome P450 1A1,1.0,chembl36,COMPOUND,TARGET
Apigenin,inhibits,Cytochrome P450 1B1,1.0,chembl36,COMPOUND,TARGET
Apigenin,inhibits,Cytochrome P450 2C19,1.0,chembl36,COMPOUND,TARGET
Apigenin,inhibits,Cytochrome P450 3A4,1.0,chembl36,COMPOUND,TARGET
Apigenin,inhibits,Cytochrome P450 2C9,1.0,chembl36,COMPOUND,TARGET
Apigenin,inhibits,Solute carrier organic anion transporter family member 1B3,1.0,chembl36,COMPOUND,TARGET
Apigenin,inhibits,Solute carrier organic anion transporter family member 1B1,1.0,chembl36,COMPOUND,TARGET
Poly(divinylbenzene-co-trimethyl(vinylbenzyl)ammonium chloride),inhibits,Solute carrier organic anion transporter family member 1B1,1.0,chembl36,COMPOUND,TARGET
Poly(divinylbenzene-co-trimethyl(vinylbenzyl)ammonium chloride),inhibits,Solute carrier organic anion transporter family member 1B3,1.0,chembl36,COMPOUND,TARGET
Poly(divinylbenzene-co-trimethyl(vinylbenzyl)ammonium chloride),inhibits,Cytochrome P450 3A4,1.0,chembl36,COMPOUND,TARGET
Hydrochlorothiazide,inhibits,Cytochrome P450 2C9,1.0,chembl36,COMPOUND,TARGET
Hydrochlorothiazide,inhibits,Solute carrier organic anion transporter family member 1B1,1.0,chembl36,COMPOUND,TARGET
Hydrochlorothiazide,inhibits,Solute carrier organic anion transporter family member 1B3,1.0,chembl36,COMPOUND,TARGET
Frusemide,inhibits,Solute carrier organic anion transporter family member 1B3,1.0,chembl36,COMPOUND,TARGET
Frusemide,inhibits,Solute carrier organic anion transporter family member 1B1,1.0,chembl36,COMPOUND,TARGET
Kojic acid,inhibits,Solute carrier organic anion transporter family member 1B1,1.0,chembl36,COMPOUND,TARGET
Kojic acid,inhibits,Solute carrier organic anion transporter family member 1B3,1.0,chembl36,COMPOUND,TARGET
"1,3-Benzenediol",inhibits,Cytochrome P450 3A4,1.0,chembl36,COMPOUND,TARGET
"1,3-Benzenediol",inhibits,Solute carrier organic anion transporter family member 1B1,1.0,chembl36,COMPOUND,TARGET
"1,3-Benzenediol",inhibits,Solute carrier organic anion transporter family member 1B3,1.0,chembl36,COMPOUND,TARGET
"(2E,6E)-Farnesol",inhibits,Solute carrier organic anion transporter family member 1B1,1.0,chembl36,COMPOUND,TARGET
Farnesol,inhibits,Solute carrier organic anion transporter family member 1B1,1.0,chembl36,COMPOUND,TARGET
"(2E,6E)-Farnesol",inhibits,Solute carrier organic anion transporter family member 1B3,1.0,chembl36,COMPOUND,TARGET
Farnesol,inhibits,Solute carrier organic anion transporter family member 1B3,1.0,chembl36,COMPOUND,TARGET
Choline chloride,inhibits,Solute carrier organic anion transporter family member 1B3,1.0,chembl36,COMPOUND,TARGET
Choline chloride,inhibits,Solute carrier organic anion transporter family member 1B1,1.0,chembl36,COMPOUND,TARGET
Finasteride,inhibits,Cytochrome P450 3A4,1.0,chembl36,COMPOUND,TARGET
Finasteride,inhibits,Cytochrome P450 2C19,1.0,chembl36,COMPOUND,TARGET
Finasteride,inhibits,Cytochrome P450 2C9,1.0,chembl36,COMPOUND,TARGET
Dimethyl sulfone,inhibits,Solute carrier organic anion transporter family member 1B3,1.0,chembl36,COMPOUND,TARGET
Dimethyl sulfone,inhibits,Solute carrier organic anion transporter family member 1B1,1.0,chembl36,COMPOUND,TARGET
Olanzapine,inhibits,Cytochrome P450 2D6,1.0,chembl36,COMPOUND,TARGET
Ethylenediaminetetraacetic acid,inhibits,Solute carrier organic anion transporter family member 1B3,1.0,chembl36,COMPOUND,TARGET
Ethylenediaminetetraacetic acid,inhibits,Solute carrier organic anion transporter family member 1B1,1.0,chembl36,COMPOUND,TARGET
Berberine,inhibits,Cytochrome P450 2D6,1.0,chembl36,COMPOUND,TARGET
Berberine,inhibits,Cytochrome P450 1B1,1.0,chembl36,COMPOUND,TARGET
Valdecoxib,inhibits,Solute carrier organic anion transporter family member 1B3,1.0,chembl36,COMPOUND,TARGET
Valdecoxib,inhibits,Solute carrier organic anion transporter family member 1B1,1.0,chembl36,COMPOUND,TARGET
Guaifenesin,inhibits,Solute carrier organic anion transporter family member 1B3,1.0,chembl36,COMPOUND,TARGET
Guaifenesin,inhibits,Solute carrier organic anion transporter family member 1B1,1.0,chembl36,COMPOUND,TARGET
"3,4-Dimethoxybenzoic acid",inhibits,Solute carrier organic anion transporter family member 1B3,1.0,chembl36,COMPOUND,TARGET
"3,4-Dimethoxybenzoic acid",inhibits,Solute carrier organic anion transporter family member 1B1,1.0,chembl36,COMPOUND,TARGET
Lisinopril,inhibits,Solute carrier organic anion transporter family member 1B1,1.0,chembl36,COMPOUND,TARGET
Lisinopril,inhibits,Solute carrier organic anion transporter family member 1B3,1.0,chembl36,COMPOUND,TARGET
Azelaic acid,inhibits,Solute carrier organic anion transporter family member 1B3,1.0,chembl36,COMPOUND,TARGET
Azelaic acid,inhibits,Solute carrier organic anion transporter family member 1B1,1.0,chembl36,COMPOUND,TARGET
Benzyl benzoate,inhibits,Solute carrier organic anion transporter family member 1B1,1.0,chembl36,COMPOUND,TARGET
Benzyl benzoate,inhibits,Solute carrier organic anion transporter family member 1B3,1.0,chembl36,COMPOUND,TARGET
Estriol,inhibits,Solute carrier organic anion transporter family member 1B1,1.0,chembl36,COMPOUND,TARGET
Estriol,inhibits,Solute carrier organic anion transporter family member 1B3,1.0,chembl36,COMPOUND,TARGET
Medroxyprogesterone,inhibits,Cytochrome P450 2C19,1.0,chembl36,COMPOUND,TARGET
"p,p'-DDE",inhibits,Cytochrome P450 3A4,1.0,chembl36,COMPOUND,TARGET
"p,p'-DDE",inhibits,Solute carrier organic anion transporter family member 1B1,1.0,chembl36,COMPOUND,TARGET
"p,p'-DDE",inhibits,Solute carrier organic anion transporter family member 1B3,1.0,chembl36,COMPOUND,TARGET
Latex,inhibits,Cytochrome P450 2C19,1.0,chembl36,COMPOUND,TARGET
Latex,inhibits,Solute carrier organic anion transporter family member 1B1,1.0,chembl36,COMPOUND,TARGET
Latex,inhibits,Solute carrier organic anion transporter family member 1B3,1.0,chembl36,COMPOUND,TARGET
"6-hydroxy-1-methyl-1,2,3,4-tetrahydro-beta-carboline",inhibits,Cytochrome P450 3A4,1.0,chembl36,COMPOUND,TARGET
"6-hydroxy-1-methyl-1,2,3,4-tetrahydro-beta-carboline",inhibits,ATP-dependent translocase ABCB1,1.0,chembl36,COMPOUND,TARGET
"6-hydroxy-1-methyl-1,2,3,4-tetrahydro-beta-carboline",inhibits,Solute carrier organic anion transporter family member 1B3,1.0,chembl36,COMPOUND,TARGET
"6-hydroxy-1-methyl-1,2,3,4-tetrahydro-beta-carboline",inhibits,Solute carrier organic anion transporter family member 1B1,1.0,chembl36,COMPOUND,TARGET
Dicoumarol,inhibits,Cytochrome P450 2C9,1.0,chembl36,COMPOUND,TARGET
Dicoumarol,inhibits,Cytochrome P450 2C19,1.0,chembl36,COMPOUND,TARGET
Dicoumarol,inhibits,Cytochrome P450 3A4,1.0,chembl36,COMPOUND,TARGET
beta-Ionone,inhibits,Cytochrome P450 3A4,1.0,chembl36,COMPOUND,TARGET
Allantoin,inhibits,Solute carrier organic anion transporter family member 1B3,1.0,chembl36,COMPOUND,TARGET
Allantoin,inhibits,Solute carrier organic anion transporter family member 1B1,1.0,chembl36,COMPOUND,TARGET
Avocadyne 1-acetate,inhibits,Solute carrier organic anion transporter family member 1B3,1.0,chembl36,COMPOUND,TARGET
Avocadyne 1-acetate,inhibits,Solute carrier organic anion transporter family member 1B1,1.0,chembl36,COMPOUND,TARGET
"(S,E)-Zearalenone",inhibits,Cytochrome P450 3A4,1.0,chembl36,COMPOUND,TARGET
Ethyl linilenate,inhibits,Cytochrome P450 3A4,1.0,chembl36,COMPOUND,TARGET
Apiole,inhibits,Cytochrome P450 3A4,1.0,chembl36,COMPOUND,TARGET
Apiole,inhibits,Solute carrier organic anion transporter family member 1B3,1.0,chembl36,COMPOUND,TARGET
Apiole,inhibits,Solute carrier organic anion transporter family member 1B1,1.0,chembl36,COMPOUND,TARGET
Sulfadiazine,inhibits,Solute carrier organic anion transporter family member 1B1,1.0,chembl36,COMPOUND,TARGET
Sulfadiazine,inhibits,Solute carrier organic anion transporter family member 1B3,1.0,chembl36,COMPOUND,TARGET
5-Methoxytryptamine,inhibits,Solute carrier organic anion transporter family member 1B3,1.0,chembl36,COMPOUND,TARGET
5-Methoxytryptamine,inhibits,Solute carrier organic anion transporter family member 1B1,1.0,chembl36,COMPOUND,TARGET
Serotonin,inhibits,Cytochrome P450 2D6,1.0,chembl36,COMPOUND,TARGET
Sulfadimidine,inhibits,Solute carrier organic anion transporter family member 1B1,1.0,chembl36,COMPOUND,TARGET
Sulfadimidine,inhibits,Solute carrier organic anion transporter family member 1B3,1.0,chembl36,COMPOUND,TARGET
Genistein,inhibits,Cytochrome P450 2C19,1.0,chembl36,COMPOUND,TARGET
Genistein,inhibits,Cytochrome P450 3A4,1.0,chembl36,COMPOUND,TARGET
Genistein,inhibits,Cytochrome P450 2C9,1.0,chembl36,COMPOUND,TARGET
Genistein,inhibits,Solute carrier organic anion transporter family member 1B1,1.0,chembl36,COMPOUND,TARGET
Genistein,inhibits,Solute carrier organic anion transporter family member 1B3,1.0,chembl36,COMPOUND,TARGET
Chalcone,inhibits,Cytochrome P450 3A4,1.0,chembl36,COMPOUND,TARGET
Chalcone,inhibits,Cytochrome P450 1B1,1.0,chembl36,COMPOUND,TARGET
Rotenone,inhibits,Cytochrome P450 2C19,1.0,chembl36,COMPOUND,TARGET
Melatonin,inhibits,Cytochrome P450 2D6,1.0,chembl36,COMPOUND,TARGET
Melatonin,inhibits,Solute carrier organic anion transporter family member 1B3,1.0,chembl36,COMPOUND,TARGET
Melatonin,inhibits,Solute carrier organic anion transporter family member 1B1,1.0,chembl36,COMPOUND,TARGET
Daidzein,inhibits,Cytochrome P450 2C19,1.0,chembl36,COMPOUND,TARGET
Daidzein,inhibits,Cytochrome P450 2C9,1.0,chembl36,COMPOUND,TARGET
Daidzein,inhibits,Solute carrier organic anion transporter family member 1B3,1.0,chembl36,COMPOUND,TARGET
Daidzein,inhibits,Solute carrier organic anion transporter family member 1B1,1.0,chembl36,COMPOUND,TARGET
Enkephalin L,inhibits,Solute carrier organic anion transporter family member 1B1,1.0,chembl36,COMPOUND,TARGET
Enkephalin L,inhibits,Solute carrier organic anion transporter family member 1B3,1.0,chembl36,COMPOUND,TARGET
Baicalein,inhibits,Cytochrome P450 2C19,1.0,chembl36,COMPOUND,TARGET
Baicalein,inhibits,Cytochrome P450 2C9,1.0,chembl36,COMPOUND,TARGET
Baicalein,inhibits,Cytochrome P450 1A1,1.0,chembl36,COMPOUND,TARGET
Baicalein,inhibits,Cytochrome P450 1B1,1.0,chembl36,COMPOUND,TARGET
Baicalein,inhibits,Solute carrier organic anion transporter family member 1B3,1.0,chembl36,COMPOUND,TARGET
Baicalein,inhibits,Solute carrier organic anion transporter family member 1B1,1.0,chembl36,COMPOUND,TARGET
Baicalein,inhibits,Cytochrome P450 3A4,1.0,chembl36,COMPOUND,TARGET
Quercetin,inhibits,Cytochrome P450 1A2,1.0,chembl36,COMPOUND,TARGET
Quercetin,inhibits,Cytochrome P450 1A1,1.0,chembl36,COMPOUND,TARGET
Quercetin,inhibits,Cytochrome P450 1B1,1.0,chembl36,COMPOUND,TARGET
Quercetin,inhibits,Cytochrome P450 3A4,1.0,chembl36,COMPOUND,TARGET
Quercetin,inhibits,Cytochrome P450 2C9,1.0,chembl36,COMPOUND,TARGET
Quercetin,inhibits,Solute carrier organic anion transporter family member 1B1,1.0,chembl36,COMPOUND,TARGET
Quercetin,inhibits,Solute carrier organic anion transporter family member 1B3,1.0,chembl36,COMPOUND,TARGET
Quercetin,inhibits,Cytochrome P450 2C8,1.0,chembl36,COMPOUND,TARGET
Methyldopa,inhibits,Solute carrier organic anion transporter family member 1B1,1.0,chembl36,COMPOUND,TARGET
Methyldopa,inhibits,Solute carrier organic anion transporter family member 1B3,1.0,chembl36,COMPOUND,TARGET
Mastic gum,inhibits,ATP-dependent translocase ABCB1,1.0,chembl36,COMPOUND,TARGET
Mastic gum,inhibits,Cytochrome P450 3A4,1.0,chembl36,COMPOUND,TARGET
Mastic gum,inhibits,Cytochrome P450 2D6,1.0,chembl36,COMPOUND,TARGET
Mastic gum,inhibits,Solute carrier organic anion transporter family member 1B1,1.0,chembl36,COMPOUND,TARGET
Mastic gum,inhibits,Solute carrier organic anion transporter family member 1B3,1.0,chembl36,COMPOUND,TARGET
Mastic gum,inhibits,Cytochrome P450 2C19,1.0,chembl36,COMPOUND,TARGET
salicyl alcohol,inhibits,Solute carrier organic anion transporter family member 1B1,1.0,chembl36,COMPOUND,TARGET
salicyl alcohol,inhibits,Solute carrier organic anion transporter family member 1B3,1.0,chembl36,COMPOUND,TARGET
"1,2-Benzenediol",inhibits,Cytochrome P450 3A4,1.0,chembl36,COMPOUND,TARGET
Hypericin,inhibits,Cytochrome P450 3A4,1.0,chembl36,COMPOUND,TARGET
Epigallocatechin-3-gallate,inhibits,ATP-dependent translocase ABCB1,1.0,chembl36,COMPOUND,TARGET
Epigallocatechin,inhibits,Solute carrier organic anion transporter family member 1B3,1.0,chembl36,COMPOUND,TARGET
Epigallocatechin,inhibits,Solute carrier organic anion transporter family member 1B1,1.0,chembl36,COMPOUND,TARGET
Creatinine,inhibits,Solute carrier organic anion transporter family member 1B1,1.0,chembl36,COMPOUND,TARGET
Creatinine,inhibits,Solute carrier organic anion transporter family member 1B3,1.0,chembl36,COMPOUND,TARGET
Urea,inhibits,Solute carrier organic anion transporter family member 1B1,1.0,chembl36,COMPOUND,TARGET
Urea,inhibits,Solute carrier organic anion transporter family member 1B3,1.0,chembl36,COMPOUND,TARGET
Tolnaftate,inhibits,Cytochrome P450 2C19,1.0,chembl36,COMPOUND,TARGET
Tolnaftate,inhibits,Cytochrome P450 3A4,1.0,chembl36,COMPOUND,TARGET
Tolnaftate,inhibits,Cytochrome P450 2C9,1.0,chembl36,COMPOUND,TARGET
Tolnaftate,inhibits,Solute carrier organic anion transporter family member 1B1,1.0,chembl36,COMPOUND,TARGET
Tolnaftate,inhibits,Solute carrier organic anion transporter family member 1B3,1.0,chembl36,COMPOUND,TARGET
4-Methylaesculetin,inhibits,Solute carrier organic anion transporter family member 1B1,1.0,chembl36,COMPOUND,TARGET
4-Methylaesculetin,inhibits,Solute carrier organic anion transporter family member 1B3,1.0,chembl36,COMPOUND,TARGET
Isobergapten,inhibits,Solute carrier organic anion transporter family member 1B3,1.0,chembl36,COMPOUND,TARGET
Isobergapten,inhibits,Solute carrier organic anion transporter family member 1B1,1.0,chembl36,COMPOUND,TARGET
Parathion,inhibits,Cytochrome P450 3A4,1.0,chembl36,COMPOUND,TARGET
Parathion,inhibits,ATP-dependent translocase ABCB1,1.0,chembl36,COMPOUND,TARGET
hydroquinone-O-β-D-glucopyranoside,inhibits,Solute carrier organic anion transporter family member 1B1,1.0,chembl36,COMPOUND,TARGET
hydroquinone-O-β-D-glucopyranoside,inhibits,Solute carrier organic anion transporter family member 1B3,1.0,chembl36,COMPOUND,TARGET
Imidacloprid,inhibits,Solute carrier organic anion transporter family member 1B3,1.0,chembl36,COMPOUND,TARGET
Imidacloprid,inhibits,Solute carrier organic anion transporter family member 1B1,1.0,chembl36,COMPOUND,TARGET
Riboflavine,inhibits,Cytochrome P450 2C19,1.0,chembl36,COMPOUND,TARGET
Riboflavine,inhibits,Solute carrier organic anion transporter family member 1B3,1.0,chembl36,COMPOUND,TARGET
Riboflavine,inhibits,Solute carrier organic anion transporter family member 1B1,1.0,chembl36,COMPOUND,TARGET
(S)-Isocorydine,inhibits,Solute carrier organic anion transporter family member 1B1,1.0,chembl36,COMPOUND,TARGET
(S)-Isocorydine,inhibits,Solute carrier organic anion transporter family member 1B3,1.0,chembl36,COMPOUND,TARGET
Xanthoxylin,inhibits,Solute carrier organic anion transporter family member 1B3,1.0,chembl36,COMPOUND,TARGET
Xanthoxylin,inhibits,Solute carrier organic anion transporter family member 1B1,1.0,chembl36,COMPOUND,TARGET
Canrenone,inhibits,Solute carrier organic anion transporter family member 1B3,1.0,chembl36,COMPOUND,TARGET
Tetrahydrocortisone,inhibits,Solute carrier organic anion transporter family member 1B1,1.0,chembl36,COMPOUND,TARGET
Tetrahydrocortisone,inhibits,Solute carrier organic anion transporter family member 1B3,1.0,chembl36,COMPOUND,TARGET
Sennoside A,inhibits,Solute carrier organic anion transporter family member 1B1,1.0,chembl36,COMPOUND,TARGET
Sennoside A,inhibits,Solute carrier organic anion transporter family member 1B3,1.0,chembl36,COMPOUND,TARGET
4-Aminohippuric acid,inhibits,Solute carrier organic anion transporter family member 1B1,1.0,chembl36,COMPOUND,TARGET
4-Aminohippuric acid,inhibits,Solute carrier organic anion transporter family member 1B3,1.0,chembl36,COMPOUND,TARGET
Lignans,inhibits,Cytochrome P450 3A4,1.0,chembl36,COMPOUND,TARGET
Lignans,inhibits,Cytochrome P450 2C19,1.0,chembl36,COMPOUND,TARGET
Lignans,inhibits,Cytochrome P450 2C9,1.0,chembl36,COMPOUND,TARGET
Lignans,inhibits,Solute carrier organic anion transporter family member 1B1,1.0,chembl36,COMPOUND,TARGET
Lignans,inhibits,Solute carrier organic anion transporter family member 1B3,1.0,chembl36,COMPOUND,TARGET
Isoniazid,inhibits,Cytochrome P450 3A4,1.0,chembl36,COMPOUND,TARGET
Isoniazid,inhibits,Cytochrome P450 2C19,1.0,chembl36,COMPOUND,TARGET
Isoniazid,inhibits,Solute carrier organic anion transporter family member 1B1,1.0,chembl36,COMPOUND,TARGET
Isoniazid,inhibits,Solute carrier organic anion transporter family member 1B3,1.0,chembl36,COMPOUND,TARGET
(S)-Naringenin,inhibits,Cytochrome P450 1B1,1.0,chembl36,COMPOUND,TARGET
(S)-Naringenin,inhibits,Cytochrome P450 2C19,1.0,chembl36,COMPOUND,TARGET
(S)-Naringenin,inhibits,Cytochrome P450 3A4,1.0,chembl36,COMPOUND,TARGET
(S)-Naringenin,inhibits,Solute carrier organic anion transporter family member 1B1,1.0,chembl36,COMPOUND,TARGET
(S)-Naringenin,inhibits,Solute carrier organic anion transporter family member 1B3,1.0,chembl36,COMPOUND,TARGET
Adenosine,inhibits,Solute carrier organic anion transporter family member 1B3,1.0,chembl36,COMPOUND,TARGET
Adenosine,inhibits,Solute carrier organic anion transporter family member 1B1,1.0,chembl36,COMPOUND,TARGET
Caffeic acid,inhibits,Solute carrier organic anion transporter family member 1B1,1.0,chembl36,COMPOUND,TARGET
trans-Caffeic acid,inhibits,Solute carrier organic anion transporter family member 1B1,1.0,chembl36,COMPOUND,TARGET
cis-Caffeic acid,inhibits,Solute carrier organic anion transporter family member 1B1,1.0,chembl36,COMPOUND,TARGET
trans-caffeate,inhibits,Solute carrier organic anion transporter family member 1B1,1.0,chembl36,COMPOUND,TARGET
Caffeic acid,inhibits,Solute carrier organic anion transporter family member 1B3,1.0,chembl36,COMPOUND,TARGET
trans-Caffeic acid,inhibits,Solute carrier organic anion transporter family member 1B3,1.0,chembl36,COMPOUND,TARGET
cis-Caffeic acid,inhibits,Solute carrier organic anion transporter family member 1B3,1.0,chembl36,COMPOUND,TARGET
trans-caffeate,inhibits,Solute carrier organic anion transporter family member 1B3,1.0,chembl36,COMPOUND,TARGET
"5,7-Dimethylchrysin",inhibits,Solute carrier organic anion transporter family member 1B3,1.0,chembl36,COMPOUND,TARGET
"5,7-Dimethylchrysin",inhibits,Solute carrier organic anion transporter family member 1B1,1.0,chembl36,COMPOUND,TARGET
Phloretin,inhibits,Cytochrome P450 2C19,1.0,chembl36,COMPOUND,TARGET
Phloretin,inhibits,Cytochrome P450 3A4,1.0,chembl36,COMPOUND,TARGET
Phloretin,inhibits,Cytochrome P450 2C9,1.0,chembl36,COMPOUND,TARGET
Phloretin,inhibits,Solute carrier organic anion transporter family member 1B3,1.0,chembl36,COMPOUND,TARGET
Phloretin,inhibits,Solute carrier organic anion transporter family member 1B1,1.0,chembl36,COMPOUND,TARGET
Myricetin,inhibits,Cytochrome P450 2C19,1.0,chembl36,COMPOUND,TARGET
Myricetin 3-digalactoside,inhibits,Cytochrome P450 2C19,1.0,chembl36,COMPOUND,TARGET
Myricetin,inhibits,Cytochrome P450 3A4,1.0,chembl36,COMPOUND,TARGET
Myricetin 3-digalactoside,inhibits,Cytochrome P450 3A4,1.0,chembl36,COMPOUND,TARGET
Myricetin,inhibits,Cytochrome P450 2C9,1.0,chembl36,COMPOUND,TARGET
Myricetin 3-digalactoside,inhibits,Cytochrome P450 2C9,1.0,chembl36,COMPOUND,TARGET
Myricetin,inhibits,Cytochrome P450 1A1,1.0,chembl36,COMPOUND,TARGET
Myricetin 3-digalactoside,inhibits,Cytochrome P450 1A1,1.0,chembl36,COMPOUND,TARGET
Myricetin,inhibits,Cytochrome P450 1B1,1.0,chembl36,COMPOUND,TARGET
Myricetin 3-digalactoside,inhibits,Cytochrome P450 1B1,1.0,chembl36,COMPOUND,TARGET
trans-resveratrol,inhibits,Cytochrome P450 3A4,1.0,chembl36,COMPOUND,TARGET
trans-resveratrol,inhibits,Cytochrome P450 1A2,1.0,chembl36,COMPOUND,TARGET
trans-resveratrol,inhibits,Cytochrome P450 2C19,1.0,chembl36,COMPOUND,TARGET
trans-resveratrol,inhibits,Cytochrome P450 2C9,1.0,chembl36,COMPOUND,TARGET
trans-resveratrol,inhibits,Solute carrier organic anion transporter family member 1B1,1.0,chembl36,COMPOUND,TARGET
trans-resveratrol,inhibits,Solute carrier organic anion transporter family member 1B3,1.0,chembl36,COMPOUND,TARGET
trans-resveratrol,inhibits,Cytochrome P450 1B1,1.0,chembl36,COMPOUND,TARGET
Naphthalen-1-ol,inhibits,Cytochrome P450 1A2,1.0,chembl36,COMPOUND,TARGET
Isopimpinellin,inhibits,Cytochrome P450 3A4,1.0,chembl36,COMPOUND,TARGET
Isopimpinellin,inhibits,Solute carrier organic anion transporter family member 1B1,1.0,chembl36,COMPOUND,TARGET
Isopimpinellin,inhibits,Cytochrome P450 1A1,1.0,chembl36,COMPOUND,TARGET
Isopimpinellin,inhibits,Cytochrome P450 1B1,1.0,chembl36,COMPOUND,TARGET
Isopimpinellin,inhibits,Cytochrome P450 1A2,1.0,chembl36,COMPOUND,TARGET
Isopimpinellin,inhibits,Cytochrome P450 2D6,1.0,chembl36,COMPOUND,TARGET
Isopimpinellin,inhibits,Cytochrome P450 2C9,1.0,chembl36,COMPOUND,TARGET
Isopimpinellin,inhibits,Cytochrome P450 2C19,1.0,chembl36,COMPOUND,TARGET
"Epigallocatechin 3,5-digallate",inhibits,Solute carrier organic anion transporter family member 1B1,1.0,chembl36,COMPOUND,TARGET
"Epigallocatechin 3,5-digallate",inhibits,Solute carrier organic anion transporter family member 1B3,1.0,chembl36,COMPOUND,TARGET
Hypoxanthine,inhibits,Solute carrier organic anion transporter family member 1B1,1.0,chembl36,COMPOUND,TARGET
Hypoxanthine,inhibits,Solute carrier organic anion transporter family member 1B3,1.0,chembl36,COMPOUND,TARGET
Topiramate,inhibits,Solute carrier organic anion transporter family member 1B1,1.0,chembl36,COMPOUND,TARGET
Topiramate,inhibits,Solute carrier organic anion transporter family member 1B3,1.0,chembl36,COMPOUND,TARGET
4-Phenylbutanoic acid,inhibits,Solute carrier organic anion transporter family member 1B1,1.0,chembl36,COMPOUND,TARGET
4-Phenylbutanoic acid,inhibits,Solute carrier organic anion transporter family member 1B3,1.0,chembl36,COMPOUND,TARGET
"(3beta,5beta,8beta,22E,24xi)-Ergosta-6,22-diene-3,5,8-triol",inhibits,ATP-dependent translocase ABCB1,1.0,chembl36,COMPOUND,TARGET
Linonin,inhibits,Solute carrier organic anion transporter family member 1B1,1.0,chembl36,COMPOUND,TARGET
Linonin,inhibits,Solute carrier organic anion transporter family member 1B3,1.0,chembl36,COMPOUND,TARGET
Ginkgolide A,inhibits,Solute carrier organic anion transporter family member 1B1,1.0,chembl36,COMPOUND,TARGET
Ginkgolide A,inhibits,Solute carrier organic anion transporter family member 1B3,1.0,chembl36,COMPOUND,TARGET
Quassin,inhibits,Solute carrier organic anion transporter family member 1B3,1.0,chembl36,COMPOUND,TARGET
Betamipron,inhibits,Solute carrier organic anion transporter family member 1B3,1.0,chembl36,COMPOUND,TARGET
Betamipron,inhibits,Solute carrier organic anion transporter family member 1B1,1.0,chembl36,COMPOUND,TARGET
Dimethylarsinate,inhibits,Solute carrier organic anion transporter family member 1B3,1.0,chembl36,COMPOUND,TARGET
Dimethylarsinate,inhibits,Solute carrier organic anion transporter family member 1B1,1.0,chembl36,COMPOUND,TARGET
Piperonyl acetate,inhibits,Cytochrome P450 3A4,1.0,chembl36,COMPOUND,TARGET
Methyl dihydrojasmonate,inhibits,Solute carrier organic anion transporter family member 1B1,1.0,chembl36,COMPOUND,TARGET
Methyl dihydroepijasmonate,inhibits,Solute carrier organic anion transporter family member 1B1,1.0,chembl36,COMPOUND,TARGET
Methyl dihydrojasmonate,inhibits,Solute carrier organic anion transporter family member 1B3,1.0,chembl36,COMPOUND,TARGET
Methyl dihydroepijasmonate,inhibits,Solute carrier organic anion transporter family member 1B3,1.0,chembl36,COMPOUND,TARGET
D-Glycero-D-manno-heptitol,inhibits,Solute carrier organic anion transporter family member 1B3,1.0,chembl36,COMPOUND,TARGET
D-Glycero-D-manno-heptitol,inhibits,Solute carrier organic anion transporter family member 1B1,1.0,chembl36,COMPOUND,TARGET
Lansoprazole,inhibits,Cytochrome P450 2C19,1.0,chembl36,COMPOUND,TARGET
Lansoprazole,inhibits,Cytochrome P450 2D6,1.0,chembl36,COMPOUND,TARGET
Lansoprazole,inhibits,Solute carrier organic anion transporter family member 1B3,1.0,chembl36,COMPOUND,TARGET
Lansoprazole,inhibits,Solute carrier organic anion transporter family member 1B1,1.0,chembl36,COMPOUND,TARGET
Lansoprazole,inhibits,Cytochrome P450 1A2,1.0,chembl36,COMPOUND,TARGET
Lansoprazole,inhibits,Cytochrome P450 2C8,1.0,chembl36,COMPOUND,TARGET
Flavonoids,inhibits,Solute carrier organic anion transporter family member 1B1,1.0,chembl36,COMPOUND,TARGET
Flavonoids,inhibits,Solute carrier organic anion transporter family member 1B3,1.0,chembl36,COMPOUND,TARGET
Risperidone,inhibits,Cytochrome P450 2C19,1.0,chembl36,COMPOUND,TARGET
Risperidone,inhibits,Cytochrome P450 2D6,1.0,chembl36,COMPOUND,TARGET
African-2(6)-ene,inhibits,Cytochrome P450 2D6,1.0,chembl36,COMPOUND,TARGET
African-2(6)-ene,inhibits,Solute carrier organic anion transporter family member 1B1,1.0,chembl36,COMPOUND,TARGET
African-2(6)-ene,inhibits,Solute carrier organic anion transporter family member 1B3,1.0,chembl36,COMPOUND,TARGET
Ketoconazole,inhibits,Cytochrome P450 3A4,1.0,chembl36,COMPOUND,TARGET
"5,7-Dimethoxyisoflavone",inhibits,Solute carrier organic anion transporter family member 1B1,1.0,chembl36,COMPOUND,TARGET
"5,7-Dimethoxyisoflavone",inhibits,Solute carrier organic anion transporter family member 1B3,1.0,chembl36,COMPOUND,TARGET
cholest-5-en-3-one,inhibits,Solute carrier organic anion transporter family member 1B1,1.0,chembl36,COMPOUND,TARGET
cholest-5-en-3-one,inhibits,Solute carrier organic anion transporter family member 1B3,1.0,chembl36,COMPOUND,TARGET
(Z)-Resveratrol,inhibits,Cytochrome P450 2C19,1.0,chembl36,COMPOUND,TARGET
(Z)-Resveratrol,inhibits,Cytochrome P450 3A4,1.0,chembl36,COMPOUND,TARGET
(Z)-Resveratrol,inhibits,Cytochrome P450 2D6,1.0,chembl36,COMPOUND,TARGET
(Z)-Resveratrol,inhibits,Cytochrome P450 2C9,1.0,chembl36,COMPOUND,TARGET
17-Hydroxyprogesterone,inhibits,Solute carrier organic anion transporter family member 1B1,1.0,chembl36,COMPOUND,TARGET
17-Hydroxyprogesterone,inhibits,Solute carrier organic anion transporter family member 1B3,1.0,chembl36,COMPOUND,TARGET
Demethoxycurcumin,inhibits,ATP-dependent translocase ABCB1,1.0,chembl36,COMPOUND,TARGET
Caffeic acid ester,inhibits,Solute carrier organic anion transporter family member 1B3,1.0,chembl36,COMPOUND,TARGET
Caffeic acid ester,inhibits,Solute carrier organic anion transporter family member 1B1,1.0,chembl36,COMPOUND,TARGET
1-Methylxanthine,inhibits,Solute carrier organic anion transporter family member 1B3,1.0,chembl36,COMPOUND,TARGET
1-Methylxanthine,inhibits,Solute carrier organic anion transporter family member 1B1,1.0,chembl36,COMPOUND,TARGET
Theasinensin B,inhibits,Solute carrier organic anion transporter family member 1B3,1.0,chembl36,COMPOUND,TARGET
Theasinensin B,inhibits,Solute carrier organic anion transporter family member 1B1,1.0,chembl36,COMPOUND,TARGET
Theasinensin D,inhibits,Solute carrier organic anion transporter family member 1B1,1.0,chembl36,COMPOUND,TARGET
Theasinensin D,inhibits,Solute carrier organic anion transporter family member 1B3,1.0,chembl36,COMPOUND,TARGET
"3H-1,2-Dithiole-3-thione",inhibits,Cytochrome P450 3A4,1.0,chembl36,COMPOUND,TARGET
24-Ethylcholesterol,inhibits,Solute carrier organic anion transporter family member 1B1,1.0,chembl36,COMPOUND,TARGET
alpha-Sitosterol,inhibits,Solute carrier organic anion transporter family member 1B1,1.0,chembl36,COMPOUND,TARGET
gamma-Sitosterol,inhibits,Solute carrier organic anion transporter family member 1B1,1.0,chembl36,COMPOUND,TARGET
beta-Sitosterol,inhibits,Solute carrier organic anion transporter family member 1B1,1.0,chembl36,COMPOUND,TARGET
Spinacetin 3-O-glucosyl-(1->6)-[apiosyl(1->2)]-glucoside,inhibits,Solute carrier organic anion transporter family member 1B1,1.0,chembl36,COMPOUND,TARGET
24-Ethylcholesterol,inhibits,Solute carrier organic anion transporter family member 1B3,1.0,chembl36,COMPOUND,TARGET
alpha-Sitosterol,inhibits,Solute carrier organic anion transporter family member 1B3,1.0,chembl36,COMPOUND,TARGET
gamma-Sitosterol,inhibits,Solute carrier organic anion transporter family member 1B3,1.0,chembl36,COMPOUND,TARGET
beta-Sitosterol,inhibits,Solute carrier organic anion transporter family member 1B3,1.0,chembl36,COMPOUND,TARGET
Spinacetin 3-O-glucosyl-(1->6)-[apiosyl(1->2)]-glucoside,inhibits,Solute carrier organic anion transporter family member 1B3,1.0,chembl36,COMPOUND,TARGET
Glutathione,inhibits,Solute carrier organic anion transporter family member 1B3,1.0,chembl36,COMPOUND,TARGET
Glutathione,inhibits,Solute carrier organic anion transporter family member 1B1,1.0,chembl36,COMPOUND,TARGET
Fumitremorgin C,inhibits,ATP-dependent translocase ABCB1,1.0,chembl36,COMPOUND,TARGET
Eugenyl benzoate,inhibits,Cytochrome P450 3A4,1.0,chembl36,COMPOUND,TARGET
Chinese tannin,inhibits,Cytochrome P450 1A2,1.0,chembl36,COMPOUND,TARGET
Chinese tannin,inhibits,Cytochrome P450 2C9,1.0,chembl36,COMPOUND,TARGET
Chinese tannin,inhibits,Solute carrier organic anion transporter family member 1B3,1.0,chembl36,COMPOUND,TARGET
Chinese tannin,inhibits,Solute carrier organic anion transporter family member 1B1,1.0,chembl36,COMPOUND,TARGET
Conidendrin,inhibits,Cytochrome P450 3A4,1.0,chembl36,COMPOUND,TARGET
"3,4,5-Trimethoxycinnamic acid",inhibits,Solute carrier organic anion transporter family member 1B1,1.0,chembl36,COMPOUND,TARGET
"3,4,5-Trimethoxycinnamic acid",inhibits,Solute carrier organic anion transporter family member 1B3,1.0,chembl36,COMPOUND,TARGET
"4',5,7-Trimethylapigenin",inhibits,ATP-dependent translocase ABCB1,1.0,chembl36,COMPOUND,TARGET
Alloxan,inhibits,Solute carrier organic anion transporter family member 1B1,1.0,chembl36,COMPOUND,TARGET
Alloxan,inhibits,Solute carrier organic anion transporter family member 1B3,1.0,chembl36,COMPOUND,TARGET
Citicoline,inhibits,Solute carrier organic anion transporter family member 1B3,1.0,chembl36,COMPOUND,TARGET
Citicoline,inhibits,Solute carrier organic anion transporter family member 1B1,1.0,chembl36,COMPOUND,TARGET
D-Glutamine,inhibits,Cytochrome P450 3A4,1.0,chembl36,COMPOUND,TARGET
Gibberellins,inhibits,Solute carrier organic anion transporter family member 1B1,1.0,chembl36,COMPOUND,TARGET
Gibberellins,inhibits,Solute carrier organic anion transporter family member 1B3,1.0,chembl36,COMPOUND,TARGET
Donepezil,inhibits,Cytochrome P450 3A4,1.0,chembl36,COMPOUND,TARGET
Donepezil,inhibits,ATP-dependent translocase ABCB1,1.0,chembl36,COMPOUND,TARGET
Na-Formyl-1-methyl-b-carboline,inhibits,Cytochrome P450 2D6,1.0,chembl36,COMPOUND,TARGET
Na-Formyl-1-methyl-b-carboline,inhibits,Cytochrome P450 3A4,1.0,chembl36,COMPOUND,TARGET
Na-Formyl-1-methyl-b-carboline,inhibits,Solute carrier organic anion transporter family member 1B3,1.0,chembl36,COMPOUND,TARGET
Na-Formyl-1-methyl-b-carboline,inhibits,Solute carrier organic anion transporter family member 1B1,1.0,chembl36,COMPOUND,TARGET
Norharman,inhibits,Solute carrier organic anion transporter family member 1B1,1.0,chembl36,COMPOUND,TARGET
Norharman,inhibits,Solute carrier organic anion transporter family member 1B3,1.0,chembl36,COMPOUND,TARGET
N-Methylnicotinamide,inhibits,Solute carrier organic anion transporter family member 1B1,1.0,chembl36,COMPOUND,TARGET
N-Acetylarylamine,inhibits,Solute carrier organic anion transporter family member 1B1,1.0,chembl36,COMPOUND,TARGET
N-Acetylarylamine,inhibits,Solute carrier organic anion transporter family member 1B3,1.0,chembl36,COMPOUND,TARGET
AMP,inhibits,Solute carrier organic anion transporter family member 1B1,1.0,chembl36,COMPOUND,TARGET
AMP,inhibits,Solute carrier organic anion transporter family member 1B3,1.0,chembl36,COMPOUND,TARGET
Morin,inhibits,Cytochrome P450 2C9,1.0,chembl36,COMPOUND,TARGET
Morin,inhibits,Solute carrier organic anion transporter family member 1B3,1.0,chembl36,COMPOUND,TARGET
Morin,inhibits,Solute carrier organic anion transporter family member 1B1,1.0,chembl36,COMPOUND,TARGET
Maltol,inhibits,Solute carrier organic anion transporter family member 1B1,1.0,chembl36,COMPOUND,TARGET
Maltol,inhibits,Solute carrier organic anion transporter family member 1B3,1.0,chembl36,COMPOUND,TARGET
Naringenin fructoside,inhibits,Cytochrome P450 3A4,1.0,chembl36,COMPOUND,TARGET
Fisetin,inhibits,Solute carrier organic anion transporter family member 1B3,1.0,chembl36,COMPOUND,TARGET
Fisetin,inhibits,Solute carrier organic anion transporter family member 1B1,1.0,chembl36,COMPOUND,TARGET
beta-Thujaplicin,inhibits,Cytochrome P450 3A4,1.0,chembl36,COMPOUND,TARGET
α-tocopherol,inhibits,Solute carrier organic anion transporter family member 1B1,1.0,chembl36,COMPOUND,TARGET
α-tocopherol,inhibits,Solute carrier organic anion transporter family member 1B3,1.0,chembl36,COMPOUND,TARGET
5alpha-Cholestanone,inhibits,Solute carrier organic anion transporter family member 1B1,1.0,chembl36,COMPOUND,TARGET
5alpha-Cholestanone,inhibits,Solute carrier organic anion transporter family member 1B3,1.0,chembl36,COMPOUND,TARGET
2'-Deoxyguanosine,inhibits,Solute carrier organic anion transporter family member 1B1,1.0,chembl36,COMPOUND,TARGET
2'-Deoxyguanosine,inhibits,Solute carrier organic anion transporter family member 1B3,1.0,chembl36,COMPOUND,TARGET
Capsaicin,inhibits,Cytochrome P450 2C19,1.0,chembl36,COMPOUND,TARGET
Capsaicin,inhibits,Cytochrome P450 2D6,1.0,chembl36,COMPOUND,TARGET
Capsaicin,inhibits,Cytochrome P450 3A4,1.0,chembl36,COMPOUND,TARGET
Capsaicin,inhibits,Cytochrome P450 2C9,1.0,chembl36,COMPOUND,TARGET
"2'-Hydroxy-4',6'-dimethoxychalcone",inhibits,Solute carrier organic anion transporter family member 1B1,1.0,chembl36,COMPOUND,TARGET
"2'-Hydroxy-4',6'-dimethoxychalcone",inhibits,Solute carrier organic anion transporter family member 1B3,1.0,chembl36,COMPOUND,TARGET
Pinostrobin chalcone,inhibits,Cytochrome P450 2C19,1.0,chembl36,COMPOUND,TARGET
Pinostrobin chalcone,inhibits,Cytochrome P450 2C9,1.0,chembl36,COMPOUND,TARGET
Oleanolic acid,inhibits,Solute carrier organic anion transporter family member 1B1,1.0,chembl36,COMPOUND,TARGET
Oleanolic acid,inhibits,Solute carrier organic anion transporter family member 1B3,1.0,chembl36,COMPOUND,TARGET
Myosmine,inhibits,Cytochrome P450 2C19,1.0,chembl36,COMPOUND,TARGET
L-Canavanine,inhibits,Cytochrome P450 3A4,1.0,chembl36,COMPOUND,TARGET
Melezitose,inhibits,Solute carrier organic anion transporter family member 1B1,1.0,chembl36,COMPOUND,TARGET
Melezitose,inhibits,Solute carrier organic anion transporter family member 1B3,1.0,chembl36,COMPOUND,TARGET
"2,3-Dihydroxybenzoic acid",inhibits,Solute carrier organic anion transporter family member 1B1,1.0,chembl36,COMPOUND,TARGET
"2,3-Dihydroxybenzoic acid",inhibits,Solute carrier organic anion transporter family member 1B3,1.0,chembl36,COMPOUND,TARGET
"4,8,5'-Trimethylpsoralen",inhibits,Cytochrome P450 3A4,1.0,chembl36,COMPOUND,TARGET
"4,8,5'-Trimethylpsoralen",inhibits,Solute carrier organic anion transporter family member 1B1,1.0,chembl36,COMPOUND,TARGET
"4,8,5'-Trimethylpsoralen",inhibits,Solute carrier organic anion transporter family member 1B3,1.0,chembl36,COMPOUND,TARGET
Dibutyl phthalate,inhibits,Solute carrier organic anion transporter family member 1B1,1.0,chembl36,COMPOUND,TARGET
Dibutyl phthalate,inhibits,Solute carrier organic anion transporter family member 1B3,1.0,chembl36,COMPOUND,TARGET
Folic acid,inhibits,Solute carrier organic anion transporter family member 1B1,1.0,chembl36,COMPOUND,TARGET
Folic acid,inhibits,Solute carrier organic anion transporter family member 1B3,1.0,chembl36,COMPOUND,TARGET
Coenzyme Q,inhibits,Solute carrier organic anion transporter family member 1B1,1.0,chembl36,COMPOUND,TARGET
Ubiquinone 10,inhibits,Solute carrier organic anion transporter family member 1B1,1.0,chembl36,COMPOUND,TARGET
Coenzyme Q,inhibits,Solute carrier organic anion transporter family member 1B3,1.0,chembl36,COMPOUND,TARGET
Ubiquinone 10,inhibits,Solute carrier organic anion transporter family member 1B3,1.0,chembl36,COMPOUND,TARGET
Clopidogrel,inhibits,Cytochrome P450 2B6,1.0,chembl36,COMPOUND,TARGET
NAD+,inhibits,Solute carrier organic anion transporter family member 1B1,1.0,chembl36,COMPOUND,TARGET
NAD+,inhibits,Solute carrier organic anion transporter family member 1B3,1.0,chembl36,COMPOUND,TARGET
N-acetyl-L-glutamate,inhibits,Solute carrier organic anion transporter family member 1B3,1.0,chembl36,COMPOUND,TARGET
N-acetyl-L-glutamate,inhibits,Solute carrier organic anion transporter family member 1B1,1.0,chembl36,COMPOUND,TARGET
Graveoline,inhibits,Cytochrome P450 2C19,1.0,chembl36,COMPOUND,TARGET
Graveoline,inhibits,Cytochrome P450 3A4,1.0,chembl36,COMPOUND,TARGET
Graveoline,inhibits,Cytochrome P450 2D6,1.0,chembl36,COMPOUND,TARGET
Sulfaquinoxaline,inhibits,Cytochrome P450 2C9,1.0,chembl36,COMPOUND,TARGET
16-F1-phytoprostane,inhibits,Solute carrier organic anion transporter family member 1B1,1.0,chembl36,COMPOUND,TARGET
16-F1-phytoprostane,inhibits,Solute carrier organic anion transporter family member 1B3,1.0,chembl36,COMPOUND,TARGET
Alexomycin,inhibits,Solute carrier organic anion transporter family member 1B1,1.0,chembl36,COMPOUND,TARGET
Alexomycin,inhibits,Solute carrier organic anion transporter family member 1B3,1.0,chembl36,COMPOUND,TARGET
Mercenene,inhibits,Solute carrier organic anion transporter family member 1B1,1.0,chembl36,COMPOUND,TARGET
Mercenene,inhibits,Solute carrier organic anion transporter family member 1B3,1.0,chembl36,COMPOUND,TARGET
4-aminobutanoate,inhibits,Solute carrier organic anion transporter family member 1B3,1.0,chembl36,COMPOUND,TARGET
4-aminobutanoate,inhibits,Solute carrier organic anion transporter family member 1B1,1.0,chembl36,COMPOUND,TARGET
Ibuprofen,inhibits,Solute carrier organic anion transporter family member 1B1,1.0,chembl36,COMPOUND,TARGET
Ibuprofen,inhibits,Solute carrier organic anion transporter family member 1B3,1.0,chembl36,COMPOUND,TARGET
Azythromycin,inhibits,Cytochrome P450 3A4,1.0,chembl36,COMPOUND,TARGET
Gelatin,inhibits,Cytochrome P450 3A4,1.0,chembl36,COMPOUND,TARGET
Gelatin,inhibits,ATP-dependent translocase ABCB1,1.0,chembl36,COMPOUND,TARGET
Gelatin,inhibits,Solute carrier organic anion transporter family member 1B1,1.0,chembl36,COMPOUND,TARGET
Gelatin,inhibits,Solute carrier organic anion transporter family member 1B3,1.0,chembl36,COMPOUND,TARGET
Progesterone,inhibits,Cytochrome P450 2C9,1.0,chembl36,COMPOUND,TARGET
Progesterone,inhibits,Cytochrome P450 3A4,1.0,chembl36,COMPOUND,TARGET
Progesterone,inhibits,Solute carrier organic anion transporter family member 1B1,1.0,chembl36,COMPOUND,TARGET
Progesterone,inhibits,Solute carrier organic anion transporter family member 1B3,1.0,chembl36,COMPOUND,TARGET
Hydroquinone,inhibits,Cytochrome P450 3A4,1.0,chembl36,COMPOUND,TARGET
Hydroquinone,inhibits,Solute carrier organic anion transporter family member 1B3,1.0,chembl36,COMPOUND,TARGET
Hydroquinone,inhibits,Solute carrier organic anion transporter family member 1B1,1.0,chembl36,COMPOUND,TARGET
Imidazole,inhibits,Cytochrome P450 3A4,1.0,chembl36,COMPOUND,TARGET
4-Aminobenzoic acid,inhibits,Solute carrier organic anion transporter family member 1B1,1.0,chembl36,COMPOUND,TARGET
4-aminobenzoate,inhibits,Solute carrier organic anion transporter family member 1B1,1.0,chembl36,COMPOUND,TARGET
4-Aminobenzoic acid,inhibits,Solute carrier organic anion transporter family member 1B3,1.0,chembl36,COMPOUND,TARGET
4-aminobenzoate,inhibits,Solute carrier organic anion transporter family member 1B3,1.0,chembl36,COMPOUND,TARGET
Cycloserine,inhibits,Cytochrome P450 3A4,1.0,chembl36,COMPOUND,TARGET
Coumestrol,inhibits,Solute carrier organic anion transporter family member 1B1,1.0,chembl36,COMPOUND,TARGET
L-Phosphoserine,inhibits,Cytochrome P450 3A4,1.0,chembl36,COMPOUND,TARGET
N-acetyl-serotonin,inhibits,Cytochrome P450 3A4,1.0,chembl36,COMPOUND,TARGET
N-acetyl-serotonin,inhibits,Solute carrier organic anion transporter family member 1B1,1.0,chembl36,COMPOUND,TARGET
N-acetyl-serotonin,inhibits,Solute carrier organic anion transporter family member 1B3,1.0,chembl36,COMPOUND,TARGET
Lactulose,inhibits,Solute carrier organic anion transporter family member 1B3,1.0,chembl36,COMPOUND,TARGET
Lactulose,inhibits,Solute carrier organic anion transporter family member 1B1,1.0,chembl36,COMPOUND,TARGET
Bupropion,inhibits,Cytochrome P450 2C19,1.0,chembl36,COMPOUND,TARGET
Bupropion,inhibits,Solute carrier organic anion transporter family member 1B1,1.0,chembl36,COMPOUND,TARGET
Bupropion,inhibits,Solute carrier organic anion transporter family member 1B3,1.0,chembl36,COMPOUND,TARGET
Herniarin,inhibits,Solute carrier organic anion transporter family member 1B1,1.0,chembl36,COMPOUND,TARGET
Herniarin,inhibits,Solute carrier organic anion transporter family member 1B3,1.0,chembl36,COMPOUND,TARGET
Gossypol,inhibits,Cytochrome P450 2C19,1.0,chembl36,COMPOUND,TARGET
(-)-Gossypol,inhibits,Cytochrome P450 2C19,1.0,chembl36,COMPOUND,TARGET
Gossypol,inhibits,Solute carrier organic anion transporter family member 1B3,1.0,chembl36,COMPOUND,TARGET
(-)-Gossypol,inhibits,Solute carrier organic anion transporter family member 1B3,1.0,chembl36,COMPOUND,TARGET
Gossypol,inhibits,Solute carrier organic anion transporter family member 1B1,1.0,chembl36,COMPOUND,TARGET
(-)-Gossypol,inhibits,Solute carrier organic anion transporter family member 1B1,1.0,chembl36,COMPOUND,TARGET
Umbelliferone,inhibits,Solute carrier organic anion transporter family member 1B3,1.0,chembl36,COMPOUND,TARGET
Famotidine,inhibits,Solute carrier organic anion transporter family member 1B1,1.0,chembl36,COMPOUND,TARGET
Famotidine,inhibits,Solute carrier organic anion transporter family member 1B3,1.0,chembl36,COMPOUND,TARGET
Kynurenic acid,inhibits,Solute carrier organic anion transporter family member 1B3,1.0,chembl36,COMPOUND,TARGET
Kynurenic acid,inhibits,Solute carrier organic anion transporter family member 1B1,1.0,chembl36,COMPOUND,TARGET
Osthol,inhibits,Solute carrier organic anion transporter family member 1B1,1.0,chembl36,COMPOUND,TARGET
Osthol,inhibits,Solute carrier organic anion transporter family member 1B3,1.0,chembl36,COMPOUND,TARGET
Osthol,inhibits,Cytochrome P450 2D6,1.0,chembl36,COMPOUND,TARGET
Osthol,inhibits,Cytochrome P450 2C19,1.0,chembl36,COMPOUND,TARGET
Xanthyletin,inhibits,Solute carrier organic anion transporter family member 1B1,1.0,chembl36,COMPOUND,TARGET
Xanthyletin,inhibits,Solute carrier organic anion transporter family member 1B3,1.0,chembl36,COMPOUND,TARGET
Loratadine,inhibits,Cytochrome P450 2C19,1.0,chembl36,COMPOUND,TARGET
Loratadine,inhibits,Cytochrome P450 3A4,1.0,chembl36,COMPOUND,TARGET
Loratadine,inhibits,Cytochrome P450 2C9,1.0,chembl36,COMPOUND,TARGET
Loratadine,inhibits,Solute carrier organic anion transporter family member 1B3,1.0,chembl36,COMPOUND,TARGET
Loratadine,inhibits,Solute carrier organic anion transporter family member 1B1,1.0,chembl36,COMPOUND,TARGET
Loratadine,inhibits,Cytochrome P450 2C8,1.0,chembl36,COMPOUND,TARGET
Loratadine,inhibits,Cytochrome P450 2D6,1.0,chembl36,COMPOUND,TARGET
Scopoletin,inhibits,Solute carrier organic anion transporter family member 1B3,1.0,chembl36,COMPOUND,TARGET
Scopoletin,inhibits,Solute carrier organic anion transporter family member 1B1,1.0,chembl36,COMPOUND,TARGET
Salbutamol,inhibits,Cytochrome P450 2D6,1.0,chembl36,COMPOUND,TARGET
Amoxycillin,inhibits,Solute carrier organic anion transporter family member 1B1,1.0,chembl36,COMPOUND,TARGET
Amoxycillin,inhibits,Solute carrier organic anion transporter family member 1B3,1.0,chembl36,COMPOUND,TARGET
alpha-Mangostin,inhibits,Cytochrome P450 2C19,1.0,chembl36,COMPOUND,TARGET
alpha-Mangostin,inhibits,Cytochrome P450 2C9,1.0,chembl36,COMPOUND,TARGET
alpha-Mangostin,inhibits,Solute carrier organic anion transporter family member 1B1,1.0,chembl36,COMPOUND,TARGET
alpha-Mangostin,inhibits,Solute carrier organic anion transporter family member 1B3,1.0,chembl36,COMPOUND,TARGET
3-O-Methylkaempferol,inhibits,Cytochrome P450 2D6,1.0,chembl36,COMPOUND,TARGET
Ipriflavone,inhibits,Solute carrier organic anion transporter family member 1B3,1.0,chembl36,COMPOUND,TARGET
Ipriflavone,inhibits,Solute carrier organic anion transporter family member 1B1,1.0,chembl36,COMPOUND,TARGET
7-Methylchrysin,inhibits,Cytochrome P450 2C19,1.0,chembl36,COMPOUND,TARGET
7-Methylchrysin,inhibits,Cytochrome P450 3A4,1.0,chembl36,COMPOUND,TARGET
7-Methylchrysin,inhibits,Cytochrome P450 2C9,1.0,chembl36,COMPOUND,TARGET
Succinylacetone,inhibits,Solute carrier organic anion transporter family member 1B3,1.0,chembl36,COMPOUND,TARGET
Succinylacetone,inhibits,Solute carrier organic anion transporter family member 1B1,1.0,chembl36,COMPOUND,TARGET
Glycosides,inhibits,Solute carrier organic anion transporter family member 1B1,1.0,chembl36,COMPOUND,TARGET
Glycosides,inhibits,Solute carrier organic anion transporter family member 1B3,1.0,chembl36,COMPOUND,TARGET
Oenanthetol acetate,inhibits,Solute carrier organic anion transporter family member 1B1,1.0,chembl36,COMPOUND,TARGET
Oenanthetol acetate,inhibits,Solute carrier organic anion transporter family member 1B3,1.0,chembl36,COMPOUND,TARGET
Chenodeoxycholic acid,inhibits,Solute carrier organic anion transporter family member 1B3,1.0,chembl36,COMPOUND,TARGET
Danazol,inhibits,Cytochrome P450 2C9,1.0,chembl36,COMPOUND,TARGET
Danazol,inhibits,Solute carrier organic anion transporter family member 1B3,1.0,chembl36,COMPOUND,TARGET
Danazol,inhibits,Solute carrier organic anion transporter family member 1B1,1.0,chembl36,COMPOUND,TARGET
Danazol,inhibits,Cytochrome P450 2D6,1.0,chembl36,COMPOUND,TARGET
Danazol,inhibits,Cytochrome P450 2C8,1.0,chembl36,COMPOUND,TARGET
"4-[(6,7-Dihydroxy-3,7-dimethyl-2-octenyl)oxy]-7H-furo[3,2-g][1]benzopyran-7-one",inhibits,Cytochrome P450 3A4,1.0,chembl36,COMPOUND,TARGET
S-sulfo-L-cysteine,inhibits,Cytochrome P450 2C19,1.0,chembl36,COMPOUND,TARGET
4-Methylthio-3-butenyl isothiocyanate,inhibits,Solute carrier organic anion transporter family member 1B1,1.0,chembl36,COMPOUND,TARGET
4-Methylthio-3-butenyl isothiocyanate,inhibits,Solute carrier organic anion transporter family member 1B3,1.0,chembl36,COMPOUND,TARGET
beta-Caryophyllene alcohol,inhibits,Solute carrier organic anion transporter family member 1B1,1.0,chembl36,COMPOUND,TARGET
beta-Caryophyllene alcohol,inhibits,Solute carrier organic anion transporter family member 1B3,1.0,chembl36,COMPOUND,TARGET
Charantin,inhibits,Cytochrome P450 3A4,1.0,chembl36,COMPOUND,TARGET
Charantin,inhibits,Solute carrier organic anion transporter family member 1B1,1.0,chembl36,COMPOUND,TARGET
Charantin,inhibits,Solute carrier organic anion transporter family member 1B3,1.0,chembl36,COMPOUND,TARGET
Thiodiacetic acid,inhibits,Cytochrome P450 2D6,1.0,chembl36,COMPOUND,TARGET
Bergamottin,inhibits,Cytochrome P450 3A4,1.0,chembl36,COMPOUND,TARGET
Fenthion,inhibits,Solute carrier organic anion transporter family member 1B3,1.0,chembl36,COMPOUND,TARGET
Fenthion,inhibits,Solute carrier organic anion transporter family member 1B1,1.0,chembl36,COMPOUND,TARGET
Clotrimazole,inhibits,Cytochrome P450 3A4,1.0,chembl36,COMPOUND,TARGET
Clotrimazole,inhibits,ATP-dependent translocase ABCB1,1.0,chembl36,COMPOUND,TARGET
Clotrimazole,inhibits,Cytochrome P450 2C19,1.0,chembl36,COMPOUND,TARGET
Clotrimazole,inhibits,Cytochrome P450 2D6,1.0,chembl36,COMPOUND,TARGET
Clotrimazole,inhibits,Cytochrome P450 2C9,1.0,chembl36,COMPOUND,TARGET
Clotrimazole,inhibits,Solute carrier organic anion transporter family member 1B3,1.0,chembl36,COMPOUND,TARGET
Clotrimazole,inhibits,Cytochrome P450 1A2,1.0,chembl36,COMPOUND,TARGET
Clotrimazole,inhibits,Cytochrome P450 2C8,1.0,chembl36,COMPOUND,TARGET
Carbadox,inhibits,Solute carrier organic anion transporter family member 1B1,1.0,chembl36,COMPOUND,TARGET
Carbadox,inhibits,Solute carrier organic anion transporter family member 1B3,1.0,chembl36,COMPOUND,TARGET
Olomoucine,inhibits,Cytochrome P450 2D6,1.0,chembl36,COMPOUND,TARGET
Dihydrocinchonine,inhibits,Cytochrome P450 2D6,1.0,chembl36,COMPOUND,TARGET
5-Aminopentanoic acid,inhibits,Cytochrome P450 2D6,1.0,chembl36,COMPOUND,TARGET
shikimate,inhibits,Solute carrier organic anion transporter family member 1B1,1.0,chembl36,COMPOUND,TARGET
shikimate,inhibits,Solute carrier organic anion transporter family member 1B3,1.0,chembl36,COMPOUND,TARGET
4'-Methoxychalcone,inhibits,Solute carrier organic anion transporter family member 1B1,1.0,chembl36,COMPOUND,TARGET
4'-Methoxychalcone,inhibits,Solute carrier organic anion transporter family member 1B3,1.0,chembl36,COMPOUND,TARGET
4'-Methoxychalcone,inhibits,Cytochrome P450 1B1,1.0,chembl36,COMPOUND,TARGET
Kaempferol,inhibits,Cytochrome P450 2C9,1.0,chembl36,COMPOUND,TARGET
Kaempferol,inhibits,Cytochrome P450 1A2,1.0,chembl36,COMPOUND,TARGET
Kaempferol,inhibits,Cytochrome P450 1A1,1.0,chembl36,COMPOUND,TARGET
Kaempferol,inhibits,Cytochrome P450 1B1,1.0,chembl36,COMPOUND,TARGET
Kaempferol,inhibits,Cytochrome P450 2C19,1.0,chembl36,COMPOUND,TARGET
Kaempferol,inhibits,Cytochrome P450 3A4,1.0,chembl36,COMPOUND,TARGET
Kaempferol,inhibits,Cytochrome P450 2D6,1.0,chembl36,COMPOUND,TARGET
Cis-5-Caffeoylquinic acid,inhibits,Solute carrier organic anion transporter family member 1B1,1.0,chembl36,COMPOUND,TARGET
Isochlorogenic acid,inhibits,Solute carrier organic anion transporter family member 1B1,1.0,chembl36,COMPOUND,TARGET
cis-Chlorogenic acid,inhibits,Solute carrier organic anion transporter family member 1B1,1.0,chembl36,COMPOUND,TARGET
3-O-Caffeoyl-muco-quinic acid,inhibits,Solute carrier organic anion transporter family member 1B1,1.0,chembl36,COMPOUND,TARGET
trans-Neochlorogenic acid,inhibits,Solute carrier organic anion transporter family member 1B1,1.0,chembl36,COMPOUND,TARGET
trans-5-O-caffeoyl-D-quinate,inhibits,Solute carrier organic anion transporter family member 1B1,1.0,chembl36,COMPOUND,TARGET
Cis-5-Caffeoylquinic acid,inhibits,Solute carrier organic anion transporter family member 1B3,1.0,chembl36,COMPOUND,TARGET
Isochlorogenic acid,inhibits,Solute carrier organic anion transporter family member 1B3,1.0,chembl36,COMPOUND,TARGET
cis-Chlorogenic acid,inhibits,Solute carrier organic anion transporter family member 1B3,1.0,chembl36,COMPOUND,TARGET
3-O-Caffeoyl-muco-quinic acid,inhibits,Solute carrier organic anion transporter family member 1B3,1.0,chembl36,COMPOUND,TARGET
trans-Neochlorogenic acid,inhibits,Solute carrier organic anion transporter family member 1B3,1.0,chembl36,COMPOUND,TARGET
trans-5-O-caffeoyl-D-quinate,inhibits,Solute carrier organic anion transporter family member 1B3,1.0,chembl36,COMPOUND,TARGET
Luteolin,inhibits,Cytochrome P450 1A2,1.0,chembl36,COMPOUND,TARGET
Luteolin 7-(2''-glucuronylglucuronide) 4'-glucuronide,inhibits,Cytochrome P450 1A2,1.0,chembl36,COMPOUND,TARGET
Luteolin 7-(caffeoylglucoside),inhibits,Cytochrome P450 1A2,1.0,chembl36,COMPOUND,TARGET
Luteolin 7-disulfoglucoside,inhibits,Cytochrome P450 1A2,1.0,chembl36,COMPOUND,TARGET
Luteolin 7-diglucoside,inhibits,Cytochrome P450 1A2,1.0,chembl36,COMPOUND,TARGET
Luteolin 7-rhamnosylglucoside,inhibits,Cytochrome P450 1A2,1.0,chembl36,COMPOUND,TARGET
Luteolin,inhibits,Cytochrome P450 1A1,1.0,chembl36,COMPOUND,TARGET
Luteolin 7-(2''-glucuronylglucuronide) 4'-glucuronide,inhibits,Cytochrome P450 1A1,1.0,chembl36,COMPOUND,TARGET
Luteolin 7-(caffeoylglucoside),inhibits,Cytochrome P450 1A1,1.0,chembl36,COMPOUND,TARGET
Luteolin 7-disulfoglucoside,inhibits,Cytochrome P450 1A1,1.0,chembl36,COMPOUND,TARGET
Luteolin 7-diglucoside,inhibits,Cytochrome P450 1A1,1.0,chembl36,COMPOUND,TARGET
Luteolin 7-rhamnosylglucoside,inhibits,Cytochrome P450 1A1,1.0,chembl36,COMPOUND,TARGET
Luteolin,inhibits,Cytochrome P450 1B1,1.0,chembl36,COMPOUND,TARGET
Luteolin 7-(2''-glucuronylglucuronide) 4'-glucuronide,inhibits,Cytochrome P450 1B1,1.0,chembl36,COMPOUND,TARGET
Luteolin 7-(caffeoylglucoside),inhibits,Cytochrome P450 1B1,1.0,chembl36,COMPOUND,TARGET
Luteolin 7-disulfoglucoside,inhibits,Cytochrome P450 1B1,1.0,chembl36,COMPOUND,TARGET
Luteolin 7-diglucoside,inhibits,Cytochrome P450 1B1,1.0,chembl36,COMPOUND,TARGET
Luteolin 7-rhamnosylglucoside,inhibits,Cytochrome P450 1B1,1.0,chembl36,COMPOUND,TARGET
Luteolin,inhibits,Cytochrome P450 3A4,1.0,chembl36,COMPOUND,TARGET
Luteolin 7-(2''-glucuronylglucuronide) 4'-glucuronide,inhibits,Cytochrome P450 3A4,1.0,chembl36,COMPOUND,TARGET
Luteolin 7-(caffeoylglucoside),inhibits,Cytochrome P450 3A4,1.0,chembl36,COMPOUND,TARGET
Luteolin 7-disulfoglucoside,inhibits,Cytochrome P450 3A4,1.0,chembl36,COMPOUND,TARGET
Luteolin 7-diglucoside,inhibits,Cytochrome P450 3A4,1.0,chembl36,COMPOUND,TARGET
Luteolin 7-rhamnosylglucoside,inhibits,Cytochrome P450 3A4,1.0,chembl36,COMPOUND,TARGET
Quercetin 3-O-rhamnosyl-galactoside,inhibits,Cytochrome P450 3A4,1.0,chembl36,COMPOUND,TARGET
Ferulic acid,inhibits,Solute carrier organic anion transporter family member 1B3,1.0,chembl36,COMPOUND,TARGET
trans-Ferulic acid,inhibits,Solute carrier organic anion transporter family member 1B3,1.0,chembl36,COMPOUND,TARGET
cis-Ferulic acid,inhibits,Solute carrier organic anion transporter family member 1B3,1.0,chembl36,COMPOUND,TARGET
ferulate,inhibits,Solute carrier organic anion transporter family member 1B3,1.0,chembl36,COMPOUND,TARGET
Ferulic acid,inhibits,Solute carrier organic anion transporter family member 1B1,1.0,chembl36,COMPOUND,TARGET
trans-Ferulic acid,inhibits,Solute carrier organic anion transporter family member 1B1,1.0,chembl36,COMPOUND,TARGET
cis-Ferulic acid,inhibits,Solute carrier organic anion transporter family member 1B1,1.0,chembl36,COMPOUND,TARGET
ferulate,inhibits,Solute carrier organic anion transporter family member 1B1,1.0,chembl36,COMPOUND,TARGET
Zolpidem,inhibits,Solute carrier organic anion transporter family member 1B3,1.0,chembl36,COMPOUND,TARGET
Zolpidem,inhibits,Solute carrier organic anion transporter family member 1B1,1.0,chembl36,COMPOUND,TARGET
L-DOPA,inhibits,Solute carrier organic anion transporter family member 1B1,1.0,chembl36,COMPOUND,TARGET
L-DOPA,inhibits,Solute carrier organic anion transporter family member 1B3,1.0,chembl36,COMPOUND,TARGET
Diosmetin,inhibits,Cytochrome P450 1A2,1.0,chembl36,COMPOUND,TARGET
Diosmetin,inhibits,Cytochrome P450 1A1,1.0,chembl36,COMPOUND,TARGET
Diosmetin,inhibits,Cytochrome P450 1B1,1.0,chembl36,COMPOUND,TARGET
Diosmetin,inhibits,Solute carrier organic anion transporter family member 1B1,1.0,chembl36,COMPOUND,TARGET
Diosmetin,inhibits,Solute carrier organic anion transporter family member 1B3,1.0,chembl36,COMPOUND,TARGET
Pravastatin,inhibits,Solute carrier organic anion transporter family member 1B1,1.0,chembl36,COMPOUND,TARGET
(E)-3-(4-Hydroxyphenyl)-2-propenal,inhibits,Solute carrier organic anion transporter family member 1B3,1.0,chembl36,COMPOUND,TARGET
(E)-3-(4-Hydroxyphenyl)-2-propenal,inhibits,Solute carrier organic anion transporter family member 1B1,1.0,chembl36,COMPOUND,TARGET
"3-(3,4-Dimethoxyphenyl)-2-propenoic acid",inhibits,Solute carrier organic anion transporter family member 1B1,1.0,chembl36,COMPOUND,TARGET
"3-(3,4-Dimethoxyphenyl)-2-propenoic acid",inhibits,Solute carrier organic anion transporter family member 1B3,1.0,chembl36,COMPOUND,TARGET
Chalconaringenin,inhibits,Cytochrome P450 3A4,1.0,chembl36,COMPOUND,TARGET
Isoliquiritigenin,inhibits,Cytochrome P450 2C19,1.0,chembl36,COMPOUND,TARGET
Rhamnoisoliquiritin,inhibits,Cytochrome P450 2C19,1.0,chembl36,COMPOUND,TARGET
Isoliquiritigenin,inhibits,Cytochrome P450 3A4,1.0,chembl36,COMPOUND,TARGET
Rhamnoisoliquiritin,inhibits,Cytochrome P450 3A4,1.0,chembl36,COMPOUND,TARGET
Isoliquiritigenin,inhibits,Cytochrome P450 2C9,1.0,chembl36,COMPOUND,TARGET
Rhamnoisoliquiritin,inhibits,Cytochrome P450 2C9,1.0,chembl36,COMPOUND,TARGET
Isoliquiritigenin,inhibits,Solute carrier organic anion transporter family member 1B3,1.0,chembl36,COMPOUND,TARGET
Rhamnoisoliquiritin,inhibits,Solute carrier organic anion transporter family member 1B3,1.0,chembl36,COMPOUND,TARGET
Isoliquiritigenin,inhibits,Solute carrier organic anion transporter family member 1B1,1.0,chembl36,COMPOUND,TARGET
Rhamnoisoliquiritin,inhibits,Solute carrier organic anion transporter family member 1B1,1.0,chembl36,COMPOUND,TARGET
Estrone,inhibits,Cytochrome P450 3A4,1.0,chembl36,COMPOUND,TARGET
Estrone,inhibits,Solute carrier organic anion transporter family member 1B3,1.0,chembl36,COMPOUND,TARGET
Estrone,inhibits,Solute carrier organic anion transporter family member 1B1,1.0,chembl36,COMPOUND,TARGET
Aminopterin,inhibits,Solute carrier organic anion transporter family member 1B1,1.0,chembl36,COMPOUND,TARGET
Aminopterin,inhibits,Solute carrier organic anion transporter family member 1B3,1.0,chembl36,COMPOUND,TARGET
Lanosterol,inhibits,Solute carrier organic anion transporter family member 1B1,1.0,chembl36,COMPOUND,TARGET
Tirucallol,inhibits,Solute carrier organic anion transporter family member 1B1,1.0,chembl36,COMPOUND,TARGET
Lanosterol,inhibits,Solute carrier organic anion transporter family member 1B3,1.0,chembl36,COMPOUND,TARGET
Tirucallol,inhibits,Solute carrier organic anion transporter family member 1B3,1.0,chembl36,COMPOUND,TARGET
Legumelin,inhibits,Cytochrome P450 2C19,1.0,chembl36,COMPOUND,TARGET
Legumelin,inhibits,Cytochrome P450 2D6,1.0,chembl36,COMPOUND,TARGET
Legumelin,inhibits,Solute carrier organic anion transporter family member 1B1,1.0,chembl36,COMPOUND,TARGET
Legumelin,inhibits,Solute carrier organic anion transporter family member 1B3,1.0,chembl36,COMPOUND,TARGET
alpha-Tocopherol acetate,inhibits,Solute carrier organic anion transporter family member 1B3,1.0,chembl36,COMPOUND,TARGET
Tricetin,inhibits,Solute carrier organic anion transporter family member 1B1,1.0,chembl36,COMPOUND,TARGET
Tricetin,inhibits,Solute carrier organic anion transporter family member 1B3,1.0,chembl36,COMPOUND,TARGET
"(±)-3',7-Dihydroxy-2',4'-dimethoxyisoflavan",inhibits,Solute carrier organic anion transporter family member 1B1,1.0,chembl36,COMPOUND,TARGET
"(±)-3',7-Dihydroxy-2',4'-dimethoxyisoflavan",inhibits,Solute carrier organic anion transporter family member 1B3,1.0,chembl36,COMPOUND,TARGET
Deoxyadenosine,inhibits,Solute carrier organic anion transporter family member 1B3,1.0,chembl36,COMPOUND,TARGET
Deoxyadenosine,inhibits,Solute carrier organic anion transporter family member 1B1,1.0,chembl36,COMPOUND,TARGET
alpha-Catechin,inhibits,Solute carrier organic anion transporter family member 1B3,1.0,chembl36,COMPOUND,TARGET
alpha-Catechin,inhibits,Solute carrier organic anion transporter family member 1B1,1.0,chembl36,COMPOUND,TARGET
Kynurenine,inhibits,Solute carrier organic anion transporter family member 1B3,1.0,chembl36,COMPOUND,TARGET
Kynurenine,inhibits,Solute carrier organic anion transporter family member 1B1,1.0,chembl36,COMPOUND,TARGET
"7-Isopropyl-1,4-dimethylazulene",inhibits,Solute carrier organic anion transporter family member 1B3,1.0,chembl36,COMPOUND,TARGET
Peucedanin,inhibits,Solute carrier organic anion transporter family member 1B3,1.0,chembl36,COMPOUND,TARGET
Peucedanin,inhibits,Solute carrier organic anion transporter family member 1B1,1.0,chembl36,COMPOUND,TARGET
Avocadene 1-acetate,inhibits,Solute carrier organic anion transporter family member 1B1,1.0,chembl36,COMPOUND,TARGET
Avocadene 1-acetate,inhibits,Solute carrier organic anion transporter family member 1B3,1.0,chembl36,COMPOUND,TARGET
"1,3,5-Trimethoxybenzene",inhibits,Solute carrier organic anion transporter family member 1B3,1.0,chembl36,COMPOUND,TARGET
"1,3,5-Trimethoxybenzene",inhibits,Solute carrier organic anion transporter family member 1B1,1.0,chembl36,COMPOUND,TARGET
2-alpha-hydroxy-3-beta-{[(2Z)-3-phenyl-1-oxo-2-propenyl]oxy}olean-12-en-28-oic acid,inhibits,Solute carrier organic anion transporter family member 1B1,1.0,chembl36,COMPOUND,TARGET
2-alpha-hydroxy-3-beta-{[(2Z)-3-phenyl-1-oxo-2-propenyl]oxy}olean-12-en-28-oic acid,inhibits,Solute carrier organic anion transporter family member 1B3,1.0,chembl36,COMPOUND,TARGET
Hydrocotarnine,inhibits,Cytochrome P450 2D6,1.0,chembl36,COMPOUND,TARGET
Hydrocotarnine,inhibits,Solute carrier organic anion transporter family member 1B3,1.0,chembl36,COMPOUND,TARGET
Hydrocotarnine,inhibits,Solute carrier organic anion transporter family member 1B1,1.0,chembl36,COMPOUND,TARGET
Licochalcone B,inhibits,Cytochrome P450 3A4,1.0,chembl36,COMPOUND,TARGET
Paeoniflorin,inhibits,Solute carrier organic anion transporter family member 1B1,1.0,chembl36,COMPOUND,TARGET
Paeoniflorin,inhibits,Solute carrier organic anion transporter family member 1B3,1.0,chembl36,COMPOUND,TARGET
Ficus Latex peptide 2,inhibits,Solute carrier organic anion transporter family member 1B3,1.0,chembl36,COMPOUND,TARGET
Ficus Latex peptide 1,inhibits,Solute carrier organic anion transporter family member 1B3,1.0,chembl36,COMPOUND,TARGET
Ficus Latex peptide 2,inhibits,Solute carrier organic anion transporter family member 1B1,1.0,chembl36,COMPOUND,TARGET
Ficus Latex peptide 1,inhibits,Solute carrier organic anion transporter family member 1B1,1.0,chembl36,COMPOUND,TARGET
Arachidonic acid,inhibits,Cytochrome P450 3A4,1.0,chembl36,COMPOUND,TARGET
Arachidonic acid,inhibits,Solute carrier organic anion transporter family member 1B3,1.0,chembl36,COMPOUND,TARGET
Arachidonic acid,inhibits,Solute carrier organic anion transporter family member 1B1,1.0,chembl36,COMPOUND,TARGET
Acetaminophen,inhibits,Solute carrier organic anion transporter family member 1B3,1.0,chembl36,COMPOUND,TARGET
Acetaminophen,inhibits,Solute carrier organic anion transporter family member 1B1,1.0,chembl36,COMPOUND,TARGET
Acetaminophen,inhibits,Cytochrome P450 3A4,1.0,chembl36,COMPOUND,TARGET
Acetaminophen,inhibits,Cytochrome P450 2D6,1.0,chembl36,COMPOUND,TARGET
Caffeine,inhibits,Solute carrier organic anion transporter family member 1B1,1.0,chembl36,COMPOUND,TARGET
Caffeine,inhibits,Solute carrier organic anion transporter family member 1B3,1.0,chembl36,COMPOUND,TARGET
Clofenotane,inhibits,Solute carrier organic anion transporter family member 1B1,1.0,chembl36,COMPOUND,TARGET
Clofenotane,inhibits,Solute carrier organic anion transporter family member 1B3,1.0,chembl36,COMPOUND,TARGET
Procaine,inhibits,Cytochrome P450 2D6,1.0,chembl36,COMPOUND,TARGET
(±)-Menthone,inhibits,Solute carrier organic anion transporter family member 1B1,1.0,chembl36,COMPOUND,TARGET
(+)-Isomenthone,inhibits,Solute carrier organic anion transporter family member 1B1,1.0,chembl36,COMPOUND,TARGET
(±)-Isomenthone,inhibits,Solute carrier organic anion transporter family member 1B1,1.0,chembl36,COMPOUND,TARGET
(-)-Isomenthone,inhibits,Solute carrier organic anion transporter family member 1B1,1.0,chembl36,COMPOUND,TARGET
(±)-Menthone,inhibits,Solute carrier organic anion transporter family member 1B3,1.0,chembl36,COMPOUND,TARGET
(+)-Isomenthone,inhibits,Solute carrier organic anion transporter family member 1B3,1.0,chembl36,COMPOUND,TARGET
(±)-Isomenthone,inhibits,Solute carrier organic anion transporter family member 1B3,1.0,chembl36,COMPOUND,TARGET
(-)-Isomenthone,inhibits,Solute carrier organic anion transporter family member 1B3,1.0,chembl36,COMPOUND,TARGET
Nicotinic acid,inhibits,Solute carrier organic anion transporter family member 1B1,1.0,chembl36,COMPOUND,TARGET
Nicotinic acid,inhibits,Solute carrier organic anion transporter family member 1B3,1.0,chembl36,COMPOUND,TARGET
Benzocaine,inhibits,Solute carrier organic anion transporter family member 1B1,1.0,chembl36,COMPOUND,TARGET
Benzocaine,inhibits,Solute carrier organic anion transporter family member 1B3,1.0,chembl36,COMPOUND,TARGET
4-Methylphenol,inhibits,Solute carrier organic anion transporter family member 1B3,1.0,chembl36,COMPOUND,TARGET
4-Methylphenol,inhibits,Solute carrier organic anion transporter family member 1B1,1.0,chembl36,COMPOUND,TARGET
Triamterene,inhibits,Cytochrome P450 2D6,1.0,chembl36,COMPOUND,TARGET
Triamterene,inhibits,Solute carrier organic anion transporter family member 1B1,1.0,chembl36,COMPOUND,TARGET
Triamterene,inhibits,Solute carrier organic anion transporter family member 1B3,1.0,chembl36,COMPOUND,TARGET
"7,4'-Dimethoxyflavone",inhibits,Solute carrier organic anion transporter family member 1B1,1.0,chembl36,COMPOUND,TARGET
"7,4'-Dimethoxyflavone",inhibits,Solute carrier organic anion transporter family member 1B3,1.0,chembl36,COMPOUND,TARGET
Chrysin,inhibits,Cytochrome P450 1A1,1.0,chembl36,COMPOUND,TARGET
Chrysin,inhibits,Cytochrome P450 1A2,1.0,chembl36,COMPOUND,TARGET
Chrysin,inhibits,Cytochrome P450 1B1,1.0,chembl36,COMPOUND,TARGET
Chrysin,inhibits,Cytochrome P450 2C9,1.0,chembl36,COMPOUND,TARGET
Chrysin,inhibits,Cytochrome P450 2C19,1.0,chembl36,COMPOUND,TARGET
Chrysin,inhibits,Cytochrome P450 3A4,1.0,chembl36,COMPOUND,TARGET
Chrysin,inhibits,Solute carrier organic anion transporter family member 1B1,1.0,chembl36,COMPOUND,TARGET
Chrysin,inhibits,Solute carrier organic anion transporter family member 1B3,1.0,chembl36,COMPOUND,TARGET
Angelicin,inhibits,Cytochrome P450 1A1,1.0,chembl36,COMPOUND,TARGET
Fenugrin E,inhibits,Solute carrier organic anion transporter family member 1B1,1.0,chembl36,COMPOUND,TARGET
Fenugrin E,inhibits,Solute carrier organic anion transporter family member 1B3,1.0,chembl36,COMPOUND,TARGET
Cirsiliol,inhibits,Cytochrome P450 1A1,1.0,chembl36,COMPOUND,TARGET
Cirsiliol,inhibits,Cytochrome P450 1B1,1.0,chembl36,COMPOUND,TARGET
L-Glutamic acid hydrochloride,inhibits,Cytochrome P450 2D6,1.0,chembl36,COMPOUND,TARGET
Glutamic acid,inhibits,Cytochrome P450 2D6,1.0,chembl36,COMPOUND,TARGET
Monopotassium glutamate,inhibits,Cytochrome P450 2D6,1.0,chembl36,COMPOUND,TARGET
Monoammonium glutamate,inhibits,Cytochrome P450 2D6,1.0,chembl36,COMPOUND,TARGET
D-Glutamic acid,inhibits,Cytochrome P450 2D6,1.0,chembl36,COMPOUND,TARGET
Valyltryptophan,inhibits,Solute carrier organic anion transporter family member 1B1,1.0,chembl36,COMPOUND,TARGET
Valyltryptophan,inhibits,Solute carrier organic anion transporter family member 1B3,1.0,chembl36,COMPOUND,TARGET
"1,5-bis(4-hydroxy-3-methoxyphenyl)-1,4-pentadien-3-one",inhibits,Cytochrome P450 2D6,1.0,chembl36,COMPOUND,TARGET
Psoralen,inhibits,Cytochrome P450 2C19,1.0,chembl36,COMPOUND,TARGET
Psoralen,inhibits,Cytochrome P450 2D6,1.0,chembl36,COMPOUND,TARGET
Psoralen,inhibits,Cytochrome P450 2C9,1.0,chembl36,COMPOUND,TARGET
Psoralen,inhibits,Cytochrome P450 1A1,1.0,chembl36,COMPOUND,TARGET
cholate,inhibits,Solute carrier organic anion transporter family member 1B3,1.0,chembl36,COMPOUND,TARGET
cholate,inhibits,Solute carrier organic anion transporter family member 1B1,1.0,chembl36,COMPOUND,TARGET
(S)-Laudanosine,inhibits,Solute carrier organic anion transporter family member 1B1,1.0,chembl36,COMPOUND,TARGET
(S)-Laudanosine,inhibits,Solute carrier organic anion transporter family member 1B3,1.0,chembl36,COMPOUND,TARGET
Carminic acid,inhibits,Solute carrier organic anion transporter family member 1B3,1.0,chembl36,COMPOUND,TARGET
Tamarixetin,inhibits,Cytochrome P450 1A2,1.0,chembl36,COMPOUND,TARGET
Tamarixetin,inhibits,Cytochrome P450 1A1,1.0,chembl36,COMPOUND,TARGET
Tamarixetin,inhibits,Cytochrome P450 1B1,1.0,chembl36,COMPOUND,TARGET
Sildenafil,inhibits,Cytochrome P450 3A4,1.0,chembl36,COMPOUND,TARGET
Deoxycholic acid glycine conjugate,inhibits,Solute carrier organic anion transporter family member 1B3,1.0,chembl36,COMPOUND,TARGET
Deoxycholic acid glycine conjugate,inhibits,Solute carrier organic anion transporter family member 1B1,1.0,chembl36,COMPOUND,TARGET
Glycocholic acid,inhibits,Solute carrier organic anion transporter family member 1B1,1.0,chembl36,COMPOUND,TARGET
"3alpha,7beta,12alpha-Trihydroxyoxocholanylglycine",inhibits,Solute carrier organic anion transporter family member 1B1,1.0,chembl36,COMPOUND,TARGET
Taurodeoxycholic acid,inhibits,Solute carrier organic anion transporter family member 1B3,1.0,chembl36,COMPOUND,TARGET
Taurodeoxycholic acid,inhibits,Solute carrier organic anion transporter family member 1B1,1.0,chembl36,COMPOUND,TARGET
Lithocholyltaurine,inhibits,Solute carrier organic anion transporter family member 1B3,1.0,chembl36,COMPOUND,TARGET
Lithocholyltaurine,inhibits,Solute carrier organic anion transporter family member 1B1,1.0,chembl36,COMPOUND,TARGET
alpha-Allocryptopine,inhibits,Cytochrome P450 2D6,1.0,chembl36,COMPOUND,TARGET
Hesperidin,inhibits,Solute carrier organic anion transporter family member 1B3,1.0,chembl36,COMPOUND,TARGET
Hesperidin,inhibits,Solute carrier organic anion transporter family member 1B1,1.0,chembl36,COMPOUND,TARGET
Salicin,inhibits,Solute carrier organic anion transporter family member 1B1,1.0,chembl36,COMPOUND,TARGET
Salicin,inhibits,Solute carrier organic anion transporter family member 1B3,1.0,chembl36,COMPOUND,TARGET
L-Ascorbic acid,inhibits,Solute carrier organic anion transporter family member 1B3,1.0,chembl36,COMPOUND,TARGET
Monodehydro-L-ascorbic acid,inhibits,Solute carrier organic anion transporter family member 1B3,1.0,chembl36,COMPOUND,TARGET
L-Ascorbic acid,inhibits,Solute carrier organic anion transporter family member 1B1,1.0,chembl36,COMPOUND,TARGET
Monodehydro-L-ascorbic acid,inhibits,Solute carrier organic anion transporter family member 1B1,1.0,chembl36,COMPOUND,TARGET
Naringin,inhibits,Solute carrier organic anion transporter family member 1B1,1.0,chembl36,COMPOUND,TARGET
Naringin,inhibits,Solute carrier organic anion transporter family member 1B3,1.0,chembl36,COMPOUND,TARGET
hederagenin,inhibits,Solute carrier organic anion transporter family member 1B3,1.0,chembl36,COMPOUND,TARGET
hederagenin,inhibits,Solute carrier organic anion transporter family member 1B1,1.0,chembl36,COMPOUND,TARGET
Friedelin,inhibits,Solute carrier organic anion transporter family member 1B1,1.0,chembl36,COMPOUND,TARGET
Friedooleanan-3-one,inhibits,Solute carrier organic anion transporter family member 1B1,1.0,chembl36,COMPOUND,TARGET
Epifriedelin,inhibits,Solute carrier organic anion transporter family member 1B1,1.0,chembl36,COMPOUND,TARGET
Friedelin,inhibits,Solute carrier organic anion transporter family member 1B3,1.0,chembl36,COMPOUND,TARGET
Friedooleanan-3-one,inhibits,Solute carrier organic anion transporter family member 1B3,1.0,chembl36,COMPOUND,TARGET
Epifriedelin,inhibits,Solute carrier organic anion transporter family member 1B3,1.0,chembl36,COMPOUND,TARGET
Phellopterin,inhibits,Cytochrome P450 1A1,1.0,chembl36,COMPOUND,TARGET
Phellopterin,inhibits,Cytochrome P450 1B1,1.0,chembl36,COMPOUND,TARGET
Phellopterin,inhibits,Cytochrome P450 1A2,1.0,chembl36,COMPOUND,TARGET
Phellopterin,inhibits,Cytochrome P450 2D6,1.0,chembl36,COMPOUND,TARGET
Phellopterin,inhibits,Cytochrome P450 2C9,1.0,chembl36,COMPOUND,TARGET
Phellopterin,inhibits,Cytochrome P450 2C19,1.0,chembl36,COMPOUND,TARGET
Phellopterin,inhibits,Cytochrome P450 3A4,1.0,chembl36,COMPOUND,TARGET
Imperatorin,inhibits,Cytochrome P450 3A4,1.0,chembl36,COMPOUND,TARGET
Imperatorin,inhibits,Solute carrier organic anion transporter family member 1B1,1.0,chembl36,COMPOUND,TARGET
Imperatorin,inhibits,Solute carrier organic anion transporter family member 1B3,1.0,chembl36,COMPOUND,TARGET
Imperatorin,inhibits,Cytochrome P450 1B1,1.0,chembl36,COMPOUND,TARGET
Imperatorin,inhibits,Cytochrome P450 1A1,1.0,chembl36,COMPOUND,TARGET
Heraclenol,inhibits,Cytochrome P450 1A1,1.0,chembl36,COMPOUND,TARGET
(R)-Heraclenol,inhibits,Cytochrome P450 1A1,1.0,chembl36,COMPOUND,TARGET
Retinol palmitate,inhibits,Solute carrier organic anion transporter family member 1B3,1.0,chembl36,COMPOUND,TARGET
all-trans-retinyl palmitate,inhibits,Solute carrier organic anion transporter family member 1B3,1.0,chembl36,COMPOUND,TARGET
Retinol palmitate,inhibits,Solute carrier organic anion transporter family member 1B1,1.0,chembl36,COMPOUND,TARGET
all-trans-retinyl palmitate,inhibits,Solute carrier organic anion transporter family member 1B1,1.0,chembl36,COMPOUND,TARGET
Sepiapterin,inhibits,Cytochrome P450 3A4,1.0,chembl36,COMPOUND,TARGET
"(3S,3'S)-Astaxanthin",inhibits,Solute carrier organic anion transporter family member 1B1,1.0,chembl36,COMPOUND,TARGET
"(3'RS,3'SR)-Astaxanthin",inhibits,Solute carrier organic anion transporter family member 1B1,1.0,chembl36,COMPOUND,TARGET
"(3S,3'S)-Astaxanthin",inhibits,Solute carrier organic anion transporter family member 1B3,1.0,chembl36,COMPOUND,TARGET
"(3'RS,3'SR)-Astaxanthin",inhibits,Solute carrier organic anion transporter family member 1B3,1.0,chembl36,COMPOUND,TARGET
"2,4-Diamino-6-hydroxypyrimidine",inhibits,Cytochrome P450 3A4,1.0,chembl36,COMPOUND,TARGET
Xanthotoxol geranyl ether,inhibits,Cytochrome P450 3A4,1.0,chembl36,COMPOUND,TARGET
Flavones,inhibits,Cytochrome P450 1B1,1.0,chembl36,COMPOUND,TARGET
Celecoxib,inhibits,Cytochrome P450 2C9,1.0,chembl36,COMPOUND,TARGET
Celecoxib,inhibits,Cytochrome P450 2D6,1.0,chembl36,COMPOUND,TARGET
Celecoxib,inhibits,Solute carrier organic anion transporter family member 1B3,1.0,chembl36,COMPOUND,TARGET
Celecoxib,inhibits,Solute carrier organic anion transporter family member 1B1,1.0,chembl36,COMPOUND,TARGET
Menadione,inhibits,Cytochrome P450 2C19,1.0,chembl36,COMPOUND,TARGET
Menadione,inhibits,Cytochrome P450 2D6,1.0,chembl36,COMPOUND,TARGET
Menadione,inhibits,Cytochrome P450 2C9,1.0,chembl36,COMPOUND,TARGET
Menadione,inhibits,Solute carrier organic anion transporter family member 1B1,1.0,chembl36,COMPOUND,TARGET
Menadione,inhibits,Solute carrier organic anion transporter family member 1B3,1.0,chembl36,COMPOUND,TARGET
Naproxen,inhibits,Solute carrier organic anion transporter family member 1B1,1.0,chembl36,COMPOUND,TARGET
Naproxen,inhibits,Solute carrier organic anion transporter family member 1B3,1.0,chembl36,COMPOUND,TARGET
Arabinan,inhibits,Solute carrier organic anion transporter family member 1B1,1.0,chembl36,COMPOUND,TARGET
Arabinan,inhibits,Solute carrier organic anion transporter family member 1B3,1.0,chembl36,COMPOUND,TARGET
N-Acetyltryptophan,inhibits,Cytochrome P450 3A4,1.0,chembl36,COMPOUND,TARGET
N-Acetyltryptophan,inhibits,Solute carrier organic anion transporter family member 1B3,1.0,chembl36,COMPOUND,TARGET
N-Acetyltryptophan,inhibits,Solute carrier organic anion transporter family member 1B1,1.0,chembl36,COMPOUND,TARGET
N-Acetylleucine,inhibits,Solute carrier organic anion transporter family member 1B3,1.0,chembl36,COMPOUND,TARGET
N-Acetylleucine,inhibits,Solute carrier organic anion transporter family member 1B1,1.0,chembl36,COMPOUND,TARGET
"Fd&c blue no. 2, calcium lake",inhibits,Solute carrier organic anion transporter family member 1B3,1.0,chembl36,COMPOUND,TARGET
"Fd&c blue no. 1, calcium lake",inhibits,Solute carrier organic anion transporter family member 1B3,1.0,chembl36,COMPOUND,TARGET
"Fd&c green no. 3, aluminum lake",inhibits,Solute carrier organic anion transporter family member 1B3,1.0,chembl36,COMPOUND,TARGET
"Fd&c green no. 3, calcium lake",inhibits,Solute carrier organic anion transporter family member 1B3,1.0,chembl36,COMPOUND,TARGET
"Fd&c red no. 40, aluminum lake",inhibits,Solute carrier organic anion transporter family member 1B3,1.0,chembl36,COMPOUND,TARGET
"Fd&c red no. 40, calcium lake",inhibits,Solute carrier organic anion transporter family member 1B3,1.0,chembl36,COMPOUND,TARGET
"Fd&c red no. 3, calcium lake",inhibits,Solute carrier organic anion transporter family member 1B3,1.0,chembl36,COMPOUND,TARGET
"Fd&c yellow no. 5, calcium lake",inhibits,Solute carrier organic anion transporter family member 1B3,1.0,chembl36,COMPOUND,TARGET
"Fd&c yellow no. 6, calcium lake",inhibits,Solute carrier organic anion transporter family member 1B3,1.0,chembl36,COMPOUND,TARGET
"Fd&c blue no. 2, calcium lake",inhibits,Solute carrier organic anion transporter family member 1B1,1.0,chembl36,COMPOUND,TARGET
"Fd&c blue no. 1, calcium lake",inhibits,Solute carrier organic anion transporter family member 1B1,1.0,chembl36,COMPOUND,TARGET
"Fd&c green no. 3, aluminum lake",inhibits,Solute carrier organic anion transporter family member 1B1,1.0,chembl36,COMPOUND,TARGET
"Fd&c green no. 3, calcium lake",inhibits,Solute carrier organic anion transporter family member 1B1,1.0,chembl36,COMPOUND,TARGET
"Fd&c red no. 40, aluminum lake",inhibits,Solute carrier organic anion transporter family member 1B1,1.0,chembl36,COMPOUND,TARGET
"Fd&c red no. 40, calcium lake",inhibits,Solute carrier organic anion transporter family member 1B1,1.0,chembl36,COMPOUND,TARGET
"Fd&c red no. 3, calcium lake",inhibits,Solute carrier organic anion transporter family member 1B1,1.0,chembl36,COMPOUND,TARGET
"Fd&c yellow no. 5, calcium lake",inhibits,Solute carrier organic anion transporter family member 1B1,1.0,chembl36,COMPOUND,TARGET
"Fd&c yellow no. 6, calcium lake",inhibits,Solute carrier organic anion transporter family member 1B1,1.0,chembl36,COMPOUND,TARGET
L-Tryptophan,inhibits,Solute carrier organic anion transporter family member 1B1,1.0,chembl36,COMPOUND,TARGET
L-Tryptophan,inhibits,Solute carrier organic anion transporter family member 1B3,1.0,chembl36,COMPOUND,TARGET
L-Tryptophan,inhibits,Cytochrome P450 3A4,1.0,chembl36,COMPOUND,TARGET
3-Benzylisothiocyanate,inhibits,Solute carrier organic anion transporter family member 1B3,1.0,chembl36,COMPOUND,TARGET
3-Benzylisothiocyanate,inhibits,Solute carrier organic anion transporter family member 1B1,1.0,chembl36,COMPOUND,TARGET
Phenylalanyltyrosine,inhibits,Solute carrier organic anion transporter family member 1B1,1.0,chembl36,COMPOUND,TARGET
Phenylalanyltyrosine,inhibits,Solute carrier organic anion transporter family member 1B3,1.0,chembl36,COMPOUND,TARGET
Xanthurenic acid,inhibits,Solute carrier organic anion transporter family member 1B3,1.0,chembl36,COMPOUND,TARGET
Xanthurenic acid,inhibits,Solute carrier organic anion transporter family member 1B1,1.0,chembl36,COMPOUND,TARGET
Rhapontin,inhibits,Solute carrier organic anion transporter family member 1B1,1.0,chembl36,COMPOUND,TARGET
Rose oxide (cis),inhibits,Solute carrier organic anion transporter family member 1B1,1.0,chembl36,COMPOUND,TARGET
Rhapontin,inhibits,Solute carrier organic anion transporter family member 1B3,1.0,chembl36,COMPOUND,TARGET
Rose oxide (cis),inhibits,Solute carrier organic anion transporter family member 1B3,1.0,chembl36,COMPOUND,TARGET
Corticosterone,inhibits,Cytochrome P450 3A4,1.0,chembl36,COMPOUND,TARGET
1-aminocyclopropane-1-carboxylate,inhibits,Solute carrier organic anion transporter family member 1B1,1.0,chembl36,COMPOUND,TARGET
1-aminocyclopropane-1-carboxylate,inhibits,Solute carrier organic anion transporter family member 1B3,1.0,chembl36,COMPOUND,TARGET
Sinensetin,inhibits,ATP-dependent translocase ABCB1,1.0,chembl36,COMPOUND,TARGET
"6-Hydroxyluteolin 6,7,3',4'-tetramethyl ether",inhibits,Cytochrome P450 1A1,1.0,chembl36,COMPOUND,TARGET
"6-Hydroxyluteolin 6,7,3',4'-tetramethyl ether",inhibits,Cytochrome P450 1B1,1.0,chembl36,COMPOUND,TARGET
"6-Hydroxyluteolin 6,7,3',4'-tetramethyl ether",inhibits,Cytochrome P450 1A2,1.0,chembl36,COMPOUND,TARGET
"6-Hydroxyluteolin 6,7,3',4'-tetramethyl ether",inhibits,Cytochrome P450 2D6,1.0,chembl36,COMPOUND,TARGET
"6-Hydroxyluteolin 6,7,3',4'-tetramethyl ether",inhibits,Cytochrome P450 2C9,1.0,chembl36,COMPOUND,TARGET
"6-Hydroxyluteolin 6,7,3',4'-tetramethyl ether",inhibits,Cytochrome P450 2C19,1.0,chembl36,COMPOUND,TARGET
"6-Hydroxyluteolin 6,7,3',4'-tetramethyl ether",inhibits,Cytochrome P450 3A4,1.0,chembl36,COMPOUND,TARGET
Arginine,inhibits,Cytochrome P450 2C19,1.0,chembl36,COMPOUND,TARGET
Arginine,inhibits,Cytochrome P450 3A4,1.0,chembl36,COMPOUND,TARGET
"2,6-Dimethoxy-1,4-benzoquinone",inhibits,Solute carrier organic anion transporter family member 1B1,1.0,chembl36,COMPOUND,TARGET
"2,6-Dimethoxy-1,4-benzoquinone",inhibits,Solute carrier organic anion transporter family member 1B3,1.0,chembl36,COMPOUND,TARGET
Protopine,inhibits,Cytochrome P450 2C19,1.0,chembl36,COMPOUND,TARGET
Protopine,inhibits,Cytochrome P450 2D6,1.0,chembl36,COMPOUND,TARGET
beta-Amyrin,inhibits,Solute carrier organic anion transporter family member 1B3,1.0,chembl36,COMPOUND,TARGET
beta-Amryin,inhibits,Solute carrier organic anion transporter family member 1B3,1.0,chembl36,COMPOUND,TARGET
beta-Amyrin,inhibits,Solute carrier organic anion transporter family member 1B1,1.0,chembl36,COMPOUND,TARGET
beta-Amryin,inhibits,Solute carrier organic anion transporter family member 1B1,1.0,chembl36,COMPOUND,TARGET
L-Quebrachitol,inhibits,Solute carrier organic anion transporter family member 1B3,1.0,chembl36,COMPOUND,TARGET
L-Quebrachitol,inhibits,Solute carrier organic anion transporter family member 1B1,1.0,chembl36,COMPOUND,TARGET
Eupatorin,inhibits,Cytochrome P450 1A1,1.0,chembl36,COMPOUND,TARGET
Eupatorin,inhibits,Cytochrome P450 1B1,1.0,chembl36,COMPOUND,TARGET
Eupatorin,inhibits,Solute carrier organic anion transporter family member 1B3,1.0,chembl36,COMPOUND,TARGET
Eupatorin,inhibits,Solute carrier organic anion transporter family member 1B1,1.0,chembl36,COMPOUND,TARGET
Isosafrole,inhibits,Solute carrier organic anion transporter family member 1B1,1.0,chembl36,COMPOUND,TARGET
Isosafrole,inhibits,Solute carrier organic anion transporter family member 1B3,1.0,chembl36,COMPOUND,TARGET
beta-Caryophyllene,inhibits,Solute carrier organic anion transporter family member 1B1,1.0,chembl36,COMPOUND,TARGET
beta-Caryophyllene,inhibits,Solute carrier organic anion transporter family member 1B3,1.0,chembl36,COMPOUND,TARGET
(S)-N-methylcoclaurine,inhibits,Solute carrier organic anion transporter family member 1B3,1.0,chembl36,COMPOUND,TARGET
(S)-N-methylcoclaurine,inhibits,Solute carrier organic anion transporter family member 1B1,1.0,chembl36,COMPOUND,TARGET
beta-Glycyrrhetinic acid,inhibits,Solute carrier organic anion transporter family member 1B3,1.0,chembl36,COMPOUND,TARGET
Nerol,inhibits,Solute carrier organic anion transporter family member 1B3,1.0,chembl36,COMPOUND,TARGET
Nerol,inhibits,Solute carrier organic anion transporter family member 1B1,1.0,chembl36,COMPOUND,TARGET
Oxoglaucine,inhibits,Cytochrome P450 3A4,1.0,chembl36,COMPOUND,TARGET
Oxoglaucine,inhibits,Cytochrome P450 2D6,1.0,chembl36,COMPOUND,TARGET
Bacitracin,inhibits,Solute carrier organic anion transporter family member 1B1,1.0,chembl36,COMPOUND,TARGET
Bacitracin,inhibits,Solute carrier organic anion transporter family member 1B3,1.0,chembl36,COMPOUND,TARGET
Fujiglucon,inhibits,Solute carrier organic anion transporter family member 1B1,1.0,chembl36,COMPOUND,TARGET
Fujiglucon,inhibits,Solute carrier organic anion transporter family member 1B3,1.0,chembl36,COMPOUND,TARGET
Pyrrol-2-methylketone,inhibits,Solute carrier organic anion transporter family member 1B1,1.0,chembl36,COMPOUND,TARGET
Pyrrol-2-methylketone,inhibits,Solute carrier organic anion transporter family member 1B3,1.0,chembl36,COMPOUND,TARGET
Cedorol,inhibits,Solute carrier organic anion transporter family member 1B3,1.0,chembl36,COMPOUND,TARGET
Cedarwood oil alcohols,inhibits,Solute carrier organic anion transporter family member 1B3,1.0,chembl36,COMPOUND,TARGET
Cedorol,inhibits,Solute carrier organic anion transporter family member 1B1,1.0,chembl36,COMPOUND,TARGET
Cedarwood oil alcohols,inhibits,Solute carrier organic anion transporter family member 1B1,1.0,chembl36,COMPOUND,TARGET
[6]-Paradol,inhibits,Cytochrome P450 1A2,1.0,chembl36,COMPOUND,TARGET
[6]-Paradol,inhibits,Cytochrome P450 2C8,1.0,chembl36,COMPOUND,TARGET
[6]-Paradol,inhibits,Cytochrome P450 2B6,1.0,chembl36,COMPOUND,TARGET
[6]-Paradol,inhibits,Cytochrome P450 2C9,1.0,chembl36,COMPOUND,TARGET
[6]-Paradol,inhibits,Cytochrome P450 2C19,1.0,chembl36,COMPOUND,TARGET
Cucurbita maxima Trysin inhibitor III,inhibits,ATP-dependent translocase ABCB1,1.0,chembl36,COMPOUND,TARGET
Dihydrojasmonic acid,inhibits,Solute carrier organic anion transporter family member 1B1,1.0,chembl36,COMPOUND,TARGET
Dihydrojasmonic acid,inhibits,Solute carrier organic anion transporter family member 1B3,1.0,chembl36,COMPOUND,TARGET
Gallocatechin-(4alpha->8)-gallocatechin-(4alpha->8)-gallocatechin,inhibits,Solute carrier organic anion transporter family member 1B1,1.0,chembl36,COMPOUND,TARGET
Gallocatechin-(4alpha->8)-gallocatechin-(4alpha->8)-gallocatechin,inhibits,Solute carrier organic anion transporter family member 1B3,1.0,chembl36,COMPOUND,TARGET
Linamarin,inhibits,Solute carrier organic anion transporter family member 1B3,1.0,chembl36,COMPOUND,TARGET
Linamarin,inhibits,Solute carrier organic anion transporter family member 1B1,1.0,chembl36,COMPOUND,TARGET
Nonate,inhibits,Solute carrier organic anion transporter family member 1B3,1.0,chembl36,COMPOUND,TARGET
Nonate,inhibits,Solute carrier organic anion transporter family member 1B1,1.0,chembl36,COMPOUND,TARGET
L-Histidine,inhibits,Cytochrome P450 3A4,1.0,chembl36,COMPOUND,TARGET
Rosiglitazone,inhibits,Cytochrome P450 3A4,1.0,chembl36,COMPOUND,TARGET
Rosiglitazone,inhibits,Solute carrier organic anion transporter family member 1B1,1.0,chembl36,COMPOUND,TARGET
N-Acetyl-L-cysteine,inhibits,Solute carrier organic anion transporter family member 1B1,1.0,chembl36,COMPOUND,TARGET
N-Acetyl-L-cysteine,inhibits,Solute carrier organic anion transporter family member 1B3,1.0,chembl36,COMPOUND,TARGET
Cysteamine,inhibits,Cytochrome P450 3A4,1.0,chembl36,COMPOUND,TARGET
Papaverine,inhibits,Cytochrome P450 2C19,1.0,chembl36,COMPOUND,TARGET
Papaverine,inhibits,Cytochrome P450 3A4,1.0,chembl36,COMPOUND,TARGET
Papaverine,inhibits,Cytochrome P450 2D6,1.0,chembl36,COMPOUND,TARGET
Sertraline,inhibits,Cytochrome P450 2C9,1.0,chembl36,COMPOUND,TARGET
Sertraline,inhibits,Cytochrome P450 2D6,1.0,chembl36,COMPOUND,TARGET
Sertraline,inhibits,Cytochrome P450 3A4,1.0,chembl36,COMPOUND,TARGET
Sertraline,inhibits,Cytochrome P450 2C19,1.0,chembl36,COMPOUND,TARGET
Levoglutamide,inhibits,Cytochrome P450 3A4,1.0,chembl36,COMPOUND,TARGET
L-glutamine,inhibits,Cytochrome P450 3A4,1.0,chembl36,COMPOUND,TARGET
L-Asparagine,inhibits,Cytochrome P450 3A4,1.0,chembl36,COMPOUND,TARGET
Leucyl-Alanine,inhibits,Solute carrier organic anion transporter family member 1B1,1.0,chembl36,COMPOUND,TARGET
Leucylalanine,inhibits,Solute carrier organic anion transporter family member 1B1,1.0,chembl36,COMPOUND,TARGET
Leucyl-Alanine,inhibits,Solute carrier organic anion transporter family member 1B3,1.0,chembl36,COMPOUND,TARGET
Leucylalanine,inhibits,Solute carrier organic anion transporter family member 1B3,1.0,chembl36,COMPOUND,TARGET
Scutellarein,inhibits,Cytochrome P450 1A1,1.0,chembl36,COMPOUND,TARGET
"6,7-Dimethylscutellarein",inhibits,Cytochrome P450 1A1,1.0,chembl36,COMPOUND,TARGET
Scutellarein,inhibits,Cytochrome P450 1B1,1.0,chembl36,COMPOUND,TARGET
"6,7-Dimethylscutellarein",inhibits,Cytochrome P450 1B1,1.0,chembl36,COMPOUND,TARGET
6-Methylscutellarein,inhibits,Cytochrome P450 1A1,1.0,chembl36,COMPOUND,TARGET
Celastrol,inhibits,Solute carrier organic anion transporter family member 1B1,1.0,chembl36,COMPOUND,TARGET
Celastrol,inhibits,Solute carrier organic anion transporter family member 1B3,1.0,chembl36,COMPOUND,TARGET
Celastrol,inhibits,ATP-dependent translocase ABCB1,1.0,chembl36,COMPOUND,TARGET
"7,4'-Dihydroxyflavone",inhibits,Cytochrome P450 3A4,1.0,chembl36,COMPOUND,TARGET
3-Hydroxyflavone,inhibits,Solute carrier organic anion transporter family member 1B1,1.0,chembl36,COMPOUND,TARGET
3-Hydroxyflavone,inhibits,Solute carrier organic anion transporter family member 1B3,1.0,chembl36,COMPOUND,TARGET
3-Hydroxyflavone,inhibits,Cytochrome P450 1B1,1.0,chembl36,COMPOUND,TARGET
Galangin,inhibits,Cytochrome P450 1A1,1.0,chembl36,COMPOUND,TARGET
Galangin,inhibits,Cytochrome P450 1A2,1.0,chembl36,COMPOUND,TARGET
Galangin,inhibits,Cytochrome P450 1B1,1.0,chembl36,COMPOUND,TARGET
Galangin,inhibits,Cytochrome P450 2C19,1.0,chembl36,COMPOUND,TARGET
Galangin,inhibits,Cytochrome P450 2C9,1.0,chembl36,COMPOUND,TARGET
3-Hydroxycoumarin,inhibits,Solute carrier organic anion transporter family member 1B1,1.0,chembl36,COMPOUND,TARGET
3-Hydroxycoumarin,inhibits,Solute carrier organic anion transporter family member 1B3,1.0,chembl36,COMPOUND,TARGET
(E)-Aconitic acid,inhibits,Solute carrier organic anion transporter family member 1B1,1.0,chembl36,COMPOUND,TARGET
(E)-Aconitic acid,inhibits,Solute carrier organic anion transporter family member 1B3,1.0,chembl36,COMPOUND,TARGET
Taurochenodesoxycholic acid,inhibits,Solute carrier organic anion transporter family member 1B3,1.0,chembl36,COMPOUND,TARGET
Taurochenodesoxycholic acid,inhibits,Solute carrier organic anion transporter family member 1B1,1.0,chembl36,COMPOUND,TARGET
Genkwanin,inhibits,Cytochrome P450 1A1,1.0,chembl36,COMPOUND,TARGET
Genkwanin,inhibits,Cytochrome P450 1B1,1.0,chembl36,COMPOUND,TARGET
Genkwanin,inhibits,Solute carrier organic anion transporter family member 1B1,1.0,chembl36,COMPOUND,TARGET
Genkwanin,inhibits,Solute carrier organic anion transporter family member 1B3,1.0,chembl36,COMPOUND,TARGET
Allopregnanolone,inhibits,Solute carrier organic anion transporter family member 1B3,1.0,chembl36,COMPOUND,TARGET
Isorhamnetin,inhibits,Cytochrome P450 1A2,1.0,chembl36,COMPOUND,TARGET
Isorhamnetin,inhibits,Cytochrome P450 1A1,1.0,chembl36,COMPOUND,TARGET
Isorhamnetin,inhibits,Cytochrome P450 1B1,1.0,chembl36,COMPOUND,TARGET
Diazinon,inhibits,Cytochrome P450 3A4,1.0,chembl36,COMPOUND,TARGET
Apiumetrin,inhibits,Solute carrier organic anion transporter family member 1B1,1.0,chembl36,COMPOUND,TARGET
Apiumetrin,inhibits,Solute carrier organic anion transporter family member 1B3,1.0,chembl36,COMPOUND,TARGET
Isoimperatorin,inhibits,Cytochrome P450 1B1,1.0,chembl36,COMPOUND,TARGET
"NG,NG-Dimethyl-L-arginine",inhibits,Cytochrome P450 2C19,1.0,chembl36,COMPOUND,TARGET
N-acetyl-β-D-glucosamine,inhibits,Solute carrier organic anion transporter family member 1B3,1.0,chembl36,COMPOUND,TARGET
2-Amino-4-hydroxy-6-pteridinecarboxylic acid,inhibits,Solute carrier organic anion transporter family member 1B1,1.0,chembl36,COMPOUND,TARGET
2-Amino-4-hydroxy-6-pteridinecarboxylic acid,inhibits,Solute carrier organic anion transporter family member 1B3,1.0,chembl36,COMPOUND,TARGET
(R)-Methysticin,inhibits,Cytochrome P450 3A4,1.0,chembl36,COMPOUND,TARGET
loganin,inhibits,Solute carrier organic anion transporter family member 1B1,1.0,chembl36,COMPOUND,TARGET
loganin,inhibits,Solute carrier organic anion transporter family member 1B3,1.0,chembl36,COMPOUND,TARGET
loganate,inhibits,Solute carrier organic anion transporter family member 1B3,1.0,chembl36,COMPOUND,TARGET
N-Acetyl-L-aspartic acid,inhibits,Solute carrier organic anion transporter family member 1B3,1.0,chembl36,COMPOUND,TARGET
N-Acetyl-L-aspartic acid,inhibits,Solute carrier organic anion transporter family member 1B1,1.0,chembl36,COMPOUND,TARGET
Urocanic acid,inhibits,Cytochrome P450 3A4,1.0,chembl36,COMPOUND,TARGET
(E)-Urocanic acid,inhibits,Cytochrome P450 3A4,1.0,chembl36,COMPOUND,TARGET
MG(18:0e/0:0/0:0),inhibits,Solute carrier organic anion transporter family member 1B1,1.0,chembl36,COMPOUND,TARGET
MG(18:0e/0:0/0:0),inhibits,Solute carrier organic anion transporter family member 1B3,1.0,chembl36,COMPOUND,TARGET
Thymoquinone,inhibits,Solute carrier organic anion transporter family member 1B3,1.0,chembl36,COMPOUND,TARGET
Thymoquinone,inhibits,Solute carrier organic anion transporter family member 1B1,1.0,chembl36,COMPOUND,TARGET
Stanozolol,inhibits,Cytochrome P450 2C19,1.0,chembl36,COMPOUND,TARGET
Stanozolol,inhibits,Cytochrome P450 2C9,1.0,chembl36,COMPOUND,TARGET
Stanozolol,inhibits,Cytochrome P450 2D6,1.0,chembl36,COMPOUND,TARGET
Ribitol,inhibits,Solute carrier organic anion transporter family member 1B3,1.0,chembl36,COMPOUND,TARGET
Ribitol,inhibits,Solute carrier organic anion transporter family member 1B1,1.0,chembl36,COMPOUND,TARGET
Epicatechin 3-gallate,inhibits,Solute carrier organic anion transporter family member 1B3,1.0,chembl36,COMPOUND,TARGET
Epicatechin 3-gallate,inhibits,Solute carrier organic anion transporter family member 1B1,1.0,chembl36,COMPOUND,TARGET
Guanidine,inhibits,Solute carrier organic anion transporter family member 1B3,1.0,chembl36,COMPOUND,TARGET
Guanidine,inhibits,Solute carrier organic anion transporter family member 1B1,1.0,chembl36,COMPOUND,TARGET
Rhamnetin,inhibits,Solute carrier organic anion transporter family member 1B3,1.0,chembl36,COMPOUND,TARGET
Rhamnetin,inhibits,Solute carrier organic anion transporter family member 1B1,1.0,chembl36,COMPOUND,TARGET
Nobiletin,inhibits,Solute carrier organic anion transporter family member 1B1,1.0,chembl36,COMPOUND,TARGET
Nobiletin,inhibits,Solute carrier organic anion transporter family member 1B3,1.0,chembl36,COMPOUND,TARGET
Tangeritin,inhibits,Solute carrier organic anion transporter family member 1B1,1.0,chembl36,COMPOUND,TARGET
Tangeritin,inhibits,Solute carrier organic anion transporter family member 1B3,1.0,chembl36,COMPOUND,TARGET
Demethylnobiletin,inhibits,Cytochrome P450 3A4,1.0,chembl36,COMPOUND,TARGET
OPC,inhibits,ATP-dependent translocase ABCB1,1.0,chembl36,COMPOUND,TARGET
Paraxanthine,inhibits,Solute carrier organic anion transporter family member 1B3,1.0,chembl36,COMPOUND,TARGET
Paraxanthine,inhibits,Solute carrier organic anion transporter family member 1B1,1.0,chembl36,COMPOUND,TARGET
Biochanin A,inhibits,Cytochrome P450 2C19,1.0,chembl36,COMPOUND,TARGET
Biochanin A,inhibits,Cytochrome P450 2C9,1.0,chembl36,COMPOUND,TARGET
Biochanin A,inhibits,Solute carrier organic anion transporter family member 1B1,1.0,chembl36,COMPOUND,TARGET
Biochanin A,inhibits,Solute carrier organic anion transporter family member 1B3,1.0,chembl36,COMPOUND,TARGET
Biochanin A,inhibits,Cytochrome P450 1B1,1.0,chembl36,COMPOUND,TARGET
4-Nonylphenol,inhibits,Solute carrier organic anion transporter family member 1B1,1.0,chembl36,COMPOUND,TARGET
4-Nonylphenol,inhibits,Solute carrier organic anion transporter family member 1B3,1.0,chembl36,COMPOUND,TARGET
1H-Indole-3-methanol,inhibits,Solute carrier organic anion transporter family member 1B1,1.0,chembl36,COMPOUND,TARGET
1H-Indole-3-methanol,inhibits,Solute carrier organic anion transporter family member 1B3,1.0,chembl36,COMPOUND,TARGET
Atorvastatin,inhibits,Cytochrome P450 3A4,1.0,chembl36,COMPOUND,TARGET
Atorvastatin,inhibits,Solute carrier organic anion transporter family member 1B3,1.0,chembl36,COMPOUND,TARGET
Atorvastatin,inhibits,Solute carrier organic anion transporter family member 1B1,1.0,chembl36,COMPOUND,TARGET
"p-Mentha-1,8-dien-7-ol",inhibits,Cytochrome P450 1B1,1.0,chembl36,COMPOUND,TARGET
dihydrosphingosine,inhibits,Cytochrome P450 2D6,1.0,chembl36,COMPOUND,TARGET
L-threo-sphinganine,inhibits,Cytochrome P450 2D6,1.0,chembl36,COMPOUND,TARGET
Ligusticide,inhibits,Solute carrier organic anion transporter family member 1B3,1.0,chembl36,COMPOUND,TARGET
Ligustilide,inhibits,Solute carrier organic anion transporter family member 1B3,1.0,chembl36,COMPOUND,TARGET
Ligusticide,inhibits,Solute carrier organic anion transporter family member 1B1,1.0,chembl36,COMPOUND,TARGET
Ligustilide,inhibits,Solute carrier organic anion transporter family member 1B1,1.0,chembl36,COMPOUND,TARGET
Pachyrrhizin,inhibits,Cytochrome P450 3A4,1.0,chembl36,COMPOUND,TARGET
Pachyrrhizin,inhibits,Solute carrier organic anion transporter family member 1B3,1.0,chembl36,COMPOUND,TARGET
Pachyrrhizin,inhibits,Solute carrier organic anion transporter family member 1B1,1.0,chembl36,COMPOUND,TARGET
"5,7-Dimethoxycoumarin",inhibits,Solute carrier organic anion transporter family member 1B1,1.0,chembl36,COMPOUND,TARGET
"5,7-Dimethoxycoumarin",inhibits,Solute carrier organic anion transporter family member 1B3,1.0,chembl36,COMPOUND,TARGET
(R)-Glabridin,inhibits,Cytochrome P450 3A4,1.0,chembl36,COMPOUND,TARGET
Myristicin,inhibits,Cytochrome P450 3A4,1.0,chembl36,COMPOUND,TARGET
"3,8''-Biapigenin",inhibits,Cytochrome P450 3A4,1.0,chembl36,COMPOUND,TARGET
Dihydroclusin,inhibits,Cytochrome P450 3A4,1.0,chembl36,COMPOUND,TARGET
Avocadyne,inhibits,Solute carrier organic anion transporter family member 1B1,1.0,chembl36,COMPOUND,TARGET
Avocadyne,inhibits,Solute carrier organic anion transporter family member 1B3,1.0,chembl36,COMPOUND,TARGET
Avocadene,inhibits,Solute carrier organic anion transporter family member 1B3,1.0,chembl36,COMPOUND,TARGET
Avocadene,inhibits,Solute carrier organic anion transporter family member 1B1,1.0,chembl36,COMPOUND,TARGET
Butylparaben,inhibits,Cytochrome P450 2C19,1.0,chembl36,COMPOUND,TARGET
"2,4,5-Trimethoxybenzaldehyde",inhibits,Solute carrier organic anion transporter family member 1B3,1.0,chembl36,COMPOUND,TARGET
Roxarsone,inhibits,Cytochrome P450 2C19,1.0,chembl36,COMPOUND,TARGET
Roxarsone,inhibits,Solute carrier organic anion transporter family member 1B3,1.0,chembl36,COMPOUND,TARGET
Roxarsone,inhibits,Solute carrier organic anion transporter family member 1B1,1.0,chembl36,COMPOUND,TARGET
Orcein,inhibits,Cytochrome P450 2C19,1.0,chembl36,COMPOUND,TARGET
Orcein,inhibits,Cytochrome P450 2D6,1.0,chembl36,COMPOUND,TARGET
Orcein,inhibits,Cytochrome P450 2C9,1.0,chembl36,COMPOUND,TARGET
Methylxanthoxylin,inhibits,Cytochrome P450 3A4,1.0,chembl36,COMPOUND,TARGET
5alpha-Cholestane,inhibits,Solute carrier organic anion transporter family member 1B1,1.0,chembl36,COMPOUND,TARGET
5beta-Cholestane,inhibits,Solute carrier organic anion transporter family member 1B1,1.0,chembl36,COMPOUND,TARGET
5alpha-Cholestane,inhibits,Solute carrier organic anion transporter family member 1B3,1.0,chembl36,COMPOUND,TARGET
5beta-Cholestane,inhibits,Solute carrier organic anion transporter family member 1B3,1.0,chembl36,COMPOUND,TARGET
Lathosterol,inhibits,Solute carrier organic anion transporter family member 1B1,1.0,chembl36,COMPOUND,TARGET
Lathosterol,inhibits,Solute carrier organic anion transporter family member 1B3,1.0,chembl36,COMPOUND,TARGET
Stigmasta-4-22-dien-3-one,inhibits,Solute carrier organic anion transporter family member 1B1,1.0,chembl36,COMPOUND,TARGET
Stigmasta-4-22-dien-3-one,inhibits,Solute carrier organic anion transporter family member 1B3,1.0,chembl36,COMPOUND,TARGET
Glucosan,inhibits,Solute carrier organic anion transporter family member 1B1,1.0,chembl36,COMPOUND,TARGET
Glucosan,inhibits,Solute carrier organic anion transporter family member 1B3,1.0,chembl36,COMPOUND,TARGET
Rhodinyl acetate,inhibits,Solute carrier organic anion transporter family member 1B3,1.0,chembl36,COMPOUND,TARGET
Rhodinyl acetate,inhibits,Solute carrier organic anion transporter family member 1B1,1.0,chembl36,COMPOUND,TARGET
3-Methylxanthine,inhibits,Solute carrier organic anion transporter family member 1B3,1.0,chembl36,COMPOUND,TARGET
3-Methylxanthine,inhibits,Solute carrier organic anion transporter family member 1B1,1.0,chembl36,COMPOUND,TARGET
Phenols,inhibits,Cytochrome P450 1A2,1.0,chembl36,COMPOUND,TARGET
Piperine,inhibits,Solute carrier organic anion transporter family member 1B1,1.0,chembl36,COMPOUND,TARGET
Chavicine,inhibits,Solute carrier organic anion transporter family member 1B1,1.0,chembl36,COMPOUND,TARGET
Isochavicine,inhibits,Solute carrier organic anion transporter family member 1B1,1.0,chembl36,COMPOUND,TARGET
Isopiperine,inhibits,Solute carrier organic anion transporter family member 1B1,1.0,chembl36,COMPOUND,TARGET
Piperine,inhibits,Solute carrier organic anion transporter family member 1B3,1.0,chembl36,COMPOUND,TARGET
Chavicine,inhibits,Solute carrier organic anion transporter family member 1B3,1.0,chembl36,COMPOUND,TARGET
Isochavicine,inhibits,Solute carrier organic anion transporter family member 1B3,1.0,chembl36,COMPOUND,TARGET
Isopiperine,inhibits,Solute carrier organic anion transporter family member 1B3,1.0,chembl36,COMPOUND,TARGET
Gallic acid,inhibits,Solute carrier organic anion transporter family member 1B3,1.0,chembl36,COMPOUND,TARGET
Gallic acid,inhibits,Solute carrier organic anion transporter family member 1B1,1.0,chembl36,COMPOUND,TARGET
Patulin,inhibits,Solute carrier organic anion transporter family member 1B3,1.0,chembl36,COMPOUND,TARGET
Patulin,inhibits,Solute carrier organic anion transporter family member 1B1,1.0,chembl36,COMPOUND,TARGET
Nonivamide,inhibits,Cytochrome P450 2C19,1.0,chembl36,COMPOUND,TARGET
Nonivamide,inhibits,Cytochrome P450 3A4,1.0,chembl36,COMPOUND,TARGET
Nonivamide,inhibits,Cytochrome P450 2C9,1.0,chembl36,COMPOUND,TARGET
Malonoben,inhibits,Cytochrome P450 2C19,1.0,chembl36,COMPOUND,TARGET
Malonoben,inhibits,Cytochrome P450 3A4,1.0,chembl36,COMPOUND,TARGET
Malonoben,inhibits,Cytochrome P450 2C9,1.0,chembl36,COMPOUND,TARGET
Dihydrocapsaicin,inhibits,Cytochrome P450 2C19,1.0,chembl36,COMPOUND,TARGET
Dihydrocapsaicin,inhibits,Cytochrome P450 2C9,1.0,chembl36,COMPOUND,TARGET
Theobromine,inhibits,Solute carrier organic anion transporter family member 1B3,1.0,chembl36,COMPOUND,TARGET
Theobromine,inhibits,Solute carrier organic anion transporter family member 1B1,1.0,chembl36,COMPOUND,TARGET
"(9Z)-beta,beta-Carotene",inhibits,Solute carrier organic anion transporter family member 1B3,1.0,chembl36,COMPOUND,TARGET
Carotene,inhibits,Solute carrier organic anion transporter family member 1B3,1.0,chembl36,COMPOUND,TARGET
beta-Carotene,inhibits,Solute carrier organic anion transporter family member 1B3,1.0,chembl36,COMPOUND,TARGET
(13Z)-beta-Carotene,inhibits,Solute carrier organic anion transporter family member 1B3,1.0,chembl36,COMPOUND,TARGET
"cis-b,b-Carotene",inhibits,Solute carrier organic anion transporter family member 1B3,1.0,chembl36,COMPOUND,TARGET
"(9Z)-beta,beta-Carotene",inhibits,Solute carrier organic anion transporter family member 1B1,1.0,chembl36,COMPOUND,TARGET
Carotene,inhibits,Solute carrier organic anion transporter family member 1B1,1.0,chembl36,COMPOUND,TARGET
beta-Carotene,inhibits,Solute carrier organic anion transporter family member 1B1,1.0,chembl36,COMPOUND,TARGET
(13Z)-beta-Carotene,inhibits,Solute carrier organic anion transporter family member 1B1,1.0,chembl36,COMPOUND,TARGET
"cis-b,b-Carotene",inhibits,Solute carrier organic anion transporter family member 1B1,1.0,chembl36,COMPOUND,TARGET
Quinine,inhibits,Cytochrome P450 2D6,1.0,chembl36,COMPOUND,TARGET
Quinine,inhibits,Solute carrier organic anion transporter family member 1B1,1.0,chembl36,COMPOUND,TARGET
Quinine,inhibits,ATP-dependent translocase ABCB1,1.0,chembl36,COMPOUND,TARGET
Di-2-propenyl-sulfane,inhibits,Solute carrier organic anion transporter family member 1B1,1.0,chembl36,COMPOUND,TARGET
Di-2-propenyl-sulfane,inhibits,Solute carrier organic anion transporter family member 1B3,1.0,chembl36,COMPOUND,TARGET
(-)-alpha-Narcotine,inhibits,Cytochrome P450 2C19,1.0,chembl36,COMPOUND,TARGET
(-)-alpha-Narcotine,inhibits,Cytochrome P450 3A4,1.0,chembl36,COMPOUND,TARGET
(-)-alpha-Narcotine,inhibits,Cytochrome P450 2C9,1.0,chembl36,COMPOUND,TARGET
Piperazine,inhibits,Solute carrier organic anion transporter family member 1B1,1.0,chembl36,COMPOUND,TARGET
Piperazine,inhibits,Solute carrier organic anion transporter family member 1B3,1.0,chembl36,COMPOUND,TARGET
Kinetin,inhibits,Solute carrier organic anion transporter family member 1B1,1.0,chembl36,COMPOUND,TARGET
Kinetin,inhibits,Solute carrier organic anion transporter family member 1B3,1.0,chembl36,COMPOUND,TARGET
Kinetin,inhibits,Cytochrome P450 3A4,1.0,chembl36,COMPOUND,TARGET
Safrole,inhibits,Cytochrome P450 3A4,1.0,chembl36,COMPOUND,TARGET
Safrole,inhibits,Cytochrome P450 1A2,1.0,chembl36,COMPOUND,TARGET
Safrole,inhibits,Solute carrier organic anion transporter family member 1B1,1.0,chembl36,COMPOUND,TARGET
Safrole,inhibits,Solute carrier organic anion transporter family member 1B3,1.0,chembl36,COMPOUND,TARGET
Amlodipine,inhibits,ATP-dependent translocase ABCB1,1.0,chembl36,COMPOUND,TARGET
(2S)-pinocembrin,inhibits,Cytochrome P450 1A1,1.0,chembl36,COMPOUND,TARGET
(2S)-pinocembrin,inhibits,Cytochrome P450 1B1,1.0,chembl36,COMPOUND,TARGET
(2S)-pinocembrin,inhibits,Cytochrome P450 1A2,1.0,chembl36,COMPOUND,TARGET
(2S)-pinocembrin,inhibits,Solute carrier organic anion transporter family member 1B1,1.0,chembl36,COMPOUND,TARGET
(2S)-pinocembrin,inhibits,Solute carrier organic anion transporter family member 1B3,1.0,chembl36,COMPOUND,TARGET
Stigmasterol,inhibits,Solute carrier organic anion transporter family member 1B1,1.0,chembl36,COMPOUND,TARGET
Stigmasterol,inhibits,Solute carrier organic anion transporter family member 1B3,1.0,chembl36,COMPOUND,TARGET
Cortisone,inhibits,Cytochrome P450 3A4,1.0,chembl36,COMPOUND,TARGET
Cortisone,inhibits,Solute carrier organic anion transporter family member 1B1,1.0,chembl36,COMPOUND,TARGET
Cortisone,inhibits,Solute carrier organic anion transporter family member 1B3,1.0,chembl36,COMPOUND,TARGET
Glucokinin,inhibits,Solute carrier organic anion transporter family member 1B3,1.0,chembl36,COMPOUND,TARGET
Glucokinin,inhibits,Solute carrier organic anion transporter family member 1B1,1.0,chembl36,COMPOUND,TARGET
Pantoprazole,inhibits,Solute carrier organic anion transporter family member 1B3,1.0,chembl36,COMPOUND,TARGET
Pantoprazole,inhibits,Solute carrier organic anion transporter family member 1B1,1.0,chembl36,COMPOUND,TARGET
"Omeprazole, BAN, INN, JAN, USA",inhibits,Cytochrome P450 2C19,1.0,chembl36,COMPOUND,TARGET
"Omeprazole, BAN, INN, JAN, USA",inhibits,Cytochrome P450 3A4,1.0,chembl36,COMPOUND,TARGET
Phosphatidylcholine O-34:2,inhibits,Solute carrier organic anion transporter family member 1B3,1.0,chembl36,COMPOUND,TARGET
Phosphatidylcholine O-34:2,inhibits,Solute carrier organic anion transporter family member 1B1,1.0,chembl36,COMPOUND,TARGET
beta-Amyrin acetate,inhibits,Solute carrier organic anion transporter family member 1B1,1.0,chembl36,COMPOUND,TARGET
beta-Amyrin acetate,inhibits,Solute carrier organic anion transporter family member 1B3,1.0,chembl36,COMPOUND,TARGET
Nootkatone,inhibits,Cytochrome P450 2C19,1.0,chembl36,COMPOUND,TARGET
"5,6-dimethyl-8-isopropenylbicyclo[4.4.0]dec-1-en-3-one",inhibits,Cytochrome P450 2C19,1.0,chembl36,COMPOUND,TARGET
3-Methylsalicylic acid,inhibits,Solute carrier organic anion transporter family member 1B1,1.0,chembl36,COMPOUND,TARGET
3-Methylsalicylic acid,inhibits,Solute carrier organic anion transporter family member 1B3,1.0,chembl36,COMPOUND,TARGET
Sarsasapogenin,inhibits,Solute carrier organic anion transporter family member 1B3,1.0,chembl36,COMPOUND,TARGET
Sarsasapogenin,inhibits,Solute carrier organic anion transporter family member 1B1,1.0,chembl36,COMPOUND,TARGET
"3b,5a,6b-Cholestanetriol",inhibits,Solute carrier organic anion transporter family member 1B1,1.0,chembl36,COMPOUND,TARGET
"3b,5a,6b-Cholestanetriol",inhibits,Solute carrier organic anion transporter family member 1B3,1.0,chembl36,COMPOUND,TARGET
7-Ketocholesterol,inhibits,Solute carrier organic anion transporter family member 1B1,1.0,chembl36,COMPOUND,TARGET
7-Ketocholesterol,inhibits,Solute carrier organic anion transporter family member 1B3,1.0,chembl36,COMPOUND,TARGET
Fenugrin A,inhibits,Solute carrier organic anion transporter family member 1B3,1.0,chembl36,COMPOUND,TARGET
Fenugrin A,inhibits,Solute carrier organic anion transporter family member 1B1,1.0,chembl36,COMPOUND,TARGET
Sphondin,inhibits,Cytochrome P450 3A4,1.0,chembl36,COMPOUND,TARGET
Sphondin,inhibits,Solute carrier organic anion transporter family member 1B1,1.0,chembl36,COMPOUND,TARGET
Sphondin,inhibits,Solute carrier organic anion transporter family member 1B3,1.0,chembl36,COMPOUND,TARGET
Sphondin,inhibits,Cytochrome P450 1A1,1.0,chembl36,COMPOUND,TARGET
Estradiol,inhibits,Cytochrome P450 3A4,1.0,chembl36,COMPOUND,TARGET
Estradiol,inhibits,Solute carrier organic anion transporter family member 1B1,1.0,chembl36,COMPOUND,TARGET
Estradiol,inhibits,Solute carrier organic anion transporter family member 1B3,1.0,chembl36,COMPOUND,TARGET
Estradiol,inhibits,Cytochrome P450 1B1,1.0,chembl36,COMPOUND,TARGET
Diphenhydramine,inhibits,Cytochrome P450 2D6,1.0,chembl36,COMPOUND,TARGET
Kaempferide,inhibits,Cytochrome P450 1B1,1.0,chembl36,COMPOUND,TARGET
Kaempferide 3-[glucopyranosyl-(1->?)-glucopyranoside],inhibits,Cytochrome P450 1B1,1.0,chembl36,COMPOUND,TARGET
Kaempferide,inhibits,Cytochrome P450 1A1,1.0,chembl36,COMPOUND,TARGET
Kaempferide 3-[glucopyranosyl-(1->?)-glucopyranoside],inhibits,Cytochrome P450 1A1,1.0,chembl36,COMPOUND,TARGET
Kaempferide,inhibits,Cytochrome P450 1A2,1.0,chembl36,COMPOUND,TARGET
Kaempferide 3-[glucopyranosyl-(1->?)-glucopyranoside],inhibits,Cytochrome P450 1A2,1.0,chembl36,COMPOUND,TARGET
Emodin,inhibits,Cytochrome P450 2C19,1.0,chembl36,COMPOUND,TARGET
Emodin,inhibits,Cytochrome P450 3A4,1.0,chembl36,COMPOUND,TARGET
Emodin,inhibits,Cytochrome P450 2C9,1.0,chembl36,COMPOUND,TARGET
Emodin,inhibits,Solute carrier organic anion transporter family member 1B3,1.0,chembl36,COMPOUND,TARGET
Emodin,inhibits,Solute carrier organic anion transporter family member 1B1,1.0,chembl36,COMPOUND,TARGET
Emodin,inhibits,Cytochrome P450 1A2,1.0,chembl36,COMPOUND,TARGET
Emodin,inhibits,Cytochrome P450 1B1,1.0,chembl36,COMPOUND,TARGET
Physcion,inhibits,Solute carrier organic anion transporter family member 1B1,1.0,chembl36,COMPOUND,TARGET
Physcion,inhibits,Solute carrier organic anion transporter family member 1B3,1.0,chembl36,COMPOUND,TARGET
Chrysophanol,inhibits,Solute carrier organic anion transporter family member 1B3,1.0,chembl36,COMPOUND,TARGET
Chrysophanol,inhibits,Solute carrier organic anion transporter family member 1B1,1.0,chembl36,COMPOUND,TARGET
Rhein,inhibits,Cytochrome P450 3A4,1.0,chembl36,COMPOUND,TARGET
Loperamide,inhibits,Cytochrome P450 2D6,1.0,chembl36,COMPOUND,TARGET
Loperamide,inhibits,Cytochrome P450 3A4,1.0,chembl36,COMPOUND,TARGET
Loperamide,inhibits,ATP-dependent translocase ABCB1,1.0,chembl36,COMPOUND,TARGET
Sulphadimethoxine,inhibits,Solute carrier organic anion transporter family member 1B3,1.0,chembl36,COMPOUND,TARGET
Sulphadimethoxine,inhibits,Solute carrier organic anion transporter family member 1B1,1.0,chembl36,COMPOUND,TARGET
trans-2-Methoxycinnamic acid,inhibits,Solute carrier organic anion transporter family member 1B3,1.0,chembl36,COMPOUND,TARGET
trans-2-Methoxycinnamic acid,inhibits,Solute carrier organic anion transporter family member 1B1,1.0,chembl36,COMPOUND,TARGET
N-Acetyl-L-phenylalanine,inhibits,Solute carrier organic anion transporter family member 1B3,1.0,chembl36,COMPOUND,TARGET
N-Acetyl-L-phenylalanine,inhibits,Solute carrier organic anion transporter family member 1B1,1.0,chembl36,COMPOUND,TARGET
Lipoic acid,inhibits,Solute carrier organic anion transporter family member 1B3,1.0,chembl36,COMPOUND,TARGET
Lipoic acid,inhibits,Solute carrier organic anion transporter family member 1B1,1.0,chembl36,COMPOUND,TARGET
(-)-Arctigenin,inhibits,Cytochrome P450 2C19,1.0,chembl36,COMPOUND,TARGET
"2,4-Dichlorophenoxyacetic acid",inhibits,Solute carrier organic anion transporter family member 1B1,1.0,chembl36,COMPOUND,TARGET
"2,4-Dichlorophenoxyacetic acid",inhibits,Solute carrier organic anion transporter family member 1B3,1.0,chembl36,COMPOUND,TARGET
Ethoxyquin,inhibits,Cytochrome P450 2C19,1.0,chembl36,COMPOUND,TARGET
Ethoxyquin,inhibits,Cytochrome P450 2D6,1.0,chembl36,COMPOUND,TARGET
Ethoxyquin,inhibits,Cytochrome P450 2C9,1.0,chembl36,COMPOUND,TARGET
Ethoxyquin,inhibits,Solute carrier organic anion transporter family member 1B1,1.0,chembl36,COMPOUND,TARGET
Ethoxyquin,inhibits,Solute carrier organic anion transporter family member 1B3,1.0,chembl36,COMPOUND,TARGET
"2,4-Dimethylquinoline",inhibits,Cytochrome P450 1A2,1.0,chembl36,COMPOUND,TARGET
"1,4-Dimethylnapthalene",inhibits,Cytochrome P450 1A2,1.0,chembl36,COMPOUND,TARGET
"2,6-Dimethylquinoline",inhibits,Cytochrome P450 1A2,1.0,chembl36,COMPOUND,TARGET
kaempferol 3-rhamnoside-7-glucoside,inhibits,Cytochrome P450 3A4,1.0,chembl36,COMPOUND,TARGET
Glycyrrhetic acid,inhibits,Solute carrier organic anion transporter family member 1B3,1.0,chembl36,COMPOUND,TARGET
Glycyrrhetic acid,inhibits,Solute carrier organic anion transporter family member 1B1,1.0,chembl36,COMPOUND,TARGET
Aesculetin,inhibits,Solute carrier organic anion transporter family member 1B1,1.0,chembl36,COMPOUND,TARGET
Aesculetin,inhibits,Solute carrier organic anion transporter family member 1B3,1.0,chembl36,COMPOUND,TARGET
Daphnetin,inhibits,Cytochrome P450 2D6,1.0,chembl36,COMPOUND,TARGET
Daphnetin,inhibits,Solute carrier organic anion transporter family member 1B3,1.0,chembl36,COMPOUND,TARGET
Daphnetin,inhibits,Solute carrier organic anion transporter family member 1B1,1.0,chembl36,COMPOUND,TARGET
alpha-Humulene,inhibits,Solute carrier organic anion transporter family member 1B3,1.0,chembl36,COMPOUND,TARGET
Humulene-alpha,inhibits,Solute carrier organic anion transporter family member 1B3,1.0,chembl36,COMPOUND,TARGET
alpha-Humulene,inhibits,Solute carrier organic anion transporter family member 1B1,1.0,chembl36,COMPOUND,TARGET
Humulene-alpha,inhibits,Solute carrier organic anion transporter family member 1B1,1.0,chembl36,COMPOUND,TARGET
Escitalopram,inhibits,Cytochrome P450 2C19,1.0,chembl36,COMPOUND,TARGET
Escitalopram,inhibits,Cytochrome P450 3A4,1.0,chembl36,COMPOUND,TARGET
Escitalopram,inhibits,Cytochrome P450 2C9,1.0,chembl36,COMPOUND,TARGET
Pelanin,inhibits,Solute carrier organic anion transporter family member 1B1,1.0,chembl36,COMPOUND,TARGET
Pelanin,inhibits,Solute carrier organic anion transporter family member 1B3,1.0,chembl36,COMPOUND,TARGET
Oxytetracycline,inhibits,Solute carrier organic anion transporter family member 1B1,1.0,chembl36,COMPOUND,TARGET
Oxytetracycline,inhibits,Solute carrier organic anion transporter family member 1B3,1.0,chembl36,COMPOUND,TARGET
Hyperin,inhibits,Cytochrome P450 2D6,1.0,chembl36,COMPOUND,TARGET
Hesperetin,inhibits,Cytochrome P450 1A1,1.0,chembl36,COMPOUND,TARGET
Hesperetin,inhibits,Cytochrome P450 1B1,1.0,chembl36,COMPOUND,TARGET
Hesperetin,inhibits,Cytochrome P450 2C19,1.0,chembl36,COMPOUND,TARGET
Hesperetin,inhibits,Cytochrome P450 3A4,1.0,chembl36,COMPOUND,TARGET
Hesperetin,inhibits,Cytochrome P450 2D6,1.0,chembl36,COMPOUND,TARGET
Hesperetin,inhibits,Cytochrome P450 2C9,1.0,chembl36,COMPOUND,TARGET
Hesperetin,inhibits,Solute carrier organic anion transporter family member 1B1,1.0,chembl36,COMPOUND,TARGET
Hesperetin,inhibits,Solute carrier organic anion transporter family member 1B3,1.0,chembl36,COMPOUND,TARGET
Schisantherin A,inhibits,Cytochrome P450 3A4,1.0,chembl36,COMPOUND,TARGET
Phenylhydrazine,inhibits,Cytochrome P450 1A2,1.0,chembl36,COMPOUND,TARGET
Phenylhydrazine,inhibits,Cytochrome P450 2C19,1.0,chembl36,COMPOUND,TARGET
Phenylhydrazine,inhibits,Cytochrome P450 2C9,1.0,chembl36,COMPOUND,TARGET
Phenylhydrazine,inhibits,Cytochrome P450 2D6,1.0,chembl36,COMPOUND,TARGET
Phenylhydrazine,inhibits,Cytochrome P450 3A4,1.0,chembl36,COMPOUND,TARGET
Pseudoephedrine,inhibits,Cytochrome P450 2C19,1.0,chembl36,COMPOUND,TARGET
Pseudoephedrine,inhibits,Cytochrome P450 2C9,1.0,chembl36,COMPOUND,TARGET
Citrullin,inhibits,Solute carrier organic anion transporter family member 1B1,1.0,chembl36,COMPOUND,TARGET
L-Citrulline,inhibits,Solute carrier organic anion transporter family member 1B1,1.0,chembl36,COMPOUND,TARGET
Citrullin,inhibits,Solute carrier organic anion transporter family member 1B3,1.0,chembl36,COMPOUND,TARGET
L-Citrulline,inhibits,Solute carrier organic anion transporter family member 1B3,1.0,chembl36,COMPOUND,TARGET
Bilirubin,inhibits,Solute carrier organic anion transporter family member 1B3,1.0,chembl36,COMPOUND,TARGET
"4E,15Z-Bilirubin IXa",inhibits,Solute carrier organic anion transporter family member 1B3,1.0,chembl36,COMPOUND,TARGET
Bilirubin,inhibits,Solute carrier organic anion transporter family member 1B1,1.0,chembl36,COMPOUND,TARGET
"4E,15Z-Bilirubin IXa",inhibits,Solute carrier organic anion transporter family member 1B1,1.0,chembl36,COMPOUND,TARGET
Estrone sulfate,inhibits,Solute carrier organic anion transporter family member 1B1,1.0,chembl36,COMPOUND,TARGET
Boldione,inhibits,Solute carrier organic anion transporter family member 1B1,1.0,chembl36,COMPOUND,TARGET
Boldione,inhibits,Solute carrier organic anion transporter family member 1B3,1.0,chembl36,COMPOUND,TARGET
Paeonol,inhibits,Cytochrome P450 3A4,1.0,chembl36,COMPOUND,TARGET
Paeonol,inhibits,Solute carrier organic anion transporter family member 1B3,1.0,chembl36,COMPOUND,TARGET
Paeonol,inhibits,Solute carrier organic anion transporter family member 1B1,1.0,chembl36,COMPOUND,TARGET
Isoginkgetin,inhibits,Cytochrome P450 3A4,1.0,chembl36,COMPOUND,TARGET
Isoginkgetin,inhibits,Solute carrier organic anion transporter family member 1B3,1.0,chembl36,COMPOUND,TARGET
Protoporphyrin,inhibits,Cytochrome P450 2C19,1.0,chembl36,COMPOUND,TARGET
Protoporphyrin,inhibits,Cytochrome P450 2C9,1.0,chembl36,COMPOUND,TARGET
Protoporphyrin,inhibits,Solute carrier organic anion transporter family member 1B3,1.0,chembl36,COMPOUND,TARGET
1-Acetoxy-2-hydroxy-16-heptadecyn-4-one,inhibits,Solute carrier organic anion transporter family member 1B3,1.0,chembl36,COMPOUND,TARGET
1-Acetoxy-2-hydroxy-16-heptadecyn-4-one,inhibits,Solute carrier organic anion transporter family member 1B1,1.0,chembl36,COMPOUND,TARGET
"5,7-Dihydroxyisoflavone",inhibits,Solute carrier organic anion transporter family member 1B1,1.0,chembl36,COMPOUND,TARGET
"5,7-Dihydroxyisoflavone",inhibits,Solute carrier organic anion transporter family member 1B3,1.0,chembl36,COMPOUND,TARGET
Triacetin,inhibits,Solute carrier organic anion transporter family member 1B1,1.0,chembl36,COMPOUND,TARGET
Triacetin,inhibits,Solute carrier organic anion transporter family member 1B3,1.0,chembl36,COMPOUND,TARGET
Isokobusone,inhibits,Cytochrome P450 3A4,1.0,chembl36,COMPOUND,TARGET
Isokobusone,inhibits,Solute carrier organic anion transporter family member 1B1,1.0,chembl36,COMPOUND,TARGET
Isokobusone,inhibits,Solute carrier organic anion transporter family member 1B3,1.0,chembl36,COMPOUND,TARGET
2-Indolecarboxylic acid,inhibits,Solute carrier organic anion transporter family member 1B1,1.0,chembl36,COMPOUND,TARGET
2-Indolecarboxylic acid,inhibits,Solute carrier organic anion transporter family member 1B3,1.0,chembl36,COMPOUND,TARGET
Kynuramine,inhibits,Solute carrier organic anion transporter family member 1B3,1.0,chembl36,COMPOUND,TARGET
Kynuramine,inhibits,Solute carrier organic anion transporter family member 1B1,1.0,chembl36,COMPOUND,TARGET
Spermine,inhibits,Cytochrome P450 2C19,1.0,chembl36,COMPOUND,TARGET
Diferuloylspermine,inhibits,Cytochrome P450 2C19,1.0,chembl36,COMPOUND,TARGET
Betulin,inhibits,Solute carrier organic anion transporter family member 1B1,1.0,chembl36,COMPOUND,TARGET
Betulin,inhibits,Solute carrier organic anion transporter family member 1B3,1.0,chembl36,COMPOUND,TARGET
FIC,inhibits,Solute carrier organic anion transporter family member 1B3,1.0,chembl36,COMPOUND,TARGET
FIC,inhibits,Solute carrier organic anion transporter family member 1B1,1.0,chembl36,COMPOUND,TARGET
Bergapten,inhibits,Cytochrome P450 2C19,1.0,chembl36,COMPOUND,TARGET
Bergapten,inhibits,Cytochrome P450 2D6,1.0,chembl36,COMPOUND,TARGET
Bergapten,inhibits,Cytochrome P450 3A4,1.0,chembl36,COMPOUND,TARGET
Bergapten,inhibits,Cytochrome P450 2C9,1.0,chembl36,COMPOUND,TARGET
Bergapten,inhibits,Solute carrier organic anion transporter family member 1B1,1.0,chembl36,COMPOUND,TARGET
Bergapten,inhibits,Solute carrier organic anion transporter family member 1B3,1.0,chembl36,COMPOUND,TARGET
Bergapten,inhibits,Cytochrome P450 1A1,1.0,chembl36,COMPOUND,TARGET
Bergapten,inhibits,Cytochrome P450 1A2,1.0,chembl36,COMPOUND,TARGET
17alpha-ethynylestradiol,inhibits,Cytochrome P450 2B6,1.0,chembl36,COMPOUND,TARGET
17alpha-ethynylestradiol,inhibits,Solute carrier organic anion transporter family member 1B3,1.0,chembl36,COMPOUND,TARGET
17alpha-ethynylestradiol,inhibits,Cytochrome P450 3A4,1.0,chembl36,COMPOUND,TARGET
Curcumin,inhibits,Cytochrome P450 2C9,1.0,chembl36,COMPOUND,TARGET
Curcumin,inhibits,Solute carrier organic anion transporter family member 1B1,1.0,chembl36,COMPOUND,TARGET
Curcumin,inhibits,Solute carrier organic anion transporter family member 1B3,1.0,chembl36,COMPOUND,TARGET
Curcumin,inhibits,ATP-dependent translocase ABCB1,1.0,chembl36,COMPOUND,TARGET
[8]-Shogaol,inhibits,Cytochrome P450 1A2,1.0,chembl36,COMPOUND,TARGET
cis-[6]-Shogaol,inhibits,Cytochrome P450 1A2,1.0,chembl36,COMPOUND,TARGET
[6]-Shogaol,inhibits,Cytochrome P450 1A2,1.0,chembl36,COMPOUND,TARGET
"1-(3,4-Dimethoxyphenyl)-4-decen-3-one",inhibits,Cytochrome P450 1A2,1.0,chembl36,COMPOUND,TARGET
[8]-Shogaol,inhibits,Cytochrome P450 2B6,1.0,chembl36,COMPOUND,TARGET
cis-[6]-Shogaol,inhibits,Cytochrome P450 2B6,1.0,chembl36,COMPOUND,TARGET
[6]-Shogaol,inhibits,Cytochrome P450 2B6,1.0,chembl36,COMPOUND,TARGET
"1-(3,4-Dimethoxyphenyl)-4-decen-3-one",inhibits,Cytochrome P450 2B6,1.0,chembl36,COMPOUND,TARGET
[8]-Shogaol,inhibits,Cytochrome P450 2C8,1.0,chembl36,COMPOUND,TARGET
cis-[6]-Shogaol,inhibits,Cytochrome P450 2C8,1.0,chembl36,COMPOUND,TARGET
[6]-Shogaol,inhibits,Cytochrome P450 2C8,1.0,chembl36,COMPOUND,TARGET
"1-(3,4-Dimethoxyphenyl)-4-decen-3-one",inhibits,Cytochrome P450 2C8,1.0,chembl36,COMPOUND,TARGET
[8]-Shogaol,inhibits,Cytochrome P450 2C9,1.0,chembl36,COMPOUND,TARGET
cis-[6]-Shogaol,inhibits,Cytochrome P450 2C9,1.0,chembl36,COMPOUND,TARGET
[6]-Shogaol,inhibits,Cytochrome P450 2C9,1.0,chembl36,COMPOUND,TARGET
"1-(3,4-Dimethoxyphenyl)-4-decen-3-one",inhibits,Cytochrome P450 2C9,1.0,chembl36,COMPOUND,TARGET
[8]-Shogaol,inhibits,Cytochrome P450 3A4,1.0,chembl36,COMPOUND,TARGET
cis-[6]-Shogaol,inhibits,Cytochrome P450 3A4,1.0,chembl36,COMPOUND,TARGET
[6]-Shogaol,inhibits,Cytochrome P450 3A4,1.0,chembl36,COMPOUND,TARGET
"1-(3,4-Dimethoxyphenyl)-4-decen-3-one",inhibits,Cytochrome P450 3A4,1.0,chembl36,COMPOUND,TARGET
quinolinate,inhibits,Cytochrome P450 3A4,1.0,chembl36,COMPOUND,TARGET
quinolinate,inhibits,Solute carrier organic anion transporter family member 1B1,1.0,chembl36,COMPOUND,TARGET
quinolinate,inhibits,Solute carrier organic anion transporter family member 1B3,1.0,chembl36,COMPOUND,TARGET
Eugenol,inhibits,Cytochrome P450 3A4,1.0,chembl36,COMPOUND,TARGET
Eugenol,inhibits,Solute carrier organic anion transporter family member 1B1,1.0,chembl36,COMPOUND,TARGET
Eugenol,inhibits,Solute carrier organic anion transporter family member 1B3,1.0,chembl36,COMPOUND,TARGET
2-Methylthioribosyl-trans-zeatin,inhibits,Cytochrome P450 2D6,1.0,chembl36,COMPOUND,TARGET
2-Methylthioribosyl-trans-zeatin,inhibits,Cytochrome P450 3A4,1.0,chembl36,COMPOUND,TARGET
Plumbagin,inhibits,Cytochrome P450 1A1,1.0,chembl36,COMPOUND,TARGET
Plumbagin,inhibits,Cytochrome P450 1A2,1.0,chembl36,COMPOUND,TARGET
Plumbagin,inhibits,Cytochrome P450 1B1,1.0,chembl36,COMPOUND,TARGET
Plumbagin,inhibits,Cytochrome P450 2D6,1.0,chembl36,COMPOUND,TARGET
Plumbagin,inhibits,Cytochrome P450 2C9,1.0,chembl36,COMPOUND,TARGET
Plumbagin,inhibits,Cytochrome P450 2C19,1.0,chembl36,COMPOUND,TARGET
Plumbagin,inhibits,Cytochrome P450 3A4,1.0,chembl36,COMPOUND,TARGET
Yamogenin,inhibits,Solute carrier organic anion transporter family member 1B3,1.0,chembl36,COMPOUND,TARGET
Diosgenin,inhibits,Solute carrier organic anion transporter family member 1B3,1.0,chembl36,COMPOUND,TARGET
Yamogenin,inhibits,Solute carrier organic anion transporter family member 1B1,1.0,chembl36,COMPOUND,TARGET
Diosgenin,inhibits,Solute carrier organic anion transporter family member 1B1,1.0,chembl36,COMPOUND,TARGET
Neotigonenin,inhibits,Solute carrier organic anion transporter family member 1B1,1.0,chembl36,COMPOUND,TARGET
Epismilagenin,inhibits,Solute carrier organic anion transporter family member 1B1,1.0,chembl36,COMPOUND,TARGET
Episarsasapogenin,inhibits,Solute carrier organic anion transporter family member 1B1,1.0,chembl36,COMPOUND,TARGET
Tigogenin,inhibits,Solute carrier organic anion transporter family member 1B1,1.0,chembl36,COMPOUND,TARGET
Neotigonenin,inhibits,Solute carrier organic anion transporter family member 1B3,1.0,chembl36,COMPOUND,TARGET
Epismilagenin,inhibits,Solute carrier organic anion transporter family member 1B3,1.0,chembl36,COMPOUND,TARGET
Episarsasapogenin,inhibits,Solute carrier organic anion transporter family member 1B3,1.0,chembl36,COMPOUND,TARGET
Tigogenin,inhibits,Solute carrier organic anion transporter family member 1B3,1.0,chembl36,COMPOUND,TARGET
Juglone,inhibits,Solute carrier organic anion transporter family member 1B1,1.0,chembl36,COMPOUND,TARGET
Juglone,inhibits,Solute carrier organic anion transporter family member 1B3,1.0,chembl36,COMPOUND,TARGET
N-Methyl-D-aspartic acid,inhibits,Solute carrier organic anion transporter family member 1B3,1.0,chembl36,COMPOUND,TARGET
N-Methyl-D-aspartic acid,inhibits,Solute carrier organic anion transporter family member 1B1,1.0,chembl36,COMPOUND,TARGET
Endrin,inhibits,Solute carrier organic anion transporter family member 1B1,1.0,chembl36,COMPOUND,TARGET
Endrin,inhibits,Solute carrier organic anion transporter family member 1B3,1.0,chembl36,COMPOUND,TARGET
Catechin,inhibits,Solute carrier organic anion transporter family member 1B1,1.0,chembl36,COMPOUND,TARGET
Catechin,inhibits,Solute carrier organic anion transporter family member 1B3,1.0,chembl36,COMPOUND,TARGET
Saccharin,inhibits,Solute carrier organic anion transporter family member 1B3,1.0,chembl36,COMPOUND,TARGET
"Saccharin, ammonium salt",inhibits,Solute carrier organic anion transporter family member 1B3,1.0,chembl36,COMPOUND,TARGET
Saccharin,inhibits,Solute carrier organic anion transporter family member 1B1,1.0,chembl36,COMPOUND,TARGET
"Saccharin, ammonium salt",inhibits,Solute carrier organic anion transporter family member 1B1,1.0,chembl36,COMPOUND,TARGET
Quercitrin,inhibits,Solute carrier organic anion transporter family member 1B1,1.0,chembl36,COMPOUND,TARGET
Quercitrin,inhibits,Solute carrier organic anion transporter family member 1B3,1.0,chembl36,COMPOUND,TARGET
Trigonelline,inhibits,Solute carrier organic anion transporter family member 1B1,1.0,chembl36,COMPOUND,TARGET
Trigonelline,inhibits,Solute carrier organic anion transporter family member 1B3,1.0,chembl36,COMPOUND,TARGET
Chrysoeriol,inhibits,Cytochrome P450 1A2,1.0,chembl36,COMPOUND,TARGET
Chrysoeriol 7-(2''-glucuronylglucuronide),inhibits,Cytochrome P450 1A2,1.0,chembl36,COMPOUND,TARGET
Chrysoeriol 7-disulfoglucoside,inhibits,Cytochrome P450 1A2,1.0,chembl36,COMPOUND,TARGET
Chrysoeriol 7-triglucuronide,inhibits,Cytochrome P450 1A2,1.0,chembl36,COMPOUND,TARGET
Chrysoeriol,inhibits,Cytochrome P450 1A1,1.0,chembl36,COMPOUND,TARGET
Chrysoeriol 7-(2''-glucuronylglucuronide),inhibits,Cytochrome P450 1A1,1.0,chembl36,COMPOUND,TARGET
Chrysoeriol 7-disulfoglucoside,inhibits,Cytochrome P450 1A1,1.0,chembl36,COMPOUND,TARGET
Chrysoeriol 7-triglucuronide,inhibits,Cytochrome P450 1A1,1.0,chembl36,COMPOUND,TARGET
Chrysoeriol,inhibits,Cytochrome P450 1B1,1.0,chembl36,COMPOUND,TARGET
Chrysoeriol 7-(2''-glucuronylglucuronide),inhibits,Cytochrome P450 1B1,1.0,chembl36,COMPOUND,TARGET
Chrysoeriol 7-disulfoglucoside,inhibits,Cytochrome P450 1B1,1.0,chembl36,COMPOUND,TARGET
Chrysoeriol 7-triglucuronide,inhibits,Cytochrome P450 1B1,1.0,chembl36,COMPOUND,TARGET
"3,4',7-Trihydroxyflavone",inhibits,Cytochrome P450 2C9,1.0,chembl36,COMPOUND,TARGET
Acacetin,inhibits,Cytochrome P450 1B1,1.0,chembl36,COMPOUND,TARGET
Acacetin 7-diglucoside,inhibits,Cytochrome P450 1B1,1.0,chembl36,COMPOUND,TARGET
Acacetin,inhibits,Cytochrome P450 1A1,1.0,chembl36,COMPOUND,TARGET
Acacetin 7-diglucoside,inhibits,Cytochrome P450 1A1,1.0,chembl36,COMPOUND,TARGET
Acacetin,inhibits,Cytochrome P450 1A2,1.0,chembl36,COMPOUND,TARGET
Acacetin 7-diglucoside,inhibits,Cytochrome P450 1A2,1.0,chembl36,COMPOUND,TARGET
Acacetin,inhibits,Cytochrome P450 2C19,1.0,chembl36,COMPOUND,TARGET
Acacetin 7-diglucoside,inhibits,Cytochrome P450 2C19,1.0,chembl36,COMPOUND,TARGET
Acacetin,inhibits,Cytochrome P450 3A4,1.0,chembl36,COMPOUND,TARGET
Acacetin 7-diglucoside,inhibits,Cytochrome P450 3A4,1.0,chembl36,COMPOUND,TARGET
Acacetin,inhibits,Cytochrome P450 2C9,1.0,chembl36,COMPOUND,TARGET
Acacetin 7-diglucoside,inhibits,Cytochrome P450 2C9,1.0,chembl36,COMPOUND,TARGET
Apigenin 7-O-beta-D-rutinoside,inhibits,Solute carrier organic anion transporter family member 1B1,1.0,chembl36,COMPOUND,TARGET
Rhoifolin,inhibits,Solute carrier organic anion transporter family member 1B1,1.0,chembl36,COMPOUND,TARGET
Apigenin 7-O-beta-D-rutinoside,inhibits,Solute carrier organic anion transporter family member 1B3,1.0,chembl36,COMPOUND,TARGET
Rhoifolin,inhibits,Solute carrier organic anion transporter family member 1B3,1.0,chembl36,COMPOUND,TARGET
Carnosin 44A,inhibits,Solute carrier organic anion transporter family member 1B3,1.0,chembl36,COMPOUND,TARGET
Formononetin,inhibits,Cytochrome P450 2C19,1.0,chembl36,COMPOUND,TARGET
Formononetin,inhibits,Cytochrome P450 2D6,1.0,chembl36,COMPOUND,TARGET
Formononetin,inhibits,Cytochrome P450 2C9,1.0,chembl36,COMPOUND,TARGET
Formononetin,inhibits,Solute carrier organic anion transporter family member 1B1,1.0,chembl36,COMPOUND,TARGET
Formononetin,inhibits,Solute carrier organic anion transporter family member 1B3,1.0,chembl36,COMPOUND,TARGET
Formononetin,inhibits,Cytochrome P450 1B1,1.0,chembl36,COMPOUND,TARGET
Phlorizin,inhibits,Solute carrier organic anion transporter family member 1B3,1.0,chembl36,COMPOUND,TARGET
Phlorizin,inhibits,Solute carrier organic anion transporter family member 1B1,1.0,chembl36,COMPOUND,TARGET
Gentisic acid,inhibits,Solute carrier organic anion transporter family member 1B1,1.0,chembl36,COMPOUND,TARGET
Gentisic acid,inhibits,Solute carrier organic anion transporter family member 1B3,1.0,chembl36,COMPOUND,TARGET
Bergaptol,inhibits,Cytochrome P450 3A4,1.0,chembl36,COMPOUND,TARGET
6''-(4-Hydroxycinnamoyl)astragalin,inhibits,Cytochrome P450 3A4,1.0,chembl36,COMPOUND,TARGET
Kaempferol 3-(p-coumaroyl-glucoside),inhibits,Cytochrome P450 3A4,1.0,chembl36,COMPOUND,TARGET
3-(Dimethylaminomethyl)indole,inhibits,Cytochrome P450 2D6,1.0,chembl36,COMPOUND,TARGET
3-(Dimethylaminomethyl)indole,inhibits,Cytochrome P450 3A4,1.0,chembl36,COMPOUND,TARGET
Esterase,inhibits,Solute carrier organic anion transporter family member 1B3,1.0,chembl36,COMPOUND,TARGET
Esterase,inhibits,Solute carrier organic anion transporter family member 1B1,1.0,chembl36,COMPOUND,TARGET
Tomatine,inhibits,Solute carrier organic anion transporter family member 1B3,1.0,chembl36,COMPOUND,TARGET
Tomatine,inhibits,Solute carrier organic anion transporter family member 1B1,1.0,chembl36,COMPOUND,TARGET
Phospholipase,inhibits,Cytochrome P450 2C19,1.0,chembl36,COMPOUND,TARGET
Pimpinellidine,inhibits,Cytochrome P450 3A4,1.0,chembl36,COMPOUND,TARGET
Pimpinellidine,inhibits,Solute carrier organic anion transporter family member 1B3,1.0,chembl36,COMPOUND,TARGET
Pimpinellidine,inhibits,Solute carrier organic anion transporter family member 1B1,1.0,chembl36,COMPOUND,TARGET
17-beta-Estradiol glucuronide,inhibits,Solute carrier organic anion transporter family member 1B1,1.0,chembl36,COMPOUND,TARGET
17-beta-Estradiol glucuronide,inhibits,Solute carrier organic anion transporter family member 1B3,1.0,chembl36,COMPOUND,TARGET
Acetyl-L-carnitine,inhibits,Solute carrier organic anion transporter family member 1B3,1.0,chembl36,COMPOUND,TARGET
Acetyl-L-carnitine,inhibits,Solute carrier organic anion transporter family member 1B1,1.0,chembl36,COMPOUND,TARGET
C.I. Acid Green 50,inhibits,Cytochrome P450 3A4,1.0,chembl36,COMPOUND,TARGET
C.I. Acid Green 50,inhibits,Cytochrome P450 2D6,1.0,chembl36,COMPOUND,TARGET
C.I. Acid Green 50,inhibits,Cytochrome P450 2C9,1.0,chembl36,COMPOUND,TARGET
LAPATINIB DITOSYLATE,inhibits,Receptor tyrosine-protein kinase erbB-2,1.0,chembl36_mechanism,COMPOUND,TARGET
NILOTINIB HYDROCHLORIDE MONOHYDRATE,inhibits,Tyrosine-protein kinase ABL1,1.0,chembl36_mechanism,COMPOUND,TARGET
DASATINIB ANHYDROUS,inhibits,Tyrosine-protein kinase ABL1,1.0,chembl36_mechanism,COMPOUND,TARGET
BOSUTINIB,inhibits,Tyrosine-protein kinase ABL1,1.0,chembl36_mechanism,COMPOUND,TARGET
REGORAFENIB,inhibits,Tyrosine-protein kinase ABL1,1.0,chembl36_mechanism,COMPOUND,TARGET
IMATINIB MESYLATE,inhibits,Tyrosine-protein kinase ABL1,1.0,chembl36_mechanism,COMPOUND,TARGET
REGORAFENIB,inhibits,RAF proto-oncogene serine/threonine-protein kinase,1.0,chembl36_mechanism,COMPOUND,TARGET
SORAFENIB TOSYLATE,inhibits,RAF proto-oncogene serine/threonine-protein kinase,1.0,chembl36_mechanism,COMPOUND,TARGET
SORAFENIB TOSYLATE,inhibits,Receptor-type tyrosine-protein kinase FLT3,1.0,chembl36_mechanism,COMPOUND,TARGET
SUNITINIB MALATE,inhibits,Receptor-type tyrosine-protein kinase FLT3,1.0,chembl36_mechanism,COMPOUND,TARGET
BOSUTINIB,inhibits,Proto-oncogene tyrosine-protein kinase Src,1.0,chembl36_mechanism,COMPOUND,TARGET
VANDETANIB,inhibits,Proto-oncogene tyrosine-protein kinase Src,1.0,chembl36_mechanism,COMPOUND,TARGET
PAZOPANIB HYDROCHLORIDE,inhibits,Tyrosine-protein kinase Lck,1.0,chembl36_mechanism,COMPOUND,TARGET
BOSUTINIB,inhibits,Tyrosine-protein kinase HCK,1.0,chembl36_mechanism,COMPOUND,TARGET
RUXOLITINIB PHOSPHATE,inhibits,Tyrosine-protein kinase JAK1,1.0,chembl36_mechanism,COMPOUND,TARGET
TRAMETINIB DIMETHYL SULFOXIDE,inhibits,Dual specificity mitogen-activated protein kinase kinase 2,1.0,chembl36_mechanism,COMPOUND,TARGET
RUXOLITINIB PHOSPHATE,inhibits,Tyrosine-protein kinase JAK2,1.0,chembl36_mechanism,COMPOUND,TARGET
BOSUTINIB,inhibits,Tyrosine-protein kinase Lyn,1.0,chembl36_mechanism,COMPOUND,TARGET
TRAMETINIB DIMETHYL SULFOXIDE,inhibits,Dual specificity mitogen-activated protein kinase kinase 1,1.0,chembl36_mechanism,COMPOUND,TARGET
REGORAFENIB,inhibits,Mitogen-activated protein kinase 11,1.0,chembl36_mechanism,COMPOUND,TARGET
PEMETREXED DISODIUM,inhibits,Trifunctional purine biosynthetic protein adenosine-3,1.0,chembl36_mechanism,COMPOUND,TARGET
REGORAFENIB,inhibits,Tyrosine-protein kinase FRK,1.0,chembl36_mechanism,COMPOUND,TARGET
DABRAFENIB MESYLATE,inhibits,Serine/threonine-protein kinase B-raf,1.0,chembl36_mechanism,COMPOUND,TARGET
REGORAFENIB,inhibits,Serine/threonine-protein kinase B-raf,1.0,chembl36_mechanism,COMPOUND,TARGET
SORAFENIB TOSYLATE,inhibits,Serine/threonine-protein kinase B-raf,1.0,chembl36_mechanism,COMPOUND,TARGET
VEMURAFENIB,inhibits,Serine/threonine-protein kinase B-raf,1.0,chembl36_mechanism,COMPOUND,TARGET
PONATINIB HYDROCHLORIDE,inhibits,Bcr/Abl fusion protein,1.0,chembl36_mechanism,COMPOUND,TARGET
DIMETHYL FUMARATE,inhibits,Kelch-like ECH-associated protein 1,1.0,chembl36_mechanism,COMPOUND,TARGET
MITOTANE,inhibits,"Cytochrome P450 11B1, mitochondrial",1.0,chembl36_mechanism,COMPOUND,TARGET
LOMITAPIDE MESYLATE,inhibits,Microsomal triglyceride transfer protein,1.0,chembl36_mechanism,COMPOUND,TARGET
REGORAFENIB,inhibits,Proto-oncogene tyrosine-protein kinase receptor Ret,1.0,chembl36_mechanism,COMPOUND,TARGET
SORAFENIB TOSYLATE,inhibits,Proto-oncogene tyrosine-protein kinase receptor Ret,1.0,chembl36_mechanism,COMPOUND,TARGET
SUNITINIB MALATE,inhibits,Proto-oncogene tyrosine-protein kinase receptor Ret,1.0,chembl36_mechanism,COMPOUND,TARGET
VANDETANIB,inhibits,Proto-oncogene tyrosine-protein kinase receptor Ret,1.0,chembl36_mechanism,COMPOUND,TARGET
PAZOPANIB HYDROCHLORIDE,inhibits,Tyrosine-protein kinase ITK/TSK,1.0,chembl36_mechanism,COMPOUND,TARGET
IBRUTINIB,inhibits,Tyrosine-protein kinase BTK,1.0,chembl36_mechanism,COMPOUND,TARGET
AFATINIB DIMALEATE,inhibits,Receptor tyrosine-protein kinase erbB-2,1.0,chembl36_mechanism,COMPOUND,TARGET
AFATINIB DIMALEATE,inhibits,Receptor tyrosine-protein kinase erbB-4,1.0,chembl36_mechanism,COMPOUND,TARGET
COBIMETINIB FUMARATE,inhibits,Dual specificity mitogen-activated protein kinase kinase 1,1.0,chembl36_mechanism,COMPOUND,TARGET
COBIMETINIB FUMARATE,inhibits,Dual specificity mitogen-activated protein kinase kinase 2,1.0,chembl36_mechanism,COMPOUND,TARGET
ALECTINIB HYDROCHLORIDE,inhibits,Proto-oncogene tyrosine-protein kinase receptor Ret,1.0,chembl36_mechanism,COMPOUND,TARGET
ENMD-981693,inhibits,Receptor-type tyrosine-protein kinase FLT3,1.0,chembl36_mechanism,COMPOUND,TARGET
SU-014813,inhibits,Receptor-type tyrosine-protein kinase FLT3,1.0,chembl36_mechanism,COMPOUND,TARGET
SAPANISERTIB,inhibits,Serine/threonine-protein kinase mTOR,1.0,chembl36_mechanism,COMPOUND,TARGET
CERDULATINIB,inhibits,Tyrosine-protein kinase SYK,1.0,chembl36_mechanism,COMPOUND,TARGET
CERDULATINIB,inhibits,Tyrosine-protein kinase JAK1,1.0,chembl36_mechanism,COMPOUND,TARGET
CERDULATINIB,inhibits,Tyrosine-protein kinase JAK3,1.0,chembl36_mechanism,COMPOUND,TARGET
CERDULATINIB,inhibits,Non-receptor tyrosine-protein kinase TYK2,1.0,chembl36_mechanism,COMPOUND,TARGET
4SC-203,inhibits,Receptor-type tyrosine-protein kinase FLT3,1.0,chembl36_mechanism,COMPOUND,TARGET
ASCIMINIB,inhibits,Tyrosine-protein kinase ABL1,1.0,chembl36_mechanism,COMPOUND,TARGET
ILORASERTIB,inhibits,Serine/threonine-protein kinase Aurora,1.0,chembl36_mechanism,COMPOUND,TARGET
AC-430,inhibits,Tyrosine-protein kinase JAK2,1.0,chembl36_mechanism,COMPOUND,TARGET
AC-480,inhibits,Receptor tyrosine-protein kinase erbB-2,1.0,chembl36_mechanism,COMPOUND,TARGET
AC-480,inhibits,Receptor tyrosine-protein kinase erbB-4,1.0,chembl36_mechanism,COMPOUND,TARGET
AMG-548,inhibits,Mitogen-activated protein kinase 14,1.0,chembl36_mechanism,COMPOUND,TARGET
AMG-900,inhibits,Serine/threonine-protein kinase Aurora,1.0,chembl36_mechanism,COMPOUND,TARGET
AR-12,inhibits,3-phosphoinositide-dependent protein kinase 1,1.0,chembl36_mechanism,COMPOUND,TARGET
MIRANSERTIB,inhibits,Serine/threonine-protein kinase AKT,1.0,chembl36_mechanism,COMPOUND,TARGET
ARQ-736,inhibits,Serine/threonine-protein kinase B-raf,1.0,chembl36_mechanism,COMPOUND,TARGET
ARQ-736,inhibits,RAF proto-oncogene serine/threonine-protein kinase,1.0,chembl36_mechanism,COMPOUND,TARGET
PEXMETINIB,inhibits,Mitogen-activated protein kinase 14,1.0,chembl36_mechanism,COMPOUND,TARGET
AS-602868,inhibits,Receptor-type tyrosine-protein kinase FLT3,1.0,chembl36_mechanism,COMPOUND,TARGET
CENISERTIB,inhibits,Serine/threonine-protein kinase Aurora,1.0,chembl36_mechanism,COMPOUND,TARGET
ALLITINIB,inhibits,Receptor tyrosine-protein kinase erbB-2,1.0,chembl36_mechanism,COMPOUND,TARGET
AST-487,inhibits,Receptor-type tyrosine-protein kinase FLT3,1.0,chembl36_mechanism,COMPOUND,TARGET
AST-487,inhibits,Proto-oncogene tyrosine-protein kinase receptor Ret,1.0,chembl36_mechanism,COMPOUND,TARGET
AT-13148,inhibits,Rho-associated protein kinase,1.0,chembl36_mechanism,COMPOUND,TARGET
AT-13148,inhibits,MAP kinase-activated protein kinase 2,1.0,chembl36_mechanism,COMPOUND,TARGET
AZD-0424,inhibits,Tyrosine-protein kinase ABL1,1.0,chembl36_mechanism,COMPOUND,TARGET
AZD-0424,inhibits,Proto-oncogene tyrosine-protein kinase Src,1.0,chembl36_mechanism,COMPOUND,TARGET
AZD-1208,inhibits,Serine/threonine-protein kinase PIM,1.0,chembl36_mechanism,COMPOUND,TARGET
AZD-6703,inhibits,Mitogen-activated protein kinase 14,1.0,chembl36_mechanism,COMPOUND,TARGET
CERALASERTIB,inhibits,Serine/threonine-protein kinase ATR,1.0,chembl36_mechanism,COMPOUND,TARGET
AZD-7624,inhibits,Mitogen-activated protein kinase 14,1.0,chembl36_mechanism,COMPOUND,TARGET
AZD-7762,inhibits,Serine/threonine-protein kinase Chk1,1.0,chembl36_mechanism,COMPOUND,TARGET
AZD-8055,inhibits,Serine/threonine-protein kinase mTOR,1.0,chembl36_mechanism,COMPOUND,TARGET
AZD-8330,inhibits,Dual specificity mitogen-activated protein kinase kinase 1,1.0,chembl36_mechanism,COMPOUND,TARGET
AZD-8330,inhibits,Dual specificity mitogen-activated protein kinase kinase 2,1.0,chembl36_mechanism,COMPOUND,TARGET
BAY-1125976,inhibits,RAC-alpha serine/threonine-protein kinase,1.0,chembl36_mechanism,COMPOUND,TARGET
BAY-1125976,inhibits,RAC-beta serine/threonine-protein kinase,1.0,chembl36_mechanism,COMPOUND,TARGET
BAY-1161909,inhibits,Dual specificity protein kinase TTK,1.0,chembl36_mechanism,COMPOUND,TARGET
LIFIRAFENIB,inhibits,Serine/threonine-protein kinase B-raf,1.0,chembl36_mechanism,COMPOUND,TARGET
DORAMAPIMOD,inhibits,Mitogen-activated protein kinase 14,1.0,chembl36_mechanism,COMPOUND,TARGET
CC-115,inhibits,Serine/threonine-protein kinase mTOR,1.0,chembl36_mechanism,COMPOUND,TARGET
CC-115,inhibits,DNA-dependent protein kinase catalytic subunit,1.0,chembl36_mechanism,COMPOUND,TARGET
SPEBRUTINIB BESYLATE,inhibits,Tyrosine-protein kinase BTK,1.0,chembl36_mechanism,COMPOUND,TARGET
CEP-32496,inhibits,Serine/threonine-protein kinase B-raf,1.0,chembl36_mechanism,COMPOUND,TARGET
CEP-32496,inhibits,Proto-oncogene tyrosine-protein kinase receptor Ret,1.0,chembl36_mechanism,COMPOUND,TARGET
CP-724714,inhibits,Receptor tyrosine-protein kinase erbB-2,1.0,chembl36_mechanism,COMPOUND,TARGET
CT-1578,inhibits,Receptor-type tyrosine-protein kinase FLT3,1.0,chembl36_mechanism,COMPOUND,TARGET
CT-1578,inhibits,Tyrosine-protein kinase JAK2,1.0,chembl36_mechanism,COMPOUND,TARGET
CUDC-101,inhibits,Receptor tyrosine-protein kinase erbB-2,1.0,chembl36_mechanism,COMPOUND,TARGET
CYC-116,inhibits,Serine/threonine-protein kinase Aurora,1.0,chembl36_mechanism,COMPOUND,TARGET
RAVOXERTINIB,inhibits,Mitogen-activated protein kinase 3,1.0,chembl36_mechanism,COMPOUND,TARGET
RAVOXERTINIB,inhibits,Mitogen-activated protein kinase 1,1.0,chembl36_mechanism,COMPOUND,TARGET
SELONSERTIB,inhibits,Mitogen-activated protein kinase kinase kinase 5,1.0,chembl36_mechanism,COMPOUND,TARGET
OMIPALISIB,inhibits,Serine/threonine-protein kinase mTOR,1.0,chembl36_mechanism,COMPOUND,TARGET
GSK-461364,inhibits,Serine/threonine-protein kinase PLK1,1.0,chembl36_mechanism,COMPOUND,TARGET
GSK-690693,inhibits,Serine/threonine-protein kinase AKT,1.0,chembl36_mechanism,COMPOUND,TARGET
GSK-690693,inhibits,cAMP-dependent protein kinase (PKA),1.0,chembl36_mechanism,COMPOUND,TARGET
POSELTINIB,inhibits,Tyrosine-protein kinase BTK,1.0,chembl36_mechanism,COMPOUND,TARGET
HMN-214,inhibits,Serine/threonine-protein kinase PLK1,1.0,chembl36_mechanism,COMPOUND,TARGET
SOVLEPLENIB,inhibits,Tyrosine-protein kinase SYK,1.0,chembl36_mechanism,COMPOUND,TARGET
JNJ-26483327,inhibits,Tyrosine-protein kinase Fyn,1.0,chembl36_mechanism,COMPOUND,TARGET
JNJ-26483327,inhibits,Tyrosine-protein kinase Lck,1.0,chembl36_mechanism,COMPOUND,TARGET
JNJ-26483327,inhibits,Tyrosine-protein kinase Lyn,1.0,chembl36_mechanism,COMPOUND,TARGET
JNJ-26483327,inhibits,Proto-oncogene tyrosine-protein kinase Src,1.0,chembl36_mechanism,COMPOUND,TARGET
JNJ-26483327,inhibits,Tyrosine-protein kinase Yes,1.0,chembl36_mechanism,COMPOUND,TARGET
JNJ-26483327,inhibits,Receptor tyrosine-protein kinase erbB-4,1.0,chembl36_mechanism,COMPOUND,TARGET
JNJ-26483327,inhibits,Receptor tyrosine-protein kinase erbB-2,1.0,chembl36_mechanism,COMPOUND,TARGET
KW-2449,inhibits,Receptor-type tyrosine-protein kinase FLT3,1.0,chembl36_mechanism,COMPOUND,TARGET
KW-2449,inhibits,Tyrosine-protein kinase ABL1,1.0,chembl36_mechanism,COMPOUND,TARGET
LGH-447,inhibits,Serine/threonine-protein kinase PIM,1.0,chembl36_mechanism,COMPOUND,TARGET
LS-104,inhibits,Tyrosine-protein kinase JAK2,1.0,chembl36_mechanism,COMPOUND,TARGET
LY-2584702,inhibits,Ribosomal protein S6 kinase beta-1,1.0,chembl36_mechanism,COMPOUND,TARGET
LY-3009120,inhibits,Serine/threonine-protein kinase B-raf,1.0,chembl36_mechanism,COMPOUND,TARGET
LY-3009120,inhibits,RAF proto-oncogene serine/threonine-protein kinase,1.0,chembl36_mechanism,COMPOUND,TARGET
LY-3009120,inhibits,Serine/threonine-protein kinase A-Raf,1.0,chembl36_mechanism,COMPOUND,TARGET
MK-1496,inhibits,Serine/threonine-protein kinase PLK1,1.0,chembl36_mechanism,COMPOUND,TARGET
MK-6592,inhibits,Serine/threonine-protein kinase Aurora,1.0,chembl36_mechanism,COMPOUND,TARGET
MK-8033,inhibits,Macrophage-stimulating protein receptor,1.0,chembl36_mechanism,COMPOUND,TARGET
MK-8353,inhibits,Mitogen-activated protein kinase 3,1.0,chembl36_mechanism,COMPOUND,TARGET
MK-8353,inhibits,Mitogen-activated protein kinase 1,1.0,chembl36_mechanism,COMPOUND,TARGET
BALAMAPIMOD,inhibits,Dual specificity mitogen-activated protein kinase kinase 1,1.0,chembl36_mechanism,COMPOUND,TARGET
BALAMAPIMOD,inhibits,Dual specificity mitogen-activated protein kinase kinase 2,1.0,chembl36_mechanism,COMPOUND,TARGET
TOVORAFENIB,inhibits,RAF serine/threonine protein kinase,1.0,chembl36_mechanism,COMPOUND,TARGET
AV-412,inhibits,Receptor tyrosine-protein kinase erbB-2,1.0,chembl36_mechanism,COMPOUND,TARGET
RUPITASERTIB,inhibits,RAC-alpha serine/threonine-protein kinase,1.0,chembl36_mechanism,COMPOUND,TARGET
RUPITASERTIB,inhibits,RAC-gamma serine/threonine-protein kinase,1.0,chembl36_mechanism,COMPOUND,TARGET
RUPITASERTIB,inhibits,Ribosomal protein S6 kinase (P70S6K),1.0,chembl36_mechanism,COMPOUND,TARGET
ONVANSERTIB,inhibits,Serine/threonine-protein kinase PLK1,1.0,chembl36_mechanism,COMPOUND,TARGET
TIRABRUTINIB,inhibits,Tyrosine-protein kinase BTK,1.0,chembl36_mechanism,COMPOUND,TARGET
TUCATINIB,inhibits,Receptor tyrosine-protein kinase erbB-2,1.0,chembl36_mechanism,COMPOUND,TARGET
PANULISIB,inhibits,Serine/threonine-protein kinase mTOR,1.0,chembl36_mechanism,COMPOUND,TARGET
PALOMID-529,inhibits,Serine/threonine-protein kinase mTOR,1.0,chembl36_mechanism,COMPOUND,TARGET
PD-0166285 HYDROCHLORIDE,inhibits,Proto-oncogene tyrosine-protein kinase Src,1.0,chembl36_mechanism,COMPOUND,TARGET
PF-00477736,inhibits,Serine/threonine-protein kinase Chk1,1.0,chembl36_mechanism,COMPOUND,TARGET
PF-03715455,inhibits,Mitogen-activated protein kinase 14,1.0,chembl36_mechanism,COMPOUND,TARGET
PF-03758309,inhibits,Serine/threonine-protein kinase PAK 4,1.0,chembl36_mechanism,COMPOUND,TARGET
ABROCITINIB,inhibits,Tyrosine-protein kinase JAK1,1.0,chembl36_mechanism,COMPOUND,TARGET
PKI-179,inhibits,Serine/threonine-protein kinase mTOR,1.0,chembl36_mechanism,COMPOUND,TARGET
PLIXORAFENIB,inhibits,Serine/threonine-protein kinase B-raf,1.0,chembl36_mechanism,COMPOUND,TARGET
R-1487 HYDROCHLORIDE,inhibits,Mitogen-activated protein kinase 14,1.0,chembl36_mechanism,COMPOUND,TARGET
R-348,inhibits,Tyrosine-protein kinase JAK3,1.0,chembl36_mechanism,COMPOUND,TARGET
R-348,inhibits,Tyrosine-protein kinase SYK,1.0,chembl36_mechanism,COMPOUND,TARGET
TRICETAMIDE,inhibits,Tyrosine-protein kinase JAK1,1.0,chembl36_mechanism,COMPOUND,TARGET
TRICETAMIDE,inhibits,Tyrosine-protein kinase JAK3,1.0,chembl36_mechanism,COMPOUND,TARGET
AVUTOMETINIB,inhibits,Dual specificity mitogen-activated protein kinase kinase 1,1.0,chembl36_mechanism,COMPOUND,TARGET
AVUTOMETINIB,inhibits,Dual specificity mitogen-activated protein kinase kinase 2,1.0,chembl36_mechanism,COMPOUND,TARGET
RG-7602,inhibits,Serine/threonine-protein kinase Chk1,1.0,chembl36_mechanism,COMPOUND,TARGET
RG-7603,inhibits,Serine/threonine-protein kinase mTOR,1.0,chembl36_mechanism,COMPOUND,TARGET
RO-3201195,inhibits,Mitogen-activated protein kinase 14,1.0,chembl36_mechanism,COMPOUND,TARGET
RO-4987655,inhibits,Dual specificity mitogen-activated protein kinase kinase 1,1.0,chembl36_mechanism,COMPOUND,TARGET
RO-4987655,inhibits,Dual specificity mitogen-activated protein kinase kinase 2,1.0,chembl36_mechanism,COMPOUND,TARGET
RWJ-67657,inhibits,Mitogen-activated protein kinase 14,1.0,chembl36_mechanism,COMPOUND,TARGET
RWJ-67657,inhibits,Mitogen-activated protein kinase 11,1.0,chembl36_mechanism,COMPOUND,TARGET
SCH-900776,inhibits,Serine/threonine-protein kinase Chk1,1.0,chembl36_mechanism,COMPOUND,TARGET
SCIO-323,inhibits,Mitogen-activated protein kinase 14,1.0,chembl36_mechanism,COMPOUND,TARGET
SD-0006,inhibits,Mitogen-activated protein kinase 14,1.0,chembl36_mechanism,COMPOUND,TARGET
SF-1126,inhibits,Serine/threonine-protein kinase mTOR,1.0,chembl36_mechanism,COMPOUND,TARGET
SGI-1776,inhibits,Serine/threonine-protein kinase PIM,1.0,chembl36_mechanism,COMPOUND,TARGET
SNS-314,inhibits,Serine/threonine-protein kinase Aurora,1.0,chembl36_mechanism,COMPOUND,TARGET
SR-13668,inhibits,RAC-alpha serine/threonine-protein kinase,1.0,chembl36_mechanism,COMPOUND,TARGET
MUBRITINIB,inhibits,Receptor tyrosine-protein kinase erbB-2,1.0,chembl36_mechanism,COMPOUND,TARGET
TAK-285,inhibits,Receptor tyrosine-protein kinase erbB-2,1.0,chembl36_mechanism,COMPOUND,TARGET
MIVAVOTINIB CITRATE,inhibits,Tyrosine-protein kinase SYK,1.0,chembl36_mechanism,COMPOUND,TARGET
TAK-733,inhibits,Dual specificity mitogen-activated protein kinase kinase 1,1.0,chembl36_mechanism,COMPOUND,TARGET
TAK-733,inhibits,Dual specificity mitogen-activated protein kinase kinase 2,1.0,chembl36_mechanism,COMPOUND,TARGET
TAK-960,inhibits,Serine/threonine-protein kinase PLK1,1.0,chembl36_mechanism,COMPOUND,TARGET
ZOTIRACICLIB,inhibits,Receptor-type tyrosine-protein kinase FLT3,1.0,chembl36_mechanism,COMPOUND,TARGET
ZOTIRACICLIB,inhibits,Tyrosine-protein kinase JAK2,1.0,chembl36_mechanism,COMPOUND,TARGET
VS-5584,inhibits,Serine/threonine-protein kinase mTOR,1.0,chembl36_mechanism,COMPOUND,TARGET
BERZOSERTIB,inhibits,Serine/threonine-protein kinase ATR,1.0,chembl36_mechanism,COMPOUND,TARGET
WHI-P131,inhibits,Tyrosine-protein kinase JAK3,1.0,chembl36_mechanism,COMPOUND,TARGET
XL-019,inhibits,Tyrosine-protein kinase JAK2,1.0,chembl36_mechanism,COMPOUND,TARGET
XL-228,inhibits,Tyrosine-protein kinase ABL1,1.0,chembl36_mechanism,COMPOUND,TARGET
XL-418,inhibits,Serine/threonine-protein kinase AKT,1.0,chembl36_mechanism,COMPOUND,TARGET
XL-418,inhibits,Ribosomal protein S6 kinase (P70S6K),1.0,chembl36_mechanism,COMPOUND,TARGET
Y-39983,inhibits,Rho-associated protein kinase,1.0,chembl36_mechanism,COMPOUND,TARGET
RG-1530,inhibits,Receptor-type tyrosine-protein kinase FLT3,1.0,chembl36_mechanism,COMPOUND,TARGET
RG-1530,inhibits,Serine/threonine-protein kinase PLK4,1.0,chembl36_mechanism,COMPOUND,TARGET
CEP-2563 DIHYDROCHLORIDE,inhibits,Proto-oncogene tyrosine-protein kinase receptor Ret,1.0,chembl36_mechanism,COMPOUND,TARGET
CEP-2563 DIHYDROCHLORIDE,inhibits,Receptor-type tyrosine-protein kinase FLT3,1.0,chembl36_mechanism,COMPOUND,TARGET
BAY-1217389,inhibits,Dual specificity protein kinase TTK,1.0,chembl36_mechanism,COMPOUND,TARGET
PYROTINIB,inhibits,Receptor tyrosine-protein kinase erbB-2,1.0,chembl36_mechanism,COMPOUND,TARGET
AEE-788,inhibits,Receptor tyrosine-protein kinase erbB-2,1.0,chembl36_mechanism,COMPOUND,TARGET
AKN-028,inhibits,Receptor-type tyrosine-protein kinase FLT3,1.0,chembl36_mechanism,COMPOUND,TARGET
VEROSUDIL,inhibits,Rho-associated protein kinase,1.0,chembl36_mechanism,COMPOUND,TARGET
VARLITINIB,inhibits,Receptor tyrosine-protein kinase erbB-2,1.0,chembl36_mechanism,COMPOUND,TARGET
ARRY-797,inhibits,Mitogen-activated protein kinase 14,1.0,chembl36_mechanism,COMPOUND,TARGET
PIMASERTIB,inhibits,Dual specificity mitogen-activated protein kinase kinase 1,1.0,chembl36_mechanism,COMPOUND,TARGET
PIMASERTIB,inhibits,Dual specificity mitogen-activated protein kinase kinase 2,1.0,chembl36_mechanism,COMPOUND,TARGET
AT-9283,inhibits,Tyrosine-protein kinase ABL1,1.0,chembl36_mechanism,COMPOUND,TARGET
AT-9283,inhibits,Receptor-type tyrosine-protein kinase FLT3,1.0,chembl36_mechanism,COMPOUND,TARGET
AT-9283,inhibits,Tyrosine-protein kinase JAK2,1.0,chembl36_mechanism,COMPOUND,TARGET
AT-9283,inhibits,Tyrosine-protein kinase JAK3,1.0,chembl36_mechanism,COMPOUND,TARGET
AZD-1480,inhibits,Tyrosine-protein kinase JAK2,1.0,chembl36_mechanism,COMPOUND,TARGET
ADAVOSERTIB,inhibits,Wee1-like protein kinase,1.0,chembl36_mechanism,COMPOUND,TARGET
SELUMETINIB,inhibits,Dual specificity mitogen-activated protein kinase kinase 1,1.0,chembl36_mechanism,COMPOUND,TARGET
SELUMETINIB,inhibits,Dual specificity mitogen-activated protein kinase kinase 2,1.0,chembl36_mechanism,COMPOUND,TARGET
SAPITINIB,inhibits,Receptor tyrosine-protein kinase erbB-2,1.0,chembl36_mechanism,COMPOUND,TARGET
SAPITINIB,inhibits,Receptor tyrosine-protein kinase erbB-3,1.0,chembl36_mechanism,COMPOUND,TARGET
AZM-475271,inhibits,Tyrosine-protein kinase ABL1,1.0,chembl36_mechanism,COMPOUND,TARGET
AZM-475271,inhibits,Proto-oncogene tyrosine-protein kinase Src,1.0,chembl36_mechanism,COMPOUND,TARGET
REFAMETINIB,inhibits,Dual specificity mitogen-activated protein kinase kinase 1,1.0,chembl36_mechanism,COMPOUND,TARGET
REFAMETINIB,inhibits,Dual specificity mitogen-activated protein kinase kinase 2,1.0,chembl36_mechanism,COMPOUND,TARGET
DACTOLISIB,inhibits,Serine/threonine-protein kinase mTOR,1.0,chembl36_mechanism,COMPOUND,TARGET
BGT-226,inhibits,Serine/threonine-protein kinase mTOR,1.0,chembl36_mechanism,COMPOUND,TARGET
BI-2536,inhibits,Serine/threonine-protein kinase PLK1,1.0,chembl36_mechanism,COMPOUND,TARGET
BMS-582949,inhibits,Mitogen-activated protein kinase 14,1.0,chembl36_mechanism,COMPOUND,TARGET
BMS-690514,inhibits,Receptor tyrosine-protein kinase erbB-2,1.0,chembl36_mechanism,COMPOUND,TARGET
BMS-690514,inhibits,Receptor tyrosine-protein kinase erbB-4,1.0,chembl36_mechanism,COMPOUND,TARGET
BMS-863233,inhibits,Cell division cycle 7-related protein kinase,1.0,chembl36_mechanism,COMPOUND,TARGET
BMS-911543,inhibits,Tyrosine-protein kinase JAK2,1.0,chembl36_mechanism,COMPOUND,TARGET
ULIXERTINIB,inhibits,Mitogen-activated protein kinase 3,1.0,chembl36_mechanism,COMPOUND,TARGET
ULIXERTINIB,inhibits,Mitogen-activated protein kinase 1,1.0,chembl36_mechanism,COMPOUND,TARGET
C-1311,inhibits,Receptor-type tyrosine-protein kinase FLT3,1.0,chembl36_mechanism,COMPOUND,TARGET
ONATASERTIB,inhibits,Serine/threonine-protein kinase mTOR,1.0,chembl36_mechanism,COMPOUND,TARGET
CC-401,inhibits,Mitogen-activated protein kinase 8,1.0,chembl36_mechanism,COMPOUND,TARGET
CC-401,inhibits,Mitogen-activated protein kinase 9,1.0,chembl36_mechanism,COMPOUND,TARGET
CC-401,inhibits,Mitogen-activated protein kinase 10,1.0,chembl36_mechanism,COMPOUND,TARGET
TANZISERTIB,inhibits,Mitogen-activated protein kinase 8,1.0,chembl36_mechanism,COMPOUND,TARGET
TANZISERTIB,inhibits,Mitogen-activated protein kinase 9,1.0,chembl36_mechanism,COMPOUND,TARGET
TANZISERTIB,inhibits,Mitogen-activated protein kinase 10,1.0,chembl36_mechanism,COMPOUND,TARGET
CI-1040,inhibits,Dual specificity mitogen-activated protein kinase kinase 1,1.0,chembl36_mechanism,COMPOUND,TARGET
CI-1040,inhibits,Dual specificity mitogen-activated protein kinase kinase 2,1.0,chembl36_mechanism,COMPOUND,TARGET
SEMAPIMOD,inhibits,Mitogen-activated protein kinase 14,1.0,chembl36_mechanism,COMPOUND,TARGET
CRENOLANIB,inhibits,Receptor-type tyrosine-protein kinase FLT3,1.0,chembl36_mechanism,COMPOUND,TARGET
REBASTINIB,inhibits,Tyrosine-protein kinase ABL1,1.0,chembl36_mechanism,COMPOUND,TARGET
E-6201,inhibits,Dual specificity mitogen-activated protein kinase kinase 1,1.0,chembl36_mechanism,COMPOUND,TARGET
E-6201,inhibits,Mitogen-activated protein kinase kinase kinase 1,1.0,chembl36_mechanism,COMPOUND,TARGET
ENMD-2076,inhibits,Receptor-type tyrosine-protein kinase FLT3,1.0,chembl36_mechanism,COMPOUND,TARGET
GLPG-0259,inhibits,MAP kinase-activated protein kinase 5,1.0,chembl36_mechanism,COMPOUND,TARGET
FILGOTINIB,inhibits,Tyrosine-protein kinase JAK1,1.0,chembl36_mechanism,COMPOUND,TARGET
ENTOSPLETINIB,inhibits,Tyrosine-protein kinase SYK,1.0,chembl36_mechanism,COMPOUND,TARGET
FORETINIB,inhibits,Receptor-type tyrosine-protein kinase FLT3,1.0,chembl36_mechanism,COMPOUND,TARGET
AFURESERTIB,inhibits,Serine/threonine-protein kinase AKT,1.0,chembl36_mechanism,COMPOUND,TARGET
UPROSERTIB,inhibits,Serine/threonine-protein kinase AKT,1.0,chembl36_mechanism,COMPOUND,TARGET
SOLCITINIB,inhibits,Tyrosine-protein kinase JAK1,1.0,chembl36_mechanism,COMPOUND,TARGET
DILMAPIMOD,inhibits,Mitogen-activated protein kinase 14,1.0,chembl36_mechanism,COMPOUND,TARGET
BAFETINIB,inhibits,Tyrosine-protein kinase ABL1,1.0,chembl36_mechanism,COMPOUND,TARGET
BAFETINIB,inhibits,Tyrosine-protein kinase Lyn,1.0,chembl36_mechanism,COMPOUND,TARGET
MASOPROCOL,inhibits,Receptor tyrosine-protein kinase erbB-2,1.0,chembl36_mechanism,COMPOUND,TARGET
ITX-5061,inhibits,Mitogen-activated protein kinase 14,1.0,chembl36_mechanism,COMPOUND,TARGET
TIRBANIBULIN,inhibits,Proto-oncogene tyrosine-protein kinase Src,1.0,chembl36_mechanism,COMPOUND,TARGET
RALIMETINIB,inhibits,Mitogen-activated protein kinase 14,1.0,chembl36_mechanism,COMPOUND,TARGET
RABUSERTIB,inhibits,Serine/threonine-protein kinase Chk1,1.0,chembl36_mechanism,COMPOUND,TARGET
GANDOTINIB,inhibits,Tyrosine-protein kinase JAK2,1.0,chembl36_mechanism,COMPOUND,TARGET
TOZASERTIB,inhibits,Serine/threonine-protein kinase Aurora,1.0,chembl36_mechanism,COMPOUND,TARGET
MK-2206,inhibits,Serine/threonine-protein kinase AKT,1.0,chembl36_mechanism,COMPOUND,TARGET
TANDUTINIB,inhibits,Receptor-type tyrosine-protein kinase FLT3,1.0,chembl36_mechanism,COMPOUND,TARGET
AMUVATINIB,inhibits,Receptor-type tyrosine-protein kinase FLT3,1.0,chembl36_mechanism,COMPOUND,TARGET
NS-018,inhibits,Tyrosine-protein kinase JAK2,1.0,chembl36_mechanism,COMPOUND,TARGET
OSI-027,inhibits,Serine/threonine-protein kinase mTOR,1.0,chembl36_mechanism,COMPOUND,TARGET
MIRDAMETINIB,inhibits,Dual specificity mitogen-activated protein kinase kinase 1,1.0,chembl36_mechanism,COMPOUND,TARGET
MIRDAMETINIB,inhibits,Dual specificity mitogen-activated protein kinase kinase 2,1.0,chembl36_mechanism,COMPOUND,TARGET
PF-04691502,inhibits,Serine/threonine-protein kinase mTOR,1.0,chembl36_mechanism,COMPOUND,TARGET
GEDATOLISIB,inhibits,Serine/threonine-protein kinase mTOR,1.0,chembl36_mechanism,COMPOUND,TARGET
PH-797804,inhibits,Mitogen-activated protein kinase 14,1.0,chembl36_mechanism,COMPOUND,TARGET
DANUSERTIB,inhibits,Serine/threonine-protein kinase Aurora,1.0,chembl36_mechanism,COMPOUND,TARGET
PEXIDARTINIB,inhibits,Receptor-type tyrosine-protein kinase FLT3,1.0,chembl36_mechanism,COMPOUND,TARGET
R-112,inhibits,Tyrosine-protein kinase SYK,1.0,chembl36_mechanism,COMPOUND,TARGET
PAMAPIMOD,inhibits,Mitogen-activated protein kinase 14,1.0,chembl36_mechanism,COMPOUND,TARGET
R-343,inhibits,Tyrosine-protein kinase SYK,1.0,chembl36_mechanism,COMPOUND,TARGET
R-406,inhibits,Tyrosine-protein kinase SYK,1.0,chembl36_mechanism,COMPOUND,TARGET
RAF-265,inhibits,Serine/threonine-protein kinase B-raf,1.0,chembl36_mechanism,COMPOUND,TARGET
APITOLISIB,inhibits,Serine/threonine-protein kinase mTOR,1.0,chembl36_mechanism,COMPOUND,TARGET
IPATASERTIB,inhibits,Serine/threonine-protein kinase AKT,1.0,chembl36_mechanism,COMPOUND,TARGET
VOXTALISIB,inhibits,Serine/threonine-protein kinase mTOR,1.0,chembl36_mechanism,COMPOUND,TARGET
SAR-407899,inhibits,Rho-associated protein kinase,1.0,chembl36_mechanism,COMPOUND,TARGET
TALMAPIMOD,inhibits,Mitogen-activated protein kinase 14,1.0,chembl36_mechanism,COMPOUND,TARGET
FAMITINIB,inhibits,Receptor-type tyrosine-protein kinase FLT3,1.0,chembl36_mechanism,COMPOUND,TARGET
TAK-715,inhibits,Mitogen-activated protein kinase 14,1.0,chembl36_mechanism,COMPOUND,TARGET
UCN-01,inhibits,Serine/threonine-protein kinase Chk1,1.0,chembl36_mechanism,COMPOUND,TARGET
UCN-01,inhibits,3-phosphoinositide-dependent protein kinase 1,1.0,chembl36_mechanism,COMPOUND,TARGET
TRICIRIBINE PHOSPHATE,inhibits,Serine/threonine-protein kinase AKT,1.0,chembl36_mechanism,COMPOUND,TARGET
DECERNOTINIB,inhibits,Tyrosine-protein kinase JAK3,1.0,chembl36_mechanism,COMPOUND,TARGET
VX-702,inhibits,Mitogen-activated protein kinase 14,1.0,chembl36_mechanism,COMPOUND,TARGET
NEFLAMAPIMOD,inhibits,Mitogen-activated protein kinase 14,1.0,chembl36_mechanism,COMPOUND,TARGET
XL-281,inhibits,Serine/threonine-protein kinase B-raf,1.0,chembl36_mechanism,COMPOUND,TARGET
XL-281,inhibits,RAF proto-oncogene serine/threonine-protein kinase,1.0,chembl36_mechanism,COMPOUND,TARGET
TESEVATINIB,inhibits,Receptor tyrosine-protein kinase erbB-2,1.0,chembl36_mechanism,COMPOUND,TARGET
XL-999,inhibits,Receptor-type tyrosine-protein kinase FLT3,1.0,chembl36_mechanism,COMPOUND,TARGET
SAMOTOLISIB,inhibits,Serine/threonine-protein kinase mTOR,1.0,chembl36_mechanism,COMPOUND,TARGET
TABIMORELIN,inhibits,Cytochrome P450 3A4,1.0,chembl36_mechanism,COMPOUND,TARGET
ITACITINIB,inhibits,Tyrosine-protein kinase JAK1,1.0,chembl36_mechanism,COMPOUND,TARGET
GILTERITINIB,inhibits,Receptor-type tyrosine-protein kinase FLT3,1.0,chembl36_mechanism,COMPOUND,TARGET
GILTERITINIB,inhibits,Tyrosine-protein kinase receptor UFO,1.0,chembl36_mechanism,COMPOUND,TARGET
ACUMAPIMOD,inhibits,Mitogen-activated protein kinase 14,1.0,chembl36_mechanism,COMPOUND,TARGET
BEMCENTINIB,inhibits,Tyrosine-protein kinase receptor UFO,1.0,chembl36_mechanism,COMPOUND,TARGET
LINIFANIB,inhibits,Receptor-type tyrosine-protein kinase FLT3,1.0,chembl36_mechanism,COMPOUND,TARGET
QUIZARTINIB,inhibits,Receptor-type tyrosine-protein kinase FLT3,1.0,chembl36_mechanism,COMPOUND,TARGET
QUIZARTINIB,inhibits,Proto-oncogene tyrosine-protein kinase receptor Ret,1.0,chembl36_mechanism,COMPOUND,TARGET
SARACATINIB,inhibits,Tyrosine-protein kinase ABL1,1.0,chembl36_mechanism,COMPOUND,TARGET
SARACATINIB,inhibits,Proto-oncogene tyrosine-protein kinase Src,1.0,chembl36_mechanism,COMPOUND,TARGET
VOLASERTIB,inhibits,Serine/threonine-protein kinase PLK1,1.0,chembl36_mechanism,COMPOUND,TARGET
CEP-1347,inhibits,Mitogen-activated protein kinase kinase kinase 11,1.0,chembl36_mechanism,COMPOUND,TARGET
CEP-1347,inhibits,Mitogen-activated protein kinase kinase kinase 10,1.0,chembl36_mechanism,COMPOUND,TARGET
CEP-1347,inhibits,Mitogen-activated protein kinase kinase kinase 9,1.0,chembl36_mechanism,COMPOUND,TARGET
CEP-1347,inhibits,Mitogen-activated protein kinase kinase kinase 13,1.0,chembl36_mechanism,COMPOUND,TARGET
CEP-1347,inhibits,Mitogen-activated protein kinase kinase kinase 12,1.0,chembl36_mechanism,COMPOUND,TARGET
LESTAURTINIB,inhibits,Receptor-type tyrosine-protein kinase FLT3,1.0,chembl36_mechanism,COMPOUND,TARGET
LESTAURTINIB,inhibits,Tyrosine-protein kinase JAK2,1.0,chembl36_mechanism,COMPOUND,TARGET
LESTAURTINIB,inhibits,Proto-oncogene tyrosine-protein kinase receptor Ret,1.0,chembl36_mechanism,COMPOUND,TARGET
CANERTINIB DIHYDROCHLORIDE,inhibits,Receptor tyrosine-protein kinase erbB-2,1.0,chembl36_mechanism,COMPOUND,TARGET
CANERTINIB DIHYDROCHLORIDE,inhibits,Receptor tyrosine-protein kinase erbB-4,1.0,chembl36_mechanism,COMPOUND,TARGET
MOMELOTINIB,inhibits,Tyrosine-protein kinase JAK1,1.0,chembl36_mechanism,COMPOUND,TARGET
MOMELOTINIB,inhibits,Tyrosine-protein kinase JAK2,1.0,chembl36_mechanism,COMPOUND,TARGET
LOSMAPIMOD,inhibits,Mitogen-activated protein kinase 14,1.0,chembl36_mechanism,COMPOUND,TARGET
LOSMAPIMOD,inhibits,Mitogen-activated protein kinase 11,1.0,chembl36_mechanism,COMPOUND,TARGET
FLUMATINIB,inhibits,Tyrosine-protein kinase ABL1,1.0,chembl36_mechanism,COMPOUND,TARGET
NERATINIB,inhibits,Receptor tyrosine-protein kinase erbB-2,1.0,chembl36_mechanism,COMPOUND,TARGET
BARICITINIB,inhibits,Tyrosine-protein kinase JAK1,1.0,chembl36_mechanism,COMPOUND,TARGET
BARICITINIB,inhibits,Tyrosine-protein kinase JAK2,1.0,chembl36_mechanism,COMPOUND,TARGET
ENCORAFENIB,inhibits,Serine/threonine-protein kinase B-raf,1.0,chembl36_mechanism,COMPOUND,TARGET
BINIMETINIB,inhibits,Dual specificity mitogen-activated protein kinase kinase 1,1.0,chembl36_mechanism,COMPOUND,TARGET
BINIMETINIB,inhibits,Dual specificity mitogen-activated protein kinase kinase 2,1.0,chembl36_mechanism,COMPOUND,TARGET
DACOMITINIB,inhibits,Receptor tyrosine-protein kinase erbB-2,1.0,chembl36_mechanism,COMPOUND,TARGET
DACOMITINIB,inhibits,Receptor tyrosine-protein kinase erbB-4,1.0,chembl36_mechanism,COMPOUND,TARGET
MIDOSTAURIN,inhibits,Receptor-type tyrosine-protein kinase FLT3,1.0,chembl36_mechanism,COMPOUND,TARGET
FOSTAMATINIB,inhibits,Tyrosine-protein kinase SYK,1.0,chembl36_mechanism,COMPOUND,TARGET
COBIMETINIB,inhibits,Dual specificity mitogen-activated protein kinase kinase 1,1.0,chembl36_mechanism,COMPOUND,TARGET
COBIMETINIB,inhibits,Dual specificity mitogen-activated protein kinase kinase 2,1.0,chembl36_mechanism,COMPOUND,TARGET
FEDRATINIB,inhibits,Receptor-type tyrosine-protein kinase FLT3,1.0,chembl36_mechanism,COMPOUND,TARGET
FEDRATINIB,inhibits,Tyrosine-protein kinase JAK2,1.0,chembl36_mechanism,COMPOUND,TARGET
PACRITINIB,inhibits,Tyrosine-protein kinase JAK2,1.0,chembl36_mechanism,COMPOUND,TARGET
PACRITINIB,inhibits,Receptor-type tyrosine-protein kinase FLT3,1.0,chembl36_mechanism,COMPOUND,TARGET
DOVITINIB,inhibits,Receptor-type tyrosine-protein kinase FLT3,1.0,chembl36_mechanism,COMPOUND,TARGET
MOTESANIB,inhibits,Proto-oncogene tyrosine-protein kinase receptor Ret,1.0,chembl36_mechanism,COMPOUND,TARGET
TARIQUIDAR,inhibits,ATP-dependent translocase ABCB1,1.0,chembl36_mechanism,COMPOUND,TARGET
ANACETRAPIB,inhibits,Cholesteryl ester transfer protein,1.0,chembl36_mechanism,COMPOUND,TARGET
DALCETRAPIB,inhibits,Cholesteryl ester transfer protein,1.0,chembl36_mechanism,COMPOUND,TARGET
RIDAFOROLIMUS,inhibits,Serine/threonine-protein kinase mTOR,1.0,chembl36_mechanism,COMPOUND,TARGET
FIBOFLAPON,inhibits,Arachidonate 5-lipoxygenase-activating protein,1.0,chembl36_mechanism,COMPOUND,TARGET
FIBOFLAPON SODIUM,inhibits,Arachidonate 5-lipoxygenase-activating protein,1.0,chembl36_mechanism,COMPOUND,TARGET
EVACETRAPIB,inhibits,Cholesteryl ester transfer protein,1.0,chembl36_mechanism,COMPOUND,TARGET
GANETESPIB,inhibits,Heat shock protein HSP90,1.0,chembl36_mechanism,COMPOUND,TARGET
RETASPIMYCIN HYDROCHLORIDE,inhibits,Heat shock protein HSP90,1.0,chembl36_mechanism,COMPOUND,TARGET
LITRONESIB,inhibits,Kinesin-like protein KIF11,1.0,chembl36_mechanism,COMPOUND,TARGET
FORIGERIMOD ACETATE,inhibits,Heat shock cognate 71 kDa protein,1.0,chembl36_mechanism,COMPOUND,TARGET
TANESPIMYCIN,inhibits,Heat shock protein HSP90,1.0,chembl36_mechanism,COMPOUND,TARGET
PREXASERTIB,inhibits,Serine/threonine-protein kinase Chk1,1.0,chembl36_mechanism,COMPOUND,TARGET
OBATOCLAX MESYLATE,inhibits,Bcl-2-like protein 1,1.0,chembl36_mechanism,COMPOUND,TARGET
OBATOCLAX MESYLATE,inhibits,Bcl-2-like protein 2,1.0,chembl36_mechanism,COMPOUND,TARGET
OBATOCLAX MESYLATE,inhibits,Induced myeloid leukemia cell differentiation protein Mcl-1,1.0,chembl36_mechanism,COMPOUND,TARGET
OBATOCLAX MESYLATE,inhibits,Bcl-2-related protein A1,1.0,chembl36_mechanism,COMPOUND,TARGET
OBATOCLAX MESYLATE,inhibits,Bcl-2-like protein 10,1.0,chembl36_mechanism,COMPOUND,TARGET
NAVITOCLAX,inhibits,Bcl-2-like protein 1,1.0,chembl36_mechanism,COMPOUND,TARGET
NAVITOCLAX,inhibits,Bcl-2-like protein 2,1.0,chembl36_mechanism,COMPOUND,TARGET
PREXASERTIB,inhibits,Serine/threonine-protein kinase Chk2,1.0,chembl36_mechanism,COMPOUND,TARGET
MARIMASTAT,inhibits,Matrix metalloproteinase-9,1.0,chembl36_mechanism,COMPOUND,TARGET
MEPAZINE ACETATE,inhibits,Mucosa-associated lymphoid tissue lymphoma translocation protein 1,1.0,chembl36_mechanism,COMPOUND,TARGET
PERHEXILINE MALEATE,inhibits,Serine/threonine-protein kinase mTOR,1.0,chembl36_mechanism,COMPOUND,TARGET
ACALABRUTINIB,inhibits,Tyrosine-protein kinase BTK,1.0,chembl36_mechanism,COMPOUND,TARGET
NETARSUDIL DIMESYLATE,inhibits,Rho-associated protein kinase,1.0,chembl36_mechanism,COMPOUND,TARGET
CAPIVASERTIB,inhibits,Serine/threonine-protein kinase AKT,1.0,chembl36_mechanism,COMPOUND,TARGET
GLESATINIB,inhibits,Macrophage-stimulating protein receptor,1.0,chembl36_mechanism,COMPOUND,TARGET
VISTUSERTIB,inhibits,Serine/threonine-protein kinase mTOR,1.0,chembl36_mechanism,COMPOUND,TARGET
FOSTAMATINIB DISODIUM,inhibits,Tyrosine-protein kinase SYK,1.0,chembl36_mechanism,COMPOUND,TARGET
GILTERITINIB FUMARATE,inhibits,Receptor-type tyrosine-protein kinase FLT3,1.0,chembl36_mechanism,COMPOUND,TARGET
DACOMITINIB ANHYDROUS,inhibits,Receptor tyrosine-protein kinase erbB-2,1.0,chembl36_mechanism,COMPOUND,TARGET
DACOMITINIB ANHYDROUS,inhibits,Receptor tyrosine-protein kinase erbB-4,1.0,chembl36_mechanism,COMPOUND,TARGET
GILTERITINIB FUMARATE,inhibits,Tyrosine-protein kinase receptor UFO,1.0,chembl36_mechanism,COMPOUND,TARGET
NERATINIB,inhibits,Receptor tyrosine-protein kinase erbB-4,1.0,chembl36_mechanism,COMPOUND,TARGET
NERATINIB MALEATE,inhibits,Receptor tyrosine-protein kinase erbB-2,1.0,chembl36_mechanism,COMPOUND,TARGET
NERATINIB MALEATE,inhibits,Receptor tyrosine-protein kinase erbB-4,1.0,chembl36_mechanism,COMPOUND,TARGET
PEXIDARTINIB HYDROCHLORIDE,inhibits,Receptor-type tyrosine-protein kinase FLT3,1.0,chembl36_mechanism,COMPOUND,TARGET
RITLECITINIB,inhibits,Tyrosine-protein kinase JAK3,1.0,chembl36_mechanism,COMPOUND,TARGET
FEDRATINIB HYDROCHLORIDE,inhibits,Tyrosine-protein kinase JAK2,1.0,chembl36_mechanism,COMPOUND,TARGET
FEDRATINIB HYDROCHLORIDE,inhibits,Receptor-type tyrosine-protein kinase FLT3,1.0,chembl36_mechanism,COMPOUND,TARGET
ENTRECTINIB,inhibits,Proto-oncogene tyrosine-protein kinase ROS,1.0,chembl36_mechanism,COMPOUND,TARGET
ZANUBRUTINIB,inhibits,Tyrosine-protein kinase BTK,1.0,chembl36_mechanism,COMPOUND,TARGET
OSILODROSTAT PHOSPHATE,inhibits,"Cytochrome P450 11B1, mitochondrial",1.0,chembl36_mechanism,COMPOUND,TARGET
TRAMETINIB,inhibits,Dual specificity mitogen-activated protein kinase kinase; MEK1/2,1.0,chembl36_mechanism,COMPOUND,TARGET
TORCETRAPIB,inhibits,Cholesteryl ester transfer protein,1.0,chembl36_mechanism,COMPOUND,TARGET
OBICETRAPIB,inhibits,Cholesteryl ester transfer protein,1.0,chembl36_mechanism,COMPOUND,TARGET
SELPERCATINIB,inhibits,Proto-oncogene tyrosine-protein kinase receptor Ret,1.0,chembl36_mechanism,COMPOUND,TARGET
DIROXIMEL FUMARATE,inhibits,Kelch-like ECH-associated protein 1,1.0,chembl36_mechanism,COMPOUND,TARGET
MONOMETHYL FUMARATE,inhibits,Kelch-like ECH-associated protein 1,1.0,chembl36_mechanism,COMPOUND,TARGET
SELPERCATINIB,inhibits,Kinesin-1 heavy chain/ Tyrosine-protein kinase receptor RET,1.0,chembl36_mechanism,COMPOUND,TARGET
SELPERCATINIB,inhibits,Coiled-coil domain-containing protein 6/Tyrosine-protein kinase receptor RET,1.0,chembl36_mechanism,COMPOUND,TARGET
PRALSETINIB,inhibits,Proto-oncogene tyrosine-protein kinase receptor Ret,1.0,chembl36_mechanism,COMPOUND,TARGET
PRALSETINIB,inhibits,Coiled-coil domain-containing protein 6/Tyrosine-protein kinase receptor RET,1.0,chembl36_mechanism,COMPOUND,TARGET
PRALSETINIB,inhibits,Kinesin-1 heavy chain/ Tyrosine-protein kinase receptor RET,1.0,chembl36_mechanism,COMPOUND,TARGET
SELUMETINIB SULFATE,inhibits,Dual specificity mitogen-activated protein kinase kinase; MEK1/2,1.0,chembl36_mechanism,COMPOUND,TARGET
ROCACETRAPIB,inhibits,Cholesteryl ester transfer protein,1.0,chembl36_mechanism,COMPOUND,TARGET
IMPLITAPIDE,inhibits,Microsomal triglyceride transfer protein,1.0,chembl36_mechanism,COMPOUND,TARGET
BRANEBRUTINIB,inhibits,Tyrosine-protein kinase BTK,1.0,chembl36_mechanism,COMPOUND,TARGET
BREPOCITINIB,inhibits,Non-receptor tyrosine-protein kinase TYK2,1.0,chembl36_mechanism,COMPOUND,TARGET
LB-100,inhibits,Serine/threonine-protein phosphatase 2A catalytic subunit alpha isoform,1.0,chembl36_mechanism,COMPOUND,TARGET
RADOTINIB,inhibits,Bcr/Abl fusion protein,1.0,chembl36_mechanism,COMPOUND,TARGET
BMS-986142,inhibits,Tyrosine-protein kinase BTK,1.0,chembl36_mechanism,COMPOUND,TARGET
BREPOCITINIB,inhibits,Tyrosine-protein kinase JAK1,1.0,chembl36_mechanism,COMPOUND,TARGET
NAVTEMADLIN,inhibits,Tumour suppressor p53/oncoprotein Mdm2,1.0,chembl36_mechanism,COMPOUND,TARGET
EVOBRUTINIB,inhibits,Tyrosine-protein kinase BTK,1.0,chembl36_mechanism,COMPOUND,TARGET
ELSUBRUTINIB,inhibits,Tyrosine-protein kinase BTK,1.0,chembl36_mechanism,COMPOUND,TARGET
FENEBRUTINIB,inhibits,Tyrosine-protein kinase BTK,1.0,chembl36_mechanism,COMPOUND,TARGET
RILZABRUTINIB,inhibits,Tyrosine-protein kinase BTK,1.0,chembl36_mechanism,COMPOUND,TARGET
LB-100,inhibits,Serine/threonine-protein phosphatase 2A catalytic subunit beta isoform,1.0,chembl36_mechanism,COMPOUND,TARGET
LB-100,inhibits,Serine/threonine-protein phosphatase 5,1.0,chembl36_mechanism,COMPOUND,TARGET
BIIB021,inhibits,Heat shock protein HSP90,1.0,chembl36_mechanism,COMPOUND,TARGET
OCIFISERTIB,inhibits,Serine/threonine-protein kinase PLK4,1.0,chembl36_mechanism,COMPOUND,TARGET
ABIVERTINIB MALEATE,inhibits,Tyrosine-protein kinase BTK,1.0,chembl36_mechanism,COMPOUND,TARGET
ABIVERTINIB,inhibits,Tyrosine-protein kinase BTK,1.0,chembl36_mechanism,COMPOUND,TARGET
ZOSUQUIDAR,inhibits,ATP-dependent translocase ABCB1,1.0,chembl36_mechanism,COMPOUND,TARGET
GUSACITINIB,inhibits,Tyrosine-protein kinase SYK,1.0,chembl36_mechanism,COMPOUND,TARGET
BATOPROTAFIB,inhibits,Tyrosine-protein phosphatase non-receptor type 11,1.0,chembl36_mechanism,COMPOUND,TARGET
ONO-2952,inhibits,Translocator protein,1.0,chembl36_mechanism,COMPOUND,TARGET
ALVESPIMYCIN,inhibits,Heat shock protein HSP90,1.0,chembl36_mechanism,COMPOUND,TARGET
FILANESIB,inhibits,Kinesin-like protein KIF11,1.0,chembl36_mechanism,COMPOUND,TARGET
AZD-1236,inhibits,Matrix metalloproteinase-9,1.0,chembl36_mechanism,COMPOUND,TARGET
ISPINESIB,inhibits,Kinesin-like protein KIF11,1.0,chembl36_mechanism,COMPOUND,TARGET
ONALESPIB,inhibits,Heat shock protein HSP90,1.0,chembl36_mechanism,COMPOUND,TARGET
LANRAPLENIB,inhibits,Tyrosine-protein kinase SYK,1.0,chembl36_mechanism,COMPOUND,TARGET
SLX-4090,inhibits,Microsomal triglyceride transfer protein,1.0,chembl36_mechanism,COMPOUND,TARGET
TOMIVOSERTIB,inhibits,MAP kinase-interacting serine/threonine-protein kinase 1/2,1.0,chembl36_mechanism,COMPOUND,TARGET
RAZUPROTAFIB,inhibits,Receptor-type tyrosine-protein phosphatase beta,1.0,chembl36_mechanism,COMPOUND,TARGET
SNX 5422,inhibits,Heat shock protein HSP90,1.0,chembl36_mechanism,COMPOUND,TARGET
AZD-4877,inhibits,Kinesin-like protein KIF11,1.0,chembl36_mechanism,COMPOUND,TARGET
VECABRUTINIB,inhibits,Tyrosine-protein kinase BTK,1.0,chembl36_mechanism,COMPOUND,TARGET
TAS0612,inhibits,Serine/threonine-protein kinase AKT,1.0,chembl36_mechanism,COMPOUND,TARGET
TAS0612,inhibits,Ribosomal protein S6 kinase (P70S6K),1.0,chembl36_mechanism,COMPOUND,TARGET
RUSERONTINIB,inhibits,Receptor-type tyrosine-protein kinase FLT3,1.0,chembl36_mechanism,COMPOUND,TARGET
RUSERONTINIB,inhibits,Tyrosine-protein kinase ABL1,1.0,chembl36_mechanism,COMPOUND,TARGET
NINGETINIB,inhibits,Tyrosine-protein kinase Mer,1.0,chembl36_mechanism,COMPOUND,TARGET
NINGETINIB,inhibits,Receptor-type tyrosine-protein kinase FLT3,1.0,chembl36_mechanism,COMPOUND,TARGET
M4344,inhibits,Serine/threonine-protein kinase ATR,1.0,chembl36_mechanism,COMPOUND,TARGET
TEMUTERKIB,inhibits,Mitogen-activated protein kinase; ERK1/ERK2,1.0,chembl36_mechanism,COMPOUND,TARGET
ALRIZOMADLIN,inhibits,Tumour suppressor p53/oncoprotein Mdm2,1.0,chembl36_mechanism,COMPOUND,TARGET
ASN007,inhibits,Mitogen-activated protein kinase; ERK1/ERK2,1.0,chembl36_mechanism,COMPOUND,TARGET
GOLIDOCITINIB,inhibits,Tyrosine-protein kinase JAK1,1.0,chembl36_mechanism,COMPOUND,TARGET
BELVARAFENIB,inhibits,RAF serine/threonine protein kinase,1.0,chembl36_mechanism,COMPOUND,TARGET
BELZUTIFAN,inhibits,Endothelial PAS domain-containing protein 1,1.0,chembl36_mechanism,COMPOUND,TARGET
NAPORAFENIB,inhibits,B-raf/RAF proto-oncogene serine/threonine-protein kinase,1.0,chembl36_mechanism,COMPOUND,TARGET
ELIMUSERTIB,inhibits,Serine/threonine-protein kinase ATR,1.0,chembl36_mechanism,COMPOUND,TARGET
FF-10101,inhibits,Receptor-type tyrosine-protein kinase FLT3,1.0,chembl36_mechanism,COMPOUND,TARGET
KO-947,inhibits,Mitogen-activated protein kinase; ERK1/ERK2,1.0,chembl36_mechanism,COMPOUND,TARGET
NINGETINIB,inhibits,Tyrosine-protein kinase receptor UFO,1.0,chembl36_mechanism,COMPOUND,TARGET
IMATINIB MESYLATE,inhibits,Bcr/Abl fusion protein,1.0,chembl36_mechanism,COMPOUND,TARGET
DASATINIB ANHYDROUS,inhibits,Bcr/Abl fusion protein,1.0,chembl36_mechanism,COMPOUND,TARGET
BOSUTINIB MONOHYDRATE,inhibits,Bcr/Abl fusion protein,1.0,chembl36_mechanism,COMPOUND,TARGET
NILOTINIB HYDROCHLORIDE MONOHYDRATE,inhibits,Bcr/Abl fusion protein,1.0,chembl36_mechanism,COMPOUND,TARGET
ROPSACITINIB,inhibits,Non-receptor tyrosine-protein kinase TYK2,1.0,chembl36_mechanism,COMPOUND,TARGET
CFI-400945,inhibits,Serine/threonine-protein kinase PLK4,1.0,chembl36_mechanism,COMPOUND,TARGET
VODOBATINIB,inhibits,Tyrosine-protein kinase ABL1,1.0,chembl36_mechanism,COMPOUND,TARGET
BRIMAPITIDE,inhibits,Mitogen-activated protein kinase 10,1.0,chembl36_mechanism,COMPOUND,TARGET
IDASANUTLIN,inhibits,Tumour suppressor p53/oncoprotein Mdm2,1.0,chembl36_mechanism,COMPOUND,TARGET
LUMINESPIB,inhibits,Heat shock protein HSP90,1.0,chembl36_mechanism,COMPOUND,TARGET
OLVEREMBATINIB,inhibits,Bcr/Abl fusion protein,1.0,chembl36_mechanism,COMPOUND,TARGET
VODOBATINIB,inhibits,Bcr/Abl fusion protein,1.0,chembl36_mechanism,COMPOUND,TARGET
RIPASUDIL,inhibits,Rho-associated protein kinase,1.0,chembl36_mechanism,COMPOUND,TARGET
FASUDIL,inhibits,Rho-associated protein kinase,1.0,chembl36_mechanism,COMPOUND,TARGET
BELUMOSUDIL,inhibits,Rho-associated protein kinase 2,1.0,chembl36_mechanism,COMPOUND,TARGET
BELUMOSUDIL MESYLATE,inhibits,Rho-associated protein kinase,1.0,chembl36_mechanism,COMPOUND,TARGET
DAPANSUTRILE,inhibits,"NACHT, LRR and PYD domains-containing protein 3",1.0,chembl36_mechanism,COMPOUND,TARGET
VELIFLAPON,inhibits,Arachidonate 5-lipoxygenase-activating protein,1.0,chembl36_mechanism,COMPOUND,TARGET
RIPASUDIL HYDROCHLORIDE DIHYDRATE,inhibits,Rho-associated protein kinase,1.0,chembl36_mechanism,COMPOUND,TARGET
"BRIMAPITIDE, C-TERMINAL ACID",inhibits,Mitogen-activated protein kinase 10,1.0,chembl36_mechanism,COMPOUND,TARGET
ORELABRUTINIB,inhibits,Tyrosine-protein kinase BTK,1.0,chembl36_mechanism,COMPOUND,TARGET
PIRTOBRUTINIB,inhibits,Tyrosine-protein kinase BTK,1.0,chembl36_mechanism,COMPOUND,TARGET
SIMUROSERTIB,inhibits,Cell division cycle 7-related protein kinase,1.0,chembl36_mechanism,COMPOUND,TARGET
UMBRALISIB TOSYLATE,inhibits,Tyrosine-protein kinase ABL1,1.0,chembl36_mechanism,COMPOUND,TARGET
CTS-1027,inhibits,Matrix metalloproteinase-14,1.0,chembl36_mechanism,COMPOUND,TARGET
BIRICODAR,inhibits,ATP-dependent translocase ABCB1,1.0,chembl36_mechanism,COMPOUND,TARGET
TILPISERTIB,inhibits,Mitogen-activated protein kinase kinase kinase 8,1.0,chembl36_mechanism,COMPOUND,TARGET
ZANDATRIGINE,inhibits,Sodium channel protein type 8 subunit alpha,1.0,chembl36_mechanism,COMPOUND,TARGET
EDRALBRUTINIB,inhibits,Tyrosine-protein kinase BTK,1.0,chembl36_mechanism,COMPOUND,TARGET
LEVOKETOCONAZOLE,inhibits,"Cytochrome P450 11B1, mitochondrial",1.0,chembl36_mechanism,COMPOUND,TARGET
PELITREXOL,inhibits,Trifunctional purine biosynthetic protein adenosine-3,1.0,chembl36_mechanism,COMPOUND,TARGET
SIREMADLIN,inhibits,Tumour suppressor p53/oncoprotein Mdm2,1.0,chembl36_mechanism,COMPOUND,TARGET
REBIMASTAT,inhibits,Matrix metalloproteinase-9,1.0,chembl36_mechanism,COMPOUND,TARGET
REBIMASTAT,inhibits,Matrix metalloproteinase-14,1.0,chembl36_mechanism,COMPOUND,TARGET
AZENOSERTIB,inhibits,Wee1-like protein kinase,1.0,chembl36_mechanism,COMPOUND,TARGET
TALETRECTINIB,inhibits,Proto-oncogene tyrosine-protein kinase ROS,1.0,chembl36_mechanism,COMPOUND,TARGET
TOLEBRUTINIB,inhibits,Tyrosine-protein kinase BTK,1.0,chembl36_mechanism,COMPOUND,TARGET
ALDUMASTAT,inhibits,A disintegrin and metalloproteinase with thrombospondin motifs 5,1.0,chembl36_mechanism,COMPOUND,TARGET
BIRICODAR,inhibits,Multidrug resistance-associated protein 1,1.0,chembl36_mechanism,COMPOUND,TARGET
APRATASTAT,inhibits,Disintegrin and metalloproteinase domain-containing protein 17,1.0,chembl36_mechanism,COMPOUND,TARGET
CTS-1027,inhibits,Matrix metalloproteinase-9,1.0,chembl36_mechanism,COMPOUND,TARGET
ENCEQUIDAR,inhibits,ATP-dependent translocase ABCB1,1.0,chembl36_mechanism,COMPOUND,TARGET
SETOGEPRAM,inhibits,G-protein coupled receptor 84,1.0,chembl36_mechanism,COMPOUND,TARGET
VALSPODAR,inhibits,ATP-dependent translocase ABCB1,1.0,chembl36_mechanism,COMPOUND,TARGET
EX-527,inhibits,NAD-dependent protein deacetylase sirtuin-1,1.0,chembl36_mechanism,COMPOUND,TARGET
GSK2982772,inhibits,Receptor-interacting serine/threonine-protein kinase 1,1.0,chembl36_mechanism,COMPOUND,TARGET
ASCIMINIB HYDROCHLORIDE,inhibits,Bcr/Abl fusion protein,1.0,chembl36_mechanism,COMPOUND,TARGET
ACALABRUTINIB MALEATE,inhibits,Tyrosine-protein kinase BTK,1.0,chembl36_mechanism,COMPOUND,TARGET
PACRITINIB CITRATE,inhibits,Tyrosine-protein kinase JAK2,1.0,chembl36_mechanism,COMPOUND,TARGET
PACRITINIB CITRATE,inhibits,Receptor-type tyrosine-protein kinase FLT3,1.0,chembl36_mechanism,COMPOUND,TARGET
PEMETREXED TROMETHAMINE,inhibits,Trifunctional purine biosynthetic protein adenosine-3,1.0,chembl36_mechanism,COMPOUND,TARGET
RITLECITINIB TOSYLATE,inhibits,Tyrosine-protein kinase JAK3,1.0,chembl36_mechanism,COMPOUND,TARGET
PEMETREXED,inhibits,Trifunctional purine biosynthetic protein adenosine-3,1.0,chembl36_mechanism,COMPOUND,TARGET
REPOTRECTINIB,inhibits,Proto-oncogene tyrosine-protein kinase ROS,1.0,chembl36_mechanism,COMPOUND,TARGET
FILGOTINIB,inhibits,Tyrosine-protein kinase JAK2,1.0,chembl36_mechanism,COMPOUND,TARGET
FILGOTINIB,inhibits,Non-receptor tyrosine-protein kinase TYK2,1.0,chembl36_mechanism,COMPOUND,TARGET
FILGOTINIB,inhibits,Tyrosine-protein kinase JAK3,1.0,chembl36_mechanism,COMPOUND,TARGET
SUNITINIB,inhibits,Receptor-type tyrosine-protein kinase FLT3,1.0,chembl36_mechanism,COMPOUND,TARGET
SUNITINIB,inhibits,Proto-oncogene tyrosine-protein kinase receptor Ret,1.0,chembl36_mechanism,COMPOUND,TARGET
FILGOTINIB MALEATE,inhibits,Tyrosine-protein kinase JAK1,1.0,chembl36_mechanism,COMPOUND,TARGET
FILGOTINIB MALEATE,inhibits,Tyrosine-protein kinase JAK3,1.0,chembl36_mechanism,COMPOUND,TARGET
FILGOTINIB MALEATE,inhibits,Non-receptor tyrosine-protein kinase TYK2,1.0,chembl36_mechanism,COMPOUND,TARGET
FILGOTINIB MALEATE,inhibits,Tyrosine-protein kinase JAK2,1.0,chembl36_mechanism,COMPOUND,TARGET
PEMETREXED MONOHYDRATE,inhibits,Trifunctional purine biosynthetic protein adenosine-3,1.0,chembl36_mechanism,COMPOUND,TARGET
UPADACITINIB HEMIHYDRATE,inhibits,Non-receptor tyrosine-protein kinase TYK2,1.0,chembl36_mechanism,COMPOUND,TARGET
UPADACITINIB HEMIHYDRATE,inhibits,Tyrosine-protein kinase JAK3,1.0,chembl36_mechanism,COMPOUND,TARGET
UPADACITINIB HEMIHYDRATE,inhibits,Tyrosine-protein kinase JAK2,1.0,chembl36_mechanism,COMPOUND,TARGET
UPADACITINIB HEMIHYDRATE,inhibits,Tyrosine-protein kinase JAK1,1.0,chembl36_mechanism,COMPOUND,TARGET
QUIZARTINIB DIHYDROCHLORIDE,inhibits,Receptor-type tyrosine-protein kinase FLT3,1.0,chembl36_mechanism,COMPOUND,TARGET
DEURUXOLITINIB PHOSPHATE,inhibits,Tyrosine-protein kinase JAK3,1.0,chembl36_mechanism,COMPOUND,TARGET
DEURUXOLITINIB PHOSPHATE,inhibits,Tyrosine-protein kinase JAK2,1.0,chembl36_mechanism,COMPOUND,TARGET
MOMELOTINIB DIHYDROCHLORIDE MONOHYDRATE,inhibits,Tyrosine-protein kinase JAK2,1.0,chembl36_mechanism,COMPOUND,TARGET
DEURUXOLITINIB PHOSPHATE,inhibits,Tyrosine-protein kinase JAK1,1.0,chembl36_mechanism,COMPOUND,TARGET
PEMETREXED DIPOTASSIUM,inhibits,Trifunctional purine biosynthetic protein adenosine-3,1.0,chembl36_mechanism,COMPOUND,TARGET
DEURUXOLITINIB PHOSPHATE,inhibits,Non-receptor tyrosine-protein kinase TYK2,1.0,chembl36_mechanism,COMPOUND,TARGET
MOMELOTINIB DIHYDROCHLORIDE MONOHYDRATE,inhibits,Tyrosine-protein kinase JAK1,1.0,chembl36_mechanism,COMPOUND,TARGET
DASATINIB,inhibits,Bcr/Abl fusion protein,1.0,chembl36_mechanism,COMPOUND,TARGET
LORECIVIVINT,inhibits,Dual specificity protein kinase CLK2,1.0,chembl36_mechanism,COMPOUND,TARGET
CRIZOTINIB,inhibits,Proto-oncogene tyrosine-protein kinase ROS,1.0,chembl36_mechanism,COMPOUND,TARGET
METYRAPONE,inhibits,"Cytochrome P450 11B1, mitochondrial",1.0,chembl36_mechanism,COMPOUND,TARGET
CRIZOTINIB,inhibits,Macrophage-stimulating protein receptor,1.0,chembl36_mechanism,COMPOUND,TARGET
