food_name,calcium_tier,vitk_tier,iron_tier,potassium_tier,magnesium_tier,zinc_tier,tyramine_tier,calcium,iron,magnesium,potassium,vitk,zinc,acid_tier
 Egg whites,LOW,LOW,LOW,LOW,LOW,LOW,LOW,8.6,0.185,10.6,129.9375,,0.019375,LOW
" Egg whites, dried",MEDIUM,LOW,LOW,HIGH,HIGH,LOW,LOW,104.33333333333333,0.0,87.62666666666668,958.7333333333333,,0.42866666666666664,LOW
 Egg yolk,MEDIUM,LOW,HIGH,LOW,LOW,MEDIUM,LOW,119.33333333333333,4.128,11.226666666666667,102.46666666666667,,2.9306666666666668,LOW
" Egg yolks, dried",MEDIUM,LOW,HIGH,MEDIUM,MEDIUM,HIGH,LOW,274.44444444444446,9.30111111111111,25.733333333333334,230.77777777777777,,7.1899999999999995,LOW
 Whole eggs,LOW,LOW,MEDIUM,LOW,LOW,MEDIUM,LOW,54.92857142857143,1.7707142857142857,11.214285714285714,116.64285714285714,,1.2035714285714287,LOW
" Whole eggs, dried",MEDIUM,LOW,HIGH,HIGH,MEDIUM,HIGH,LOW,211.375,6.675,42.65,464.625,,4.925,LOW
"ALMOND MILK, UNSWEETENED, PLAIN, SHELF STABLE",MEDIUM,LOW,LOW,LOW,LOW,LOW,LOW,172.74714285714285,0.28985714285714287,6.785000000000001,30.791664285714287,,0.17175,LOW
"APPLE JUICE FROM CONCENTRATE WITH ADDED VITAMIN C, SHELF STABLE",LOW,LOW,LOW,LOW,LOW,LOW,LOW,7.09875,0.04015625,4.860625,95.86875,,0.002125,LOW
"APPLES, FUJI",LOW,LOW,LOW,LOW,LOW,LOW,LOW,6.125,0.015,4.675,103.75,,0.015,LOW
"APPLES, FUJI, WITH SKIN, RAW",LOW,LOW,LOW,LOW,LOW,LOW,LOW,5.975,0.015,4.67,103.7625,,0.0167625,LOW
"APPLES, GALA",LOW,LOW,LOW,LOW,LOW,LOW,LOW,6.625,0.05875,4.9375,105.875,,0.02375,LOW
"APPLES, GALA, WITH SKIN, RAW",LOW,LOW,LOW,LOW,LOW,LOW,LOW,6.63875,0.060125,4.946875,105.8625,,0.0234875,LOW
"APPLES, GRANNY SMITH",LOW,LOW,LOW,LOW,LOW,LOW,LOW,5.625,0.06875,5.0625,115.875,,0.0225,LOW
"APPLES, GRANNY SMITH, WITH SKIN, RAW",LOW,LOW,LOW,LOW,LOW,LOW,LOW,5.4825,0.069625,5.055,115.925,,0.0227625,LOW
"APPLES, HONEYCRISP",LOW,LOW,LOW,LOW,LOW,LOW,LOW,3.875,0.0,4.15,98.125,,0.01625,LOW
"APPLES, HONEYCRISP, WITH SKIN, RAW",LOW,LOW,LOW,LOW,LOW,LOW,LOW,3.8743749999999997,0.0,4.15125,98.0375,,0.018275,LOW
"APPLES, RED DELICIOUS",LOW,LOW,LOW,LOW,LOW,LOW,LOW,4.75,0.0,4.7125,95.25,,0.01875,LOW
"APPLES, RED DELICIOUS, WITH SKIN, RAW",LOW,LOW,LOW,LOW,LOW,LOW,LOW,4.65625,0.0,4.695,95.3125,,0.019637500000000002,LOW
"Almond butter, creamy",MEDIUM,LOW,HIGH,HIGH,HIGH,HIGH,LOW,263.8,4.108,267.8,745.4,0.0,3.178,LOW
"Almond milk, unsweetened, plain, refrigerated",MEDIUM,LOW,LOW,LOW,LOW,LOW,LOW,157.5,0.1247,8.249,49.27,0.0,0.07661,LOW
"Almond milk, unsweetened, plain, shelf stable",MEDIUM,LOW,LOW,LOW,LOW,LOW,LOW,172.7,0.2899,6.785,30.79,,0.1718,LOW
Almonds dry roasted salted,MEDIUM,LOW,HIGH,HIGH,HIGH,MEDIUM,LOW,273.15384615384613,3.1692307692307695,258.53846153846155,683.5384615384615,,2.803846153846154,LOW
"Almonds, dry roasted, salted - NFY1213I7",UNKNOWN,LOW,UNKNOWN,UNKNOWN,UNKNOWN,UNKNOWN,LOW,,,,,0.0,,LOW
American Cheese,HIGH,LOW,LOW,LOW,MEDIUM,MEDIUM,LOW,502.3636363636364,0.24424242424242426,24.466666666666665,163.15151515151516,,2.4318181818181817,LOW
American cheese,HIGH,LOW,LOW,LOW,MEDIUM,MEDIUM,LOW,520.5217391304348,0.38565217391304346,25.37391304347826,164.95652173913044,,2.5630434782608695,LOW
"American pasteurized prepared cheese product, with added vitamin D, sliced, individually wrapped",HIGH,LOW,MEDIUM,MEDIUM,MEDIUM,MEDIUM,LOW,1588.75,1.48,35.675,215.625,,2.3575,LOW
"American pasteurized process cheese food, sliced, individually wrapped",HIGH,LOW,MEDIUM,MEDIUM,MEDIUM,MEDIUM,LOW,1660.0,1.5150000000000001,34.9,213.5,,2.33,LOW
"American pasteurized process cheese food, with added vitamin D, sliced, individually wrapped",HIGH,LOW,MEDIUM,LOW,MEDIUM,MEDIUM,LOW,1600.0,1.47,34.3,180.0,,2.5,LOW
"American pasteurized process cheese product, sliced, individually wrapped",HIGH,LOW,LOW,MEDIUM,MEDIUM,MEDIUM,LOW,708.0,0.0,30.0,225.0,,2.44,LOW
"Apple juice, with added vitamin C, from concentrate, shelf stable",LOW,LOW,LOW,LOW,LOW,LOW,LOW,7.099,0.04016,4.861,95.87,,0.002125,LOW
"Apples, fuji, with skin, raw",LOW,LOW,LOW,LOW,LOW,LOW,LOW,5.9875,0.0175,4.6850000000000005,103.9,,0.01838,LOW
"Apples, gala, with skin, raw",LOW,LOW,LOW,LOW,LOW,LOW,LOW,6.8195,0.060065,4.9735,105.95,,0.021745,LOW
"Apples, granny smith, with skin, raw",LOW,LOW,LOW,LOW,LOW,LOW,LOW,5.2415,0.069815,5.0775,115.95,,0.02138,LOW
"Apples, honeycrisp, with skin, raw",LOW,LOW,LOW,LOW,LOW,LOW,LOW,3.9370000000000003,0.0,4.1754999999999995,98.02000000000001,,0.01914,LOW
"Apples, red delicious, with skin, raw",LOW,LOW,LOW,LOW,LOW,LOW,LOW,4.827999999999999,0.0,4.6975,95.155,,0.01982,LOW
"Applesauce, unsweetened, with added vitamin C",LOW,LOW,LOW,LOW,LOW,LOW,LOW,3.821,0.04475,3.938,107.7,,0.002625,LOW
"Apricot, with skin, pitted, raw",LOW,LOW,LOW,MEDIUM,LOW,LOW,LOW,11.58875,0.163375,8.8825,231.375,,0.14832499999999998,LOW
"Apricot, with skin, raw",LOW,LOW,LOW,MEDIUM,LOW,LOW,LOW,11.59,0.1634,8.883,231.4,,0.1483,LOW
"Arugula, baby, raw",MEDIUM,HIGH,MEDIUM,MEDIUM,MEDIUM,LOW,LOW,205.15,1.336,43.51875,398.1625,,0.3504125,LOW
"Arugula, baby, raw ",MEDIUM,HIGH,MEDIUM,HIGH,MEDIUM,LOW,LOW,192.0,1.85,35.7,476.0,,0.331,LOW
"Asparagus, green, raw",LOW,MEDIUM,LOW,MEDIUM,LOW,LOW,LOW,20.58,0.4436,13.78,277.5,,0.5955,LOW
"Asparagus, green, whole spear, raw",LOW,MEDIUM,LOW,MEDIUM,LOW,LOW,LOW,20.575,0.443625,13.775,277.5,,0.5955,LOW
"Avocado, Hass, peeled, pit removed, raw",LOW,MEDIUM,LOW,HIGH,MEDIUM,LOW,MEDIUM,14.4625,0.61325,32.8,576.375,,0.459625,LOW
"Avocado, Hass, peeled, raw",LOW,MEDIUM,LOW,HIGH,MEDIUM,LOW,MEDIUM,14.46,0.6133,32.8,576.4,,0.4596,LOW
"BANANAS, RIPE",LOW,LOW,LOW,MEDIUM,MEDIUM,LOW,MEDIUM,4.666666666666667,0.0,28.03333333333333,325.5,,0.16333333333333333,LOW
"BEEF BREAKFAST SAUSAGE, BANQUET BROWN N SERVE SAUSAGE LINKS",LOW,HIGH,MEDIUM,MEDIUM,MEDIUM,MEDIUM,LOW,30.333333333333332,1.8933333333333333,23.599999999999998,219.33333333333334,,2.3233333333333337,LOW
"BEEF BREAKFAST SAUSAGE, BANQUET BROWN N SERVE SAUSAGE LINKS, MAPLE FLAVOR",LOW,HIGH,MEDIUM,MEDIUM,MEDIUM,MEDIUM,LOW,96.0,1.38,23.2,219.0,,1.52,LOW
"BEEF BREAKFAST SAUSAGE, ECKRICH SAUSAGE LINKS",LOW,HIGH,MEDIUM,MEDIUM,LOW,MEDIUM,LOW,11.0,1.13,12.149999999999999,351.0,,2.175,LOW
"BUTTER, STICK, SALTED",LOW,LOW,LOW,LOW,LOW,LOW,LOW,20.76923076923077,0.06076923076923077,1.6076923076923075,23.076923076923077,,0.06769230769230769,LOW
"BUTTER, STICK, UNSALTED",LOW,LOW,LOW,LOW,LOW,LOW,LOW,13.857142857142858,0.03142857142857143,1.5571428571428572,19.142857142857142,,0.07142857142857142,LOW
Bacon,LOW,LOW,MEDIUM,HIGH,MEDIUM,HIGH,LOW,12.8125,1.304375,35.84583333333333,537.6875,,3.470625,LOW
"Bacon, cooked",LOW,LOW,MEDIUM,HIGH,MEDIUM,HIGH,LOW,13.727272727272727,1.2018181818181817,38.36363636363637,598.2727272727273,,3.7681818181818185,LOW
Bacon; cooked,LOW,LOW,MEDIUM,HIGH,MEDIUM,HIGH,LOW,15.7,1.237,37.53,601.0,,3.774,LOW
"Bananas, overripe",UNKNOWN,LOW,UNKNOWN,UNKNOWN,UNKNOWN,UNKNOWN,MEDIUM,,,,,0.049999999999999996,,LOW
"Bananas, overripe, raw",UNKNOWN,LOW,UNKNOWN,UNKNOWN,UNKNOWN,UNKNOWN,MEDIUM,,,,,0.06666666666666667,,LOW
"Bananas, ripe",UNKNOWN,LOW,UNKNOWN,UNKNOWN,UNKNOWN,UNKNOWN,MEDIUM,,,,,0.049999999999999996,,LOW
"Bananas, ripe and slightly ripe, raw",LOW,LOW,LOW,MEDIUM,MEDIUM,LOW,MEDIUM,5.0,0.0,28.0,326.0,0.03333333333333333,0.16,LOW
"Bananas, slightly ripe",UNKNOWN,LOW,UNKNOWN,UNKNOWN,UNKNOWN,UNKNOWN,MEDIUM,,,,,0.027777777777777776,,LOW
Beans snap canned drained,LOW,LOW,LOW,LOW,LOW,LOW,LOW,35.583333333333336,0.7799999999999999,12.674999999999999,96.58333333333333,,0.19083333333333333,LOW
"Beans, Dry, Black (0% moisture)",MEDIUM,LOW,HIGH,HIGH,HIGH,HIGH,LOW,191.0,5.34,180.0,1540.0,,3.37,LOW
"Beans, Dry, Black, 11F-8000 (0% moisture)",MEDIUM,LOW,HIGH,HIGH,HIGH,HIGH,LOW,165.0,7.84,200.0,1700.0,,3.55,LOW
"Beans, Dry, Black, 11F-8002 (0% moisture)",MEDIUM,LOW,HIGH,HIGH,HIGH,HIGH,LOW,224.0,8.29,186.0,1590.0,,3.52,LOW
"Beans, Dry, Black, 11F-8003 (0% moisture)",MEDIUM,LOW,HIGH,HIGH,HIGH,HIGH,LOW,194.0,6.96,187.0,1490.0,,3.4,LOW
"Beans, Dry, Black, 11F-8013 (0% moisture)",MEDIUM,LOW,HIGH,HIGH,HIGH,HIGH,LOW,166.0,7.98,188.0,1580.0,,3.58,LOW
"Beans, Dry, Black, 11F-8015 (0% moisture)",MEDIUM,LOW,HIGH,HIGH,HIGH,HIGH,LOW,189.0,7.36,205.0,1510.0,,3.02,LOW
"Beans, Dry, Black, 11F-8016 (0% moisture)",MEDIUM,LOW,HIGH,HIGH,HIGH,HIGH,LOW,187.0,6.68,184.0,1470.0,,3.06,LOW
"Beans, Dry, Black, 11F-8020 (0% moisture)",MEDIUM,LOW,HIGH,HIGH,HIGH,HIGH,LOW,228.0,7.77,172.0,1480.0,,3.35,LOW
"Beans, Dry, Black, 11F-8023 (0% moisture)",MEDIUM,LOW,HIGH,HIGH,HIGH,HIGH,LOW,169.0,7.13,181.0,1600.0,,3.13,LOW
"Beans, Dry, Black, 11F-8029 (0% moisture)",MEDIUM,LOW,HIGH,HIGH,HIGH,HIGH,LOW,215.0,8.06,200.0,1590.0,,3.79,LOW
"Beans, Dry, Black, 11F-8036 (0% moisture)",MEDIUM,LOW,HIGH,HIGH,HIGH,HIGH,LOW,160.0,7.08,195.0,1420.0,,3.12,LOW
"Beans, Dry, Black, 11F-8039 (0% moisture)",MEDIUM,LOW,HIGH,HIGH,HIGH,HIGH,LOW,199.0,7.95,184.0,1450.0,,3.32,LOW
"Beans, Dry, Black, 11F-8044 (0% moisture)",MEDIUM,LOW,HIGH,HIGH,HIGH,HIGH,LOW,197.0,7.17,188.0,1380.0,,3.18,LOW
"Beans, Dry, Black, 11F-8045 (0% moisture)",MEDIUM,LOW,HIGH,HIGH,HIGH,HIGH,LOW,129.0,7.81,170.0,1410.0,,3.26,LOW
"Beans, Dry, Black, 11F-8046 (0% moisture)",MEDIUM,LOW,HIGH,HIGH,HIGH,HIGH,LOW,184.0,6.91,182.0,1360.0,,3.05,LOW
"Beans, Dry, Black, 11F-8062 (0% moisture)",MEDIUM,LOW,HIGH,HIGH,HIGH,HIGH,LOW,200.0,8.4,194.0,1550.0,,3.35,LOW
"Beans, Dry, Black, 11F-8112 (0% moisture)",MEDIUM,LOW,HIGH,HIGH,HIGH,MEDIUM,LOW,183.0,6.46,171.0,1520.0,,2.85,LOW
"Beans, Dry, Black, 11F-8116 (0% moisture)",MEDIUM,LOW,HIGH,HIGH,HIGH,MEDIUM,LOW,179.0,7.37,184.0,1610.0,,2.89,LOW
"Beans, Dry, Black, 11F-8117 (0% moisture)",MEDIUM,LOW,HIGH,HIGH,HIGH,HIGH,LOW,207.0,7.66,185.0,1460.0,,3.13,LOW
"Beans, Dry, Black, 11F-8119 (0% moisture)",MEDIUM,LOW,HIGH,HIGH,HIGH,HIGH,LOW,204.0,7.72,190.0,1670.0,,3.52,LOW
"Beans, Dry, Black, 11F-8122 (0% moisture)",MEDIUM,LOW,HIGH,HIGH,HIGH,MEDIUM,LOW,176.0,6.71,198.0,1520.0,,2.91,LOW
"Beans, Dry, Black, 11F-8123 (0% moisture)",MEDIUM,LOW,HIGH,HIGH,HIGH,MEDIUM,LOW,186.0,6.64,197.0,1460.0,,2.72,LOW
"Beans, Dry, Black, 11F-8129 (0% moisture)",MEDIUM,LOW,HIGH,HIGH,HIGH,MEDIUM,LOW,159.0,6.87,175.0,1490.0,,2.76,LOW
"Beans, Dry, Black, 11F-8135 (0% moisture)",MEDIUM,LOW,HIGH,HIGH,HIGH,HIGH,LOW,239.0,8.7,180.0,1530.0,,3.58,LOW
"Beans, Dry, Black, 11F-8140 (0% moisture)",MEDIUM,LOW,HIGH,HIGH,HIGH,HIGH,LOW,236.0,8.03,176.0,1500.0,,3.3,LOW
"Beans, Dry, Black, 11F-8146 (0% moisture)",MEDIUM,LOW,HIGH,HIGH,HIGH,MEDIUM,LOW,200.0,7.26,188.0,1490.0,,2.87,LOW
"Beans, Dry, Black, 11F-8150 (0% moisture)",MEDIUM,LOW,HIGH,HIGH,HIGH,MEDIUM,LOW,209.0,7.59,174.0,1550.0,,2.6,LOW
"Beans, Dry, Black, 11F-8158 (0% moisture)",MEDIUM,LOW,HIGH,HIGH,HIGH,HIGH,LOW,196.0,7.66,190.0,1460.0,,3.1,LOW
"Beans, Dry, Black, 11F-8168 (0% moisture)",MEDIUM,LOW,HIGH,HIGH,HIGH,MEDIUM,LOW,175.0,7.14,177.0,1640.0,,2.9,LOW
"Beans, Dry, Black, 11F-8177 (0% moisture)",MEDIUM,LOW,HIGH,HIGH,HIGH,HIGH,LOW,178.0,9.11,184.0,1560.0,,3.05,LOW
"Beans, Dry, Black, 11F-8180 (0% moisture)",MEDIUM,LOW,HIGH,HIGH,HIGH,HIGH,LOW,179.0,7.74,189.0,1550.0,,3.42,LOW
"Beans, Dry, Black, 214 (0% moisture)",MEDIUM,LOW,HIGH,HIGH,HIGH,HIGH,LOW,204.0,5.03,174.0,1620.0,,3.27,LOW
"Beans, Dry, Black, 215 (0% moisture)",MEDIUM,LOW,HIGH,HIGH,HIGH,HIGH,LOW,241.0,5.19,182.0,1560.0,,3.49,LOW
"Beans, Dry, Black, 219 (0% moisture)",MEDIUM,LOW,HIGH,HIGH,HIGH,HIGH,LOW,197.0,4.94,178.0,1640.0,,3.41,LOW
"Beans, Dry, Black, 221 (0% moisture)",MEDIUM,LOW,HIGH,HIGH,HIGH,HIGH,LOW,168.0,5.0,178.0,1620.0,,3.33,LOW
"Beans, Dry, Black, 222 (0% moisture)",MEDIUM,LOW,HIGH,HIGH,HIGH,HIGH,LOW,190.0,4.94,179.0,1540.0,,3.5,LOW
"Beans, Dry, Black, 223 (0% moisture)",MEDIUM,LOW,HIGH,HIGH,HIGH,HIGH,LOW,268.0,4.32,157.0,1530.0,,3.81,LOW
"Beans, Dry, Black, 225 (0% moisture)",MEDIUM,LOW,HIGH,HIGH,HIGH,HIGH,LOW,143.0,4.86,161.0,1400.0,,3.32,LOW
"Beans, Dry, Black, 227 (0% moisture)",MEDIUM,LOW,HIGH,HIGH,HIGH,MEDIUM,LOW,186.0,4.6,197.0,1520.0,,2.92,LOW
"Beans, Dry, Black, 232 (0% moisture)",MEDIUM,LOW,HIGH,HIGH,HIGH,HIGH,LOW,162.0,5.28,180.0,1540.0,,3.37,LOW
"Beans, Dry, Black, 238 (0% moisture)",MEDIUM,LOW,HIGH,HIGH,HIGH,HIGH,LOW,216.0,4.68,184.0,1590.0,,3.32,LOW
"Beans, Dry, Black, 244 (0% moisture)",MEDIUM,LOW,HIGH,HIGH,HIGH,HIGH,LOW,125.0,4.2,167.0,1570.0,,3.4,LOW
"Beans, Dry, Black, 247 (0% moisture)",MEDIUM,LOW,HIGH,HIGH,HIGH,HIGH,LOW,160.0,4.19,177.0,1410.0,,3.06,LOW
"Beans, Dry, Black, 248 (0% moisture)",MEDIUM,LOW,HIGH,HIGH,HIGH,HIGH,LOW,159.0,4.0,165.0,1500.0,,3.22,LOW
"Beans, Dry, Black, 249 (0% moisture)",MEDIUM,LOW,HIGH,HIGH,HIGH,HIGH,LOW,250.0,5.8,172.0,1570.0,,3.16,LOW
"Beans, Dry, Black, 250 (0% moisture)",MEDIUM,LOW,HIGH,HIGH,HIGH,HIGH,LOW,153.0,4.01,160.0,1500.0,,3.21,LOW
"Beans, Dry, Black, 251 (0% moisture)",MEDIUM,LOW,HIGH,HIGH,HIGH,HIGH,LOW,264.0,5.25,185.0,1560.0,,3.14,LOW
"Beans, Dry, Black, 254 (0% moisture)",MEDIUM,LOW,HIGH,HIGH,HIGH,HIGH,LOW,185.0,4.94,180.0,1660.0,,3.66,LOW
"Beans, Dry, Black, 258 (0% moisture)",MEDIUM,LOW,HIGH,HIGH,HIGH,MEDIUM,LOW,180.0,4.38,194.0,1510.0,,2.86,LOW
"Beans, Dry, Black, 259 (0% moisture)",MEDIUM,LOW,HIGH,HIGH,HIGH,HIGH,LOW,201.0,3.75,188.0,1630.0,,3.47,LOW
"Beans, Dry, Black, 263 (0% moisture)",MEDIUM,LOW,HIGH,HIGH,HIGH,HIGH,LOW,185.0,4.25,175.0,1550.0,,3.29,LOW
"Beans, Dry, Black, 266 (0% moisture)",MEDIUM,LOW,HIGH,HIGH,HIGH,HIGH,LOW,234.0,4.88,171.0,1620.0,,3.76,LOW
"Beans, Dry, Black, 267 (0% moisture)",MEDIUM,LOW,HIGH,HIGH,HIGH,HIGH,LOW,188.0,4.45,173.0,1600.0,,3.34,LOW
"Beans, Dry, Black, 269 (0% moisture)",MEDIUM,LOW,HIGH,HIGH,HIGH,HIGH,LOW,165.0,3.72,182.0,1520.0,,3.32,LOW
"Beans, Dry, Black, 271 (0% moisture)",MEDIUM,LOW,HIGH,HIGH,HIGH,HIGH,LOW,243.0,4.67,170.0,1500.0,,3.83,LOW
"Beans, Dry, Black, 273 (0% moisture)",MEDIUM,LOW,HIGH,HIGH,HIGH,HIGH,LOW,172.0,4.38,180.0,1580.0,,3.28,LOW
"Beans, Dry, Black, 274 (0% moisture)",MEDIUM,LOW,HIGH,HIGH,HIGH,HIGH,LOW,208.0,4.42,174.0,1590.0,,3.43,LOW
"Beans, Dry, Black, 276 (0% moisture)",MEDIUM,LOW,HIGH,HIGH,HIGH,HIGH,LOW,183.0,4.14,170.0,1550.0,,3.84,LOW
"Beans, Dry, Black, 278 (0% moisture)",MEDIUM,LOW,HIGH,HIGH,HIGH,HIGH,LOW,238.0,5.88,177.0,1630.0,,3.73,LOW
"Beans, Dry, Black, 282 (0% moisture)",MEDIUM,LOW,HIGH,HIGH,HIGH,HIGH,LOW,223.0,3.98,169.0,1570.0,,3.7,LOW
"Beans, Dry, Black, 286 (0% moisture)",MEDIUM,LOW,HIGH,HIGH,HIGH,HIGH,LOW,271.0,4.7,178.0,1450.0,,3.26,LOW
"Beans, Dry, Black, 288 (0% moisture)",MEDIUM,LOW,HIGH,HIGH,HIGH,HIGH,LOW,185.0,4.24,160.0,1540.0,,3.34,LOW
"Beans, Dry, Black, 291 (0% moisture)",MEDIUM,LOW,HIGH,HIGH,HIGH,HIGH,LOW,252.0,5.78,214.0,1660.0,,3.51,LOW
"Beans, Dry, Black, 296 (0% moisture)",MEDIUM,LOW,HIGH,HIGH,HIGH,HIGH,LOW,186.0,4.88,163.0,1530.0,,3.52,LOW
"Beans, Dry, Black, 297 (0% moisture)",MEDIUM,LOW,HIGH,HIGH,HIGH,HIGH,LOW,214.0,4.66,167.0,1500.0,,3.25,LOW
"Beans, Dry, Black, 298 (0% moisture)",MEDIUM,LOW,HIGH,HIGH,HIGH,HIGH,LOW,162.0,4.16,153.0,1650.0,,3.17,LOW
"Beans, Dry, Black, 301 (0% moisture)",MEDIUM,LOW,HIGH,HIGH,HIGH,HIGH,LOW,212.0,4.12,184.0,1540.0,,3.39,LOW
"Beans, Dry, Black, 303 (0% moisture)",MEDIUM,LOW,HIGH,HIGH,HIGH,HIGH,LOW,210.0,3.51,170.0,1570.0,,3.43,LOW
"Beans, Dry, Black, 304 (0% moisture)",MEDIUM,LOW,HIGH,HIGH,HIGH,HIGH,LOW,203.0,5.52,196.0,1620.0,,3.65,LOW
"Beans, Dry, Black, 305 (0% moisture)",MEDIUM,LOW,HIGH,HIGH,HIGH,HIGH,LOW,188.0,5.62,182.0,1650.0,,3.54,LOW
"Beans, Dry, Black, 310 (0% moisture)",MEDIUM,LOW,HIGH,HIGH,HIGH,HIGH,LOW,230.0,4.95,171.0,1730.0,,3.96,LOW
"Beans, Dry, Black, 314 (0% moisture)",MEDIUM,LOW,HIGH,HIGH,HIGH,HIGH,LOW,131.0,4.8,175.0,1660.0,,3.73,LOW
"Beans, Dry, Black, 317 (0% moisture)",MEDIUM,LOW,HIGH,HIGH,HIGH,HIGH,LOW,130.0,4.61,169.0,1430.0,,3.17,LOW
"Beans, Dry, Black, 318 (0% moisture)",MEDIUM,LOW,HIGH,HIGH,HIGH,HIGH,LOW,199.0,4.77,168.0,1560.0,,3.51,LOW
"Beans, Dry, Black, 331 (0% moisture)",MEDIUM,LOW,HIGH,HIGH,HIGH,HIGH,LOW,167.0,5.59,154.0,1540.0,,3.24,LOW
"Beans, Dry, Black, 348 (0% moisture)",MEDIUM,LOW,HIGH,HIGH,HIGH,HIGH,LOW,148.0,5.56,178.0,1620.0,,3.16,LOW
"Beans, Dry, Black, 395 (0% moisture)",MEDIUM,LOW,HIGH,HIGH,HIGH,MEDIUM,LOW,173.0,4.25,191.0,1490.0,,2.85,LOW
"Beans, Dry, Black, 424 (0% moisture)",MEDIUM,LOW,HIGH,HIGH,HIGH,HIGH,LOW,201.0,4.94,182.0,1720.0,,3.65,LOW
"Beans, Dry, Black, 472 (0% moisture)",MEDIUM,LOW,HIGH,HIGH,HIGH,HIGH,LOW,194.0,5.79,170.0,1590.0,,3.6,LOW
"Beans, Dry, Black, 522 (0% moisture)",MEDIUM,LOW,HIGH,HIGH,HIGH,HIGH,LOW,230.0,4.18,165.0,1510.0,,3.66,LOW
"Beans, Dry, Black, 526 (0% moisture)",MEDIUM,LOW,HIGH,HIGH,HIGH,HIGH,LOW,190.0,5.28,164.0,1480.0,,3.13,LOW
"Beans, Dry, Black, 528 (0% moisture)",MEDIUM,LOW,HIGH,HIGH,HIGH,HIGH,LOW,223.0,4.9,186.0,1430.0,,3.89,LOW
"Beans, Dry, Black, 529 (0% moisture)",MEDIUM,LOW,HIGH,HIGH,HIGH,HIGH,LOW,165.0,4.68,184.0,1440.0,,3.56,LOW
"Beans, Dry, Black, 531 (0% moisture)",MEDIUM,LOW,HIGH,HIGH,HIGH,HIGH,LOW,126.0,4.63,175.0,1560.0,,3.32,LOW
"Beans, Dry, Black, 533 (0% moisture)",MEDIUM,LOW,HIGH,HIGH,HIGH,HIGH,LOW,154.0,4.22,158.0,1580.0,,3.14,LOW
"Beans, Dry, Black, 534 (0% moisture)",MEDIUM,LOW,HIGH,HIGH,HIGH,HIGH,LOW,133.0,4.54,170.0,1570.0,,3.36,LOW
"Beans, Dry, Black, 536 (0% moisture)",MEDIUM,LOW,HIGH,HIGH,HIGH,HIGH,LOW,202.0,4.63,156.0,1530.0,,3.23,LOW
"Beans, Dry, Black, 537 (0% moisture)",MEDIUM,LOW,HIGH,HIGH,HIGH,HIGH,LOW,215.0,4.16,172.0,1610.0,,3.34,LOW
"Beans, Dry, Black, 542 (0% moisture)",MEDIUM,LOW,HIGH,HIGH,HIGH,HIGH,LOW,199.0,4.63,174.0,1550.0,,3.31,LOW
"Beans, Dry, Black, 545 (0% moisture)",MEDIUM,LOW,HIGH,HIGH,HIGH,HIGH,LOW,229.0,5.37,172.0,1520.0,,3.63,LOW
"Beans, Dry, Black, 547 (0% moisture)",MEDIUM,LOW,HIGH,HIGH,HIGH,HIGH,LOW,173.0,4.2,181.0,1410.0,,3.35,LOW
"Beans, Dry, Black, 550 (0% moisture)",MEDIUM,LOW,HIGH,HIGH,HIGH,HIGH,LOW,232.0,4.74,181.0,1630.0,,3.48,LOW
"Beans, Dry, Black, 552 (0% moisture)",MEDIUM,LOW,HIGH,HIGH,HIGH,HIGH,LOW,262.0,6.7,194.0,1650.0,,3.98,LOW
"Beans, Dry, Black, 553 (0% moisture)",MEDIUM,LOW,HIGH,HIGH,HIGH,HIGH,LOW,168.0,5.34,195.0,1640.0,,3.53,LOW
"Beans, Dry, Black, 562 (0% moisture)",MEDIUM,LOW,HIGH,HIGH,HIGH,HIGH,LOW,169.0,3.98,193.0,1180.0,,3.03,LOW
"Beans, Dry, Black, 566 (0% moisture)",MEDIUM,LOW,HIGH,HIGH,HIGH,HIGH,LOW,142.0,3.22,194.0,1530.0,,3.05,LOW
"Beans, Dry, Black, 569 (0% moisture)",MEDIUM,LOW,HIGH,HIGH,HIGH,HIGH,LOW,173.0,4.52,162.0,1570.0,,3.02,LOW
"Beans, Dry, Black, 570 (0% moisture)",MEDIUM,LOW,HIGH,HIGH,HIGH,HIGH,LOW,149.0,4.44,188.0,1490.0,,3.86,LOW
"Beans, Dry, Black, 572 (0% moisture)",MEDIUM,LOW,HIGH,HIGH,HIGH,HIGH,LOW,227.0,4.77,196.0,1640.0,,3.75,LOW
"Beans, Dry, Black, 573 (0% moisture)",MEDIUM,LOW,HIGH,HIGH,HIGH,HIGH,LOW,120.0,4.71,161.0,1440.0,,3.59,LOW
"Beans, Dry, Black, 574 (0% moisture)",MEDIUM,LOW,HIGH,HIGH,HIGH,HIGH,LOW,214.0,5.63,178.0,1580.0,,3.4,LOW
"Beans, Dry, Black, 575 (0% moisture)",MEDIUM,LOW,HIGH,HIGH,HIGH,HIGH,LOW,260.0,4.7,200.0,1540.0,,3.6,LOW
"Beans, Dry, Black, 580 (0% moisture)",MEDIUM,LOW,HIGH,HIGH,HIGH,HIGH,LOW,152.0,4.0,167.0,1570.0,,3.2,LOW
"Beans, Dry, Black, 583 (0% moisture)",MEDIUM,LOW,HIGH,HIGH,HIGH,HIGH,LOW,168.0,4.22,178.0,1540.0,,3.51,LOW
"Beans, Dry, Black, 590 (0% moisture)",MEDIUM,LOW,HIGH,HIGH,HIGH,HIGH,LOW,220.0,4.82,168.0,1570.0,,3.02,LOW
"Beans, Dry, Black, 592 (0% moisture)",MEDIUM,LOW,HIGH,HIGH,HIGH,HIGH,LOW,256.0,5.46,193.0,1380.0,,3.54,LOW
"Beans, Dry, Black, 596 (0% moisture)",MEDIUM,LOW,HIGH,HIGH,HIGH,HIGH,LOW,250.0,4.47,187.0,1280.0,,3.45,LOW
"Beans, Dry, Black, 597 (0% moisture)",MEDIUM,LOW,HIGH,HIGH,HIGH,HIGH,LOW,187.0,3.64,171.0,1510.0,,3.35,LOW
"Beans, Dry, Black, 600 (0% moisture)",MEDIUM,LOW,HIGH,HIGH,HIGH,HIGH,LOW,235.0,5.19,186.0,1420.0,,3.88,LOW
"Beans, Dry, Black, 601 (0% moisture)",MEDIUM,LOW,HIGH,HIGH,HIGH,HIGH,LOW,173.0,5.12,190.0,1620.0,,3.65,LOW
"Beans, Dry, Black, 602 (0% moisture)",MEDIUM,LOW,HIGH,HIGH,HIGH,HIGH,LOW,175.0,4.44,188.0,1640.0,,3.39,LOW
"Beans, Dry, Black, 604 (0% moisture)",MEDIUM,LOW,HIGH,HIGH,HIGH,HIGH,LOW,130.0,4.36,176.0,1560.0,,3.86,LOW
"Beans, Dry, Black, 607 (0% moisture)",MEDIUM,LOW,HIGH,HIGH,HIGH,HIGH,LOW,200.0,4.21,182.0,1480.0,,3.31,LOW
"Beans, Dry, Black, 608 (0% moisture)",MEDIUM,LOW,HIGH,HIGH,HIGH,HIGH,LOW,191.0,3.66,172.0,1540.0,,3.26,LOW
"Beans, Dry, Black, 610 (0% moisture)",MEDIUM,LOW,HIGH,HIGH,HIGH,HIGH,LOW,199.0,4.4,218.0,1690.0,,3.89,LOW
"Beans, Dry, Black, 611 (0% moisture)",MEDIUM,LOW,HIGH,HIGH,HIGH,HIGH,LOW,218.0,4.79,176.0,1530.0,,3.5,LOW
"Beans, Dry, Black, 615 (0% moisture)",MEDIUM,LOW,HIGH,HIGH,HIGH,HIGH,LOW,209.0,4.46,169.0,1500.0,,3.54,LOW
"Beans, Dry, Black, 617 (0% moisture)",MEDIUM,LOW,HIGH,HIGH,HIGH,HIGH,LOW,205.0,3.97,170.0,1540.0,,3.52,LOW
"Beans, Dry, Black, 619 (0% moisture)",MEDIUM,LOW,HIGH,HIGH,HIGH,HIGH,LOW,136.0,3.76,184.0,1470.0,,3.07,LOW
"Beans, Dry, Black, 620 (0% moisture)",MEDIUM,LOW,HIGH,HIGH,HIGH,HIGH,LOW,193.0,4.29,195.0,1170.0,,3.04,LOW
"Beans, Dry, Black, 624 (0% moisture)",MEDIUM,LOW,HIGH,HIGH,HIGH,HIGH,LOW,142.0,3.95,175.0,1630.0,,3.98,LOW
"Beans, Dry, Black, 625 (0% moisture)",MEDIUM,LOW,HIGH,HIGH,HIGH,HIGH,LOW,133.0,4.94,179.0,1290.0,,3.83,LOW
"Beans, Dry, Black, 707 (0% moisture)",MEDIUM,LOW,HIGH,HIGH,HIGH,MEDIUM,LOW,219.0,3.84,228.0,1500.0,,2.86,LOW
"Beans, Dry, Black, 737 (0% moisture)",MEDIUM,LOW,HIGH,HIGH,HIGH,HIGH,LOW,133.0,4.65,174.0,1580.0,,3.21,LOW
"Beans, Dry, Black, 745 (0% moisture)",MEDIUM,LOW,HIGH,HIGH,HIGH,HIGH,LOW,173.0,5.31,165.0,1570.0,,3.65,LOW
"Beans, Dry, Black, 753 (0% moisture)",MEDIUM,LOW,HIGH,HIGH,HIGH,HIGH,LOW,200.0,5.96,179.0,1420.0,,4.09,LOW
"Beans, Dry, Black, 767 (0% moisture)",MEDIUM,LOW,HIGH,HIGH,HIGH,HIGH,LOW,213.0,4.44,205.0,1620.0,,3.27,LOW
"Beans, Dry, Brown (0% moisture)",MEDIUM,LOW,HIGH,HIGH,HIGH,HIGH,LOW,158.0,4.7,158.0,1580.0,,3.71,LOW
"Beans, Dry, Brown, 351 (0% moisture)",MEDIUM,LOW,HIGH,HIGH,HIGH,HIGH,LOW,160.0,4.63,158.0,1600.0,,3.63,LOW
"Beans, Dry, Brown, 679 (0% moisture)",MEDIUM,LOW,HIGH,HIGH,HIGH,HIGH,LOW,157.0,4.77,157.0,1560.0,,3.8,LOW
"Beans, Dry, Carioca (0% moisture)",MEDIUM,LOW,HIGH,HIGH,HIGH,HIGH,LOW,194.0,5.87,179.0,1390.0,,3.36,LOW
"Beans, Dry, Carioca, 11F-8001 (0% moisture)",MEDIUM,LOW,UNKNOWN,HIGH,HIGH,HIGH,LOW,177.0,,200.0,1620.0,,3.51,LOW
"Beans, Dry, Carioca, 11F-8104 (0% moisture)",MEDIUM,LOW,HIGH,HIGH,HIGH,HIGH,LOW,204.0,7.74,187.0,1060.0,,3.56,LOW
"Beans, Dry, Carioca, 217 (0% moisture)",MEDIUM,LOW,HIGH,HIGH,HIGH,MEDIUM,LOW,198.0,4.75,165.0,1500.0,,2.94,LOW
"Beans, Dry, Carioca, 622 (0% moisture)",MEDIUM,LOW,HIGH,HIGH,HIGH,HIGH,LOW,195.0,5.1,165.0,1360.0,,3.44,LOW
"Beans, Dry, Cranberry (0% moisture)",MEDIUM,LOW,HIGH,HIGH,HIGH,HIGH,LOW,152.0,5.26,166.0,1340.0,,3.03,MEDIUM
"Beans, Dry, Cranberry, 11F-8022 (0% moisture)",MEDIUM,LOW,HIGH,HIGH,HIGH,MEDIUM,LOW,161.0,6.73,164.0,1350.0,,2.93,MEDIUM
"Beans, Dry, Cranberry, 11F-8131 (0% moisture)",MEDIUM,LOW,HIGH,HIGH,HIGH,MEDIUM,LOW,140.0,6.57,170.0,1420.0,,2.91,MEDIUM
"Beans, Dry, Cranberry, 378 (0% moisture)",MEDIUM,LOW,HIGH,HIGH,HIGH,HIGH,LOW,149.0,3.89,164.0,1440.0,,3.01,MEDIUM
"Beans, Dry, Cranberry, 750 (0% moisture)",MEDIUM,LOW,HIGH,HIGH,HIGH,HIGH,LOW,160.0,3.85,164.0,1150.0,,3.26,MEDIUM
"Beans, Dry, Dark Red Kidney (0% moisture)",LOW,LOW,HIGH,HIGH,HIGH,HIGH,LOW,98.0,6.58,164.0,1490.0,,3.29,LOW
"Beans, Dry, Dark Red Kidney, 11F-8040 (0% moisture)",LOW,LOW,HIGH,HIGH,HIGH,HIGH,LOW,94.0,6.75,171.0,1470.0,,3.33,LOW
"Beans, Dry, Dark Red Kidney, 11F-8074 (0% moisture)",LOW,LOW,HIGH,HIGH,HIGH,HIGH,LOW,98.0,6.93,162.0,1400.0,,3.65,LOW
"Beans, Dry, Dark Red Kidney, 11F-8130 (0% moisture)",MEDIUM,LOW,HIGH,HIGH,HIGH,HIGH,LOW,103.0,6.07,154.0,1510.0,,3.02,LOW
"Beans, Dry, Dark Red Kidney, 11F-8132 (0% moisture)",LOW,LOW,HIGH,HIGH,HIGH,HIGH,LOW,99.0,6.58,169.0,1580.0,,3.15,LOW
"Beans, Dry, Flor de Mayo (0% moisture)",MEDIUM,LOW,HIGH,HIGH,HIGH,HIGH,LOW,180.0,4.47,182.0,1490.0,,3.42,LOW
"Beans, Dry, Flor de Mayo, 443 (0% moisture)",MEDIUM,LOW,HIGH,HIGH,HIGH,HIGH,LOW,182.0,4.65,189.0,1520.0,,3.49,LOW
"Beans, Dry, Flor de Mayo, 823 (0% moisture)",MEDIUM,LOW,HIGH,HIGH,HIGH,HIGH,LOW,179.0,4.29,174.0,1460.0,,3.35,LOW
"Beans, Dry, Great Northern (0% moisture)",MEDIUM,LOW,HIGH,HIGH,HIGH,HIGH,LOW,192.0,5.48,176.0,1520.0,,3.45,LOW
"Beans, Dry, Great Northern, 11F-8008 (0% moisture)",MEDIUM,LOW,HIGH,HIGH,HIGH,MEDIUM,LOW,157.0,7.11,174.0,1630.0,,2.94,LOW
"Beans, Dry, Great Northern, 11F-8010 (0% moisture)",MEDIUM,LOW,HIGH,HIGH,HIGH,HIGH,LOW,148.0,6.3,179.0,1500.0,,3.26,LOW
"Beans, Dry, Great Northern, 11F-8025 (0% moisture)",MEDIUM,LOW,HIGH,HIGH,HIGH,HIGH,LOW,150.0,7.9,163.0,1460.0,,3.91,LOW
"Beans, Dry, Great Northern, 11F-8051 (0% moisture)",MEDIUM,LOW,HIGH,HIGH,HIGH,HIGH,LOW,197.0,6.69,153.0,1070.0,,3.2,LOW
"Beans, Dry, Great Northern, 11F-8052 (0% moisture)",MEDIUM,LOW,HIGH,HIGH,HIGH,HIGH,LOW,243.0,7.26,180.0,1360.0,,3.6,LOW
"Beans, Dry, Great Northern, 11F-8053 (0% moisture)",MEDIUM,LOW,HIGH,HIGH,HIGH,HIGH,LOW,180.0,7.04,172.0,1470.0,,3.58,LOW
"Beans, Dry, Great Northern, 11F-8060 (0% moisture)",MEDIUM,LOW,HIGH,HIGH,HIGH,HIGH,LOW,176.0,6.1,193.0,1410.0,,3.98,LOW
"Beans, Dry, Great Northern, 11F-8063 (0% moisture)",MEDIUM,LOW,HIGH,HIGH,HIGH,HIGH,LOW,187.0,6.89,195.0,1450.0,,3.5,LOW
"Beans, Dry, Great Northern, 11F-8067 (0% moisture)",MEDIUM,LOW,HIGH,HIGH,HIGH,HIGH,LOW,183.0,7.34,188.0,1370.0,,4.11,LOW
"Beans, Dry, Great Northern, 11F-8068 (0% moisture)",MEDIUM,LOW,HIGH,HIGH,HIGH,HIGH,LOW,154.0,7.16,195.0,1390.0,,3.37,LOW
"Beans, Dry, Great Northern, 11F-8077 (0% moisture)",MEDIUM,LOW,HIGH,HIGH,HIGH,HIGH,LOW,237.0,7.49,199.0,1430.0,,3.62,LOW
"Beans, Dry, Great Northern, 11F-8085 (0% moisture)",MEDIUM,LOW,HIGH,HIGH,HIGH,HIGH,LOW,160.0,7.02,187.0,1390.0,,3.76,LOW
"Beans, Dry, Great Northern, 11F-8087 (0% moisture)",MEDIUM,LOW,HIGH,HIGH,HIGH,HIGH,LOW,186.0,7.17,166.0,1360.0,,3.54,LOW
"Beans, Dry, Great Northern, 11F-8090 (0% moisture)",MEDIUM,LOW,HIGH,HIGH,HIGH,HIGH,LOW,137.0,5.42,175.0,1320.0,,3.39,LOW
"Beans, Dry, Great Northern, 11F-8092 (0% moisture)",MEDIUM,LOW,HIGH,HIGH,HIGH,HIGH,LOW,166.0,6.76,162.0,1440.0,,3.72,LOW
"Beans, Dry, Great Northern, 11F-8093 (0% moisture)",MEDIUM,LOW,HIGH,HIGH,HIGH,HIGH,LOW,192.0,7.35,184.0,1340.0,,3.4,LOW
"Beans, Dry, Great Northern, 11F-8097 (0% moisture)",MEDIUM,LOW,HIGH,HIGH,HIGH,HIGH,LOW,143.0,6.34,158.0,1060.0,,3.84,LOW
"Beans, Dry, Great Northern, 11F-8110 (0% moisture)",MEDIUM,LOW,HIGH,HIGH,HIGH,HIGH,LOW,197.0,7.01,183.0,1510.0,,3.0,LOW
"Beans, Dry, Great Northern, 11F-8113 (0% moisture)",MEDIUM,LOW,HIGH,HIGH,HIGH,MEDIUM,LOW,170.0,6.62,152.0,1530.0,,2.64,LOW
"Beans, Dry, Great Northern, 11F-8125 (0% moisture)",MEDIUM,LOW,HIGH,HIGH,HIGH,HIGH,LOW,172.0,6.95,187.0,1540.0,,3.33,LOW
"Beans, Dry, Great Northern, 11F-8128 (0% moisture)",MEDIUM,LOW,HIGH,HIGH,HIGH,HIGH,LOW,214.0,6.52,196.0,1540.0,,3.02,LOW
"Beans, Dry, Great Northern, 11F-8134 (0% moisture)",MEDIUM,LOW,HIGH,HIGH,HIGH,HIGH,LOW,158.0,6.45,176.0,1530.0,,3.16,LOW
"Beans, Dry, Great Northern, 11F-8138 (0% moisture)",MEDIUM,LOW,HIGH,HIGH,HIGH,HIGH,LOW,189.0,6.82,167.0,1560.0,,3.18,LOW
"Beans, Dry, Great Northern, 11F-8139 (0% moisture)",MEDIUM,LOW,HIGH,HIGH,HIGH,HIGH,LOW,247.0,6.93,198.0,1550.0,,3.12,LOW
"Beans, Dry, Great Northern, 11F-8141 (0% moisture)",MEDIUM,LOW,HIGH,HIGH,HIGH,HIGH,LOW,148.0,7.82,154.0,1520.0,,3.19,LOW
"Beans, Dry, Great Northern, 11F-8145 (0% moisture)",MEDIUM,LOW,HIGH,HIGH,HIGH,MEDIUM,LOW,183.0,6.6,150.0,1390.0,,2.58,LOW
"Beans, Dry, Great Northern, 11F-8152 (0% moisture)",MEDIUM,LOW,HIGH,HIGH,HIGH,HIGH,LOW,144.0,5.95,184.0,1490.0,,3.06,LOW
"Beans, Dry, Great Northern, 11F-8155 (0% moisture)",MEDIUM,LOW,HIGH,HIGH,HIGH,MEDIUM,LOW,192.0,6.84,166.0,1500.0,,2.81,LOW
"Beans, Dry, Great Northern, 11F-8163 (0% moisture)",MEDIUM,LOW,HIGH,HIGH,HIGH,HIGH,LOW,183.0,6.85,193.0,1550.0,,3.24,LOW
"Beans, Dry, Great Northern, 11F-8171 (0% moisture)",MEDIUM,LOW,HIGH,HIGH,HIGH,MEDIUM,LOW,171.0,7.16,189.0,1700.0,,2.85,LOW
"Beans, Dry, Great Northern, 11F-8172 (0% moisture)",MEDIUM,LOW,HIGH,HIGH,HIGH,HIGH,LOW,165.0,7.71,189.0,1540.0,,3.09,LOW
"Beans, Dry, Great Northern, 11F-8184 (0% moisture)",MEDIUM,LOW,HIGH,HIGH,HIGH,HIGH,LOW,157.0,5.42,171.0,1460.0,,3.25,LOW
"Beans, Dry, Great Northern, 11F-8185 (0% moisture)",MEDIUM,LOW,HIGH,HIGH,HIGH,HIGH,LOW,144.0,6.23,184.0,1580.0,,3.42,LOW
"Beans, Dry, Great Northern, 11F-8192 (0% moisture)",MEDIUM,LOW,HIGH,HIGH,HIGH,HIGH,LOW,160.0,7.3,180.0,1490.0,,3.21,LOW
"Beans, Dry, Great Northern, 11F-8194 (0% moisture)",MEDIUM,LOW,HIGH,HIGH,HIGH,HIGH,LOW,114.0,6.11,167.0,1440.0,,3.29,LOW
"Beans, Dry, Great Northern, 235 (0% moisture)",MEDIUM,LOW,HIGH,HIGH,HIGH,HIGH,LOW,171.0,5.78,168.0,1580.0,,3.34,LOW
"Beans, Dry, Great Northern, 293 (0% moisture)",MEDIUM,LOW,HIGH,HIGH,HIGH,HIGH,LOW,191.0,3.96,172.0,1520.0,,3.55,LOW
"Beans, Dry, Great Northern, 306 (0% moisture)",MEDIUM,LOW,HIGH,HIGH,HIGH,HIGH,LOW,179.0,5.95,151.0,1520.0,,3.38,LOW
"Beans, Dry, Great Northern, 315 (0% moisture)",MEDIUM,LOW,HIGH,HIGH,HIGH,HIGH,LOW,151.0,6.51,158.0,1640.0,,3.38,LOW
"Beans, Dry, Great Northern, 327 (0% moisture)",MEDIUM,LOW,HIGH,HIGH,HIGH,HIGH,LOW,152.0,4.7,185.0,1570.0,,3.28,LOW
"Beans, Dry, Great Northern, 335 (0% moisture)",MEDIUM,LOW,HIGH,HIGH,HIGH,HIGH,LOW,208.0,4.49,188.0,1670.0,,3.27,LOW
"Beans, Dry, Great Northern, 337 (0% moisture)",MEDIUM,LOW,HIGH,HIGH,HIGH,HIGH,LOW,171.0,4.65,162.0,1510.0,,3.01,LOW
"Beans, Dry, Great Northern, 339 (0% moisture)",MEDIUM,LOW,HIGH,HIGH,HIGH,HIGH,LOW,198.0,5.01,173.0,1500.0,,3.33,LOW
"Beans, Dry, Great Northern, 341 (0% moisture)",MEDIUM,LOW,HIGH,HIGH,HIGH,HIGH,LOW,206.0,4.1,195.0,1640.0,,3.2,LOW
"Beans, Dry, Great Northern, 346 (0% moisture)",MEDIUM,LOW,HIGH,HIGH,HIGH,HIGH,LOW,181.0,4.52,162.0,1410.0,,3.34,LOW
"Beans, Dry, Great Northern, 350 (0% moisture)",MEDIUM,LOW,HIGH,HIGH,HIGH,HIGH,LOW,166.0,6.88,162.0,1470.0,,3.29,LOW
"Beans, Dry, Great Northern, 363 (0% moisture)",MEDIUM,LOW,HIGH,HIGH,HIGH,HIGH,LOW,211.0,5.32,156.0,1550.0,,3.66,LOW
"Beans, Dry, Great Northern, 364 (0% moisture)",MEDIUM,LOW,HIGH,HIGH,HIGH,HIGH,LOW,170.0,3.31,178.0,1740.0,,3.22,LOW
"Beans, Dry, Great Northern, 375 (0% moisture)",MEDIUM,LOW,HIGH,HIGH,HIGH,HIGH,LOW,195.0,5.13,187.0,1520.0,,3.45,LOW
"Beans, Dry, Great Northern, 379 (0% moisture)",MEDIUM,LOW,HIGH,HIGH,HIGH,HIGH,LOW,235.0,3.76,202.0,1690.0,,3.51,LOW
"Beans, Dry, Great Northern, 380 (0% moisture)",MEDIUM,LOW,HIGH,HIGH,HIGH,HIGH,LOW,239.0,4.66,169.0,1480.0,,3.13,LOW
"Beans, Dry, Great Northern, 384 (0% moisture)",MEDIUM,LOW,HIGH,HIGH,HIGH,HIGH,LOW,217.0,4.6,164.0,1500.0,,3.2,LOW
"Beans, Dry, Great Northern, 385 (0% moisture)",MEDIUM,LOW,HIGH,HIGH,HIGH,HIGH,LOW,226.0,4.73,151.0,1520.0,,3.31,LOW
"Beans, Dry, Great Northern, 387 (0% moisture)",MEDIUM,LOW,HIGH,HIGH,HIGH,HIGH,LOW,146.0,4.39,175.0,1690.0,,3.26,LOW
"Beans, Dry, Great Northern, 392 (0% moisture)",MEDIUM,LOW,HIGH,HIGH,HIGH,HIGH,LOW,232.0,5.38,163.0,1510.0,,3.28,LOW
"Beans, Dry, Great Northern, 396 (0% moisture)",MEDIUM,LOW,HIGH,HIGH,HIGH,HIGH,LOW,204.0,4.6,154.0,1500.0,,3.12,LOW
"Beans, Dry, Great Northern, 401 (0% moisture)",MEDIUM,LOW,HIGH,HIGH,HIGH,HIGH,LOW,232.0,5.63,191.0,1700.0,,3.92,LOW
"Beans, Dry, Great Northern, 402 (0% moisture)",MEDIUM,LOW,HIGH,HIGH,HIGH,HIGH,LOW,164.0,4.73,187.0,1570.0,,3.51,LOW
"Beans, Dry, Great Northern, 406 (0% moisture)",MEDIUM,LOW,HIGH,HIGH,HIGH,HIGH,LOW,207.0,4.09,189.0,1580.0,,3.6,LOW
"Beans, Dry, Great Northern, 407 (0% moisture)",MEDIUM,LOW,HIGH,HIGH,HIGH,HIGH,LOW,162.0,5.3,168.0,1540.0,,4.02,LOW
"Beans, Dry, Great Northern, 412 (0% moisture)",MEDIUM,LOW,HIGH,HIGH,HIGH,HIGH,LOW,196.0,3.44,179.0,1610.0,,3.36,LOW
"Beans, Dry, Great Northern, 415 (0% moisture)",MEDIUM,LOW,HIGH,HIGH,HIGH,HIGH,LOW,205.0,4.57,178.0,1690.0,,3.58,LOW
"Beans, Dry, Great Northern, 418 (0% moisture)",MEDIUM,LOW,HIGH,HIGH,HIGH,HIGH,LOW,182.0,5.09,176.0,1720.0,,3.69,LOW
"Beans, Dry, Great Northern, 423 (0% moisture)",MEDIUM,LOW,HIGH,HIGH,HIGH,HIGH,LOW,224.0,4.93,177.0,1510.0,,3.07,LOW
"Beans, Dry, Great Northern, 429 (0% moisture)",MEDIUM,LOW,HIGH,HIGH,HIGH,HIGH,LOW,214.0,5.82,175.0,1490.0,,3.62,LOW
"Beans, Dry, Great Northern, 434 (0% moisture)",MEDIUM,LOW,HIGH,HIGH,HIGH,HIGH,LOW,189.0,4.3,171.0,1530.0,,3.68,LOW
"Beans, Dry, Great Northern, 438 (0% moisture)",MEDIUM,LOW,HIGH,HIGH,HIGH,HIGH,LOW,171.0,4.41,166.0,1520.0,,3.64,LOW
"Beans, Dry, Great Northern, 441 (0% moisture)",MEDIUM,LOW,HIGH,HIGH,HIGH,HIGH,LOW,218.0,4.74,189.0,1580.0,,3.21,LOW
"Beans, Dry, Great Northern, 444 (0% moisture)",MEDIUM,LOW,HIGH,HIGH,HIGH,HIGH,LOW,271.0,4.74,186.0,1540.0,,3.1,LOW
"Beans, Dry, Great Northern, 446 (0% moisture)",MEDIUM,LOW,HIGH,HIGH,HIGH,HIGH,LOW,163.0,6.25,164.0,1540.0,,3.8,LOW
"Beans, Dry, Great Northern, 447 (0% moisture)",MEDIUM,LOW,HIGH,HIGH,HIGH,HIGH,LOW,231.0,5.52,191.0,1580.0,,3.51,LOW
"Beans, Dry, Great Northern, 449 (0% moisture)",MEDIUM,LOW,HIGH,HIGH,HIGH,HIGH,LOW,126.0,4.14,162.0,1530.0,,3.29,LOW
"Beans, Dry, Great Northern, 453 (0% moisture)",MEDIUM,LOW,HIGH,HIGH,HIGH,HIGH,LOW,233.0,5.39,198.0,1800.0,,3.6,LOW
"Beans, Dry, Great Northern, 457 (0% moisture)",MEDIUM,LOW,HIGH,HIGH,HIGH,HIGH,LOW,201.0,4.23,172.0,1600.0,,3.91,LOW
"Beans, Dry, Great Northern, 458 (0% moisture)",MEDIUM,LOW,HIGH,HIGH,HIGH,HIGH,LOW,243.0,5.48,194.0,1590.0,,4.09,LOW
"Beans, Dry, Great Northern, 460 (0% moisture)",MEDIUM,LOW,HIGH,HIGH,HIGH,HIGH,LOW,235.0,5.3,157.0,1440.0,,3.49,LOW
"Beans, Dry, Great Northern, 467 (0% moisture)",MEDIUM,LOW,HIGH,HIGH,HIGH,HIGH,LOW,229.0,4.85,170.0,1520.0,,3.43,LOW
"Beans, Dry, Great Northern, 474 (0% moisture)",MEDIUM,LOW,HIGH,HIGH,HIGH,MEDIUM,LOW,198.0,5.23,170.0,1440.0,,2.89,LOW
"Beans, Dry, Great Northern, 485 (0% moisture)",MEDIUM,LOW,HIGH,HIGH,HIGH,HIGH,LOW,239.0,5.05,158.0,1590.0,,3.51,LOW
"Beans, Dry, Great Northern, 495 (0% moisture)",MEDIUM,LOW,HIGH,HIGH,HIGH,HIGH,LOW,166.0,5.75,178.0,1680.0,,4.06,LOW
"Beans, Dry, Great Northern, 501 (0% moisture)",MEDIUM,LOW,HIGH,HIGH,HIGH,HIGH,LOW,208.0,5.2,172.0,1270.0,,3.22,LOW
"Beans, Dry, Great Northern, 507 (0% moisture)",MEDIUM,LOW,UNKNOWN,HIGH,HIGH,HIGH,LOW,271.0,,191.0,1710.0,,4.19,LOW
"Beans, Dry, Great Northern, 514 (0% moisture)",MEDIUM,LOW,HIGH,HIGH,HIGH,HIGH,LOW,213.0,4.96,148.0,1420.0,,3.41,LOW
"Beans, Dry, Great Northern, 518 (0% moisture)",MEDIUM,LOW,HIGH,HIGH,HIGH,HIGH,LOW,204.0,4.34,165.0,1580.0,,3.79,LOW
"Beans, Dry, Great Northern, 519 (0% moisture)",MEDIUM,LOW,HIGH,HIGH,HIGH,HIGH,LOW,175.0,5.14,184.0,1690.0,,3.58,LOW
"Beans, Dry, Great Northern, 579 (0% moisture)",MEDIUM,LOW,HIGH,HIGH,HIGH,HIGH,LOW,154.0,5.48,163.0,1540.0,,3.45,LOW
"Beans, Dry, Great Northern, 581 (0% moisture)",MEDIUM,LOW,HIGH,HIGH,HIGH,HIGH,LOW,146.0,6.51,158.0,1520.0,,3.2,LOW
"Beans, Dry, Great Northern, 594 (0% moisture)",MEDIUM,LOW,HIGH,HIGH,HIGH,HIGH,LOW,175.0,5.29,152.0,1490.0,,3.1,LOW
"Beans, Dry, Great Northern, 616 (0% moisture)",MEDIUM,LOW,HIGH,HIGH,HIGH,HIGH,LOW,195.0,3.81,201.0,1580.0,,3.68,LOW
"Beans, Dry, Great Northern, 637 (0% moisture)",MEDIUM,LOW,HIGH,HIGH,HIGH,HIGH,LOW,170.0,4.67,178.0,1500.0,,3.17,LOW
"Beans, Dry, Great Northern, 638 (0% moisture)",MEDIUM,LOW,HIGH,HIGH,HIGH,MEDIUM,LOW,211.0,5.29,167.0,1350.0,,2.87,LOW
"Beans, Dry, Great Northern, 644 (0% moisture)",MEDIUM,LOW,HIGH,HIGH,HIGH,MEDIUM,LOW,171.0,4.48,152.0,1430.0,,2.93,LOW
"Beans, Dry, Great Northern, 648 (0% moisture)",MEDIUM,LOW,HIGH,HIGH,HIGH,MEDIUM,LOW,193.0,4.6,181.0,1480.0,,2.88,LOW
"Beans, Dry, Great Northern, 651 (0% moisture)",MEDIUM,LOW,HIGH,HIGH,HIGH,MEDIUM,LOW,200.0,4.86,168.0,1390.0,,2.76,LOW
"Beans, Dry, Great Northern, 655 (0% moisture)",MEDIUM,LOW,HIGH,HIGH,HIGH,HIGH,LOW,190.0,4.94,207.0,1670.0,,3.55,LOW
"Beans, Dry, Great Northern, 656 (0% moisture)",MEDIUM,LOW,HIGH,HIGH,HIGH,MEDIUM,LOW,154.0,4.54,161.0,1460.0,,2.99,LOW
"Beans, Dry, Great Northern, 658 (0% moisture)",MEDIUM,LOW,HIGH,HIGH,HIGH,MEDIUM,LOW,245.0,4.88,152.0,1350.0,,2.79,LOW
"Beans, Dry, Great Northern, 662 (0% moisture)",MEDIUM,LOW,HIGH,HIGH,HIGH,HIGH,LOW,209.0,5.85,183.0,1540.0,,3.4,LOW
"Beans, Dry, Great Northern, 666 (0% moisture)",MEDIUM,LOW,HIGH,HIGH,HIGH,HIGH,LOW,181.0,4.03,164.0,1460.0,,3.28,LOW
"Beans, Dry, Great Northern, 672 (0% moisture)",MEDIUM,LOW,HIGH,HIGH,HIGH,HIGH,LOW,225.0,5.25,157.0,1390.0,,3.12,LOW
"Beans, Dry, Great Northern, 675 (0% moisture)",MEDIUM,LOW,HIGH,HIGH,HIGH,HIGH,LOW,165.0,4.45,184.0,1450.0,,3.48,LOW
"Beans, Dry, Great Northern, 680 (0% moisture)",MEDIUM,LOW,HIGH,HIGH,HIGH,HIGH,LOW,157.0,4.6,183.0,1570.0,,3.35,LOW
"Beans, Dry, Great Northern, 683 (0% moisture)",MEDIUM,LOW,HIGH,HIGH,HIGH,HIGH,LOW,172.0,3.82,194.0,1670.0,,3.4,LOW
"Beans, Dry, Great Northern, 688 (0% moisture)",MEDIUM,LOW,HIGH,HIGH,HIGH,HIGH,LOW,198.0,3.9,179.0,1460.0,,3.33,LOW
"Beans, Dry, Great Northern, 689 (0% moisture)",MEDIUM,LOW,HIGH,HIGH,HIGH,HIGH,LOW,181.0,3.29,170.0,1460.0,,3.22,LOW
"Beans, Dry, Great Northern, 693 (0% moisture)",MEDIUM,LOW,HIGH,HIGH,HIGH,HIGH,LOW,232.0,6.04,202.0,1460.0,,4.12,LOW
"Beans, Dry, Great Northern, 694 (0% moisture)",HIGH,LOW,HIGH,HIGH,HIGH,HIGH,LOW,308.0,5.0,206.0,1550.0,,4.12,LOW
"Beans, Dry, Great Northern, 697 (0% moisture)",MEDIUM,LOW,HIGH,HIGH,HIGH,HIGH,LOW,214.0,4.26,217.0,1680.0,,3.69,LOW
"Beans, Dry, Great Northern, 706 (0% moisture)",MEDIUM,LOW,HIGH,HIGH,HIGH,HIGH,LOW,180.0,5.24,195.0,1520.0,,4.07,LOW
"Beans, Dry, Great Northern, 713 (0% moisture)",MEDIUM,LOW,HIGH,HIGH,HIGH,HIGH,LOW,175.0,4.65,175.0,1500.0,,3.36,LOW
"Beans, Dry, Great Northern, 716 (0% moisture)",MEDIUM,LOW,HIGH,HIGH,HIGH,HIGH,LOW,174.0,5.19,189.0,1570.0,,3.91,LOW
"Beans, Dry, Great Northern, 723 (0% moisture)",MEDIUM,LOW,HIGH,HIGH,HIGH,HIGH,LOW,166.0,5.92,186.0,1520.0,,4.33,LOW
"Beans, Dry, Great Northern, 726 (0% moisture)",MEDIUM,LOW,HIGH,HIGH,HIGH,HIGH,LOW,153.0,6.25,159.0,1470.0,,3.6,LOW
"Beans, Dry, Great Northern, 730 (0% moisture)",MEDIUM,LOW,HIGH,HIGH,HIGH,HIGH,LOW,220.0,5.33,147.0,1530.0,,3.38,LOW
"Beans, Dry, Great Northern, 741 (0% moisture)",MEDIUM,LOW,HIGH,HIGH,HIGH,HIGH,LOW,131.0,5.04,188.0,1620.0,,3.98,LOW
"Beans, Dry, Great Northern, 742 (0% moisture)",MEDIUM,LOW,HIGH,HIGH,HIGH,HIGH,LOW,151.0,5.74,175.0,1610.0,,3.86,LOW
"Beans, Dry, Great Northern, 748 (0% moisture)",MEDIUM,LOW,HIGH,HIGH,HIGH,HIGH,LOW,235.0,4.69,161.0,1490.0,,3.15,LOW
"Beans, Dry, Great Northern, 762 (0% moisture)",MEDIUM,LOW,HIGH,HIGH,HIGH,HIGH,LOW,193.0,5.69,189.0,1610.0,,4.25,LOW
"Beans, Dry, Great Northern, 763 (0% moisture)",MEDIUM,LOW,HIGH,HIGH,HIGH,HIGH,LOW,225.0,4.26,203.0,1600.0,,3.95,LOW
"Beans, Dry, Great Northern, 766 (0% moisture)",MEDIUM,LOW,HIGH,HIGH,HIGH,HIGH,LOW,166.0,4.69,174.0,1540.0,,3.37,LOW
"Beans, Dry, Great Northern, 768 (0% moisture)",MEDIUM,LOW,HIGH,HIGH,HIGH,HIGH,LOW,160.0,4.5,186.0,1570.0,,3.41,LOW
"Beans, Dry, Great Northern, 777 (0% moisture)",MEDIUM,LOW,HIGH,HIGH,HIGH,HIGH,LOW,230.0,5.1,195.0,1560.0,,3.97,LOW
"Beans, Dry, Great Northern, 778 (0% moisture)",MEDIUM,LOW,HIGH,HIGH,HIGH,HIGH,LOW,201.0,5.38,152.0,1470.0,,3.34,LOW
"Beans, Dry, Great Northern, 780 (0% moisture)",MEDIUM,LOW,HIGH,HIGH,HIGH,HIGH,LOW,214.0,4.32,167.0,1470.0,,3.76,LOW
"Beans, Dry, Great Northern, 788 (0% moisture)",MEDIUM,LOW,HIGH,HIGH,HIGH,HIGH,LOW,256.0,5.02,156.0,1540.0,,3.23,LOW
"Beans, Dry, Great Northern, 789 (0% moisture)",MEDIUM,LOW,HIGH,HIGH,HIGH,HIGH,LOW,229.0,5.38,175.0,1520.0,,3.32,LOW
"Beans, Dry, Great Northern, 790 (0% moisture)",MEDIUM,LOW,HIGH,HIGH,HIGH,MEDIUM,LOW,180.0,5.16,169.0,1490.0,,2.98,LOW
"Beans, Dry, Great Northern, 792 (0% moisture)",MEDIUM,LOW,HIGH,HIGH,HIGH,HIGH,LOW,210.0,4.92,153.0,1490.0,,3.6,LOW
"Beans, Dry, Great Northern, 800 (0% moisture)",MEDIUM,LOW,HIGH,HIGH,HIGH,HIGH,LOW,273.0,5.68,167.0,1540.0,,3.87,LOW
"Beans, Dry, Great Northern, 818 (0% moisture)",MEDIUM,LOW,HIGH,HIGH,HIGH,HIGH,LOW,207.0,4.28,177.0,1530.0,,3.94,LOW
"Beans, Dry, Great Northern, 822 (0% moisture)",MEDIUM,LOW,HIGH,HIGH,HIGH,HIGH,LOW,187.0,4.65,178.0,1590.0,,3.47,LOW
"Beans, Dry, Great Northern, 824 (0% moisture)",MEDIUM,LOW,HIGH,HIGH,HIGH,HIGH,LOW,258.0,5.55,179.0,1540.0,,3.83,LOW
"Beans, Dry, Great Northern, 826 (0% moisture)",MEDIUM,LOW,HIGH,HIGH,HIGH,HIGH,LOW,231.0,6.45,184.0,1640.0,,4.18,LOW
"Beans, Dry, Great Northern, 827 (0% moisture)",MEDIUM,LOW,HIGH,HIGH,HIGH,HIGH,LOW,186.0,6.24,196.0,1440.0,,4.25,LOW
"Beans, Dry, Great Northern, 828 (0% moisture)",MEDIUM,LOW,HIGH,HIGH,HIGH,HIGH,LOW,172.0,7.52,163.0,1490.0,,3.84,LOW
"Beans, Dry, Light Red Kidney (0% moisture)",MEDIUM,LOW,HIGH,HIGH,HIGH,HIGH,LOW,103.0,6.95,158.0,1540.0,,3.5,LOW
"Beans, Dry, Light Red Kidney, 11F-8186 (0% moisture)",MEDIUM,LOW,HIGH,HIGH,HIGH,HIGH,LOW,103.0,6.95,158.0,1540.0,,3.5,LOW
"Beans, Dry, Light Tan (0% moisture)",LOW,LOW,HIGH,HIGH,HIGH,HIGH,LOW,98.0,7.29,178.0,1230.0,,3.23,LOW
"Beans, Dry, Light Tan, 11F-8086 (0% moisture)",LOW,LOW,HIGH,HIGH,HIGH,HIGH,LOW,98.0,7.23,177.0,1030.0,,3.54,LOW
"Beans, Dry, Light Tan, 11F-8174 (0% moisture)",LOW,LOW,HIGH,HIGH,HIGH,MEDIUM,LOW,97.0,7.35,180.0,1420.0,,2.92,LOW
"Beans, Dry, Medium Red (0% moisture)",MEDIUM,LOW,HIGH,HIGH,HIGH,HIGH,LOW,193.0,6.27,178.0,1490.0,,3.82,LOW
"Beans, Dry, Medium Red, 490 (0% moisture)",MEDIUM,LOW,HIGH,HIGH,HIGH,HIGH,LOW,186.0,6.1,163.0,1500.0,,3.66,LOW
"Beans, Dry, Medium Red, 756 (0% moisture)",MEDIUM,LOW,HIGH,HIGH,HIGH,HIGH,LOW,200.0,6.45,192.0,1470.0,,3.98,LOW
"Beans, Dry, Navy (0% moisture)",MEDIUM,LOW,HIGH,HIGH,HIGH,HIGH,LOW,229.0,5.29,180.0,1470.0,,3.31,LOW
"Beans, Dry, Navy, 11F-8004 (0% moisture)",MEDIUM,LOW,HIGH,HIGH,HIGH,HIGH,LOW,266.0,8.18,194.0,1510.0,,3.5,LOW
"Beans, Dry, Navy, 11F-8007 (0% moisture)",MEDIUM,LOW,HIGH,HIGH,HIGH,HIGH,LOW,186.0,7.89,180.0,1560.0,,3.5,LOW
"Beans, Dry, Navy, 11F-8027 (0% moisture)",MEDIUM,LOW,HIGH,HIGH,HIGH,HIGH,LOW,167.0,7.73,187.0,1480.0,,3.55,LOW
"Beans, Dry, Navy, 11F-8028 (0% moisture)",MEDIUM,LOW,HIGH,HIGH,HIGH,HIGH,LOW,181.0,7.26,188.0,1440.0,,3.28,LOW
"Beans, Dry, Navy, 11F-8030 (0% moisture)",MEDIUM,LOW,HIGH,HIGH,HIGH,HIGH,LOW,168.0,7.71,183.0,1470.0,,3.76,LOW
"Beans, Dry, Navy, 11F-8043 (0% moisture)",MEDIUM,LOW,HIGH,HIGH,HIGH,MEDIUM,LOW,238.0,6.62,164.0,1320.0,,2.32,LOW
"Beans, Dry, Navy, 11F-8098 (0% moisture)",MEDIUM,LOW,HIGH,HIGH,HIGH,HIGH,LOW,265.0,7.52,178.0,1340.0,,3.61,LOW
"Beans, Dry, Navy, 11F-8107 (0% moisture)",MEDIUM,LOW,HIGH,HIGH,HIGH,MEDIUM,LOW,269.0,7.4,184.0,1520.0,,2.85,LOW
"Beans, Dry, Navy, 11F-8143 (0% moisture)",MEDIUM,LOW,HIGH,HIGH,HIGH,HIGH,LOW,163.0,7.82,177.0,1540.0,,3.36,LOW
"Beans, Dry, Navy, 11F-8162 (0% moisture)",MEDIUM,LOW,HIGH,HIGH,HIGH,MEDIUM,LOW,240.0,6.81,166.0,1400.0,,2.46,LOW
"Beans, Dry, Navy, 11F-8165 (0% moisture)",MEDIUM,LOW,HIGH,HIGH,HIGH,HIGH,LOW,187.0,7.99,194.0,1590.0,,3.48,LOW
"Beans, Dry, Navy, 11F-8179 (0% moisture)",MEDIUM,LOW,HIGH,HIGH,HIGH,MEDIUM,LOW,217.0,7.11,189.0,1510.0,,2.83,LOW
"Beans, Dry, Navy, 11F-8183 (0% moisture)",MEDIUM,LOW,HIGH,HIGH,HIGH,HIGH,LOW,285.0,8.18,184.0,1440.0,,3.15,LOW
"Beans, Dry, Navy, 11F-8195 (0% moisture)",MEDIUM,LOW,HIGH,HIGH,HIGH,HIGH,LOW,206.0,7.9,172.0,1430.0,,3.22,LOW
"Beans, Dry, Navy, 213 (0% moisture)",MEDIUM,LOW,HIGH,HIGH,HIGH,MEDIUM,LOW,197.0,5.14,170.0,1520.0,,2.95,LOW
"Beans, Dry, Navy, 216 (0% moisture)",MEDIUM,LOW,HIGH,HIGH,HIGH,MEDIUM,LOW,258.0,5.28,186.0,1350.0,,2.33,LOW
"Beans, Dry, Navy, 220 (0% moisture)",MEDIUM,LOW,HIGH,HIGH,HIGH,HIGH,LOW,269.0,5.14,174.0,1620.0,,3.53,LOW
"Beans, Dry, Navy, 226 (0% moisture)",MEDIUM,LOW,HIGH,HIGH,HIGH,HIGH,LOW,283.0,4.31,195.0,1550.0,,3.57,LOW
"Beans, Dry, Navy, 228 (0% moisture)",MEDIUM,LOW,HIGH,HIGH,HIGH,HIGH,LOW,233.0,4.9,173.0,1500.0,,3.52,LOW
"Beans, Dry, Navy, 229 (0% moisture)",MEDIUM,LOW,HIGH,HIGH,HIGH,MEDIUM,LOW,243.0,4.67,163.0,1470.0,,2.73,LOW
"Beans, Dry, Navy, 230 (0% moisture)",MEDIUM,LOW,HIGH,HIGH,HIGH,HIGH,LOW,203.0,5.49,169.0,1530.0,,3.54,LOW
"Beans, Dry, Navy, 233 (0% moisture)",MEDIUM,LOW,HIGH,HIGH,HIGH,MEDIUM,LOW,264.0,4.89,169.0,1490.0,,2.47,LOW
"Beans, Dry, Navy, 234 (0% moisture)",MEDIUM,LOW,HIGH,HIGH,HIGH,HIGH,LOW,261.0,4.16,190.0,1590.0,,3.23,LOW
"Beans, Dry, Navy, 236 (0% moisture)",MEDIUM,LOW,HIGH,HIGH,HIGH,HIGH,LOW,184.0,5.01,175.0,1430.0,,3.25,LOW
"Beans, Dry, Navy, 237 (0% moisture)",MEDIUM,LOW,HIGH,HIGH,HIGH,MEDIUM,LOW,216.0,4.73,179.0,1500.0,,2.96,LOW
"Beans, Dry, Navy, 241 (0% moisture)",MEDIUM,LOW,HIGH,HIGH,HIGH,HIGH,LOW,239.0,7.02,168.0,1590.0,,3.53,LOW
"Beans, Dry, Navy, 242 (0% moisture)",MEDIUM,LOW,HIGH,HIGH,HIGH,HIGH,LOW,176.0,4.85,182.0,1470.0,,3.5,LOW
"Beans, Dry, Navy, 245 (0% moisture)",MEDIUM,LOW,HIGH,HIGH,HIGH,MEDIUM,LOW,215.0,5.6,182.0,1530.0,,2.73,LOW
"Beans, Dry, Navy, 246 (0% moisture)",MEDIUM,LOW,HIGH,HIGH,HIGH,MEDIUM,LOW,191.0,4.88,180.0,1390.0,,2.95,LOW
"Beans, Dry, Navy, 252 (0% moisture)",MEDIUM,LOW,HIGH,HIGH,HIGH,HIGH,LOW,236.0,4.43,176.0,1460.0,,3.15,LOW
"Beans, Dry, Navy, 253 (0% moisture)",MEDIUM,LOW,HIGH,HIGH,HIGH,HIGH,LOW,252.0,4.38,194.0,1650.0,,3.32,LOW
"Beans, Dry, Navy, 255 (0% moisture)",HIGH,LOW,HIGH,HIGH,HIGH,HIGH,LOW,313.0,5.9,174.0,1420.0,,3.98,LOW
"Beans, Dry, Navy, 256 (0% moisture)",MEDIUM,LOW,HIGH,HIGH,HIGH,HIGH,LOW,221.0,5.4,166.0,1500.0,,3.69,LOW
"Beans, Dry, Navy, 257 (0% moisture)",HIGH,LOW,HIGH,HIGH,HIGH,HIGH,LOW,300.0,6.15,196.0,1470.0,,3.61,LOW
"Beans, Dry, Navy, 260 (0% moisture)",MEDIUM,LOW,HIGH,HIGH,HIGH,HIGH,LOW,214.0,6.55,182.0,1520.0,,3.38,LOW
"Beans, Dry, Navy, 261 (0% moisture)",MEDIUM,LOW,HIGH,HIGH,HIGH,HIGH,LOW,229.0,4.45,184.0,1610.0,,3.65,LOW
"Beans, Dry, Navy, 262 (0% moisture)",MEDIUM,LOW,HIGH,HIGH,HIGH,MEDIUM,LOW,217.0,4.64,163.0,1510.0,,2.98,LOW
"Beans, Dry, Navy, 264 (0% moisture)",MEDIUM,LOW,HIGH,HIGH,HIGH,HIGH,LOW,179.0,4.76,186.0,1480.0,,3.07,LOW
"Beans, Dry, Navy, 268 (0% moisture)",HIGH,LOW,HIGH,HIGH,HIGH,HIGH,LOW,326.0,5.09,186.0,1550.0,,3.45,LOW
"Beans, Dry, Navy, 277 (0% moisture)",MEDIUM,LOW,HIGH,HIGH,HIGH,HIGH,LOW,183.0,4.77,176.0,1490.0,,3.17,LOW
"Beans, Dry, Navy, 279 (0% moisture)",MEDIUM,LOW,HIGH,HIGH,HIGH,HIGH,LOW,220.0,4.76,189.0,1600.0,,3.17,LOW
"Beans, Dry, Navy, 280 (0% moisture)",MEDIUM,LOW,HIGH,HIGH,HIGH,HIGH,LOW,258.0,4.71,167.0,1460.0,,3.44,LOW
"Beans, Dry, Navy, 281 (0% moisture)",MEDIUM,LOW,HIGH,HIGH,HIGH,HIGH,LOW,289.0,4.44,190.0,1680.0,,3.74,LOW
"Beans, Dry, Navy, 283 (0% moisture)",MEDIUM,LOW,HIGH,HIGH,HIGH,HIGH,LOW,276.0,5.21,178.0,1550.0,,3.68,LOW
"Beans, Dry, Navy, 284 (0% moisture)",MEDIUM,LOW,HIGH,HIGH,HIGH,HIGH,LOW,256.0,5.16,183.0,1570.0,,3.85,LOW
"Beans, Dry, Navy, 287 (0% moisture)",MEDIUM,LOW,HIGH,HIGH,HIGH,HIGH,LOW,205.0,6.17,160.0,1700.0,,3.79,LOW
"Beans, Dry, Navy, 289 (0% moisture)",MEDIUM,LOW,HIGH,HIGH,HIGH,HIGH,LOW,230.0,5.56,165.0,1620.0,,3.08,LOW
"Beans, Dry, Navy, 290 (0% moisture)",HIGH,LOW,HIGH,HIGH,HIGH,HIGH,LOW,303.0,4.49,176.0,1560.0,,3.23,LOW
"Beans, Dry, Navy, 292 (0% moisture)",MEDIUM,LOW,HIGH,HIGH,HIGH,HIGH,LOW,228.0,5.3,179.0,1530.0,,3.53,LOW
"Beans, Dry, Navy, 294 (0% moisture)",MEDIUM,LOW,HIGH,HIGH,HIGH,HIGH,LOW,211.0,5.12,160.0,1450.0,,3.59,LOW
"Beans, Dry, Navy, 295 (0% moisture)",MEDIUM,LOW,HIGH,HIGH,HIGH,HIGH,LOW,220.0,4.98,182.0,1490.0,,3.41,LOW
"Beans, Dry, Navy, 299 (0% moisture)",MEDIUM,LOW,HIGH,HIGH,HIGH,HIGH,LOW,228.0,5.33,185.0,1550.0,,3.68,LOW
"Beans, Dry, Navy, 307 (0% moisture)",MEDIUM,LOW,HIGH,HIGH,HIGH,HIGH,LOW,246.0,5.14,167.0,1560.0,,3.42,LOW
"Beans, Dry, Navy, 308 (0% moisture)",MEDIUM,LOW,HIGH,HIGH,HIGH,MEDIUM,LOW,236.0,5.3,189.0,1600.0,,2.96,LOW
"Beans, Dry, Navy, 311 (0% moisture)",MEDIUM,LOW,HIGH,HIGH,HIGH,HIGH,LOW,254.0,4.85,171.0,1480.0,,3.89,LOW
"Beans, Dry, Navy, 312 (0% moisture)",MEDIUM,LOW,HIGH,HIGH,HIGH,MEDIUM,LOW,225.0,4.85,211.0,1610.0,,2.81,LOW
"Beans, Dry, Navy, 313 (0% moisture)",MEDIUM,LOW,HIGH,HIGH,HIGH,HIGH,LOW,213.0,5.98,166.0,1540.0,,3.04,LOW
"Beans, Dry, Navy, 316 (0% moisture)",MEDIUM,LOW,HIGH,HIGH,HIGH,MEDIUM,LOW,268.0,5.92,166.0,1420.0,,2.92,LOW
"Beans, Dry, Navy, 319 (0% moisture)",MEDIUM,LOW,HIGH,HIGH,HIGH,MEDIUM,LOW,228.0,4.52,195.0,1630.0,,2.63,LOW
"Beans, Dry, Navy, 320 (0% moisture)",MEDIUM,LOW,HIGH,HIGH,HIGH,HIGH,LOW,181.0,5.13,180.0,1580.0,,3.5,LOW
"Beans, Dry, Navy, 386 (0% moisture)",MEDIUM,LOW,HIGH,HIGH,HIGH,HIGH,LOW,168.0,3.49,163.0,1500.0,,3.14,LOW
"Beans, Dry, Navy, 422 (0% moisture)",MEDIUM,LOW,HIGH,HIGH,HIGH,MEDIUM,LOW,193.0,5.16,165.0,1570.0,,2.83,LOW
"Beans, Dry, Navy, 476 (0% moisture)",MEDIUM,LOW,HIGH,HIGH,HIGH,HIGH,LOW,241.0,4.89,185.0,1600.0,,3.66,LOW
"Beans, Dry, Navy, 521 (0% moisture)",MEDIUM,LOW,HIGH,HIGH,HIGH,HIGH,LOW,245.0,5.14,183.0,1470.0,,3.96,LOW
"Beans, Dry, Navy, 523 (0% moisture)",MEDIUM,LOW,HIGH,HIGH,HIGH,HIGH,LOW,232.0,4.74,211.0,1560.0,,3.57,LOW
"Beans, Dry, Navy, 524 (0% moisture)",MEDIUM,LOW,HIGH,HIGH,HIGH,HIGH,LOW,240.0,5.13,179.0,1460.0,,3.41,LOW
"Beans, Dry, Navy, 525 (0% moisture)",MEDIUM,LOW,HIGH,HIGH,HIGH,HIGH,LOW,178.0,4.75,171.0,1420.0,,3.14,LOW
"Beans, Dry, Navy, 530 (0% moisture)",MEDIUM,LOW,HIGH,HIGH,HIGH,HIGH,LOW,179.0,5.07,173.0,1450.0,,3.27,LOW
"Beans, Dry, Navy, 532 (0% moisture)",MEDIUM,LOW,HIGH,HIGH,HIGH,HIGH,LOW,172.0,4.9,169.0,1070.0,,3.16,LOW
"Beans, Dry, Navy, 535 (0% moisture)",MEDIUM,LOW,HIGH,HIGH,HIGH,HIGH,LOW,257.0,4.87,175.0,1050.0,,3.1,LOW
"Beans, Dry, Navy, 539 (0% moisture)",MEDIUM,LOW,HIGH,HIGH,HIGH,HIGH,LOW,292.0,4.4,180.0,1450.0,,3.44,LOW
"Beans, Dry, Navy, 541 (0% moisture)",MEDIUM,LOW,HIGH,HIGH,HIGH,MEDIUM,LOW,238.0,5.14,172.0,1000.0,,2.64,LOW
"Beans, Dry, Navy, 543 (0% moisture)",MEDIUM,LOW,HIGH,HIGH,HIGH,HIGH,LOW,207.0,5.18,184.0,1060.0,,3.51,LOW
"Beans, Dry, Navy, 546 (0% moisture)",MEDIUM,LOW,HIGH,HIGH,HIGH,HIGH,LOW,242.0,4.23,195.0,1470.0,,3.6,LOW
"Beans, Dry, Navy, 548 (0% moisture)",HIGH,LOW,HIGH,HIGH,HIGH,HIGH,LOW,326.0,5.03,173.0,1080.0,,3.42,LOW
"Beans, Dry, Navy, 551 (0% moisture)",MEDIUM,LOW,HIGH,HIGH,HIGH,MEDIUM,LOW,232.0,5.09,183.0,1070.0,,2.64,LOW
"Beans, Dry, Navy, 554 (0% moisture)",MEDIUM,LOW,HIGH,HIGH,HIGH,HIGH,LOW,266.0,6.47,191.0,1560.0,,4.01,LOW
"Beans, Dry, Navy, 555 (0% moisture)",MEDIUM,LOW,HIGH,HIGH,HIGH,HIGH,LOW,207.0,5.56,184.0,1060.0,,4.35,LOW
"Beans, Dry, Navy, 556 (0% moisture)",MEDIUM,LOW,HIGH,HIGH,HIGH,HIGH,LOW,194.0,5.13,184.0,1480.0,,3.47,LOW
"Beans, Dry, Navy, 557 (0% moisture)",MEDIUM,LOW,HIGH,HIGH,HIGH,HIGH,LOW,228.0,5.74,168.0,1530.0,,3.66,LOW
"Beans, Dry, Navy, 558 (0% moisture)",MEDIUM,LOW,HIGH,HIGH,HIGH,HIGH,LOW,245.0,4.43,197.0,1300.0,,3.95,LOW
"Beans, Dry, Navy, 559 (0% moisture)",MEDIUM,LOW,HIGH,HIGH,HIGH,HIGH,LOW,215.0,4.97,189.0,1450.0,,3.83,LOW
"Beans, Dry, Navy, 560 (0% moisture)",MEDIUM,LOW,HIGH,HIGH,HIGH,HIGH,LOW,201.0,5.37,180.0,1660.0,,3.02,LOW
"Beans, Dry, Navy, 561 (0% moisture)",MEDIUM,LOW,HIGH,HIGH,HIGH,MEDIUM,LOW,232.0,4.75,204.0,1440.0,,2.82,LOW
"Beans, Dry, Navy, 565 (0% moisture)",MEDIUM,LOW,HIGH,HIGH,HIGH,HIGH,LOW,221.0,4.23,206.0,1410.0,,3.63,LOW
"Beans, Dry, Navy, 567 (0% moisture)",MEDIUM,LOW,HIGH,HIGH,HIGH,HIGH,LOW,152.0,4.17,175.0,1340.0,,3.04,LOW
"Beans, Dry, Navy, 568 (0% moisture)",MEDIUM,LOW,HIGH,HIGH,HIGH,HIGH,LOW,278.0,5.45,166.0,1370.0,,3.62,LOW
"Beans, Dry, Navy, 576 (0% moisture)",MEDIUM,LOW,HIGH,HIGH,HIGH,HIGH,LOW,236.0,5.02,188.0,1530.0,,3.45,LOW
"Beans, Dry, Navy, 578 (0% moisture)",MEDIUM,LOW,HIGH,HIGH,HIGH,HIGH,LOW,250.0,4.5,157.0,1390.0,,3.48,LOW
"Beans, Dry, Navy, 582 (0% moisture)",MEDIUM,LOW,HIGH,HIGH,HIGH,HIGH,LOW,277.0,4.16,200.0,1590.0,,3.58,LOW
"Beans, Dry, Navy, 584 (0% moisture)",MEDIUM,LOW,HIGH,HIGH,HIGH,MEDIUM,LOW,230.0,4.15,166.0,1570.0,,2.53,LOW
"Beans, Dry, Navy, 585 (0% moisture)",MEDIUM,LOW,HIGH,HIGH,HIGH,HIGH,LOW,210.0,4.88,194.0,1590.0,,3.48,LOW
"Beans, Dry, Navy, 586 (0% moisture)",MEDIUM,LOW,HIGH,HIGH,HIGH,HIGH,LOW,184.0,4.9,175.0,1500.0,,3.27,LOW
"Beans, Dry, Navy, 587 (0% moisture)",MEDIUM,LOW,HIGH,HIGH,HIGH,MEDIUM,LOW,138.0,5.06,163.0,1380.0,,2.9,LOW
"Beans, Dry, Navy, 588 (0% moisture)",MEDIUM,LOW,HIGH,HIGH,HIGH,MEDIUM,LOW,176.0,4.54,162.0,1550.0,,2.68,LOW
"Beans, Dry, Navy, 589 (0% moisture)",MEDIUM,LOW,HIGH,HIGH,HIGH,HIGH,LOW,214.0,4.32,170.0,1410.0,,3.19,LOW
"Beans, Dry, Navy, 595 (0% moisture)",MEDIUM,LOW,HIGH,HIGH,HIGH,HIGH,LOW,184.0,4.9,185.0,1540.0,,3.38,LOW
"Beans, Dry, Navy, 598 (0% moisture)",MEDIUM,LOW,HIGH,HIGH,HIGH,HIGH,LOW,271.0,4.84,165.0,1460.0,,3.54,LOW
"Beans, Dry, Navy, 599 (0% moisture)",MEDIUM,LOW,HIGH,HIGH,HIGH,HIGH,LOW,223.0,4.77,171.0,1450.0,,3.62,LOW
"Beans, Dry, Navy, 603 (0% moisture)",MEDIUM,LOW,HIGH,HIGH,HIGH,MEDIUM,LOW,266.0,4.12,175.0,1440.0,,2.96,LOW
"Beans, Dry, Navy, 605 (0% moisture)",MEDIUM,LOW,HIGH,HIGH,HIGH,MEDIUM,LOW,221.0,5.5,177.0,1450.0,,2.81,LOW
"Beans, Dry, Navy, 609 (0% moisture)",MEDIUM,LOW,HIGH,HIGH,HIGH,MEDIUM,LOW,225.0,4.24,190.0,1400.0,,2.43,LOW
"Beans, Dry, Navy, 612 (0% moisture)",MEDIUM,LOW,HIGH,HIGH,HIGH,MEDIUM,LOW,283.0,4.65,164.0,1460.0,,2.76,LOW
"Beans, Dry, Navy, 613 (0% moisture)",MEDIUM,LOW,HIGH,HIGH,HIGH,HIGH,LOW,206.0,5.9,167.0,1690.0,,3.8,LOW
"Beans, Dry, Navy, 614 (0% moisture)",MEDIUM,LOW,HIGH,HIGH,HIGH,HIGH,LOW,247.0,5.03,192.0,1510.0,,3.87,LOW
"Beans, Dry, Navy, 623 (0% moisture)",MEDIUM,LOW,HIGH,HIGH,HIGH,HIGH,LOW,234.0,5.23,178.0,1370.0,,4.15,LOW
"Beans, Dry, Navy, 626 (0% moisture)",MEDIUM,LOW,HIGH,HIGH,HIGH,HIGH,LOW,243.0,3.96,188.0,1470.0,,3.65,LOW
"Beans, Dry, Navy, 627 (0% moisture)",MEDIUM,LOW,HIGH,HIGH,HIGH,HIGH,LOW,228.0,4.65,186.0,1490.0,,3.6,LOW
"Beans, Dry, Navy, 628 (0% moisture)",MEDIUM,LOW,HIGH,HIGH,HIGH,HIGH,LOW,245.0,4.53,209.0,1500.0,,3.75,LOW
"Beans, Dry, Navy, 719 (0% moisture)",MEDIUM,LOW,HIGH,HIGH,HIGH,HIGH,LOW,179.0,3.89,167.0,1260.0,,3.61,LOW
"Beans, Dry, Navy, 721 (0% moisture)",MEDIUM,LOW,HIGH,HIGH,HIGH,MEDIUM,LOW,243.0,5.67,200.0,1550.0,,2.92,LOW
"Beans, Dry, Navy, 771 (0% moisture)",MEDIUM,LOW,HIGH,HIGH,HIGH,HIGH,LOW,233.0,4.49,182.0,1520.0,,3.47,LOW
"Beans, Dry, Pink (0% moisture)",MEDIUM,LOW,HIGH,HIGH,HIGH,HIGH,LOW,137.0,5.46,164.0,1490.0,,3.26,LOW
"Beans, Dry, Pink, 11F-8018 (0% moisture)",MEDIUM,LOW,HIGH,HIGH,HIGH,MEDIUM,LOW,144.0,6.18,169.0,1420.0,,2.94,LOW
"Beans, Dry, Pink, 11F-8019 (0% moisture)",MEDIUM,LOW,HIGH,HIGH,HIGH,HIGH,LOW,127.0,6.44,173.0,1540.0,,3.36,LOW
"Beans, Dry, Pink, 11F-8034 (0% moisture)",MEDIUM,LOW,HIGH,HIGH,HIGH,HIGH,LOW,112.0,6.31,166.0,1420.0,,3.35,LOW
"Beans, Dry, Pink, 11F-8041 (0% moisture)",MEDIUM,LOW,HIGH,HIGH,HIGH,MEDIUM,LOW,113.0,5.54,166.0,1420.0,,2.94,LOW
"Beans, Dry, Pink, 11F-8058 (0% moisture)",LOW,LOW,HIGH,HIGH,HIGH,HIGH,LOW,90.0,6.62,150.0,1460.0,,3.4,LOW
"Beans, Dry, Pink, 11F-8059 (0% moisture)",MEDIUM,LOW,HIGH,HIGH,HIGH,HIGH,LOW,125.0,6.29,163.0,1480.0,,3.33,LOW
"Beans, Dry, Pink, 11F-8082 (0% moisture)",MEDIUM,LOW,HIGH,HIGH,HIGH,HIGH,LOW,105.0,7.39,151.0,1060.0,,3.52,LOW
"Beans, Dry, Pink, 11F-8084 (0% moisture)",MEDIUM,LOW,HIGH,HIGH,HIGH,HIGH,LOW,131.0,7.28,162.0,1390.0,,3.56,LOW
"Beans, Dry, Pink, 11F-8105 (0% moisture)",MEDIUM,LOW,HIGH,HIGH,HIGH,HIGH,LOW,128.0,6.06,175.0,1360.0,,3.05,LOW
"Beans, Dry, Pink, 11F-8124 (0% moisture)",MEDIUM,LOW,HIGH,HIGH,HIGH,MEDIUM,LOW,141.0,6.36,164.0,1600.0,,2.92,LOW
"Beans, Dry, Pink, 11F-8136 (0% moisture)",MEDIUM,LOW,HIGH,HIGH,HIGH,HIGH,LOW,105.0,6.32,153.0,1560.0,,3.22,LOW
"Beans, Dry, Pink, 11F-8149 (0% moisture)",MEDIUM,LOW,HIGH,HIGH,HIGH,MEDIUM,LOW,101.0,6.44,152.0,1590.0,,2.95,LOW
"Beans, Dry, Pink, 11F-8156 (0% moisture)",MEDIUM,LOW,HIGH,HIGH,HIGH,MEDIUM,LOW,106.0,5.76,159.0,1590.0,,2.57,LOW
"Beans, Dry, Pink, 11F-8187 (0% moisture)",MEDIUM,LOW,HIGH,HIGH,HIGH,MEDIUM,LOW,151.0,6.08,171.0,1420.0,,2.76,LOW
"Beans, Dry, Pink, 11F-8188 (0% moisture)",MEDIUM,LOW,HIGH,HIGH,HIGH,HIGH,LOW,117.0,6.33,157.0,1440.0,,3.17,LOW
"Beans, Dry, Pink, 11F-8190 (0% moisture)",MEDIUM,LOW,HIGH,HIGH,HIGH,HIGH,LOW,112.0,7.14,158.0,1420.0,,3.45,LOW
"Beans, Dry, Pink, 11F-8193 (0% moisture)",MEDIUM,LOW,HIGH,HIGH,HIGH,MEDIUM,LOW,136.0,6.4,164.0,1460.0,,2.99,LOW
"Beans, Dry, Pink, 11F-8197 (0% moisture)",MEDIUM,LOW,HIGH,HIGH,HIGH,HIGH,LOW,115.0,6.09,158.0,1400.0,,3.11,LOW
"Beans, Dry, Pink, 321 (0% moisture)",LOW,LOW,HIGH,HIGH,HIGH,MEDIUM,LOW,98.0,5.21,155.0,1660.0,,2.93,LOW
"Beans, Dry, Pink, 338 (0% moisture)",MEDIUM,LOW,HIGH,HIGH,HIGH,HIGH,LOW,119.0,5.17,141.0,1640.0,,3.07,LOW
"Beans, Dry, Pink, 342 (0% moisture)",MEDIUM,LOW,HIGH,HIGH,HIGH,HIGH,LOW,145.0,4.65,197.0,1720.0,,3.22,LOW
"Beans, Dry, Pink, 354 (0% moisture)",MEDIUM,LOW,HIGH,HIGH,HIGH,MEDIUM,LOW,182.0,4.97,173.0,1480.0,,2.94,LOW
"Beans, Dry, Pink, 359 (0% moisture)",MEDIUM,LOW,HIGH,HIGH,HIGH,MEDIUM,LOW,149.0,4.53,151.0,1700.0,,2.84,LOW
"Beans, Dry, Pink, 399 (0% moisture)",MEDIUM,LOW,HIGH,HIGH,HIGH,HIGH,LOW,143.0,4.2,155.0,1480.0,,3.2,LOW
"Beans, Dry, Pink, 404 (0% moisture)",LOW,LOW,HIGH,HIGH,HIGH,HIGH,LOW,99.0,5.15,153.0,1590.0,,3.14,LOW
"Beans, Dry, Pink, 411 (0% moisture)",MEDIUM,LOW,HIGH,HIGH,HIGH,HIGH,LOW,237.0,5.04,153.0,1490.0,,3.28,LOW
"Beans, Dry, Pink, 430 (0% moisture)",MEDIUM,LOW,HIGH,HIGH,HIGH,HIGH,LOW,171.0,4.92,162.0,1480.0,,3.35,LOW
"Beans, Dry, Pink, 433 (0% moisture)",MEDIUM,LOW,HIGH,HIGH,HIGH,HIGH,LOW,136.0,4.48,158.0,1600.0,,3.03,LOW
"Beans, Dry, Pink, 445 (0% moisture)",MEDIUM,LOW,HIGH,HIGH,HIGH,MEDIUM,LOW,116.0,4.55,143.0,1430.0,,2.73,LOW
"Beans, Dry, Pink, 448 (0% moisture)",MEDIUM,LOW,HIGH,HIGH,HIGH,HIGH,LOW,129.0,4.55,164.0,1440.0,,3.14,LOW
"Beans, Dry, Pink, 461 (0% moisture)",MEDIUM,LOW,HIGH,HIGH,HIGH,HIGH,LOW,132.0,5.63,147.0,1610.0,,3.16,LOW
"Beans, Dry, Pink, 477 (0% moisture)",MEDIUM,LOW,HIGH,HIGH,HIGH,HIGH,LOW,123.0,5.12,161.0,1810.0,,3.53,LOW
"Beans, Dry, Pink, 478 (0% moisture)",MEDIUM,LOW,HIGH,HIGH,HIGH,HIGH,LOW,148.0,5.31,163.0,1430.0,,3.48,LOW
"Beans, Dry, Pink, 481 (0% moisture)",MEDIUM,LOW,HIGH,HIGH,HIGH,HIGH,LOW,136.0,5.32,167.0,1480.0,,3.84,LOW
"Beans, Dry, Pink, 483 (0% moisture)",MEDIUM,LOW,HIGH,HIGH,HIGH,HIGH,LOW,149.0,4.74,161.0,1590.0,,3.49,LOW
"Beans, Dry, Pink, 486 (0% moisture)",MEDIUM,LOW,HIGH,HIGH,HIGH,HIGH,LOW,189.0,5.19,156.0,1410.0,,3.53,LOW
"Beans, Dry, Pink, 502 (0% moisture)",LOW,LOW,HIGH,HIGH,HIGH,HIGH,LOW,95.0,4.72,176.0,1650.0,,3.65,LOW
"Beans, Dry, Pink, 504 (0% moisture)",MEDIUM,LOW,HIGH,HIGH,HIGH,HIGH,LOW,211.0,5.37,158.0,1470.0,,3.43,LOW
"Beans, Dry, Pink, 629 (0% moisture)",MEDIUM,LOW,HIGH,HIGH,HIGH,HIGH,LOW,115.0,5.99,157.0,1490.0,,3.11,LOW
"Beans, Dry, Pink, 636 (0% moisture)",MEDIUM,LOW,HIGH,HIGH,HIGH,MEDIUM,LOW,155.0,5.12,149.0,1470.0,,2.78,LOW
"Beans, Dry, Pink, 641 (0% moisture)",MEDIUM,LOW,HIGH,HIGH,HIGH,HIGH,LOW,153.0,4.71,159.0,1470.0,,3.25,LOW
"Beans, Dry, Pink, 652 (0% moisture)",MEDIUM,LOW,HIGH,HIGH,HIGH,HIGH,LOW,107.0,4.68,162.0,1080.0,,3.14,LOW
"Beans, Dry, Pink, 664 (0% moisture)",MEDIUM,LOW,HIGH,HIGH,HIGH,HIGH,LOW,166.0,5.49,183.0,1440.0,,3.3,LOW
"Beans, Dry, Pink, 687 (0% moisture)",MEDIUM,LOW,HIGH,HIGH,HIGH,HIGH,LOW,211.0,4.69,173.0,1580.0,,3.2,LOW
"Beans, Dry, Pink, 699 (0% moisture)",MEDIUM,LOW,HIGH,HIGH,HIGH,HIGH,LOW,148.0,4.9,162.0,1480.0,,3.36,LOW
"Beans, Dry, Pink, 701 (0% moisture)",MEDIUM,LOW,HIGH,HIGH,HIGH,HIGH,LOW,180.0,5.03,172.0,1070.0,,3.46,LOW
"Beans, Dry, Pink, 712 (0% moisture)",MEDIUM,LOW,HIGH,HIGH,HIGH,HIGH,LOW,120.0,4.93,158.0,1550.0,,3.34,LOW
"Beans, Dry, Pink, 725 (0% moisture)",MEDIUM,LOW,HIGH,HIGH,HIGH,HIGH,LOW,128.0,4.23,175.0,1470.0,,3.3,LOW
"Beans, Dry, Pink, 732 (0% moisture)",MEDIUM,LOW,HIGH,HIGH,HIGH,HIGH,LOW,246.0,5.52,196.0,1560.0,,4.22,LOW
"Beans, Dry, Pink, 739 (0% moisture)",MEDIUM,LOW,HIGH,HIGH,HIGH,HIGH,LOW,107.0,4.86,174.0,1540.0,,3.08,LOW
"Beans, Dry, Pink, 752 (0% moisture)",MEDIUM,LOW,HIGH,HIGH,HIGH,HIGH,LOW,129.0,5.7,173.0,1730.0,,3.86,LOW
"Beans, Dry, Pink, 779 (0% moisture)",MEDIUM,LOW,HIGH,HIGH,HIGH,HIGH,LOW,148.0,4.81,140.0,1400.0,,3.02,LOW
"Beans, Dry, Pink, 794 (0% moisture)",MEDIUM,LOW,HIGH,HIGH,HIGH,HIGH,LOW,120.0,5.53,178.0,1650.0,,3.74,LOW
"Beans, Dry, Pink, 796 (0% moisture)",MEDIUM,LOW,HIGH,HIGH,HIGH,HIGH,LOW,141.0,5.06,162.0,1380.0,,3.09,LOW
"Beans, Dry, Pink, 803 (0% moisture)",MEDIUM,LOW,HIGH,HIGH,HIGH,HIGH,LOW,139.0,4.72,152.0,1370.0,,3.3,LOW
"Beans, Dry, Pink, 817 (0% moisture)",MEDIUM,LOW,HIGH,HIGH,HIGH,HIGH,LOW,137.0,5.32,157.0,1450.0,,3.81,LOW
"Beans, Dry, Pink, 819 (0% moisture)",MEDIUM,LOW,HIGH,HIGH,HIGH,HIGH,LOW,115.0,5.76,209.0,1640.0,,4.03,LOW
"Beans, Dry, Pinto (0% moisture)",MEDIUM,LOW,HIGH,HIGH,HIGH,HIGH,LOW,161.0,5.4,170.0,1510.0,,3.43,LOW
"Beans, Dry, Pinto, 11F-8006 (0% moisture)",MEDIUM,LOW,HIGH,HIGH,HIGH,HIGH,LOW,152.0,6.68,171.0,1480.0,,3.16,LOW
"Beans, Dry, Pinto, 11F-8012 (0% moisture)",MEDIUM,LOW,HIGH,HIGH,HIGH,HIGH,LOW,194.0,7.36,184.0,1430.0,,4.08,LOW
"Beans, Dry, Pinto, 11F-8024 (0% moisture)",LOW,LOW,HIGH,HIGH,HIGH,HIGH,LOW,99.0,6.74,173.0,1580.0,,3.6,LOW
"Beans, Dry, Pinto, 11F-8026 (0% moisture)",MEDIUM,LOW,HIGH,HIGH,HIGH,HIGH,LOW,113.0,6.73,191.0,1480.0,,3.45,LOW
"Beans, Dry, Pinto, 11F-8031 (0% moisture)",MEDIUM,LOW,HIGH,HIGH,HIGH,HIGH,LOW,138.0,7.13,158.0,1230.0,,3.12,LOW
"Beans, Dry, Pinto, 11F-8032 (0% moisture)",MEDIUM,LOW,HIGH,HIGH,HIGH,HIGH,LOW,133.0,6.25,160.0,1380.0,,3.02,LOW
"Beans, Dry, Pinto, 11F-8035 (0% moisture)",MEDIUM,LOW,HIGH,HIGH,HIGH,HIGH,LOW,140.0,6.26,172.0,1390.0,,3.13,LOW
"Beans, Dry, Pinto, 11F-8037 (0% moisture)",MEDIUM,LOW,HIGH,HIGH,HIGH,HIGH,LOW,147.0,6.76,165.0,1400.0,,3.53,LOW
"Beans, Dry, Pinto, 11F-8038 (0% moisture)",MEDIUM,LOW,HIGH,HIGH,HIGH,HIGH,LOW,135.0,7.49,187.0,1490.0,,3.59,LOW
"Beans, Dry, Pinto, 11F-8047 (0% moisture)",MEDIUM,LOW,HIGH,HIGH,HIGH,HIGH,LOW,232.0,6.8,210.0,1430.0,,3.42,LOW
"Beans, Dry, Pinto, 11F-8048 (0% moisture)",MEDIUM,LOW,HIGH,HIGH,HIGH,HIGH,LOW,151.0,7.11,172.0,1500.0,,3.79,LOW
"Beans, Dry, Pinto, 11F-8049 (0% moisture)",MEDIUM,LOW,HIGH,HIGH,HIGH,HIGH,LOW,147.0,6.79,174.0,1440.0,,3.56,LOW
"Beans, Dry, Pinto, 11F-8054 (0% moisture)",MEDIUM,LOW,HIGH,HIGH,HIGH,HIGH,LOW,137.0,7.05,182.0,1420.0,,3.69,LOW
"Beans, Dry, Pinto, 11F-8055 (0% moisture)",MEDIUM,LOW,HIGH,HIGH,HIGH,HIGH,LOW,127.0,7.35,177.0,1440.0,,3.65,LOW
"Beans, Dry, Pinto, 11F-8065 (0% moisture)",MEDIUM,LOW,HIGH,HIGH,HIGH,HIGH,LOW,144.0,6.36,174.0,1400.0,,3.49,LOW
"Beans, Dry, Pinto, 11F-8069 (0% moisture)",LOW,LOW,HIGH,HIGH,HIGH,HIGH,LOW,93.0,6.49,161.0,1480.0,,3.65,LOW
"Beans, Dry, Pinto, 11F-8070 (0% moisture)",MEDIUM,LOW,HIGH,HIGH,HIGH,HIGH,LOW,139.0,6.4,179.0,1450.0,,3.32,LOW
"Beans, Dry, Pinto, 11F-8072 (0% moisture)",MEDIUM,LOW,HIGH,HIGH,HIGH,HIGH,LOW,120.0,6.5,186.0,1480.0,,3.77,LOW
"Beans, Dry, Pinto, 11F-8075 (0% moisture)",MEDIUM,LOW,HIGH,HIGH,HIGH,HIGH,LOW,123.0,6.45,164.0,1370.0,,3.25,LOW
"Beans, Dry, Pinto, 11F-8076 (0% moisture)",MEDIUM,LOW,HIGH,HIGH,HIGH,HIGH,LOW,163.0,7.14,201.0,1500.0,,3.95,LOW
"Beans, Dry, Pinto, 11F-8078 (0% moisture)",MEDIUM,LOW,HIGH,HIGH,HIGH,HIGH,LOW,147.0,6.26,159.0,1360.0,,3.15,LOW
"Beans, Dry, Pinto, 11F-8079 (0% moisture)",MEDIUM,LOW,HIGH,HIGH,HIGH,HIGH,LOW,165.0,6.45,172.0,1380.0,,3.64,LOW
"Beans, Dry, Pinto, 11F-8081 (0% moisture)",MEDIUM,LOW,HIGH,HIGH,HIGH,HIGH,LOW,119.0,6.73,169.0,1440.0,,3.69,LOW
"Beans, Dry, Pinto, 11F-8083 (0% moisture)",MEDIUM,LOW,HIGH,HIGH,HIGH,HIGH,LOW,108.0,7.11,167.0,1450.0,,3.57,LOW
"Beans, Dry, Pinto, 11F-8088 (0% moisture)",MEDIUM,LOW,HIGH,HIGH,HIGH,HIGH,LOW,114.0,6.63,149.0,1320.0,,3.27,LOW
"Beans, Dry, Pinto, 11F-8089 (0% moisture)",MEDIUM,LOW,HIGH,HIGH,HIGH,HIGH,LOW,142.0,6.35,160.0,1330.0,,3.52,LOW
"Beans, Dry, Pinto, 11F-8091 (0% moisture)",MEDIUM,LOW,HIGH,HIGH,HIGH,HIGH,LOW,136.0,6.2,158.0,1340.0,,3.46,LOW
"Beans, Dry, Pinto, 11F-8094 (0% moisture)",MEDIUM,LOW,HIGH,HIGH,HIGH,HIGH,LOW,135.0,7.03,171.0,1490.0,,3.23,LOW
"Beans, Dry, Pinto, 11F-8095 (0% moisture)",MEDIUM,LOW,HIGH,HIGH,HIGH,HIGH,LOW,136.0,6.92,170.0,1440.0,,3.64,LOW
"Beans, Dry, Pinto, 11F-8096 (0% moisture)",MEDIUM,LOW,HIGH,HIGH,HIGH,HIGH,LOW,162.0,6.92,172.0,1380.0,,3.64,LOW
"Beans, Dry, Pinto, 11F-8099 (0% moisture)",MEDIUM,LOW,HIGH,HIGH,HIGH,HIGH,LOW,134.0,7.67,177.0,1390.0,,3.58,LOW
"Beans, Dry, Pinto, 11F-8100 (0% moisture)",MEDIUM,LOW,HIGH,HIGH,HIGH,HIGH,LOW,148.0,6.36,166.0,1370.0,,3.32,LOW
"Beans, Dry, Pinto, 11F-8101 (0% moisture)",LOW,LOW,HIGH,HIGH,HIGH,HIGH,LOW,93.0,6.51,158.0,1450.0,,3.53,LOW
"Beans, Dry, Pinto, 11F-8102 (0% moisture)",MEDIUM,LOW,HIGH,HIGH,HIGH,HIGH,LOW,134.0,6.54,173.0,1390.0,,3.73,LOW
"Beans, Dry, Pinto, 11F-8103 (0% moisture)",MEDIUM,LOW,HIGH,HIGH,HIGH,HIGH,LOW,119.0,6.2,184.0,1340.0,,3.46,LOW
"Beans, Dry, Pinto, 11F-8106 (0% moisture)",MEDIUM,LOW,HIGH,HIGH,HIGH,MEDIUM,LOW,153.0,5.56,174.0,1480.0,,2.98,LOW
"Beans, Dry, Pinto, 11F-8108 (0% moisture)",MEDIUM,LOW,HIGH,HIGH,HIGH,MEDIUM,LOW,203.0,6.32,201.0,1520.0,,2.69,LOW
"Beans, Dry, Pinto, 11F-8109 (0% moisture)",MEDIUM,LOW,HIGH,HIGH,HIGH,MEDIUM,LOW,140.0,6.04,168.0,1540.0,,2.8,LOW
"Beans, Dry, Pinto, 11F-8114 (0% moisture)",MEDIUM,LOW,HIGH,HIGH,HIGH,HIGH,LOW,122.0,7.5,179.0,1570.0,,3.34,LOW
"Beans, Dry, Pinto, 11F-8118 (0% moisture)",MEDIUM,LOW,HIGH,HIGH,HIGH,HIGH,LOW,165.0,6.62,183.0,1620.0,,3.95,LOW
"Beans, Dry, Pinto, 11F-8120 (0% moisture)",MEDIUM,LOW,HIGH,HIGH,HIGH,HIGH,LOW,132.0,7.3,167.0,1490.0,,3.14,LOW
"Beans, Dry, Pinto, 11F-8121 (0% moisture)",MEDIUM,LOW,HIGH,HIGH,HIGH,HIGH,LOW,131.0,7.04,169.0,1690.0,,3.28,LOW
"Beans, Dry, Pinto, 11F-8126 (0% moisture)",MEDIUM,LOW,HIGH,HIGH,HIGH,MEDIUM,LOW,113.0,6.88,170.0,1630.0,,2.98,LOW
"Beans, Dry, Pinto, 11F-8133 (0% moisture)",MEDIUM,LOW,HIGH,HIGH,HIGH,HIGH,LOW,121.0,6.49,172.0,1600.0,,3.41,LOW
"Beans, Dry, Pinto, 11F-8144 (0% moisture)",MEDIUM,LOW,HIGH,HIGH,HIGH,HIGH,LOW,145.0,6.84,164.0,1590.0,,3.18,LOW
"Beans, Dry, Pinto, 11F-8147 (0% moisture)",MEDIUM,LOW,HIGH,HIGH,HIGH,HIGH,LOW,116.0,6.28,160.0,1580.0,,3.27,LOW
"Beans, Dry, Pinto, 11F-8151 (0% moisture)",MEDIUM,LOW,HIGH,HIGH,HIGH,HIGH,LOW,106.0,6.97,174.0,1640.0,,3.52,LOW
"Beans, Dry, Pinto, 11F-8157 (0% moisture)",MEDIUM,LOW,HIGH,HIGH,HIGH,MEDIUM,LOW,100.0,6.19,154.0,1470.0,,2.83,LOW
"Beans, Dry, Pinto, 11F-8159 (0% moisture)",MEDIUM,LOW,HIGH,HIGH,HIGH,HIGH,LOW,105.0,6.76,154.0,1510.0,,3.27,LOW
"Beans, Dry, Pinto, 11F-8164 (0% moisture)",MEDIUM,LOW,HIGH,HIGH,HIGH,HIGH,LOW,121.0,6.06,160.0,1540.0,,3.04,LOW
"Beans, Dry, Pinto, 11F-8166 (0% moisture)",MEDIUM,LOW,HIGH,HIGH,HIGH,HIGH,LOW,158.0,7.01,171.0,1510.0,,3.42,LOW
"Beans, Dry, Pinto, 11F-8167 (0% moisture)",MEDIUM,LOW,HIGH,HIGH,HIGH,HIGH,LOW,152.0,6.56,159.0,1490.0,,3.08,LOW
"Beans, Dry, Pinto, 11F-8170 (0% moisture)",MEDIUM,LOW,HIGH,HIGH,HIGH,HIGH,LOW,177.0,7.21,176.0,1450.0,,3.38,LOW
"Beans, Dry, Pinto, 11F-8173 (0% moisture)",MEDIUM,LOW,HIGH,HIGH,HIGH,HIGH,LOW,147.0,6.63,176.0,1600.0,,3.29,LOW
"Beans, Dry, Pinto, 11F-8176 (0% moisture)",MEDIUM,LOW,HIGH,HIGH,HIGH,MEDIUM,LOW,140.0,6.87,164.0,1480.0,,2.79,LOW
"Beans, Dry, Pinto, 11F-8178 (0% moisture)",MEDIUM,LOW,HIGH,HIGH,HIGH,HIGH,LOW,172.0,7.03,193.0,1650.0,,3.38,LOW
"Beans, Dry, Pinto, 11F-8181 (0% moisture)",MEDIUM,LOW,HIGH,HIGH,HIGH,HIGH,LOW,150.0,6.22,165.0,1500.0,,3.45,LOW
"Beans, Dry, Pinto, 11F-8182 (0% moisture)",MEDIUM,LOW,HIGH,HIGH,HIGH,HIGH,LOW,149.0,6.64,173.0,1510.0,,3.58,LOW
"Beans, Dry, Pinto, 11F-8189 (0% moisture)",MEDIUM,LOW,HIGH,HIGH,HIGH,HIGH,LOW,114.0,5.89,159.0,1460.0,,3.03,LOW
"Beans, Dry, Pinto, 11F-8191 (0% moisture)",MEDIUM,LOW,HIGH,HIGH,HIGH,HIGH,LOW,159.0,6.49,171.0,1430.0,,3.18,LOW
"Beans, Dry, Pinto, 11F-8196 (0% moisture)",MEDIUM,LOW,HIGH,HIGH,HIGH,HIGH,LOW,140.0,7.15,167.0,1490.0,,3.44,LOW
"Beans, Dry, Pinto, 11F-8198 (0% moisture)",MEDIUM,LOW,HIGH,HIGH,HIGH,HIGH,LOW,137.0,6.16,168.0,1530.0,,3.0,LOW
"Beans, Dry, Pinto, 218 (0% moisture)",MEDIUM,LOW,HIGH,HIGH,HIGH,HIGH,LOW,186.0,3.4,155.0,1570.0,,3.21,LOW
"Beans, Dry, Pinto, 224 (0% moisture)",MEDIUM,LOW,HIGH,HIGH,HIGH,HIGH,LOW,164.0,4.88,179.0,1650.0,,3.36,LOW
"Beans, Dry, Pinto, 270 (0% moisture)",MEDIUM,LOW,HIGH,HIGH,HIGH,HIGH,LOW,231.0,5.39,162.0,1550.0,,3.73,LOW
"Beans, Dry, Pinto, 322 (0% moisture)",MEDIUM,LOW,HIGH,HIGH,HIGH,MEDIUM,LOW,160.0,4.19,149.0,1470.0,,2.92,LOW
"Beans, Dry, Pinto, 324 (0% moisture)",MEDIUM,LOW,HIGH,HIGH,HIGH,MEDIUM,LOW,191.0,4.5,156.0,1530.0,,2.86,LOW
"Beans, Dry, Pinto, 325 (0% moisture)",MEDIUM,LOW,HIGH,HIGH,HIGH,MEDIUM,LOW,167.0,5.3,150.0,1410.0,,2.93,LOW
"Beans, Dry, Pinto, 326 (0% moisture)",MEDIUM,LOW,HIGH,HIGH,HIGH,MEDIUM,LOW,186.0,4.0,152.0,1420.0,,2.73,LOW
"Beans, Dry, Pinto, 328 (0% moisture)",MEDIUM,LOW,HIGH,HIGH,HIGH,MEDIUM,LOW,170.0,4.62,177.0,1480.0,,2.78,LOW
"Beans, Dry, Pinto, 329 (0% moisture)",MEDIUM,LOW,HIGH,HIGH,HIGH,MEDIUM,LOW,129.0,3.92,196.0,1580.0,,2.94,LOW
"Beans, Dry, Pinto, 333 (0% moisture)",MEDIUM,LOW,HIGH,HIGH,HIGH,HIGH,LOW,161.0,5.34,162.0,1580.0,,3.11,LOW
"Beans, Dry, Pinto, 334 (0% moisture)",MEDIUM,LOW,HIGH,HIGH,HIGH,MEDIUM,LOW,198.0,4.64,162.0,1480.0,,2.61,LOW
"Beans, Dry, Pinto, 336 (0% moisture)",MEDIUM,LOW,HIGH,HIGH,HIGH,HIGH,LOW,226.0,4.93,190.0,1590.0,,3.17,LOW
"Beans, Dry, Pinto, 340 (0% moisture)",MEDIUM,LOW,HIGH,HIGH,HIGH,HIGH,LOW,166.0,5.42,190.0,1620.0,,3.43,LOW
"Beans, Dry, Pinto, 343 (0% moisture)",MEDIUM,LOW,HIGH,HIGH,HIGH,HIGH,LOW,165.0,5.16,162.0,1600.0,,3.18,LOW
"Beans, Dry, Pinto, 349 (0% moisture)",MEDIUM,LOW,HIGH,HIGH,HIGH,HIGH,LOW,127.0,4.71,170.0,1850.0,,3.21,LOW
"Beans, Dry, Pinto, 352 (0% moisture)",MEDIUM,LOW,HIGH,HIGH,HIGH,HIGH,LOW,135.0,5.21,169.0,1690.0,,3.07,LOW
"Beans, Dry, Pinto, 353 (0% moisture)",MEDIUM,LOW,HIGH,HIGH,HIGH,HIGH,LOW,203.0,4.93,163.0,1620.0,,3.55,LOW
"Beans, Dry, Pinto, 355 (0% moisture)",MEDIUM,LOW,UNKNOWN,HIGH,HIGH,MEDIUM,LOW,115.0,,136.0,1150.0,,2.71,LOW
"Beans, Dry, Pinto, 356 (0% moisture)",MEDIUM,LOW,HIGH,HIGH,HIGH,MEDIUM,LOW,185.0,3.6,188.0,1520.0,,2.91,LOW
"Beans, Dry, Pinto, 358 (0% moisture)",MEDIUM,LOW,HIGH,HIGH,HIGH,HIGH,LOW,178.0,4.12,165.0,1490.0,,3.06,LOW
"Beans, Dry, Pinto, 360 (0% moisture)",MEDIUM,LOW,HIGH,HIGH,HIGH,HIGH,LOW,142.0,5.12,146.0,1570.0,,3.31,LOW
"Beans, Dry, Pinto, 361 (0% moisture)",MEDIUM,LOW,HIGH,HIGH,HIGH,HIGH,LOW,133.0,4.93,174.0,1560.0,,3.23,LOW
"Beans, Dry, Pinto, 362 (0% moisture)",MEDIUM,LOW,HIGH,HIGH,HIGH,HIGH,LOW,149.0,5.2,171.0,1680.0,,3.64,LOW
"Beans, Dry, Pinto, 365 (0% moisture)",MEDIUM,LOW,HIGH,HIGH,HIGH,HIGH,LOW,204.0,3.58,149.0,1560.0,,3.19,LOW
"Beans, Dry, Pinto, 366 (0% moisture)",MEDIUM,LOW,HIGH,HIGH,HIGH,HIGH,LOW,209.0,5.36,149.0,1520.0,,3.18,LOW
"Beans, Dry, Pinto, 367 (0% moisture)",MEDIUM,LOW,HIGH,HIGH,HIGH,HIGH,LOW,165.0,4.67,164.0,1610.0,,3.04,LOW
"Beans, Dry, Pinto, 368 (0% moisture)",MEDIUM,LOW,HIGH,HIGH,HIGH,HIGH,LOW,142.0,5.13,168.0,1420.0,,3.35,LOW
"Beans, Dry, Pinto, 371 (0% moisture)",MEDIUM,LOW,HIGH,HIGH,HIGH,HIGH,LOW,145.0,5.94,163.0,1610.0,,3.47,LOW
"Beans, Dry, Pinto, 372 (0% moisture)",MEDIUM,LOW,HIGH,HIGH,HIGH,MEDIUM,LOW,176.0,4.02,188.0,1620.0,,2.94,LOW
"Beans, Dry, Pinto, 373 (0% moisture)",MEDIUM,LOW,HIGH,HIGH,HIGH,HIGH,LOW,138.0,6.09,161.0,1460.0,,3.8,LOW
"Beans, Dry, Pinto, 377 (0% moisture)",MEDIUM,LOW,HIGH,HIGH,HIGH,HIGH,LOW,162.0,4.36,149.0,1440.0,,3.15,LOW
"Beans, Dry, Pinto, 381 (0% moisture)",MEDIUM,LOW,HIGH,HIGH,HIGH,MEDIUM,LOW,139.0,4.76,198.0,1540.0,,2.96,LOW
"Beans, Dry, Pinto, 382 (0% moisture)",MEDIUM,LOW,HIGH,HIGH,HIGH,HIGH,LOW,186.0,4.96,159.0,1480.0,,3.15,LOW
"Beans, Dry, Pinto, 383 (0% moisture)",MEDIUM,LOW,HIGH,HIGH,HIGH,HIGH,LOW,161.0,4.95,206.0,1620.0,,3.46,LOW
"Beans, Dry, Pinto, 388 (0% moisture)",MEDIUM,LOW,HIGH,HIGH,HIGH,HIGH,LOW,207.0,3.84,194.0,1580.0,,3.06,LOW
"Beans, Dry, Pinto, 389 (0% moisture)",MEDIUM,LOW,HIGH,HIGH,HIGH,HIGH,LOW,160.0,5.24,156.0,1450.0,,3.2,LOW
"Beans, Dry, Pinto, 390 (0% moisture)",MEDIUM,LOW,HIGH,HIGH,HIGH,HIGH,LOW,198.0,5.94,199.0,1620.0,,3.16,LOW
"Beans, Dry, Pinto, 391 (0% moisture)",MEDIUM,LOW,HIGH,HIGH,HIGH,HIGH,LOW,155.0,5.48,175.0,1570.0,,3.82,LOW
"Beans, Dry, Pinto, 393 (0% moisture)",MEDIUM,LOW,HIGH,HIGH,HIGH,HIGH,LOW,192.0,4.12,194.0,1660.0,,3.41,LOW
"Beans, Dry, Pinto, 394 (0% moisture)",MEDIUM,LOW,HIGH,HIGH,HIGH,HIGH,LOW,131.0,6.21,177.0,1600.0,,4.32,LOW
"Beans, Dry, Pinto, 397 (0% moisture)",MEDIUM,LOW,HIGH,HIGH,HIGH,HIGH,LOW,192.0,4.67,163.0,1530.0,,3.14,LOW
"Beans, Dry, Pinto, 398 (0% moisture)",MEDIUM,LOW,HIGH,HIGH,HIGH,HIGH,LOW,185.0,5.56,169.0,1540.0,,3.88,LOW
"Beans, Dry, Pinto, 408 (0% moisture)",MEDIUM,LOW,HIGH,HIGH,HIGH,HIGH,LOW,148.0,4.96,169.0,1740.0,,3.84,LOW
"Beans, Dry, Pinto, 410 (0% moisture)",MEDIUM,LOW,HIGH,HIGH,HIGH,HIGH,LOW,162.0,5.23,174.0,1500.0,,3.53,LOW
"Beans, Dry, Pinto, 413 (0% moisture)",MEDIUM,LOW,HIGH,HIGH,HIGH,HIGH,LOW,139.0,4.9,177.0,1680.0,,3.27,LOW
"Beans, Dry, Pinto, 414 (0% moisture)",MEDIUM,LOW,HIGH,HIGH,HIGH,HIGH,LOW,139.0,4.55,173.0,1590.0,,3.32,LOW
"Beans, Dry, Pinto, 416 (0% moisture)",MEDIUM,LOW,HIGH,HIGH,HIGH,HIGH,LOW,162.0,4.12,168.0,1550.0,,3.44,LOW
"Beans, Dry, Pinto, 420 (0% moisture)",MEDIUM,LOW,HIGH,HIGH,HIGH,HIGH,LOW,169.0,5.02,166.0,1620.0,,3.01,LOW
"Beans, Dry, Pinto, 421 (0% moisture)",MEDIUM,LOW,HIGH,HIGH,HIGH,HIGH,LOW,145.0,5.4,154.0,1590.0,,3.61,LOW
"Beans, Dry, Pinto, 425 (0% moisture)",MEDIUM,LOW,HIGH,HIGH,HIGH,HIGH,LOW,154.0,4.4,179.0,1620.0,,3.47,LOW
"Beans, Dry, Pinto, 426 (0% moisture)",MEDIUM,LOW,HIGH,HIGH,HIGH,MEDIUM,LOW,127.0,3.72,181.0,1380.0,,2.88,LOW
"Beans, Dry, Pinto, 427 (0% moisture)",MEDIUM,LOW,HIGH,HIGH,HIGH,HIGH,LOW,186.0,4.98,157.0,1520.0,,3.65,LOW
"Beans, Dry, Pinto, 428 (0% moisture)",MEDIUM,LOW,HIGH,HIGH,HIGH,HIGH,LOW,224.0,4.61,191.0,1630.0,,3.29,LOW
"Beans, Dry, Pinto, 432 (0% moisture)",MEDIUM,LOW,HIGH,HIGH,HIGH,HIGH,LOW,196.0,6.19,153.0,1610.0,,3.79,LOW
"Beans, Dry, Pinto, 435 (0% moisture)",MEDIUM,LOW,HIGH,HIGH,HIGH,HIGH,LOW,201.0,4.88,157.0,1630.0,,3.56,LOW
"Beans, Dry, Pinto, 436 (0% moisture)",MEDIUM,LOW,HIGH,HIGH,HIGH,MEDIUM,LOW,115.0,4.6,151.0,1440.0,,2.98,LOW
"Beans, Dry, Pinto, 437 (0% moisture)",MEDIUM,LOW,HIGH,HIGH,HIGH,HIGH,LOW,138.0,4.52,170.0,1590.0,,3.31,LOW
"Beans, Dry, Pinto, 440 (0% moisture)",MEDIUM,LOW,HIGH,HIGH,HIGH,MEDIUM,LOW,150.0,5.08,156.0,1560.0,,2.91,LOW
"Beans, Dry, Pinto, 442 (0% moisture)",MEDIUM,LOW,HIGH,HIGH,HIGH,HIGH,LOW,206.0,4.57,158.0,1530.0,,3.51,LOW
"Beans, Dry, Pinto, 450 (0% moisture)",MEDIUM,LOW,HIGH,HIGH,HIGH,HIGH,LOW,138.0,4.9,147.0,1450.0,,3.0,LOW
"Beans, Dry, Pinto, 451 (0% moisture)",MEDIUM,LOW,HIGH,HIGH,HIGH,HIGH,LOW,188.0,4.26,183.0,1610.0,,3.11,LOW
"Beans, Dry, Pinto, 452 (0% moisture)",MEDIUM,LOW,HIGH,HIGH,HIGH,HIGH,LOW,215.0,5.07,170.0,1570.0,,3.82,LOW
"Beans, Dry, Pinto, 454 (0% moisture)",MEDIUM,LOW,HIGH,HIGH,HIGH,HIGH,LOW,199.0,4.67,172.0,1500.0,,3.31,LOW
"Beans, Dry, Pinto, 455 (0% moisture)",MEDIUM,LOW,HIGH,HIGH,HIGH,HIGH,LOW,172.0,5.24,176.0,1660.0,,4.18,LOW
"Beans, Dry, Pinto, 456 (0% moisture)",MEDIUM,LOW,HIGH,HIGH,HIGH,HIGH,LOW,142.0,4.39,175.0,1550.0,,3.71,LOW
"Beans, Dry, Pinto, 459 (0% moisture)",MEDIUM,LOW,HIGH,HIGH,HIGH,MEDIUM,LOW,169.0,4.35,178.0,1600.0,,2.99,LOW
"Beans, Dry, Pinto, 462 (0% moisture)",MEDIUM,LOW,HIGH,HIGH,HIGH,HIGH,LOW,149.0,5.67,170.0,1810.0,,4.31,LOW
"Beans, Dry, Pinto, 463 (0% moisture)",MEDIUM,LOW,HIGH,HIGH,HIGH,HIGH,LOW,184.0,4.57,164.0,1570.0,,3.32,LOW
"Beans, Dry, Pinto, 464 (0% moisture)",MEDIUM,LOW,HIGH,HIGH,HIGH,HIGH,LOW,160.0,4.35,198.0,1650.0,,3.87,LOW
"Beans, Dry, Pinto, 465 (0% moisture)",MEDIUM,LOW,HIGH,HIGH,HIGH,HIGH,LOW,146.0,6.82,163.0,1670.0,,4.1,LOW
"Beans, Dry, Pinto, 466 (0% moisture)",MEDIUM,LOW,HIGH,HIGH,HIGH,HIGH,LOW,158.0,4.31,153.0,1480.0,,3.62,LOW
"Beans, Dry, Pinto, 468 (0% moisture)",MEDIUM,LOW,HIGH,HIGH,HIGH,HIGH,LOW,182.0,7.15,173.0,1640.0,,4.16,LOW
"Beans, Dry, Pinto, 469 (0% moisture)",MEDIUM,LOW,HIGH,HIGH,HIGH,HIGH,LOW,192.0,6.4,153.0,1480.0,,3.45,LOW
"Beans, Dry, Pinto, 475 (0% moisture)",MEDIUM,LOW,HIGH,HIGH,HIGH,HIGH,LOW,241.0,4.54,213.0,1560.0,,3.91,LOW
"Beans, Dry, Pinto, 479 (0% moisture)",MEDIUM,LOW,HIGH,HIGH,HIGH,HIGH,LOW,122.0,4.55,163.0,1580.0,,3.54,LOW
"Beans, Dry, Pinto, 480 (0% moisture)",MEDIUM,LOW,HIGH,HIGH,HIGH,HIGH,LOW,138.0,4.85,172.0,1780.0,,3.89,LOW
"Beans, Dry, Pinto, 482 (0% moisture)",MEDIUM,LOW,HIGH,HIGH,HIGH,HIGH,LOW,157.0,6.05,164.0,1620.0,,3.23,LOW
"Beans, Dry, Pinto, 484 (0% moisture)",MEDIUM,LOW,HIGH,HIGH,HIGH,HIGH,LOW,199.0,5.3,164.0,1510.0,,3.66,LOW
"Beans, Dry, Pinto, 489 (0% moisture)",MEDIUM,LOW,HIGH,HIGH,HIGH,HIGH,LOW,178.0,4.38,161.0,1560.0,,3.59,LOW
"Beans, Dry, Pinto, 492 (0% moisture)",MEDIUM,LOW,HIGH,HIGH,HIGH,HIGH,LOW,159.0,5.36,172.0,1730.0,,3.84,LOW
"Beans, Dry, Pinto, 494 (0% moisture)",MEDIUM,LOW,HIGH,HIGH,HIGH,HIGH,LOW,203.0,4.88,155.0,1640.0,,3.4,LOW
"Beans, Dry, Pinto, 496 (0% moisture)",MEDIUM,LOW,HIGH,HIGH,HIGH,HIGH,LOW,193.0,5.25,156.0,1540.0,,3.34,LOW
"Beans, Dry, Pinto, 497 (0% moisture)",MEDIUM,LOW,HIGH,HIGH,HIGH,HIGH,LOW,214.0,4.62,153.0,1560.0,,3.59,LOW
"Beans, Dry, Pinto, 498 (0% moisture)",MEDIUM,LOW,HIGH,HIGH,HIGH,HIGH,LOW,112.0,5.57,150.0,1590.0,,3.76,LOW
"Beans, Dry, Pinto, 499 (0% moisture)",MEDIUM,LOW,HIGH,HIGH,HIGH,HIGH,LOW,130.0,5.5,171.0,1690.0,,3.11,LOW
"Beans, Dry, Pinto, 503 (0% moisture)",MEDIUM,LOW,HIGH,HIGH,HIGH,HIGH,LOW,200.0,5.23,161.0,1530.0,,3.58,LOW
"Beans, Dry, Pinto, 506 (0% moisture)",MEDIUM,LOW,HIGH,HIGH,HIGH,HIGH,LOW,169.0,4.81,192.0,1530.0,,3.5,LOW
"Beans, Dry, Pinto, 510 (0% moisture)",MEDIUM,LOW,HIGH,HIGH,HIGH,HIGH,LOW,202.0,5.24,182.0,1500.0,,3.55,LOW
"Beans, Dry, Pinto, 511 (0% moisture)",MEDIUM,LOW,HIGH,HIGH,HIGH,HIGH,LOW,145.0,4.96,160.0,1480.0,,3.47,LOW
"Beans, Dry, Pinto, 512 (0% moisture)",MEDIUM,LOW,HIGH,HIGH,HIGH,HIGH,LOW,129.0,6.37,161.0,1590.0,,3.68,LOW
"Beans, Dry, Pinto, 513 (0% moisture)",MEDIUM,LOW,HIGH,HIGH,HIGH,HIGH,LOW,172.0,5.46,167.0,1580.0,,3.67,LOW
"Beans, Dry, Pinto, 515 (0% moisture)",MEDIUM,LOW,UNKNOWN,HIGH,HIGH,HIGH,LOW,160.0,,182.0,1560.0,,3.44,LOW
"Beans, Dry, Pinto, 516 (0% moisture)",MEDIUM,LOW,HIGH,HIGH,HIGH,HIGH,LOW,202.0,5.68,167.0,1500.0,,3.93,LOW
"Beans, Dry, Pinto, 517 (0% moisture)",MEDIUM,LOW,HIGH,HIGH,HIGH,HIGH,LOW,103.0,4.75,175.0,1610.0,,3.54,LOW
"Beans, Dry, Pinto, 520 (0% moisture)",MEDIUM,LOW,HIGH,HIGH,HIGH,HIGH,LOW,230.0,5.23,204.0,1520.0,,3.64,LOW
"Beans, Dry, Pinto, 563 (0% moisture)",MEDIUM,LOW,HIGH,HIGH,HIGH,HIGH,LOW,162.0,3.43,167.0,1590.0,,3.28,LOW
"Beans, Dry, Pinto, 591 (0% moisture)",MEDIUM,LOW,HIGH,HIGH,HIGH,HIGH,LOW,210.0,4.61,189.0,1570.0,,3.49,LOW
"Beans, Dry, Pinto, 621 (0% moisture)",MEDIUM,LOW,HIGH,HIGH,HIGH,HIGH,LOW,147.0,4.67,201.0,1650.0,,3.69,LOW
"Beans, Dry, Pinto, 630 (0% moisture)",MEDIUM,LOW,HIGH,HIGH,HIGH,MEDIUM,LOW,153.0,4.52,153.0,1030.0,,2.74,LOW
"Beans, Dry, Pinto, 631 (0% moisture)",MEDIUM,LOW,HIGH,HIGH,HIGH,HIGH,LOW,137.0,5.63,164.0,1400.0,,3.14,LOW
"Beans, Dry, Pinto, 632 (0% moisture)",MEDIUM,LOW,HIGH,HIGH,HIGH,MEDIUM,LOW,131.0,4.91,133.0,1330.0,,2.41,LOW
"Beans, Dry, Pinto, 633 (0% moisture)",MEDIUM,LOW,HIGH,HIGH,HIGH,HIGH,LOW,141.0,6.13,170.0,1750.0,,3.48,LOW
"Beans, Dry, Pinto, 634 (0% moisture)",MEDIUM,LOW,HIGH,HIGH,HIGH,MEDIUM,LOW,121.0,4.39,134.0,1400.0,,2.89,LOW
"Beans, Dry, Pinto, 639 (0% moisture)",MEDIUM,LOW,HIGH,HIGH,HIGH,HIGH,LOW,225.0,4.64,171.0,1610.0,,3.29,LOW
"Beans, Dry, Pinto, 640 (0% moisture)",MEDIUM,LOW,HIGH,HIGH,HIGH,HIGH,LOW,127.0,4.48,171.0,1360.0,,3.17,LOW
"Beans, Dry, Pinto, 642 (0% moisture)",MEDIUM,LOW,HIGH,HIGH,HIGH,HIGH,LOW,158.0,4.49,191.0,1430.0,,3.04,LOW
"Beans, Dry, Pinto, 643 (0% moisture)",MEDIUM,LOW,HIGH,HIGH,HIGH,HIGH,LOW,167.0,5.05,162.0,1240.0,,3.08,LOW
"Beans, Dry, Pinto, 647 (0% moisture)",MEDIUM,LOW,HIGH,HIGH,HIGH,HIGH,LOW,165.0,5.45,176.0,1540.0,,3.21,LOW
"Beans, Dry, Pinto, 650 (0% moisture)",MEDIUM,LOW,HIGH,HIGH,HIGH,HIGH,LOW,153.0,4.98,184.0,1700.0,,3.51,LOW
"Beans, Dry, Pinto, 653 (0% moisture)",MEDIUM,LOW,HIGH,HIGH,HIGH,HIGH,LOW,154.0,5.16,187.0,1590.0,,3.4,LOW
"Beans, Dry, Pinto, 657 (0% moisture)",MEDIUM,LOW,HIGH,HIGH,HIGH,HIGH,LOW,153.0,4.85,161.0,1520.0,,3.04,LOW
"Beans, Dry, Pinto, 659 (0% moisture)",MEDIUM,LOW,HIGH,HIGH,HIGH,HIGH,LOW,223.0,4.22,188.0,1270.0,,3.04,LOW
"Beans, Dry, Pinto, 660 (0% moisture)",MEDIUM,LOW,HIGH,HIGH,HIGH,HIGH,LOW,209.0,5.13,179.0,1510.0,,3.1,LOW
"Beans, Dry, Pinto, 661 (0% moisture)",MEDIUM,LOW,HIGH,HIGH,HIGH,MEDIUM,LOW,175.0,5.05,156.0,1530.0,,2.97,LOW
"Beans, Dry, Pinto, 663 (0% moisture)",MEDIUM,LOW,HIGH,HIGH,HIGH,HIGH,LOW,133.0,5.66,168.0,1580.0,,3.53,LOW
"Beans, Dry, Pinto, 665 (0% moisture)",MEDIUM,LOW,HIGH,HIGH,HIGH,HIGH,LOW,166.0,6.15,210.0,1800.0,,4.21,LOW
"Beans, Dry, Pinto, 667 (0% moisture)",MEDIUM,LOW,HIGH,HIGH,HIGH,MEDIUM,LOW,228.0,4.52,170.0,1470.0,,2.96,LOW
"Beans, Dry, Pinto, 668 (0% moisture)",MEDIUM,LOW,HIGH,HIGH,HIGH,HIGH,LOW,174.0,4.77,146.0,1280.0,,3.26,LOW
"Beans, Dry, Pinto, 669 (0% moisture)",MEDIUM,LOW,HIGH,HIGH,HIGH,HIGH,LOW,167.0,6.42,179.0,1640.0,,3.82,LOW
"Beans, Dry, Pinto, 671 (0% moisture)",MEDIUM,LOW,HIGH,HIGH,HIGH,HIGH,LOW,194.0,4.33,161.0,1140.0,,3.16,LOW
"Beans, Dry, Pinto, 676 (0% moisture)",MEDIUM,LOW,HIGH,HIGH,HIGH,HIGH,LOW,166.0,4.6,163.0,1510.0,,3.25,LOW
"Beans, Dry, Pinto, 677 (0% moisture)",MEDIUM,LOW,HIGH,HIGH,HIGH,HIGH,LOW,227.0,4.6,199.0,1170.0,,3.91,LOW
"Beans, Dry, Pinto, 678 (0% moisture)",MEDIUM,LOW,HIGH,HIGH,HIGH,HIGH,LOW,166.0,5.18,163.0,1480.0,,3.24,LOW
"Beans, Dry, Pinto, 681 (0% moisture)",MEDIUM,LOW,HIGH,HIGH,HIGH,HIGH,LOW,180.0,4.82,174.0,1460.0,,3.56,LOW
"Beans, Dry, Pinto, 682 (0% moisture)",MEDIUM,LOW,HIGH,HIGH,HIGH,HIGH,LOW,146.0,3.75,175.0,1050.0,,3.2,LOW
"Beans, Dry, Pinto, 684 (0% moisture)",MEDIUM,LOW,HIGH,HIGH,HIGH,MEDIUM,LOW,175.0,4.14,165.0,1420.0,,2.84,LOW
"Beans, Dry, Pinto, 686 (0% moisture)",MEDIUM,LOW,HIGH,HIGH,HIGH,HIGH,LOW,162.0,4.19,183.0,1190.0,,3.66,LOW
"Beans, Dry, Pinto, 691 (0% moisture)",MEDIUM,LOW,HIGH,HIGH,HIGH,HIGH,LOW,175.0,4.15,183.0,1380.0,,3.35,LOW
"Beans, Dry, Pinto, 692 (0% moisture)",MEDIUM,LOW,HIGH,HIGH,HIGH,HIGH,LOW,211.0,4.71,178.0,1560.0,,3.81,LOW
"Beans, Dry, Pinto, 695 (0% moisture)",MEDIUM,LOW,HIGH,HIGH,HIGH,HIGH,LOW,144.0,4.08,141.0,1440.0,,3.3,LOW
"Beans, Dry, Pinto, 696 (0% moisture)",MEDIUM,LOW,HIGH,HIGH,HIGH,HIGH,LOW,162.0,3.49,150.0,1510.0,,3.06,LOW
"Beans, Dry, Pinto, 700 (0% moisture)",MEDIUM,LOW,HIGH,HIGH,HIGH,HIGH,LOW,140.0,4.08,158.0,1520.0,,3.45,LOW
"Beans, Dry, Pinto, 702 (0% moisture)",MEDIUM,LOW,HIGH,HIGH,HIGH,HIGH,LOW,151.0,5.02,166.0,1640.0,,3.88,LOW
"Beans, Dry, Pinto, 704 (0% moisture)",MEDIUM,LOW,HIGH,HIGH,HIGH,HIGH,LOW,187.0,6.07,213.0,1630.0,,3.99,LOW
"Beans, Dry, Pinto, 705 (0% moisture)",MEDIUM,LOW,HIGH,HIGH,HIGH,HIGH,LOW,164.0,4.47,174.0,1420.0,,3.77,LOW
"Beans, Dry, Pinto, 708 (0% moisture)",MEDIUM,LOW,HIGH,HIGH,HIGH,HIGH,LOW,151.0,4.82,176.0,1470.0,,3.86,LOW
"Beans, Dry, Pinto, 709 (0% moisture)",MEDIUM,LOW,HIGH,HIGH,HIGH,HIGH,LOW,170.0,4.38,173.0,1500.0,,3.11,LOW
"Beans, Dry, Pinto, 710 (0% moisture)",MEDIUM,LOW,HIGH,HIGH,HIGH,HIGH,LOW,131.0,5.74,174.0,1670.0,,3.4,LOW
"Beans, Dry, Pinto, 711 (0% moisture)",MEDIUM,LOW,HIGH,HIGH,HIGH,HIGH,LOW,174.0,4.99,183.0,1740.0,,3.87,LOW
"Beans, Dry, Pinto, 714 (0% moisture)",MEDIUM,LOW,HIGH,HIGH,HIGH,HIGH,LOW,135.0,4.9,187.0,1720.0,,3.44,LOW
"Beans, Dry, Pinto, 715 (0% moisture)",MEDIUM,LOW,HIGH,HIGH,HIGH,MEDIUM,LOW,194.0,4.22,151.0,1510.0,,2.86,LOW
"Beans, Dry, Pinto, 717 (0% moisture)",MEDIUM,LOW,HIGH,HIGH,HIGH,HIGH,LOW,191.0,5.25,148.0,1580.0,,3.35,LOW
"Beans, Dry, Pinto, 718 (0% moisture)",MEDIUM,LOW,HIGH,HIGH,HIGH,HIGH,LOW,191.0,4.79,173.0,1460.0,,3.21,LOW
"Beans, Dry, Pinto, 720 (0% moisture)",MEDIUM,LOW,HIGH,HIGH,HIGH,HIGH,LOW,152.0,4.45,154.0,1530.0,,3.04,LOW
"Beans, Dry, Pinto, 724 (0% moisture)",MEDIUM,LOW,HIGH,HIGH,HIGH,HIGH,LOW,114.0,4.86,188.0,1580.0,,3.54,LOW
"Beans, Dry, Pinto, 727 (0% moisture)",MEDIUM,LOW,HIGH,HIGH,HIGH,HIGH,LOW,228.0,5.14,185.0,1600.0,,3.6,LOW
"Beans, Dry, Pinto, 728 (0% moisture)",MEDIUM,LOW,HIGH,HIGH,HIGH,HIGH,LOW,212.0,4.88,158.0,1440.0,,3.36,LOW
"Beans, Dry, Pinto, 729 (0% moisture)",MEDIUM,LOW,HIGH,HIGH,HIGH,HIGH,LOW,199.0,6.89,179.0,1570.0,,3.91,LOW
"Beans, Dry, Pinto, 733 (0% moisture)",MEDIUM,LOW,HIGH,HIGH,HIGH,HIGH,LOW,228.0,4.72,153.0,992.0,,3.03,LOW
"Beans, Dry, Pinto, 734 (0% moisture)",MEDIUM,LOW,HIGH,HIGH,HIGH,HIGH,LOW,117.0,4.12,165.0,1540.0,,3.34,LOW
"Beans, Dry, Pinto, 735 (0% moisture)",MEDIUM,LOW,HIGH,HIGH,HIGH,HIGH,LOW,111.0,5.73,166.0,1560.0,,4.12,LOW
"Beans, Dry, Pinto, 736 (0% moisture)",MEDIUM,LOW,HIGH,HIGH,HIGH,HIGH,LOW,153.0,5.29,153.0,1460.0,,3.3,LOW
"Beans, Dry, Pinto, 738 (0% moisture)",MEDIUM,LOW,HIGH,HIGH,HIGH,HIGH,LOW,244.0,5.37,200.0,1620.0,,4.06,LOW
"Beans, Dry, Pinto, 740 (0% moisture)",MEDIUM,LOW,HIGH,HIGH,HIGH,HIGH,LOW,129.0,5.44,167.0,1160.0,,3.46,LOW
"Beans, Dry, Pinto, 743 (0% moisture)",MEDIUM,LOW,HIGH,HIGH,HIGH,HIGH,LOW,213.0,4.51,159.0,1610.0,,3.32,LOW
"Beans, Dry, Pinto, 744 (0% moisture)",MEDIUM,LOW,HIGH,HIGH,HIGH,HIGH,LOW,158.0,4.66,181.0,1470.0,,3.68,LOW
"Beans, Dry, Pinto, 747 (0% moisture)",MEDIUM,LOW,HIGH,HIGH,HIGH,HIGH,LOW,156.0,4.44,170.0,1480.0,,3.21,LOW
"Beans, Dry, Pinto, 749 (0% moisture)",MEDIUM,LOW,HIGH,HIGH,HIGH,HIGH,LOW,142.0,5.33,167.0,1410.0,,3.68,LOW
"Beans, Dry, Pinto, 751 (0% moisture)",MEDIUM,LOW,HIGH,HIGH,HIGH,HIGH,LOW,185.0,5.68,157.0,1590.0,,3.57,LOW
"Beans, Dry, Pinto, 754 (0% moisture)",MEDIUM,LOW,HIGH,HIGH,HIGH,HIGH,LOW,158.0,4.44,160.0,1380.0,,3.57,LOW
"Beans, Dry, Pinto, 758 (0% moisture)",MEDIUM,LOW,HIGH,HIGH,HIGH,HIGH,LOW,180.0,5.88,157.0,1560.0,,3.44,LOW
"Beans, Dry, Pinto, 761 (0% moisture)",MEDIUM,LOW,HIGH,HIGH,HIGH,HIGH,LOW,136.0,6.67,165.0,1650.0,,3.9,LOW
"Beans, Dry, Pinto, 764 (0% moisture)",MEDIUM,LOW,HIGH,HIGH,HIGH,HIGH,LOW,190.0,5.53,181.0,1590.0,,3.44,LOW
"Beans, Dry, Pinto, 765 (0% moisture)",MEDIUM,LOW,HIGH,HIGH,HIGH,HIGH,LOW,182.0,5.41,158.0,1530.0,,3.65,LOW
"Beans, Dry, Pinto, 770 (0% moisture)",MEDIUM,LOW,HIGH,HIGH,HIGH,HIGH,LOW,160.0,4.19,195.0,1650.0,,3.79,LOW
"Beans, Dry, Pinto, 773 (0% moisture)",MEDIUM,LOW,HIGH,HIGH,HIGH,HIGH,LOW,184.0,7.28,185.0,1690.0,,4.4,LOW
"Beans, Dry, Pinto, 775 (0% moisture)",MEDIUM,LOW,HIGH,HIGH,HIGH,HIGH,LOW,145.0,5.08,174.0,1560.0,,3.73,LOW
"Beans, Dry, Pinto, 776 (0% moisture)",MEDIUM,LOW,HIGH,HIGH,HIGH,HIGH,LOW,155.0,5.04,151.0,1440.0,,3.23,LOW
"Beans, Dry, Pinto, 781 (0% moisture)",MEDIUM,LOW,HIGH,HIGH,HIGH,HIGH,LOW,152.0,5.46,180.0,1080.0,,3.63,LOW
"Beans, Dry, Pinto, 782 (0% moisture)",MEDIUM,LOW,HIGH,HIGH,HIGH,HIGH,LOW,143.0,5.61,155.0,1060.0,,3.87,LOW
"Beans, Dry, Pinto, 783 (0% moisture)",MEDIUM,LOW,HIGH,HIGH,HIGH,HIGH,LOW,129.0,4.8,186.0,1470.0,,3.2,LOW
"Beans, Dry, Pinto, 784 (0% moisture)",MEDIUM,LOW,HIGH,HIGH,HIGH,HIGH,LOW,131.0,5.34,155.0,1670.0,,3.76,LOW
"Beans, Dry, Pinto, 787 (0% moisture)",MEDIUM,LOW,HIGH,HIGH,HIGH,HIGH,LOW,196.0,5.98,148.0,1460.0,,3.86,LOW
"Beans, Dry, Pinto, 791 (0% moisture)",MEDIUM,LOW,HIGH,HIGH,HIGH,HIGH,LOW,191.0,4.14,183.0,1440.0,,3.65,LOW
"Beans, Dry, Pinto, 793 (0% moisture)",MEDIUM,LOW,HIGH,HIGH,HIGH,HIGH,LOW,246.0,5.02,200.0,1660.0,,3.9,LOW
"Beans, Dry, Pinto, 795 (0% moisture)",MEDIUM,LOW,HIGH,HIGH,HIGH,HIGH,LOW,190.0,5.18,189.0,1530.0,,3.25,LOW
"Beans, Dry, Pinto, 801 (0% moisture)",MEDIUM,LOW,HIGH,HIGH,HIGH,HIGH,LOW,162.0,5.26,157.0,1460.0,,3.49,LOW
"Beans, Dry, Pinto, 802 (0% moisture)",MEDIUM,LOW,HIGH,HIGH,HIGH,HIGH,LOW,142.0,5.28,182.0,1530.0,,3.45,LOW
"Beans, Dry, Pinto, 805 (0% moisture)",MEDIUM,LOW,HIGH,HIGH,HIGH,HIGH,LOW,141.0,4.4,150.0,1480.0,,3.49,LOW
"Beans, Dry, Pinto, 807 (0% moisture)",MEDIUM,LOW,HIGH,HIGH,HIGH,HIGH,LOW,153.0,4.91,165.0,1520.0,,3.85,LOW
"Beans, Dry, Pinto, 808 (0% moisture)",MEDIUM,LOW,HIGH,HIGH,HIGH,HIGH,LOW,145.0,5.42,183.0,1800.0,,4.39,LOW
"Beans, Dry, Pinto, 809 (0% moisture)",MEDIUM,LOW,HIGH,HIGH,HIGH,HIGH,LOW,225.0,5.66,179.0,1700.0,,3.76,LOW
"Beans, Dry, Pinto, 810 (0% moisture)",MEDIUM,LOW,HIGH,HIGH,HIGH,HIGH,LOW,168.0,4.77,194.0,1460.0,,3.92,LOW
"Beans, Dry, Pinto, 812 (0% moisture)",MEDIUM,LOW,HIGH,HIGH,HIGH,HIGH,LOW,187.0,4.96,186.0,1460.0,,4.01,LOW
"Beans, Dry, Pinto, 814 (0% moisture)",MEDIUM,LOW,HIGH,HIGH,HIGH,HIGH,LOW,219.0,5.8,169.0,1530.0,,3.93,LOW
"Beans, Dry, Pinto, 815 (0% moisture)",MEDIUM,LOW,HIGH,HIGH,HIGH,HIGH,LOW,147.0,5.32,158.0,1550.0,,3.64,LOW
"Beans, Dry, Pinto, 816 (0% moisture)",MEDIUM,LOW,HIGH,HIGH,HIGH,HIGH,LOW,167.0,4.49,190.0,1660.0,,3.44,LOW
"Beans, Dry, Pinto, 820 (0% moisture)",MEDIUM,LOW,HIGH,HIGH,HIGH,HIGH,LOW,167.0,4.98,161.0,1470.0,,3.79,LOW
"Beans, Dry, Pinto, 821 (0% moisture)",MEDIUM,LOW,HIGH,HIGH,HIGH,HIGH,LOW,126.0,6.55,160.0,1480.0,,4.27,LOW
"Beans, Dry, Pinto, 825 (0% moisture)",MEDIUM,LOW,HIGH,HIGH,HIGH,HIGH,LOW,130.0,4.96,152.0,1450.0,,3.2,LOW
"Beans, Dry, Red (0% moisture)",MEDIUM,LOW,HIGH,HIGH,HIGH,MEDIUM,LOW,148.0,5.05,152.0,1540.0,,2.84,LOW
"Beans, Dry, Red, 345 (0% moisture)",MEDIUM,LOW,HIGH,HIGH,HIGH,MEDIUM,LOW,144.0,4.64,148.0,1540.0,,2.76,LOW
"Beans, Dry, Red, 645 (0% moisture)",MEDIUM,LOW,HIGH,HIGH,HIGH,MEDIUM,LOW,151.0,5.46,156.0,1550.0,,2.92,LOW
"Beans, Dry, Small Red (0% moisture)",MEDIUM,LOW,HIGH,HIGH,HIGH,HIGH,LOW,149.0,4.95,167.0,1520.0,,3.23,LOW
"Beans, Dry, Small Red, 11F-8009 (0% moisture)",MEDIUM,LOW,HIGH,HIGH,HIGH,HIGH,LOW,181.0,6.56,183.0,1550.0,,3.29,LOW
"Beans, Dry, Small Red, 11F-8011 (0% moisture)",MEDIUM,LOW,HIGH,HIGH,HIGH,HIGH,LOW,113.0,6.53,158.0,1520.0,,3.01,LOW
"Beans, Dry, Small Red, 11F-8014 (0% moisture)",MEDIUM,LOW,HIGH,HIGH,HIGH,HIGH,LOW,128.0,6.02,189.0,1540.0,,3.24,LOW
"Beans, Dry, Small Red, 11F-8017 (0% moisture)",MEDIUM,LOW,HIGH,HIGH,HIGH,MEDIUM,LOW,141.0,6.6,177.0,1480.0,,2.84,LOW
"Beans, Dry, Small Red, 11F-8021 (0% moisture)",MEDIUM,LOW,HIGH,HIGH,HIGH,MEDIUM,LOW,112.0,6.02,179.0,1470.0,,2.87,LOW
"Beans, Dry, Small Red, 11F-8033 (0% moisture)",MEDIUM,LOW,HIGH,HIGH,HIGH,HIGH,LOW,108.0,6.35,149.0,1430.0,,3.1,LOW
"Beans, Dry, Small Red, 11F-8050 (0% moisture)",MEDIUM,LOW,HIGH,HIGH,HIGH,HIGH,LOW,102.0,6.98,166.0,1440.0,,3.75,LOW
"Beans, Dry, Small Red, 11F-8056 (0% moisture)",MEDIUM,LOW,HIGH,HIGH,HIGH,HIGH,LOW,136.0,6.19,183.0,1410.0,,3.5,LOW
"Beans, Dry, Small Red, 11F-8073 (0% moisture)",MEDIUM,LOW,HIGH,HIGH,HIGH,HIGH,LOW,138.0,5.91,181.0,1150.0,,3.41,LOW
"Beans, Dry, Small Red, 11F-8111 (0% moisture)",MEDIUM,LOW,HIGH,HIGH,HIGH,MEDIUM,LOW,106.0,5.49,178.0,1520.0,,2.53,LOW
"Beans, Dry, Small Red, 11F-8115 (0% moisture)",MEDIUM,LOW,HIGH,HIGH,HIGH,MEDIUM,LOW,122.0,5.98,160.0,1560.0,,2.6,LOW
"Beans, Dry, Small Red, 11F-8137 (0% moisture)",MEDIUM,LOW,HIGH,HIGH,HIGH,MEDIUM,LOW,129.0,5.76,164.0,1490.0,,2.97,LOW
"Beans, Dry, Small Red, 11F-8142 (0% moisture)",MEDIUM,LOW,HIGH,HIGH,HIGH,HIGH,LOW,133.0,6.27,177.0,1520.0,,3.07,LOW
"Beans, Dry, Small Red, 11F-8153 (0% moisture)",MEDIUM,LOW,HIGH,HIGH,HIGH,MEDIUM,LOW,165.0,7.69,180.0,1520.0,,2.82,LOW
"Beans, Dry, Small Red, 11F-8154 (0% moisture)",MEDIUM,LOW,HIGH,HIGH,HIGH,MEDIUM,LOW,148.0,5.74,178.0,1410.0,,2.83,LOW
"Beans, Dry, Small Red, 11F-8161 (0% moisture)",MEDIUM,LOW,HIGH,HIGH,HIGH,MEDIUM,LOW,112.0,6.64,160.0,1570.0,,2.94,LOW
"Beans, Dry, Small Red, 11F-8169 (0% moisture)",MEDIUM,LOW,HIGH,HIGH,HIGH,MEDIUM,LOW,135.0,6.72,177.0,1540.0,,2.92,LOW
"Beans, Dry, Small Red, 11F-8199 (0% moisture)",MEDIUM,LOW,HIGH,HIGH,HIGH,HIGH,LOW,110.0,6.52,153.0,1550.0,,3.21,LOW
"Beans, Dry, Small Red, 240 (0% moisture)",MEDIUM,LOW,HIGH,HIGH,HIGH,MEDIUM,LOW,175.0,4.46,165.0,1430.0,,2.68,LOW
"Beans, Dry, Small Red, 323 (0% moisture)",MEDIUM,LOW,HIGH,HIGH,HIGH,HIGH,LOW,140.0,4.51,163.0,1450.0,,3.25,LOW
"Beans, Dry, Small Red, 330 (0% moisture)",MEDIUM,LOW,HIGH,HIGH,HIGH,MEDIUM,LOW,122.0,4.78,158.0,1370.0,,2.67,LOW
"Beans, Dry, Small Red, 332 (0% moisture)",MEDIUM,LOW,HIGH,HIGH,HIGH,MEDIUM,LOW,177.0,4.44,146.0,1450.0,,2.79,LOW
"Beans, Dry, Small Red, 344 (0% moisture)",MEDIUM,LOW,HIGH,HIGH,HIGH,HIGH,LOW,123.0,4.11,173.0,1570.0,,3.58,LOW
"Beans, Dry, Small Red, 347 (0% moisture)",MEDIUM,LOW,HIGH,HIGH,HIGH,MEDIUM,LOW,107.0,5.09,157.0,1500.0,,2.98,LOW
"Beans, Dry, Small Red, 357 (0% moisture)",MEDIUM,LOW,HIGH,HIGH,HIGH,HIGH,LOW,111.0,4.38,172.0,1500.0,,3.33,LOW
"Beans, Dry, Small Red, 369 (0% moisture)",MEDIUM,LOW,HIGH,HIGH,HIGH,HIGH,LOW,156.0,4.24,176.0,1710.0,,3.23,LOW
"Beans, Dry, Small Red, 370 (0% moisture)",MEDIUM,LOW,HIGH,HIGH,HIGH,HIGH,LOW,145.0,4.35,162.0,1420.0,,3.16,LOW
"Beans, Dry, Small Red, 374 (0% moisture)",MEDIUM,LOW,HIGH,HIGH,HIGH,MEDIUM,LOW,115.0,4.41,150.0,1560.0,,2.98,LOW
"Beans, Dry, Small Red, 376 (0% moisture)",MEDIUM,LOW,HIGH,HIGH,HIGH,HIGH,LOW,175.0,3.32,176.0,1610.0,,3.21,LOW
"Beans, Dry, Small Red, 400 (0% moisture)",MEDIUM,LOW,HIGH,HIGH,HIGH,HIGH,LOW,145.0,4.77,152.0,1560.0,,3.13,LOW
"Beans, Dry, Small Red, 403 (0% moisture)",MEDIUM,LOW,HIGH,HIGH,HIGH,HIGH,LOW,180.0,4.33,153.0,1460.0,,3.09,LOW
"Beans, Dry, Small Red, 405 (0% moisture)",MEDIUM,LOW,HIGH,HIGH,HIGH,HIGH,LOW,187.0,5.08,159.0,1500.0,,3.12,LOW
"Beans, Dry, Small Red, 409 (0% moisture)",MEDIUM,LOW,HIGH,HIGH,HIGH,HIGH,LOW,190.0,3.41,165.0,1650.0,,3.57,LOW
"Beans, Dry, Small Red, 417 (0% moisture)",MEDIUM,LOW,HIGH,HIGH,HIGH,HIGH,LOW,204.0,4.82,186.0,1480.0,,3.64,LOW
"Beans, Dry, Small Red, 419 (0% moisture)",MEDIUM,LOW,HIGH,HIGH,HIGH,HIGH,LOW,172.0,4.94,158.0,1490.0,,3.77,LOW
"Beans, Dry, Small Red, 431 (0% moisture)",MEDIUM,LOW,HIGH,HIGH,HIGH,HIGH,LOW,116.0,4.1,162.0,1520.0,,3.33,LOW
"Beans, Dry, Small Red, 439 (0% moisture)",MEDIUM,LOW,HIGH,HIGH,HIGH,HIGH,LOW,127.0,4.32,151.0,1620.0,,3.01,LOW
"Beans, Dry, Small Red, 470 (0% moisture)",MEDIUM,LOW,HIGH,HIGH,HIGH,HIGH,LOW,135.0,4.84,173.0,1520.0,,3.25,LOW
"Beans, Dry, Small Red, 471 (0% moisture)",MEDIUM,LOW,HIGH,HIGH,HIGH,HIGH,LOW,151.0,4.52,149.0,1540.0,,3.01,LOW
"Beans, Dry, Small Red, 473 (0% moisture)",MEDIUM,LOW,HIGH,HIGH,HIGH,HIGH,LOW,173.0,5.21,146.0,1410.0,,3.31,LOW
"Beans, Dry, Small Red, 487 (0% moisture)",MEDIUM,LOW,HIGH,HIGH,HIGH,HIGH,LOW,165.0,5.42,163.0,1590.0,,3.38,LOW
"Beans, Dry, Small Red, 488 (0% moisture)",MEDIUM,LOW,HIGH,HIGH,HIGH,HIGH,LOW,208.0,4.9,161.0,1420.0,,3.38,LOW
"Beans, Dry, Small Red, 491 (0% moisture)",MEDIUM,LOW,HIGH,HIGH,HIGH,HIGH,LOW,168.0,3.86,161.0,1510.0,,3.06,LOW
"Beans, Dry, Small Red, 493 (0% moisture)",MEDIUM,LOW,HIGH,HIGH,HIGH,MEDIUM,LOW,102.0,4.77,153.0,1680.0,,2.96,LOW
"Beans, Dry, Small Red, 500 (0% moisture)",MEDIUM,LOW,HIGH,HIGH,HIGH,HIGH,LOW,230.0,4.06,172.0,1550.0,,3.74,LOW
"Beans, Dry, Small Red, 505 (0% moisture)",MEDIUM,LOW,HIGH,HIGH,HIGH,HIGH,LOW,127.0,3.76,157.0,1500.0,,3.36,LOW
"Beans, Dry, Small Red, 508 (0% moisture)",MEDIUM,LOW,HIGH,HIGH,HIGH,HIGH,LOW,128.0,4.92,151.0,1670.0,,3.33,LOW
"Beans, Dry, Small Red, 509 (0% moisture)",MEDIUM,LOW,HIGH,HIGH,HIGH,HIGH,LOW,132.0,3.73,174.0,1640.0,,3.34,LOW
"Beans, Dry, Small Red, 606 (0% moisture)",MEDIUM,LOW,HIGH,HIGH,HIGH,HIGH,LOW,169.0,5.15,200.0,1520.0,,3.31,LOW
"Beans, Dry, Small Red, 635 (0% moisture)",MEDIUM,LOW,HIGH,HIGH,HIGH,MEDIUM,LOW,227.0,5.06,170.0,1490.0,,2.95,LOW
"Beans, Dry, Small Red, 646 (0% moisture)",MEDIUM,LOW,HIGH,HIGH,HIGH,MEDIUM,LOW,127.0,5.06,149.0,1450.0,,2.9,LOW
"Beans, Dry, Small Red, 649 (0% moisture)",MEDIUM,LOW,HIGH,HIGH,HIGH,MEDIUM,LOW,101.0,4.9,146.0,1470.0,,2.65,LOW
"Beans, Dry, Small Red, 670 (0% moisture)",MEDIUM,LOW,HIGH,HIGH,HIGH,MEDIUM,LOW,111.0,4.42,140.0,1510.0,,2.83,LOW
"Beans, Dry, Small Red, 673 (0% moisture)",MEDIUM,LOW,HIGH,HIGH,HIGH,HIGH,LOW,166.0,4.38,161.0,1520.0,,3.03,LOW
"Beans, Dry, Small Red, 674 (0% moisture)",MEDIUM,LOW,HIGH,HIGH,HIGH,HIGH,LOW,201.0,5.22,193.0,1520.0,,3.96,LOW
"Beans, Dry, Small Red, 685 (0% moisture)",MEDIUM,LOW,HIGH,HIGH,HIGH,HIGH,LOW,167.0,3.67,177.0,1640.0,,3.27,LOW
"Beans, Dry, Small Red, 690 (0% moisture)",MEDIUM,LOW,HIGH,HIGH,HIGH,HIGH,LOW,127.0,3.52,180.0,1530.0,,3.14,LOW
"Beans, Dry, Small Red, 698 (0% moisture)",MEDIUM,LOW,HIGH,HIGH,HIGH,HIGH,LOW,140.0,4.15,175.0,1600.0,,3.66,LOW
"Beans, Dry, Small Red, 703 (0% moisture)",MEDIUM,LOW,HIGH,HIGH,HIGH,HIGH,LOW,144.0,4.77,174.0,1360.0,,3.73,LOW
"Beans, Dry, Small Red, 722 (0% moisture)",MEDIUM,LOW,HIGH,HIGH,HIGH,HIGH,LOW,196.0,4.59,171.0,1480.0,,3.4,LOW
"Beans, Dry, Small Red, 731 (0% moisture)",MEDIUM,LOW,HIGH,HIGH,HIGH,HIGH,LOW,142.0,3.34,162.0,1530.0,,3.13,LOW
"Beans, Dry, Small Red, 746 (0% moisture)",MEDIUM,LOW,HIGH,HIGH,HIGH,MEDIUM,LOW,119.0,4.54,153.0,1640.0,,2.98,LOW
"Beans, Dry, Small Red, 755 (0% moisture)",MEDIUM,LOW,HIGH,HIGH,HIGH,HIGH,LOW,187.0,4.96,162.0,1520.0,,3.34,LOW
"Beans, Dry, Small Red, 757 (0% moisture)",MEDIUM,LOW,HIGH,HIGH,HIGH,HIGH,LOW,153.0,3.92,163.0,1380.0,,3.02,LOW
"Beans, Dry, Small Red, 759 (0% moisture)",MEDIUM,LOW,HIGH,HIGH,HIGH,HIGH,LOW,205.0,5.31,181.0,1570.0,,3.45,LOW
"Beans, Dry, Small Red, 760 (0% moisture)",MEDIUM,LOW,HIGH,HIGH,HIGH,HIGH,LOW,125.0,4.53,180.0,1540.0,,3.33,LOW
"Beans, Dry, Small Red, 769 (0% moisture)",MEDIUM,LOW,UNKNOWN,HIGH,HIGH,HIGH,LOW,220.0,,171.0,1570.0,,3.76,LOW
"Beans, Dry, Small Red, 772 (0% moisture)",MEDIUM,LOW,HIGH,HIGH,HIGH,HIGH,LOW,162.0,5.04,160.0,1510.0,,3.24,LOW
"Beans, Dry, Small Red, 774 (0% moisture)",MEDIUM,LOW,HIGH,HIGH,HIGH,HIGH,LOW,116.0,5.12,167.0,1660.0,,3.63,LOW
"Beans, Dry, Small Red, 785 (0% moisture)",MEDIUM,LOW,HIGH,HIGH,HIGH,HIGH,LOW,174.0,5.07,214.0,1780.0,,4.12,LOW
"Beans, Dry, Small Red, 786 (0% moisture)",MEDIUM,LOW,HIGH,HIGH,HIGH,HIGH,LOW,133.0,5.06,165.0,1510.0,,3.5,LOW
"Beans, Dry, Small Red, 797 (0% moisture)",MEDIUM,LOW,HIGH,HIGH,HIGH,MEDIUM,LOW,141.0,4.5,165.0,1360.0,,2.63,LOW
"Beans, Dry, Small Red, 798 (0% moisture)",MEDIUM,LOW,HIGH,HIGH,HIGH,HIGH,LOW,156.0,3.99,174.0,1520.0,,3.68,LOW
"Beans, Dry, Small Red, 799 (0% moisture)",MEDIUM,LOW,HIGH,HIGH,HIGH,HIGH,LOW,177.0,4.65,171.0,1490.0,,3.75,LOW
"Beans, Dry, Small Red, 804 (0% moisture)",MEDIUM,LOW,HIGH,HIGH,HIGH,HIGH,LOW,175.0,5.09,153.0,1430.0,,3.22,LOW
"Beans, Dry, Small Red, 806 (0% moisture)",MEDIUM,LOW,HIGH,HIGH,HIGH,HIGH,LOW,182.0,3.88,172.0,1590.0,,3.71,LOW
"Beans, Dry, Small Red, 811 (0% moisture)",MEDIUM,LOW,HIGH,HIGH,HIGH,HIGH,LOW,109.0,5.42,174.0,1780.0,,3.54,LOW
"Beans, Dry, Small Red, 813 (0% moisture)",MEDIUM,LOW,HIGH,HIGH,HIGH,HIGH,LOW,127.0,4.12,170.0,1470.0,,3.4,LOW
"Beans, Dry, Small White (0% moisture)",MEDIUM,LOW,HIGH,HIGH,HIGH,HIGH,LOW,236.0,4.93,182.0,1540.0,,3.54,LOW
"Beans, Dry, Small White, 11F-8057 (0% moisture)",MEDIUM,LOW,HIGH,HIGH,HIGH,HIGH,LOW,196.0,7.49,182.0,1330.0,,3.98,LOW
"Beans, Dry, Small White, 11F-8160 (0% moisture)",MEDIUM,LOW,HIGH,HIGH,HIGH,HIGH,LOW,217.0,7.91,177.0,1400.0,,3.4,LOW
"Beans, Dry, Small White, 239 (0% moisture)",MEDIUM,LOW,HIGH,HIGH,HIGH,HIGH,LOW,218.0,4.65,207.0,1570.0,,3.42,LOW
"Beans, Dry, Small White, 265 (0% moisture)",MEDIUM,LOW,HIGH,HIGH,HIGH,HIGH,LOW,228.0,4.52,163.0,1490.0,,3.26,LOW
"Beans, Dry, Small White, 272 (0% moisture)",MEDIUM,LOW,HIGH,HIGH,HIGH,HIGH,LOW,212.0,4.74,161.0,1440.0,,4.01,LOW
"Beans, Dry, Small White, 275 (0% moisture)",MEDIUM,LOW,HIGH,HIGH,HIGH,HIGH,LOW,186.0,3.48,161.0,1530.0,,3.02,LOW
"Beans, Dry, Small White, 285 (0% moisture)",MEDIUM,LOW,HIGH,HIGH,HIGH,HIGH,LOW,273.0,4.44,189.0,1720.0,,3.24,LOW
"Beans, Dry, Small White, 309 (0% moisture)",MEDIUM,LOW,HIGH,HIGH,HIGH,HIGH,LOW,281.0,5.06,177.0,1690.0,,3.7,LOW
"Beans, Dry, Small White, 527 (0% moisture)",MEDIUM,LOW,HIGH,HIGH,HIGH,HIGH,LOW,236.0,4.42,181.0,1490.0,,3.45,LOW
"Beans, Dry, Small White, 544 (0% moisture)",HIGH,LOW,HIGH,HIGH,HIGH,HIGH,LOW,301.0,4.69,200.0,1550.0,,3.12,LOW
"Beans, Dry, Small White, 549 (0% moisture)",MEDIUM,LOW,HIGH,HIGH,HIGH,HIGH,LOW,259.0,5.35,198.0,1740.0,,3.62,LOW
"Beans, Dry, Small White, 564 (0% moisture)",MEDIUM,LOW,HIGH,HIGH,HIGH,HIGH,LOW,214.0,4.05,176.0,1550.0,,3.66,LOW
"Beans, Dry, Small White, 571 (0% moisture)",MEDIUM,LOW,HIGH,HIGH,HIGH,HIGH,LOW,217.0,3.91,207.0,1590.0,,3.65,LOW
"Beans, Dry, Small White, 618 (0% moisture)",MEDIUM,LOW,HIGH,HIGH,HIGH,HIGH,LOW,259.0,4.3,174.0,1420.0,,3.98,LOW
"Beans, Dry, Tan (0% moisture)",MEDIUM,LOW,HIGH,HIGH,HIGH,HIGH,LOW,178.0,5.85,198.0,1620.0,,3.5,LOW
"Beans, Dry, Tan, 11F-8005 (0% moisture)",MEDIUM,LOW,HIGH,HIGH,HIGH,HIGH,LOW,160.0,7.99,204.0,1600.0,,3.38,LOW
"Beans, Dry, Tan, 11F-8042 (0% moisture)",MEDIUM,LOW,HIGH,HIGH,HIGH,HIGH,LOW,166.0,6.02,208.0,1530.0,,3.26,LOW
"Beans, Dry, Tan, 11F-8148 (0% moisture)",MEDIUM,LOW,HIGH,HIGH,HIGH,HIGH,LOW,174.0,5.99,196.0,1610.0,,3.16,LOW
"Beans, Dry, Tan, 11F-8175 (0% moisture)",MEDIUM,LOW,HIGH,HIGH,HIGH,MEDIUM,LOW,155.0,8.79,196.0,1620.0,,2.74,LOW
"Beans, Dry, Tan, 231 (0% moisture)",MEDIUM,LOW,HIGH,HIGH,HIGH,HIGH,LOW,187.0,4.22,198.0,1760.0,,3.69,LOW
"Beans, Dry, Tan, 302 (0% moisture)",MEDIUM,LOW,HIGH,HIGH,HIGH,HIGH,LOW,197.0,4.85,180.0,1670.0,,3.9,LOW
"Beans, Dry, Tan, 540 (0% moisture)",MEDIUM,LOW,HIGH,HIGH,HIGH,HIGH,LOW,186.0,4.97,177.0,1520.0,,3.91,LOW
"Beans, Dry, Tan, 577 (0% moisture)",MEDIUM,LOW,HIGH,HIGH,HIGH,HIGH,LOW,197.0,3.95,222.0,1680.0,,3.97,LOW
"Beans, black, canned, sodium added, drained and rinsed",LOW,LOW,MEDIUM,MEDIUM,MEDIUM,LOW,LOW,43.31,1.688,32.54,253.1,,0.7399,LOW
"Beans, cannellini, canned, sodium added, drained and rinsed",LOW,LOW,MEDIUM,MEDIUM,MEDIUM,LOW,LOW,69.19,1.405,29.29,202.6,,0.5155,LOW
"Beans, cannellini, dry",MEDIUM,LOW,HIGH,HIGH,HIGH,MEDIUM,LOW,142.9,6.673,153.6,1424.0,,2.72,LOW
"Beans, great northern, canned, sodium added, drained and rinsed",LOW,LOW,MEDIUM,MEDIUM,MEDIUM,LOW,LOW,67.16,1.382,29.3,213.1,,0.6349,LOW
"Beans, kidney, dark red, canned, sodium added, sugar added, drained and rinsed",LOW,LOW,MEDIUM,MEDIUM,MEDIUM,LOW,LOW,56.94,1.439,29.31,226.9,,0.56,LOW
"Beans, kidney, light red, canned, sodium added, sugar added, drained and rinsed",LOW,LOW,MEDIUM,MEDIUM,MEDIUM,LOW,LOW,60.25,1.305,25.49,209.4,,0.526,LOW
"Beans, navy, canned, sodium added, drained and rinsed",LOW,LOW,MEDIUM,LOW,MEDIUM,LOW,LOW,63.91,1.599,29.56,183.7,,0.6313,LOW
"Beans, pinto, canned, sodium added, drained and rinsed",LOW,LOW,MEDIUM,MEDIUM,MEDIUM,LOW,LOW,55.23,1.284,27.49,209.6,,0.6248,LOW
"Beans, snap, green, canned, regular pack, drained solids",LOW,LOW,LOW,LOW,LOW,LOW,LOW,36.0,0.78,12.7,97.0,,0.19,LOW
"Beans, snap, green, raw",LOW,LOW,LOW,MEDIUM,MEDIUM,LOW,LOW,40.05,0.6516,28.21,290.4,14.633333333333333,0.3498,LOW
"Beef, chuck, roast, boneless, choice, raw",LOW,LOW,MEDIUM,MEDIUM,LOW,HIGH,LOW,4.576,2.059,16.99,281.1,,5.386,LOW
"Beef, flank, steak, boneless, choice, raw",LOW,LOW,MEDIUM,MEDIUM,LOW,HIGH,LOW,3.836,1.834,18.86,331.8,,5.563,LOW
"Beef, ground, 80% lean meat / 20% fat, raw",LOW,LOW,MEDIUM,MEDIUM,LOW,HIGH,LOW,6.889,1.965,16.41,273.3,,3.848,LOW
"Beef, ground, 80% lean, 20% fat, raw",LOW,LOW,MEDIUM,MEDIUM,LOW,HIGH,LOW,6.8100000000000005,1.8728571428571428,16.357142857142858,273.2142857142857,,3.7885714285714287,LOW
"Beef, ground, 90% lean meat / 10% fat, raw",LOW,LOW,MEDIUM,MEDIUM,LOW,HIGH,LOW,7.135,2.128,16.49,281.4,,4.194,LOW
"Beef, ground, 90% lean, 10% fat, raw",LOW,LOW,MEDIUM,MEDIUM,LOW,HIGH,LOW,8.3675,2.0575,16.1,274.25,,4.23,LOW
"Beef, ground, grass-fed, 80% lean, 20% fat, raw",LOW,LOW,MEDIUM,MEDIUM,LOW,HIGH,LOW,7.44,2.61,16.8,274.0,,4.26,LOW
"Beef, ground, grass-fed, 90% lean, 10% fat, raw",LOW,LOW,MEDIUM,MEDIUM,LOW,HIGH,LOW,5.9025,2.1975,16.875,288.625,,4.157500000000001,LOW
"Beef, loin, tenderloin roast, separable lean only, boneless, trimmed to 0"" fat, select, cooked, roasted",LOW,LOW,HIGH,MEDIUM,LOW,HIGH,LOW,13.0,3.04,13.7,352.0,,3.7,LOW
"Beef, loin, top loin steak, boneless, lip-on, separable lean only, trimmed to 1/8"" fat, choice, raw",LOW,LOW,MEDIUM,MEDIUM,LOW,HIGH,LOW,15.0,1.9,11.3,282.0,,3.76,LOW
"Beef, ribeye, steak, boneless, choice, raw",LOW,LOW,MEDIUM,MEDIUM,LOW,HIGH,LOW,4.173,1.641,16.68,288.0,,4.063,LOW
"Beef, round, eye of round roast, boneless, separable lean only, trimmed to 0"" fat, select, raw",LOW,LOW,MEDIUM,MEDIUM,LOW,HIGH,LOW,13.0,1.37,11.4,312.0,,3.38,LOW
"Beef, round, top round roast, boneless, separable lean only, trimmed to 0"" fat, select, raw",LOW,LOW,MEDIUM,MEDIUM,LOW,HIGH,LOW,13.0,2.34,11.9,316.0,,3.54,LOW
"Beef, round, top round, boneless, choice, raw",LOW,LOW,MEDIUM,MEDIUM,MEDIUM,HIGH,LOW,4.07,1.901,22.08,351.5,,3.778,LOW
"Beef, short loin (NY strip steak), raw",LOW,LOW,MEDIUM,MEDIUM,LOW,HIGH,LOW,5.0425555555555555,1.6075555555555556,19.5,323.0,,3.283777777777778,LOW
"Beef, short loin, porterhouse steak, separable lean only, trimmed to 1/8"" fat, select, raw",LOW,LOW,MEDIUM,MEDIUM,LOW,HIGH,LOW,19.0,2.26,10.7,266.0,,3.52,LOW
"Beef, short loin, t-bone steak, bone-in, separable lean only, trimmed to 1/8"" fat, choice, cooked, grilled",LOW,LOW,HIGH,MEDIUM,MEDIUM,HIGH,LOW,19.0,3.53,20.0,283.0,,4.69,LOW
"Beef, top sirloin steak, raw",LOW,LOW,MEDIUM,MEDIUM,MEDIUM,HIGH,LOW,3.7012222222222224,2.223777777777778,22.075555555555557,349.3777777777778,,3.4525555555555556,LOW
"Beef, tenderloin steak, raw",LOW,LOW,MEDIUM,MEDIUM,MEDIUM,HIGH,LOW,4.088777777777778,2.53,21.975555555555555,344.68888888888887,,3.2249999999999996,LOW
"Beets, raw",LOW,LOW,LOW,MEDIUM,MEDIUM,LOW,LOW,13.816666666666666,0.42812222222222224,21.012222222222224,341.5,,0.3103777777777778,LOW
"Bison, ground, raw",LOW,LOW,MEDIUM,MEDIUM,LOW,HIGH,LOW,6.826714285714286,2.1682857142857146,18.467142857142857,301.0857142857143,,3.7632857142857143,LOW
"Blackberries, raw",LOW,LOW,LOW,LOW,MEDIUM,LOW,LOW,15.450000000000001,0.2078777777777778,20.575555555555557,167.3777777777778,,0.18887777777777778,LOW
"Blackeye pea, canned, sodium added, drained and rinsed",LOW,MEDIUM,MEDIUM,LOW,MEDIUM,LOW,LOW,27.78,1.084,27.26,138.1,,0.655,LOW
"Blackeye pea, dry",LOW,MEDIUM,HIGH,HIGH,HIGH,HIGH,LOW,71.4,5.93,183.9,1243.0,,3.654,LOW
"Blueberries, raw",LOW,LOW,LOW,LOW,LOW,LOW,LOW,11.69,0.3398,6.179,85.64,,0.08534,LOW
"Bok choy, regular (not baby), raw",LOW,LOW,LOW,MEDIUM,LOW,LOW,LOW,61.925,0.43875000000000003,13.64,227.8125,,0.27375,LOW
"Bread, white, commercially prepared",MEDIUM,LOW,HIGH,LOW,MEDIUM,LOW,LOW,211.0,3.36,26.9,117.0,,0.88,LOW
"Bread, whole-wheat, commercially prepared",MEDIUM,LOW,MEDIUM,MEDIUM,HIGH,MEDIUM,LOW,163.0,2.56,76.6,250.0,,1.76,LOW
"Broccoli, Cooked, Region 2, n/a, Yes, Minerals - NFY01049P",LOW,HIGH,LOW,MEDIUM,LOW,LOW,LOW,32.0,0.74,17.3,270.0,,0.5,LOW
"Broccoli, Cooked, Region 2, n/a, Yes, Vitamin K - NFY0104AH",UNKNOWN,MEDIUM,UNKNOWN,UNKNOWN,UNKNOWN,UNKNOWN,LOW,,,,,90.0,,LOW
"Broccoli, Cooked, Region 4, n/a, Yes, Minerals - NFY0104D0",LOW,HIGH,LOW,MEDIUM,MEDIUM,LOW,LOW,34.0,0.64,20.0,326.0,,0.47,LOW
"Broccoli, Cooked, Region 4, n/a, Yes, Vitamin K - NFY0104DR",UNKNOWN,MEDIUM,UNKNOWN,UNKNOWN,UNKNOWN,UNKNOWN,LOW,,,,,72.0,,LOW
"Broccoli, Pass 2, Region 1, n/a, Yes, Minerals - NFY010CUG",LOW,HIGH,LOW,MEDIUM,MEDIUM,LOW,LOW,57.0,0.98,26.5,317.0,,0.42,LOW
"Broccoli, Pass 2, Region 1, n/a, Yes, Vitamin K - NFY010CV2",UNKNOWN,MEDIUM,UNKNOWN,UNKNOWN,UNKNOWN,UNKNOWN,LOW,,,,,46.4,,LOW
"Broccoli, Pass 2, Region 2, n/a, Yes, Minerals - NFY010D7F",LOW,HIGH,LOW,MEDIUM,MEDIUM,LOW,LOW,47.0,0.64,23.4,304.0,,0.44,LOW
"Broccoli, Pass 2, Region 2, n/a, Yes, Vitamin K - NFY010D7V",UNKNOWN,MEDIUM,UNKNOWN,UNKNOWN,UNKNOWN,UNKNOWN,LOW,,,,,44.45,,LOW
"Broccoli, Pass 2, Region 3, n/a, Yes, Minerals - NFY010D86",LOW,HIGH,LOW,MEDIUM,MEDIUM,LOW,LOW,50.0,0.69,22.2,316.0,,0.39,LOW
"Broccoli, Pass 2, Region 3, n/a, Yes, Vitamin K - NFY010D8M",UNKNOWN,MEDIUM,UNKNOWN,UNKNOWN,UNKNOWN,UNKNOWN,LOW,,,,,38.3,,LOW
"Broccoli, Pass 2, Region 4, n/a, Yes, Minerals - NFY010CVA",LOW,HIGH,LOW,MEDIUM,MEDIUM,LOW,LOW,58.0,0.96,23.7,301.0,,0.41,LOW
"Broccoli, Pass 2, Region 4, n/a, Yes, Vitamin K - NFY010CVW",UNKNOWN,MEDIUM,UNKNOWN,UNKNOWN,UNKNOWN,UNKNOWN,LOW,,,,,42.85,,LOW
"Broccoli, Region 1, n/a, Yes, Minerals - NFY01047O",LOW,HIGH,LOW,MEDIUM,LOW,LOW,LOW,44.0,0.56,19.9,326.0,,0.42,LOW
"Broccoli, Region 1, n/a, Yes, Vitamin K - NFY01048A",UNKNOWN,MEDIUM,UNKNOWN,UNKNOWN,UNKNOWN,UNKNOWN,LOW,,,,,59.0,,LOW
"Broccoli, Region 2, n/a, Yes, Minerals - NFY01048M",LOW,HIGH,LOW,MEDIUM,LOW,LOW,LOW,34.0,0.54,16.1,279.0,,0.44,LOW
"Broccoli, Region 2, n/a, Yes, Vitamin K - NFY01049D",UNKNOWN,MEDIUM,UNKNOWN,UNKNOWN,UNKNOWN,UNKNOWN,LOW,,,,,55.0,,LOW
"Broccoli, Region 3, n/a, Yes, Minerals - NFY0104AW",LOW,HIGH,LOW,MEDIUM,LOW,LOW,LOW,35.0,0.51,17.7,272.0,,0.39,LOW
"Broccoli, Region 3, n/a, Yes, Vitamin K - NFY0104BN",UNKNOWN,MEDIUM,UNKNOWN,UNKNOWN,UNKNOWN,UNKNOWN,LOW,,,,,68.0,,LOW
"Broccoli, Region 4, n/a, Yes, Minerals - NFY0104BZ",LOW,HIGH,LOW,MEDIUM,LOW,LOW,LOW,41.0,0.62,18.3,308.0,,0.49,LOW
"Broccoli, Region 4, n/a, Yes, Vitamin K - NFY0104CM",UNKNOWN,MEDIUM,UNKNOWN,UNKNOWN,UNKNOWN,UNKNOWN,LOW,,,,,52.5,,LOW
"Broccoli, raw",LOW,MEDIUM,LOW,MEDIUM,MEDIUM,LOW,LOW,46.0,0.69,21.0,303.0,51.0,0.42,LOW
"Broccoli, steamed, Pass 2, Region 2, n/a, Yes, Minerals - NFY010D8X",LOW,HIGH,LOW,MEDIUM,MEDIUM,LOW,LOW,45.0,0.58,25.9,284.0,,0.45,LOW
"Broccoli, steamed, Pass 2, Region 2, n/a, Yes, Vitamin K - NFY010D9J",UNKNOWN,MEDIUM,UNKNOWN,UNKNOWN,UNKNOWN,UNKNOWN,LOW,,,,,51.5,,LOW
"Broccoli, steamed, Pass 2, Region 4, n/a, Yes, Minerals - NFY010CW6",LOW,HIGH,LOW,MEDIUM,MEDIUM,LOW,LOW,48.0,0.72,21.0,290.0,,0.37,LOW
"Broccoli, steamed, Pass 2, Region 4, n/a, Yes, Vitamin K - NFY010CWY",UNKNOWN,MEDIUM,UNKNOWN,UNKNOWN,UNKNOWN,UNKNOWN,LOW,,,,,68.0,,LOW
"Brussels sprouts, raw",LOW,HIGH,LOW,HIGH,MEDIUM,LOW,LOW,38.63777777777778,0.7305,25.0,476.7555555555556,,0.36625555555555556,LOW
"Buckwheat, whole grain",LOW,LOW,MEDIUM,HIGH,HIGH,MEDIUM,LOW,13.64,2.444,203.0,414.5,,2.236,LOW
"Bulgur, dry, raw",LOW,LOW,MEDIUM,MEDIUM,HIGH,MEDIUM,LOW,34.11222222222222,2.625,118.85555555555555,358.2555555555556,,2.1487777777777777,LOW
"Butter, stick, salted",LOW,LOW,LOW,LOW,LOW,LOW,LOW,21.0,0.06,1.6,23.0,,0.07,LOW
"Butter, stick, unsalted",LOW,LOW,LOW,LOW,LOW,LOW,LOW,14.0,0.03,1.6,19.0,,0.07,LOW
"Buttermilk, low fat",MEDIUM,LOW,LOW,LOW,LOW,LOW,LOW,120.1,0.01325,11.03,158.0,0.09999999999999999,0.4263,LOW
"Buttermilk, lowfat",MEDIUM,LOW,LOW,LOW,LOW,LOW,LOW,120.125,0.01325,11.033750000000001,158.0,0.08750000000000001,0.4263125,LOW
"CHEESE, RICOTTA, WHOLE MILK, GALBANI",MEDIUM,LOW,LOW,MEDIUM,MEDIUM,LOW,LOW,213.5,0.1175,21.425,282.0,,0.3225,LOW
"CHEESE, RICOTTA, WHOLE MILK, LUCERNE",MEDIUM,LOW,LOW,MEDIUM,LOW,LOW,LOW,162.0,0.13,16.7,232.0,,0.33,LOW
"CHEESE, RICOTTA, WHOLE MILK, POLLY-O",HIGH,LOW,LOW,LOW,LOW,MEDIUM,LOW,311.0,0.0,18.3,152.0,,1.16,LOW
"CHEESE, RICOTTA, WHOLE MILK, SORRENTO",MEDIUM,LOW,LOW,MEDIUM,MEDIUM,LOW,LOW,148.0,0.15,22.2,264.0,,0.12,LOW
"CHEESE, RICOTTA, WHOLE MILK, STORE/OTHER",MEDIUM,LOW,LOW,LOW,LOW,LOW,LOW,246.75,0.095,18.325,188.0,,0.8175,LOW
"CHORIZO PORK SAUSAGE, JOHNSONVILLE, COOKED",LOW,HIGH,MEDIUM,MEDIUM,LOW,MEDIUM,HIGH,23.0,1.53,19.2,282.0,,2.06,LOW
"CHORIZO PORK SAUSAGE, MIXED BRAND, COOKED",LOW,HIGH,MEDIUM,HIGH,MEDIUM,MEDIUM,HIGH,40.25,2.54,32.875,473.5,,2.2225,LOW
"CRANBERRY JUICE, SHELF STABLE, FROM CONCENTRATE, NOT FORTIFIED",LOW,LOW,LOW,LOW,LOW,LOW,LOW,6.64125,0.1257375,4.38125,70.575,,0.0412,MEDIUM
"Cabbage, bok choy, raw",LOW,MEDIUM,LOW,MEDIUM,LOW,LOW,LOW,61.93,0.4388,13.64,227.8,,0.2738,LOW
"Cabbage, green, raw",LOW,LOW,LOW,MEDIUM,LOW,LOW,LOW,41.84,0.06625,13.86,207.1,19.8,0.2112,LOW
"Cabbage, napa, leaf, destemmed, raw",LOW,MEDIUM,LOW,MEDIUM,LOW,LOW,LOW,35.05,0.25537777777777776,11.256666666666668,234.6222222222222,,0.25262222222222225,LOW
"Cabbage, red, raw",LOW,LOW,LOW,MEDIUM,LOW,LOW,LOW,30.99,0.0,13.3,269.1,10.766666666666666,0.245,LOW
"Cantaloupe, Raw, Pass 2, Region 1, n/a, Yes, Minerals - NFY010CXI",LOW,LOW,LOW,LOW,LOW,MEDIUM,LOW,9.0,0.2,8.4,76.0,,1.2,LOW
"Cantaloupe, Raw, Pass 2, Region 1, n/a, Yes, Vitamin K - NFY010CY4",UNKNOWN,LOW,UNKNOWN,UNKNOWN,UNKNOWN,UNKNOWN,LOW,,,,,2.0,,LOW
"Cantaloupe, Raw, Pass 2, Region 2, n/a, Yes, Minerals - NFY010DA9",LOW,LOW,LOW,LOW,LOW,LOW,LOW,6.0,0.29,14.0,90.0,,0.3,LOW
"Cantaloupe, Raw, Pass 2, Region 2, n/a, Yes, Vitamin K - NFY010DAQ",UNKNOWN,LOW,UNKNOWN,UNKNOWN,UNKNOWN,UNKNOWN,LOW,,,,,0.8,,LOW
"Cantaloupe, Raw, Pass 2, Region 3, n/a, Yes, Minerals - NFY010DAZ",LOW,LOW,LOW,LOW,LOW,LOW,LOW,4.0,0.32,10.5,93.0,,0.36,LOW
"Cantaloupe, Raw, Pass 2, Region 3, n/a, Yes, Vitamin K - NFY010DBL",UNKNOWN,LOW,UNKNOWN,UNKNOWN,UNKNOWN,UNKNOWN,LOW,,,,,1.2,,LOW
"Cantaloupe, Raw, Pass 2, Region 4, n/a, Yes, Minerals - NFY010CYD",LOW,LOW,LOW,LOW,LOW,LOW,LOW,8.0,0.26,12.9,110.0,,0.33,LOW
"Cantaloupe, Raw, Pass 2, Region 4, n/a, Yes, Vitamin K - NFY010CYX",UNKNOWN,LOW,UNKNOWN,UNKNOWN,UNKNOWN,UNKNOWN,LOW,,,,,1.4,,LOW
"Cantaloupe, raw, Region 1, n/a, Yes - Minerals, Se,  NF000981",LOW,LOW,LOW,MEDIUM,LOW,LOW,LOW,10.0,0.64,12.5,245.0,,0.34,LOW
"Cantaloupe, raw, Region 2, n/a, Yes - Minerals, Se,  NF000990",LOW,LOW,LOW,MEDIUM,LOW,LOW,LOW,12.0,0.52,13.6,266.0,,0.3,LOW
"Cantaloupe, raw, Region 3, n/a, Yes - Minerals, Se,  NF0009H7",LOW,LOW,LOW,LOW,LOW,LOW,LOW,12.0,0.45,13.8,156.0,,0.37,LOW
"Cantaloupe, raw, Region 4, n/a, Yes - Minerals, Se,  NF0009I6",LOW,LOW,LOW,MEDIUM,LOW,LOW,LOW,13.0,0.36,18.2,221.0,,0.31,LOW
"Carrots, baby, raw",LOW,LOW,LOW,MEDIUM,LOW,LOW,LOW,42.23,0.088,11.06,237.3,,0.1597,LOW
"Carrots, frozen, unprepared",LOW,LOW,LOW,MEDIUM,LOW,LOW,LOW,33.0,0.43,10.8,210.0,7.5,0.28,LOW
"Carrots, frozen, unprepared (Includes foods for USDA's Food Distribution Program)",LOW,LOW,LOW,MEDIUM,LOW,LOW,LOW,33.0,0.43,10.8,210.0,7.5,0.28,LOW
"Carrots, mature, raw",LOW,LOW,LOW,MEDIUM,LOW,LOW,LOW,30.48,0.1504,12.45,279.6,,0.2364,LOW
"Carrots, sliced or crinkle cut, frozen, unprepared - Minerals - NF9913Q1",LOW,LOW,LOW,MEDIUM,LOW,LOW,LOW,35.0,0.41,11.0,230.0,,0.33,LOW
"Carrots, sliced or crinkle cut, frozen, unprepared - Minerals - NF9913SS",LOW,LOW,LOW,MEDIUM,LOW,LOW,LOW,35.0,0.53,11.8,206.0,,0.33,LOW
"Carrots, sliced or crinkle cut, frozen, unprepared - Minerals - NF9913TC",LOW,LOW,LOW,MEDIUM,LOW,LOW,LOW,35.0,0.45,11.5,214.0,,0.36,LOW
"Carrots, sliced or crinkle cut, frozen, unprepared - Minerals - NF9913VX",LOW,LOW,LOW,MEDIUM,LOW,LOW,LOW,37.0,0.59,12.8,241.0,,0.34,LOW
"Carrots, sliced or crinkle cut, frozen, unprepared - Minerals - NF9913WH",LOW,LOW,LOW,MEDIUM,LOW,LOW,LOW,36.0,0.41,11.1,235.0,,0.29,LOW
"Carrots, sliced or crinkle cut, frozen, unprepared - Minerals - NF9913Z8",LOW,LOW,LOW,MEDIUM,LOW,LOW,LOW,39.0,0.41,12.8,290.0,,0.34,LOW
"Carrots, sliced or crinkle cut, frozen, unprepared - Vitamin K - NF9913QT",UNKNOWN,LOW,UNKNOWN,UNKNOWN,UNKNOWN,UNKNOWN,LOW,,,,,8.45,,LOW
"Carrots, sliced or crinkle cut, frozen, unprepared - Vitamin K - NF9913ZL",UNKNOWN,LOW,UNKNOWN,UNKNOWN,UNKNOWN,UNKNOWN,LOW,,,,,9.2,,LOW
"Carrots, whole, unprepared - Minerals - NF99140G",LOW,LOW,LOW,LOW,LOW,LOW,LOW,31.0,0.34,9.5,174.0,,0.16,LOW
"Carrots, whole, unprepared - Minerals - NF99143B",LOW,LOW,LOW,LOW,LOW,LOW,LOW,29.0,0.41,8.8,171.0,,0.19,LOW
"Carrots, whole, unprepared - Minerals - NF99143V",LOW,LOW,LOW,LOW,LOW,LOW,LOW,29.0,0.31,9.5,190.0,,0.46,LOW
"Carrots, whole, unprepared - Minerals - NF99146Q",LOW,LOW,LOW,LOW,LOW,LOW,LOW,31.0,0.47,9.4,158.0,,0.12,LOW
"Carrots, whole, unprepared - Minerals - NF9914EI",LOW,LOW,LOW,LOW,LOW,LOW,LOW,31.0,0.34,10.2,198.0,,0.14,LOW
"Carrots, whole, unprepared - Vitamin K - NF991418",UNKNOWN,LOW,UNKNOWN,UNKNOWN,UNKNOWN,UNKNOWN,LOW,,,,,4.9,,LOW
"Cauliflower, raw",LOW,LOW,LOW,MEDIUM,LOW,LOW,LOW,20.35,0.3337555555555556,14.2,274.43333333333334,,0.23437777777777777,LOW
"Celery, raw",LOW,LOW,LOW,MEDIUM,LOW,LOW,LOW,46.28,0.0,10.93,265.2,,0.0929,LOW
Cheese,HIGH,LOW,LOW,LOW,MEDIUM,MEDIUM,LOW,494.45454545454544,0.0,25.072727272727274,192.0,,2.321818181818182,LOW
"Cheese, American, restaurant",HIGH,LOW,LOW,LOW,MEDIUM,MEDIUM,LOW,508.0,0.24,25.0,173.0,,2.45,LOW
"Cheese, cheddar",HIGH,LOW,LOW,LOW,MEDIUM,HIGH,HIGH,707.0,0.16,26.8,77.0,3.9000000000000004,3.67,LOW
"Cheese, cotija, solid",HIGH,LOW,LOW,LOW,MEDIUM,HIGH,LOW,699.6,0.0,29.9,116.7,,3.597,LOW
"Cheese, cottage, lowfat, 2% milkfat",MEDIUM,LOW,LOW,LOW,LOW,LOW,LOW,103.0,0.13,8.9,120.0,,0.61,LOW
"Cheese, dry white, queso seco",HIGH,LOW,LOW,LOW,MEDIUM,HIGH,LOW,661.0,0.18,26.7,116.0,3.75,3.28,LOW
"Cheese, feta, whole milk, crumbled",HIGH,LOW,LOW,LOW,LOW,MEDIUM,LOW,371.06666666666666,0.0675,17.693333333333335,105.30000000000001,1.9880000000000002,2.353111111111111,LOW
"Cheese, monterey jack, solid",HIGH,LOW,LOW,LOW,MEDIUM,HIGH,LOW,714.6,0.0,29.6,82.94,,3.785,LOW
"Cheese, mozzarella, low moisture, part-skim",HIGH,LOW,LOW,LOW,MEDIUM,HIGH,LOW,693.0,0.2,27.2,116.0,2.2333333333333334,3.62,LOW
"Cheese, oaxaca, solid",HIGH,LOW,LOW,LOW,MEDIUM,HIGH,LOW,532.3,0.0,21.58,80.73,,3.506,LOW
"Cheese, parmesan, grated",HIGH,LOW,LOW,LOW,MEDIUM,HIGH,HIGH,884.0,0.45,34.9,184.0,2.933333333333333,4.33,LOW
"Cheese, parmesan, grated, refrigerated",HIGH,LOW,LOW,LOW,MEDIUM,HIGH,HIGH,950.4333333333333,0.14049999999999999,35.36888888888889,73.94999999999999,2.88,4.623111111111111,LOW
"Cheese, pasteurized process cheese food or product, American, singles",HIGH,LOW,MEDIUM,MEDIUM,MEDIUM,MEDIUM,LOW,1498.0,1.303,34.6,211.8,,2.379,LOW
"Cheese, pasteurized process, American, vitamin D fortified",HIGH,LOW,LOW,LOW,MEDIUM,MEDIUM,LOW,866.0,0.48,25.1,149.0,6.75,2.42,LOW
"Cheese, provolone, sliced",HIGH,LOW,LOW,LOW,MEDIUM,HIGH,LOW,748.8,0.0,29.5,94.84,,3.89,LOW
"Cheese, queso fresco, solid",HIGH,LOW,LOW,LOW,MEDIUM,MEDIUM,LOW,601.8,0.0,27.64,126.4,,2.908,LOW
"Cheese, ricotta, whole milk",MEDIUM,LOW,LOW,MEDIUM,LOW,LOW,LOW,224.0,0.1,19.7,230.0,1.2333333333333334,0.56,LOW
"Cheese, swiss",HIGH,LOW,LOW,LOW,MEDIUM,HIGH,LOW,890.0,0.13,33.4,71.0,2.5666666666666664,4.37,LOW
Cheese; American,HIGH,LOW,LOW,MEDIUM,MEDIUM,MEDIUM,LOW,515.0,0.1416666666666667,26.933333333333334,222.16666666666666,,2.335,LOW
"Cherries, dark red, sweet, raw",LOW,LOW,LOW,MEDIUM,LOW,LOW,LOW,12.2625,0.105375,12.11,229.625,,0.0644625,LOW
"Cherries, sweet, dark red, raw",LOW,LOW,LOW,MEDIUM,LOW,LOW,LOW,12.26,0.1054,12.11,229.6,,0.06446,LOW
"Chia seeds, dry, raw",HIGH,LOW,HIGH,HIGH,HIGH,HIGH,LOW,595.4,6.043,326.3,642.1,,5.556,LOW
"Chia seeds, whole, dry, raw",HIGH,LOW,HIGH,HIGH,HIGH,HIGH,LOW,595.4375,6.0425,326.25,642.125,,5.55625,LOW
"Chicken, breast, boneless, skinless, raw",LOW,LOW,LOW,MEDIUM,MEDIUM,LOW,LOW,3.939,0.3543,26.2,330.1,,0.6545,LOW
"Chicken, breast, meat and skin, raw",LOW,LOW,LOW,MEDIUM,MEDIUM,LOW,LOW,6.898285714285714,0.3535,25.400000000000002,332.5,,0.6245,LOW
"Chicken, broiler or fryers, breast, skinless, boneless, meat only, cooked, braised",LOW,LOW,LOW,MEDIUM,MEDIUM,LOW,LOW,6.0,0.49,32.0,343.0,,0.96,LOW
"Chicken, broilers or fryers, drumstick, meat only, cooked, braised",LOW,LOW,LOW,MEDIUM,MEDIUM,MEDIUM,LOW,12.0,0.94,22.4,239.0,,2.54,LOW
"Chicken, drumstick, meat and skin, raw",LOW,LOW,LOW,MEDIUM,LOW,MEDIUM,LOW,8.285,0.6657555555555555,18.549999999999997,244.06666666666666,,1.7000000000000002,LOW
"Chicken, ground, breast meat only, raw",LOW,LOW,LOW,MEDIUM,MEDIUM,LOW,LOW,5.745,0.358,25.6,370.0,,0.6265000000000001,LOW
"Chicken, ground, raw",LOW,LOW,LOW,MEDIUM,LOW,MEDIUM,LOW,5.843333333333334,0.6708333333333334,18.816666666666666,278.9166666666667,,1.36,LOW
"Chicken, ground, with additives, raw",LOW,LOW,LOW,MEDIUM,MEDIUM,MEDIUM,LOW,5.819,0.5926,20.51,301.7,,1.177,LOW
"Chicken, thigh, boneless, skinless, raw",LOW,LOW,LOW,MEDIUM,MEDIUM,MEDIUM,LOW,5.65,0.6018,21.8,271.8,,1.348,LOW
"Chicken, thigh, meat and skin, raw",LOW,LOW,LOW,MEDIUM,LOW,MEDIUM,LOW,5.726222222222223,0.5861222222222222,18.512222222222224,246.0,,1.2000000000000002,LOW
"Chicken, wing, meat and skin, raw",LOW,LOW,LOW,LOW,LOW,MEDIUM,LOW,13.54888888888889,0.5111222222222223,16.525555555555556,194.0,,1.1787777777777777,LOW
"Chickpeas (garbanzo beans, bengal gram), canned, sodium added, drained and rinsed",LOW,MEDIUM,MEDIUM,LOW,MEDIUM,LOW,LOW,40.48,1.042,28.41,136.8,,0.7243,LOW
"Chickpeas, (garbanzo beans, bengal gram), dry",MEDIUM,MEDIUM,HIGH,HIGH,HIGH,HIGH,LOW,111.1,5.094,134.8,1074.0,,3.124,LOW
"Chorizo pork sausage, uncooked",UNKNOWN,LOW,UNKNOWN,UNKNOWN,UNKNOWN,UNKNOWN,HIGH,,,,,7.6000000000000005,,LOW
"Collards, raw",MEDIUM,HIGH,LOW,HIGH,MEDIUM,LOW,LOW,276.3777777777778,0.7505000000000001,49.51222222222222,409.7555555555556,,0.45937777777777783,LOW
"Cookies, oatmeal, soft, with raisins",LOW,LOW,MEDIUM,MEDIUM,MEDIUM,LOW,LOW,29.0,2.28,32.4,245.0,5.7,0.62,LOW
"Corn flour, masa harina, white or yellow, dry, raw",MEDIUM,LOW,MEDIUM,MEDIUM,HIGH,MEDIUM,LOW,111.6,1.698,93.3,276.6,,1.617,LOW
"Corn flour, masa harina, white, dry, raw",MEDIUM,LOW,MEDIUM,MEDIUM,HIGH,MEDIUM,LOW,127.33333333333333,2.0666666666666664,93.96666666666665,286.1666666666667,,1.6966666666666665,LOW
"Corn flour, masa harina, yellow, dry, raw",LOW,LOW,MEDIUM,MEDIUM,HIGH,MEDIUM,LOW,95.93333333333334,1.33,92.63333333333333,267.0,,1.5366666666666668,LOW
"Corn, sweet, yellow and white kernels, husked, kernels cut off, raw",LOW,LOW,LOW,MEDIUM,MEDIUM,LOW,LOW,0.65625,0.3875,25.7625,237.0,,0.556375,LOW
"Corn, sweet, yellow and white kernels,  fresh, raw",LOW,LOW,LOW,MEDIUM,MEDIUM,LOW,LOW,0.6563,0.3875,25.76,237.0,,0.5564,LOW
"Cottage cheese, full fat, large or small curd",LOW,LOW,LOW,LOW,LOW,LOW,MEDIUM,88.27,0.0,9.189,123.6,0.5,0.4538,LOW
"Cranberry juice, not fortified, from concentrate, shelf stable",LOW,LOW,LOW,LOW,LOW,LOW,LOW,6.641,0.1257,4.381,70.58,,0.0412,MEDIUM
"Cream cheese, full fat, block",LOW,LOW,LOW,LOW,LOW,LOW,LOW,97.11,0.0,8.914,124.8,4.1000000000000005,0.5891,LOW
"Cream, heavy",LOW,LOW,LOW,LOW,LOW,LOW,LOW,61.21,0.0,5.974,96.94,3.766666666666667,0.2231,LOW
"Cream, sour, full fat",MEDIUM,LOW,LOW,LOW,LOW,LOW,LOW,107.2,0.0,10.11,153.8,2.1333333333333333,0.3919,LOW
"Crustaceans, crab, blue swimming, lump, pasteurized, refrigerated",MEDIUM,LOW,LOW,MEDIUM,MEDIUM,HIGH,LOW,110.9,0.6319,43.08,234.8,,3.478,LOW
"Crustaceans, shrimp, farm raised, raw",LOW,LOW,LOW,LOW,MEDIUM,LOW,LOW,64.63,0.5223,22.53,145.9,,0.9368,LOW
"Cucumber, with peel, raw",LOW,LOW,LOW,LOW,LOW,LOW,LOW,16.34,0.0,10.11,169.6,8.0,0.204,LOW
"Egg yolks, dried",MEDIUM,LOW,HIGH,MEDIUM,MEDIUM,HIGH,LOW,266.125,9.2625,26.225,231.375,,7.01,LOW
"Egg, white, dried",MEDIUM,LOW,LOW,HIGH,HIGH,LOW,LOW,104.0,0.0,87.6,959.0,,0.43,LOW
"Egg, white, raw, frozen, pasteurized",LOW,LOW,LOW,LOW,LOW,LOW,LOW,9.0,0.18,10.6,130.0,,0.02,LOW
"Egg, whole, dried",MEDIUM,LOW,HIGH,HIGH,MEDIUM,HIGH,LOW,220.0,6.97,44.6,468.0,,5.02,LOW
"Egg, whole, raw, frozen, pasteurized",LOW,LOW,MEDIUM,LOW,LOW,MEDIUM,LOW,55.0,1.77,11.2,117.0,,1.2,LOW
"Egg, yolk, dried",MEDIUM,LOW,HIGH,MEDIUM,MEDIUM,HIGH,LOW,270.0,9.28,26.0,231.0,,7.11,LOW
"Egg, yolk, raw, frozen, pasteurized",MEDIUM,LOW,HIGH,LOW,LOW,MEDIUM,LOW,119.0,4.13,11.2,102.0,,2.93,LOW
"Eggplant, Italian, raw",LOW,LOW,LOW,MEDIUM,LOW,LOW,LOW,11.05625,0.0,13.54,222.0625,,0.1189125,LOW
"Eggplant, raw",LOW,LOW,LOW,MEDIUM,LOW,LOW,LOW,11.06,0.0,13.54,222.1,,0.1189,LOW
"Eggs, Grade A, Large, egg whole",LOW,LOW,MEDIUM,LOW,LOW,MEDIUM,LOW,48.0,1.67,11.4,132.0,,1.24,LOW
"Eggs, whole",LOW,LOW,MEDIUM,LOW,LOW,MEDIUM,LOW,48.13636363636363,1.669090909090909,11.404545454545454,132.0,,1.245,LOW
"Einkorn, grain, dry, raw",LOW,LOW,HIGH,HIGH,HIGH,HIGH,LOW,41.41,3.69,140.4,431.8,,5.231,LOW
"Einkorn, grain, wheat berry, dry, raw",LOW,LOW,HIGH,HIGH,HIGH,HIGH,LOW,41.4125,3.69,140.4,431.75,,5.23125,MEDIUM
"FLOUR, ALL PURPOSE (ENRICHED) (BLEACHED)",LOW,LOW,HIGH,LOW,MEDIUM,LOW,LOW,19.166666666666668,5.618333333333333,26.71666666666667,136.5,,0.7200000000000001,LOW
"FLOUR, ALL PURPOSE (ENRICHED) (UNBLEACHED)",LOW,LOW,HIGH,LOW,MEDIUM,LOW,LOW,21.333333333333332,5.41,33.333333333333336,134.66666666666666,,0.8983333333333334,LOW
"FLOUR, ALL PURPOSE (UNENRICHED) (UNBLEACHED)",LOW,LOW,LOW,LOW,MEDIUM,LOW,LOW,16.0,0.92,28.6,114.0,,0.78,LOW
"FLOUR, ALL PURPOSE (UNENRICHED) (UNBLEACHED) (ORGANIC)",LOW,LOW,MEDIUM,LOW,MEDIUM,MEDIUM,LOW,22.6,1.23,37.56,156.8,,1.222,LOW
"FLOUR, BREAD, WHITE (ENRICHED) (UNBLEACHED)",LOW,LOW,HIGH,LOW,MEDIUM,MEDIUM,LOW,19.0,5.684,36.760000000000005,126.6,,1.098,LOW
"FLOUR, BREAD, WHITE (ENRICHED) (UNBLEACHED) (ORGANIC)",LOW,LOW,HIGH,LOW,MEDIUM,LOW,LOW,17.0,4.87,31.8,128.0,,0.84,LOW
"FLOUR, CORN, YELLOW (FINE MEAL) (ENRICHED)",LOW,LOW,HIGH,LOW,MEDIUM,LOW,LOW,0.0,4.438000000000001,30.080000000000002,144.2,,0.618,LOW
"FLOUR, PASTRY, WHITE (UNENRICHED) (UNBLEACHED)",LOW,LOW,LOW,LOW,MEDIUM,LOW,LOW,16.6,0.868,22.4,141.8,,0.74,LOW
"FLOUR, RICE, BROWN",LOW,LOW,MEDIUM,MEDIUM,HIGH,MEDIUM,LOW,12.0,1.8199999999999998,137.5,271.0,,1.795,LOW
"FLOUR, RICE, BROWN (ORGANIC)",LOW,LOW,MEDIUM,MEDIUM,HIGH,MEDIUM,LOW,8.5,1.1800000000000002,110.0,259.5,,2.025,LOW
"FLOUR, RICE, GLUTENOUS",LOW,LOW,LOW,LOW,MEDIUM,MEDIUM,LOW,9.666666666666666,0.33666666666666667,21.150000000000002,80.33333333333333,,1.3383333333333332,LOW
"FLOUR, RICE, WHITE",LOW,LOW,LOW,LOW,MEDIUM,MEDIUM,LOW,6.6,0.20999999999999996,22.18,71.0,,1.23,LOW
"FLOUR, RICE, WHITE (ORGANIC)",LOW,LOW,LOW,LOW,MEDIUM,MEDIUM,LOW,4.0,0.28,26.7,93.0,,1.02,LOW
"FLOUR, SOY (DEFATTED)",HIGH,LOW,HIGH,HIGH,HIGH,HIGH,LOW,337.6,7.336,313.0,2484.0,,4.436,LOW
"FLOUR, SOY, FULL FAT",MEDIUM,LOW,HIGH,HIGH,HIGH,HIGH,LOW,233.25,9.9925,243.75,1902.5,,3.6775,LOW
"FLOUR, SOY, FULL FAT (ORGANIC)",HIGH,LOW,HIGH,HIGH,HIGH,HIGH,LOW,306.0,8.56,274.5,1790.0,,3.9050000000000002,LOW
"FLOUR, WHOLE WHEAT (UNENRICHED)",LOW,LOW,HIGH,MEDIUM,HIGH,MEDIUM,LOW,35.0,4.0625,135.25,329.0,,2.75,LOW
"FLOUR, WHOLE WHEAT (UNENRICHED) (ORGANIC)",LOW,LOW,HIGH,HIGH,HIGH,HIGH,LOW,44.0,3.465,136.5,470.5,,4.234999999999999,LOW
"Farro, pearled, dry, raw",LOW,MEDIUM,HIGH,MEDIUM,HIGH,HIGH,LOW,25.93777777777778,3.195,118.8111111111111,385.43333333333334,,3.9675555555555553,LOW
"Figs, Dried, Pass 2, Region 1, n/a, No, Minerals - NFY010CDD",MEDIUM,LOW,HIGH,HIGH,HIGH,MEDIUM,LOW,165.0,3.29,73.2,650.0,,1.43,LOW
"Figs, Dried, Pass 2, Region 1, n/a, No, Minerals - NFY010CEC",MEDIUM,LOW,MEDIUM,HIGH,HIGH,LOW,LOW,152.0,2.27,69.3,616.0,,0.47,LOW
"Figs, Dried, Pass 2, Region 1, n/a, No, Vitamin K - NFY010CDZ",UNKNOWN,LOW,UNKNOWN,UNKNOWN,UNKNOWN,UNKNOWN,LOW,,,,,9.0,,LOW
"Figs, Dried, Pass 2, Region 2, n/a, Yes, Minerals - NFY010CEJ",MEDIUM,LOW,MEDIUM,HIGH,HIGH,LOW,LOW,162.0,2.06,70.1,635.0,,0.53,LOW
"Figs, Dried, Pass 2, Region 2, n/a, Yes, Minerals - NFY010CFH",MEDIUM,LOW,MEDIUM,HIGH,HIGH,MEDIUM,LOW,162.0,1.98,70.0,610.0,,1.24,LOW
"Figs, Dried, Pass 2, Region 2, n/a, Yes, Vitamin K - NFY010CF3",UNKNOWN,LOW,UNKNOWN,UNKNOWN,UNKNOWN,UNKNOWN,LOW,,,,,10.0,,LOW
"Figs, Dried, Pass 2, Region 3, n/a, Yes, Minerals - NFY010CFN",MEDIUM,LOW,MEDIUM,HIGH,HIGH,LOW,LOW,156.0,1.9,70.0,580.0,,0.81,LOW
"Figs, Dried, Pass 2, Region 3, n/a, Yes, Minerals - NFY010CGH",MEDIUM,LOW,MEDIUM,HIGH,HIGH,LOW,LOW,149.0,2.0,69.6,582.0,,0.79,LOW
"Figs, Dried, Pass 2, Region 3, n/a, Yes, Vitamin K - NFY010CG7",UNKNOWN,LOW,UNKNOWN,UNKNOWN,UNKNOWN,UNKNOWN,LOW,,,,,9.0,,LOW
"Figs, Dried, Pass 2, Region 4, n/a, Yes, Minerals - NFY010CGQ",MEDIUM,LOW,MEDIUM,HIGH,HIGH,LOW,LOW,171.0,1.7,73.2,660.0,,0.69,LOW
"Figs, Dried, Pass 2, Region 4, n/a, Yes, Minerals - NFY010CHK",MEDIUM,LOW,MEDIUM,HIGH,HIGH,LOW,LOW,166.0,1.7,73.6,667.0,,0.77,LOW
"Figs, Dried, Pass 2, Region 4, n/a, Yes, Vitamin K - NFY010CHA",UNKNOWN,LOW,UNKNOWN,UNKNOWN,UNKNOWN,UNKNOWN,LOW,,,,,8.65,,LOW
"Figs, dried, uncooked",MEDIUM,LOW,MEDIUM,HIGH,HIGH,LOW,LOW,162.0,2.03,67.6,680.0,7.8,0.66,LOW
"Fish, catfish, farm raised, raw",LOW,LOW,LOW,MEDIUM,MEDIUM,LOW,LOW,7.796,0.0,20.63,292.3,,0.4749,LOW
"Fish, cod, Atlantic, wild caught, raw",LOW,LOW,LOW,MEDIUM,LOW,LOW,LOW,6.59,0.065,17.98,245.1,,0.3051,LOW
"Fish, haddock, raw",LOW,LOW,LOW,MEDIUM,MEDIUM,LOW,LOW,11.0,0.17,21.1,286.0,,0.32,LOW
"Fish, pollock, raw",LOW,LOW,LOW,LOW,LOW,LOW,LOW,15.0,0.22,16.1,160.0,0.0,0.31,LOW
"Fish, salmon, Atlantic, farm raised, raw",LOW,LOW,LOW,MEDIUM,MEDIUM,LOW,LOW,9.423,0.2588,25.39,378.2,,0.3394,LOW
"Fish, salmon, sockeye, wild caught, raw",LOW,LOW,LOW,MEDIUM,MEDIUM,LOW,LOW,14.84,0.4024,26.15,329.7,,0.4246,LOW
"Fish, tilapia, farm raised, raw",LOW,LOW,LOW,MEDIUM,MEDIUM,LOW,LOW,8.628,0.0,24.28,342.4,,0.2995,LOW
"Fish, tuna, light, canned in water, drained solids",LOW,LOW,MEDIUM,LOW,MEDIUM,LOW,LOW,18.0,1.67,22.7,176.0,,0.66,LOW
"Flaxseed, ground",MEDIUM,LOW,HIGH,HIGH,HIGH,HIGH,LOW,229.9,5.778,372.1,793.4,3.675,4.738,LOW
"Flour, 00",LOW,LOW,LOW,LOW,MEDIUM,LOW,LOW,18.68,0.9863,25.8,135.5,,0.791,LOW
"Flour, Semolina, Coarse",LOW,LOW,MEDIUM,LOW,MEDIUM,LOW,LOW,16.55,1.5253333333333332,33.65,152.16666666666666,,0.8426666666666667,LOW
"Flour, Semolina, Semi-Coarse",LOW,LOW,MEDIUM,LOW,MEDIUM,MEDIUM,LOW,17.766666666666666,1.5683333333333334,36.76666666666667,195.33333333333334,,1.0513333333333332,LOW
"Flour, almond",MEDIUM,LOW,HIGH,HIGH,HIGH,MEDIUM,LOW,232.3,3.225,251.1,666.8,,2.795,LOW
"Flour, almond, blanched",MEDIUM,LOW,HIGH,HIGH,HIGH,MEDIUM,LOW,232.25,3.225,251.0625,666.75,,2.795,LOW
"Flour, amaranth",MEDIUM,LOW,HIGH,MEDIUM,HIGH,HIGH,LOW,135.2,7.56,232.7,395.8,,3.001,LOW
"Flour, barley",LOW,LOW,HIGH,MEDIUM,HIGH,MEDIUM,LOW,35.56,3.301,88.04,366.6,,2.144,LOW
"Flour, bread, white, enriched, unbleached",LOW,LOW,HIGH,LOW,MEDIUM,MEDIUM,LOW,19.0,5.55,35.9,127.0,,1.06,LOW
"Flour, buckwheat",LOW,LOW,HIGH,MEDIUM,HIGH,MEDIUM,LOW,30.55,3.84,167.4,378.1,,1.755,LOW
"Flour, cassava",LOW,LOW,HIGH,LOW,MEDIUM,LOW,LOW,74.55,3.988,33.56,197.6,,0.4099,LOW
"Flour, chestnut",LOW,LOW,MEDIUM,HIGH,HIGH,MEDIUM,LOW,55.81,1.621,68.75,1032.0,,1.038,LOW
"Flour, coconut",LOW,LOW,HIGH,HIGH,HIGH,HIGH,LOW,35.98,8.018,247.7,2088.0,,3.698,LOW
"Flour, corn, yellow, fine meal, enriched",LOW,LOW,HIGH,LOW,MEDIUM,LOW,LOW,0.0,4.44,30.1,144.0,,0.62,LOW
"Flour, oat, whole grain",LOW,LOW,HIGH,MEDIUM,HIGH,MEDIUM,LOW,42.81,3.997,125.3,373.1,,2.754,LOW
"Flour, pastry, unenriched, unbleached",LOW,LOW,LOW,LOW,MEDIUM,LOW,LOW,17.0,0.87,22.4,142.0,,0.74,LOW
"Flour, potato",LOW,LOW,HIGH,HIGH,HIGH,LOW,LOW,44.11888888888889,11.969444444444443,73.64944444444444,1269.1888888888889,,0.900188888888889,LOW
"Flour, quinoa",LOW,LOW,HIGH,HIGH,HIGH,MEDIUM,LOW,37.56,4.528,163.8,550.9,,2.77,LOW
"Flour, rice, brown",LOW,LOW,MEDIUM,MEDIUM,HIGH,MEDIUM,LOW,10.0,1.5,124.0,265.0,,1.91,LOW
"Flour, rice, glutinous",LOW,LOW,LOW,LOW,MEDIUM,MEDIUM,LOW,10.0,0.34,21.2,80.0,,1.34,LOW
"Flour, rice, white, unenriched",LOW,LOW,LOW,LOW,MEDIUM,MEDIUM,LOW,6.0,0.22,22.9,75.0,,1.19,LOW
"Flour, rye",LOW,LOW,MEDIUM,HIGH,HIGH,MEDIUM,LOW,32.24,2.536,95.39,434.0,,2.328,LOW
"Flour, semolina, coarse and semi-coarse",LOW,LOW,MEDIUM,LOW,MEDIUM,LOW,LOW,17.16,1.547,35.21,173.8,,0.947,LOW
"Flour, semolina, fine",LOW,LOW,MEDIUM,MEDIUM,MEDIUM,MEDIUM,LOW,19.76,2.431,46.28,207.8,,1.24,LOW
"Flour, sorghum",LOW,LOW,HIGH,MEDIUM,HIGH,MEDIUM,LOW,11.41,3.721,116.4,335.1,,1.66,LOW
"Flour, soy, defatted",HIGH,LOW,HIGH,HIGH,HIGH,HIGH,LOW,338.0,7.34,313.0,2480.0,,4.44,LOW
"Flour, soy, full-fat",MEDIUM,LOW,HIGH,HIGH,HIGH,HIGH,LOW,258.0,9.51,254.0,1860.0,,3.75,LOW
"Flour, spelt, whole grain",LOW,LOW,HIGH,MEDIUM,HIGH,HIGH,LOW,30.04,3.769,123.8,349.8,,3.591,LOW
"Flour, wheat, all-purpose, enriched, bleached",LOW,LOW,HIGH,LOW,MEDIUM,LOW,LOW,19.0,5.62,26.7,136.0,,0.72,LOW
"Flour, wheat, all-purpose, enriched, unbleached",LOW,LOW,HIGH,LOW,MEDIUM,LOW,LOW,21.0,5.41,33.3,135.0,,0.9,LOW
"Flour, wheat, all-purpose, unenriched, unbleached",LOW,LOW,MEDIUM,LOW,MEDIUM,MEDIUM,LOW,22.0,1.18,36.1,150.0,,1.15,LOW
"Flour, whole grain oat",LOW,LOW,HIGH,MEDIUM,HIGH,MEDIUM,LOW,42.8125,3.996875,125.275,373.0625,,2.75375,LOW
"Flour, whole wheat, unenriched",LOW,LOW,HIGH,MEDIUM,HIGH,HIGH,LOW,38.0,3.86,136.0,376.0,,3.24,LOW
"Fonio, grain, dry, raw",LOW,LOW,MEDIUM,LOW,MEDIUM,MEDIUM,LOW,11.65,2.662875,39.1,43.78625,,1.848625,LOW
"Frankfurter, beef, unheated",LOW,LOW,MEDIUM,MEDIUM,LOW,MEDIUM,LOW,15.0,1.14,11.5,343.0,,2.06,LOW
"GRAPE JUICE, PURPLE, FROM CONCENTRATE WITH ADDED VITAMIN C, SHELF STABLE",LOW,LOW,LOW,LOW,LOW,LOW,LOW,9.74125,0.040918750000000004,7.873125,49.78125,,0.0571,LOW
"GRAPE JUICE, WHITE, FROM CONCENTRATE WITH ADDED VITAMIN C, SHELF STABLE",LOW,LOW,LOW,LOW,LOW,LOW,LOW,7.318125,0.11907499999999999,4.274375,49.0125,,0.017725,LOW
"GRAPEFRUIT JUICE, RED, REFRIGERATED, NOT FORTIFIED, NOT FROM CONCENTRATE",LOW,LOW,LOW,LOW,LOW,LOW,LOW,8.87875,0.015287499999999999,7.748125,128.2625,,0.02739375,HIGH
"Grape juice, purple, with added vitamin C, from concentrate, shelf stable",LOW,LOW,LOW,LOW,LOW,LOW,LOW,9.741,0.04092,7.873,49.78,,0.0571,LOW
"Grape juice, white, with added vitamin C, from concentrate, shelf stable",LOW,LOW,LOW,LOW,LOW,LOW,LOW,7.318,0.1191,4.274,49.01,,0.01773,LOW
Grapefruit juice white shelf stable ,LOW,LOW,LOW,LOW,LOW,LOW,LOW,16.3,0.073,9.639999999999999,141.0,,0.042,HIGH
"Grapefruit juice, red, not fortified, not from concentrate, refrigerated",LOW,LOW,LOW,LOW,LOW,LOW,LOW,8.879,0.01529,7.748,128.3,,0.02739,HIGH
"Grapefruit juice, white, canned or bottled, unsweetened",LOW,LOW,LOW,LOW,LOW,LOW,LOW,16.0,0.07,9.6,141.0,,0.04,HIGH
"Grapes, green, seedless, raw",LOW,MEDIUM,LOW,MEDIUM,LOW,LOW,LOW,9.897,0.1991,7.118,218.1,,0.02674,LOW
"Grapes, red, seedless, raw",LOW,MEDIUM,LOW,MEDIUM,LOW,LOW,LOW,10.17,0.1615,8.556,229.4,,0.03603,LOW
"Green beans, raw",LOW,LOW,LOW,MEDIUM,MEDIUM,LOW,LOW,40.05,0.651625,28.212500000000002,290.4375,14.641666666666666,0.34975,LOW
"Green onion, (scallion), bulb and greens, root removed, raw",LOW,HIGH,MEDIUM,MEDIUM,LOW,LOW,LOW,59.43777777777778,1.0442222222222222,18.93777777777778,232.0,,0.24837777777777775,LOW
Ham,LOW,LOW,LOW,HIGH,MEDIUM,MEDIUM,LOW,5.894736842105263,0.8468421052631578,20.294736842105266,520.421052631579,,1.7757894736842106,LOW
Ham ,LOW,LOW,LOW,MEDIUM,MEDIUM,MEDIUM,LOW,5.5,0.91,20.55,309.5,,1.6925,LOW
"Ham, sliced, pre-packaged, deli meat (96%fat free, water added)",LOW,LOW,LOW,HIGH,LOW,MEDIUM,LOW,5.0,0.58,18.8,425.0,,1.52,LOW
"Ham, sliced, restaurant",LOW,LOW,LOW,HIGH,MEDIUM,MEDIUM,LOW,6.0,0.86,20.3,484.0,,1.76,LOW
Hot dogs beef,LOW,LOW,MEDIUM,MEDIUM,LOW,MEDIUM,LOW,15.352941176470589,1.1370588235294117,11.523529411764706,342.52941176470586,,2.0552941176470587,LOW
Hummus,LOW,LOW,MEDIUM,MEDIUM,HIGH,MEDIUM,LOW,40.72727272727273,2.4109090909090907,71.10909090909091,289.27272727272725,,1.3790909090909091,LOW
Hummus - NFY121400,UNKNOWN,LOW,UNKNOWN,UNKNOWN,UNKNOWN,UNKNOWN,LOW,,,,,7.766666666666667,,LOW
Hummus - NFY12142R,UNKNOWN,LOW,UNKNOWN,UNKNOWN,UNKNOWN,UNKNOWN,LOW,,,,,3.733333333333333,,LOW
"Hummus, commercial",LOW,LOW,MEDIUM,MEDIUM,HIGH,MEDIUM,LOW,41.0,2.41,71.1,289.0,5.733333333333333,1.38,LOW
"ITALIAN PORK SAUSAGE, GREAT VALUE, COOKED",LOW,HIGH,MEDIUM,MEDIUM,LOW,MEDIUM,LOW,12.0,1.22,19.7,281.0,,2.35,LOW
"ITALIAN PORK SAUSAGE, JOHNSONVILLE HOT, COOKED",LOW,HIGH,MEDIUM,MEDIUM,LOW,MEDIUM,LOW,11.0,1.25,18.2,275.0,,2.36,LOW
"ITALIAN PORK SAUSAGE, JOHNSONVILLE MILD, COOKED",LOW,HIGH,MEDIUM,MEDIUM,LOW,MEDIUM,LOW,9.25,1.3975,17.45,241.25,,2.4450000000000003,LOW
"ITALIAN PORK SAUSAGE, KROGER, COOKED",LOW,HIGH,MEDIUM,MEDIUM,LOW,MEDIUM,LOW,15.0,1.2,15.8,324.0,,1.98,LOW
"ITALIAN PORK SAUSAGE, STORE/OTHER, COOKED",LOW,HIGH,MEDIUM,MEDIUM,MEDIUM,MEDIUM,LOW,13.75,1.2325,20.25,390.25,,2.5025,LOW
"Italian Pork sausage, cooked",UNKNOWN,LOW,UNKNOWN,UNKNOWN,UNKNOWN,UNKNOWN,LOW,,,,,6.266666666666667,,LOW
"Juice, pomegranate, from concentrate, shelf-stable",LOW,MEDIUM,LOW,LOW,LOW,LOW,LOW,11.033333333333333,0.03087555555555556,6.862555555555556,165.56666666666666,,0.08176222222222222,LOW
"Juice, prune, from concentrate, shelf-stable ",LOW,LOW,LOW,LOW,LOW,LOW,LOW,12.399999999999999,0.925,8.34,165.5,,0.0944,LOW
"Juice, prune, shelf-stable",LOW,LOW,LOW,MEDIUM,LOW,LOW,LOW,16.23,0.444,15.21,215.6,,0.1225,LOW
"Juice, prune, water extract of dried prunes, from concentrate, shelf-stable ",LOW,LOW,LOW,MEDIUM,LOW,LOW,LOW,20.5,0.337,19.174999999999997,228.0,,0.1215,LOW
"Juice, prune, water extract of dried prunes, shelf-stable ",LOW,LOW,LOW,MEDIUM,LOW,LOW,LOW,11.5,0.177,14.15,241.0,,0.1525,LOW
"Juice, tart cherry, from concentrate, shelf-stable",LOW,LOW,LOW,LOW,LOW,LOW,LOW,16.197777777777777,0.20337777777777777,12.117777777777778,169.75555555555556,,0.03282555555555555,LOW
Kale,MEDIUM,HIGH,MEDIUM,MEDIUM,MEDIUM,LOW,LOW,197.63636363636363,1.1845454545454546,28.527272727272727,236.63636363636363,,0.32545454545454544,LOW
Kale - NFY1212D3,UNKNOWN,HIGH,UNKNOWN,UNKNOWN,UNKNOWN,UNKNOWN,LOW,,,,,123.0,,LOW
Kale - NFY1212E0,UNKNOWN,HIGH,UNKNOWN,UNKNOWN,UNKNOWN,UNKNOWN,LOW,,,,,126.0,,LOW
Kale - NFY1212EX,UNKNOWN,HIGH,UNKNOWN,UNKNOWN,UNKNOWN,UNKNOWN,LOW,,,,,140.66666666666666,,LOW
Kale - NFY1214RH,UNKNOWN,HIGH,UNKNOWN,UNKNOWN,UNKNOWN,UNKNOWN,LOW,,,,,136.66666666666666,,LOW
Kale - NFY1214S6,UNKNOWN,HIGH,UNKNOWN,UNKNOWN,UNKNOWN,UNKNOWN,LOW,,,,,122.66666666666667,,LOW
Kale - NFY1214SU,UNKNOWN,HIGH,UNKNOWN,UNKNOWN,UNKNOWN,UNKNOWN,LOW,,,,,159.0,,LOW
"Kale, frozen, cooked, boiled, drained, without salt",MEDIUM,HIGH,LOW,LOW,MEDIUM,LOW,LOW,150.0,0.84,25.0,144.0,139.33333333333334,0.27,LOW
"Kale, raw",MEDIUM,HIGH,MEDIUM,MEDIUM,MEDIUM,LOW,LOW,254.0,1.6,32.7,348.0,130.0,0.39,LOW
Ketchup,LOW,LOW,LOW,MEDIUM,LOW,LOW,LOW,13.142857142857142,0.4121428571428571,13.367857142857144,243.67857142857142,,0.14857142857142858,LOW
Ketchup ,LOW,LOW,LOW,MEDIUM,LOW,LOW,LOW,14.777777777777779,0.4566666666666667,13.783333333333333,257.22222222222223,,0.18611111111111112,LOW
"Ketchup, restaurant",LOW,LOW,LOW,MEDIUM,LOW,LOW,LOW,14.0,0.43,13.5,249.0,,0.16,LOW
"Khorasan, grain, dry, raw",LOW,LOW,HIGH,HIGH,HIGH,HIGH,LOW,24.08,3.874,130.1,450.5,,4.46,LOW
"Khorasan, grain, wheat berry, dry, raw",LOW,LOW,HIGH,HIGH,HIGH,HIGH,LOW,24.075,3.8737500000000002,130.125,450.5,,4.46,MEDIUM
"Kiwi, Pass 2, Region 1, n/a, Yes, Minerals - NFY010BY3",LOW,MEDIUM,LOW,LOW,LOW,UNKNOWN,LOW,33.0,0.34,15.2,130.0,,,LOW
"Kiwi, Pass 2, Region 1, n/a, Yes, Vitamin K - NFY010BYP",UNKNOWN,LOW,UNKNOWN,UNKNOWN,UNKNOWN,UNKNOWN,LOW,,,,,19.75,,LOW
"Kiwi, Pass 2, Region 2, n/a, Yes, Minerals - NFY010BYX",LOW,MEDIUM,LOW,LOW,LOW,UNKNOWN,LOW,26.0,0.2,14.1,121.0,,,LOW
"Kiwi, Pass 2, Region 2, n/a, Yes, Vitamin K - NFY010BZ5",UNKNOWN,MEDIUM,UNKNOWN,UNKNOWN,UNKNOWN,UNKNOWN,LOW,,,,,20.1,,LOW
"Kiwi, Pass 2, Region 3, n/a, Yes, Minerals - NFY010BZF",LOW,MEDIUM,LOW,LOW,LOW,LOW,LOW,36.0,0.31,14.8,117.0,,0.18,LOW
"Kiwi, Pass 2, Region 3, n/a, Yes, Vitamin K - NFY010BZN",UNKNOWN,LOW,UNKNOWN,UNKNOWN,UNKNOWN,UNKNOWN,LOW,,,,,16.95,,LOW
"Kiwi, Pass 2, Region 4, n/a, Yes, Minerals - NFY010BZW",LOW,MEDIUM,LOW,LOW,LOW,LOW,LOW,21.0,0.26,11.6,105.0,,0.2,LOW
"Kiwi, Pass 2, Region 4, n/a, Yes, Vitamin K - NFY010C0I",UNKNOWN,MEDIUM,UNKNOWN,UNKNOWN,UNKNOWN,UNKNOWN,LOW,,,,,25.15,,LOW
"Kiwi, Region 1, n/a, Yes, Minerals  - NFY0100RB",LOW,MEDIUM,LOW,MEDIUM,LOW,LOW,LOW,40.0,0.27,17.1,314.0,,0.13,LOW
"Kiwi, Region 1, n/a, Yes, Vitamin K  - NFY0100RT",UNKNOWN,LOW,UNKNOWN,UNKNOWN,UNKNOWN,UNKNOWN,LOW,,,,,18.6,,LOW
"Kiwi, Region 2, n/a, Yes, Minerals  - NFY0100S7",LOW,MEDIUM,LOW,MEDIUM,LOW,LOW,LOW,43.0,0.17,17.7,302.0,,0.11,LOW
"Kiwi, Region 2, n/a, Yes, Vitamin K  - NFY0100SP",UNKNOWN,MEDIUM,UNKNOWN,UNKNOWN,UNKNOWN,UNKNOWN,LOW,,,,,20.5,,LOW
"Kiwi, Region 3, n/a, Yes, Minerals  - NFY0100T5",LOW,MEDIUM,LOW,MEDIUM,LOW,LOW,LOW,44.0,0.2,18.3,300.0,,0.12,LOW
"Kiwi, Region 3, n/a, Yes, Vitamin K  - NFY0100TN",UNKNOWN,LOW,UNKNOWN,UNKNOWN,UNKNOWN,UNKNOWN,LOW,,,,,19.3,,LOW
"Kiwi, Region 4, n/a, Yes, Minerals  - NFY0100U3",UNKNOWN,MEDIUM,LOW,UNKNOWN,LOW,LOW,LOW,,0.19,17.1,,,0.11,LOW
"Kiwi, Region 4, n/a, Yes, Vitamin K  - NFY0100UL",UNKNOWN,MEDIUM,UNKNOWN,UNKNOWN,UNKNOWN,UNKNOWN,LOW,,,,,20.85,,LOW
"Kiwifruit (kiwi), green, peeled, raw",LOW,MEDIUM,LOW,MEDIUM,LOW,LOW,LOW,24.375555555555554,0.03662555555555555,14.787777777777778,301.5,,0.45471111111111107,LOW
"Kiwifruit, green, raw",LOW,MEDIUM,LOW,LOW,LOW,LOW,LOW,35.0,0.24,15.7,198.0,20.15,0.14,LOW
"Lamb, ground, raw",LOW,LOW,MEDIUM,MEDIUM,LOW,HIGH,LOW,6.575,1.6432857142857142,17.482857142857142,272.0857142857143,,3.13,LOW
"Leeks, bulb and greens, root removed, raw",LOW,LOW,LOW,MEDIUM,LOW,LOW,LOW,51.41222222222222,0.761,15.675555555555556,319.0,,0.293,LOW
"Lentils, dry",LOW,LOW,HIGH,HIGH,HIGH,HIGH,LOW,61.85,7.158,106.7,948.9,,3.863,LOW
"Lettuce, cos or romaine, raw",LOW,MEDIUM,LOW,MEDIUM,LOW,LOW,LOW,35.0,0.95,13.7,253.0,51.0,0.25,LOW
"Lettuce, iceberg, raw",LOW,LOW,LOW,LOW,LOW,LOW,LOW,14.237777777777776,0.03325,6.311222222222223,139.25555555555556,6.841333333333333,0.1728,LOW
"Lettuce, leaf, green, raw",LOW,MEDIUM,LOW,MEDIUM,LOW,LOW,LOW,39.83777777777778,0.3195,12.768888888888888,277.1222222222222,39.492,0.31025555555555556,LOW
"Lettuce, leaf, red, raw",LOW,MEDIUM,LOW,MEDIUM,LOW,LOW,LOW,42.58777777777778,0.40225555555555553,12.402222222222223,321.43333333333334,24.412,0.3032555555555556,LOW
"Lettuce, romaine, green, raw",LOW,MEDIUM,LOW,MEDIUM,LOW,LOW,LOW,27.56222222222222,0.267,12.05111111111111,260.43333333333334,27.796,0.2516222222222222,LOW
Lunchmeat ham,LOW,LOW,LOW,HIGH,LOW,MEDIUM,LOW,5.090909090909091,0.5736363636363637,18.78181818181818,424.6363636363636,,1.5236363636363635,LOW
"MILK, 1%",MEDIUM,LOW,LOW,LOW,LOW,LOW,LOW,127.25,0.0,12.108333333333334,159.33333333333334,,0.43,LOW
"MILK, 2% ",MEDIUM,LOW,LOW,LOW,LOW,LOW,LOW,125.83333333333333,0.0,11.958333333333334,158.66666666666666,,0.43,LOW
"MILK, SKIM ",MEDIUM,LOW,LOW,LOW,LOW,LOW,LOW,130.25,0.0,12.375,167.0,,0.445,LOW
"MILK, WHOLE ",MEDIUM,LOW,LOW,LOW,LOW,LOW,LOW,122.9090909090909,0.0,11.854545454545455,150.0,,0.4127272727272727,LOW
"MUSHROOMS, LIONS MANE",LOW,LOW,LOW,HIGH,LOW,LOW,LOW,0.0,0.68825,11.7175,443.3125,,0.74475,LOW
"MUSHROOMS, OYSTER",LOW,LOW,LOW,MEDIUM,LOW,LOW,LOW,0.0,0.698125,13.9125,281.625,,0.68425,LOW
"MUSHROOMS, SHIITAKE",LOW,LOW,LOW,MEDIUM,LOW,LOW,LOW,0.76625,0.14425,14.055,243.0,,0.7641249999999999,LOW
"MUSHROOMS, WHITE BUTTON",LOW,LOW,LOW,MEDIUM,LOW,LOW,LOW,5.465000000000001,0.22666666666666668,10.155,373.0,,0.511,LOW
"Mandarin, seedless, peeled, raw",LOW,LOW,LOW,LOW,LOW,LOW,LOW,43.962222222222216,0.0,12.587777777777779,167.1888888888889,,0.06868777777777778,MEDIUM
"Mango, Ataulfo, peeled, pit removed, raw",LOW,MEDIUM,LOW,MEDIUM,LOW,LOW,LOW,10.02,0.0,10.56625,204.375,,0.101975,LOW
"Mango, Ataulfo, peeled, raw",LOW,MEDIUM,LOW,MEDIUM,LOW,LOW,LOW,10.02,0.0,10.57,204.4,,0.102,LOW
"Mango, Tommy Atkins, peeled, pit removed, raw",LOW,MEDIUM,LOW,LOW,LOW,LOW,LOW,12.4,0.0,10.26125,165.0,,0.0664,LOW
"Mango, Tommy Atkins, peeled, raw",LOW,MEDIUM,LOW,LOW,LOW,LOW,LOW,12.4,0.0,10.26,165.0,,0.0664,LOW
"Melons, cantaloupe, raw",LOW,LOW,LOW,LOW,LOW,LOW,LOW,9.0,0.38,13.0,157.0,1.35,0.44,LOW
"Melons, honeydew, flesh only, raw",LOW,LOW,LOW,MEDIUM,LOW,LOW,LOW,6.57875,0.0,9.50375,208.9375,,0.0599875,LOW
"Melons, honeydew, raw",LOW,LOW,LOW,MEDIUM,LOW,LOW,LOW,6.579,0.0,9.504,208.9,,0.05999,LOW
"Milk, lowfat, fluid, 1% milkfat, with added vitamin A and vitamin D",MEDIUM,LOW,LOW,LOW,LOW,LOW,LOW,126.0,0.0,12.0,159.0,,0.43,LOW
"Milk, nonfat, fluid, with added vitamin A and vitamin D (fat free or skim)",MEDIUM,LOW,LOW,LOW,LOW,LOW,LOW,132.0,0.0,12.5,167.0,,0.45,LOW
"Milk, reduced fat, fluid, 2% milkfat, with added vitamin A and vitamin D",MEDIUM,LOW,LOW,LOW,LOW,LOW,LOW,126.0,0.0,12.0,159.0,,0.43,LOW
"Milk, whole, 3.25% milkfat, with added vitamin D",MEDIUM,LOW,LOW,LOW,LOW,LOW,LOW,123.0,0.0,11.9,150.0,,0.415,LOW
"Millet, whole grain",LOW,LOW,MEDIUM,MEDIUM,HIGH,MEDIUM,LOW,9.105,2.534,105.5,214.1,,2.258,LOW
"Minerals - Beef,  Eye of Round roast/steak, select, raw, comp13, lean",LOW,LOW,MEDIUM,MEDIUM,LOW,HIGH,LOW,13.0,1.37,11.4,312.0,,3.38,LOW
"Minerals - Beef, Porterhouse Steak, select, raw, comp13, lean",LOW,LOW,MEDIUM,MEDIUM,LOW,HIGH,LOW,19.0,2.26,10.7,266.0,,3.52,LOW
"Minerals - Beef, T-bone Steak, L_choice, grilled, comp12, lean (31BLTBS)",LOW,LOW,HIGH,MEDIUM,LOW,HIGH,LOW,19.0,3.63,19.5,275.0,,4.68,LOW
"Minerals - Beef, T-bone Steak, U_choice, grilled, comp11, lean (31BLTBS)",LOW,LOW,HIGH,MEDIUM,MEDIUM,HIGH,LOW,19.0,3.44,20.6,291.0,,4.69,LOW
"Minerals - Beef, Tenderloin Roast, select, roasted, comp13, lean  (34BLTR)",LOW,LOW,HIGH,MEDIUM,LOW,HIGH,LOW,13.0,3.04,13.7,352.0,,3.7,LOW
"Minerals - Beef, Top Loin steak, boneless, L_choice, raw, comp12, lean",LOW,LOW,MEDIUM,MEDIUM,LOW,HIGH,LOW,15.0,2.01,11.7,286.0,,3.84,LOW
"Minerals - Beef, Top Loin steak, boneless, U_choice, raw, comp11, lean",LOW,LOW,MEDIUM,MEDIUM,LOW,HIGH,LOW,15.0,1.79,11.0,278.0,,3.69,LOW
"Minerals - Beef, Top Round roast/steak, select, raw, comp13, lean",LOW,LOW,MEDIUM,MEDIUM,LOW,HIGH,LOW,13.0,2.34,11.9,316.0,,3.54,LOW
"Minerals, American cheese, pasteurized process, BEST CHOICE DELUXE - NFY090HS4",HIGH,LOW,LOW,MEDIUM,MEDIUM,MEDIUM,LOW,489.0,0.21,24.5,212.0,,2.16,LOW
"Minerals, American cheese, pasteurized process, GREAT VALUE DELUXE  - NFY090HQM",HIGH,LOW,LOW,MEDIUM,MEDIUM,MEDIUM,LOW,497.0,0.15,24.6,204.0,,2.22,LOW
"Minerals, American cheese, pasteurized process, HAUTLY CHEESE COMPANY - NFY090HR4",HIGH,LOW,LOW,MEDIUM,MEDIUM,MEDIUM,LOW,494.0,0.23,23.9,201.0,,2.21,LOW
"Minerals, American cheese, pasteurized process, HYVEE DELUXE SLICED - NFY090HRS",HIGH,LOW,LOW,LOW,MEDIUM,MEDIUM,LOW,508.0,0.14,24.4,196.0,,2.2,LOW
"Minerals, American cheese, pasteurized process, KRAFT - NFY090HJJ",HIGH,LOW,LOW,LOW,MEDIUM,MEDIUM,LOW,1210.0,0.81,26.4,119.0,,2.4,LOW
"Minerals, American cheese, pasteurized process, KRAFT - NFY090HK0",HIGH,LOW,LOW,LOW,MEDIUM,MEDIUM,LOW,1150.0,0.86,26.7,109.0,,2.48,LOW
"Minerals, American cheese, pasteurized process, KRAFT - NFY090HKB",HIGH,LOW,LOW,LOW,MEDIUM,MEDIUM,LOW,1240.0,0.75,26.5,125.0,,2.55,LOW
"Minerals, American cheese, pasteurized process, KRAFT - NFY090HKV",HIGH,LOW,LOW,LOW,MEDIUM,MEDIUM,LOW,1380.0,0.85,27.1,131.0,,2.6,LOW
"Minerals, American cheese, pasteurized process, KRAFT DELI DELUXE - NFY090HKN",HIGH,LOW,LOW,LOW,MEDIUM,MEDIUM,LOW,1330.0,0.8,25.5,123.0,,2.37,LOW
"Minerals, American cheese, pasteurized process, KRAFT DELI DELUXE - NFY090HMX",HIGH,LOW,LOW,LOW,MEDIUM,MEDIUM,LOW,1280.0,0.85,26.8,110.0,,2.49,LOW
"Minerals, American cheese, pasteurized process, KROGER DELUXE - NFY090HQ5",HIGH,LOW,LOW,LOW,MEDIUM,MEDIUM,LOW,540.0,0.2,23.1,140.0,,2.57,LOW
"Minerals, American cheese, pasteurized process, KROGER DELUXE - NFY090HQA",HIGH,LOW,LOW,LOW,MEDIUM,MEDIUM,LOW,625.0,0.23,26.2,155.0,,2.71,LOW
"Minerals, American cheese, pasteurized process, LAND-O-LAKES - NFY090HMF",HIGH,LOW,LOW,LOW,MEDIUM,HIGH,LOW,605.0,0.18,23.1,99.0,,3.14,LOW
"Minerals, American cheese, pasteurized process, LUCERNE DELUXE SLICES - NFY090HQS",HIGH,LOW,MEDIUM,LOW,MEDIUM,MEDIUM,LOW,1390.0,1.03,27.9,148.0,,2.5,LOW
"Minerals, American cheese, pasteurized process, LUCERNE DELUXE SLICES - NFY090HRA",HIGH,LOW,LOW,LOW,MEDIUM,MEDIUM,LOW,1260.0,0.83,25.5,110.0,,2.25,LOW
"Minerals, American cheese, pasteurized process, PUBLIX DELUXE - NFY090HRM",HIGH,LOW,LOW,LOW,MEDIUM,MEDIUM,LOW,947.0,0.55,23.7,112.0,,2.35,LOW
"Minerals, American cheese, pasteurized process, SHOP RITE SINGLES - NFY090HRG",HIGH,LOW,LOW,LOW,MEDIUM,MEDIUM,LOW,545.0,0.16,22.9,138.0,,2.45,LOW
"Minerals, American cheese, pasteurized process, SUNNYSIDE FARMS - NFY090HQY",HIGH,LOW,LOW,LOW,MEDIUM,MEDIUM,LOW,492.0,0.13,24.3,197.0,,2.21,LOW
"Minerals, American cheese, pasteurized process, TROPICAL DELUXE AMERICAN CHEESE - NFY090HRY",HIGH,LOW,LOW,MEDIUM,MEDIUM,MEDIUM,LOW,479.0,0.25,24.3,205.0,,2.1,LOW
"Minerals, Cheddar cheese, sliced, CRACKER BARREL (AL,CT) - NFY120DAF",HIGH,LOW,LOW,LOW,MEDIUM,HIGH,HIGH,661.0,0.11,24.4,74.0,,3.66,LOW
"Minerals, Cheddar cheese, sliced, CRACKER BARREL (FL,MO) - NFY120DAV",HIGH,LOW,LOW,LOW,MEDIUM,HIGH,HIGH,673.0,0.14,26.9,89.0,,3.29,LOW
"Minerals, Cheddar cheese, sliced, CRACKER BARREL (MI) - NFY120DB6",HIGH,LOW,LOW,LOW,MEDIUM,HIGH,HIGH,646.0,0.17,23.7,73.0,,3.57,LOW
"Minerals, Cheddar cheese, sliced, CRACKER BARREL (NY,NC) - NFY120DA5",HIGH,LOW,LOW,LOW,MEDIUM,HIGH,HIGH,659.0,0.18,24.8,86.0,,3.54,LOW
"Minerals, Cheddar cheese, sliced, SARGENTO NATURAL SHARP CHEDDAR DELI STYLE (CA2,IN) - NFY120DCI",HIGH,LOW,LOW,LOW,MEDIUM,HIGH,HIGH,701.0,0.17,27.1,94.0,,3.69,LOW
"Minerals, Cheddar cheese, sliced, SARGENTO SHARP  (AL,CA1) - NFY120DBZ",HIGH,LOW,LOW,LOW,MEDIUM,HIGH,HIGH,729.0,0.13,27.2,70.0,,3.69,LOW
"Minerals, Cheddar cheese, sliced, SARGENTO SHARP  (CT,MI) - NFY120DCS",HIGH,LOW,LOW,LOW,MEDIUM,HIGH,HIGH,728.0,0.14,28.2,76.0,,3.78,LOW
"Minerals, Cheddar cheese, sliced, SARGENTO SHARP  (NY) - NFY120DBN",HIGH,LOW,LOW,LOW,MEDIUM,HIGH,HIGH,715.0,0.16,25.6,58.0,,3.85,LOW
"Minerals, Cheddar cheese, sliced, TILLAMOOK (CA2,IN) - NFY120D9L",HIGH,LOW,LOW,LOW,MEDIUM,HIGH,HIGH,728.0,0.14,27.5,94.0,,3.72,LOW
"Minerals, Cheddar cheese, sliced, TILLAMOOK (CO,CA1) - NFY120D99",HIGH,LOW,LOW,LOW,MEDIUM,HIGH,HIGH,747.0,0.13,27.9,77.0,,3.81,LOW
"Minerals, Cheddar cheese, sliced, store brand, CRYSTAL FARMS & SHULLSBURG WISCONSIN (MO,NY) - NFY120DE1",HIGH,LOW,LOW,LOW,MEDIUM,HIGH,HIGH,695.0,0.18,26.7,73.0,,3.82,LOW
"Minerals, Cheddar cheese, sliced, store brand, FOOD LION (NC) - NFY120DFQ",HIGH,LOW,LOW,LOW,MEDIUM,HIGH,HIGH,708.0,0.28,26.2,79.0,,3.79,LOW
"Minerals, Cheddar cheese, sliced, store brand, GREAT VALUE DELI STYLE SLICED SHARP  (AL,OK) - NFY120DEB",HIGH,LOW,LOW,LOW,MEDIUM,HIGH,HIGH,710.0,0.22,29.8,81.0,,3.77,LOW
"Minerals, Cheddar cheese, sliced, store brand, HYVEE CRACKER CUTS & PUBLIX (FL,MO) - NFY120DFH",HIGH,LOW,LOW,LOW,MEDIUM,HIGH,HIGH,705.0,0.12,25.9,71.0,,3.76,LOW
"Minerals, Cheddar cheese, sliced, store brand, LUCERNE SLICED SHARP CHEDDAR NATURAL CHEESE (CO,CA1) - NFY120DDI",HIGH,LOW,LOW,LOW,MEDIUM,HIGH,HIGH,702.0,0.15,27.0,78.0,,3.56,LOW
"Minerals, Cheddar cheese, sliced, store brand, PUBLIX & SHOPRITE (CT,FL) - NFY120DF2",HIGH,LOW,LOW,LOW,MEDIUM,HIGH,HIGH,735.0,0.13,26.9,85.0,,3.93,LOW
"Minerals, Cheddar cheese, sliced, store brand, SUNNYSIDE FARMS DELI STYLE SLICED MEDIUM (CA2) - NFY120DET",HIGH,LOW,LOW,LOW,MEDIUM,HIGH,HIGH,702.0,0.23,27.4,66.0,,3.7,LOW
"Minerals, Cheddar cheese, sliced, storebrand, KROGER (IN,MI) - NFY120DD8",HIGH,LOW,LOW,LOW,MEDIUM,HIGH,HIGH,673.0,0.2,25.0,77.0,,3.85,LOW
"Minerals, Cheese, cheddar, mild, block/chunk KRAFT (IN,GA,TX) - NFY120WX4",HIGH,LOW,LOW,LOW,MEDIUM,HIGH,HIGH,701.0,0.11,27.0,74.0,,3.75,LOW
"Minerals, Cheese, cheddar, mild, block/chunk KRAFT (KY,NE,NC) - NFY120WWH",HIGH,LOW,LOW,LOW,MEDIUM,HIGH,HIGH,669.0,0.16,27.2,75.0,,3.55,LOW
"Minerals, Cheese, cheddar, mild, block/chunk KRAFT (PA,CA1,VA) - NFY120WW7",HIGH,LOW,LOW,LOW,MEDIUM,HIGH,HIGH,680.0,0.11,27.7,83.0,,3.46,LOW
"Minerals, Cheese, cheddar, mild, block/chunk, store brand, FOOD CLUB  (AZ,IN,GA) - NFY120WYQ",HIGH,LOW,LOW,LOW,MEDIUM,HIGH,HIGH,699.0,0.12,29.5,78.0,,3.62,LOW
"Minerals, Cheese, cheddar, mild, block/chunk, store brand, GREAT VALUE (CA1,KY,NE) - NFY120WXW",HIGH,LOW,LOW,LOW,MEDIUM,HIGH,HIGH,678.0,0.14,30.5,86.0,,3.44,LOW
"Minerals, Cheese, cheddar, natural shredded mild, KRAFT (IN,GA) - NFY120WQ9",HIGH,LOW,LOW,LOW,MEDIUM,HIGH,HIGH,728.0,0.17,25.0,67.0,,3.6,LOW
"Minerals, Cheese, cheddar, natural shredded mild, KRAFT (KY,NE,NC) - NFY120WPI",HIGH,LOW,LOW,LOW,MEDIUM,HIGH,HIGH,722.0,0.18,25.2,62.0,,3.72,LOW
"Minerals, Cheese, cheddar, natural shredded mild, KRAFT (PA,IA) - NFY120WP8",HIGH,LOW,LOW,LOW,MEDIUM,HIGH,HIGH,742.0,0.23,30.3,80.0,,3.25,LOW
"Minerals, Cheese, cheddar, natural shredded mild, store brand, GREAT VALUE (CA1,KY,NE) - NFY120WR2",HIGH,LOW,LOW,LOW,MEDIUM,HIGH,HIGH,641.0,0.12,26.8,80.0,,3.36,LOW
"Minerals, Cheese, cheddar, natural shredded mild, store brand, WEGMANS (AZ,IN,NJ,NC) - NFY120WRR",HIGH,LOW,LOW,LOW,MEDIUM,HIGH,HIGH,755.0,0.13,28.1,82.0,,3.68,LOW
"Minerals, Cheese, cheddar, natural shredded mild, store brand, sKROGER (CA2,TX) - NFY120WSB",HIGH,LOW,LOW,LOW,MEDIUM,HIGH,HIGH,760.0,0.11,27.2,72.0,,3.66,LOW
"Minerals, Cheese, cheddar, natural shredded sharp, KRAFT (AZ,IN,GA) - NFY120WTQ",HIGH,LOW,LOW,LOW,MEDIUM,HIGH,HIGH,752.0,0.17,26.2,84.0,,3.71,LOW
"Minerals, Cheese, cheddar, natural shredded sharp, KRAFT (KY,NE,NC) - NFY120WT3",HIGH,LOW,LOW,LOW,MEDIUM,HIGH,HIGH,720.0,0.14,25.2,92.0,,3.58,LOW
"Minerals, Cheese, cheddar, natural shredded sharp, KRAFT (PA,CA1,IA,TX) - NFY120WST",HIGH,LOW,LOW,LOW,MEDIUM,HIGH,HIGH,761.0,0.2,25.4,72.0,,3.69,LOW
"Minerals, Cheese, cheddar, natural shredded sharp, store brand, GREAT VALUE (CA1,NE) - NFY120WVO",HIGH,LOW,LOW,LOW,MEDIUM,HIGH,HIGH,668.0,0.13,27.0,68.0,,3.56,LOW
"Minerals, Cheese, cheddar, natural shredded sharp, store brand, MY ESSENTIALS (AZ,GA,NC,PA) - NFY120WV4",HIGH,LOW,LOW,LOW,MEDIUM,HIGH,HIGH,708.0,0.13,26.3,78.0,,3.55,LOW
"Minerals, Cheese, cheddar, natural shredded sharp, store brand, sKROGER (CA2,KY,TX) - NFY120WUJ",HIGH,LOW,LOW,LOW,MEDIUM,HIGH,HIGH,744.0,0.16,25.4,68.0,,3.73,LOW
"Minerals, Cheese, cheddar, sharp, block/chunk CABOT, SERIOUSLY SHARP (GA,NJ) - NFY120X0P",HIGH,LOW,LOW,LOW,MEDIUM,HIGH,HIGH,712.0,0.16,25.2,79.0,,3.96,LOW
"Minerals, Cheese, cheddar, sharp, block/chunk KRAFT (IN,GA) - NFY120X05",HIGH,LOW,LOW,LOW,MEDIUM,HIGH,HIGH,712.0,0.13,26.4,79.0,,3.89,LOW
"Minerals, Cheese, cheddar, sharp, block/chunk KRAFT (IN,GA) - NFY120X08",HIGH,LOW,LOW,LOW,MEDIUM,HIGH,HIGH,710.0,0.18,26.3,76.0,,3.85,LOW
"Minerals, Cheese, cheddar, sharp, block/chunk KRAFT (KY,NE) - NFY120WZI",HIGH,LOW,LOW,LOW,MEDIUM,HIGH,HIGH,667.0,0.14,24.9,75.0,,3.77,LOW
"Minerals, Cheese, cheddar, sharp, block/chunk, store brand, GREAT VALUE (CA1,KY,NE) - NFY120X23",HIGH,LOW,LOW,LOW,MEDIUM,HIGH,HIGH,689.0,0.1,26.7,77.0,,3.53,LOW
"Minerals, Cheese, cheddar, sharp, block/chunk, store brand, LAURA LYNN (GA,IA,NJ) - NFY120X1T",HIGH,LOW,LOW,LOW,MEDIUM,HIGH,HIGH,747.0,0.13,29.1,89.0,,3.65,LOW
"Minerals, Cheese, cheddar, sharp, block/chunk, store brand, sKROGER (CA2,TX) - NFY120X2X",HIGH,LOW,LOW,LOW,MEDIUM,HIGH,HIGH,718.0,0.17,26.8,77.0,,3.98,LOW
"Minerals, Cheese, dry white, Queso seco, EL MEXICANO BRAND (CA-AL) - NFY09007O",HIGH,LOW,LOW,LOW,MEDIUM,HIGH,LOW,825.0,0.21,31.9,104.0,,4.02,LOW
"Minerals, Cheese, dry white, Queso seco, mixed composite (CA-LA, CA-SD) - NFY0900AV",HIGH,LOW,LOW,LOW,MEDIUM,HIGH,LOW,725.0,0.16,30.3,118.0,,3.22,LOW
"Minerals, Cheese, dry white, Queso seco, mixed composite (FL, CA-SB) - NFY09008Y",HIGH,LOW,LOW,LOW,MEDIUM,HIGH,LOW,726.0,0.18,31.6,132.0,,3.34,LOW
"Minerals, Cheese, dry white, Queso seco, mixed composite (MD, NM) - NFY09009L",HIGH,LOW,LOW,LOW,MEDIUM,MEDIUM,LOW,522.0,0.18,20.9,111.0,,2.9,LOW
"Minerals, Cheese, dry white, Queso seco, mixed composite (NY, TX-TR) - NFY09008B",HIGH,LOW,LOW,LOW,LOW,HIGH,LOW,485.0,0.15,19.1,106.0,,3.02,LOW
"Minerals, Cheese, dry white, Queso seco, mixed composite (TX-HA, NV) - NFY0900A8",HIGH,LOW,LOW,LOW,MEDIUM,HIGH,LOW,683.0,0.2,26.7,124.0,,3.2,LOW
"Minerals, Cheese, string (low-moisture, part-skim mozzarella), BORDEN (CA1,NE,PA) - NFY120XAH",HIGH,LOW,LOW,LOW,MEDIUM,HIGH,LOW,643.0,0.15,24.8,71.0,,3.99,LOW
"Minerals, Cheese, string (low-moisture, part-skim mozzarella), FRIGO (AZ,VA) - NFY120X8I",HIGH,LOW,LOW,LOW,MEDIUM,MEDIUM,LOW,673.0,0.14,30.4,146.0,,2.96,LOW
"Minerals, Cheese, string (low-moisture, part-skim mozzarella), FRIGO (GA,NJ) - NFY120X97",HIGH,LOW,LOW,LOW,MEDIUM,HIGH,LOW,704.0,0.15,29.1,149.0,,3.09,LOW
"Minerals, Cheese, string (low-moisture, part-skim mozzarella), FRIGO (IA,TX) - NFY120X8Y",HIGH,LOW,LOW,LOW,MEDIUM,MEDIUM,LOW,668.0,0.15,29.3,164.0,,2.83,LOW
"Minerals, Cheese, string (low-moisture, part-skim mozzarella), FRIGO (KY,CA2) - NFY120X7Q",HIGH,LOW,LOW,LOW,MEDIUM,MEDIUM,LOW,681.0,0.14,29.1,153.0,,2.99,LOW
"Minerals, Cheese, string (low-moisture, part-skim mozzarella), FRIGO (NE,NC) - NFY120X89",HIGH,LOW,LOW,LOW,MEDIUM,HIGH,LOW,697.0,0.18,30.3,154.0,,3.05,LOW
"Minerals, Cheese, string (low-moisture, part-skim mozzarella), FRIGO (PA,CA1) - NFY120X7G",HIGH,LOW,LOW,LOW,MEDIUM,MEDIUM,LOW,627.0,0.14,28.9,146.0,,2.77,LOW
"Minerals, Cheese, string (low-moisture, part-skim mozzarella), KRAFT (CA1) - NFY120X3G",HIGH,LOW,LOW,LOW,MEDIUM,HIGH,LOW,584.0,0.13,22.0,96.0,,4.01,LOW
"Minerals, Cheese, string (low-moisture, part-skim mozzarella), KRAFT (IA) - NFY120X51",HIGH,LOW,LOW,LOW,MEDIUM,HIGH,LOW,683.0,0.22,22.2,55.0,,3.76,LOW
"Minerals, Cheese, string (low-moisture, part-skim mozzarella), KRAFT (IN,TX) - NFY120X4I",HIGH,LOW,LOW,LOW,MEDIUM,HIGH,LOW,721.0,0.23,22.6,55.0,,3.82,LOW
"Minerals, Cheese, string (low-moisture, part-skim mozzarella), KRAFT (NE) - NFY120X40",HIGH,LOW,LOW,LOW,MEDIUM,HIGH,LOW,652.0,0.18,22.2,60.0,,3.95,LOW
"Minerals, Cheese, string (low-moisture, part-skim mozzarella), SARGENTO (AZ,IN) - NFY120X68",HIGH,LOW,LOW,LOW,MEDIUM,HIGH,LOW,664.0,0.14,25.3,64.0,,4.01,LOW
"Minerals, Cheese, string (low-moisture, part-skim mozzarella), SARGENTO (GA,NJ) - NFY120X6Y",HIGH,LOW,LOW,LOW,MEDIUM,HIGH,LOW,659.0,0.15,25.3,66.0,,4.16,LOW
"Minerals, Cheese, string (low-moisture, part-skim mozzarella), SARGENTO (IA,TX) - NFY120X6P",HIGH,LOW,LOW,LOW,MEDIUM,HIGH,LOW,643.0,0.15,24.0,68.0,,3.9,LOW
"Minerals, Cheese, string (low-moisture, part-skim mozzarella), SARGENTO (KY,CA2) - NFY120X5H",HIGH,LOW,LOW,LOW,MEDIUM,HIGH,LOW,693.0,0.16,26.6,71.0,,4.01,LOW
"Minerals, Cheese, string (low-moisture, part-skim mozzarella), SARGENTO (NE,NC) - NFY120X5Y",HIGH,LOW,LOW,LOW,MEDIUM,HIGH,LOW,694.0,0.13,25.8,65.0,,4.18,LOW
"Minerals, Cheese, string (low-moisture, part-skim mozzarella), SARGENTO (PA,CA1) - NFY120X59",HIGH,LOW,LOW,LOW,MEDIUM,HIGH,LOW,670.0,0.14,26.1,64.0,,4.07,LOW
"Minerals, Cheese, string (low-moisture, part-skim mozzarella), store brand, MY ESSENTIALS (CA2,NC) - NFY120XA7",HIGH,LOW,LOW,LOW,MEDIUM,HIGH,LOW,656.0,0.2,25.1,102.0,,3.23,LOW
"Minerals, Cheese, string (low-moisture, part-skim mozzarella), store brand, sKROGER (KY,TX) - NFY120X9P",HIGH,LOW,LOW,MEDIUM,MEDIUM,HIGH,LOW,651.0,0.21,24.4,354.0,,3.68,LOW
"Minerals, Cheese, swiss, slices (AL, CA1) - 18c-16-02-Min",HIGH,LOW,LOW,LOW,MEDIUM,HIGH,LOW,884.0,0.14,33.4,61.0,,4.37,LOW
"Minerals, Cheese, swiss, slices (AL, CA1) - 18c-17-02-Min",HIGH,LOW,LOW,LOW,MEDIUM,HIGH,LOW,910.0,0.11,34.5,69.0,,4.42,LOW
"Minerals, Cheese, swiss, slices (CA2, CO) - 18c-17-03-Min",HIGH,LOW,LOW,LOW,MEDIUM,HIGH,LOW,842.0,0.12,31.5,71.0,,4.17,LOW
"Minerals, Cheese, swiss, slices (CA2, NC) - 18c-16-03-Min",HIGH,LOW,LOW,LOW,MEDIUM,HIGH,LOW,860.0,0.13,32.1,66.0,,4.25,LOW
"Minerals, Cheese, swiss, slices (CO, CT) - 18c-16-05-Min",HIGH,LOW,LOW,LOW,MEDIUM,HIGH,LOW,906.0,0.19,34.2,68.0,,4.48,LOW
"Minerals, Cheese, swiss, slices (CT, OK) - 18c-17-04-Min",HIGH,LOW,LOW,LOW,MEDIUM,HIGH,LOW,861.0,0.12,32.1,75.0,,4.26,LOW
"Minerals, Cheese, swiss, slices (FL) - 18c-16-04-Min",HIGH,LOW,LOW,LOW,MEDIUM,HIGH,LOW,876.0,0.14,32.4,60.0,,4.4,LOW
"Minerals, Cheese, swiss, slices (FL, MO) - 18c-17-05-Min",HIGH,LOW,LOW,LOW,MEDIUM,HIGH,LOW,938.0,0.12,34.6,70.0,,4.58,LOW
"Minerals, Cheese, swiss, slices (IN, MI) - 18c-17-01-Min",HIGH,LOW,LOW,LOW,MEDIUM,HIGH,LOW,899.0,0.1,33.2,96.0,,4.32,LOW
"Minerals, Cheese, swiss, slices (IN, NY) - 18c-16-01-Min",HIGH,LOW,LOW,LOW,MEDIUM,HIGH,LOW,860.0,0.14,32.4,56.0,,4.29,LOW
"Minerals, Cheese, swiss, slices (MI, OK) - 18c-16-06-Min",HIGH,LOW,LOW,LOW,MEDIUM,HIGH,LOW,932.0,0.16,35.2,75.0,,4.57,LOW
"Minerals, Cheese, swiss, slices (NY, NC) - 18c-17-06-Min",HIGH,LOW,LOW,LOW,MEDIUM,HIGH,LOW,907.0,0.13,34.7,82.0,,4.36,LOW
"Minerals, Chicken breasts, boneless, skinless, non-enhanced, braised (AL,CA1) - 17A-02-02-Min",LOW,LOW,LOW,MEDIUM,MEDIUM,LOW,LOW,6.0,0.54,31.5,325.0,,0.95,LOW
"Minerals, Chicken breasts, boneless, skinless, non-enhanced, braised (CA2,NC) - 17A-02-03-Min",LOW,LOW,LOW,MEDIUM,MEDIUM,MEDIUM,LOW,6.0,0.5,31.7,332.0,,1.0,LOW
"Minerals, Chicken breasts, boneless, skinless, non-enhanced, braised (CO,CT) - 17A-02-04-Min",LOW,LOW,LOW,MEDIUM,MEDIUM,LOW,LOW,5.0,0.52,30.9,316.0,,0.95,LOW
"Minerals, Chicken breasts, boneless, skinless, non-enhanced, braised (FL,MO) - 17A-02-05-Min",LOW,LOW,LOW,MEDIUM,MEDIUM,MEDIUM,LOW,5.0,0.46,30.8,340.0,,1.02,LOW
"Minerals, Chicken breasts, boneless, skinless, non-enhanced, braised (IN,NY) - 17A-02-01-Min",LOW,LOW,LOW,HIGH,MEDIUM,LOW,LOW,7.0,0.47,35.2,410.0,,0.94,LOW
"Minerals, Chicken breasts, boneless, skinless, non-enhanced, braised (MI,OK) - 17A-02-06-Min",LOW,LOW,LOW,MEDIUM,MEDIUM,LOW,LOW,5.0,0.45,32.1,335.0,,0.89,LOW
"Minerals, Chicken, dark meat, lean only, drumstick, braised, enhanced (OK1,MI1) - 14B-06-06-Min",LOW,LOW,LOW,MEDIUM,MEDIUM,MEDIUM,LOW,14.0,0.78,21.1,229.0,,2.34,LOW
"Minerals, Chicken, dark meat, lean only, drumstick, braised, non-enhanced (AL1,CA1) - 14B-06-05-Min",LOW,LOW,MEDIUM,MEDIUM,MEDIUM,MEDIUM,LOW,13.0,1.0,22.3,229.0,,2.22,LOW
"Minerals, Chicken, dark meat, lean only, drumstick, braised, non-enhanced (CA2,NC1) - 14B-06-02-Min",LOW,LOW,MEDIUM,MEDIUM,MEDIUM,MEDIUM,LOW,11.0,1.05,23.7,263.0,,2.78,LOW
"Minerals, Chicken, dark meat, lean only, drumstick, braised, non-enhanced (CO1,CT1,IN1) - 14B-06-03-Min",LOW,LOW,MEDIUM,MEDIUM,MEDIUM,MEDIUM,LOW,12.0,1.02,22.5,235.0,,2.69,LOW
"Minerals, Chicken, dark meat, lean only, drumstick, braised, non-enhanced (FL1,MO1,NY1) - 14B-06-04-Min",LOW,LOW,LOW,MEDIUM,MEDIUM,MEDIUM,LOW,12.0,0.84,22.2,237.0,,2.64,LOW
"Minerals, Chicken, dark meat, lean only, drumstick, raw, enhanced (OK1,MI1) - 14B-04-06-Min",LOW,LOW,LOW,MEDIUM,LOW,MEDIUM,LOW,11.0,0.59,18.9,223.0,,1.95,LOW
"Minerals, Chicken, dark meat, lean only, drumstick, raw, non-enhanced (AL1,CA1) - 14B-04-05-Min",LOW,LOW,LOW,MEDIUM,MEDIUM,MEDIUM,LOW,12.0,0.68,21.5,229.0,,2.04,LOW
"Minerals, Chicken, dark meat, lean only, drumstick, raw, non-enhanced (CA2,NC1) - 14B-04-02-Min",LOW,LOW,LOW,MEDIUM,MEDIUM,MEDIUM,LOW,9.0,0.69,21.7,251.0,,2.23,LOW
"Minerals, Chicken, dark meat, lean only, drumstick, raw, non-enhanced (CO1,CT1,IN1) - 14B-04-03-Min",LOW,LOW,LOW,MEDIUM,MEDIUM,MEDIUM,LOW,10.0,0.61,20.9,236.0,,2.05,LOW
"Minerals, Chicken, dark meat, lean only, drumstick, raw, non-enhanced (FL1,MO1,NY1) - 14B-04-04-Min",LOW,LOW,LOW,MEDIUM,MEDIUM,MEDIUM,LOW,11.0,0.68,21.8,244.0,,2.16,LOW
"Minerals, Chicken, dark meat, lean only, drumstick, roasted, enhanced (OK1,MI1) - 14B-05-06-Min",LOW,LOW,LOW,MEDIUM,LOW,MEDIUM,LOW,11.0,0.66,19.8,267.0,,2.21,LOW
"Minerals, Chicken, dark meat, lean only, drumstick, roasted, non-enhanced (AL1,CA1) - 14B-05-05-Min",LOW,LOW,LOW,MEDIUM,MEDIUM,MEDIUM,LOW,13.0,0.92,23.9,274.0,,2.38,LOW
"Minerals, Chicken, dark meat, lean only, drumstick, roasted, non-enhanced (CA2,NC1) - 14B-05-02-Min",LOW,LOW,MEDIUM,MEDIUM,MEDIUM,MEDIUM,LOW,11.0,1.02,24.8,266.0,,2.56,LOW
"Minerals, Chicken, dark meat, lean only, drumstick, roasted, non-enhanced (CO1,CT1,IN1) - 14B-05-03-Min",LOW,LOW,MEDIUM,MEDIUM,MEDIUM,MEDIUM,LOW,12.0,1.14,24.1,265.0,,2.51,LOW
"Minerals, Chicken, dark meat, lean only, drumstick, roasted, non-enhanced (FL1,MO1,NY1) - 14B-05-04-Min",LOW,LOW,LOW,MEDIUM,MEDIUM,MEDIUM,LOW,11.0,0.83,23.5,256.0,,2.21,LOW
"Minerals, Chicken, dark meat, lean only, thigh, braised, enhanced (OK1,MI1) - 14B-09-06-Min",LOW,LOW,LOW,MEDIUM,MEDIUM,MEDIUM,LOW,15.0,0.97,23.2,281.0,,1.79,LOW
"Minerals, Chicken, dark meat, lean only, thigh, braised, non-enhanced (AL1,CA1) - 14B-09-05-Min",LOW,LOW,MEDIUM,MEDIUM,MEDIUM,MEDIUM,LOW,11.0,1.34,26.8,273.0,,1.86,LOW
"Minerals, Chicken, dark meat, lean only, thigh, braised, non-enhanced (CA2,NC1) - 14B-09-02-Min",LOW,LOW,LOW,MEDIUM,MEDIUM,MEDIUM,LOW,11.0,0.94,23.0,261.0,,1.8,LOW
"Minerals, Chicken, dark meat, lean only, thigh, braised, non-enhanced (CO1,CT1) - 14B-09-03-Min",LOW,LOW,MEDIUM,MEDIUM,MEDIUM,MEDIUM,LOW,13.0,1.33,25.7,271.0,,1.89,LOW
"Minerals, Chicken, dark meat, lean only, thigh, braised, non-enhanced (FL1,MO1,NY1) - 14B-09-04-Min",LOW,LOW,MEDIUM,MEDIUM,MEDIUM,MEDIUM,LOW,13.0,1.45,24.5,260.0,,1.91,LOW
"Minerals, Chicken, dark meat, lean only, thigh, raw, enhanced (OK1,MI1) - 14B-07-06-Min",LOW,LOW,LOW,MEDIUM,MEDIUM,MEDIUM,LOW,9.0,0.62,20.0,248.0,,1.46,LOW
"Minerals, Chicken, dark meat, lean only, thigh, raw, non-enhanced (AL1,CA1) - 14B-07-05-Min",LOW,LOW,LOW,MEDIUM,MEDIUM,MEDIUM,LOW,8.0,0.92,23.9,261.0,,1.53,LOW
"Minerals, Chicken, dark meat, lean only, thigh, raw, non-enhanced (CA2,NC1) - 14B-07-02-Min",LOW,LOW,LOW,MEDIUM,MEDIUM,MEDIUM,LOW,9.0,0.76,23.2,239.0,,1.54,LOW
"Minerals, Chicken, dark meat, lean only, thigh, raw, non-enhanced (CO1,CT1) - 14B-07-03-Min",LOW,LOW,LOW,MEDIUM,MEDIUM,MEDIUM,LOW,7.0,0.72,22.7,243.0,,1.45,LOW
"Minerals, Chicken, dark meat, lean only, thigh, raw, non-enhanced (FL1,MO1,NY1) - 14B-07-04-Min",LOW,LOW,LOW,MEDIUM,MEDIUM,MEDIUM,LOW,10.0,0.79,23.8,236.0,,1.56,LOW
"Minerals, Chicken, dark meat, lean only, thigh, roasted, enhanced (OK1,MI1) - 14B-08-06-Min",LOW,LOW,LOW,MEDIUM,MEDIUM,MEDIUM,LOW,12.0,0.86,23.5,291.0,,1.64,LOW
"Minerals, Chicken, dark meat, lean only, thigh, roasted, non-enhanced (AL1,CA1) - 14B-08-05-Min",LOW,LOW,MEDIUM,MEDIUM,MEDIUM,MEDIUM,LOW,9.0,1.06,23.1,283.0,,1.72,LOW
"Minerals, Chicken, dark meat, lean only, thigh, roasted, non-enhanced (CA2,NC1) - 14B-08-02-Min",LOW,LOW,MEDIUM,MEDIUM,MEDIUM,MEDIUM,LOW,10.0,1.17,24.0,268.0,,1.84,LOW
"Minerals, Chicken, dark meat, lean only, thigh, roasted, non-enhanced (CO1,CT1) - 14B-08-03-Min",LOW,LOW,MEDIUM,MEDIUM,MEDIUM,MEDIUM,LOW,10.0,1.06,24.9,274.0,,1.81,LOW
"Minerals, Chicken, dark meat, lean only, thigh, roasted, non-enhanced (FL1,MO1,NY1) - 14B-08-04-Min",LOW,LOW,MEDIUM,MEDIUM,MEDIUM,MEDIUM,LOW,10.0,1.04,23.8,284.0,,1.79,LOW
"Minerals, Chicken, skin, braised, from drumsticks and thighs, enhanced (OK1,MI1) - 14B-03-06-Min",LOW,LOW,LOW,LOW,LOW,LOW,LOW,14.0,0.65,12.0,146.0,,0.63,LOW
"Minerals, Chicken, skin, braised, from drumsticks and thighs, non-enhanced (AL1,CA1) - 14B-03-05-Min",LOW,LOW,MEDIUM,LOW,LOW,LOW,LOW,9.0,1.02,14.0,148.0,,0.78,LOW
"Minerals, Chicken, skin, braised, from drumsticks and thighs, non-enhanced (CA2,NC1) - 14B-03-02-Min",LOW,LOW,MEDIUM,LOW,LOW,LOW,LOW,10.0,1.03,13.6,156.0,,0.64,LOW
"Minerals, Chicken, skin, braised, from drumsticks and thighs, non-enhanced (CO1,CT1,IN1) - 14B-03-03-Min",LOW,LOW,LOW,LOW,LOW,LOW,LOW,9.0,0.92,13.4,183.0,,0.78,LOW
"Minerals, Chicken, skin, braised, from drumsticks and thighs, non-enhanced (FL1,MO1,NY1) - 14B-03-04-Min",LOW,LOW,MEDIUM,LOW,LOW,LOW,LOW,9.0,1.03,13.5,156.0,,0.76,LOW
"Minerals, Chicken, skin, raw, from drumsticks and thighs, enhanced (OK1,MI1) - 14B-01-06-Min",LOW,LOW,LOW,LOW,LOW,LOW,LOW,10.0,0.19,7.5,158.0,,0.51,LOW
"Minerals, Chicken, skin, raw, from drumsticks and thighs, non-enhanced (AL1,CA1) - 14B-01-05-Min",LOW,LOW,LOW,LOW,LOW,LOW,LOW,6.0,0.33,8.5,119.0,,0.66,LOW
"Minerals, Chicken, skin, raw, from drumsticks and thighs, non-enhanced (CA2,NC1) - 14B-01-02-Min",LOW,LOW,LOW,LOW,LOW,LOW,LOW,7.0,0.47,9.0,130.0,,0.7,LOW
"Minerals, Chicken, skin, raw, from drumsticks and thighs, non-enhanced (CO1,CT1,IN1) - 14B-01-03-Min",LOW,LOW,LOW,LOW,LOW,LOW,LOW,6.0,0.39,8.0,123.0,,0.64,LOW
"Minerals, Chicken, skin, raw, from drumsticks and thighs, non-enhanced (FL1,MO1,NY1) - 14B-01-04-Min",LOW,LOW,LOW,LOW,LOW,LOW,LOW,6.0,0.29,7.6,104.0,,0.61,LOW
"Minerals, Chicken, skin, roasted, from drumsticks and thighs, enhanced (OK1,MI1) - 14B-02-06-Min",LOW,LOW,MEDIUM,MEDIUM,MEDIUM,MEDIUM,LOW,11.0,1.0,21.5,259.0,,2.71,LOW
"Minerals, Chicken, skin, roasted, from drumsticks and thighs, non-enhanced (AL1,CA1) - 14B-02-05-Min",LOW,LOW,LOW,LOW,LOW,LOW,LOW,9.0,0.9,16.4,191.0,,0.97,LOW
"Minerals, Chicken, skin, roasted, from drumsticks and thighs, non-enhanced (CA2,NC1) - 14B-02-02-Min",LOW,LOW,MEDIUM,LOW,LOW,LOW,LOW,8.0,1.02,16.4,176.0,,0.76,LOW
"Minerals, Chicken, skin, roasted, from drumsticks and thighs, non-enhanced (CO1,CT1,IN1) - 14B-02-03-Min",LOW,LOW,LOW,LOW,LOW,LOW,LOW,12.0,0.9,16.0,181.0,,0.9,LOW
"Minerals, Chicken, skin, roasted, from drumsticks and thighs, non-enhanced (FL1,MO1,NY1) - 14B-02-04-Min",LOW,LOW,LOW,LOW,LOW,LOW,LOW,11.0,0.78,15.4,178.0,,0.81,LOW
"Minerals, Chinese Restaurant, Fried Rice (No Meat) (AL) - NFY1209PS",LOW,LOW,LOW,LOW,LOW,LOW,LOW,8.0,0.35,10.3,62.0,,0.69,LOW
"Minerals, Chinese Restaurant, Fried Rice (No Meat) (CA1) - NFY1209PZ",LOW,LOW,MEDIUM,LOW,LOW,LOW,LOW,15.0,1.03,9.2,54.0,,0.78,LOW
"Minerals, Chinese Restaurant, Fried Rice (No Meat) (CA2) - NFY1209Q6",LOW,LOW,LOW,LOW,LOW,LOW,LOW,13.0,0.23,6.4,66.0,,0.69,LOW
"Minerals, Chinese Restaurant, Fried Rice (No Meat) (CO) - NFY1209QK",LOW,LOW,LOW,LOW,LOW,LOW,LOW,16.0,0.6,10.9,102.0,,0.63,LOW
"Minerals, Chinese Restaurant, Fried Rice (No Meat) (CT) - NFY1209QR",LOW,LOW,LOW,LOW,LOW,LOW,LOW,13.0,0.47,10.3,94.0,,0.6,LOW
"Minerals, Chinese Restaurant, Fried Rice (No Meat) (FL) - NFY1209QY",LOW,LOW,LOW,LOW,LOW,LOW,LOW,12.0,0.47,6.4,87.0,,0.68,LOW
"Minerals, Chinese Restaurant, Fried Rice (No Meat) (IN) - NFY120A4Q",LOW,LOW,LOW,LOW,LOW,LOW,LOW,15.0,0.41,13.8,102.0,,0.73,LOW
"Minerals, Chinese Restaurant, Fried Rice (No Meat) (MI) - NFY1209RC",LOW,LOW,LOW,LOW,LOW,LOW,LOW,14.0,0.37,11.7,99.0,,0.66,LOW
"Minerals, Chinese Restaurant, Fried Rice (No Meat) (MO) - NFY1209R5",LOW,LOW,LOW,LOW,LOW,LOW,LOW,10.0,0.47,12.7,47.0,,0.66,LOW
"Minerals, Chinese Restaurant, Fried Rice (No Meat) (NC) - NFY1209QD",LOW,LOW,LOW,LOW,LOW,LOW,LOW,4.0,0.44,10.1,35.0,,0.74,LOW
"Minerals, Chinese Restaurant, Fried Rice (No Meat) (NY) - NFY1209PL",LOW,LOW,LOW,LOW,LOW,LOW,LOW,8.0,0.51,7.6,48.0,,0.65,LOW
"Minerals, Chinese Restaurant, Fried Rice (No Meat) (OK) - NFY1209RJ",LOW,LOW,LOW,LOW,LOW,LOW,LOW,7.0,0.18,6.5,35.0,,0.72,LOW
"Minerals, Cottage cheese, 2% milkfat, BREAKSTONE (AL,IN) - NFY120BNE",MEDIUM,LOW,LOW,LOW,LOW,LOW,MEDIUM,133.0,0.14,9.2,121.0,,0.43,LOW
"Minerals, Cottage cheese, 2% milkfat, BREAKSTONE (CT,NC) - NFY120BN4",MEDIUM,LOW,LOW,LOW,LOW,LOW,MEDIUM,120.0,0.12,8.4,112.0,,0.36,LOW
"Minerals, Cottage cheese, 2% milkfat, BREAKSTONE (FL) - NFY120BNU",MEDIUM,LOW,LOW,LOW,LOW,LOW,MEDIUM,123.0,0.17,9.1,136.0,,0.39,LOW
"Minerals, Cottage cheese, 2% milkfat, BREAKSTONE (MI,OK) - NFY120BO5",MEDIUM,LOW,LOW,LOW,LOW,LOW,MEDIUM,137.0,0.21,9.5,125.0,,0.42,LOW
"Minerals, Cottage cheese, 2% milkfat, DAISY (CA1,CO) - NFY120BML",LOW,LOW,LOW,LOW,LOW,LOW,MEDIUM,76.0,0.13,8.0,101.0,,0.99,LOW
"Minerals, Cottage cheese, 2% milkfat, DAISY (FL,IN) - NFY120BRM",LOW,LOW,LOW,LOW,LOW,MEDIUM,MEDIUM,96.0,0.2,9.7,124.0,,1.19,LOW
"Minerals, Cottage cheese, 2% milkfat, DAISY (MI,NY) - NFY120BQ1",LOW,LOW,LOW,LOW,LOW,MEDIUM,MEDIUM,81.0,0.1,8.2,103.0,,1.04,LOW
"Minerals, Cottage cheese, 2% milkfat, DAISY (MO,CT) - NFY120BPE",LOW,LOW,LOW,LOW,LOW,LOW,MEDIUM,76.0,0.1,8.2,103.0,,0.95,LOW
"Minerals, Cottage cheese, 2% milkfat, KNUDSEN (CA1,CA2) - NFY120BOW",MEDIUM,LOW,LOW,LOW,LOW,LOW,MEDIUM,131.0,0.14,10.5,146.0,,0.51,LOW
"Minerals, Cottage cheese, 2% milkfat, store brand/other brand, FRIENDSHIP & HORIZON ORGANIC (FL,IN) - NFY120BPT",MEDIUM,LOW,LOW,LOW,LOW,LOW,MEDIUM,103.0,0.12,7.5,91.0,,0.51,LOW
"Minerals, Cottage cheese, 2% milkfat, store brand/other brand, FRIENDSHIP ALL NATURAL & HYVEE (MO,NY) - NFY120BQH",LOW,LOW,LOW,LOW,LOW,LOW,MEDIUM,91.0,0.15,8.7,109.0,,0.51,LOW
"Minerals, Cottage cheese, 2% milkfat, store brand/other brand, HY VEE & DAISY (CA2,MO) - NFY120BMB",LOW,LOW,LOW,LOW,LOW,LOW,MEDIUM,76.0,0.1,8.3,108.0,,0.68,LOW
"Minerals, Cottage cheese, 2% milkfat, store brand/other brand, KING SOOPERS & KRAFT (CO,CT) - NFY120BR5",LOW,LOW,LOW,LOW,LOW,LOW,MEDIUM,80.0,0.1,9.9,148.0,,0.38,LOW
"Minerals, Cottage cheese, 2% milkfat, store brand/other brand, KRAFT SIMPLY & MEADOW GOLD VIVA (AL,CO) - NFY120BON",LOW,LOW,LOW,LOW,LOW,LOW,MEDIUM,84.0,0.1,10.8,159.0,,0.38,LOW
"Minerals, Cottage cheese, 2% milkfat, store brand/other brand, KROGER & SAFEWAY (CA1,MI) - NFY120BQP",MEDIUM,LOW,LOW,LOW,LOW,LOW,MEDIUM,168.0,0.1,8.6,143.0,,0.38,LOW
"Minerals, Cottage cheese, 2% milkfat, store brand/other brand, SUNNYSIDE FARMS & DAISY (CA2,NC) - NFY120BRT",LOW,LOW,LOW,LOW,LOW,LOW,MEDIUM,79.0,0.11,8.2,99.0,,0.65,LOW
"Minerals, Greek yogurt, CHOBANI PLAIN NON-FAT (AL1,CA1) - NFY091105",MEDIUM,LOW,LOW,LOW,LOW,LOW,MEDIUM,108.0,0.08,10.2,140.0,,0.5,LOW
"Minerals, Greek yogurt, CHOBANI PLAIN NON-FAT (CA2,NC1) - NFY09110Q",MEDIUM,LOW,LOW,LOW,LOW,LOW,MEDIUM,110.0,0.08,10.7,140.0,,0.5,LOW
"Minerals, Greek yogurt, CHOBANI PLAIN NON-FAT (CO1,CT1) - NFY09110Z",MEDIUM,LOW,LOW,LOW,LOW,LOW,MEDIUM,112.0,0.07,10.6,142.0,,0.51,LOW
"Minerals, Greek yogurt, CHOBANI PLAIN NON-FAT (FL1,MO1) - NFY09111F",MEDIUM,LOW,LOW,LOW,LOW,LOW,MEDIUM,109.0,0.06,10.2,141.0,,0.49,LOW
"Minerals, Greek yogurt, CHOBANI PLAIN NON-FAT (MI1,OK1) - NFY09111P",MEDIUM,LOW,LOW,LOW,LOW,LOW,MEDIUM,109.0,0.07,10.3,141.0,,0.5,LOW
"Minerals, Greek yogurt, CHOBANI PLAIN NON-FAT (NY1) - NFY0910ZW",MEDIUM,LOW,LOW,LOW,LOW,LOW,MEDIUM,110.0,0.08,10.5,143.0,,0.53,LOW
"Minerals, Greek yogurt, DANNON OIKOS PLAIN NON-FAT (AL1,CA1) - NFY09114S",MEDIUM,LOW,LOW,LOW,LOW,LOW,MEDIUM,111.0,0.07,11.1,136.0,,0.51,LOW
"Minerals, Greek yogurt, DANNON OIKOS PLAIN NON-FAT (CA2,NC1) - NFY09115A",MEDIUM,LOW,LOW,LOW,LOW,LOW,MEDIUM,110.0,0.11,11.0,145.0,,0.52,LOW
"Minerals, Greek yogurt, DANNON OIKOS PLAIN NON-FAT (CO1,CT1) - NFY09115J",MEDIUM,LOW,LOW,LOW,LOW,LOW,MEDIUM,110.0,0.08,11.3,145.0,,0.52,LOW
"Minerals, Greek yogurt, DANNON OIKOS PLAIN NON-FAT (FL1,MO1) - NFY09116A",MEDIUM,LOW,LOW,LOW,LOW,LOW,MEDIUM,110.0,0.07,11.5,142.0,,0.51,LOW
"Minerals, Greek yogurt, DANNON OIKOS PLAIN NON-FAT (IN1,NY1) - NFY09114J",MEDIUM,LOW,LOW,LOW,LOW,LOW,MEDIUM,110.0,0.07,11.3,143.0,,0.51,LOW
"Minerals, Greek yogurt, DANNON OIKOS PLAIN NON-FAT (MI1) - NFY091160",MEDIUM,LOW,LOW,LOW,LOW,LOW,MEDIUM,111.0,0.07,11.0,144.0,,0.51,LOW
"Minerals, Greek yogurt, FAGE PLAIN NONFAT (AL1,CA1) - NFY09112I",MEDIUM,LOW,LOW,LOW,LOW,LOW,MEDIUM,111.0,0.04,10.4,141.0,,0.56,LOW
"Minerals, Greek yogurt, FAGE PLAIN NONFAT (CA2,NC1) - NFY09113Z",MEDIUM,LOW,LOW,LOW,LOW,LOW,MEDIUM,112.0,0.04,10.7,141.0,,0.56,LOW
"Minerals, Greek yogurt, FAGE PLAIN NONFAT (CO1,CT1) - NFY091139",MEDIUM,LOW,LOW,LOW,LOW,LOW,MEDIUM,110.0,0.04,10.6,137.0,,0.58,LOW
"Minerals, Greek yogurt, FAGE PLAIN NONFAT (FL1) - NFY09113P",MEDIUM,LOW,LOW,LOW,LOW,LOW,MEDIUM,111.0,0.1,10.8,132.0,,0.55,LOW
"Minerals, Greek yogurt, FAGE PLAIN NONFAT (IN1,NY1) - NFY091129",MEDIUM,LOW,LOW,LOW,LOW,LOW,MEDIUM,112.0,0.05,10.6,141.0,,0.56,LOW
"Minerals, Greek yogurt, FAGE PLAIN NONFAT (OK1) - NFY091130",MEDIUM,LOW,LOW,LOW,LOW,LOW,MEDIUM,115.0,0.09,10.6,142.0,,0.6,LOW
"Minerals, Ground turkey, 93% lean, 7% fat, pan-broiled crumbles (AL1,CA1,MI1)",LOW,LOW,MEDIUM,MEDIUM,MEDIUM,HIGH,LOW,25.0,1.76,29.0,347.0,,3.98,LOW
"Minerals, Ground turkey, 93% lean, 7% fat, pan-broiled crumbles (CA2,NC1)",LOW,LOW,MEDIUM,MEDIUM,MEDIUM,HIGH,LOW,36.0,1.35,28.3,292.0,,3.62,LOW
"Minerals, Ground turkey, 93% lean, 7% fat, pan-broiled crumbles (CO1,CT1,IN1)",LOW,LOW,MEDIUM,MEDIUM,MEDIUM,HIGH,LOW,37.0,1.58,30.6,293.0,,3.56,LOW
"Minerals, Ground turkey, 93% lean, 7% fat, pan-broiled crumbles (FL1,MO1,NY1)",LOW,LOW,MEDIUM,MEDIUM,MEDIUM,HIGH,LOW,26.0,1.53,28.5,282.0,,3.92,LOW
"Minerals, Ground turkey, 93% lean, 7% fat, patties, broiled (AL1,CA1,MI1) ",LOW,LOW,MEDIUM,MEDIUM,MEDIUM,HIGH,LOW,22.0,1.36,25.6,244.0,,3.42,LOW
"Minerals, Ground turkey, 93% lean, 7% fat, patties, broiled (CA2,NC1) ",LOW,LOW,MEDIUM,MEDIUM,MEDIUM,HIGH,LOW,36.0,2.36,26.9,253.0,,3.85,LOW
"Minerals, Ground turkey, 93% lean, 7% fat, patties, broiled (CO1,CT1,IN1) ",LOW,LOW,MEDIUM,MEDIUM,MEDIUM,HIGH,LOW,31.0,1.5,24.9,250.0,,3.66,LOW
"Minerals, Ground turkey, 93% lean, 7% fat, patties, broiled (FL1,MO1,NY1) ",LOW,LOW,MEDIUM,MEDIUM,MEDIUM,HIGH,LOW,29.0,1.68,24.3,240.0,,3.89,LOW
"Minerals, Ground turkey, 93% lean, 7% fat, raw (AL1,CA1,MI1) ",LOW,LOW,MEDIUM,MEDIUM,MEDIUM,MEDIUM,LOW,16.0,1.15,21.1,225.0,,2.51,LOW
"Minerals, Ground turkey, 93% lean, 7% fat, raw (CA2,NC1) ",LOW,LOW,MEDIUM,MEDIUM,MEDIUM,MEDIUM,LOW,26.0,1.1,21.1,207.0,,2.48,LOW
"Minerals, Ground turkey, 93% lean, 7% fat, raw (CO1,CT1,IN1) ",LOW,LOW,MEDIUM,MEDIUM,MEDIUM,MEDIUM,LOW,24.0,1.16,21.8,214.0,,2.53,LOW
"Minerals, Ground turkey, 93% lean, 7% fat, raw (FL1,MO1,NY1) ",LOW,LOW,MEDIUM,MEDIUM,MEDIUM,MEDIUM,LOW,17.0,1.26,21.1,206.0,,2.61,LOW
"Minerals, Haddock, raw (AL) - NFY060COK",LOW,LOW,LOW,MEDIUM,MEDIUM,LOW,LOW,13.0,0.16,22.2,360.0,,0.32,LOW
"Minerals, Haddock, raw (CO) - NFY060CM2",LOW,LOW,LOW,MEDIUM,LOW,LOW,LOW,5.0,0.12,18.2,292.0,,0.3,LOW
"Minerals, Haddock, raw (CT) - NFY060CMH",LOW,LOW,LOW,MEDIUM,MEDIUM,LOW,LOW,13.0,0.15,22.9,342.0,,0.32,LOW
"Minerals, Haddock, raw (FL) - NFY060CNB",LOW,LOW,LOW,MEDIUM,MEDIUM,LOW,LOW,8.0,0.15,24.6,352.0,,0.31,LOW
"Minerals, Haddock, raw (IN) - NFY060CMW",LOW,LOW,LOW,LOW,LOW,LOW,LOW,8.0,0.23,16.8,192.0,,0.36,LOW
"Minerals, Haddock, raw (MI) - NFY060CPE",LOW,LOW,LOW,MEDIUM,LOW,LOW,LOW,15.0,0.18,18.2,219.0,,0.28,LOW
"Minerals, Haddock, raw (NC) - NFY060CL8",LOW,LOW,LOW,MEDIUM,MEDIUM,LOW,LOW,13.0,0.19,23.2,214.0,,0.38,LOW
"Minerals, Haddock, raw (NY) - NFY060CO5",LOW,LOW,LOW,MEDIUM,MEDIUM,LOW,LOW,13.0,0.16,22.7,320.0,,0.33,LOW
"Minerals, Mozzarella cheese, low-moisture, part-skim, KRAFT (CA1) - NFY120DIC",HIGH,LOW,LOW,LOW,MEDIUM,HIGH,LOW,862.0,0.19,33.7,110.0,,3.94,LOW
"Minerals, Mozzarella cheese, low-moisture, part-skim, KRAFT (CA2,NC) - NFY120DJ8",HIGH,LOW,LOW,LOW,MEDIUM,HIGH,LOW,780.0,0.28,29.2,91.0,,3.57,LOW
"Minerals, Mozzarella cheese, low-moisture, part-skim, KRAFT (FL,MO) - NFY120DJI",HIGH,LOW,LOW,LOW,MEDIUM,HIGH,LOW,788.0,0.36,29.0,91.0,,3.74,LOW
"Minerals, Mozzarella cheese, low-moisture, part-skim, KRAFT (IN,NY) - NFY120DIO",HIGH,LOW,LOW,LOW,MEDIUM,HIGH,LOW,773.0,0.21,29.2,106.0,,3.66,LOW
"Minerals, Mozzarella cheese, low-moisture, part-skim, KRAFT (MI,OK) - NFY120DK8",HIGH,LOW,LOW,LOW,MEDIUM,HIGH,LOW,683.0,0.25,23.8,62.0,,3.43,LOW
"Minerals, Mozzarella cheese, low-moisture, part-skim, SARGENTO (AL,CA1) - NFY120DGA",HIGH,LOW,LOW,LOW,MEDIUM,HIGH,LOW,638.0,0.19,26.4,121.0,,3.64,LOW
"Minerals, Mozzarella cheese, low-moisture, part-skim, SARGENTO (CA2,NC) - NFY120DGT",HIGH,LOW,LOW,LOW,MEDIUM,HIGH,LOW,679.0,0.32,26.8,125.0,,3.61,LOW
"Minerals, Mozzarella cheese, low-moisture, part-skim, SARGENTO (CO,CT) - NFY120DH3",HIGH,LOW,LOW,LOW,MEDIUM,HIGH,LOW,705.0,0.16,29.1,127.0,,3.78,LOW
"Minerals, Mozzarella cheese, low-moisture, part-skim, SARGENTO (FL,MO) - NFY120DHV",HIGH,LOW,LOW,LOW,MEDIUM,HIGH,LOW,669.0,0.19,27.9,144.0,,3.43,LOW
"Minerals, Mozzarella cheese, low-moisture, part-skim, SARGENTO (IN,NY) - NFY120E86",HIGH,LOW,LOW,LOW,MEDIUM,HIGH,LOW,684.0,0.19,27.9,150.0,,3.6,LOW
"Minerals, Mozzarella cheese, low-moisture, part-skim, SARGENTO (MI) - NFY120DHK",HIGH,LOW,LOW,LOW,MEDIUM,HIGH,LOW,743.0,0.22,30.5,147.0,,3.8,LOW
"Minerals, Mozzarella cheese, low-moisture, part-skim, store brand, AMERICAS CHOICE (NY) - NFY120DKP",HIGH,LOW,LOW,LOW,MEDIUM,HIGH,LOW,698.0,0.43,25.1,163.0,,3.19,LOW
"Minerals, Mozzarella cheese, low-moisture, part-skim, store brand, GREAT VALUE & SHOP RITE (AL,CT) - NFY120DLR",HIGH,LOW,LOW,LOW,MEDIUM,HIGH,LOW,653.0,0.17,26.4,140.0,,3.42,LOW
"Minerals, Mozzarella cheese, low-moisture, part-skim, store brand, HYVEE & PUBLIX (FL,MO) - NFY120DM6",HIGH,LOW,LOW,LOW,MEDIUM,HIGH,LOW,709.0,0.21,29.1,151.0,,3.59,LOW
"Minerals, Mozzarella cheese, low-moisture, part-skim, store brand, KROGER (MI,IN) - NFY120DMF",HIGH,LOW,LOW,LOW,MEDIUM,HIGH,LOW,790.0,0.18,32.9,112.0,,3.83,LOW
"Minerals, Mozzarella cheese, low-moisture, part-skim, store brand, LUCERNE (CA1,CO) - NFY120DKZ",HIGH,LOW,LOW,LOW,MEDIUM,HIGH,LOW,701.0,0.24,29.9,136.0,,3.74,LOW
"Minerals, Mozzarella cheese, low-moisture, part-skim, store brand, MY ESSENTIALS & SUNNYSIDE FARMS (CA2,NC) - NFY120DLI",HIGH,LOW,LOW,LOW,MEDIUM,HIGH,LOW,675.0,0.21,25.4,120.0,,3.62,LOW
"Minerals, Mozzarella cheese, low-moisture, part-skim, store brand/other brand, CRYSTAL FARMS & KROGER (CO,CT) - NFY120DJX",HIGH,LOW,LOW,LOW,MEDIUM,HIGH,LOW,761.0,0.17,31.5,111.0,,3.86,LOW
"Minerals, Mustard, yellow, FRENCHS CLASSIC (AL,CA1) - NFY120HYI",LOW,LOW,MEDIUM,LOW,MEDIUM,LOW,LOW,61.0,1.63,45.6,184.0,,0.58,LOW
"Minerals, Mustard, yellow, FRENCHS CLASSIC (CA2,NC) - NFY120HZ3",LOW,LOW,MEDIUM,LOW,MEDIUM,LOW,LOW,62.0,1.8,47.2,184.0,,0.61,LOW
"Minerals, Mustard, yellow, FRENCHS CLASSIC (CO,CT) - NFY120HZC",LOW,LOW,MEDIUM,LOW,MEDIUM,LOW,LOW,62.0,1.71,48.7,134.0,,0.64,LOW
"Minerals, Mustard, yellow, FRENCHS CLASSIC (FL,MO) - NFY120HZS",LOW,LOW,MEDIUM,LOW,MEDIUM,LOW,LOW,61.0,1.64,47.5,135.0,,0.6,LOW
"Minerals, Mustard, yellow, FRENCHS CLASSIC (IN,NY) - NFY120HY8",LOW,LOW,MEDIUM,LOW,MEDIUM,LOW,LOW,61.0,1.7,47.3,142.0,,0.63,LOW
"Minerals, Mustard, yellow, FRENCHS CLASSIC (MI,OK) - NFY120I00",LOW,LOW,MEDIUM,LOW,MEDIUM,LOW,LOW,60.0,1.56,47.5,172.0,,0.59,LOW
"Minerals, Mustard, yellow, store brand, AMERICAS CHOICE YELLOW MUSTARD & SHOP RITE YELLOW MUSTARD (NY,CT1) - NFY120I0L",LOW,LOW,MEDIUM,LOW,MEDIUM,LOW,LOW,63.0,1.41,48.2,178.0,,0.62,LOW
"Minerals, Mustard, yellow, store brand, GREAT VALUE & GREAT VALUE (AL1,OK1) - NFY120I0T",LOW,LOW,MEDIUM,LOW,MEDIUM,LOW,LOW,65.0,1.77,50.7,150.0,,0.7,LOW
"Minerals, Mustard, yellow, store brand, HY VEE YELLOW MUSTARD & PUBLIX YELLOW MUSTARD (MO1,FL) - NFY120I1W",LOW,LOW,MEDIUM,LOW,MEDIUM,LOW,LOW,68.0,1.48,48.1,133.0,,0.68,LOW
"Minerals, Mustard, yellow, store brand, KROGER & KROGER (IN1,MI1) - NFY120I22",LOW,LOW,MEDIUM,LOW,MEDIUM,LOW,LOW,66.0,1.63,50.0,142.0,,0.68,LOW
"Minerals, Mustard, yellow, store brand, MY ESSENTIALS YELLOW MUSTARD & SUNNY SELECT YELLOW MUSTARD (NC1,CA2) - NFY120I1C",LOW,LOW,MEDIUM,LOW,MEDIUM,LOW,LOW,61.0,1.31,47.7,140.0,,0.63,LOW
"Minerals, Mustard, yellow, store brand, SAFEWAY & SAFEWAY (CA1,CO1) - NFY120I1I",LOW,LOW,MEDIUM,LOW,MEDIUM,LOW,LOW,64.0,1.5,49.0,151.0,,0.68,LOW
"Minerals, Oil, coconut, BETTER BODY ORGANIC (CA2) - NFY120PDE",LOW,LOW,LOW,LOW,LOW,LOW,LOW,1.0,0.04,0.0,0.0,,0.01,LOW
"Minerals, Oil, coconut, LOU ANA (CO,CT) - NFY120PD4",LOW,LOW,LOW,LOW,LOW,LOW,LOW,1.0,0.09,0.0,0.0,,0.01,LOW
"Minerals, Oil, coconut, LOU ANA (FL,MO) - NFY120PDZ",LOW,LOW,LOW,LOW,LOW,LOW,LOW,1.0,0.04,0.0,0.0,,0.02,LOW
"Minerals, Oil, coconut, LOU ANA (MI,OK) - NFY120PE7",LOW,LOW,LOW,LOW,LOW,LOW,LOW,1.0,0.04,0.0,0.0,,0.02,LOW
"Minerals, Onion rings, frozen, ALEXIA (AL,OK) - NFY12066I",LOW,LOW,LOW,LOW,MEDIUM,LOW,LOW,22.0,0.83,26.3,151.0,,0.88,LOW
"Minerals, Onion rings, frozen, ALEXIA (CA2,NC) - NFY120674",LOW,LOW,LOW,LOW,MEDIUM,MEDIUM,LOW,26.0,0.89,29.0,172.0,,1.02,LOW
"Minerals, Onion rings, frozen, ALEXIA (CO,CT) - NFY12067D",LOW,LOW,LOW,LOW,MEDIUM,LOW,LOW,26.0,0.79,24.6,144.0,,0.86,LOW
"Minerals, Onion rings, frozen, ALEXIA (FL,MO) - NFY120687",LOW,LOW,LOW,LOW,MEDIUM,LOW,LOW,22.0,0.9,26.5,158.0,,0.92,LOW
"Minerals, Onion rings, frozen, ALEXIA (IN,NY) - NFY120669",LOW,LOW,LOW,LOW,MEDIUM,LOW,LOW,23.0,0.81,24.5,151.0,,0.87,LOW
"Minerals, Onion rings, frozen, ORE-IDA (CA1,CT) - NFY12068Z",LOW,LOW,MEDIUM,LOW,LOW,LOW,LOW,22.0,1.53,16.3,114.0,,0.32,LOW
"Minerals, Onion rings, frozen, ORE-IDA (CA2,NC) - NFY12069J",LOW,LOW,MEDIUM,LOW,LOW,LOW,LOW,21.0,1.39,16.8,126.0,,0.34,LOW
"Minerals, Onion rings, frozen, ORE-IDA (FL,MO) - NFY1206AC",LOW,LOW,MEDIUM,LOW,LOW,LOW,LOW,20.0,1.49,15.0,110.0,,0.32,LOW
"Minerals, Onion rings, frozen, ORE-IDA (NY,OK) - NFY1206AM",LOW,LOW,MEDIUM,LOW,LOW,LOW,LOW,53.0,1.41,15.9,127.0,,0.34,LOW
"Minerals, Onion rings, frozen, Store brand/other (AL,MI) - NFY12068Q",LOW,LOW,MEDIUM,LOW,LOW,LOW,LOW,32.0,1.42,13.9,118.0,,0.3,LOW
"Minerals, Onion rings, frozen, Store brand/other (CO,IN) - NFY12069S",LOW,LOW,MEDIUM,LOW,LOW,LOW,LOW,37.0,1.07,15.1,112.0,,0.37,LOW
"Minerals, Parmesan cheese, grated, KRAFT 100% (AL,CA1) - NFY120DQR",HIGH,LOW,LOW,LOW,MEDIUM,HIGH,HIGH,1000.0,0.26,36.3,187.0,,4.79,LOW
"Minerals, Parmesan cheese, grated, KRAFT 100% (CA2,NC) - NFY120DRA",HIGH,LOW,LOW,LOW,MEDIUM,HIGH,HIGH,1040.0,0.22,37.1,189.0,,5.07,LOW
"Minerals, Parmesan cheese, grated, KRAFT 100% (CO,CT) - NFY120DRK",HIGH,LOW,LOW,MEDIUM,MEDIUM,HIGH,HIGH,1070.0,0.26,38.4,203.0,,4.88,LOW
"Minerals, Parmesan cheese, grated, KRAFT 100% (FL,MO) - NFY120DS1",HIGH,LOW,LOW,LOW,MEDIUM,HIGH,HIGH,1060.0,0.28,36.7,186.0,,4.83,LOW
"Minerals, Parmesan cheese, grated, KRAFT 100% (IN,NY) - NFY120DQF",HIGH,LOW,LOW,MEDIUM,MEDIUM,HIGH,HIGH,1070.0,0.26,37.7,252.0,,5.12,LOW
"Minerals, Parmesan cheese, grated, KRAFT 100% (MI,OK) - NFY120DSC",HIGH,LOW,LOW,MEDIUM,MEDIUM,HIGH,HIGH,1070.0,0.26,37.9,223.0,,5.39,LOW
"Minerals, Parmesan cheese, grated, store brand/other brand, FLORA & HYVEE (FL,MO) - NFY120DUC",HIGH,LOW,LOW,LOW,MEDIUM,HIGH,HIGH,639.0,0.5,26.6,121.0,,3.32,LOW
"Minerals, Parmesan cheese, grated, store brand/other brand, GREAT VALUE (AL,OK) - NFY120DT6",HIGH,LOW,LOW,LOW,MEDIUM,HIGH,HIGH,864.0,0.74,35.6,151.0,,4.52,LOW
"Minerals, Parmesan cheese, grated, store brand/other brand, KROGER (MI,IN) - NFY120DUL",HIGH,LOW,LOW,LOW,MEDIUM,HIGH,HIGH,1030.0,0.27,38.5,144.0,,5.27,LOW
"Minerals, Parmesan cheese, grated, store brand/other brand, MY ESSENTIALS & SUNNYSIDE FARMS (CA2,NC) - NFY120DTO",HIGH,LOW,LOW,MEDIUM,MEDIUM,HIGH,HIGH,699.0,0.46,34.1,212.0,,3.45,LOW
"Minerals, Parmesan cheese, grated, store brand/other brand, PRICE CHOPPER (CT) - NFY120DSW",HIGH,LOW,MEDIUM,LOW,MEDIUM,MEDIUM,HIGH,348.0,1.1,25.0,183.0,,1.62,LOW
"Minerals, Parmesan cheese, grated, store brand/other brand, SAFEWAY KITCHENS (CO,CA1) - NFY120DTX",HIGH,LOW,LOW,LOW,MEDIUM,HIGH,HIGH,722.0,0.82,34.6,153.0,,3.7,LOW
"Minerals, Peanut butter, creamy, JIF (AL,CA1) - NFY120C8Z",LOW,MEDIUM,MEDIUM,HIGH,HIGH,MEDIUM,LOW,50.0,1.81,163.0,538.0,,2.42,LOW
"Minerals, Peanut butter, creamy, JIF (CA2,NC) - NFY120C9H",LOW,MEDIUM,MEDIUM,HIGH,HIGH,MEDIUM,LOW,51.0,1.81,169.0,547.0,,2.47,LOW
"Minerals, Peanut butter, creamy, JIF (CO,CT) - NFY120C9Q",LOW,MEDIUM,MEDIUM,HIGH,HIGH,MEDIUM,LOW,50.0,1.78,165.0,548.0,,2.47,LOW
"Minerals, Peanut butter, creamy, JIF (FL,MO) - NFY120CA8",LOW,MEDIUM,MEDIUM,HIGH,HIGH,MEDIUM,LOW,43.0,1.72,155.0,541.0,,2.43,LOW
"Minerals, Peanut butter, creamy, JIF (IN,NY) - NFY120C8P",LOW,MEDIUM,MEDIUM,HIGH,HIGH,MEDIUM,LOW,46.0,1.61,159.0,538.0,,2.4,LOW
"Minerals, Peanut butter, creamy, JIF (MI,OK) - NFY120CAI",LOW,MEDIUM,MEDIUM,HIGH,HIGH,MEDIUM,LOW,50.0,1.75,162.0,533.0,,2.37,LOW
"Minerals, Peanut butter, creamy, SKIPPY (AL,CA1) - NFY120C6M",LOW,MEDIUM,MEDIUM,HIGH,HIGH,MEDIUM,LOW,46.0,1.72,170.0,568.0,,2.56,LOW
"Minerals, Peanut butter, creamy, SKIPPY (CA2,NC) - NFY120C75",LOW,MEDIUM,MEDIUM,HIGH,HIGH,MEDIUM,LOW,45.0,1.54,171.0,582.0,,2.68,LOW
"Minerals, Peanut butter, creamy, SKIPPY (CO,CT) - NFY120C7F",LOW,MEDIUM,MEDIUM,HIGH,HIGH,MEDIUM,LOW,47.0,1.59,170.0,556.0,,2.5,LOW
"Minerals, Peanut butter, creamy, SKIPPY (FL,MO) - NFY120C86",LOW,MEDIUM,MEDIUM,HIGH,HIGH,MEDIUM,LOW,45.0,1.61,168.0,561.0,,2.57,LOW
"Minerals, Peanut butter, creamy, SKIPPY (IN,NY) - NFY120C6D",LOW,MEDIUM,MEDIUM,HIGH,HIGH,MEDIUM,LOW,47.0,1.61,170.0,592.0,,2.64,LOW
"Minerals, Peanut butter, creamy, SKIPPY (MI) - NFY120C7W",LOW,MEDIUM,MEDIUM,HIGH,HIGH,MEDIUM,LOW,48.0,1.8,176.0,585.0,,2.57,LOW
"Minerals, Peanut butter, creamy, store brand/other brand, AMERICAS CHOICE & GREAT VALUE (NY) - NFY120CB1",LOW,MEDIUM,MEDIUM,HIGH,HIGH,MEDIUM,LOW,53.0,2.08,182.0,592.0,,2.64,LOW
"Minerals, Peanut butter, creamy, store brand/other brand, GREAT VALUE (AL,OK) - NFY120CBB",LOW,MEDIUM,MEDIUM,HIGH,HIGH,MEDIUM,LOW,54.0,1.71,172.0,574.0,,2.64,LOW
"Minerals, Peanut butter, creamy, store brand/other brand, HYVEE & PUBLIX (FL,MO) - NFY120CCM",LOW,MEDIUM,MEDIUM,HIGH,HIGH,MEDIUM,LOW,46.0,1.63,173.0,579.0,,2.6,LOW
"Minerals, Peanut butter, creamy, store brand/other brand, KROGER (IN,MI) - NFY120CC4",LOW,MEDIUM,MEDIUM,HIGH,HIGH,MEDIUM,LOW,55.0,1.97,179.0,589.0,,2.54,LOW
"Minerals, Peanut butter, creamy, store brand/other brand, MY ESSENTIALS & SUNNY SELECT (CA2,NC) - NFY120CBU",LOW,MEDIUM,MEDIUM,HIGH,HIGH,MEDIUM,LOW,52.0,1.75,173.0,572.0,,2.69,LOW
"Minerals, Peanut butter, creamy, store brand/other brand, SAFEWAY KITCHENS & SHOP RITE (CO,CT) - NFY120CCV",LOW,MEDIUM,MEDIUM,HIGH,HIGH,MEDIUM,LOW,47.0,1.71,171.0,558.0,,2.51,LOW
"Minerals, Pickles, kosher dill, spears, CLAUSEN (AL,CA1) - NFY120HNV",LOW,MEDIUM,LOW,LOW,LOW,LOW,LOW,50.0,0.2,6.9,145.0,,0.09,LOW
"Minerals, Pickles, kosher dill, spears, CLAUSEN (CA2,NC) - NFY120HOB",LOW,MEDIUM,LOW,LOW,LOW,LOW,LOW,57.0,0.38,7.9,129.0,,0.08,LOW
"Minerals, Pickles, kosher dill, spears, CLAUSEN (CO,CT) - NFY120HOH",LOW,MEDIUM,LOW,LOW,LOW,LOW,LOW,50.0,0.3,7.8,132.0,,0.09,LOW
"Minerals, Pickles, kosher dill, spears, CLAUSEN (FL,MO) - NFY120HP2",LOW,MEDIUM,LOW,LOW,LOW,LOW,LOW,58.0,0.21,7.4,93.0,,0.1,LOW
"Minerals, Pickles, kosher dill, spears, CLAUSEN (IN,NY) - NFY120HNN",LOW,MEDIUM,LOW,LOW,LOW,LOW,LOW,53.0,0.22,7.4,118.0,,0.11,LOW
"Minerals, Pickles, kosher dill, spears, CLAUSEN (MI,OK) - NFY120HOU",LOW,MEDIUM,LOW,LOW,LOW,LOW,LOW,55.0,0.29,6.9,118.0,,0.09,LOW
"Minerals, Pickles, kosher dill, spears, VLASIC (AL,CA1) - NFY120HLV",LOW,MEDIUM,LOW,LOW,LOW,LOW,LOW,60.0,0.24,6.2,106.0,,0.1,LOW
"Minerals, Pickles, kosher dill, spears, VLASIC (CA2,NC) - NFY120HMC",LOW,MEDIUM,LOW,LOW,LOW,LOW,LOW,62.0,0.17,5.4,106.0,,0.09,LOW
"Minerals, Pickles, kosher dill, spears, VLASIC (CO,CT) - NFY120HMJ",LOW,MEDIUM,LOW,LOW,LOW,LOW,LOW,55.0,0.25,6.6,116.0,,0.11,LOW
"Minerals, Pickles, kosher dill, spears, VLASIC (FL,MO) - NFY120HMX",LOW,MEDIUM,LOW,LOW,LOW,LOW,LOW,62.0,0.27,6.6,129.0,,0.13,LOW
"Minerals, Pickles, kosher dill, spears, VLASIC (IN,NY) - NFY120HLL",LOW,MEDIUM,LOW,LOW,LOW,LOW,LOW,54.0,0.22,6.6,124.0,,0.12,LOW
"Minerals, Pickles, kosher dill, spears, VLASIC (MI,OK) - NFY120HN6",LOW,MEDIUM,LOW,LOW,LOW,LOW,LOW,63.0,0.28,7.6,118.0,,0.1,LOW
"Minerals, Pickles, kosher dill, spears, store brand, AMERICAS CHOICE & SHOP RITE (NY,CT1) - NFY120HPI",LOW,MEDIUM,LOW,LOW,LOW,LOW,LOW,63.0,0.23,10.8,115.0,,0.09,LOW
"Minerals, Pickles, kosher dill, spears, store brand, FOOD LION & SUNNY SELECT (NC1,CA2) - NFY120HQ4",LOW,MEDIUM,LOW,LOW,LOW,LOW,LOW,54.0,0.23,9.0,124.0,,0.12,LOW
"Minerals, Pickles, kosher dill, spears, store brand, GREAT VALUE & GREAT VALUE (AL1,OK1) - NFY120HQA",LOW,MEDIUM,LOW,LOW,LOW,LOW,LOW,53.0,0.32,6.4,93.0,,0.09,LOW
"Minerals, Pickles, kosher dill, spears, store brand, HY VEE & PUBLIX (MO1,FL) - NFY120HQN",LOW,MEDIUM,LOW,LOW,LOW,LOW,LOW,56.0,0.31,6.4,98.0,,0.15,LOW
"Minerals, Pickles, kosher dill, spears, store brand, KROGER (IN1,MI1) - NFY120HQU",LOW,MEDIUM,LOW,LOW,LOW,LOW,LOW,76.0,0.25,7.2,109.0,,0.1,LOW
"Minerals, Pickles, kosher dill, spears, store brand, SAFEWAY (CA1,CO1) - NFY120HPP",LOW,MEDIUM,LOW,LOW,LOW,LOW,LOW,58.0,0.26,8.3,117.0,,0.13,LOW
"Minerals, Pollock, raw (CO) - NFY060DMF",LOW,LOW,LOW,MEDIUM,LOW,LOW,LOW,10.0,0.23,19.0,223.0,,0.39,LOW
"Minerals, Pollock, raw (CT) - NFY060DMR",LOW,LOW,LOW,HIGH,MEDIUM,LOW,LOW,10.0,0.32,27.4,416.0,,0.37,LOW
"Minerals, Pollock, raw (IN) - NFY060DN3",LOW,LOW,LOW,LOW,LOW,LOW,LOW,9.0,0.22,13.2,122.0,,0.28,LOW
"Minerals, Pollock, raw (MI) - NFY060DP3",LOW,LOW,LOW,LOW,LOW,LOW,LOW,8.0,0.22,9.0,89.0,,0.38,LOW
"Minerals, Pollock, raw (MO) - NFY060DNR",LOW,LOW,LOW,LOW,LOW,LOW,LOW,32.0,0.24,17.7,131.0,,0.26,LOW
"Minerals, Pollock, raw (NC) - NFY060DLR",LOW,LOW,LOW,LOW,LOW,LOW,LOW,9.0,0.18,9.8,72.0,,0.22,LOW
"Minerals, Pollock, raw (NY) - NFY060DO3",LOW,LOW,LOW,LOW,LOW,LOW,LOW,5.0,0.2,10.8,88.0,,0.32,LOW
"Minerals, Pollock, raw (OK) - NFY060DM3",LOW,LOW,LOW,LOW,MEDIUM,LOW,LOW,36.0,0.16,22.0,136.0,,0.24,LOW
"Minerals, Pupusas, Bean, flat stuffed corn biscuit (CA-AL,IL) - NFY0901V8",LOW,LOW,MEDIUM,MEDIUM,MEDIUM,LOW,LOW,35.0,1.27,48.2,265.0,,0.99,LOW
"Minerals, Pupusas, Bean, flat stuffed corn biscuit (CA-LA) - NFY0901XJ",LOW,LOW,MEDIUM,MEDIUM,MEDIUM,LOW,LOW,44.0,1.38,58.5,354.0,,0.92,LOW
"Minerals, Pupusas, Bean, flat stuffed corn biscuit (FL,CA-SB) - NFY0901W8",LOW,LOW,MEDIUM,MEDIUM,MEDIUM,LOW,LOW,71.0,1.74,48.2,268.0,,0.88,LOW
"Minerals, Pupusas, Bean, flat stuffed corn biscuit (MD,NM) - NFY0901WJ",LOW,LOW,MEDIUM,MEDIUM,MEDIUM,LOW,LOW,35.0,1.48,53.1,304.0,,0.9,LOW
"Minerals, Pupusas, Bean, flat stuffed corn biscuit (TX-HA,NV) - NFY0901X8",LOW,LOW,MEDIUM,MEDIUM,MEDIUM,MEDIUM,LOW,76.0,1.3,53.2,278.0,,1.05,LOW
"Minerals, Pupusas, Bean, flat stuffed corn biscuit (TX-TR) - NFY0901VJ",LOW,LOW,MEDIUM,MEDIUM,HIGH,LOW,LOW,47.0,1.59,60.6,360.0,,0.92,LOW
"Minerals, Salsa, PACE CHUNKY, MEDIUM (AL,CA1) - NFY090KXF",LOW,LOW,LOW,UNKNOWN,LOW,LOW,LOW,28.0,0.38,16.7,,,0.19,LOW
"Minerals, Salsa, PACE CHUNKY, MEDIUM (CA2,NC) - NFY090KXQ",LOW,LOW,LOW,UNKNOWN,LOW,LOW,LOW,27.0,0.39,16.9,,,0.19,LOW
"Minerals, Salsa, PACE CHUNKY, MEDIUM (CO,CT) - NFY090KYC",LOW,LOW,LOW,UNKNOWN,LOW,LOW,LOW,31.0,0.31,16.0,,,0.2,LOW
"Minerals, Salsa, PACE CHUNKY, MEDIUM (FL,MO) - NFY090KYL",LOW,LOW,LOW,UNKNOWN,LOW,LOW,LOW,31.0,0.34,16.2,,,0.21,LOW
"Minerals, Salsa, PACE CHUNKY, MEDIUM (IN,NY) - NFY090KWS",LOW,LOW,LOW,UNKNOWN,LOW,LOW,LOW,32.0,0.35,15.7,,,0.2,LOW
"Minerals, Salsa, PACE CHUNKY, MEDIUM (MI,OK) - NFY090KYW",LOW,LOW,LOW,UNKNOWN,LOW,LOW,LOW,31.0,0.35,15.7,,,0.21,LOW
"Minerals, Salsa, TOSTITOS CHUNKY, MEDIUM (AL,CA1) - NFY090KUM",LOW,LOW,LOW,UNKNOWN,LOW,LOW,LOW,28.0,0.63,14.8,,,0.18,LOW
"Minerals, Salsa, TOSTITOS CHUNKY, MEDIUM (CA2,NC) - NFY090KUX",LOW,LOW,LOW,UNKNOWN,LOW,LOW,LOW,33.0,0.4,15.1,,,0.17,LOW
"Minerals, Salsa, TOSTITOS CHUNKY, MEDIUM (CO,CT) - NFY090KVJ",LOW,LOW,LOW,UNKNOWN,LOW,LOW,LOW,29.0,0.41,14.7,,,0.18,LOW
"Minerals, Salsa, TOSTITOS CHUNKY, MEDIUM (FL,MO) - NFY090KVS",LOW,LOW,LOW,UNKNOWN,LOW,LOW,LOW,28.0,0.39,13.7,,,0.17,LOW
"Minerals, Salsa, TOSTITOS CHUNKY, MEDIUM (IN,NY) - NFY090KTZ",LOW,LOW,LOW,UNKNOWN,LOW,LOW,LOW,31.0,0.46,14.6,,,0.18,LOW
"Minerals, Salsa, TOSTITOS CHUNKY, MEDIUM (MI,OK) - NFY090KW3",LOW,LOW,LOW,UNKNOWN,LOW,LOW,LOW,28.0,0.39,13.9,,,0.17,LOW
"Minerals, Sauce, pasta, HUNTS original, canned spaghetti sauce (AL1) - NFY0904YV",LOW,LOW,LOW,MEDIUM,LOW,LOW,LOW,23.0,0.64,14.4,296.0,,0.17,LOW
"Minerals, Sauce, pasta, HUNTS original, canned spaghetti sauce (CA1) - NFY0904Z1",LOW,LOW,LOW,MEDIUM,LOW,LOW,LOW,25.0,0.72,17.1,286.0,,0.2,LOW
"Minerals, Sauce, pasta, HUNTS original, canned spaghetti sauce (CA2) - NFY0904Z7",LOW,LOW,MEDIUM,MEDIUM,LOW,LOW,LOW,21.0,2.12,13.2,244.0,,0.16,LOW
"Minerals, Sauce, pasta, HUNTS original, canned spaghetti sauce (CO2) - NFY0904ZJ",LOW,LOW,MEDIUM,MEDIUM,LOW,LOW,LOW,26.0,1.34,14.4,257.0,,0.18,LOW
"Minerals, Sauce, pasta, HUNTS original, canned spaghetti sauce (CT1) - NFY0904ZP",LOW,LOW,LOW,MEDIUM,LOW,LOW,LOW,24.0,0.71,14.5,270.0,,0.16,LOW
"Minerals, Sauce, pasta, HUNTS original, canned spaghetti sauce (FL1) - NFY0904ZV",LOW,LOW,LOW,MEDIUM,LOW,LOW,LOW,23.0,0.68,14.4,277.0,,0.17,LOW
"Minerals, Sauce, pasta, HUNTS original, canned spaghetti sauce (IN1) - NFY0904YJ",LOW,LOW,LOW,MEDIUM,LOW,LOW,LOW,22.0,0.7,15.9,350.0,,0.22,LOW
"Minerals, Sauce, pasta, HUNTS original, canned spaghetti sauce (MI1) - NFY090507",LOW,LOW,LOW,MEDIUM,LOW,LOW,LOW,25.0,0.66,12.6,250.0,,0.15,LOW
"Minerals, Sauce, pasta, HUNTS original, canned spaghetti sauce (MO1) - NFY090501",LOW,LOW,LOW,MEDIUM,LOW,LOW,LOW,24.0,0.87,14.7,290.0,,0.18,LOW
"Minerals, Sauce, pasta, HUNTS original, canned spaghetti sauce (NC1) - NFY0904ZD",LOW,LOW,LOW,MEDIUM,LOW,LOW,LOW,25.0,0.8,15.6,329.0,,0.21,LOW
"Minerals, Sauce, pasta, HUNTS original, canned spaghetti sauce (NY1) - NFY0904YP",LOW,LOW,LOW,MEDIUM,LOW,LOW,LOW,23.0,0.73,13.3,276.0,,0.17,LOW
"Minerals, Sauce, pasta, HUNTS original, canned spaghetti sauce (OK1) - NFY09050D",LOW,LOW,LOW,MEDIUM,LOW,LOW,LOW,24.0,0.64,14.0,284.0,,0.16,LOW
"Minerals, Sauce, pasta, PREGO 100% Natural Italian, Traditional, bottled spaghetti sauce (AL1) - NFY0904VD",LOW,LOW,LOW,MEDIUM,MEDIUM,LOW,LOW,29.0,0.84,20.7,326.0,,0.22,LOW
"Minerals, Sauce, pasta, PREGO 100% Natural Italian, Traditional, bottled spaghetti sauce (CA1) - NFY0904VJ",LOW,LOW,LOW,MEDIUM,MEDIUM,LOW,LOW,33.0,0.82,25.9,353.0,,0.22,LOW
"Minerals, Sauce, pasta, PREGO 100% Natural Italian, Traditional, bottled spaghetti sauce (CA2) - NFY0904VP",LOW,LOW,LOW,MEDIUM,MEDIUM,LOW,LOW,31.0,0.87,24.3,338.0,,0.21,LOW
"Minerals, Sauce, pasta, PREGO 100% Natural Italian, Traditional, bottled spaghetti sauce (CO2) - NFY0904W1",LOW,LOW,LOW,MEDIUM,LOW,LOW,LOW,30.0,0.66,18.5,307.0,,0.18,LOW
"Minerals, Sauce, pasta, PREGO 100% Natural Italian, Traditional, bottled spaghetti sauce (CT1) - NFY0904W7",LOW,LOW,MEDIUM,MEDIUM,MEDIUM,LOW,LOW,30.0,1.0,21.7,323.0,,0.21,LOW
"Minerals, Sauce, pasta, PREGO 100% Natural Italian, Traditional, bottled spaghetti sauce (FL1) - NFY0904WD",LOW,LOW,LOW,MEDIUM,LOW,LOW,LOW,30.0,0.73,19.7,339.0,,0.21,LOW
"Minerals, Sauce, pasta, PREGO 100% Natural Italian, Traditional, bottled spaghetti sauce (IN1) - NFY0904V1",LOW,LOW,LOW,MEDIUM,MEDIUM,LOW,LOW,31.0,0.98,21.9,321.0,,0.19,LOW
"Minerals, Sauce, pasta, PREGO 100% Natural Italian, Traditional, bottled spaghetti sauce (MI1) - NFY0904WP",LOW,LOW,LOW,MEDIUM,LOW,LOW,LOW,32.0,0.84,19.2,326.0,,0.19,LOW
"Minerals, Sauce, pasta, PREGO 100% Natural Italian, Traditional, bottled spaghetti sauce (MO1) - NFY0904WJ",LOW,LOW,LOW,MEDIUM,MEDIUM,LOW,LOW,29.0,0.85,21.8,333.0,,0.21,LOW
"Minerals, Sauce, pasta, PREGO 100% Natural Italian, Traditional, bottled spaghetti sauce (NC1) - NFY0904VV",LOW,LOW,LOW,MEDIUM,MEDIUM,LOW,LOW,30.0,0.8,21.2,320.0,,0.23,LOW
"Minerals, Sauce, pasta, PREGO 100% Natural Italian, Traditional, bottled spaghetti sauce (NY1) - NFY0904V7",LOW,LOW,LOW,MEDIUM,MEDIUM,LOW,LOW,30.0,0.76,21.0,336.0,,0.25,LOW
"Minerals, Sauce, pasta, PREGO 100% Natural Italian, Traditional, bottled spaghetti sauce (OK1) - NFY0904WV",LOW,LOW,LOW,MEDIUM,LOW,LOW,LOW,28.0,0.69,19.3,334.0,,0.23,LOW
"Minerals, Sauce, pasta, RAGU Old World, bottled spaghetti sauce (AL1) - NFY0904RV",LOW,LOW,LOW,MEDIUM,MEDIUM,LOW,LOW,18.0,0.56,21.3,346.0,,0.2,LOW
"Minerals, Sauce, pasta, RAGU Old World, bottled spaghetti sauce (CA1) - NFY0904S1",LOW,LOW,LOW,MEDIUM,MEDIUM,LOW,LOW,22.0,0.59,20.4,353.0,,0.25,LOW
"Minerals, Sauce, pasta, RAGU Old World, bottled spaghetti sauce (CA2) - NFY0904S7",LOW,LOW,LOW,MEDIUM,LOW,LOW,LOW,22.0,0.88,19.0,301.0,,0.24,LOW
"Minerals, Sauce, pasta, RAGU Old World, bottled spaghetti sauce (CO2) - NFY0904SJ",LOW,LOW,LOW,MEDIUM,LOW,LOW,LOW,23.0,0.7,19.3,314.0,,0.23,LOW
"Minerals, Sauce, pasta, RAGU Old World, bottled spaghetti sauce (CT1) - NFY0904SP",LOW,LOW,LOW,MEDIUM,LOW,LOW,LOW,30.0,0.6,18.5,347.0,,0.2,LOW
"Minerals, Sauce, pasta, RAGU Old World, bottled spaghetti sauce (FL1) - NFY0904SV",LOW,LOW,LOW,MEDIUM,LOW,LOW,LOW,36.0,0.63,19.3,346.0,,0.2,LOW
"Minerals, Sauce, pasta, RAGU Old World, bottled spaghetti sauce (IN1) - NFY0904RJ",LOW,LOW,LOW,MEDIUM,MEDIUM,LOW,LOW,32.0,0.59,20.9,339.0,,0.19,LOW
"Minerals, Sauce, pasta, RAGU Old World, bottled spaghetti sauce (MI1) - NFY0904T7",LOW,LOW,LOW,MEDIUM,LOW,LOW,LOW,30.0,0.65,19.9,363.0,,0.22,LOW
"Minerals, Sauce, pasta, RAGU Old World, bottled spaghetti sauce (MO1) - NFY0904T1",LOW,LOW,LOW,MEDIUM,LOW,LOW,LOW,27.0,0.56,19.0,327.0,,0.19,LOW
"Minerals, Sauce, pasta, RAGU Old World, bottled spaghetti sauce (NC1) - NFY0904SD",LOW,LOW,LOW,MEDIUM,MEDIUM,LOW,LOW,37.0,0.68,20.5,361.0,,0.2,LOW
"Minerals, Sauce, pasta, RAGU Old World, bottled spaghetti sauce (NY1) - NFY0904RP",LOW,LOW,LOW,MEDIUM,LOW,LOW,LOW,33.0,0.55,18.7,373.0,,0.2,LOW
"Minerals, Sauce, pasta, RAGU Old World, bottled spaghetti sauce (OK1) - NFY0904TD",LOW,LOW,LOW,MEDIUM,LOW,LOW,LOW,22.0,0.62,18.6,351.0,,0.23,LOW
"Minerals, Sugar, Granulated, White, Name brand (AL1, CA1, MI1) - NFY040XEG",LOW,LOW,LOW,LOW,LOW,LOW,LOW,2.0,0.05,0.3,1.0,,0.01,LOW
"Minerals, Sugar, Granulated, White, Name brand (CA2, NC1, OK1) - NFY040XDM",LOW,LOW,LOW,LOW,LOW,LOW,LOW,1.0,0.06,0.3,1.0,,0.01,LOW
"Minerals, Sugar, Granulated, White, Name brand (CO2, CT1, IN1) - NFY040XDW",LOW,LOW,LOW,LOW,LOW,LOW,LOW,3.0,0.05,0.3,1.0,,0.02,LOW
"Minerals, Sugar, Granulated, White, Name brand (FL1, MO1, NY1) - NFY040XE6",LOW,LOW,LOW,LOW,LOW,LOW,LOW,2.0,0.03,0.3,1.0,,0.01,LOW
"Minerals, Sugar, Granulated, White, store brand (AL1, CA1, MI1) - NFY040XFK",LOW,LOW,LOW,LOW,LOW,LOW,LOW,1.0,0.05,0.3,1.0,,0.01,LOW
"Minerals, Sugar, Granulated, White, store brand (CA2, NC1, OK1) - NFY040XEQ",LOW,LOW,LOW,LOW,LOW,LOW,LOW,0.0,0.09,0.3,1.0,,0.01,LOW
"Minerals, Sugar, Granulated, White, store brand (CO2, CT1, IN1) - NFY040XF0",LOW,LOW,LOW,LOW,LOW,LOW,LOW,0.0,0.03,0.3,2.0,,0.01,LOW
"Minerals, Sugar, Granulated, White, store brand (FL1, MO1, NY1) - NFY040XFA",LOW,LOW,LOW,LOW,LOW,LOW,LOW,0.0,0.05,0.3,3.0,,0.01,LOW
"Minerals, Sweet And Sour Pork, Chinese restaurant (CA1) - NFY0903MQ",LOW,LOW,HIGH,LOW,LOW,MEDIUM,LOW,46.0,4.1,13.8,151.0,,1.2,LOW
"Minerals, Sweet And Sour Pork, Chinese restaurant (CA2) - NFY0903MX",LOW,LOW,MEDIUM,LOW,LOW,LOW,LOW,45.0,2.32,10.5,127.0,,0.57,LOW
"Minerals, Sweet And Sour Pork, Chinese restaurant (CO1) - NFY0903NB",LOW,LOW,MEDIUM,LOW,LOW,LOW,LOW,14.0,2.2,14.9,168.0,,0.97,LOW
"Minerals, Sweet And Sour Pork, Chinese restaurant (CT1) - NFY0903NI",LOW,LOW,MEDIUM,LOW,LOW,LOW,LOW,58.0,1.6,14.3,151.0,,0.91,LOW
"Minerals, Sweet And Sour Pork, Chinese restaurant (FL1) - NFY0903NP",LOW,LOW,HIGH,LOW,LOW,LOW,LOW,41.0,8.42,13.5,196.0,,0.82,LOW
"Minerals, Sweet And Sour Pork, Chinese restaurant (IN1) - NFY0903M5",LOW,LOW,HIGH,LOW,LOW,MEDIUM,LOW,48.0,4.14,15.7,175.0,,1.43,LOW
"Minerals, Sweet And Sour Pork, Chinese restaurant (MI1) - NFY0903O3",LOW,LOW,LOW,LOW,LOW,LOW,LOW,56.0,0.81,12.7,126.0,,0.87,LOW
"Minerals, Sweet And Sour Pork, Chinese restaurant (NC1) - NFY0903N4",LOW,LOW,MEDIUM,LOW,LOW,MEDIUM,LOW,16.0,1.06,10.0,146.0,,1.01,LOW
"Minerals, Sweet And Sour Pork, Chinese restaurant (NY1) - NFY0903MC",LOW,LOW,MEDIUM,LOW,LOW,LOW,LOW,42.0,1.01,9.3,99.0,,0.53,LOW
"Minerals, Sweet And Sour Pork, Chinese restaurant (VA) - NFY0903MJ",LOW,LOW,HIGH,LOW,LOW,MEDIUM,LOW,44.0,4.03,13.2,131.0,,1.78,LOW
"Minerals, Sweet And Sour Pork, Chinese restaurant (VA3) - NFY0903OA",LOW,LOW,MEDIUM,LOW,LOW,MEDIUM,LOW,88.0,2.39,14.0,161.0,,1.06,LOW
"Minerals, Sweet And Sour Pork, Chinese restaurant (WV) - NFY0903NW",LOW,LOW,HIGH,LOW,LOW,MEDIUM,LOW,53.0,4.77,14.5,197.0,,1.7,LOW
"Minerals, Tamale, Pork (CA-AL,IL) - NFY09027T",MEDIUM,LOW,LOW,LOW,MEDIUM,MEDIUM,LOW,112.0,0.88,26.4,113.0,,1.24,LOW
"Minerals, Tamale, Pork (CA-LA,CA-SD) - NFY0902AH",LOW,LOW,LOW,LOW,MEDIUM,MEDIUM,LOW,76.0,0.92,22.3,171.0,,1.05,LOW
"Minerals, Tamale, Pork (CA-SB) - NFY09028Z",LOW,LOW,LOW,LOW,MEDIUM,LOW,LOW,41.0,0.7,26.7,158.0,,0.93,LOW
"Minerals, Tamale, Pork (NM) - NFY09029B",MEDIUM,LOW,MEDIUM,LOW,MEDIUM,MEDIUM,LOW,134.0,1.2,29.0,152.0,,1.36,LOW
"Minerals, Tamale, Pork (TX-HA,NV) - NFY0902A5",LOW,LOW,LOW,LOW,MEDIUM,MEDIUM,LOW,68.0,0.92,31.8,158.0,,1.47,LOW
"Minerals, Tamale, Pork (TX-TR) - NFY090285",LOW,LOW,LOW,LOW,MEDIUM,MEDIUM,LOW,19.0,0.57,20.9,157.0,,1.13,LOW
"Minerals, Tomatoes, diced, canned, DEL MONTE (CO, CT) - NFY120AN3",LOW,LOW,LOW,LOW,LOW,LOW,LOW,39.0,0.35,9.2,187.0,,0.13,MEDIUM
"Minerals, Tomatoes, diced, canned, DEL MONTE (FL, MO) - NFY120AN9",LOW,LOW,MEDIUM,LOW,LOW,LOW,LOW,32.0,1.1,8.6,193.0,,0.12,MEDIUM
"Minerals, Tomatoes, diced, canned, DEL MONTE (MI, OK) - NFY120ANG",LOW,LOW,LOW,MEDIUM,LOW,LOW,LOW,32.0,0.86,9.7,206.0,,0.12,MEDIUM
"Minerals, Tomatoes, diced, canned, DEL MONTE (NC, NY) - NFY120AMJ",LOW,LOW,LOW,LOW,LOW,LOW,LOW,31.0,0.32,9.5,196.0,,0.14,MEDIUM
"Minerals, Tomatoes, diced, canned, HUNTS (AL, CA1) - NFY120ALN",LOW,LOW,LOW,MEDIUM,LOW,LOW,LOW,22.0,0.26,9.0,202.0,,0.12,MEDIUM
"Minerals, Tomatoes, diced, canned, HUNTS (CA2, NC) - NFY120ALT",LOW,LOW,LOW,MEDIUM,LOW,LOW,LOW,23.0,0.27,9.3,201.0,,0.12,MEDIUM
"Minerals, Tomatoes, diced, canned, HUNTS (CO, CT) - NFY120AM0",LOW,LOW,LOW,MEDIUM,LOW,LOW,LOW,21.0,0.31,9.8,204.0,,0.13,MEDIUM
"Minerals, Tomatoes, diced, canned, HUNTS (FL, MO) - NFY120AM6",LOW,LOW,MEDIUM,MEDIUM,LOW,LOW,LOW,20.0,1.15,10.1,204.0,,0.12,MEDIUM
"Minerals, Tomatoes, diced, canned, HUNTS (IN, NY) - NFY120ALG",LOW,LOW,LOW,LOW,LOW,LOW,LOW,18.0,0.27,10.2,198.0,,0.13,MEDIUM
"Minerals, Tomatoes, diced, canned, HUNTS (MI, OK) - NFY120AMD",LOW,LOW,LOW,LOW,LOW,LOW,LOW,22.0,0.83,9.8,199.0,,0.13,MEDIUM
"Minerals, Tomatoes, diced, canned, STORE BRAND, BIG DAISY & SAFEWAY KITCHENS (CO, CT) - NFY120AO6",LOW,LOW,LOW,LOW,LOW,LOW,LOW,36.0,0.4,10.9,186.0,,0.14,MEDIUM
"Minerals, Tomatoes, diced, canned, STORE BRAND, GREAT VALUE & S&W PREMIUM (AL, CA1) - NFY120AMQ",LOW,LOW,LOW,LOW,LOW,LOW,LOW,41.0,0.8,8.7,180.0,,0.12,MEDIUM
"Minerals, Tomatoes, diced, canned, STORE BRAND, GREAT VALUE (AL, OK) - NFY120ANT",LOW,LOW,LOW,LOW,LOW,LOW,LOW,23.0,0.52,9.6,180.0,,0.12,MEDIUM
"Minerals, Tomatoes, diced, canned, STORE BRAND, HY VEE & PUBLIX (FL, MO) - NFY120AOC",LOW,LOW,LOW,MEDIUM,LOW,LOW,LOW,52.0,0.74,10.0,203.0,,0.13,MEDIUM
"Minerals, Tomatoes, diced, canned, STORE BRAND, HYTOP PREMIUM QUALITY & AMERICAS CHOICE (CA1, NY) - NFY120AOJ",LOW,LOW,LOW,LOW,LOW,LOW,LOW,44.0,0.89,9.3,179.0,,0.13,MEDIUM
"Minerals, Tomatoes, diced, canned, STORE BRAND, KROGER BRAND (IN, MI) - NFY120ANM",LOW,LOW,LOW,LOW,LOW,LOW,LOW,53.0,0.48,9.3,184.0,,0.13,MEDIUM
"Minerals, Tomatoes, diced, canned, STORE BRAND, SUNNY SELECT & VINE RIPE (CA2, NC) - NFY120ANZ",LOW,LOW,LOW,LOW,LOW,LOW,LOW,40.0,0.28,9.6,165.0,,0.1,MEDIUM
"Minerals, Tomatoes, diced, canned, VALUE TIME (CA2) - NFY120AMW",LOW,LOW,LOW,LOW,LOW,LOW,LOW,17.0,0.35,10.4,183.0,,0.11,MEDIUM
"Minerals, Tuna, canned, in water, drained solids,  BUMBLEBEE CHUNK LIGHT, IN WATER  (AL,CA1) - NFY090S0J",LOW,LOW,MEDIUM,LOW,MEDIUM,LOW,LOW,21.0,1.67,20.6,156.0,,0.73,LOW
"Minerals, Tuna, canned, in water, drained solids,  BUMBLEBEE CHUNK LIGHT, IN WATER  (CA2,NC) - NFY090S12",LOW,LOW,MEDIUM,LOW,MEDIUM,LOW,LOW,18.0,1.51,20.1,157.0,,0.63,LOW
"Minerals, Tuna, canned, in water, drained solids,  BUMBLEBEE CHUNK LIGHT, IN WATER  (CO,CT) - NFY090S1A",LOW,LOW,MEDIUM,LOW,MEDIUM,LOW,LOW,22.0,1.29,21.7,191.0,,0.59,LOW
"Minerals, Tuna, canned, in water, drained solids,  BUMBLEBEE CHUNK LIGHT, IN WATER  (FL,MO) - NFY090S1J",LOW,LOW,MEDIUM,LOW,MEDIUM,LOW,LOW,18.0,1.24,20.2,167.0,,0.62,LOW
"Minerals, Tuna, canned, in water, drained solids,  BUMBLEBEE CHUNK LIGHT, IN WATER  (IN,NY) - NFY090S0A",LOW,LOW,MEDIUM,LOW,MEDIUM,LOW,LOW,18.0,2.07,20.6,160.0,,0.75,LOW
"Minerals, Tuna, canned, in water, drained solids,  BUMBLEBEE CHUNK LIGHT, IN WATER  (MI,OK) - NFY090S1R",LOW,LOW,MEDIUM,LOW,MEDIUM,LOW,LOW,18.0,1.99,21.9,177.0,,0.6,LOW
"Minerals, Tuna, canned, in water, drained solids,  CHICKEN OF THE SEA CHUNK LIGHT, IN WATER  (CO,CT) - NFY090S30",LOW,LOW,MEDIUM,LOW,MEDIUM,LOW,LOW,21.0,1.42,24.8,181.0,,0.65,LOW
"Minerals, Tuna, canned, in water, drained solids,  CHICKEN OF THE SEA CHUNK LIGHT, IN WATER  (FL,MO) - NFY090S39",LOW,LOW,MEDIUM,LOW,MEDIUM,LOW,LOW,17.0,1.41,22.9,195.0,,0.45,LOW
"Minerals, Tuna, canned, in water, drained solids,  CHICKEN OF THE SEA CHUNK LIGHT, IN WATER  (IN,NY) - NFY090S20",LOW,LOW,MEDIUM,LOW,MEDIUM,LOW,LOW,17.0,1.31,23.4,182.0,,0.62,LOW
"Minerals, Tuna, canned, in water, drained solids,  CHICKEN OF THE SEA CHUNK LIGHT, IN WATER  (MI,OK) - NFY090S3H",LOW,LOW,MEDIUM,LOW,MEDIUM,LOW,LOW,15.0,1.43,22.9,197.0,,0.59,LOW
"Minerals, Tuna, canned, in water, drained solids,  CHICKEN OF THE SEA CHUNK LIGHT, IN WATER  (VA,CA1) - NFY090S29",LOW,LOW,LOW,LOW,MEDIUM,LOW,LOW,20.0,0.87,21.9,180.0,,0.55,LOW
"Minerals, Tuna, canned, in water, drained solids,  CHICKEN OF THE SEA CHUNK LIGHT, IN WATER  (VA,NC) - NFY090S2S",LOW,LOW,MEDIUM,LOW,MEDIUM,LOW,LOW,18.0,1.49,22.6,191.0,,0.66,LOW
"Minerals, Tuna, canned, in water, drained solids,  STARKIST, CHUNK LIGHT, IN WATER  (AL,CA1) - NFY090S3Z",LOW,LOW,MEDIUM,LOW,MEDIUM,LOW,LOW,10.0,1.33,21.3,185.0,,0.56,LOW
"Minerals, Tuna, canned, in water, drained solids,  STARKIST, CHUNK LIGHT, IN WATER  (CA2,NC) - NFY090S4I",LOW,LOW,MEDIUM,LOW,MEDIUM,LOW,LOW,21.0,2.0,23.9,184.0,,0.62,LOW
"Minerals, Tuna, canned, in water, drained solids,  STARKIST, CHUNK LIGHT, IN WATER  (CO,CT) - NFY090S4Q",LOW,LOW,MEDIUM,LOW,MEDIUM,LOW,LOW,20.0,1.97,24.7,175.0,,0.76,LOW
"Minerals, Tuna, canned, in water, drained solids,  STARKIST, CHUNK LIGHT, IN WATER  (FL,MO) - NFY090S4Z",LOW,LOW,MEDIUM,LOW,MEDIUM,LOW,LOW,20.0,1.66,23.6,187.0,,0.58,LOW
"Minerals, Tuna, canned, in water, drained solids,  STARKIST, CHUNK LIGHT, IN WATER  (IN,NY) - NFY090S3Q",LOW,LOW,MEDIUM,LOW,MEDIUM,MEDIUM,LOW,22.0,1.92,26.6,178.0,,1.03,LOW
"Minerals, Tuna, canned, in water, drained solids,  STARKIST, CHUNK LIGHT, IN WATER  (MI,OK) - NFY090S57",LOW,LOW,MEDIUM,LOW,MEDIUM,MEDIUM,LOW,20.0,1.27,24.8,189.0,,1.11,LOW
"Minerals, Tuna, canned, in water, drained solids, store brand,  AMERICAS CHOICE &  KROGER (IN,NY) - NFY090S5G",LOW,LOW,MEDIUM,LOW,MEDIUM,LOW,LOW,13.0,1.83,22.4,180.0,,0.77,LOW
"Minerals, Tuna, canned, in water, drained solids, store brand,  GREAT VALUE &  KROGER (MI,OK) - NFY090S6X",LOW,LOW,MEDIUM,LOW,MEDIUM,LOW,LOW,17.0,1.64,23.1,181.0,,0.63,LOW
"Minerals, Tuna, canned, in water, drained solids, store brand,  GREAT VALUE &  MIDWEST COUNTRY FARE (FL,MO) - NFY090S6P",LOW,LOW,MEDIUM,LOW,MEDIUM,LOW,LOW,17.0,1.71,21.1,184.0,,0.82,LOW
"Minerals, Tuna, canned, in water, drained solids, store brand,  GREAT VALUE &  SAFEWAY (AL,CA1) - NFY090S5P",LOW,LOW,MEDIUM,LOW,MEDIUM,LOW,LOW,14.0,1.78,23.6,161.0,,0.96,LOW
"Minerals, Tuna, canned, in water, drained solids, store brand,  MY ESSENTIALS &  SUNNY SELECT (CA2,NC) - NFY090S68",LOW,LOW,MEDIUM,LOW,LOW,LOW,LOW,14.0,1.32,19.1,172.0,,0.51,LOW
"Minerals, Tuna, canned, in water, drained solids, store brand,  SAFEWAY &  SHOP RITE (CO,CT) - NFY090S6G",LOW,LOW,MEDIUM,LOW,MEDIUM,LOW,LOW,15.0,2.4,21.7,180.0,,0.59,LOW
"Minerals, White bread, PEPPERIDGE FARMS (CO1,CT1) - NFY0907MX",HIGH,LOW,HIGH,LOW,MEDIUM,LOW,LOW,330.0,3.34,23.6,90.0,,0.76,LOW
"Minerals, White bread, PEPPERIDGE FARMS (FL1,MO1) - NFY0907NH",HIGH,LOW,HIGH,LOW,MEDIUM,LOW,LOW,342.0,3.65,23.7,91.0,,0.75,LOW
"Minerals, White bread, PEPPERIDGE FARMS (NC1,NY1,MI1) - NFY0907OL",HIGH,LOW,HIGH,LOW,MEDIUM,LOW,LOW,343.0,3.86,24.8,97.0,,0.8,LOW
"Minerals, White bread, SARA LEE SOFT AND SMOOTH CLASSIC WHOLE (AL1,CA1) - NFY0907PP",HIGH,LOW,MEDIUM,LOW,MEDIUM,MEDIUM,LOW,450.0,2.57,38.9,143.0,,1.21,LOW
"Minerals, White bread, SARA LEE SOFT AND SMOOTH CLASSIC WHOLE (IN1,MO1) - NFY0907P5",HIGH,LOW,MEDIUM,LOW,MEDIUM,MEDIUM,LOW,452.0,2.76,37.9,155.0,,1.17,LOW
"Minerals, White bread, store brand, AMERICAS CHOICE LARGE WHITE (NY1) - NFY0907IG",MEDIUM,LOW,HIGH,LOW,MEDIUM,LOW,LOW,105.0,3.17,27.4,116.0,,0.88,LOW
"Minerals, White bread, store brand, FOOD WORLD SANDWICH BREAD (AL1) - NFY0907IR",MEDIUM,LOW,HIGH,LOW,MEDIUM,LOW,LOW,135.0,3.14,22.4,120.0,,0.68,LOW
"Minerals, White bread, store brand, GREAT VALUE WHITE (OK1) - NFY0907LI",MEDIUM,LOW,HIGH,LOW,LOW,LOW,LOW,198.0,3.57,19.1,115.0,,0.76,LOW
"Minerals, White bread, store brand, KROGER BREAD (IN1) - NFY0907I5",MEDIUM,LOW,MEDIUM,LOW,MEDIUM,LOW,LOW,115.0,2.11,22.2,114.0,,0.75,LOW
"Minerals, White bread, store brand, KROGER BREAD (MI1) - NFY0907L7",LOW,LOW,HIGH,LOW,MEDIUM,LOW,LOW,99.0,4.03,24.6,117.0,,0.86,LOW
"Minerals, White bread, store brand, LOWES FOOD STORE (NC1) - NFY0907JO",MEDIUM,LOW,HIGH,LOW,MEDIUM,LOW,LOW,146.0,3.59,24.8,127.0,,0.83,LOW
"Minerals, White bread, store brand, PUBLIX BREAD (FL1) - NFY0907KL",MEDIUM,LOW,HIGH,LOW,MEDIUM,MEDIUM,LOW,110.0,3.9,29.5,129.0,,1.07,LOW
"Minerals, White bread, store brand, SAFEWAY PREMIUM WHITE (CA1) - NFY0907J2",MEDIUM,LOW,MEDIUM,LOW,MEDIUM,LOW,LOW,172.0,2.86,22.1,108.0,,0.81,LOW
"Minerals, White bread, store brand, SAFEWAY PREMIUM WHITE (CO1) - NFY0907JZ",MEDIUM,LOW,HIGH,LOW,MEDIUM,LOW,LOW,123.0,4.36,22.1,88.0,,0.8,LOW
"Minerals, White bread, store brand, SHOP RITE ROUND TOP WHITE (CT1) - NFY0907KA",MEDIUM,LOW,HIGH,LOW,MEDIUM,LOW,LOW,167.0,3.7,22.6,111.0,,0.75,LOW
"Minerals, White bread, store brand, SUNNYSIDE FARMS BREAD (CA2) - NFY0907JD",LOW,LOW,HIGH,LOW,MEDIUM,MEDIUM,LOW,87.0,3.09,44.3,156.0,,1.22,LOW
"Minerals, Whole wheat bread, NATURES OWN (AL,OK) - NFY1204OH",MEDIUM,LOW,MEDIUM,MEDIUM,HIGH,MEDIUM,LOW,183.0,2.09,71.7,308.0,,1.87,LOW
"Minerals, Whole wheat bread, NATURES OWN (FL,NC) - NFY1204Q2",MEDIUM,LOW,MEDIUM,MEDIUM,HIGH,MEDIUM,LOW,166.0,2.19,66.2,247.0,,1.74,LOW
"Minerals, Whole wheat bread, NATURES OWN (IN,CT) - NFY1204P9",MEDIUM,LOW,MEDIUM,MEDIUM,HIGH,MEDIUM,LOW,109.0,2.29,75.5,252.0,,1.8,LOW
"Minerals, Whole wheat bread, STROEHMANN DUTCH COUNTY (NY) - NFY1204M4",MEDIUM,LOW,MEDIUM,MEDIUM,HIGH,MEDIUM,LOW,244.0,2.41,80.9,207.0,,1.78,LOW
"Minerals, Whole wheat bread, Store brand/other (AL,OK) - NFY1204QU",MEDIUM,LOW,MEDIUM,MEDIUM,HIGH,MEDIUM,LOW,183.0,1.83,68.4,254.0,,1.59,LOW
"Minerals, Whole wheat bread, Store brand/other (CA1,CO) - NFY1204RL",MEDIUM,LOW,MEDIUM,MEDIUM,HIGH,MEDIUM,LOW,249.0,2.36,75.6,215.0,,1.73,LOW
"Minerals, Whole wheat bread, Store brand/other (CA2,CT) - NFY1204RD",MEDIUM,LOW,MEDIUM,MEDIUM,HIGH,MEDIUM,LOW,118.0,2.78,85.5,252.0,,2.08,LOW
"Minerals, Whole wheat bread, Store brand/other (FL,MO) - NFY1204S4",MEDIUM,LOW,MEDIUM,MEDIUM,HIGH,MEDIUM,LOW,148.0,2.25,78.6,244.0,,1.57,LOW
"Minerals, Whole wheat bread, Store brand/other (IN,NY) - NFY1204QL",MEDIUM,LOW,HIGH,MEDIUM,HIGH,MEDIUM,LOW,120.0,4.61,76.5,248.0,,1.81,LOW
"Minerals, Whole wheat bread, Store brand/other (MI,NC) - NFY1204SE",MEDIUM,LOW,MEDIUM,MEDIUM,HIGH,MEDIUM,LOW,113.0,2.77,87.1,273.0,,1.67,LOW
"Minerals, Yogurt, Greek, strawberry, non-fat, CHOBANI (AL,CA1) - NFY120OP8",LOW,LOW,LOW,LOW,LOW,LOW,MEDIUM,99.0,0.07,10.0,124.0,,0.43,MEDIUM
"Minerals, Yogurt, Greek, strawberry, non-fat, CHOBANI (CA2,NC) - NFY120OPE",LOW,LOW,LOW,LOW,LOW,LOW,MEDIUM,98.0,0.18,10.1,125.0,,0.43,MEDIUM
"Minerals, Yogurt, Greek, strawberry, non-fat, CHOBANI (CO,CT) - NFY120OPU",LOW,LOW,LOW,LOW,LOW,LOW,MEDIUM,98.0,0.08,10.0,124.0,,0.44,MEDIUM
"Minerals, Yogurt, Greek, strawberry, non-fat, CHOBANI (FL,MO) - NFY120OQ0",MEDIUM,LOW,LOW,LOW,LOW,LOW,MEDIUM,102.0,0.15,10.8,127.0,,0.45,MEDIUM
"Minerals, Yogurt, Greek, strawberry, non-fat, CHOBANI (IN,NY) - NFY120OOT",MEDIUM,LOW,LOW,LOW,LOW,LOW,MEDIUM,102.0,0.14,10.3,122.0,,0.44,MEDIUM
"Minerals, Yogurt, Greek, strawberry, non-fat, CHOBANI (MI,OK) - NFY120OQH",LOW,LOW,LOW,LOW,LOW,LOW,MEDIUM,97.0,0.07,10.2,121.0,,0.43,MEDIUM
"Minerals, Yogurt, Greek, strawberry, non-fat, DANNON OIKOS (AL,CA1) - NFY120ON8",LOW,LOW,LOW,LOW,LOW,LOW,MEDIUM,95.0,0.05,11.1,149.0,,0.44,MEDIUM
"Minerals, Yogurt, Greek, strawberry, non-fat, DANNON OIKOS (CA2,NC) - NFY120ONG",LOW,LOW,LOW,LOW,LOW,LOW,MEDIUM,94.0,0.08,10.3,142.0,,0.47,MEDIUM
"Minerals, Yogurt, Greek, strawberry, non-fat, DANNON OIKOS (CO,CT) - NFY120ONZ",LOW,LOW,LOW,LOW,LOW,LOW,MEDIUM,98.0,0.06,11.2,151.0,,0.47,MEDIUM
"Minerals, Yogurt, Greek, strawberry, non-fat, DANNON OIKOS (FL,MO) - NFY120OO6",LOW,LOW,LOW,LOW,LOW,LOW,MEDIUM,92.0,0.05,10.4,140.0,,0.43,MEDIUM
"Minerals, Yogurt, Greek, strawberry, non-fat, DANNON OIKOS (IN,NY) - NFY120OMP",LOW,LOW,LOW,LOW,LOW,LOW,MEDIUM,92.0,0.07,10.2,142.0,,0.45,MEDIUM
"Minerals, Yogurt, Greek, strawberry, non-fat, DANNON OIKOS (MI,OK) - NFY120OOK",LOW,LOW,LOW,LOW,LOW,LOW,MEDIUM,93.0,0.06,10.7,146.0,,0.43,MEDIUM
"Minerals, Yogurt, Greek, strawberry, non-fat, FAGE TOTAL (CA1,OK) - NFY120OQQ",LOW,LOW,LOW,LOW,LOW,LOW,MEDIUM,92.0,0.06,10.0,121.0,,0.47,MEDIUM
"Minerals, Yogurt, Greek, strawberry, non-fat, FAGE TOTAL (CA2,CO) - NFY120ORZ",MEDIUM,LOW,LOW,LOW,LOW,LOW,MEDIUM,103.0,0.12,10.8,143.0,,0.51,MEDIUM
"Minerals, Yogurt, Greek, strawberry, non-fat, FAGE TOTAL (FL,CT) - NFY120PA5",LOW,LOW,LOW,LOW,LOW,LOW,MEDIUM,96.0,0.06,10.3,129.0,,0.52,MEDIUM
"Minerals, Yogurt, Greek, strawberry, non-fat, FAGE TOTAL (NY,NC) - NFY120ORD",LOW,LOW,LOW,LOW,LOW,LOW,MEDIUM,95.0,0.06,10.2,121.0,,0.51,MEDIUM
"Mission Figs, Dried, Region 1, n/a, No, Minerals  - NFY01",MEDIUM,LOW,MEDIUM,HIGH,HIGH,LOW,LOW,166.0,2.06,65.0,707.0,,0.49,LOW
"Mission Figs, Dried, Region 1, n/a, No, Vitamin K  - NFY0",UNKNOWN,LOW,UNKNOWN,UNKNOWN,UNKNOWN,UNKNOWN,LOW,,,,,6.9,,LOW
"Mission Figs, Dried, Region 2, n/a, Yes, Minerals  - NFY0",MEDIUM,LOW,MEDIUM,HIGH,HIGH,LOW,LOW,167.0,2.1,63.1,760.0,,0.48,LOW
"Mission Figs, Dried, Region 2, n/a, Yes, Vitamin K  - NFY",UNKNOWN,LOW,UNKNOWN,UNKNOWN,UNKNOWN,UNKNOWN,LOW,,,,,6.5,,LOW
"Mission Figs, Dried, Region 3, n/a, Yes, Minerals  - NFY0",MEDIUM,LOW,MEDIUM,HIGH,HIGH,LOW,LOW,159.0,1.72,63.3,703.0,,0.44,LOW
"Mission Figs, Dried, Region 3, n/a, Yes, Vitamin K  - NFY",UNKNOWN,LOW,UNKNOWN,UNKNOWN,UNKNOWN,UNKNOWN,LOW,,,,,6.65,,LOW
"Mission Figs, Dried, Region 4, n/a, No, Minerals  - NFY01",MEDIUM,LOW,MEDIUM,HIGH,HIGH,LOW,LOW,166.0,1.9,65.3,773.0,,0.5,LOW
"Mission Figs, Dried, Region 4, n/a, No, Vitamin K  - NFY0",UNKNOWN,LOW,UNKNOWN,UNKNOWN,UNKNOWN,UNKNOWN,LOW,,,,,5.7,,LOW
"Mushroom, beech",LOW,LOW,LOW,MEDIUM,LOW,LOW,LOW,0.4325,0.7388,10.49,375.9,,0.4978,LOW
"Mushroom, crimini",LOW,LOW,LOW,MEDIUM,LOW,LOW,LOW,4.105,0.3115,10.25,380.3,,0.5123,LOW
"Mushroom, enoki",LOW,LOW,MEDIUM,HIGH,LOW,LOW,LOW,1.432,1.275,12.84,402.3,,0.4815,LOW
"Mushroom, king oyster",LOW,LOW,LOW,MEDIUM,LOW,LOW,LOW,0.0,0.3381,13.51,294.5,,0.6254,LOW
"Mushroom, lion's mane",LOW,LOW,LOW,HIGH,LOW,LOW,LOW,0.0,0.6883,11.72,443.3,,0.7448,LOW
"Mushroom, maitake",LOW,LOW,LOW,MEDIUM,LOW,LOW,LOW,0.0,0.2089,11.04,260.0,,0.7629,LOW
"Mushroom, oyster",LOW,LOW,LOW,MEDIUM,LOW,LOW,LOW,0.0,0.6981,13.91,281.6,,0.6843,LOW
"Mushroom, pioppini",LOW,LOW,LOW,MEDIUM,LOW,LOW,LOW,0.0,0.486,15.99,392.4,,0.8573,LOW
"Mushroom, portabella",LOW,LOW,LOW,MEDIUM,LOW,LOW,LOW,3.235,0.139,9.037,349.3,,0.3888,LOW
"Mushrooms, shiitake",LOW,LOW,LOW,MEDIUM,LOW,LOW,LOW,0.7663,0.1443,14.06,243.0,,0.7641,LOW
"Mushrooms, white button",LOW,LOW,LOW,MEDIUM,LOW,LOW,LOW,5.465,0.2267,10.16,373.0,,0.511,LOW
"Mustard, Yellow, Prepared, French's Classic Yellow Mustard, Minerals - NFY0210L1",LOW,LOW,MEDIUM,LOW,MEDIUM,LOW,LOW,64.0,1.58,44.5,142.0,,0.6,LOW
"Mustard, Yellow, Prepared, French's Classic Yellow Mustard, Vitamin K - NFY0210L0",UNKNOWN,LOW,UNKNOWN,UNKNOWN,UNKNOWN,UNKNOWN,LOW,,,,,0.85,,LOW
"Mustard, Yellow, Prepared, Store Brand, Minerals - NFY0210N4",LOW,LOW,MEDIUM,LOW,MEDIUM,LOW,LOW,64.0,1.79,47.7,141.0,,0.69,LOW
"Mustard, Yellow, Prepared, Store Brand, Minerals - NFY0210O5",LOW,LOW,MEDIUM,LOW,MEDIUM,LOW,LOW,63.0,1.33,46.0,125.0,,0.62,LOW
"Mustard, Yellow, Prepared, Store Brand, Vitamin K - NFY0210N3",UNKNOWN,LOW,UNKNOWN,UNKNOWN,UNKNOWN,UNKNOWN,LOW,,,,,0.8,,LOW
"Mustard, Yellow, Prepared, Store Brand, Vitamin K - NFY0210O4",UNKNOWN,LOW,UNKNOWN,UNKNOWN,UNKNOWN,UNKNOWN,LOW,,,,,0.85,,LOW
"Mustard, prepared, yellow",LOW,LOW,MEDIUM,LOW,MEDIUM,LOW,LOW,63.0,1.59,47.7,150.0,0.5,0.64,LOW
"Nectarines, Raw, Pass 2, Region 1, n/a, Yes, Minerals - NFY010BUB",LOW,LOW,LOW,LOW,LOW,LOW,LOW,0.0,0.24,9.4,111.0,,0.18,LOW
"Nectarines, Raw, Pass 2, Region 1, n/a, Yes, Vitamin K - NFY010BUY",UNKNOWN,LOW,UNKNOWN,UNKNOWN,UNKNOWN,UNKNOWN,LOW,,,,,0.85,,LOW
"Nectarines, Raw, Pass 2, Region 2, n/a, Yes, Minerals - NFY010BV7",LOW,LOW,LOW,LOW,LOW,LOW,LOW,0.0,0.13,7.8,74.0,,0.31,LOW
"Nectarines, Raw, Pass 2, Region 2, n/a, Yes, Vitamin K - NFY010BVS",UNKNOWN,LOW,UNKNOWN,UNKNOWN,UNKNOWN,UNKNOWN,LOW,,,,,0.65,,LOW
"Nectarines, Raw, Pass 2, Region 3, n/a, Yes, Minerals - NFY010BW0",LOW,LOW,LOW,LOW,LOW,LOW,LOW,0.0,0.21,8.8,153.0,,0.19,LOW
"Nectarines, Raw, Pass 2, Region 3, n/a, Yes, Vitamin K - NFY010BWL",UNKNOWN,LOW,UNKNOWN,UNKNOWN,UNKNOWN,UNKNOWN,LOW,,,,,1.15,,LOW
"Nectarines, Raw, Pass 2, Region 4, n/a, Yes, Minerals - NFY010BWT",LOW,LOW,LOW,LOW,LOW,LOW,LOW,0.0,0.45,8.6,114.0,,0.26,LOW
"Nectarines, Raw, Pass 2, Region 4, n/a, Yes, Vitamin K - NFY010BXG",UNKNOWN,LOW,UNKNOWN,UNKNOWN,UNKNOWN,UNKNOWN,LOW,,,,,1.25,,LOW
"Nectarines, fresh, Region 1, n/a, Yes - Minerals, Se, NF0008LS",LOW,LOW,LOW,LOW,LOW,LOW,LOW,6.0,0.35,8.9,149.0,,0.16,LOW
"Nectarines, fresh, Region 2, n/a, Yes - Minerals, Se, NF0008MP",LOW,LOW,LOW,LOW,LOW,LOW,LOW,5.0,0.4,8.9,150.0,,0.14,LOW
"Nectarines, fresh, Region 4, n/a, Yes - Minerals, Se, NF0008OD",LOW,LOW,LOW,LOW,LOW,LOW,LOW,5.0,0.31,9.1,166.0,,0.2,LOW
"Nectarines, raw",LOW,LOW,LOW,LOW,LOW,LOW,LOW,2.0,0.3,8.8,131.0,1.0,0.21,LOW
"Nuts, almonds, dry roasted, with salt added",MEDIUM,LOW,HIGH,HIGH,HIGH,MEDIUM,LOW,273.0,3.17,258.0,684.0,0.0,2.8,LOW
"Nuts, almonds, raw, whole",MEDIUM,LOW,HIGH,HIGH,HIGH,MEDIUM,LOW,253.625,3.74125,257.5625,732.75,0.0,2.8649999999999998,LOW
"Nuts, almonds, whole, raw",MEDIUM,LOW,HIGH,HIGH,HIGH,MEDIUM,LOW,253.6,3.741,257.6,732.8,0.0,2.865,LOW
"Nuts, brazilnuts, raw",MEDIUM,LOW,MEDIUM,HIGH,HIGH,HIGH,LOW,167.8,2.474,351.3,592.5,,3.824,LOW
"Nuts, cashew nuts, raw",LOW,MEDIUM,HIGH,HIGH,HIGH,HIGH,LOW,41.95,5.988,250.6,638.3,,5.071,LOW
"Nuts, hazelnuts or filberts, raw",MEDIUM,LOW,HIGH,HIGH,HIGH,MEDIUM,LOW,134.7,3.465,155.8,635.9,,2.334,LOW
"Nuts, macadamia nuts, raw",LOW,LOW,MEDIUM,MEDIUM,HIGH,MEDIUM,LOW,52.71,1.881,106.8,372.6,,1.2,LOW
"Nuts, pecans, halves, raw",LOW,LOW,MEDIUM,MEDIUM,HIGH,HIGH,LOW,54.83,2.371,102.9,360.3,1.3666666666666665,3.93,LOW
"Nuts, pecans, raw, halves",LOW,LOW,MEDIUM,MEDIUM,HIGH,HIGH,LOW,54.825,2.37125,102.85,360.3125,1.3791666666666667,3.93,LOW
"Nuts, pine nuts, raw",LOW,LOW,HIGH,HIGH,HIGH,HIGH,LOW,8.736222222222223,5.36,205.8777777777778,654.8111111111111,1.0546666666666666,5.712555555555555,LOW
"Nuts, pistachio nuts, raw",MEDIUM,MEDIUM,HIGH,HIGH,HIGH,MEDIUM,LOW,117.4,3.456,109.7,947.0,,2.176,LOW
"Nuts, walnuts, English, halves, raw",LOW,LOW,MEDIUM,HIGH,HIGH,MEDIUM,LOW,88.26,2.235,142.4,423.5,0.5666666666666667,2.76,LOW
"Nuts, walnuts, English, raw, halves",LOW,LOW,MEDIUM,HIGH,HIGH,MEDIUM,LOW,88.2625,2.235,142.375,423.5,0.5750000000000001,2.76,LOW
"OATMEAL COOKIES WITH RAISINS, PEPPERIDGE FARM SOFT BAKED",LOW,LOW,MEDIUM,MEDIUM,MEDIUM,LOW,LOW,26.6,2.306,33.9,273.0,,0.614,LOW
"OATMEAL COOKIES WITH RAISINS, STORE/OTHER BRAND",LOW,LOW,MEDIUM,MEDIUM,MEDIUM,LOW,LOW,30.333333333333332,2.2583333333333333,31.233333333333334,220.83333333333334,,0.6233333333333333,LOW
"OIL, OLIVE, EXTRA LIGHT",UNKNOWN,LOW,UNKNOWN,UNKNOWN,UNKNOWN,UNKNOWN,LOW,,,,,8.679166666666667,,LOW
"OIL, PEANUT",UNKNOWN,LOW,UNKNOWN,UNKNOWN,UNKNOWN,UNKNOWN,LOW,,,,,1.4208333333333334,,LOW
"OIL, SAFFLOWER",UNKNOWN,LOW,UNKNOWN,UNKNOWN,UNKNOWN,UNKNOWN,LOW,,,,,1.78125,,LOW
"OIL, SUNFLOWER",UNKNOWN,LOW,UNKNOWN,UNKNOWN,UNKNOWN,UNKNOWN,LOW,,,,,2.308333333333333,,LOW
"ONIONS, RED",LOW,LOW,LOW,LOW,LOW,LOW,LOW,16.666666666666668,0.23666666666666666,11.4,196.83333333333334,,0.16666666666666666,LOW
"ONIONS, WHITE",LOW,LOW,LOW,LOW,LOW,LOW,LOW,20.666666666666668,0.15166666666666667,9.333333333333334,141.16666666666666,,0.12333333333333334,LOW
"ONIONS, YELLOW",LOW,LOW,LOW,LOW,LOW,LOW,LOW,15.0,0.2833333333333333,9.049999999999999,181.83333333333334,,0.19999999999999998,LOW
"ORANGE JUICE, REFRIGERATED, NO PULP, NOT FORTIFIED",LOW,LOW,LOW,LOW,LOW,LOW,LOW,9.2875,0.0706125,10.26125,182.75,,0.03205625,MEDIUM
"ORANGE JUICE, REFRIGERATED, NO PULP, NOT FORTIFIED, FROM CONCENTRATE",LOW,LOW,LOW,LOW,LOW,LOW,LOW,12.8125,0.06457500000000001,10.635,179.5,,0.0318875,MEDIUM
"Oat milk, unsweetened, plain, refrigerated",MEDIUM,LOW,LOW,LOW,LOW,LOW,LOW,148.5,0.2612,5.909,148.4,0.13333333333333333,0.09062,LOW
"Oatmeal cookies with raisins, packaged",UNKNOWN,LOW,UNKNOWN,UNKNOWN,UNKNOWN,UNKNOWN,LOW,,,,,5.7,,LOW
"Oats, whole grain, rolled, old fashioned",LOW,LOW,HIGH,MEDIUM,HIGH,MEDIUM,LOW,45.525555555555556,4.338777777777778,126.3111111111111,350.06666666666666,,2.743777777777778,LOW
"Oats, whole grain, steel cut",LOW,LOW,HIGH,MEDIUM,HIGH,MEDIUM,LOW,51.33777777777778,3.801222222222222,128.56666666666666,375.8777777777778,,2.8425555555555557,LOW
"Oil, coconut",LOW,LOW,LOW,LOW,LOW,LOW,LOW,1.0,0.05,0.0,0.0,0.19999999999999998,0.02,LOW
"Oil, olive, extra light",UNKNOWN,LOW,UNKNOWN,UNKNOWN,UNKNOWN,UNKNOWN,LOW,,,,,8.68,,LOW
"Oil, peanut",UNKNOWN,LOW,UNKNOWN,UNKNOWN,UNKNOWN,UNKNOWN,LOW,,,,,1.421,,LOW
"Oil, safflower",UNKNOWN,LOW,UNKNOWN,UNKNOWN,UNKNOWN,UNKNOWN,LOW,,,,,1.7813333333333334,,LOW
"Oil, sunflower",UNKNOWN,LOW,UNKNOWN,UNKNOWN,UNKNOWN,UNKNOWN,LOW,,,,,2.308333333333333,,LOW
Olives green stuffed with pimentos,MEDIUM,MEDIUM,LOW,LOW,LOW,LOW,LOW,120.61538461538461,0.30615384615384617,12.392307692307693,43.15384615384615,,0.09307692307692307,LOW
"Olives, green, Manzanilla, stuffed with pimiento",MEDIUM,LOW,LOW,LOW,LOW,LOW,LOW,121.0,0.31,12.4,43.0,5.533333333333334,0.09,LOW
"Olives, green, stuffed with pimentos - NFY1213MQ",UNKNOWN,LOW,UNKNOWN,UNKNOWN,UNKNOWN,UNKNOWN,LOW,,,,,5.733333333333333,,LOW
"Olives, green, stuffed with pimentos - NFY1213ND",UNKNOWN,LOW,UNKNOWN,UNKNOWN,UNKNOWN,UNKNOWN,LOW,,,,,5.566666666666666,,LOW
"Olives, green, stuffed with pimentos - NFY1213OM",UNKNOWN,LOW,UNKNOWN,UNKNOWN,UNKNOWN,UNKNOWN,LOW,,,,,5.566666666666666,,LOW
"Olives, green, stuffed with pimentos - NFY1213P7",UNKNOWN,LOW,UNKNOWN,UNKNOWN,UNKNOWN,UNKNOWN,LOW,,,,,6.733333333333333,,LOW
"Olives, green, stuffed with pimentos - NFY1213PU",UNKNOWN,LOW,UNKNOWN,UNKNOWN,UNKNOWN,UNKNOWN,LOW,,,,,4.2,,LOW
"Olives, green, stuffed with pimentos - NFY1213QH",UNKNOWN,LOW,UNKNOWN,UNKNOWN,UNKNOWN,UNKNOWN,LOW,,,,,5.3999999999999995,,LOW
"Onion rings, breaded, par fried, frozen, prepared, heated in oven",LOW,LOW,MEDIUM,LOW,MEDIUM,LOW,LOW,28.0,1.14,20.4,135.0,,0.59,LOW
"Onions, red, raw",LOW,LOW,LOW,LOW,LOW,LOW,LOW,17.0,0.24,11.4,197.0,,0.17,LOW
"Onions, white, raw",LOW,LOW,LOW,LOW,LOW,LOW,LOW,21.0,0.15,9.3,141.0,,0.12,LOW
"Onions, yellow, raw",LOW,LOW,LOW,LOW,LOW,LOW,LOW,15.0,0.28,9.0,182.0,,0.2,LOW
"Orange juice, no pulp, not fortified, from concentrate, refrigerated",LOW,LOW,LOW,LOW,LOW,LOW,LOW,12.81,0.06458,10.64,179.5,,0.03189,MEDIUM
"Orange juice, no pulp, not fortified, not from concentrate, refrigerated",LOW,LOW,LOW,LOW,LOW,LOW,LOW,9.288,0.07061,10.26,182.8,,0.03206,MEDIUM
"Oranges, Navel, Pass 2, Region 1, n/a, Yes - Minerals, NFY010745",LOW,LOW,LOW,LOW,LOW,LOW,LOW,42.0,0.6,11.7,162.0,,0.08,MEDIUM
"Oranges, Navel, Pass 2, Region 1, n/a, Yes - Vitamin K, NFY01074Q",UNKNOWN,LOW,UNKNOWN,UNKNOWN,UNKNOWN,UNKNOWN,LOW,,,,,0.0,,MEDIUM
"Oranges, Navel, Pass 2, Region 2, n/a, Yes - Minerals, NFY01074X",LOW,LOW,LOW,LOW,LOW,LOW,LOW,38.0,0.29,10.8,147.0,,0.32,MEDIUM
"Oranges, Navel, Pass 2, Region 2, n/a, Yes - Vitamin K, NFY01075I",UNKNOWN,LOW,UNKNOWN,UNKNOWN,UNKNOWN,UNKNOWN,LOW,,,,,0.0,,MEDIUM
"Oranges, Navel, Pass 2, Region 3, n/a, Yes - Minerals, NFY01075O",LOW,LOW,LOW,LOW,LOW,LOW,LOW,42.0,0.34,11.3,155.0,,0.09,MEDIUM
"Oranges, Navel, Pass 2, Region 3, n/a, Yes - Vitamin K, NFY010769",UNKNOWN,LOW,UNKNOWN,UNKNOWN,UNKNOWN,UNKNOWN,LOW,,,,,0.0,,MEDIUM
"Oranges, Navel, Pass 2, Region 4, n/a, Yes - Minerals, NFY01076E",LOW,LOW,LOW,LOW,LOW,LOW,LOW,40.0,0.91,11.1,155.0,,0.08,MEDIUM
"Oranges, Navel, Pass 2, Region 4, n/a, Yes - Vitamin K, NFY010770",UNKNOWN,LOW,UNKNOWN,UNKNOWN,UNKNOWN,UNKNOWN,LOW,,,,,0.0,,MEDIUM
"Oranges, Navel, Raw, Region 1, n/a, Yes, Minerals - NFY0103ZR",LOW,LOW,LOW,LOW,LOW,LOW,LOW,41.0,0.13,10.2,167.0,,0.06,MEDIUM
"Oranges, Navel, Raw, Region 1, n/a, Yes, Vitamin K - NFY01040D",UNKNOWN,LOW,UNKNOWN,UNKNOWN,UNKNOWN,UNKNOWN,LOW,,,,,0.05,,MEDIUM
"Oranges, Navel, Raw, Region 2, n/a, Yes, Minerals - NFY01040S",LOW,LOW,LOW,LOW,LOW,LOW,LOW,37.0,0.11,10.3,184.0,,0.06,MEDIUM
"Oranges, Navel, Raw, Region 2, n/a, Yes, Vitamin K - NFY01041E",UNKNOWN,LOW,UNKNOWN,UNKNOWN,UNKNOWN,UNKNOWN,LOW,,,,,0.0,,MEDIUM
"Oranges, Navel, Raw, Region 3, n/a, Yes, Minerals - NFY01041Q",LOW,LOW,LOW,LOW,LOW,LOW,LOW,57.0,0.16,10.2,188.0,,0.08,MEDIUM
"Oranges, Navel, Raw, Region 3, n/a, Yes, Vitamin K - NFY01042C",UNKNOWN,LOW,UNKNOWN,UNKNOWN,UNKNOWN,UNKNOWN,LOW,,,,,0.05,,MEDIUM
"Oranges, Navel, Raw, Region 4, n/a, Yes, Minerals - NFY01042Q",LOW,LOW,LOW,LOW,LOW,LOW,LOW,46.0,0.13,10.0,168.0,,0.07,MEDIUM
"Oranges, Navel, Raw, Region 4, n/a, Yes, Vitamin K - NFY01043B",UNKNOWN,LOW,UNKNOWN,UNKNOWN,UNKNOWN,UNKNOWN,LOW,,,,,0.05,,MEDIUM
"Oranges, raw, navels",LOW,LOW,LOW,LOW,LOW,LOW,LOW,43.0,0.33,10.7,166.0,0.0,0.11,MEDIUM
"Oranges, raw, navels (Includes foods for USDA's Food Distribution Program)",LOW,LOW,LOW,LOW,LOW,LOW,LOW,43.0,0.33,10.7,166.0,0.0,0.11,MEDIUM
"Pawpaw, peeled, seeded, raw",LOW,LOW,LOW,MEDIUM,LOW,LOW,LOW,9.91,0.07471,10.61,220.9,,0.08486,LOW
"Peaches, Raw, Pass 2, Region 1, n/a, Yes, Minerals - NFY010BR3",LOW,MEDIUM,LOW,LOW,LOW,LOW,LOW,0.0,0.19,8.4,81.0,,0.21,LOW
"Peaches, Raw, Pass 2, Region 1, n/a, Yes, Vitamin K - NFY010BRP",UNKNOWN,LOW,UNKNOWN,UNKNOWN,UNKNOWN,UNKNOWN,LOW,,,,,1.25,,LOW
"Peaches, Raw, Pass 2, Region 2, n/a, Yes, Minerals - NFY010BRX",LOW,MEDIUM,UNKNOWN,LOW,LOW,LOW,LOW,0.0,,8.2,70.0,,0.16,LOW
"Peaches, Raw, Pass 2, Region 2, n/a, Yes, Vitamin K - NFY010BSH",UNKNOWN,LOW,UNKNOWN,UNKNOWN,UNKNOWN,UNKNOWN,LOW,,,,,1.45,,LOW
"Peaches, Raw, Pass 2, Region 3, n/a, Yes, Minerals - NFY010BSP",LOW,MEDIUM,LOW,LOW,LOW,LOW,LOW,0.0,0.23,7.6,89.0,,0.22,LOW
"Peaches, Raw, Pass 2, Region 3, n/a, Yes, Vitamin K - NFY010BTB",UNKNOWN,LOW,UNKNOWN,UNKNOWN,UNKNOWN,UNKNOWN,LOW,,,,,1.55,,LOW
"Peaches, Raw, Pass 2, Region 4, n/a, Yes, Minerals - NFY010BTJ",LOW,MEDIUM,LOW,LOW,LOW,LOW,LOW,1.0,0.24,8.6,126.0,,0.26,LOW
"Peaches, Raw, Pass 2, Region 4, n/a, Yes, Vitamin K - NFY010BU3",UNKNOWN,LOW,UNKNOWN,UNKNOWN,UNKNOWN,UNKNOWN,LOW,,,,,1.8,,LOW
"Peaches, raw, Region 1, n/a, Yes - Minerals, Se,  NF00094D",LOW,MEDIUM,LOW,LOW,LOW,LOW,LOW,7.0,0.41,8.3,161.0,,0.23,LOW
"Peaches, raw, Region 2, n/a, Yes - Minerals, Se,  NF00095C",LOW,MEDIUM,LOW,LOW,LOW,LOW,LOW,7.0,0.41,8.1,170.0,,0.26,LOW
"Peaches, raw, Region 3, n/a, Yes - Minerals, Se,  NF0009DJ",LOW,MEDIUM,LOW,LOW,LOW,LOW,LOW,5.0,0.42,7.4,138.0,,0.26,LOW
"Peaches, raw, Region 4, n/a, Yes - Minerals, Se,  NF0009EI",LOW,MEDIUM,LOW,LOW,LOW,LOW,LOW,8.0,0.49,7.8,140.0,,0.27,LOW
"Peaches, yellow, raw",LOW,LOW,LOW,LOW,LOW,LOW,LOW,4.0,0.34,8.0,122.0,1.5,0.23,LOW
"Peanut butter, creamy",LOW,LOW,MEDIUM,HIGH,HIGH,HIGH,LOW,49.85,1.853,192.6,654.0,0.0,3.062,LOW
"Peanut butter, smooth style, with salt",LOW,MEDIUM,MEDIUM,HIGH,HIGH,MEDIUM,LOW,49.0,1.73,169.0,564.0,,2.54,LOW
"Peanuts, raw",LOW,MEDIUM,MEDIUM,HIGH,HIGH,MEDIUM,LOW,49.13,1.554,179.7,635.6,,2.78,LOW
"Pear, Anjou, green, with skin, raw",LOW,MEDIUM,LOW,LOW,LOW,LOW,LOW,9.986,0.0,6.494,122.5,,0.1074,LOW
"Pear, Anjou, green, with skin, seeded, core removed, raw",LOW,MEDIUM,LOW,LOW,LOW,LOW,LOW,9.98625,0.0,6.49375,122.5,,0.1073625,LOW
"Pears, Bartlett, Pass 2, Regions 1 & 4, n/a, Yes - Minerals, NFY0106WB",LOW,MEDIUM,LOW,LOW,LOW,LOW,LOW,10.0,0.28,6.6,92.0,,0.08,LOW
"Pears, Bartlett, Pass 2, Regions 1 & 4, n/a, Yes - Vitamin K, NFY0106WU",UNKNOWN,LOW,UNKNOWN,UNKNOWN,UNKNOWN,UNKNOWN,LOW,,,,,1.1,,LOW
"Pears, Bartlett, Pass 2, Regions 2 & 3, n/a, Yes - Minerals, NFY0106X1",LOW,MEDIUM,LOW,LOW,LOW,LOW,LOW,11.0,0.21,6.6,78.0,,0.07,LOW
"Pears, Bartlett, Pass 2, Regions 2 & 3, n/a, Yes - Vitamin K, NFY0106XH",UNKNOWN,LOW,UNKNOWN,UNKNOWN,UNKNOWN,UNKNOWN,LOW,,,,,1.35,,LOW
"Pears, Bartlett, Regions 1 & 4, n/a, Yes, Minerals - NFY00008E",LOW,MEDIUM,LOW,LOW,LOW,LOW,LOW,9.0,0.11,6.4,121.0,,0.08,LOW
"Pears, Bartlett, Regions 1 & 4, n/a, Yes, Vitamin K - NFY00008U",UNKNOWN,LOW,UNKNOWN,UNKNOWN,UNKNOWN,UNKNOWN,LOW,,,,,2.6,,LOW
"Pears, Bartlett, Regions 2 & 3, n/a, Yes, Minerals - NFY00007P",LOW,MEDIUM,LOW,LOW,LOW,LOW,LOW,4.0,0.08,3.3,57.0,,0.05,LOW
"Pears, Bartlett, Regions 2 & 3, n/a, Yes, Vitamin K - NFY000085",UNKNOWN,LOW,UNKNOWN,UNKNOWN,UNKNOWN,UNKNOWN,LOW,,,,,2.5,,LOW
"Pears, Bosc, Regions 1 & 4, n/a, Yes, Minerals - NFY0000B2",LOW,MEDIUM,LOW,LOW,LOW,LOW,LOW,11.0,0.13,7.2,135.0,,0.12,LOW
"Pears, Bosc, Regions 1 & 4, n/a, Yes, Vitamin K - NFY0000BI",UNKNOWN,LOW,UNKNOWN,UNKNOWN,UNKNOWN,UNKNOWN,LOW,,,,,2.5,,LOW
"Pears, Bosc, Regions 2 & 3, n/a, Yes, Minerals - NFY0000AF",LOW,MEDIUM,LOW,LOW,LOW,LOW,LOW,5.0,0.08,4.0,68.0,,0.06,LOW
"Pears, Bosc, Regions 2 & 3, n/a, Yes, Vitamin K - NFY0000AV",UNKNOWN,LOW,UNKNOWN,UNKNOWN,UNKNOWN,UNKNOWN,LOW,,,,,3.9,,LOW
"Pears, Green Anjou, Regions 1 & 4, n/a, Yes, Minerals - NFY0000GH",LOW,MEDIUM,LOW,LOW,LOW,LOW,LOW,12.0,0.15,6.8,133.0,,0.11,LOW
"Pears, Green Anjou, Regions 1 & 4, n/a, Yes, Vitamin K - NFY0000GX",UNKNOWN,LOW,UNKNOWN,UNKNOWN,UNKNOWN,UNKNOWN,LOW,,,,,2.05,,LOW
"Pears, Green Anjou, Regions 2 & 3, n/a, Yes, Minerals - NFY0000FS",LOW,MEDIUM,LOW,LOW,LOW,LOW,LOW,5.0,0.09,3.7,79.0,,0.04,LOW
"Pears, Green Anjou, Regions 2 & 3, n/a, Yes, Vitamin K - NFY0000G8",UNKNOWN,LOW,UNKNOWN,UNKNOWN,UNKNOWN,UNKNOWN,LOW,,,,,2.55,,LOW
"Pears, raw, bartlett",LOW,LOW,LOW,LOW,LOW,LOW,LOW,8.0,0.17,5.7,87.0,1.9,0.07,LOW
"Pears, raw, bartlett (Includes foods for USDA's Food Distribution Program)",LOW,LOW,LOW,LOW,LOW,LOW,LOW,8.0,0.17,5.7,87.0,1.9,0.07,LOW
"Peas, green, sweet, canned, sodium added, sugar added, drained and rinsed",LOW,MEDIUM,MEDIUM,LOW,MEDIUM,LOW,LOW,28.21,1.139,21.91,109.2,,0.712,LOW
"Peppers, bell, green, raw",LOW,LOW,LOW,LOW,LOW,LOW,LOW,7.496,0.1861,9.004,163.1,,0.1256,LOW
"Peppers, bell, orange, raw",LOW,LOW,LOW,MEDIUM,LOW,LOW,LOW,4.899,0.3652,10.43,200.8,,0.2422,MEDIUM
"Peppers, bell, red, raw",LOW,LOW,LOW,MEDIUM,LOW,LOW,LOW,6.361,0.3533,10.98,212.7,,0.2023,LOW
"Peppers, bell, yellow, raw",LOW,LOW,LOW,LOW,LOW,LOW,LOW,6.686,0.3596,10.34,197.3,,0.193,LOW
"Pickles, Kosher dill",LOW,LOW,LOW,LOW,LOW,LOW,LOW,49.5,0.1938888888888889,6.894444444444444,107.27777777777777,,0.10555555555555557,LOW
"Pickles, cucumber, dill or kosher dill",LOW,LOW,LOW,LOW,LOW,LOW,LOW,54.0,0.23,7.1,112.0,5.6000000000000005,0.11,LOW
"Pineapple, raw",LOW,LOW,LOW,LOW,LOW,LOW,MEDIUM,12.496666666666666,0.054,13.375555555555556,137.07777777777778,,0.10672222222222222,MEDIUM
"Plantains, black, overripe, peeled, raw",LOW,LOW,LOW,HIGH,MEDIUM,LOW,MEDIUM,3.9,0.31483333333333335,31.733333333333334,408.1666666666667,,0.14916666666666667,LOW
"Plantains, green, unripe, peeled, raw",LOW,LOW,LOW,HIGH,MEDIUM,LOW,LOW,4.831666666666666,0.33416666666666667,29.46666666666667,406.25,,0.18499999999999997,LOW
"Plantains, overripe, raw",LOW,LOW,LOW,HIGH,MEDIUM,LOW,MEDIUM,3.9,0.3148,31.73,408.2,,0.1492,LOW
"Plantains, ripe, raw",LOW,LOW,LOW,MEDIUM,MEDIUM,LOW,LOW,3.825,0.3192,33.93,395.6,,0.1467,LOW
"Plantains, underripe, raw",LOW,LOW,LOW,HIGH,MEDIUM,LOW,LOW,4.832,0.3342,29.47,406.3,,0.185,LOW
"Plantains, yellow, ripe, peeled, raw",LOW,LOW,LOW,MEDIUM,MEDIUM,LOW,LOW,3.8249999999999997,0.31916666666666665,33.93333333333333,395.5833333333333,,0.14666666666666667,LOW
"Plum, black, with skin, pitted, raw",LOW,MEDIUM,LOW,LOW,LOW,LOW,LOW,4.03125,0.0,6.615,186.25,,0.045175,LOW
"Plum, black, with skin, raw",LOW,MEDIUM,LOW,LOW,LOW,LOW,LOW,4.031,0.0,6.615,186.3,,0.04518,LOW
"Pork, belly, with skin, raw",LOW,LOW,LOW,MEDIUM,LOW,MEDIUM,LOW,4.205,0.38167142857142855,12.182857142857143,207.91428571428574,,1.0672857142857144,LOW
"Pork, chop, center cut, raw",LOW,LOW,LOW,MEDIUM,MEDIUM,MEDIUM,LOW,4.123777777777778,0.42125555555555555,23.43777777777778,366.5,,1.325,LOW
"Pork, cured, bacon, cooked, restaurant",LOW,LOW,MEDIUM,HIGH,MEDIUM,HIGH,LOW,13.0,1.28,36.5,557.0,,3.56,LOW
"Pork, ground, raw",LOW,LOW,LOW,MEDIUM,LOW,MEDIUM,LOW,5.857,0.7876,19.03,317.7,,2.226,LOW
"Pork, loin, boneless, raw",LOW,LOW,LOW,MEDIUM,MEDIUM,MEDIUM,LOW,4.111,0.4519,21.96,361.2,,1.57,LOW
"Pork, loin, tenderloin, boneless, raw",LOW,LOW,LOW,MEDIUM,MEDIUM,MEDIUM,LOW,4.528,0.9293,24.66,397.4,,1.773,LOW
"Potatoes, gold, without skin, raw",LOW,LOW,LOW,HIGH,MEDIUM,LOW,LOW,5.942555555555556,0.37275555555555556,22.299999999999997,445.7555555555556,0.27121212121212124,0.37387777777777775,LOW
"Potatoes, red, without skin, raw",LOW,LOW,LOW,HIGH,MEDIUM,LOW,LOW,5.127555555555555,0.39112222222222226,23.56222222222222,472.0,0.37866666666666665,0.3922555555555556,LOW
"Potatoes, russet, without skin, raw",LOW,LOW,LOW,HIGH,MEDIUM,LOW,LOW,7.801222222222222,0.38349999999999995,25.637777777777778,450.1222222222222,0.496,0.37812222222222225,LOW
"Raspberries, raw",LOW,LOW,LOW,LOW,LOW,LOW,LOW,16.41,0.4501,19.15,155.8,,0.2213,LOW
"Restaurant, Chinese, fried rice, without meat",LOW,LOW,LOW,LOW,LOW,LOW,LOW,11.0,0.46,9.7,69.0,,0.69,LOW
"Restaurant, Chinese, sweet and sour pork",LOW,LOW,HIGH,LOW,LOW,MEDIUM,LOW,46.0,3.07,13.0,152.0,14.9,1.07,LOW
"Restaurant, Latino, pupusas con frijoles (pupusas, bean)",LOW,LOW,MEDIUM,MEDIUM,MEDIUM,LOW,LOW,51.0,1.46,53.6,305.0,4.1000000000000005,0.94,LOW
"Restaurant, Latino, tamale, pork",LOW,LOW,LOW,LOW,MEDIUM,MEDIUM,LOW,75.0,0.87,26.2,152.0,3.9499999999999997,1.2,LOW
"Rice, black, unenriched, raw",LOW,LOW,MEDIUM,MEDIUM,HIGH,MEDIUM,LOW,14.399999999999999,1.1163333333333334,113.41111111111111,255.56666666666666,,1.716222222222222,LOW
"Rice, brown, long grain, unenriched, raw",LOW,LOW,MEDIUM,MEDIUM,HIGH,MEDIUM,LOW,8.058,1.242,115.0,250.1,,1.854,LOW
"Rice, red, unenriched, dry, raw",LOW,LOW,MEDIUM,MEDIUM,HIGH,MEDIUM,LOW,9.223777777777777,1.1981111111111111,125.5,245.1222222222222,,2.562555555555556,LOW
"Rice, white, long grain, unenriched, raw",LOW,LOW,LOW,LOW,MEDIUM,MEDIUM,LOW,4.46,0.1405,26.53,82.26,,1.354,LOW
"Ricotta cheese, whole milk",UNKNOWN,LOW,UNKNOWN,UNKNOWN,UNKNOWN,UNKNOWN,LOW,,,,,1.2333333333333334,,LOW
"Romaine Lettuce, Pass 2, Region 1 - Minerals - NFY0105FQ",LOW,MEDIUM,LOW,MEDIUM,LOW,LOW,LOW,28.0,0.85,12.4,240.0,,0.33,LOW
"Romaine Lettuce, Pass 2, Region 1 - Vitamin K - NFY0105GD",UNKNOWN,MEDIUM,UNKNOWN,UNKNOWN,UNKNOWN,UNKNOWN,LOW,,,,,55.5,,LOW
"Romaine Lettuce, Pass 2, Region 2 - Minerals - NFY0105GM",LOW,MEDIUM,MEDIUM,MEDIUM,LOW,LOW,LOW,30.0,1.54,13.9,240.0,,0.19,LOW
"Romaine Lettuce, Pass 2, Region 2 - Vitamin K - NFY0105H7",UNKNOWN,MEDIUM,UNKNOWN,UNKNOWN,UNKNOWN,UNKNOWN,LOW,,,,,64.5,,LOW
"Romaine Lettuce, Pass 2, Region 3 - Minerals - NFY0105HD",LOW,MEDIUM,MEDIUM,MEDIUM,LOW,LOW,LOW,32.0,1.17,11.1,234.0,,0.22,LOW
"Romaine Lettuce, Pass 2, Region 3 - Vitamin K - NFY0105HY",UNKNOWN,MEDIUM,UNKNOWN,UNKNOWN,UNKNOWN,UNKNOWN,LOW,,,,,38.45,,LOW
"Romaine Lettuce, Pass 2, Region 4 - Vitamin K - NFY0105IT",UNKNOWN,MEDIUM,UNKNOWN,UNKNOWN,UNKNOWN,UNKNOWN,LOW,,,,,34.85,,LOW
"Romaine Lettuce, Region 1, n/a, Yes - Minerals - NFY0101Q9",LOW,MEDIUM,LOW,MEDIUM,LOW,LOW,LOW,38.0,0.84,15.2,273.0,,0.25,LOW
"Romaine Lettuce, Region 1, n/a, Yes - Vitamin K - NFY0101QV",UNKNOWN,MEDIUM,UNKNOWN,UNKNOWN,UNKNOWN,UNKNOWN,LOW,,,,,58.0,,LOW
"Romaine Lettuce, Region 2, n/a, Yes - Minerals - NFY0101R6",LOW,MEDIUM,LOW,MEDIUM,LOW,LOW,LOW,42.0,0.64,14.7,272.0,,0.26,LOW
"Romaine Lettuce, Region 2, n/a, Yes - Vitamin K - NFY0101RT",UNKNOWN,MEDIUM,UNKNOWN,UNKNOWN,UNKNOWN,UNKNOWN,LOW,,,,,50.0,,LOW
"Romaine Lettuce, Region 3, n/a, Yes - Minerals - NFY0101S6",LOW,MEDIUM,LOW,MEDIUM,LOW,LOW,LOW,36.0,0.76,13.9,253.0,,0.24,LOW
"Romaine Lettuce, Region 3, n/a, Yes - Vitamin K - NFY0101ST",UNKNOWN,MEDIUM,UNKNOWN,UNKNOWN,UNKNOWN,UNKNOWN,LOW,,,,,54.0,,LOW
"Romaine Lettuce, Region 4, n/a, Yes - Minerals - NFY0101T6",LOW,MEDIUM,LOW,MEDIUM,LOW,LOW,LOW,40.0,0.84,14.4,261.0,,0.27,LOW
"Romaine Lettuce, Region 4, n/a, Yes - Vitamin K - NFY0101TS",UNKNOWN,MEDIUM,UNKNOWN,UNKNOWN,UNKNOWN,UNKNOWN,LOW,,,,,54.5,,LOW
"Rutabaga, peeled, raw",LOW,LOW,LOW,MEDIUM,LOW,LOW,LOW,42.0,0.13725555555555558,15.437777777777777,266.6222222222222,,0.21112222222222224,LOW
"SOY MILK, UNSWEETENED, PLAIN, SHELF STABLE",MEDIUM,LOW,LOW,LOW,MEDIUM,LOW,LOW,101.04743846153846,0.5415615384615384,21.53846153846154,158.21794615384619,,0.3118230769230769,LOW
"SPINACH, BABY",LOW,HIGH,MEDIUM,HIGH,HIGH,LOW,LOW,68.35,1.26125,92.8625,581.75,,0.447125,LOW
"SPINACH, REGULAR (MATURE)",LOW,HIGH,MEDIUM,HIGH,HIGH,LOW,LOW,66.64375,1.0539375,92.9625,459.6875,,0.42293749999999997,LOW
Salsa,LOW,LOW,LOW,MEDIUM,LOW,LOW,LOW,26.166666666666668,0.4466666666666667,15.049999999999999,258.3333333333333,,0.21916666666666665,LOW
"Salt, table, iodized",LOW,LOW,LOW,LOW,LOW,LOW,LOW,50.0,0.0,0.0,2.0,,0.0,LOW
Salt; iodized,LOW,LOW,LOW,LOW,LOW,LOW,LOW,49.708333333333336,0.0,0.0,2.2083333333333335,,0.0,LOW
"Sauce, pasta, spaghetti/marinara, ready-to-serve",LOW,LOW,LOW,MEDIUM,LOW,LOW,LOW,27.0,0.78,18.5,319.0,,0.2,LOW
"Sauce, salsa, ready-to-serve",LOW,LOW,LOW,MEDIUM,LOW,LOW,LOW,28.0,0.42,15.2,258.0,4.2,0.2,LOW
"Sausage, Italian, pork, mild, cooked, pan-fried",LOW,LOW,MEDIUM,MEDIUM,LOW,MEDIUM,LOW,12.0,1.29,18.6,310.0,6.266666666666667,2.41,LOW
"Sausage, breakfast sausage, beef, pre-cooked, unprepared",LOW,HIGH,MEDIUM,MEDIUM,LOW,MEDIUM,LOW,35.0,1.55,19.7,263.0,,2.14,LOW
"Sausage, pork, chorizo, link or ground, cooked, pan-fried",LOW,LOW,MEDIUM,HIGH,MEDIUM,MEDIUM,HIGH,37.0,2.34,30.1,435.0,7.6000000000000005,2.19,LOW
"Sausage, turkey, breakfast links, mild, raw",LOW,LOW,MEDIUM,MEDIUM,LOW,MEDIUM,LOW,32.0,1.17,18.9,310.0,12.333333333333334,2.58,LOW
"Seeds, pumpkin seeds (pepitas), raw",LOW,LOW,HIGH,HIGH,HIGH,HIGH,LOW,37.38,8.363,499.7,691.2,,6.341,LOW
"Seeds, sunflower seed kernels, dry roasted, with salt added",LOW,LOW,HIGH,HIGH,HIGH,HIGH,LOW,78.0,5.21,358.0,689.0,0.8666666666666666,6.0,LOW
"Seeds, sunflower seed, kernel, raw",MEDIUM,LOW,HIGH,HIGH,HIGH,HIGH,LOW,115.6,4.37,301.9,656.8,,5.578,LOW
"Sesame butter, creamy",MEDIUM,LOW,HIGH,HIGH,HIGH,HIGH,LOW,115.8,7.003,356.8,407.7,1.713,6.039,LOW
"Shallots, bulb, peeled, root removed, raw",LOW,LOW,LOW,MEDIUM,LOW,LOW,LOW,26.06222222222222,0.3322555555555555,15.100000000000001,251.5,,0.2816222222222222,LOW
"Sorghum bran, white, unenriched, dry, raw",LOW,LOW,HIGH,HIGH,HIGH,HIGH,LOW,61.662222222222226,14.21,273.5222222222222,851.5,,4.4,LOW
"Sorghum flour, white, pearled, unenriched, dry, raw",LOW,MEDIUM,MEDIUM,MEDIUM,HIGH,MEDIUM,LOW,7.893777777777777,2.2249999999999996,107.01111111111112,273.8777777777778,,1.318111111111111,LOW
"Sorghum grain, white, pearled, unenriched, dry, raw",LOW,MEDIUM,MEDIUM,MEDIUM,HIGH,MEDIUM,LOW,7.449999999999999,2.0362222222222224,108.9,273.93333333333334,,1.2755555555555556,LOW
"Sorghum, whole grain, white, dry, raw",LOW,LOW,HIGH,MEDIUM,HIGH,MEDIUM,LOW,14.925555555555556,3.895,136.0,367.1222222222222,,1.7687777777777778,LOW
"Soy milk, sweetened, plain, refrigerated",MEDIUM,LOW,LOW,LOW,LOW,LOW,LOW,154.8,0.3666,17.46,117.9,0.9333333333333332,0.2636,LOW
"Soy milk, unsweetened, plain, shelf stable",MEDIUM,LOW,LOW,LOW,MEDIUM,LOW,LOW,101.0,0.5416,21.54,158.2,,0.3118,LOW
"Spinach, baby",LOW,HIGH,MEDIUM,HIGH,HIGH,LOW,LOW,68.35,1.261,92.86,581.8,,0.4471,LOW
"Spinach, mature",LOW,HIGH,MEDIUM,HIGH,HIGH,LOW,LOW,66.64,1.054,92.96,459.7,,0.4229,LOW
"Squash, acorn, raw",LOW,LOW,LOW,MEDIUM,MEDIUM,LOW,LOW,24.82,0.30774999999999997,23.75,332.0625,,0.2935,LOW
"Squash, butternut, raw",LOW,LOW,LOW,MEDIUM,LOW,LOW,LOW,21.7375,0.212875,14.945,329.125,,0.193,LOW
"Squash, pie pumpkin, peeled, seeded, raw",LOW,LOW,LOW,HIGH,LOW,LOW,LOW,16.357777777777777,0.06325,12.79888888888889,472.0666666666667,,0.13873333333333332,LOW
"Squash, spaghetti, peeled, seeded, raw",LOW,LOW,LOW,MEDIUM,LOW,LOW,LOW,16.55,0.03125,13.337777777777777,266.93333333333334,,0.1049,LOW
"Squash, summer, green, zucchini, includes skin, raw",LOW,LOW,LOW,MEDIUM,LOW,LOW,LOW,20.85,0.1945,15.29,225.8,,0.2605,LOW
"Squash, summer, yellow, includes skin, raw",LOW,LOW,LOW,MEDIUM,LOW,LOW,LOW,22.69,0.1369,16.84,220.5,,0.203,LOW
"Squash, winter, acorn, raw",LOW,LOW,LOW,MEDIUM,MEDIUM,LOW,LOW,24.82,0.3078,23.75,332.1,,0.2935,LOW
"Squash, winter, butternut, raw",LOW,LOW,LOW,MEDIUM,LOW,LOW,LOW,21.74,0.2129,14.95,329.1,,0.193,LOW
"Squash, yellow, raw",LOW,LOW,LOW,MEDIUM,LOW,LOW,LOW,22.6875,0.13687500000000002,16.8375,220.5,,0.203,LOW
"Squash, zucchini, raw",LOW,LOW,LOW,MEDIUM,LOW,LOW,LOW,20.85,0.1945,15.2875,225.8125,,0.2605,LOW
"Strawberries, Fresh, Pass 2, Region 1, n/a, Yes - Minerals, NFY0108ZD",LOW,LOW,LOW,LOW,LOW,LOW,LOW,4.0,0.17,9.7,41.0,,0.1,LOW
"Strawberries, Fresh, Pass 2, Region 1, n/a, Yes - Vitamin K, NFY010902",UNKNOWN,LOW,UNKNOWN,UNKNOWN,UNKNOWN,UNKNOWN,LOW,,,,,0.85,,LOW
"Strawberries, Fresh, Pass 2, Region 2, n/a, Yes - Minerals, NFY010908",LOW,LOW,LOW,LOW,LOW,LOW,LOW,7.0,0.11,12.0,66.0,,0.11,LOW
"Strawberries, Fresh, Pass 2, Region 2, n/a, Yes - Vitamin K, NFY01090X",UNKNOWN,LOW,UNKNOWN,UNKNOWN,UNKNOWN,UNKNOWN,LOW,,,,,1.0,,LOW
"Strawberries, Fresh, Pass 2, Region 3, n/a, Yes - Minerals, NFY010913",LOW,LOW,LOW,LOW,LOW,LOW,LOW,11.0,0.22,10.8,59.0,,0.22,LOW
"Strawberries, Fresh, Pass 2, Region 3, n/a, Yes - Vitamin K, NFY01091P",UNKNOWN,LOW,UNKNOWN,UNKNOWN,UNKNOWN,UNKNOWN,LOW,,,,,1.0,,LOW
"Strawberries, Fresh, Pass 2, Region 4, n/a, Yes - Minerals, NFY01091Y",LOW,LOW,LOW,LOW,LOW,LOW,LOW,12.0,0.21,13.0,85.0,,0.27,LOW
"Strawberries, Fresh, Pass 2, Region 4, n/a, Yes - Vitamin K, NFY01092K",UNKNOWN,LOW,UNKNOWN,UNKNOWN,UNKNOWN,UNKNOWN,LOW,,,,,1.4,,LOW
"Strawberries, fresh, Region 1, n/a, Yes - Minerals, Se, NF0008IG",LOW,LOW,LOW,LOW,LOW,LOW,LOW,14.0,0.39,11.7,114.0,,0.12,LOW
"Strawberries, fresh, Region 2, n/a, Yes - Minerals, Se, NF0008JD",LOW,LOW,LOW,LOW,LOW,LOW,LOW,14.0,0.35,11.2,109.0,,0.1,LOW
"Strawberries, fresh, Region 3, n/a, Yes - Minerals, Se, NF0008K4",LOW,LOW,LOW,LOW,LOW,LOW,LOW,16.0,0.46,12.3,99.0,,0.23,LOW
"Strawberries, fresh, Region 4, n/a, Yes - Minerals, Se, NF0008L1",LOW,LOW,LOW,LOW,LOW,LOW,LOW,18.0,0.33,13.4,140.0,,0.31,LOW
"Strawberries, raw",LOW,LOW,LOW,LOW,LOW,LOW,LOW,14.45,0.2675,12.16,124.85,1.05,0.147,LOW
"Sugars, granulated",LOW,LOW,LOW,LOW,LOW,LOW,LOW,1.0,0.05,0.3,2.0,,0.01,LOW
Sunflower seeds dry roasted salted,LOW,LOW,HIGH,HIGH,HIGH,HIGH,LOW,77.5,5.206666666666667,358.0,689.1666666666666,,6.005,LOW
"Sunflower seeds, dry roasted, salted - NFY1213G5",UNKNOWN,LOW,UNKNOWN,UNKNOWN,UNKNOWN,UNKNOWN,LOW,,,,,0.0,,LOW
"Sunflower seeds, dry roasted, salted - NFY1213GV",UNKNOWN,LOW,UNKNOWN,UNKNOWN,UNKNOWN,UNKNOWN,LOW,,,,,0.06666666666666667,,LOW
"Sunflower seeds, dry roasted, salted - NFY1213HM",UNKNOWN,LOW,UNKNOWN,UNKNOWN,UNKNOWN,UNKNOWN,LOW,,,,,2.466666666666667,,LOW
"Sweet Potatoes, Orange Flesh, without skin, Raw",LOW,LOW,LOW,HIGH,LOW,LOW,LOW,22.325,0.398,19.1375,486.375,0.05416666666666667,0.337375,MEDIUM
"Sweet potatoes, orange flesh, without skin, raw",LOW,LOW,LOW,HIGH,LOW,LOW,LOW,22.33,0.398,19.14,486.4,0.06666666666666667,0.3374,MEDIUM
"TOMATO JUICE, SHELF STABLE, FROM CONCENTRATE, WITH ADDED INGREDIENTS",LOW,LOW,LOW,LOW,LOW,LOW,LOW,9.744375,0.2988125,10.43,197.5625,,0.10395,MEDIUM
"TOMATOES, GRAPE",LOW,LOW,LOW,MEDIUM,LOW,LOW,LOW,11.0,0.33,11.883333333333333,259.8333333333333,1.4166666666666665,0.20166666666666666,MEDIUM
"TOMATOES, ROMA",LOW,LOW,LOW,LOW,LOW,LOW,LOW,9.963125,0.103125,8.089375,192.8125,,0.08245,MEDIUM
"TURKEY BREAKFAST SAUSAGE, BUTTERBALL",LOW,HIGH,MEDIUM,MEDIUM,LOW,MEDIUM,LOW,63.0,1.27,16.9,232.0,,2.77,LOW
"TURKEY BREAKFAST SAUSAGE, HILLSHIRE SMOKED",LOW,HIGH,MEDIUM,MEDIUM,MEDIUM,MEDIUM,LOW,54.0,1.43,22.9,242.0,,2.23,LOW
"TURKEY BREAKFAST SAUSAGE, HONEYSUCKLE FRESH",LOW,HIGH,MEDIUM,MEDIUM,LOW,MEDIUM,LOW,14.0,1.08,18.3,262.0,,2.45,LOW
"TURKEY BREAKFAST SAUSAGE, HONEYSUCKLE WHITE",LOW,HIGH,MEDIUM,MEDIUM,LOW,MEDIUM,LOW,6.0,1.005,18.05,258.0,,2.285,LOW
"TURKEY BREAKFAST SAUSAGE, JENNIE O - MILD",LOW,LOW,MEDIUM,MEDIUM,LOW,HIGH,LOW,30.5,1.25,17.9,249.5,12.316666666666666,3.0300000000000002,LOW
"TURKEY BREAKFAST SAUSAGE, JIMMY DEAN",LOW,HIGH,MEDIUM,HIGH,MEDIUM,MEDIUM,LOW,54.0,1.07,21.2,728.0,,2.55,LOW
"Tomatillos, dehusked, raw",LOW,LOW,LOW,MEDIUM,LOW,LOW,LOW,7.141222222222222,0.245,13.512222222222222,239.1222222222222,,0.1594111111111111,LOW
"Tomato juice, with added ingredients, from concentrate, shelf stable",LOW,LOW,LOW,LOW,LOW,LOW,LOW,9.744,0.2988,10.43,197.6,,0.104,MEDIUM
"Tomato, paste, canned, without salt added",LOW,LOW,HIGH,HIGH,MEDIUM,LOW,LOW,36.85,3.185,49.61,971.6,,0.5113,MEDIUM
"Tomato, puree, canned",LOW,LOW,MEDIUM,HIGH,LOW,LOW,LOW,17.64,1.237,19.33,416.4,,0.2084,MEDIUM
"Tomato, roma",LOW,LOW,LOW,LOW,LOW,LOW,LOW,9.963,0.1031,8.089,192.8,,0.08245,MEDIUM
"Tomato, sauce, canned, with salt added",LOW,LOW,MEDIUM,MEDIUM,LOW,LOW,LOW,17.1,1.107,18.73,355.5,,0.183,MEDIUM
"Tomatoes, canned",LOW,LOW,LOW,MEDIUM,LOW,LOW,LOW,27.666666666666668,0.5744444444444444,9.972222222222221,205.05555555555554,,0.12055555555555555,MEDIUM
"Tomatoes, canned, red, ripe, diced",LOW,LOW,LOW,LOW,LOW,LOW,LOW,30.0,0.57,9.8,198.0,,0.12,MEDIUM
"Tomatoes, crushed, canned",LOW,LOW,MEDIUM,MEDIUM,LOW,LOW,LOW,19.2,2.268,18.64,345.6,,0.2014,MEDIUM
"Tomatoes, grape, raw",LOW,LOW,LOW,MEDIUM,LOW,LOW,LOW,11.0,0.33,11.9,260.0,1.4000000000000001,0.2,MEDIUM
"Tomatoes, whole, canned, solids and liquids, with salt added",LOW,LOW,LOW,MEDIUM,LOW,LOW,LOW,19.83,0.9291,10.75,202.9,,0.1198,MEDIUM
Tuna; chunk light; canned in water; drained solids,LOW,LOW,MEDIUM,LOW,MEDIUM,LOW,LOW,18.77777777777778,1.7666666666666666,22.883333333333333,172.72222222222223,,0.6255555555555555,LOW
"Turkey, ground, 93% lean, 7% fat, pan-broiled crumbles",LOW,LOW,MEDIUM,MEDIUM,MEDIUM,HIGH,LOW,31.0,1.56,29.1,304.0,,3.77,LOW
"Turkey, ground, 93% lean, 7% fat, raw",LOW,LOW,MEDIUM,MEDIUM,LOW,MEDIUM,LOW,23.625,1.0865,17.3,246.3125,,2.95,LOW
"Turkey, ground, 93% lean/ 7% fat, raw",LOW,LOW,MEDIUM,MEDIUM,LOW,MEDIUM,LOW,23.63,1.087,17.3,246.3,,2.95,LOW
"Vitamin K, American cheese, pasteurized process, KRAFT - NFY090HKG",UNKNOWN,LOW,UNKNOWN,UNKNOWN,UNKNOWN,UNKNOWN,LOW,,,,,9.549999999999999,,LOW
"Vitamin K, American cheese, pasteurized process, LAND-O-LAKES - NFY090J13",UNKNOWN,LOW,UNKNOWN,UNKNOWN,UNKNOWN,UNKNOWN,LOW,,,,,3.95,,LOW
"Vitamin K, Cheddar cheese, sliced, TILLAMOOK (CA2,IN) - NFY120D9W",UNKNOWN,LOW,UNKNOWN,UNKNOWN,UNKNOWN,UNKNOWN,HIGH,,,,,3.633333333333333,,LOW
"Vitamin K, Cheddar cheese, sliced, store brand, LUCERNE SLICED SHARP CHEDDAR NATURAL CHEESE (CO,CA1) - NFY120DDS",UNKNOWN,LOW,UNKNOWN,UNKNOWN,UNKNOWN,UNKNOWN,HIGH,,,,,3.6666666666666665,,LOW
"Vitamin K, Cheese, cheddar, mild, block/chunk KRAFT (KY,NE,NC) - NFY120WWS",UNKNOWN,LOW,UNKNOWN,UNKNOWN,UNKNOWN,UNKNOWN,HIGH,,,,,3.233333333333333,,LOW
"Vitamin K, Cheese, cheddar, mild, block/chunk, store brand, GREAT VALUE (CA1,KY,NE) - NFY120WY7",UNKNOWN,LOW,UNKNOWN,UNKNOWN,UNKNOWN,UNKNOWN,HIGH,,,,,4.466666666666667,,LOW
"Vitamin K, Cheese, cheddar, natural shredded mild, KRAFT (KY,NE,NC) - NFY120WPW",UNKNOWN,LOW,UNKNOWN,UNKNOWN,UNKNOWN,UNKNOWN,HIGH,,,,,3.6,,LOW
"Vitamin K, Cheese, cheddar, natural shredded mild, store brand, GREAT VALUE (CA1,KY,NE) - NFY120WRF",UNKNOWN,LOW,UNKNOWN,UNKNOWN,UNKNOWN,UNKNOWN,HIGH,,,,,3.9333333333333336,,LOW
"Vitamin K, Cheese, cheddar, natural shredded sharp, KRAFT (KY,NE,NC) - NFY120WTE",UNKNOWN,LOW,UNKNOWN,UNKNOWN,UNKNOWN,UNKNOWN,HIGH,,,,,5.3999999999999995,,LOW
"Vitamin K, Cheese, cheddar, natural shredded sharp, store brand, GREAT VALUE (CA1,NE) - NFY120WVY",UNKNOWN,LOW,UNKNOWN,UNKNOWN,UNKNOWN,UNKNOWN,HIGH,,,,,3.5,,LOW
"Vitamin K, Cheese, cheddar, natural shredded sharp, store brand, MY ESSENTIALS (AZ,GA,NC,PA) - NFY120WVE",UNKNOWN,LOW,UNKNOWN,UNKNOWN,UNKNOWN,UNKNOWN,HIGH,,,,,3.6,,LOW
"Vitamin K, Cheese, cheddar, sharp, block/chunk KRAFT (KY,NE) - NFY120WZU",UNKNOWN,LOW,UNKNOWN,UNKNOWN,UNKNOWN,UNKNOWN,HIGH,,,,,4.066666666666666,,LOW
"Vitamin K, Cheese, cheddar, sharp, block/chunk, store brand, GREAT VALUE (CA1,KY,NE) - NFY120X2E",UNKNOWN,LOW,UNKNOWN,UNKNOWN,UNKNOWN,UNKNOWN,HIGH,,,,,3.8000000000000003,,LOW
"Vitamin K, Cheese, dry white, Queso seco, mixed composite (MD, NM) - NFY0901NG",UNKNOWN,LOW,UNKNOWN,UNKNOWN,UNKNOWN,UNKNOWN,LOW,,,,,3.75,,LOW
"Vitamin K, Cheese, dry white, Queso seco, mixed composite (NY, TX-TR) - NFY0901NC",UNKNOWN,LOW,UNKNOWN,UNKNOWN,UNKNOWN,UNKNOWN,LOW,,,,,3.65,,LOW
"Vitamin K, Cheese, string (low-moisture, part-skim mozzarella), BORDEN (CA1,NE,PA) - NFY120XAP",UNKNOWN,LOW,UNKNOWN,UNKNOWN,UNKNOWN,UNKNOWN,LOW,,,,,2.2,,LOW
"Vitamin K, Cheese, string (low-moisture, part-skim mozzarella), FRIGO (AZ,VA) - NFY120X8Q",UNKNOWN,LOW,UNKNOWN,UNKNOWN,UNKNOWN,UNKNOWN,LOW,,,,,2.9333333333333336,,LOW
"Vitamin K, Cheese, string (low-moisture, part-skim mozzarella), FRIGO (KY,CA2) - NFY120X7Z",UNKNOWN,LOW,UNKNOWN,UNKNOWN,UNKNOWN,UNKNOWN,LOW,,,,,3.1999999999999997,,LOW
"Vitamin K, Cheese, string (low-moisture, part-skim mozzarella), KRAFT (IN,TX) - NFY120X4R",UNKNOWN,LOW,UNKNOWN,UNKNOWN,UNKNOWN,UNKNOWN,LOW,,,,,1.5999999999999999,,LOW
"Vitamin K, Cheese, string (low-moisture, part-skim mozzarella), KRAFT (NE) - NFY120X48",UNKNOWN,LOW,UNKNOWN,UNKNOWN,UNKNOWN,UNKNOWN,LOW,,,,,1.5999999999999999,,LOW
"Vitamin K, Cheese, string (low-moisture, part-skim mozzarella), SARGENTO (GA,NJ) - NFY120X77",UNKNOWN,LOW,UNKNOWN,UNKNOWN,UNKNOWN,UNKNOWN,LOW,,,,,2.1,,LOW
"Vitamin K, Cheese, string (low-moisture, part-skim mozzarella), SARGENTO (KY,CA2) - NFY120X5P",UNKNOWN,LOW,UNKNOWN,UNKNOWN,UNKNOWN,UNKNOWN,LOW,,,,,2.5666666666666664,,LOW
"Vitamin K, Cheese, string (low-moisture, part-skim mozzarella), store brand, FOOD CLUB (AZ,IN,NJ) - NFY120XB8",UNKNOWN,LOW,UNKNOWN,UNKNOWN,UNKNOWN,UNKNOWN,LOW,,,,,2.533333333333333,,LOW
"Vitamin K, Cheese, swiss, slices (CA2, CO) - 18c-17-03-VitK",UNKNOWN,LOW,UNKNOWN,UNKNOWN,UNKNOWN,UNKNOWN,LOW,,,,,2.3333333333333335,,LOW
"Vitamin K, Cheese, swiss, slices (CA2, NC) - 18c-16-03-VitK",UNKNOWN,LOW,UNKNOWN,UNKNOWN,UNKNOWN,UNKNOWN,LOW,,,,,2.8333333333333335,,LOW
"Vitamin K, Greek yogurt, CHOBANI PLAIN NON-FAT (AL1,CA1) - NFY09110H",UNKNOWN,LOW,UNKNOWN,UNKNOWN,UNKNOWN,UNKNOWN,MEDIUM,,,,,0.0,,LOW
"Vitamin K, Greek yogurt, DANNON OIKOS PLAIN NON-FAT (AL1,CA1) - NFY091152",UNKNOWN,LOW,UNKNOWN,UNKNOWN,UNKNOWN,UNKNOWN,MEDIUM,,,,,0.0,,LOW
"Vitamin K, Greek yogurt, FAGE PLAIN NONFAT (AL1,CA1) - NFY09112S",UNKNOWN,LOW,UNKNOWN,UNKNOWN,UNKNOWN,UNKNOWN,MEDIUM,,,,,0.0,,LOW
"Vitamin K, Mozzarella cheese, low-moisture, part-skim, KRAFT (IN,NY) - NFY120DIZ",UNKNOWN,LOW,UNKNOWN,UNKNOWN,UNKNOWN,UNKNOWN,LOW,,,,,1.8,,LOW
"Vitamin K, Mozzarella cheese, low-moisture, part-skim, SARGENTO (CO,CT) - NFY120DHC",UNKNOWN,LOW,UNKNOWN,UNKNOWN,UNKNOWN,UNKNOWN,LOW,,,,,1.7333333333333334,,LOW
"Vitamin K, Mustard, yellow, FRENCHS CLASSIC (AL,CA1) - NFY120HYT",UNKNOWN,LOW,UNKNOWN,UNKNOWN,UNKNOWN,UNKNOWN,LOW,,,,,0.43333333333333335,,LOW
"Vitamin K, Mustard, yellow, FRENCHS CLASSIC (MI,OK) - NFY120I0B",UNKNOWN,LOW,UNKNOWN,UNKNOWN,UNKNOWN,UNKNOWN,LOW,,,,,0.4666666666666666,,LOW
"Vitamin K, Mustard, yellow, store brand, GREAT VALUE & GREAT VALUE (AL1,OK1) - NFY120I13",UNKNOWN,LOW,UNKNOWN,UNKNOWN,UNKNOWN,UNKNOWN,LOW,,,,,0.39999999999999997,,LOW
"Vitamin K, Oil, coconut, LOU ANA (CO,CT) - NFY120PD7",UNKNOWN,LOW,UNKNOWN,UNKNOWN,UNKNOWN,UNKNOWN,LOW,,,,,0.19999999999999998,,LOW
"Vitamin K, Parmesan cheese, grated, KRAFT 100% (CO,CT) - NFY120DRT",UNKNOWN,LOW,UNKNOWN,UNKNOWN,UNKNOWN,UNKNOWN,HIGH,,,,,2.766666666666667,,LOW
"Vitamin K, Parmesan cheese, grated, KRAFT 100% (MI,OK) - NFY120DST",UNKNOWN,LOW,UNKNOWN,UNKNOWN,UNKNOWN,UNKNOWN,HIGH,,,,,3.1,,LOW
"Vitamin K, Pickles, kosher dill, spears, CLAUSEN (AL,CA1) - NFY120HO3",UNKNOWN,LOW,UNKNOWN,UNKNOWN,UNKNOWN,UNKNOWN,LOW,,,,,6.666666666666667,,LOW
"Vitamin K, Pickles, kosher dill, spears, CLAUSEN (FL,MO) - NFY120HPB",UNKNOWN,LOW,UNKNOWN,UNKNOWN,UNKNOWN,UNKNOWN,LOW,,,,,6.3999999999999995,,LOW
"Vitamin K, Pickles, kosher dill, spears, VLASIC (AL,CA1) - NFY120HM3",UNKNOWN,LOW,UNKNOWN,UNKNOWN,UNKNOWN,UNKNOWN,LOW,,,,,4.933333333333334,,LOW
"Vitamin K, Pickles, kosher dill, spears, VLASIC (MI,OK) - NFY120HNF",UNKNOWN,LOW,UNKNOWN,UNKNOWN,UNKNOWN,UNKNOWN,LOW,,,,,4.1000000000000005,,LOW
"Vitamin K, Pickles, kosher dill, spears, store brand, KROGER (IN1,MI1) - NFY120HR2",UNKNOWN,LOW,UNKNOWN,UNKNOWN,UNKNOWN,UNKNOWN,LOW,,,,,5.933333333333334,,LOW
"Vitamin K, Pollock, raw (NATIONAL) - NFY060DRD",UNKNOWN,LOW,UNKNOWN,UNKNOWN,UNKNOWN,UNKNOWN,LOW,,,,,0.0,,LOW
"Vitamin K, Pupusas, Bean, flat stuffed corn biscuit (CA-LA) - NFY0901XY",UNKNOWN,LOW,UNKNOWN,UNKNOWN,UNKNOWN,UNKNOWN,LOW,,,,,5.8,,LOW
"Vitamin K, Pupusas, Bean, flat stuffed corn biscuit (MD,NM) - NFY0901WY",UNKNOWN,LOW,UNKNOWN,UNKNOWN,UNKNOWN,UNKNOWN,LOW,,,,,2.45,,LOW
"Vitamin K, Pupusas, Bean, flat stuffed corn biscuit (TX-TR) - NFY0901VY",UNKNOWN,LOW,UNKNOWN,UNKNOWN,UNKNOWN,UNKNOWN,LOW,,,,,4.05,,LOW
"Vitamin K, Salsa, PACE CHUNKY, MEDIUM (CA2,NC) - NFY090KY0",UNKNOWN,LOW,UNKNOWN,UNKNOWN,UNKNOWN,UNKNOWN,LOW,,,,,4.2,,LOW
"Vitamin K, Salsa, PACE CHUNKY, MEDIUM (IN,NY) - NFY090KX3",UNKNOWN,LOW,UNKNOWN,UNKNOWN,UNKNOWN,UNKNOWN,LOW,,,,,4.3,,LOW
"Vitamin K, Salsa, PACE CHUNKY, MEDIUM (MI,OK) - NFY090KZ7",UNKNOWN,LOW,UNKNOWN,UNKNOWN,UNKNOWN,UNKNOWN,LOW,,,,,3.8,,LOW
"Vitamin K, Salsa, TOSTITOS CHUNKY, MEDIUM (CA2,NC) - NFY090KV7",UNKNOWN,LOW,UNKNOWN,UNKNOWN,UNKNOWN,UNKNOWN,LOW,,,,,4.3,,LOW
"Vitamin K, Salsa, TOSTITOS CHUNKY, MEDIUM (IN,NY) - NFY090KUA",UNKNOWN,LOW,UNKNOWN,UNKNOWN,UNKNOWN,UNKNOWN,LOW,,,,,4.6,,LOW
"Vitamin K, Salsa, TOSTITOS CHUNKY, MEDIUM (MI,OK) - NFY090KWE",UNKNOWN,LOW,UNKNOWN,UNKNOWN,UNKNOWN,UNKNOWN,LOW,,,,,4.0,,LOW
"Vitamin K, Sweet And Sour Pork, Chinese restaurant (CA2,NC1) - NFY0903K0",UNKNOWN,LOW,UNKNOWN,UNKNOWN,UNKNOWN,UNKNOWN,LOW,,,,,12.4,,LOW
"Vitamin K, Sweet And Sour Pork, Chinese restaurant (IN1,NY1) - NFY0903IQ",UNKNOWN,LOW,UNKNOWN,UNKNOWN,UNKNOWN,UNKNOWN,LOW,,,,,18.0,,LOW
"Vitamin K, Sweet And Sour Pork, Chinese restaurant (VA2,WV) - NFY0903LA",UNKNOWN,LOW,UNKNOWN,UNKNOWN,UNKNOWN,UNKNOWN,LOW,,,,,14.450000000000001,,LOW
"Vitamin K, Tamale, Pork (CA-LA,CA-SD) - NFY0902B0",UNKNOWN,LOW,UNKNOWN,UNKNOWN,UNKNOWN,UNKNOWN,LOW,,,,,5.15,,LOW
"Vitamin K, Tamale, Pork (TX-TR) - NFY09028O",UNKNOWN,LOW,UNKNOWN,UNKNOWN,UNKNOWN,UNKNOWN,LOW,,,,,2.8,,LOW
"Whole eggs, dried",MEDIUM,LOW,HIGH,HIGH,MEDIUM,HIGH,LOW,227.0,7.236666666666666,46.34444444444445,470.8888888888889,,5.111111111111111,LOW
"Wild rice, dry, raw",LOW,LOW,MEDIUM,MEDIUM,HIGH,HIGH,LOW,7.972555555555555,1.53,108.52222222222223,298.7555555555556,,5.845,LOW
"Yogurt, Greek, plain, nonfat",MEDIUM,LOW,LOW,LOW,LOW,LOW,MEDIUM,111.0,0.07,10.7,141.0,0.0,0.53,LOW
"Yogurt, Greek, plain, whole milk",MEDIUM,LOW,LOW,LOW,LOW,LOW,MEDIUM,110.9,0.0,10.7,146.9,0.39999999999999997,0.473,LOW
"Yogurt, Greek, strawberry, nonfat",LOW,LOW,LOW,LOW,LOW,LOW,MEDIUM,97.0,0.09,10.4,133.0,,0.46,MEDIUM
"Yogurt, Greek, whole milk, plain",MEDIUM,LOW,LOW,LOW,LOW,LOW,MEDIUM,110.85,0.0,10.69875,146.875,0.37916666666666665,0.473,LOW
"Yogurt, plain, nonfat",MEDIUM,LOW,LOW,MEDIUM,LOW,LOW,MEDIUM,167.4,0.0,15.21,210.5,,0.5989,LOW
"Yogurt, plain, whole milk",MEDIUM,LOW,LOW,LOW,LOW,LOW,MEDIUM,126.8,0.0,11.45,164.1,0.3666666666666667,0.4283,LOW
"Yogurt, whole milk, plain",MEDIUM,LOW,LOW,LOW,LOW,LOW,MEDIUM,126.8125,0.0,11.446875,164.125,0.3666666666666667,0.42825,LOW
"almond butter, creamy",MEDIUM,LOW,HIGH,HIGH,HIGH,HIGH,LOW,263.75,4.1075,267.75,745.375,0.0,3.1774999999999998,LOW
"almond milk, refrigerated, unsweetened",MEDIUM,LOW,LOW,LOW,LOW,LOW,LOW,157.53285714285715,0.12467857142857143,8.248571428571427,49.271428571428565,0.0,0.07660714285714286,LOW
"amaranth, flour",MEDIUM,LOW,HIGH,MEDIUM,HIGH,HIGH,LOW,135.225,7.5600000000000005,232.65,395.8125,,3.00125,LOW
"applesauce, unsweetened, with vit C added",LOW,LOW,LOW,LOW,LOW,LOW,LOW,3.820625,0.04475,3.9375,107.675,,0.002625,LOW
"barley, flour",LOW,LOW,HIGH,MEDIUM,HIGH,MEDIUM,LOW,35.5625,3.30125,88.0375,366.5625,,2.14375,LOW
"beans, black, canned, sodium added",LOW,LOW,MEDIUM,MEDIUM,MEDIUM,LOW,LOW,43.3125,1.6875,32.5375,253.125,,0.7398750000000001,LOW
"beans, blackeye pea, canned, sodium added",LOW,MEDIUM,MEDIUM,LOW,MEDIUM,LOW,LOW,27.775,1.084125,27.2625,138.0625,,0.655,LOW
"beans, cannellini, canned, sodium added",LOW,LOW,MEDIUM,MEDIUM,MEDIUM,LOW,LOW,69.1875,1.405,29.287499999999998,202.5625,,0.5155,LOW
"beans, cannellini, dry",MEDIUM,LOW,HIGH,HIGH,HIGH,MEDIUM,LOW,142.9375,6.672499999999999,153.625,1424.375,,2.7199999999999998,LOW
"beans, chick peas/garbanzos, canned, sodium added",LOW,MEDIUM,MEDIUM,LOW,MEDIUM,LOW,LOW,40.475,1.041625,28.4125,136.8125,,0.7242500000000001,LOW
"beans, chickpeas/garbanzos, dry",MEDIUM,MEDIUM,HIGH,HIGH,HIGH,HIGH,LOW,111.0875,5.09375,134.8125,1073.5,,3.12375,LOW
"beans, great northern, canned, sodium added",LOW,LOW,MEDIUM,MEDIUM,MEDIUM,LOW,LOW,67.1625,1.3817499999999998,29.3,213.0625,,0.634875,LOW
"beans, kidney, dark red, canned, sodium added, sugar added",LOW,LOW,MEDIUM,MEDIUM,MEDIUM,LOW,LOW,56.9375,1.43875,29.3125,226.9375,,0.56,LOW
"beans, kidney, light red, canned, sodium added, sugar added",LOW,LOW,MEDIUM,MEDIUM,MEDIUM,LOW,LOW,60.25,1.305,25.4875,209.375,,0.526,LOW
"beans, navy, canned, sodium added",LOW,LOW,MEDIUM,LOW,MEDIUM,LOW,LOW,63.912499999999994,1.59875,29.5625,183.6875,,0.63125,LOW
"beans, pinto, canned, sodium added",LOW,LOW,MEDIUM,MEDIUM,MEDIUM,LOW,LOW,55.225,1.28375,27.4875,209.625,,0.62475,LOW
"beef, chuck, roast, boneless",LOW,LOW,MEDIUM,MEDIUM,LOW,HIGH,LOW,4.57625,2.05875,16.9875,281.0625,,5.38625,LOW
"beef, flank steak",LOW,LOW,MEDIUM,MEDIUM,LOW,HIGH,LOW,3.83625,1.83375,18.8625,331.8125,,5.5625,LOW
"beef, ribeye steak, boneless",LOW,LOW,MEDIUM,MEDIUM,LOW,HIGH,LOW,4.1725,1.6412499999999999,16.675,288.0,,4.0625,LOW
"beef, top round, boneless",LOW,LOW,MEDIUM,MEDIUM,MEDIUM,HIGH,LOW,4.07,1.90125,22.075,351.5,,3.7775,LOW
"blackeye pea, dry",LOW,MEDIUM,HIGH,HIGH,HIGH,HIGH,LOW,71.4,5.93,183.9375,1243.125,,3.65375,LOW
"blueberries, fresh, raw",LOW,LOW,LOW,LOW,LOW,LOW,LOW,11.692499999999999,0.33975,6.17875,85.6375,,0.08534375,LOW
"brazil nuts, raw",MEDIUM,LOW,MEDIUM,HIGH,HIGH,HIGH,LOW,167.8125,2.47375,351.3125,592.5,,3.82375,LOW
"brown rice, long grain, unenriched",LOW,LOW,MEDIUM,MEDIUM,HIGH,MEDIUM,LOW,8.057500000000001,1.2422499999999999,115.0,250.0625,,1.85375,LOW
"buckwheat, flour",LOW,LOW,HIGH,MEDIUM,HIGH,MEDIUM,LOW,30.55,3.8400000000000003,167.4375,378.0625,,1.755375,LOW
"buckwheat, whole grain",LOW,LOW,MEDIUM,HIGH,HIGH,MEDIUM,LOW,13.637500000000001,2.44375,203.0,414.5,,2.23625,LOW
"cabbage, green, raw",LOW,LOW,LOW,MEDIUM,LOW,LOW,LOW,41.8375,0.06625,13.8625,207.0625,19.804166666666667,0.21115,LOW
"cabbage, red, raw",LOW,LOW,LOW,MEDIUM,LOW,LOW,LOW,30.9875,0.0,13.3,269.125,10.758333333333333,0.245,LOW
"carrots, baby, raw, peeled",LOW,LOW,LOW,MEDIUM,LOW,LOW,LOW,42.23125,0.088,11.055,237.25,,0.15965000000000001,LOW
"carrots, mature, raw",LOW,LOW,LOW,MEDIUM,LOW,LOW,LOW,30.48125,0.150375,12.45125,279.5625,,0.236375,LOW
"cashews, raw",LOW,MEDIUM,HIGH,HIGH,HIGH,HIGH,LOW,41.949999999999996,5.9875,250.625,638.25,,5.07125,LOW
cassava flour,LOW,LOW,HIGH,LOW,MEDIUM,LOW,LOW,74.55,3.98775,33.5575,197.6125,,0.409875,LOW
"catfish, farm raised, raw, skin removed",LOW,LOW,LOW,MEDIUM,MEDIUM,LOW,LOW,7.79625,0.0,20.625,292.3125,,0.47487500000000005,LOW
"celery, raw",LOW,LOW,LOW,MEDIUM,LOW,LOW,LOW,46.275,0.0,10.932500000000001,265.1875,,0.09290000000000001,LOW
chestnut flour,LOW,LOW,MEDIUM,HIGH,HIGH,MEDIUM,LOW,55.8125,1.62125,68.75,1031.875,,1.03775,LOW
"chicken, breast, boneless, skinless",LOW,LOW,LOW,MEDIUM,MEDIUM,LOW,LOW,3.9387499999999998,0.35425,26.2,330.125,,0.6545,LOW
"chicken, thighs, boneless, skinless",LOW,LOW,LOW,MEDIUM,MEDIUM,MEDIUM,LOW,5.65,0.60175,21.8,271.8125,,1.3475000000000001,LOW
coconut flour,LOW,LOW,HIGH,HIGH,HIGH,HIGH,LOW,35.975,8.0175,247.6875,2087.5,,3.6975,LOW
"cod, Atlantic, wild caught, raw, skin removed",LOW,LOW,LOW,MEDIUM,LOW,LOW,LOW,6.59,0.065,17.975,245.125,,0.305125,LOW
cotija (solid),HIGH,LOW,LOW,LOW,MEDIUM,HIGH,LOW,699.5714285714286,0.0,29.900000000000002,116.72857142857143,,3.597142857142857,LOW
"cottage cheese, 4% milkfat, large curd",MEDIUM,LOW,LOW,LOW,LOW,LOW,MEDIUM,101.2,0.0,10.5,137.0,0.43333333333333335,0.5665,LOW
"cottage cheese, 4% milkfat, small curd",LOW,LOW,LOW,LOW,LOW,LOW,MEDIUM,85.0375,0.0,8.86125,120.1875,0.5125000000000001,0.425625,LOW
"crab, blue swimming, lump, pasteurized, refrigerated",MEDIUM,LOW,LOW,MEDIUM,MEDIUM,HIGH,LOW,110.8875,0.631875,43.075,234.75,,3.4775,LOW
"cream cheese, block, full fat",LOW,LOW,LOW,LOW,LOW,LOW,LOW,97.1125,0.0,8.91375,124.8125,4.070833333333334,0.589125,LOW
"cucumber, with skin, raw",LOW,LOW,LOW,LOW,LOW,LOW,LOW,16.3375,0.0,10.105,169.625,8.0,0.2039625,LOW
"flour, 00",LOW,LOW,LOW,LOW,MEDIUM,LOW,LOW,18.675,0.9862500000000001,25.8,135.5,,0.791,LOW
"flour, semolina, fine",LOW,LOW,MEDIUM,MEDIUM,MEDIUM,MEDIUM,LOW,19.7625,2.430625,46.275,207.75,,1.2395,LOW
"flour, spelt, whole grain",LOW,LOW,HIGH,MEDIUM,HIGH,HIGH,LOW,30.0375,3.769375,123.775,349.8125,,3.5912499999999996,LOW
fresco (solid),HIGH,LOW,LOW,LOW,MEDIUM,MEDIUM,LOW,601.75,0.0,27.6375,126.375,,2.9074999999999998,LOW
"grapes, green, seedless, fresh, raw",LOW,MEDIUM,LOW,MEDIUM,LOW,LOW,LOW,9.896875,0.199125,7.1175,218.0625,,0.0267375,LOW
"grapes, red, seedless, fresh, raw",LOW,MEDIUM,LOW,MEDIUM,LOW,LOW,LOW,10.1675,0.1615,8.55625,229.4375,,0.03603125,LOW
ground flaxseed meal,MEDIUM,LOW,HIGH,HIGH,HIGH,HIGH,LOW,229.875,5.7775,372.0625,793.4375,3.675,4.738125,LOW
"hazelnuts, raw",MEDIUM,LOW,HIGH,HIGH,HIGH,MEDIUM,LOW,134.7,3.465,155.8125,635.9375,,2.33375,LOW
heavy cream,LOW,LOW,LOW,LOW,LOW,LOW,LOW,61.2125,0.0,5.97375,96.9375,3.7583333333333333,0.223125,LOW
"lentils, brown, dry",LOW,LOW,HIGH,HIGH,HIGH,HIGH,LOW,61.4,7.19,108.0,968.0,,4.33,LOW
"lentils, dry",LOW,LOW,HIGH,HIGH,HIGH,HIGH,LOW,61.91428571428572,7.152857142857143,106.5,946.1428571428571,,3.795714285714286,LOW
"macadamia nuts, raw",LOW,LOW,MEDIUM,MEDIUM,HIGH,MEDIUM,LOW,52.7125,1.88125,106.775,372.625,,1.1997499999999999,LOW
"millet, whole grain",LOW,LOW,MEDIUM,MEDIUM,HIGH,MEDIUM,LOW,9.105,2.53375,105.4875,214.125,,2.2575,LOW
"monterey jack cheese, block",HIGH,LOW,LOW,LOW,MEDIUM,HIGH,LOW,714.625,0.0,29.6,82.9375,,3.785,LOW
"mushrooms, crimini",LOW,LOW,LOW,MEDIUM,LOW,LOW,LOW,4.105,0.3115,10.25,380.3333333333333,,0.5123333333333333,LOW
"mushrooms, enoki",LOW,LOW,MEDIUM,HIGH,LOW,LOW,LOW,1.4316666666666666,1.2746666666666666,12.841666666666667,402.3333333333333,,0.48150000000000004,LOW
"mushrooms, hon-shimiji (beech), white",LOW,LOW,LOW,MEDIUM,LOW,LOW,LOW,0.4325,0.73875,10.48625,375.875,,0.49775,LOW
"mushrooms, king oyster",LOW,LOW,LOW,MEDIUM,LOW,LOW,LOW,0.0,0.338125,13.5125,294.5,,0.625375,LOW
"mushrooms, maitake",LOW,LOW,LOW,MEDIUM,LOW,LOW,LOW,0.0,0.208875,11.0425,260.0,,0.762875,LOW
"mushrooms, pioppini",LOW,LOW,LOW,MEDIUM,LOW,LOW,LOW,0.0,0.486,15.9875,392.4375,,0.8573125,LOW
"mushrooms, portabella",LOW,LOW,LOW,MEDIUM,LOW,LOW,LOW,3.235,0.139,9.036666666666667,349.25,,0.38875,LOW
"oat milk, refrigerated, unsweetened",MEDIUM,LOW,LOW,LOW,LOW,LOW,LOW,148.54375,0.26115625,5.90875,148.4,0.12083333333333333,0.09061875,LOW
oaxaca ,HIGH,LOW,LOW,LOW,MEDIUM,HIGH,LOW,532.25,0.0,21.575,80.725,,3.5062499999999996,LOW
"pawpaw, peeled, seeded, raw",LOW,LOW,LOW,MEDIUM,LOW,LOW,LOW,9.91,0.07471428571428572,10.608571428571427,220.85714285714286,,0.08485714285714285,LOW
"peanut butter, creamy",LOW,LOW,MEDIUM,HIGH,HIGH,HIGH,LOW,49.85,1.853125,192.625,654.0,0.0,3.061875,LOW
"peanuts, raw",LOW,MEDIUM,MEDIUM,HIGH,HIGH,MEDIUM,LOW,49.125,1.55375,179.6875,635.5625,,2.78,LOW
"peas, green, sweet, canned, sodium added, sugar added",LOW,MEDIUM,MEDIUM,LOW,MEDIUM,LOW,LOW,28.2125,1.138625,21.9125,109.2375,,0.712,LOW
"peppers, bell, green, raw",LOW,LOW,LOW,LOW,LOW,LOW,LOW,7.4956249999999995,0.1860625,9.004375,163.125,,0.12558750000000002,LOW
"peppers, bell, orange, raw",LOW,LOW,LOW,LOW,LOW,LOW,LOW,4.751875,0.3205625,9.55875,195.9375,,0.2254375,MEDIUM
"peppers, bell, orange, raw, mini ",LOW,LOW,LOW,MEDIUM,LOW,LOW,LOW,6.08,0.722,17.4,240.0,,0.376,MEDIUM
"peppers, bell, red, raw",LOW,LOW,LOW,LOW,LOW,LOW,LOW,6.2775,0.34175,10.2275,193.25,,0.18687499999999999,LOW
"peppers, bell, red, raw, mini ",LOW,LOW,LOW,MEDIUM,LOW,LOW,LOW,7.025,0.446,17.0,368.5,,0.3255,LOW
"peppers, bell, yellow, raw",LOW,LOW,LOW,LOW,LOW,LOW,LOW,6.836875,0.3390625,9.58625,192.8125,,0.1745,LOW
"peppers, bell, yellow, raw, mini ",LOW,LOW,LOW,MEDIUM,LOW,LOW,LOW,5.48,0.524,16.4,233.0,,0.341,LOW
"pistachio nuts, raw",MEDIUM,MEDIUM,HIGH,HIGH,HIGH,MEDIUM,LOW,117.36875,3.45625,109.6875,947.25,,2.17625,LOW
"pork, ground, raw",LOW,LOW,LOW,MEDIUM,LOW,MEDIUM,LOW,5.857142857142857,0.7875714285714286,19.02857142857143,317.7142857142857,,2.2257142857142855,LOW
"pork, loin, boneless",LOW,LOW,LOW,MEDIUM,MEDIUM,MEDIUM,LOW,4.11125,0.451875,21.9625,361.1875,,1.57,LOW
"pork, tenderloin, boneless",LOW,LOW,LOW,MEDIUM,MEDIUM,MEDIUM,LOW,4.5275,0.92925,24.6625,397.375,,1.7725,LOW
"provolone cheese, sliced, non-smoked",HIGH,LOW,LOW,LOW,MEDIUM,HIGH,LOW,745.3333333333334,0.0,28.96666666666667,93.75,,3.9516666666666667,LOW
"provolone cheese, sliced, smoked",HIGH,LOW,LOW,LOW,MEDIUM,HIGH,LOW,759.0,0.0,31.1,98.1,,3.705,LOW
"pumpkin seeds (pepitas), raw",LOW,LOW,HIGH,HIGH,HIGH,HIGH,LOW,37.375,8.3625,499.6875,691.1875,,6.3412500000000005,LOW
"quinoa, flour",LOW,LOW,HIGH,HIGH,HIGH,MEDIUM,LOW,37.5625,4.5275,163.8125,550.9375,,2.77,LOW
"raspberries, fresh, raw",LOW,LOW,LOW,LOW,LOW,LOW,LOW,16.40625,0.450125,19.15,155.75,,0.2213125,LOW
"rye, flour",LOW,LOW,MEDIUM,HIGH,HIGH,MEDIUM,LOW,32.2375,2.53625,95.3875,434.0,,2.3275,LOW
"salmon, Atlantic, farm raised, raw, skin removed",LOW,LOW,LOW,MEDIUM,MEDIUM,LOW,LOW,9.4225,0.25875,25.3875,378.1875,,0.339375,LOW
"salmon, sockeye, wild caught, raw, skin removed",LOW,LOW,LOW,MEDIUM,MEDIUM,LOW,LOW,14.8375,0.402375,26.15,329.6875,,0.424625,LOW
"sesame seed butter (tahini), creamy",MEDIUM,LOW,HIGH,HIGH,HIGH,HIGH,LOW,115.8375,7.0025,356.75,407.6875,1.7125,6.03875,LOW
"shrimp, farm raised, raw, tail off, head off, shell removed, not deveined, 21/25 count",LOW,LOW,LOW,LOW,MEDIUM,LOW,LOW,75.4,0.276,21.2,130.0,,0.952,LOW
"shrimp, farm raised, raw, tail off, head off, shell removed, not deveined, 26/30 count",LOW,LOW,LOW,LOW,MEDIUM,LOW,LOW,54.35,0.1595,22.25,136.8,,0.896,LOW
"shrimp, farm raised, raw, tail off, head off, shell removed, not deveined, 31/40 count",LOW,LOW,LOW,LOW,LOW,LOW,LOW,29.8,0.468,16.0,68.7,,0.816,LOW
"shrimp, farm raised, raw, tail off, head off, shell removed, not deveined, 36/40 count",MEDIUM,LOW,MEDIUM,MEDIUM,MEDIUM,MEDIUM,LOW,119.0,2.52,32.8,291.0,,1.19,LOW
"sorghum, flour",LOW,LOW,HIGH,MEDIUM,HIGH,MEDIUM,LOW,11.41125,3.720875,116.3875,335.0625,,1.66025,LOW
"sour cream, full fat",MEDIUM,LOW,LOW,LOW,LOW,LOW,LOW,107.175,0.0,10.11375,153.8125,2.1375,0.391875,LOW
"soy milk, refrigerated, sweetened",MEDIUM,LOW,LOW,LOW,LOW,LOW,LOW,154.75,0.36664285714285716,17.460714285714285,117.89285714285714,0.9476190476190476,0.2636071428571429,LOW
"strawberries, fresh, raw",LOW,LOW,LOW,LOW,LOW,LOW,LOW,16.9,0.255,12.515,160.6875,,0.11399374999999999,LOW
"sunflower seed kernels, raw",MEDIUM,LOW,HIGH,HIGH,HIGH,HIGH,LOW,115.55,4.37,301.875,656.8125,,5.5775,LOW
"tilapia, farm raised, raw, skin removed",LOW,LOW,LOW,MEDIUM,MEDIUM,LOW,LOW,8.6275,0.0,24.275,342.4375,,0.2995,LOW
"tomato, paste, canned, double- concentrated, without salt added",LOW,LOW,MEDIUM,HIGH,MEDIUM,LOW,LOW,55.2,2.26,52.9,1230.0,,0.668,MEDIUM
"tomato, paste, canned, without salt added",LOW,LOW,HIGH,HIGH,MEDIUM,LOW,LOW,34.228571428571435,3.317142857142857,49.142857142857146,934.7142857142857,,0.4888571428571429,MEDIUM
"tomato, puree, canned, no salt added",LOW,LOW,MEDIUM,MEDIUM,LOW,LOW,LOW,17.442857142857143,1.2965714285714287,18.67142857142857,399.42857142857144,,0.2032857142857143,MEDIUM
"tomato, puree, canned, salt added",LOW,LOW,LOW,HIGH,MEDIUM,LOW,LOW,19.0,0.816,23.9,535.0,,0.244,MEDIUM
"tomato, sauce, canned, with salt added",LOW,LOW,MEDIUM,MEDIUM,LOW,LOW,LOW,17.1,1.106875,18.725,355.5,,0.183,MEDIUM
"tomatoes, crushed, canned, no salt added",LOW,LOW,MEDIUM,MEDIUM,LOW,LOW,LOW,14.3,2.19,19.9,313.5,,0.21,MEDIUM
"tomatoes, crushed, canned, salt added",LOW,LOW,MEDIUM,MEDIUM,LOW,LOW,LOW,19.900000000000002,2.278571428571429,18.457142857142856,350.14285714285717,,0.20014285714285715,MEDIUM
"tomatoes, whole, canned, solids and liquids, with salt added",LOW,LOW,LOW,MEDIUM,LOW,LOW,LOW,19.8275,0.929125,10.75125,202.9375,,0.1198,MEDIUM
"white rice, long grain, unenriched",LOW,LOW,LOW,LOW,MEDIUM,MEDIUM,LOW,4.46,0.1405,26.525,82.2625,,1.353625,LOW
"yogurt, plain, nonfat",MEDIUM,LOW,LOW,MEDIUM,LOW,LOW,MEDIUM,167.375,0.0,15.2125,210.5,,0.598875,LOW
