head	relation	tail
Tannase	inhibits	Solute carrier organic anion transporter family member 1B3
Tannase	inhibits	Solute carrier organic anion transporter family member 1B1
Tannase	inhibits	Cytochrome P450 3A4
Ellagic acid	inhibits	Solute carrier organic anion transporter family member 1B1
Ellagic acid	inhibits	Solute carrier organic anion transporter family member 1B3
1,2,3,4-Tetrahydro-beta-carboline	inhibits	Solute carrier organic anion transporter family member 1B1
1,2,3,4-Tetrahydro-beta-carboline	inhibits	Solute carrier organic anion transporter family member 1B3
Tryptamine	inhibits	Solute carrier organic anion transporter family member 1B3
Tryptamine	inhibits	Solute carrier organic anion transporter family member 1B1
Imipramine	inhibits	Cytochrome P450 2D6
Diazepam	inhibits	Solute carrier organic anion transporter family member 1B1
Estrogen	inhibits	Cytochrome P450 3A4
Diethylstilbesterol	inhibits	Cytochrome P450 3A4
Estrogen	inhibits	Solute carrier organic anion transporter family member 1B1
Diethylstilbesterol	inhibits	Solute carrier organic anion transporter family member 1B1
Xanthotoxin	inhibits	Cytochrome P450 2C19
Xanthotoxin	inhibits	Cytochrome P450 3A4
Xanthotoxin	inhibits	Cytochrome P450 2D6
Xanthotoxin	inhibits	Cytochrome P450 1A2
Xanthotoxin	inhibits	Solute carrier organic anion transporter family member 1B1
Xanthotoxin	inhibits	Solute carrier organic anion transporter family member 1B3
Xanthotoxin	inhibits	Cytochrome P450 1A1
Verapamil	inhibits	ATP-dependent translocase ABCB1
Verapamil	inhibits	Cytochrome P450 3A4
coumarin	inhibits	Solute carrier organic anion transporter family member 1B1
coumarin	inhibits	Solute carrier organic anion transporter family member 1B3
Atenolol	inhibits	Solute carrier organic anion transporter family member 1B1
Atenolol	inhibits	Solute carrier organic anion transporter family member 1B3
Acetylsalicylic acid	inhibits	Solute carrier organic anion transporter family member 1B3
Propranolol	inhibits	Cytochrome P450 2D6
Propranolol	inhibits	Cytochrome P450 1A2
Propranolol	inhibits	Cytochrome P450 3A4
Propranolol	inhibits	Cytochrome P450 2C19
Propranolol	inhibits	Cytochrome P450 2C8
Propranolol	inhibits	Cytochrome P450 2C9
Benzamide	inhibits	Cytochrome P450 2C19
Benzamide	inhibits	Cytochrome P450 3A4
Apigenin	inhibits	Cytochrome P450 1A2
Apigenin	inhibits	Cytochrome P450 1A1
Apigenin	inhibits	Cytochrome P450 1B1
Apigenin	inhibits	Cytochrome P450 2C19
Apigenin	inhibits	Cytochrome P450 3A4
Apigenin	inhibits	Cytochrome P450 2C9
Apigenin	inhibits	Solute carrier organic anion transporter family member 1B3
Apigenin	inhibits	Solute carrier organic anion transporter family member 1B1
Poly(divinylbenzene-co-trimethyl(vinylbenzyl)ammonium chloride)	inhibits	Solute carrier organic anion transporter family member 1B1
Poly(divinylbenzene-co-trimethyl(vinylbenzyl)ammonium chloride)	inhibits	Solute carrier organic anion transporter family member 1B3
Poly(divinylbenzene-co-trimethyl(vinylbenzyl)ammonium chloride)	inhibits	Cytochrome P450 3A4
Hydrochlorothiazide	inhibits	Cytochrome P450 2C9
Hydrochlorothiazide	inhibits	Solute carrier organic anion transporter family member 1B1
Hydrochlorothiazide	inhibits	Solute carrier organic anion transporter family member 1B3
Frusemide	inhibits	Solute carrier organic anion transporter family member 1B3
Frusemide	inhibits	Solute carrier organic anion transporter family member 1B1
Kojic acid	inhibits	Solute carrier organic anion transporter family member 1B1
Kojic acid	inhibits	Solute carrier organic anion transporter family member 1B3
1,3-Benzenediol	inhibits	Cytochrome P450 3A4
1,3-Benzenediol	inhibits	Solute carrier organic anion transporter family member 1B1
1,3-Benzenediol	inhibits	Solute carrier organic anion transporter family member 1B3
(2E,6E)-Farnesol	inhibits	Solute carrier organic anion transporter family member 1B1
Farnesol	inhibits	Solute carrier organic anion transporter family member 1B1
(2E,6E)-Farnesol	inhibits	Solute carrier organic anion transporter family member 1B3
Farnesol	inhibits	Solute carrier organic anion transporter family member 1B3
Choline chloride	inhibits	Solute carrier organic anion transporter family member 1B3
Choline chloride	inhibits	Solute carrier organic anion transporter family member 1B1
Finasteride	inhibits	Cytochrome P450 3A4
Finasteride	inhibits	Cytochrome P450 2C19
Finasteride	inhibits	Cytochrome P450 2C9
Dimethyl sulfone	inhibits	Solute carrier organic anion transporter family member 1B3
Dimethyl sulfone	inhibits	Solute carrier organic anion transporter family member 1B1
Olanzapine	inhibits	Cytochrome P450 2D6
Ethylenediaminetetraacetic acid	inhibits	Solute carrier organic anion transporter family member 1B3
Ethylenediaminetetraacetic acid	inhibits	Solute carrier organic anion transporter family member 1B1
Berberine	inhibits	Cytochrome P450 2D6
Berberine	inhibits	Cytochrome P450 1B1
Valdecoxib	inhibits	Solute carrier organic anion transporter family member 1B3
Valdecoxib	inhibits	Solute carrier organic anion transporter family member 1B1
Guaifenesin	inhibits	Solute carrier organic anion transporter family member 1B3
Guaifenesin	inhibits	Solute carrier organic anion transporter family member 1B1
3,4-Dimethoxybenzoic acid	inhibits	Solute carrier organic anion transporter family member 1B3
3,4-Dimethoxybenzoic acid	inhibits	Solute carrier organic anion transporter family member 1B1
Lisinopril	inhibits	Solute carrier organic anion transporter family member 1B1
Lisinopril	inhibits	Solute carrier organic anion transporter family member 1B3
Azelaic acid	inhibits	Solute carrier organic anion transporter family member 1B3
Azelaic acid	inhibits	Solute carrier organic anion transporter family member 1B1
Benzyl benzoate	inhibits	Solute carrier organic anion transporter family member 1B1
Benzyl benzoate	inhibits	Solute carrier organic anion transporter family member 1B3
Estriol	inhibits	Solute carrier organic anion transporter family member 1B1
Estriol	inhibits	Solute carrier organic anion transporter family member 1B3
Medroxyprogesterone	inhibits	Cytochrome P450 2C19
p,p'-DDE	inhibits	Cytochrome P450 3A4
p,p'-DDE	inhibits	Solute carrier organic anion transporter family member 1B1
p,p'-DDE	inhibits	Solute carrier organic anion transporter family member 1B3
Latex	inhibits	Cytochrome P450 2C19
Latex	inhibits	Solute carrier organic anion transporter family member 1B1
Latex	inhibits	Solute carrier organic anion transporter family member 1B3
6-hydroxy-1-methyl-1,2,3,4-tetrahydro-beta-carboline	inhibits	Cytochrome P450 3A4
6-hydroxy-1-methyl-1,2,3,4-tetrahydro-beta-carboline	inhibits	ATP-dependent translocase ABCB1
6-hydroxy-1-methyl-1,2,3,4-tetrahydro-beta-carboline	inhibits	Solute carrier organic anion transporter family member 1B3
6-hydroxy-1-methyl-1,2,3,4-tetrahydro-beta-carboline	inhibits	Solute carrier organic anion transporter family member 1B1
Dicoumarol	inhibits	Cytochrome P450 2C9
Dicoumarol	inhibits	Cytochrome P450 2C19
Dicoumarol	inhibits	Cytochrome P450 3A4
beta-Ionone	inhibits	Cytochrome P450 3A4
Allantoin	inhibits	Solute carrier organic anion transporter family member 1B3
Allantoin	inhibits	Solute carrier organic anion transporter family member 1B1
Avocadyne 1-acetate	inhibits	Solute carrier organic anion transporter family member 1B3
Avocadyne 1-acetate	inhibits	Solute carrier organic anion transporter family member 1B1
(S,E)-Zearalenone	inhibits	Cytochrome P450 3A4
Ethyl linilenate	inhibits	Cytochrome P450 3A4
Apiole	inhibits	Cytochrome P450 3A4
Apiole	inhibits	Solute carrier organic anion transporter family member 1B3
Apiole	inhibits	Solute carrier organic anion transporter family member 1B1
Sulfadiazine	inhibits	Solute carrier organic anion transporter family member 1B1
Sulfadiazine	inhibits	Solute carrier organic anion transporter family member 1B3
5-Methoxytryptamine	inhibits	Solute carrier organic anion transporter family member 1B3
5-Methoxytryptamine	inhibits	Solute carrier organic anion transporter family member 1B1
Serotonin	inhibits	Cytochrome P450 2D6
Sulfadimidine	inhibits	Solute carrier organic anion transporter family member 1B1
Sulfadimidine	inhibits	Solute carrier organic anion transporter family member 1B3
Genistein	inhibits	Cytochrome P450 2C19
Genistein	inhibits	Cytochrome P450 3A4
Genistein	inhibits	Cytochrome P450 2C9
Genistein	inhibits	Solute carrier organic anion transporter family member 1B1
Genistein	inhibits	Solute carrier organic anion transporter family member 1B3
Chalcone	inhibits	Cytochrome P450 3A4
Chalcone	inhibits	Cytochrome P450 1B1
Rotenone	inhibits	Cytochrome P450 2C19
Melatonin	inhibits	Cytochrome P450 2D6
Melatonin	inhibits	Solute carrier organic anion transporter family member 1B3
Melatonin	inhibits	Solute carrier organic anion transporter family member 1B1
Daidzein	inhibits	Cytochrome P450 2C19
Daidzein	inhibits	Cytochrome P450 2C9
Daidzein	inhibits	Solute carrier organic anion transporter family member 1B3
Daidzein	inhibits	Solute carrier organic anion transporter family member 1B1
Enkephalin L	inhibits	Solute carrier organic anion transporter family member 1B1
Enkephalin L	inhibits	Solute carrier organic anion transporter family member 1B3
Baicalein	inhibits	Cytochrome P450 2C19
Baicalein	inhibits	Cytochrome P450 2C9
Baicalein	inhibits	Cytochrome P450 1A1
Baicalein	inhibits	Cytochrome P450 1B1
Baicalein	inhibits	Solute carrier organic anion transporter family member 1B3
Baicalein	inhibits	Solute carrier organic anion transporter family member 1B1
Baicalein	inhibits	Cytochrome P450 3A4
Quercetin	inhibits	Cytochrome P450 1A2
Quercetin	inhibits	Cytochrome P450 1A1
Quercetin	inhibits	Cytochrome P450 1B1
Quercetin	inhibits	Cytochrome P450 3A4
Quercetin	inhibits	Cytochrome P450 2C9
Quercetin	inhibits	Solute carrier organic anion transporter family member 1B1
Quercetin	inhibits	Solute carrier organic anion transporter family member 1B3
Quercetin	inhibits	Cytochrome P450 2C8
Methyldopa	inhibits	Solute carrier organic anion transporter family member 1B1
Methyldopa	inhibits	Solute carrier organic anion transporter family member 1B3
Mastic gum	inhibits	ATP-dependent translocase ABCB1
Mastic gum	inhibits	Cytochrome P450 3A4
Mastic gum	inhibits	Cytochrome P450 2D6
Mastic gum	inhibits	Solute carrier organic anion transporter family member 1B1
Mastic gum	inhibits	Solute carrier organic anion transporter family member 1B3
Mastic gum	inhibits	Cytochrome P450 2C19
salicyl alcohol	inhibits	Solute carrier organic anion transporter family member 1B1
salicyl alcohol	inhibits	Solute carrier organic anion transporter family member 1B3
1,2-Benzenediol	inhibits	Cytochrome P450 3A4
Hypericin	inhibits	Cytochrome P450 3A4
Epigallocatechin-3-gallate	inhibits	ATP-dependent translocase ABCB1
Epigallocatechin	inhibits	Solute carrier organic anion transporter family member 1B3
Epigallocatechin	inhibits	Solute carrier organic anion transporter family member 1B1
Creatinine	inhibits	Solute carrier organic anion transporter family member 1B1
Creatinine	inhibits	Solute carrier organic anion transporter family member 1B3
Urea	inhibits	Solute carrier organic anion transporter family member 1B1
Urea	inhibits	Solute carrier organic anion transporter family member 1B3
Tolnaftate	inhibits	Cytochrome P450 2C19
Tolnaftate	inhibits	Cytochrome P450 3A4
Tolnaftate	inhibits	Cytochrome P450 2C9
Tolnaftate	inhibits	Solute carrier organic anion transporter family member 1B1
Tolnaftate	inhibits	Solute carrier organic anion transporter family member 1B3
4-Methylaesculetin	inhibits	Solute carrier organic anion transporter family member 1B1
4-Methylaesculetin	inhibits	Solute carrier organic anion transporter family member 1B3
Isobergapten	inhibits	Solute carrier organic anion transporter family member 1B3
Isobergapten	inhibits	Solute carrier organic anion transporter family member 1B1
Parathion	inhibits	Cytochrome P450 3A4
Parathion	inhibits	ATP-dependent translocase ABCB1
hydroquinone-O-β-D-glucopyranoside	inhibits	Solute carrier organic anion transporter family member 1B1
hydroquinone-O-β-D-glucopyranoside	inhibits	Solute carrier organic anion transporter family member 1B3
Imidacloprid	inhibits	Solute carrier organic anion transporter family member 1B3
Imidacloprid	inhibits	Solute carrier organic anion transporter family member 1B1
Riboflavine	inhibits	Cytochrome P450 2C19
Riboflavine	inhibits	Solute carrier organic anion transporter family member 1B3
Riboflavine	inhibits	Solute carrier organic anion transporter family member 1B1
(S)-Isocorydine	inhibits	Solute carrier organic anion transporter family member 1B1
(S)-Isocorydine	inhibits	Solute carrier organic anion transporter family member 1B3
Xanthoxylin	inhibits	Solute carrier organic anion transporter family member 1B3
Xanthoxylin	inhibits	Solute carrier organic anion transporter family member 1B1
Canrenone	inhibits	Solute carrier organic anion transporter family member 1B3
Tetrahydrocortisone	inhibits	Solute carrier organic anion transporter family member 1B1
Tetrahydrocortisone	inhibits	Solute carrier organic anion transporter family member 1B3
Sennoside A	inhibits	Solute carrier organic anion transporter family member 1B1
Sennoside A	inhibits	Solute carrier organic anion transporter family member 1B3
4-Aminohippuric acid	inhibits	Solute carrier organic anion transporter family member 1B1
4-Aminohippuric acid	inhibits	Solute carrier organic anion transporter family member 1B3
Lignans	inhibits	Cytochrome P450 3A4
Lignans	inhibits	Cytochrome P450 2C19
Lignans	inhibits	Cytochrome P450 2C9
Lignans	inhibits	Solute carrier organic anion transporter family member 1B1
Lignans	inhibits	Solute carrier organic anion transporter family member 1B3
Isoniazid	inhibits	Cytochrome P450 3A4
Isoniazid	inhibits	Cytochrome P450 2C19
Isoniazid	inhibits	Solute carrier organic anion transporter family member 1B1
Isoniazid	inhibits	Solute carrier organic anion transporter family member 1B3
(S)-Naringenin	inhibits	Cytochrome P450 1B1
(S)-Naringenin	inhibits	Cytochrome P450 2C19
(S)-Naringenin	inhibits	Cytochrome P450 3A4
(S)-Naringenin	inhibits	Solute carrier organic anion transporter family member 1B1
(S)-Naringenin	inhibits	Solute carrier organic anion transporter family member 1B3
Adenosine	inhibits	Solute carrier organic anion transporter family member 1B3
Adenosine	inhibits	Solute carrier organic anion transporter family member 1B1
Caffeic acid	inhibits	Solute carrier organic anion transporter family member 1B1
trans-Caffeic acid	inhibits	Solute carrier organic anion transporter family member 1B1
cis-Caffeic acid	inhibits	Solute carrier organic anion transporter family member 1B1
trans-caffeate	inhibits	Solute carrier organic anion transporter family member 1B1
Caffeic acid	inhibits	Solute carrier organic anion transporter family member 1B3
trans-Caffeic acid	inhibits	Solute carrier organic anion transporter family member 1B3
cis-Caffeic acid	inhibits	Solute carrier organic anion transporter family member 1B3
trans-caffeate	inhibits	Solute carrier organic anion transporter family member 1B3
5,7-Dimethylchrysin	inhibits	Solute carrier organic anion transporter family member 1B3
5,7-Dimethylchrysin	inhibits	Solute carrier organic anion transporter family member 1B1
Phloretin	inhibits	Cytochrome P450 2C19
Phloretin	inhibits	Cytochrome P450 3A4
Phloretin	inhibits	Cytochrome P450 2C9
Phloretin	inhibits	Solute carrier organic anion transporter family member 1B3
Phloretin	inhibits	Solute carrier organic anion transporter family member 1B1
Myricetin	inhibits	Cytochrome P450 2C19
Myricetin 3-digalactoside	inhibits	Cytochrome P450 2C19
Myricetin	inhibits	Cytochrome P450 3A4
Myricetin 3-digalactoside	inhibits	Cytochrome P450 3A4
Myricetin	inhibits	Cytochrome P450 2C9
Myricetin 3-digalactoside	inhibits	Cytochrome P450 2C9
Myricetin	inhibits	Cytochrome P450 1A1
Myricetin 3-digalactoside	inhibits	Cytochrome P450 1A1
Myricetin	inhibits	Cytochrome P450 1B1
Myricetin 3-digalactoside	inhibits	Cytochrome P450 1B1
trans-resveratrol	inhibits	Cytochrome P450 3A4
trans-resveratrol	inhibits	Cytochrome P450 1A2
trans-resveratrol	inhibits	Cytochrome P450 2C19
trans-resveratrol	inhibits	Cytochrome P450 2C9
trans-resveratrol	inhibits	Solute carrier organic anion transporter family member 1B1
trans-resveratrol	inhibits	Solute carrier organic anion transporter family member 1B3
trans-resveratrol	inhibits	Cytochrome P450 1B1
Naphthalen-1-ol	inhibits	Cytochrome P450 1A2
Isopimpinellin	inhibits	Cytochrome P450 3A4
Isopimpinellin	inhibits	Solute carrier organic anion transporter family member 1B1
Isopimpinellin	inhibits	Cytochrome P450 1A1
Isopimpinellin	inhibits	Cytochrome P450 1B1
Isopimpinellin	inhibits	Cytochrome P450 1A2
Isopimpinellin	inhibits	Cytochrome P450 2D6
Isopimpinellin	inhibits	Cytochrome P450 2C9
Isopimpinellin	inhibits	Cytochrome P450 2C19
Epigallocatechin 3,5-digallate	inhibits	Solute carrier organic anion transporter family member 1B1
Epigallocatechin 3,5-digallate	inhibits	Solute carrier organic anion transporter family member 1B3
Hypoxanthine	inhibits	Solute carrier organic anion transporter family member 1B1
Hypoxanthine	inhibits	Solute carrier organic anion transporter family member 1B3
Topiramate	inhibits	Solute carrier organic anion transporter family member 1B1
Topiramate	inhibits	Solute carrier organic anion transporter family member 1B3
4-Phenylbutanoic acid	inhibits	Solute carrier organic anion transporter family member 1B1
4-Phenylbutanoic acid	inhibits	Solute carrier organic anion transporter family member 1B3
(3beta,5beta,8beta,22E,24xi)-Ergosta-6,22-diene-3,5,8-triol	inhibits	ATP-dependent translocase ABCB1
Linonin	inhibits	Solute carrier organic anion transporter family member 1B1
Linonin	inhibits	Solute carrier organic anion transporter family member 1B3
Ginkgolide A	inhibits	Solute carrier organic anion transporter family member 1B1
Ginkgolide A	inhibits	Solute carrier organic anion transporter family member 1B3
Quassin	inhibits	Solute carrier organic anion transporter family member 1B3
Betamipron	inhibits	Solute carrier organic anion transporter family member 1B3
Betamipron	inhibits	Solute carrier organic anion transporter family member 1B1
Dimethylarsinate	inhibits	Solute carrier organic anion transporter family member 1B3
Dimethylarsinate	inhibits	Solute carrier organic anion transporter family member 1B1
Piperonyl acetate	inhibits	Cytochrome P450 3A4
Methyl dihydrojasmonate	inhibits	Solute carrier organic anion transporter family member 1B1
Methyl dihydroepijasmonate	inhibits	Solute carrier organic anion transporter family member 1B1
Methyl dihydrojasmonate	inhibits	Solute carrier organic anion transporter family member 1B3
Methyl dihydroepijasmonate	inhibits	Solute carrier organic anion transporter family member 1B3
D-Glycero-D-manno-heptitol	inhibits	Solute carrier organic anion transporter family member 1B3
D-Glycero-D-manno-heptitol	inhibits	Solute carrier organic anion transporter family member 1B1
Lansoprazole	inhibits	Cytochrome P450 2C19
Lansoprazole	inhibits	Cytochrome P450 2D6
Lansoprazole	inhibits	Solute carrier organic anion transporter family member 1B3
Lansoprazole	inhibits	Solute carrier organic anion transporter family member 1B1
Lansoprazole	inhibits	Cytochrome P450 1A2
Lansoprazole	inhibits	Cytochrome P450 2C8
Flavonoids	inhibits	Solute carrier organic anion transporter family member 1B1
Flavonoids	inhibits	Solute carrier organic anion transporter family member 1B3
Risperidone	inhibits	Cytochrome P450 2C19
Risperidone	inhibits	Cytochrome P450 2D6
African-2(6)-ene	inhibits	Cytochrome P450 2D6
African-2(6)-ene	inhibits	Solute carrier organic anion transporter family member 1B1
African-2(6)-ene	inhibits	Solute carrier organic anion transporter family member 1B3
Ketoconazole	inhibits	Cytochrome P450 3A4
5,7-Dimethoxyisoflavone	inhibits	Solute carrier organic anion transporter family member 1B1
5,7-Dimethoxyisoflavone	inhibits	Solute carrier organic anion transporter family member 1B3
cholest-5-en-3-one	inhibits	Solute carrier organic anion transporter family member 1B1
cholest-5-en-3-one	inhibits	Solute carrier organic anion transporter family member 1B3
(Z)-Resveratrol	inhibits	Cytochrome P450 2C19
(Z)-Resveratrol	inhibits	Cytochrome P450 3A4
(Z)-Resveratrol	inhibits	Cytochrome P450 2D6
(Z)-Resveratrol	inhibits	Cytochrome P450 2C9
17-Hydroxyprogesterone	inhibits	Solute carrier organic anion transporter family member 1B1
17-Hydroxyprogesterone	inhibits	Solute carrier organic anion transporter family member 1B3
Demethoxycurcumin	inhibits	ATP-dependent translocase ABCB1
Caffeic acid ester	inhibits	Solute carrier organic anion transporter family member 1B3
Caffeic acid ester	inhibits	Solute carrier organic anion transporter family member 1B1
1-Methylxanthine	inhibits	Solute carrier organic anion transporter family member 1B3
1-Methylxanthine	inhibits	Solute carrier organic anion transporter family member 1B1
Theasinensin B	inhibits	Solute carrier organic anion transporter family member 1B3
Theasinensin B	inhibits	Solute carrier organic anion transporter family member 1B1
Theasinensin D	inhibits	Solute carrier organic anion transporter family member 1B1
Theasinensin D	inhibits	Solute carrier organic anion transporter family member 1B3
3H-1,2-Dithiole-3-thione	inhibits	Cytochrome P450 3A4
24-Ethylcholesterol	inhibits	Solute carrier organic anion transporter family member 1B1
alpha-Sitosterol	inhibits	Solute carrier organic anion transporter family member 1B1
gamma-Sitosterol	inhibits	Solute carrier organic anion transporter family member 1B1
beta-Sitosterol	inhibits	Solute carrier organic anion transporter family member 1B1
Spinacetin 3-O-glucosyl-(1->6)-[apiosyl(1->2)]-glucoside	inhibits	Solute carrier organic anion transporter family member 1B1
24-Ethylcholesterol	inhibits	Solute carrier organic anion transporter family member 1B3
alpha-Sitosterol	inhibits	Solute carrier organic anion transporter family member 1B3
gamma-Sitosterol	inhibits	Solute carrier organic anion transporter family member 1B3
beta-Sitosterol	inhibits	Solute carrier organic anion transporter family member 1B3
Spinacetin 3-O-glucosyl-(1->6)-[apiosyl(1->2)]-glucoside	inhibits	Solute carrier organic anion transporter family member 1B3
Glutathione	inhibits	Solute carrier organic anion transporter family member 1B3
Glutathione	inhibits	Solute carrier organic anion transporter family member 1B1
Fumitremorgin C	inhibits	ATP-dependent translocase ABCB1
Eugenyl benzoate	inhibits	Cytochrome P450 3A4
Chinese tannin	inhibits	Cytochrome P450 1A2
Chinese tannin	inhibits	Cytochrome P450 2C9
Chinese tannin	inhibits	Solute carrier organic anion transporter family member 1B3
Chinese tannin	inhibits	Solute carrier organic anion transporter family member 1B1
Conidendrin	inhibits	Cytochrome P450 3A4
3,4,5-Trimethoxycinnamic acid	inhibits	Solute carrier organic anion transporter family member 1B1
3,4,5-Trimethoxycinnamic acid	inhibits	Solute carrier organic anion transporter family member 1B3
4',5,7-Trimethylapigenin	inhibits	ATP-dependent translocase ABCB1
Alloxan	inhibits	Solute carrier organic anion transporter family member 1B1
Alloxan	inhibits	Solute carrier organic anion transporter family member 1B3
Citicoline	inhibits	Solute carrier organic anion transporter family member 1B3
Citicoline	inhibits	Solute carrier organic anion transporter family member 1B1
D-Glutamine	inhibits	Cytochrome P450 3A4
Gibberellins	inhibits	Solute carrier organic anion transporter family member 1B1
Gibberellins	inhibits	Solute carrier organic anion transporter family member 1B3
Donepezil	inhibits	Cytochrome P450 3A4
Donepezil	inhibits	ATP-dependent translocase ABCB1
Na-Formyl-1-methyl-b-carboline	inhibits	Cytochrome P450 2D6
Na-Formyl-1-methyl-b-carboline	inhibits	Cytochrome P450 3A4
Na-Formyl-1-methyl-b-carboline	inhibits	Solute carrier organic anion transporter family member 1B3
Na-Formyl-1-methyl-b-carboline	inhibits	Solute carrier organic anion transporter family member 1B1
Norharman	inhibits	Solute carrier organic anion transporter family member 1B1
Norharman	inhibits	Solute carrier organic anion transporter family member 1B3
N-Methylnicotinamide	inhibits	Solute carrier organic anion transporter family member 1B1
N-Acetylarylamine	inhibits	Solute carrier organic anion transporter family member 1B1
N-Acetylarylamine	inhibits	Solute carrier organic anion transporter family member 1B3
AMP	inhibits	Solute carrier organic anion transporter family member 1B1
AMP	inhibits	Solute carrier organic anion transporter family member 1B3
Morin	inhibits	Cytochrome P450 2C9
Morin	inhibits	Solute carrier organic anion transporter family member 1B3
Morin	inhibits	Solute carrier organic anion transporter family member 1B1
Maltol	inhibits	Solute carrier organic anion transporter family member 1B1
Maltol	inhibits	Solute carrier organic anion transporter family member 1B3
Naringenin fructoside	inhibits	Cytochrome P450 3A4
Fisetin	inhibits	Solute carrier organic anion transporter family member 1B3
Fisetin	inhibits	Solute carrier organic anion transporter family member 1B1
beta-Thujaplicin	inhibits	Cytochrome P450 3A4
α-tocopherol	inhibits	Solute carrier organic anion transporter family member 1B1
α-tocopherol	inhibits	Solute carrier organic anion transporter family member 1B3
5alpha-Cholestanone	inhibits	Solute carrier organic anion transporter family member 1B1
5alpha-Cholestanone	inhibits	Solute carrier organic anion transporter family member 1B3
2'-Deoxyguanosine	inhibits	Solute carrier organic anion transporter family member 1B1
2'-Deoxyguanosine	inhibits	Solute carrier organic anion transporter family member 1B3
Capsaicin	inhibits	Cytochrome P450 2C19
Capsaicin	inhibits	Cytochrome P450 2D6
Capsaicin	inhibits	Cytochrome P450 3A4
Capsaicin	inhibits	Cytochrome P450 2C9
2'-Hydroxy-4',6'-dimethoxychalcone	inhibits	Solute carrier organic anion transporter family member 1B1
2'-Hydroxy-4',6'-dimethoxychalcone	inhibits	Solute carrier organic anion transporter family member 1B3
Pinostrobin chalcone	inhibits	Cytochrome P450 2C19
Pinostrobin chalcone	inhibits	Cytochrome P450 2C9
Oleanolic acid	inhibits	Solute carrier organic anion transporter family member 1B1
Oleanolic acid	inhibits	Solute carrier organic anion transporter family member 1B3
Myosmine	inhibits	Cytochrome P450 2C19
L-Canavanine	inhibits	Cytochrome P450 3A4
Melezitose	inhibits	Solute carrier organic anion transporter family member 1B1
Melezitose	inhibits	Solute carrier organic anion transporter family member 1B3
2,3-Dihydroxybenzoic acid	inhibits	Solute carrier organic anion transporter family member 1B1
2,3-Dihydroxybenzoic acid	inhibits	Solute carrier organic anion transporter family member 1B3
4,8,5'-Trimethylpsoralen	inhibits	Cytochrome P450 3A4
4,8,5'-Trimethylpsoralen	inhibits	Solute carrier organic anion transporter family member 1B1
4,8,5'-Trimethylpsoralen	inhibits	Solute carrier organic anion transporter family member 1B3
Dibutyl phthalate	inhibits	Solute carrier organic anion transporter family member 1B1
Dibutyl phthalate	inhibits	Solute carrier organic anion transporter family member 1B3
Folic acid	inhibits	Solute carrier organic anion transporter family member 1B1
Folic acid	inhibits	Solute carrier organic anion transporter family member 1B3
Coenzyme Q	inhibits	Solute carrier organic anion transporter family member 1B1
Ubiquinone 10	inhibits	Solute carrier organic anion transporter family member 1B1
Coenzyme Q	inhibits	Solute carrier organic anion transporter family member 1B3
Ubiquinone 10	inhibits	Solute carrier organic anion transporter family member 1B3
Clopidogrel	inhibits	Cytochrome P450 2B6
NAD+	inhibits	Solute carrier organic anion transporter family member 1B1
NAD+	inhibits	Solute carrier organic anion transporter family member 1B3
N-acetyl-L-glutamate	inhibits	Solute carrier organic anion transporter family member 1B3
N-acetyl-L-glutamate	inhibits	Solute carrier organic anion transporter family member 1B1
Graveoline	inhibits	Cytochrome P450 2C19
Graveoline	inhibits	Cytochrome P450 3A4
Graveoline	inhibits	Cytochrome P450 2D6
Sulfaquinoxaline	inhibits	Cytochrome P450 2C9
16-F1-phytoprostane	inhibits	Solute carrier organic anion transporter family member 1B1
16-F1-phytoprostane	inhibits	Solute carrier organic anion transporter family member 1B3
Alexomycin	inhibits	Solute carrier organic anion transporter family member 1B1
Alexomycin	inhibits	Solute carrier organic anion transporter family member 1B3
Mercenene	inhibits	Solute carrier organic anion transporter family member 1B1
Mercenene	inhibits	Solute carrier organic anion transporter family member 1B3
4-aminobutanoate	inhibits	Solute carrier organic anion transporter family member 1B3
4-aminobutanoate	inhibits	Solute carrier organic anion transporter family member 1B1
Ibuprofen	inhibits	Solute carrier organic anion transporter family member 1B1
Ibuprofen	inhibits	Solute carrier organic anion transporter family member 1B3
Azythromycin	inhibits	Cytochrome P450 3A4
Gelatin	inhibits	Cytochrome P450 3A4
Gelatin	inhibits	ATP-dependent translocase ABCB1
Gelatin	inhibits	Solute carrier organic anion transporter family member 1B1
Gelatin	inhibits	Solute carrier organic anion transporter family member 1B3
Progesterone	inhibits	Cytochrome P450 2C9
Progesterone	inhibits	Cytochrome P450 3A4
Progesterone	inhibits	Solute carrier organic anion transporter family member 1B1
Progesterone	inhibits	Solute carrier organic anion transporter family member 1B3
Hydroquinone	inhibits	Cytochrome P450 3A4
Hydroquinone	inhibits	Solute carrier organic anion transporter family member 1B3
Hydroquinone	inhibits	Solute carrier organic anion transporter family member 1B1
Imidazole	inhibits	Cytochrome P450 3A4
4-Aminobenzoic acid	inhibits	Solute carrier organic anion transporter family member 1B1
4-aminobenzoate	inhibits	Solute carrier organic anion transporter family member 1B1
4-Aminobenzoic acid	inhibits	Solute carrier organic anion transporter family member 1B3
4-aminobenzoate	inhibits	Solute carrier organic anion transporter family member 1B3
Cycloserine	inhibits	Cytochrome P450 3A4
Coumestrol	inhibits	Solute carrier organic anion transporter family member 1B1
L-Phosphoserine	inhibits	Cytochrome P450 3A4
N-acetyl-serotonin	inhibits	Cytochrome P450 3A4
N-acetyl-serotonin	inhibits	Solute carrier organic anion transporter family member 1B1
N-acetyl-serotonin	inhibits	Solute carrier organic anion transporter family member 1B3
Lactulose	inhibits	Solute carrier organic anion transporter family member 1B3
Lactulose	inhibits	Solute carrier organic anion transporter family member 1B1
Bupropion	inhibits	Cytochrome P450 2C19
Bupropion	inhibits	Solute carrier organic anion transporter family member 1B1
Bupropion	inhibits	Solute carrier organic anion transporter family member 1B3
Herniarin	inhibits	Solute carrier organic anion transporter family member 1B1
Herniarin	inhibits	Solute carrier organic anion transporter family member 1B3
Gossypol	inhibits	Cytochrome P450 2C19
(-)-Gossypol	inhibits	Cytochrome P450 2C19
Gossypol	inhibits	Solute carrier organic anion transporter family member 1B3
(-)-Gossypol	inhibits	Solute carrier organic anion transporter family member 1B3
Gossypol	inhibits	Solute carrier organic anion transporter family member 1B1
(-)-Gossypol	inhibits	Solute carrier organic anion transporter family member 1B1
Umbelliferone	inhibits	Solute carrier organic anion transporter family member 1B3
Famotidine	inhibits	Solute carrier organic anion transporter family member 1B1
Famotidine	inhibits	Solute carrier organic anion transporter family member 1B3
Kynurenic acid	inhibits	Solute carrier organic anion transporter family member 1B3
Kynurenic acid	inhibits	Solute carrier organic anion transporter family member 1B1
Osthol	inhibits	Solute carrier organic anion transporter family member 1B1
Osthol	inhibits	Solute carrier organic anion transporter family member 1B3
Osthol	inhibits	Cytochrome P450 2D6
Osthol	inhibits	Cytochrome P450 2C19
Xanthyletin	inhibits	Solute carrier organic anion transporter family member 1B1
Xanthyletin	inhibits	Solute carrier organic anion transporter family member 1B3
Loratadine	inhibits	Cytochrome P450 2C19
Loratadine	inhibits	Cytochrome P450 3A4
Loratadine	inhibits	Cytochrome P450 2C9
Loratadine	inhibits	Solute carrier organic anion transporter family member 1B3
Loratadine	inhibits	Solute carrier organic anion transporter family member 1B1
Loratadine	inhibits	Cytochrome P450 2C8
Loratadine	inhibits	Cytochrome P450 2D6
Scopoletin	inhibits	Solute carrier organic anion transporter family member 1B3
Scopoletin	inhibits	Solute carrier organic anion transporter family member 1B1
Salbutamol	inhibits	Cytochrome P450 2D6
Amoxycillin	inhibits	Solute carrier organic anion transporter family member 1B1
Amoxycillin	inhibits	Solute carrier organic anion transporter family member 1B3
alpha-Mangostin	inhibits	Cytochrome P450 2C19
alpha-Mangostin	inhibits	Cytochrome P450 2C9
alpha-Mangostin	inhibits	Solute carrier organic anion transporter family member 1B1
alpha-Mangostin	inhibits	Solute carrier organic anion transporter family member 1B3
3-O-Methylkaempferol	inhibits	Cytochrome P450 2D6
Ipriflavone	inhibits	Solute carrier organic anion transporter family member 1B3
Ipriflavone	inhibits	Solute carrier organic anion transporter family member 1B1
7-Methylchrysin	inhibits	Cytochrome P450 2C19
7-Methylchrysin	inhibits	Cytochrome P450 3A4
7-Methylchrysin	inhibits	Cytochrome P450 2C9
Succinylacetone	inhibits	Solute carrier organic anion transporter family member 1B3
Succinylacetone	inhibits	Solute carrier organic anion transporter family member 1B1
Glycosides	inhibits	Solute carrier organic anion transporter family member 1B1
Glycosides	inhibits	Solute carrier organic anion transporter family member 1B3
Oenanthetol acetate	inhibits	Solute carrier organic anion transporter family member 1B1
Oenanthetol acetate	inhibits	Solute carrier organic anion transporter family member 1B3
Chenodeoxycholic acid	inhibits	Solute carrier organic anion transporter family member 1B3
Danazol	inhibits	Cytochrome P450 2C9
Danazol	inhibits	Solute carrier organic anion transporter family member 1B3
Danazol	inhibits	Solute carrier organic anion transporter family member 1B1
Danazol	inhibits	Cytochrome P450 2D6
Danazol	inhibits	Cytochrome P450 2C8
4-[(6,7-Dihydroxy-3,7-dimethyl-2-octenyl)oxy]-7H-furo[3,2-g][1]benzopyran-7-one	inhibits	Cytochrome P450 3A4
S-sulfo-L-cysteine	inhibits	Cytochrome P450 2C19
4-Methylthio-3-butenyl isothiocyanate	inhibits	Solute carrier organic anion transporter family member 1B1
4-Methylthio-3-butenyl isothiocyanate	inhibits	Solute carrier organic anion transporter family member 1B3
beta-Caryophyllene alcohol	inhibits	Solute carrier organic anion transporter family member 1B1
beta-Caryophyllene alcohol	inhibits	Solute carrier organic anion transporter family member 1B3
Charantin	inhibits	Cytochrome P450 3A4
Charantin	inhibits	Solute carrier organic anion transporter family member 1B1
Charantin	inhibits	Solute carrier organic anion transporter family member 1B3
Thiodiacetic acid	inhibits	Cytochrome P450 2D6
Bergamottin	inhibits	Cytochrome P450 3A4
Fenthion	inhibits	Solute carrier organic anion transporter family member 1B3
Fenthion	inhibits	Solute carrier organic anion transporter family member 1B1
Clotrimazole	inhibits	Cytochrome P450 3A4
Clotrimazole	inhibits	ATP-dependent translocase ABCB1
Clotrimazole	inhibits	Cytochrome P450 2C19
Clotrimazole	inhibits	Cytochrome P450 2D6
Clotrimazole	inhibits	Cytochrome P450 2C9
Clotrimazole	inhibits	Solute carrier organic anion transporter family member 1B3
Clotrimazole	inhibits	Cytochrome P450 1A2
Clotrimazole	inhibits	Cytochrome P450 2C8
Carbadox	inhibits	Solute carrier organic anion transporter family member 1B1
Carbadox	inhibits	Solute carrier organic anion transporter family member 1B3
Olomoucine	inhibits	Cytochrome P450 2D6
Dihydrocinchonine	inhibits	Cytochrome P450 2D6
5-Aminopentanoic acid	inhibits	Cytochrome P450 2D6
shikimate	inhibits	Solute carrier organic anion transporter family member 1B1
shikimate	inhibits	Solute carrier organic anion transporter family member 1B3
4'-Methoxychalcone	inhibits	Solute carrier organic anion transporter family member 1B1
4'-Methoxychalcone	inhibits	Solute carrier organic anion transporter family member 1B3
4'-Methoxychalcone	inhibits	Cytochrome P450 1B1
Kaempferol	inhibits	Cytochrome P450 2C9
Kaempferol	inhibits	Cytochrome P450 1A2
Kaempferol	inhibits	Cytochrome P450 1A1
Kaempferol	inhibits	Cytochrome P450 1B1
Kaempferol	inhibits	Cytochrome P450 2C19
Kaempferol	inhibits	Cytochrome P450 3A4
Kaempferol	inhibits	Cytochrome P450 2D6
Cis-5-Caffeoylquinic acid	inhibits	Solute carrier organic anion transporter family member 1B1
Isochlorogenic acid	inhibits	Solute carrier organic anion transporter family member 1B1
cis-Chlorogenic acid	inhibits	Solute carrier organic anion transporter family member 1B1
3-O-Caffeoyl-muco-quinic acid	inhibits	Solute carrier organic anion transporter family member 1B1
trans-Neochlorogenic acid	inhibits	Solute carrier organic anion transporter family member 1B1
trans-5-O-caffeoyl-D-quinate	inhibits	Solute carrier organic anion transporter family member 1B1
Cis-5-Caffeoylquinic acid	inhibits	Solute carrier organic anion transporter family member 1B3
Isochlorogenic acid	inhibits	Solute carrier organic anion transporter family member 1B3
cis-Chlorogenic acid	inhibits	Solute carrier organic anion transporter family member 1B3
3-O-Caffeoyl-muco-quinic acid	inhibits	Solute carrier organic anion transporter family member 1B3
trans-Neochlorogenic acid	inhibits	Solute carrier organic anion transporter family member 1B3
trans-5-O-caffeoyl-D-quinate	inhibits	Solute carrier organic anion transporter family member 1B3
Luteolin	inhibits	Cytochrome P450 1A2
Luteolin 7-(2''-glucuronylglucuronide) 4'-glucuronide	inhibits	Cytochrome P450 1A2
Luteolin 7-(caffeoylglucoside)	inhibits	Cytochrome P450 1A2
Luteolin 7-disulfoglucoside	inhibits	Cytochrome P450 1A2
Luteolin 7-diglucoside	inhibits	Cytochrome P450 1A2
Luteolin 7-rhamnosylglucoside	inhibits	Cytochrome P450 1A2
Luteolin	inhibits	Cytochrome P450 1A1
Luteolin 7-(2''-glucuronylglucuronide) 4'-glucuronide	inhibits	Cytochrome P450 1A1
Luteolin 7-(caffeoylglucoside)	inhibits	Cytochrome P450 1A1
Luteolin 7-disulfoglucoside	inhibits	Cytochrome P450 1A1
Luteolin 7-diglucoside	inhibits	Cytochrome P450 1A1
Luteolin 7-rhamnosylglucoside	inhibits	Cytochrome P450 1A1
Luteolin	inhibits	Cytochrome P450 1B1
Luteolin 7-(2''-glucuronylglucuronide) 4'-glucuronide	inhibits	Cytochrome P450 1B1
Luteolin 7-(caffeoylglucoside)	inhibits	Cytochrome P450 1B1
Luteolin 7-disulfoglucoside	inhibits	Cytochrome P450 1B1
Luteolin 7-diglucoside	inhibits	Cytochrome P450 1B1
Luteolin 7-rhamnosylglucoside	inhibits	Cytochrome P450 1B1
Luteolin	inhibits	Cytochrome P450 3A4
Luteolin 7-(2''-glucuronylglucuronide) 4'-glucuronide	inhibits	Cytochrome P450 3A4
Luteolin 7-(caffeoylglucoside)	inhibits	Cytochrome P450 3A4
Luteolin 7-disulfoglucoside	inhibits	Cytochrome P450 3A4
Luteolin 7-diglucoside	inhibits	Cytochrome P450 3A4
Luteolin 7-rhamnosylglucoside	inhibits	Cytochrome P450 3A4
Quercetin 3-O-rhamnosyl-galactoside	inhibits	Cytochrome P450 3A4
Ferulic acid	inhibits	Solute carrier organic anion transporter family member 1B3
trans-Ferulic acid	inhibits	Solute carrier organic anion transporter family member 1B3
cis-Ferulic acid	inhibits	Solute carrier organic anion transporter family member 1B3
ferulate	inhibits	Solute carrier organic anion transporter family member 1B3
Ferulic acid	inhibits	Solute carrier organic anion transporter family member 1B1
trans-Ferulic acid	inhibits	Solute carrier organic anion transporter family member 1B1
cis-Ferulic acid	inhibits	Solute carrier organic anion transporter family member 1B1
ferulate	inhibits	Solute carrier organic anion transporter family member 1B1
Zolpidem	inhibits	Solute carrier organic anion transporter family member 1B3
Zolpidem	inhibits	Solute carrier organic anion transporter family member 1B1
L-DOPA	inhibits	Solute carrier organic anion transporter family member 1B1
L-DOPA	inhibits	Solute carrier organic anion transporter family member 1B3
Diosmetin	inhibits	Cytochrome P450 1A2
Diosmetin	inhibits	Cytochrome P450 1A1
Diosmetin	inhibits	Cytochrome P450 1B1
Diosmetin	inhibits	Solute carrier organic anion transporter family member 1B1
Diosmetin	inhibits	Solute carrier organic anion transporter family member 1B3
Pravastatin	inhibits	Solute carrier organic anion transporter family member 1B1
(E)-3-(4-Hydroxyphenyl)-2-propenal	inhibits	Solute carrier organic anion transporter family member 1B3
(E)-3-(4-Hydroxyphenyl)-2-propenal	inhibits	Solute carrier organic anion transporter family member 1B1
3-(3,4-Dimethoxyphenyl)-2-propenoic acid	inhibits	Solute carrier organic anion transporter family member 1B1
3-(3,4-Dimethoxyphenyl)-2-propenoic acid	inhibits	Solute carrier organic anion transporter family member 1B3
Chalconaringenin	inhibits	Cytochrome P450 3A4
Isoliquiritigenin	inhibits	Cytochrome P450 2C19
Rhamnoisoliquiritin	inhibits	Cytochrome P450 2C19
Isoliquiritigenin	inhibits	Cytochrome P450 3A4
Rhamnoisoliquiritin	inhibits	Cytochrome P450 3A4
Isoliquiritigenin	inhibits	Cytochrome P450 2C9
Rhamnoisoliquiritin	inhibits	Cytochrome P450 2C9
Isoliquiritigenin	inhibits	Solute carrier organic anion transporter family member 1B3
Rhamnoisoliquiritin	inhibits	Solute carrier organic anion transporter family member 1B3
Isoliquiritigenin	inhibits	Solute carrier organic anion transporter family member 1B1
Rhamnoisoliquiritin	inhibits	Solute carrier organic anion transporter family member 1B1
Estrone	inhibits	Cytochrome P450 3A4
Estrone	inhibits	Solute carrier organic anion transporter family member 1B3
Estrone	inhibits	Solute carrier organic anion transporter family member 1B1
Aminopterin	inhibits	Solute carrier organic anion transporter family member 1B1
Aminopterin	inhibits	Solute carrier organic anion transporter family member 1B3
Lanosterol	inhibits	Solute carrier organic anion transporter family member 1B1
Tirucallol	inhibits	Solute carrier organic anion transporter family member 1B1
Lanosterol	inhibits	Solute carrier organic anion transporter family member 1B3
Tirucallol	inhibits	Solute carrier organic anion transporter family member 1B3
Legumelin	inhibits	Cytochrome P450 2C19
Legumelin	inhibits	Cytochrome P450 2D6
Legumelin	inhibits	Solute carrier organic anion transporter family member 1B1
Legumelin	inhibits	Solute carrier organic anion transporter family member 1B3
alpha-Tocopherol acetate	inhibits	Solute carrier organic anion transporter family member 1B3
Tricetin	inhibits	Solute carrier organic anion transporter family member 1B1
Tricetin	inhibits	Solute carrier organic anion transporter family member 1B3
(±)-3',7-Dihydroxy-2',4'-dimethoxyisoflavan	inhibits	Solute carrier organic anion transporter family member 1B1
(±)-3',7-Dihydroxy-2',4'-dimethoxyisoflavan	inhibits	Solute carrier organic anion transporter family member 1B3
Deoxyadenosine	inhibits	Solute carrier organic anion transporter family member 1B3
Deoxyadenosine	inhibits	Solute carrier organic anion transporter family member 1B1
alpha-Catechin	inhibits	Solute carrier organic anion transporter family member 1B3
alpha-Catechin	inhibits	Solute carrier organic anion transporter family member 1B1
Kynurenine	inhibits	Solute carrier organic anion transporter family member 1B3
Kynurenine	inhibits	Solute carrier organic anion transporter family member 1B1
7-Isopropyl-1,4-dimethylazulene	inhibits	Solute carrier organic anion transporter family member 1B3
Peucedanin	inhibits	Solute carrier organic anion transporter family member 1B3
Peucedanin	inhibits	Solute carrier organic anion transporter family member 1B1
Avocadene 1-acetate	inhibits	Solute carrier organic anion transporter family member 1B1
Avocadene 1-acetate	inhibits	Solute carrier organic anion transporter family member 1B3
1,3,5-Trimethoxybenzene	inhibits	Solute carrier organic anion transporter family member 1B3
1,3,5-Trimethoxybenzene	inhibits	Solute carrier organic anion transporter family member 1B1
2-alpha-hydroxy-3-beta-{[(2Z)-3-phenyl-1-oxo-2-propenyl]oxy}olean-12-en-28-oic acid	inhibits	Solute carrier organic anion transporter family member 1B1
2-alpha-hydroxy-3-beta-{[(2Z)-3-phenyl-1-oxo-2-propenyl]oxy}olean-12-en-28-oic acid	inhibits	Solute carrier organic anion transporter family member 1B3
Hydrocotarnine	inhibits	Cytochrome P450 2D6
Hydrocotarnine	inhibits	Solute carrier organic anion transporter family member 1B3
Hydrocotarnine	inhibits	Solute carrier organic anion transporter family member 1B1
Licochalcone B	inhibits	Cytochrome P450 3A4
Paeoniflorin	inhibits	Solute carrier organic anion transporter family member 1B1
Paeoniflorin	inhibits	Solute carrier organic anion transporter family member 1B3
Ficus Latex peptide 2	inhibits	Solute carrier organic anion transporter family member 1B3
Ficus Latex peptide 1	inhibits	Solute carrier organic anion transporter family member 1B3
Ficus Latex peptide 2	inhibits	Solute carrier organic anion transporter family member 1B1
Ficus Latex peptide 1	inhibits	Solute carrier organic anion transporter family member 1B1
Arachidonic acid	inhibits	Cytochrome P450 3A4
Arachidonic acid	inhibits	Solute carrier organic anion transporter family member 1B3
Arachidonic acid	inhibits	Solute carrier organic anion transporter family member 1B1
Acetaminophen	inhibits	Solute carrier organic anion transporter family member 1B3
Acetaminophen	inhibits	Solute carrier organic anion transporter family member 1B1
Acetaminophen	inhibits	Cytochrome P450 3A4
Acetaminophen	inhibits	Cytochrome P450 2D6
Caffeine	inhibits	Solute carrier organic anion transporter family member 1B1
Caffeine	inhibits	Solute carrier organic anion transporter family member 1B3
Clofenotane	inhibits	Solute carrier organic anion transporter family member 1B1
Clofenotane	inhibits	Solute carrier organic anion transporter family member 1B3
Procaine	inhibits	Cytochrome P450 2D6
(±)-Menthone	inhibits	Solute carrier organic anion transporter family member 1B1
(+)-Isomenthone	inhibits	Solute carrier organic anion transporter family member 1B1
(±)-Isomenthone	inhibits	Solute carrier organic anion transporter family member 1B1
(-)-Isomenthone	inhibits	Solute carrier organic anion transporter family member 1B1
(±)-Menthone	inhibits	Solute carrier organic anion transporter family member 1B3
(+)-Isomenthone	inhibits	Solute carrier organic anion transporter family member 1B3
(±)-Isomenthone	inhibits	Solute carrier organic anion transporter family member 1B3
(-)-Isomenthone	inhibits	Solute carrier organic anion transporter family member 1B3
Nicotinic acid	inhibits	Solute carrier organic anion transporter family member 1B1
Nicotinic acid	inhibits	Solute carrier organic anion transporter family member 1B3
Benzocaine	inhibits	Solute carrier organic anion transporter family member 1B1
Benzocaine	inhibits	Solute carrier organic anion transporter family member 1B3
4-Methylphenol	inhibits	Solute carrier organic anion transporter family member 1B3
4-Methylphenol	inhibits	Solute carrier organic anion transporter family member 1B1
Triamterene	inhibits	Cytochrome P450 2D6
Triamterene	inhibits	Solute carrier organic anion transporter family member 1B1
Triamterene	inhibits	Solute carrier organic anion transporter family member 1B3
7,4'-Dimethoxyflavone	inhibits	Solute carrier organic anion transporter family member 1B1
7,4'-Dimethoxyflavone	inhibits	Solute carrier organic anion transporter family member 1B3
Chrysin	inhibits	Cytochrome P450 1A1
Chrysin	inhibits	Cytochrome P450 1A2
Chrysin	inhibits	Cytochrome P450 1B1
Chrysin	inhibits	Cytochrome P450 2C9
Chrysin	inhibits	Cytochrome P450 2C19
Chrysin	inhibits	Cytochrome P450 3A4
Chrysin	inhibits	Solute carrier organic anion transporter family member 1B1
Chrysin	inhibits	Solute carrier organic anion transporter family member 1B3
Angelicin	inhibits	Cytochrome P450 1A1
Fenugrin E	inhibits	Solute carrier organic anion transporter family member 1B1
Fenugrin E	inhibits	Solute carrier organic anion transporter family member 1B3
Cirsiliol	inhibits	Cytochrome P450 1A1
Cirsiliol	inhibits	Cytochrome P450 1B1
L-Glutamic acid hydrochloride	inhibits	Cytochrome P450 2D6
Glutamic acid	inhibits	Cytochrome P450 2D6
Monopotassium glutamate	inhibits	Cytochrome P450 2D6
Monoammonium glutamate	inhibits	Cytochrome P450 2D6
D-Glutamic acid	inhibits	Cytochrome P450 2D6
Valyltryptophan	inhibits	Solute carrier organic anion transporter family member 1B1
Valyltryptophan	inhibits	Solute carrier organic anion transporter family member 1B3
1,5-bis(4-hydroxy-3-methoxyphenyl)-1,4-pentadien-3-one	inhibits	Cytochrome P450 2D6
Psoralen	inhibits	Cytochrome P450 2C19
Psoralen	inhibits	Cytochrome P450 2D6
Psoralen	inhibits	Cytochrome P450 2C9
Psoralen	inhibits	Cytochrome P450 1A1
cholate	inhibits	Solute carrier organic anion transporter family member 1B3
cholate	inhibits	Solute carrier organic anion transporter family member 1B1
(S)-Laudanosine	inhibits	Solute carrier organic anion transporter family member 1B1
(S)-Laudanosine	inhibits	Solute carrier organic anion transporter family member 1B3
Carminic acid	inhibits	Solute carrier organic anion transporter family member 1B3
Tamarixetin	inhibits	Cytochrome P450 1A2
Tamarixetin	inhibits	Cytochrome P450 1A1
Tamarixetin	inhibits	Cytochrome P450 1B1
Sildenafil	inhibits	Cytochrome P450 3A4
Deoxycholic acid glycine conjugate	inhibits	Solute carrier organic anion transporter family member 1B3
Deoxycholic acid glycine conjugate	inhibits	Solute carrier organic anion transporter family member 1B1
Glycocholic acid	inhibits	Solute carrier organic anion transporter family member 1B1
3alpha,7beta,12alpha-Trihydroxyoxocholanylglycine	inhibits	Solute carrier organic anion transporter family member 1B1
Taurodeoxycholic acid	inhibits	Solute carrier organic anion transporter family member 1B3
Taurodeoxycholic acid	inhibits	Solute carrier organic anion transporter family member 1B1
Lithocholyltaurine	inhibits	Solute carrier organic anion transporter family member 1B3
Lithocholyltaurine	inhibits	Solute carrier organic anion transporter family member 1B1
alpha-Allocryptopine	inhibits	Cytochrome P450 2D6
Hesperidin	inhibits	Solute carrier organic anion transporter family member 1B3
Hesperidin	inhibits	Solute carrier organic anion transporter family member 1B1
Salicin	inhibits	Solute carrier organic anion transporter family member 1B1
Salicin	inhibits	Solute carrier organic anion transporter family member 1B3
L-Ascorbic acid	inhibits	Solute carrier organic anion transporter family member 1B3
Monodehydro-L-ascorbic acid	inhibits	Solute carrier organic anion transporter family member 1B3
L-Ascorbic acid	inhibits	Solute carrier organic anion transporter family member 1B1
Monodehydro-L-ascorbic acid	inhibits	Solute carrier organic anion transporter family member 1B1
Naringin	inhibits	Solute carrier organic anion transporter family member 1B1
Naringin	inhibits	Solute carrier organic anion transporter family member 1B3
hederagenin	inhibits	Solute carrier organic anion transporter family member 1B3
hederagenin	inhibits	Solute carrier organic anion transporter family member 1B1
Friedelin	inhibits	Solute carrier organic anion transporter family member 1B1
Friedooleanan-3-one	inhibits	Solute carrier organic anion transporter family member 1B1
Epifriedelin	inhibits	Solute carrier organic anion transporter family member 1B1
Friedelin	inhibits	Solute carrier organic anion transporter family member 1B3
Friedooleanan-3-one	inhibits	Solute carrier organic anion transporter family member 1B3
Epifriedelin	inhibits	Solute carrier organic anion transporter family member 1B3
Phellopterin	inhibits	Cytochrome P450 1A1
Phellopterin	inhibits	Cytochrome P450 1B1
Phellopterin	inhibits	Cytochrome P450 1A2
Phellopterin	inhibits	Cytochrome P450 2D6
Phellopterin	inhibits	Cytochrome P450 2C9
Phellopterin	inhibits	Cytochrome P450 2C19
Phellopterin	inhibits	Cytochrome P450 3A4
Imperatorin	inhibits	Cytochrome P450 3A4
Imperatorin	inhibits	Solute carrier organic anion transporter family member 1B1
Imperatorin	inhibits	Solute carrier organic anion transporter family member 1B3
Imperatorin	inhibits	Cytochrome P450 1B1
Imperatorin	inhibits	Cytochrome P450 1A1
Heraclenol	inhibits	Cytochrome P450 1A1
(R)-Heraclenol	inhibits	Cytochrome P450 1A1
Retinol palmitate	inhibits	Solute carrier organic anion transporter family member 1B3
all-trans-retinyl palmitate	inhibits	Solute carrier organic anion transporter family member 1B3
Retinol palmitate	inhibits	Solute carrier organic anion transporter family member 1B1
all-trans-retinyl palmitate	inhibits	Solute carrier organic anion transporter family member 1B1
Sepiapterin	inhibits	Cytochrome P450 3A4
(3S,3'S)-Astaxanthin	inhibits	Solute carrier organic anion transporter family member 1B1
(3'RS,3'SR)-Astaxanthin	inhibits	Solute carrier organic anion transporter family member 1B1
(3S,3'S)-Astaxanthin	inhibits	Solute carrier organic anion transporter family member 1B3
(3'RS,3'SR)-Astaxanthin	inhibits	Solute carrier organic anion transporter family member 1B3
2,4-Diamino-6-hydroxypyrimidine	inhibits	Cytochrome P450 3A4
Xanthotoxol geranyl ether	inhibits	Cytochrome P450 3A4
Flavones	inhibits	Cytochrome P450 1B1
Celecoxib	inhibits	Cytochrome P450 2C9
Celecoxib	inhibits	Cytochrome P450 2D6
Celecoxib	inhibits	Solute carrier organic anion transporter family member 1B3
Celecoxib	inhibits	Solute carrier organic anion transporter family member 1B1
Menadione	inhibits	Cytochrome P450 2C19
Menadione	inhibits	Cytochrome P450 2D6
Menadione	inhibits	Cytochrome P450 2C9
Menadione	inhibits	Solute carrier organic anion transporter family member 1B1
Menadione	inhibits	Solute carrier organic anion transporter family member 1B3
Naproxen	inhibits	Solute carrier organic anion transporter family member 1B1
Naproxen	inhibits	Solute carrier organic anion transporter family member 1B3
Arabinan	inhibits	Solute carrier organic anion transporter family member 1B1
Arabinan	inhibits	Solute carrier organic anion transporter family member 1B3
N-Acetyltryptophan	inhibits	Cytochrome P450 3A4
N-Acetyltryptophan	inhibits	Solute carrier organic anion transporter family member 1B3
N-Acetyltryptophan	inhibits	Solute carrier organic anion transporter family member 1B1
N-Acetylleucine	inhibits	Solute carrier organic anion transporter family member 1B3
N-Acetylleucine	inhibits	Solute carrier organic anion transporter family member 1B1
Fd&c blue no. 2, calcium lake	inhibits	Solute carrier organic anion transporter family member 1B3
Fd&c blue no. 1, calcium lake	inhibits	Solute carrier organic anion transporter family member 1B3
Fd&c green no. 3, aluminum lake	inhibits	Solute carrier organic anion transporter family member 1B3
Fd&c green no. 3, calcium lake	inhibits	Solute carrier organic anion transporter family member 1B3
Fd&c red no. 40, aluminum lake	inhibits	Solute carrier organic anion transporter family member 1B3
Fd&c red no. 40, calcium lake	inhibits	Solute carrier organic anion transporter family member 1B3
Fd&c red no. 3, calcium lake	inhibits	Solute carrier organic anion transporter family member 1B3
Fd&c yellow no. 5, calcium lake	inhibits	Solute carrier organic anion transporter family member 1B3
Fd&c yellow no. 6, calcium lake	inhibits	Solute carrier organic anion transporter family member 1B3
Fd&c blue no. 2, calcium lake	inhibits	Solute carrier organic anion transporter family member 1B1
Fd&c blue no. 1, calcium lake	inhibits	Solute carrier organic anion transporter family member 1B1
Fd&c green no. 3, aluminum lake	inhibits	Solute carrier organic anion transporter family member 1B1
Fd&c green no. 3, calcium lake	inhibits	Solute carrier organic anion transporter family member 1B1
Fd&c red no. 40, aluminum lake	inhibits	Solute carrier organic anion transporter family member 1B1
Fd&c red no. 40, calcium lake	inhibits	Solute carrier organic anion transporter family member 1B1
Fd&c red no. 3, calcium lake	inhibits	Solute carrier organic anion transporter family member 1B1
Fd&c yellow no. 5, calcium lake	inhibits	Solute carrier organic anion transporter family member 1B1
Fd&c yellow no. 6, calcium lake	inhibits	Solute carrier organic anion transporter family member 1B1
L-Tryptophan	inhibits	Solute carrier organic anion transporter family member 1B1
L-Tryptophan	inhibits	Solute carrier organic anion transporter family member 1B3
L-Tryptophan	inhibits	Cytochrome P450 3A4
3-Benzylisothiocyanate	inhibits	Solute carrier organic anion transporter family member 1B3
3-Benzylisothiocyanate	inhibits	Solute carrier organic anion transporter family member 1B1
Phenylalanyltyrosine	inhibits	Solute carrier organic anion transporter family member 1B1
Phenylalanyltyrosine	inhibits	Solute carrier organic anion transporter family member 1B3
Xanthurenic acid	inhibits	Solute carrier organic anion transporter family member 1B3
Xanthurenic acid	inhibits	Solute carrier organic anion transporter family member 1B1
Rhapontin	inhibits	Solute carrier organic anion transporter family member 1B1
Rose oxide (cis)	inhibits	Solute carrier organic anion transporter family member 1B1
Rhapontin	inhibits	Solute carrier organic anion transporter family member 1B3
Rose oxide (cis)	inhibits	Solute carrier organic anion transporter family member 1B3
Corticosterone	inhibits	Cytochrome P450 3A4
1-aminocyclopropane-1-carboxylate	inhibits	Solute carrier organic anion transporter family member 1B1
1-aminocyclopropane-1-carboxylate	inhibits	Solute carrier organic anion transporter family member 1B3
Sinensetin	inhibits	ATP-dependent translocase ABCB1
6-Hydroxyluteolin 6,7,3',4'-tetramethyl ether	inhibits	Cytochrome P450 1A1
6-Hydroxyluteolin 6,7,3',4'-tetramethyl ether	inhibits	Cytochrome P450 1B1
6-Hydroxyluteolin 6,7,3',4'-tetramethyl ether	inhibits	Cytochrome P450 1A2
6-Hydroxyluteolin 6,7,3',4'-tetramethyl ether	inhibits	Cytochrome P450 2D6
6-Hydroxyluteolin 6,7,3',4'-tetramethyl ether	inhibits	Cytochrome P450 2C9
6-Hydroxyluteolin 6,7,3',4'-tetramethyl ether	inhibits	Cytochrome P450 2C19
6-Hydroxyluteolin 6,7,3',4'-tetramethyl ether	inhibits	Cytochrome P450 3A4
Arginine	inhibits	Cytochrome P450 2C19
Arginine	inhibits	Cytochrome P450 3A4
2,6-Dimethoxy-1,4-benzoquinone	inhibits	Solute carrier organic anion transporter family member 1B1
2,6-Dimethoxy-1,4-benzoquinone	inhibits	Solute carrier organic anion transporter family member 1B3
Protopine	inhibits	Cytochrome P450 2C19
Protopine	inhibits	Cytochrome P450 2D6
beta-Amyrin	inhibits	Solute carrier organic anion transporter family member 1B3
beta-Amryin	inhibits	Solute carrier organic anion transporter family member 1B3
beta-Amyrin	inhibits	Solute carrier organic anion transporter family member 1B1
beta-Amryin	inhibits	Solute carrier organic anion transporter family member 1B1
L-Quebrachitol	inhibits	Solute carrier organic anion transporter family member 1B3
L-Quebrachitol	inhibits	Solute carrier organic anion transporter family member 1B1
Eupatorin	inhibits	Cytochrome P450 1A1
Eupatorin	inhibits	Cytochrome P450 1B1
Eupatorin	inhibits	Solute carrier organic anion transporter family member 1B3
Eupatorin	inhibits	Solute carrier organic anion transporter family member 1B1
Isosafrole	inhibits	Solute carrier organic anion transporter family member 1B1
Isosafrole	inhibits	Solute carrier organic anion transporter family member 1B3
beta-Caryophyllene	inhibits	Solute carrier organic anion transporter family member 1B1
beta-Caryophyllene	inhibits	Solute carrier organic anion transporter family member 1B3
(S)-N-methylcoclaurine	inhibits	Solute carrier organic anion transporter family member 1B3
(S)-N-methylcoclaurine	inhibits	Solute carrier organic anion transporter family member 1B1
beta-Glycyrrhetinic acid	inhibits	Solute carrier organic anion transporter family member 1B3
Nerol	inhibits	Solute carrier organic anion transporter family member 1B3
Nerol	inhibits	Solute carrier organic anion transporter family member 1B1
Oxoglaucine	inhibits	Cytochrome P450 3A4
Oxoglaucine	inhibits	Cytochrome P450 2D6
Bacitracin	inhibits	Solute carrier organic anion transporter family member 1B1
Bacitracin	inhibits	Solute carrier organic anion transporter family member 1B3
Fujiglucon	inhibits	Solute carrier organic anion transporter family member 1B1
Fujiglucon	inhibits	Solute carrier organic anion transporter family member 1B3
Pyrrol-2-methylketone	inhibits	Solute carrier organic anion transporter family member 1B1
Pyrrol-2-methylketone	inhibits	Solute carrier organic anion transporter family member 1B3
Cedorol	inhibits	Solute carrier organic anion transporter family member 1B3
Cedarwood oil alcohols	inhibits	Solute carrier organic anion transporter family member 1B3
Cedorol	inhibits	Solute carrier organic anion transporter family member 1B1
Cedarwood oil alcohols	inhibits	Solute carrier organic anion transporter family member 1B1
[6]-Paradol	inhibits	Cytochrome P450 1A2
[6]-Paradol	inhibits	Cytochrome P450 2C8
[6]-Paradol	inhibits	Cytochrome P450 2B6
[6]-Paradol	inhibits	Cytochrome P450 2C9
[6]-Paradol	inhibits	Cytochrome P450 2C19
Cucurbita maxima Trysin inhibitor III	inhibits	ATP-dependent translocase ABCB1
Dihydrojasmonic acid	inhibits	Solute carrier organic anion transporter family member 1B1
Dihydrojasmonic acid	inhibits	Solute carrier organic anion transporter family member 1B3
Gallocatechin-(4alpha->8)-gallocatechin-(4alpha->8)-gallocatechin	inhibits	Solute carrier organic anion transporter family member 1B1
Gallocatechin-(4alpha->8)-gallocatechin-(4alpha->8)-gallocatechin	inhibits	Solute carrier organic anion transporter family member 1B3
Linamarin	inhibits	Solute carrier organic anion transporter family member 1B3
Linamarin	inhibits	Solute carrier organic anion transporter family member 1B1
Nonate	inhibits	Solute carrier organic anion transporter family member 1B3
Nonate	inhibits	Solute carrier organic anion transporter family member 1B1
L-Histidine	inhibits	Cytochrome P450 3A4
Rosiglitazone	inhibits	Cytochrome P450 3A4
Rosiglitazone	inhibits	Solute carrier organic anion transporter family member 1B1
N-Acetyl-L-cysteine	inhibits	Solute carrier organic anion transporter family member 1B1
N-Acetyl-L-cysteine	inhibits	Solute carrier organic anion transporter family member 1B3
Cysteamine	inhibits	Cytochrome P450 3A4
Papaverine	inhibits	Cytochrome P450 2C19
Papaverine	inhibits	Cytochrome P450 3A4
Papaverine	inhibits	Cytochrome P450 2D6
Sertraline	inhibits	Cytochrome P450 2C9
Sertraline	inhibits	Cytochrome P450 2D6
Sertraline	inhibits	Cytochrome P450 3A4
Sertraline	inhibits	Cytochrome P450 2C19
Levoglutamide	inhibits	Cytochrome P450 3A4
L-glutamine	inhibits	Cytochrome P450 3A4
L-Asparagine	inhibits	Cytochrome P450 3A4
Leucyl-Alanine	inhibits	Solute carrier organic anion transporter family member 1B1
Leucylalanine	inhibits	Solute carrier organic anion transporter family member 1B1
Leucyl-Alanine	inhibits	Solute carrier organic anion transporter family member 1B3
Leucylalanine	inhibits	Solute carrier organic anion transporter family member 1B3
Scutellarein	inhibits	Cytochrome P450 1A1
6,7-Dimethylscutellarein	inhibits	Cytochrome P450 1A1
Scutellarein	inhibits	Cytochrome P450 1B1
6,7-Dimethylscutellarein	inhibits	Cytochrome P450 1B1
6-Methylscutellarein	inhibits	Cytochrome P450 1A1
Celastrol	inhibits	Solute carrier organic anion transporter family member 1B1
Celastrol	inhibits	Solute carrier organic anion transporter family member 1B3
Celastrol	inhibits	ATP-dependent translocase ABCB1
7,4'-Dihydroxyflavone	inhibits	Cytochrome P450 3A4
3-Hydroxyflavone	inhibits	Solute carrier organic anion transporter family member 1B1
3-Hydroxyflavone	inhibits	Solute carrier organic anion transporter family member 1B3
3-Hydroxyflavone	inhibits	Cytochrome P450 1B1
Galangin	inhibits	Cytochrome P450 1A1
Galangin	inhibits	Cytochrome P450 1A2
Galangin	inhibits	Cytochrome P450 1B1
Galangin	inhibits	Cytochrome P450 2C19
Galangin	inhibits	Cytochrome P450 2C9
3-Hydroxycoumarin	inhibits	Solute carrier organic anion transporter family member 1B1
3-Hydroxycoumarin	inhibits	Solute carrier organic anion transporter family member 1B3
(E)-Aconitic acid	inhibits	Solute carrier organic anion transporter family member 1B1
(E)-Aconitic acid	inhibits	Solute carrier organic anion transporter family member 1B3
Taurochenodesoxycholic acid	inhibits	Solute carrier organic anion transporter family member 1B3
Taurochenodesoxycholic acid	inhibits	Solute carrier organic anion transporter family member 1B1
Genkwanin	inhibits	Cytochrome P450 1A1
Genkwanin	inhibits	Cytochrome P450 1B1
Genkwanin	inhibits	Solute carrier organic anion transporter family member 1B1
Genkwanin	inhibits	Solute carrier organic anion transporter family member 1B3
Allopregnanolone	inhibits	Solute carrier organic anion transporter family member 1B3
Isorhamnetin	inhibits	Cytochrome P450 1A2
Isorhamnetin	inhibits	Cytochrome P450 1A1
Isorhamnetin	inhibits	Cytochrome P450 1B1
Diazinon	inhibits	Cytochrome P450 3A4
Apiumetrin	inhibits	Solute carrier organic anion transporter family member 1B1
Apiumetrin	inhibits	Solute carrier organic anion transporter family member 1B3
Isoimperatorin	inhibits	Cytochrome P450 1B1
NG,NG-Dimethyl-L-arginine	inhibits	Cytochrome P450 2C19
N-acetyl-β-D-glucosamine	inhibits	Solute carrier organic anion transporter family member 1B3
2-Amino-4-hydroxy-6-pteridinecarboxylic acid	inhibits	Solute carrier organic anion transporter family member 1B1
2-Amino-4-hydroxy-6-pteridinecarboxylic acid	inhibits	Solute carrier organic anion transporter family member 1B3
(R)-Methysticin	inhibits	Cytochrome P450 3A4
loganin	inhibits	Solute carrier organic anion transporter family member 1B1
loganin	inhibits	Solute carrier organic anion transporter family member 1B3
loganate	inhibits	Solute carrier organic anion transporter family member 1B3
N-Acetyl-L-aspartic acid	inhibits	Solute carrier organic anion transporter family member 1B3
N-Acetyl-L-aspartic acid	inhibits	Solute carrier organic anion transporter family member 1B1
Urocanic acid	inhibits	Cytochrome P450 3A4
(E)-Urocanic acid	inhibits	Cytochrome P450 3A4
MG(18:0e/0:0/0:0)	inhibits	Solute carrier organic anion transporter family member 1B1
MG(18:0e/0:0/0:0)	inhibits	Solute carrier organic anion transporter family member 1B3
Thymoquinone	inhibits	Solute carrier organic anion transporter family member 1B3
Thymoquinone	inhibits	Solute carrier organic anion transporter family member 1B1
Stanozolol	inhibits	Cytochrome P450 2C19
Stanozolol	inhibits	Cytochrome P450 2C9
Stanozolol	inhibits	Cytochrome P450 2D6
Ribitol	inhibits	Solute carrier organic anion transporter family member 1B3
Ribitol	inhibits	Solute carrier organic anion transporter family member 1B1
Epicatechin 3-gallate	inhibits	Solute carrier organic anion transporter family member 1B3
Epicatechin 3-gallate	inhibits	Solute carrier organic anion transporter family member 1B1
Guanidine	inhibits	Solute carrier organic anion transporter family member 1B3
Guanidine	inhibits	Solute carrier organic anion transporter family member 1B1
Rhamnetin	inhibits	Solute carrier organic anion transporter family member 1B3
Rhamnetin	inhibits	Solute carrier organic anion transporter family member 1B1
Nobiletin	inhibits	Solute carrier organic anion transporter family member 1B1
Nobiletin	inhibits	Solute carrier organic anion transporter family member 1B3
Tangeritin	inhibits	Solute carrier organic anion transporter family member 1B1
Tangeritin	inhibits	Solute carrier organic anion transporter family member 1B3
Demethylnobiletin	inhibits	Cytochrome P450 3A4
OPC	inhibits	ATP-dependent translocase ABCB1
Paraxanthine	inhibits	Solute carrier organic anion transporter family member 1B3
Paraxanthine	inhibits	Solute carrier organic anion transporter family member 1B1
Biochanin A	inhibits	Cytochrome P450 2C19
Biochanin A	inhibits	Cytochrome P450 2C9
Biochanin A	inhibits	Solute carrier organic anion transporter family member 1B1
Biochanin A	inhibits	Solute carrier organic anion transporter family member 1B3
Biochanin A	inhibits	Cytochrome P450 1B1
4-Nonylphenol	inhibits	Solute carrier organic anion transporter family member 1B1
4-Nonylphenol	inhibits	Solute carrier organic anion transporter family member 1B3
1H-Indole-3-methanol	inhibits	Solute carrier organic anion transporter family member 1B1
1H-Indole-3-methanol	inhibits	Solute carrier organic anion transporter family member 1B3
Atorvastatin	inhibits	Cytochrome P450 3A4
Atorvastatin	inhibits	Solute carrier organic anion transporter family member 1B3
Atorvastatin	inhibits	Solute carrier organic anion transporter family member 1B1
p-Mentha-1,8-dien-7-ol	inhibits	Cytochrome P450 1B1
dihydrosphingosine	inhibits	Cytochrome P450 2D6
L-threo-sphinganine	inhibits	Cytochrome P450 2D6
Ligusticide	inhibits	Solute carrier organic anion transporter family member 1B3
Ligustilide	inhibits	Solute carrier organic anion transporter family member 1B3
Ligusticide	inhibits	Solute carrier organic anion transporter family member 1B1
Ligustilide	inhibits	Solute carrier organic anion transporter family member 1B1
Pachyrrhizin	inhibits	Cytochrome P450 3A4
Pachyrrhizin	inhibits	Solute carrier organic anion transporter family member 1B3
Pachyrrhizin	inhibits	Solute carrier organic anion transporter family member 1B1
5,7-Dimethoxycoumarin	inhibits	Solute carrier organic anion transporter family member 1B1
5,7-Dimethoxycoumarin	inhibits	Solute carrier organic anion transporter family member 1B3
(R)-Glabridin	inhibits	Cytochrome P450 3A4
Myristicin	inhibits	Cytochrome P450 3A4
3,8''-Biapigenin	inhibits	Cytochrome P450 3A4
Dihydroclusin	inhibits	Cytochrome P450 3A4
Avocadyne	inhibits	Solute carrier organic anion transporter family member 1B1
Avocadyne	inhibits	Solute carrier organic anion transporter family member 1B3
Avocadene	inhibits	Solute carrier organic anion transporter family member 1B3
Avocadene	inhibits	Solute carrier organic anion transporter family member 1B1
Butylparaben	inhibits	Cytochrome P450 2C19
2,4,5-Trimethoxybenzaldehyde	inhibits	Solute carrier organic anion transporter family member 1B3
Roxarsone	inhibits	Cytochrome P450 2C19
Roxarsone	inhibits	Solute carrier organic anion transporter family member 1B3
Roxarsone	inhibits	Solute carrier organic anion transporter family member 1B1
Orcein	inhibits	Cytochrome P450 2C19
Orcein	inhibits	Cytochrome P450 2D6
Orcein	inhibits	Cytochrome P450 2C9
Methylxanthoxylin	inhibits	Cytochrome P450 3A4
5alpha-Cholestane	inhibits	Solute carrier organic anion transporter family member 1B1
5beta-Cholestane	inhibits	Solute carrier organic anion transporter family member 1B1
5alpha-Cholestane	inhibits	Solute carrier organic anion transporter family member 1B3
5beta-Cholestane	inhibits	Solute carrier organic anion transporter family member 1B3
Lathosterol	inhibits	Solute carrier organic anion transporter family member 1B1
Lathosterol	inhibits	Solute carrier organic anion transporter family member 1B3
Stigmasta-4-22-dien-3-one	inhibits	Solute carrier organic anion transporter family member 1B1
Stigmasta-4-22-dien-3-one	inhibits	Solute carrier organic anion transporter family member 1B3
Glucosan	inhibits	Solute carrier organic anion transporter family member 1B1
Glucosan	inhibits	Solute carrier organic anion transporter family member 1B3
Rhodinyl acetate	inhibits	Solute carrier organic anion transporter family member 1B3
Rhodinyl acetate	inhibits	Solute carrier organic anion transporter family member 1B1
3-Methylxanthine	inhibits	Solute carrier organic anion transporter family member 1B3
3-Methylxanthine	inhibits	Solute carrier organic anion transporter family member 1B1
Phenols	inhibits	Cytochrome P450 1A2
Piperine	inhibits	Solute carrier organic anion transporter family member 1B1
Chavicine	inhibits	Solute carrier organic anion transporter family member 1B1
Isochavicine	inhibits	Solute carrier organic anion transporter family member 1B1
Isopiperine	inhibits	Solute carrier organic anion transporter family member 1B1
Piperine	inhibits	Solute carrier organic anion transporter family member 1B3
Chavicine	inhibits	Solute carrier organic anion transporter family member 1B3
Isochavicine	inhibits	Solute carrier organic anion transporter family member 1B3
Isopiperine	inhibits	Solute carrier organic anion transporter family member 1B3
Gallic acid	inhibits	Solute carrier organic anion transporter family member 1B3
Gallic acid	inhibits	Solute carrier organic anion transporter family member 1B1
Patulin	inhibits	Solute carrier organic anion transporter family member 1B3
Patulin	inhibits	Solute carrier organic anion transporter family member 1B1
Nonivamide	inhibits	Cytochrome P450 2C19
Nonivamide	inhibits	Cytochrome P450 3A4
Nonivamide	inhibits	Cytochrome P450 2C9
Malonoben	inhibits	Cytochrome P450 2C19
Malonoben	inhibits	Cytochrome P450 3A4
Malonoben	inhibits	Cytochrome P450 2C9
Dihydrocapsaicin	inhibits	Cytochrome P450 2C19
Dihydrocapsaicin	inhibits	Cytochrome P450 2C9
Theobromine	inhibits	Solute carrier organic anion transporter family member 1B3
Theobromine	inhibits	Solute carrier organic anion transporter family member 1B1
(9Z)-beta,beta-Carotene	inhibits	Solute carrier organic anion transporter family member 1B3
Carotene	inhibits	Solute carrier organic anion transporter family member 1B3
beta-Carotene	inhibits	Solute carrier organic anion transporter family member 1B3
(13Z)-beta-Carotene	inhibits	Solute carrier organic anion transporter family member 1B3
cis-b,b-Carotene	inhibits	Solute carrier organic anion transporter family member 1B3
(9Z)-beta,beta-Carotene	inhibits	Solute carrier organic anion transporter family member 1B1
Carotene	inhibits	Solute carrier organic anion transporter family member 1B1
beta-Carotene	inhibits	Solute carrier organic anion transporter family member 1B1
(13Z)-beta-Carotene	inhibits	Solute carrier organic anion transporter family member 1B1
cis-b,b-Carotene	inhibits	Solute carrier organic anion transporter family member 1B1
Quinine	inhibits	Cytochrome P450 2D6
Quinine	inhibits	Solute carrier organic anion transporter family member 1B1
Quinine	inhibits	ATP-dependent translocase ABCB1
Di-2-propenyl-sulfane	inhibits	Solute carrier organic anion transporter family member 1B1
Di-2-propenyl-sulfane	inhibits	Solute carrier organic anion transporter family member 1B3
(-)-alpha-Narcotine	inhibits	Cytochrome P450 2C19
(-)-alpha-Narcotine	inhibits	Cytochrome P450 3A4
(-)-alpha-Narcotine	inhibits	Cytochrome P450 2C9
Piperazine	inhibits	Solute carrier organic anion transporter family member 1B1
Piperazine	inhibits	Solute carrier organic anion transporter family member 1B3
Kinetin	inhibits	Solute carrier organic anion transporter family member 1B1
Kinetin	inhibits	Solute carrier organic anion transporter family member 1B3
Kinetin	inhibits	Cytochrome P450 3A4
Safrole	inhibits	Cytochrome P450 3A4
Safrole	inhibits	Cytochrome P450 1A2
Safrole	inhibits	Solute carrier organic anion transporter family member 1B1
Safrole	inhibits	Solute carrier organic anion transporter family member 1B3
Amlodipine	inhibits	ATP-dependent translocase ABCB1
(2S)-pinocembrin	inhibits	Cytochrome P450 1A1
(2S)-pinocembrin	inhibits	Cytochrome P450 1B1
(2S)-pinocembrin	inhibits	Cytochrome P450 1A2
(2S)-pinocembrin	inhibits	Solute carrier organic anion transporter family member 1B1
(2S)-pinocembrin	inhibits	Solute carrier organic anion transporter family member 1B3
Stigmasterol	inhibits	Solute carrier organic anion transporter family member 1B1
Stigmasterol	inhibits	Solute carrier organic anion transporter family member 1B3
Cortisone	inhibits	Cytochrome P450 3A4
Cortisone	inhibits	Solute carrier organic anion transporter family member 1B1
Cortisone	inhibits	Solute carrier organic anion transporter family member 1B3
Glucokinin	inhibits	Solute carrier organic anion transporter family member 1B3
Glucokinin	inhibits	Solute carrier organic anion transporter family member 1B1
Pantoprazole	inhibits	Solute carrier organic anion transporter family member 1B3
Pantoprazole	inhibits	Solute carrier organic anion transporter family member 1B1
Omeprazole, BAN, INN, JAN, USA	inhibits	Cytochrome P450 2C19
Omeprazole, BAN, INN, JAN, USA	inhibits	Cytochrome P450 3A4
Phosphatidylcholine O-34:2	inhibits	Solute carrier organic anion transporter family member 1B3
Phosphatidylcholine O-34:2	inhibits	Solute carrier organic anion transporter family member 1B1
beta-Amyrin acetate	inhibits	Solute carrier organic anion transporter family member 1B1
beta-Amyrin acetate	inhibits	Solute carrier organic anion transporter family member 1B3
Nootkatone	inhibits	Cytochrome P450 2C19
5,6-dimethyl-8-isopropenylbicyclo[4.4.0]dec-1-en-3-one	inhibits	Cytochrome P450 2C19
3-Methylsalicylic acid	inhibits	Solute carrier organic anion transporter family member 1B1
3-Methylsalicylic acid	inhibits	Solute carrier organic anion transporter family member 1B3
Sarsasapogenin	inhibits	Solute carrier organic anion transporter family member 1B3
Sarsasapogenin	inhibits	Solute carrier organic anion transporter family member 1B1
3b,5a,6b-Cholestanetriol	inhibits	Solute carrier organic anion transporter family member 1B1
3b,5a,6b-Cholestanetriol	inhibits	Solute carrier organic anion transporter family member 1B3
7-Ketocholesterol	inhibits	Solute carrier organic anion transporter family member 1B1
7-Ketocholesterol	inhibits	Solute carrier organic anion transporter family member 1B3
Fenugrin A	inhibits	Solute carrier organic anion transporter family member 1B3
Fenugrin A	inhibits	Solute carrier organic anion transporter family member 1B1
Sphondin	inhibits	Cytochrome P450 3A4
Sphondin	inhibits	Solute carrier organic anion transporter family member 1B1
Sphondin	inhibits	Solute carrier organic anion transporter family member 1B3
Sphondin	inhibits	Cytochrome P450 1A1
Estradiol	inhibits	Cytochrome P450 3A4
Estradiol	inhibits	Solute carrier organic anion transporter family member 1B1
Estradiol	inhibits	Solute carrier organic anion transporter family member 1B3
Estradiol	inhibits	Cytochrome P450 1B1
Diphenhydramine	inhibits	Cytochrome P450 2D6
Kaempferide	inhibits	Cytochrome P450 1B1
Kaempferide 3-[glucopyranosyl-(1->?)-glucopyranoside]	inhibits	Cytochrome P450 1B1
Kaempferide	inhibits	Cytochrome P450 1A1
Kaempferide 3-[glucopyranosyl-(1->?)-glucopyranoside]	inhibits	Cytochrome P450 1A1
Kaempferide	inhibits	Cytochrome P450 1A2
Kaempferide 3-[glucopyranosyl-(1->?)-glucopyranoside]	inhibits	Cytochrome P450 1A2
Emodin	inhibits	Cytochrome P450 2C19
Emodin	inhibits	Cytochrome P450 3A4
Emodin	inhibits	Cytochrome P450 2C9
Emodin	inhibits	Solute carrier organic anion transporter family member 1B3
Emodin	inhibits	Solute carrier organic anion transporter family member 1B1
Emodin	inhibits	Cytochrome P450 1A2
Emodin	inhibits	Cytochrome P450 1B1
Physcion	inhibits	Solute carrier organic anion transporter family member 1B1
Physcion	inhibits	Solute carrier organic anion transporter family member 1B3
Chrysophanol	inhibits	Solute carrier organic anion transporter family member 1B3
Chrysophanol	inhibits	Solute carrier organic anion transporter family member 1B1
Rhein	inhibits	Cytochrome P450 3A4
Loperamide	inhibits	Cytochrome P450 2D6
Loperamide	inhibits	Cytochrome P450 3A4
Loperamide	inhibits	ATP-dependent translocase ABCB1
Sulphadimethoxine	inhibits	Solute carrier organic anion transporter family member 1B3
Sulphadimethoxine	inhibits	Solute carrier organic anion transporter family member 1B1
trans-2-Methoxycinnamic acid	inhibits	Solute carrier organic anion transporter family member 1B3
trans-2-Methoxycinnamic acid	inhibits	Solute carrier organic anion transporter family member 1B1
N-Acetyl-L-phenylalanine	inhibits	Solute carrier organic anion transporter family member 1B3
N-Acetyl-L-phenylalanine	inhibits	Solute carrier organic anion transporter family member 1B1
Lipoic acid	inhibits	Solute carrier organic anion transporter family member 1B3
Lipoic acid	inhibits	Solute carrier organic anion transporter family member 1B1
(-)-Arctigenin	inhibits	Cytochrome P450 2C19
2,4-Dichlorophenoxyacetic acid	inhibits	Solute carrier organic anion transporter family member 1B1
2,4-Dichlorophenoxyacetic acid	inhibits	Solute carrier organic anion transporter family member 1B3
Ethoxyquin	inhibits	Cytochrome P450 2C19
Ethoxyquin	inhibits	Cytochrome P450 2D6
Ethoxyquin	inhibits	Cytochrome P450 2C9
Ethoxyquin	inhibits	Solute carrier organic anion transporter family member 1B1
Ethoxyquin	inhibits	Solute carrier organic anion transporter family member 1B3
2,4-Dimethylquinoline	inhibits	Cytochrome P450 1A2
1,4-Dimethylnapthalene	inhibits	Cytochrome P450 1A2
2,6-Dimethylquinoline	inhibits	Cytochrome P450 1A2
kaempferol 3-rhamnoside-7-glucoside	inhibits	Cytochrome P450 3A4
Glycyrrhetic acid	inhibits	Solute carrier organic anion transporter family member 1B3
Glycyrrhetic acid	inhibits	Solute carrier organic anion transporter family member 1B1
Aesculetin	inhibits	Solute carrier organic anion transporter family member 1B1
Aesculetin	inhibits	Solute carrier organic anion transporter family member 1B3
Daphnetin	inhibits	Cytochrome P450 2D6
Daphnetin	inhibits	Solute carrier organic anion transporter family member 1B3
Daphnetin	inhibits	Solute carrier organic anion transporter family member 1B1
alpha-Humulene	inhibits	Solute carrier organic anion transporter family member 1B3
Humulene-alpha	inhibits	Solute carrier organic anion transporter family member 1B3
alpha-Humulene	inhibits	Solute carrier organic anion transporter family member 1B1
Humulene-alpha	inhibits	Solute carrier organic anion transporter family member 1B1
Escitalopram	inhibits	Cytochrome P450 2C19
Escitalopram	inhibits	Cytochrome P450 3A4
Escitalopram	inhibits	Cytochrome P450 2C9
Pelanin	inhibits	Solute carrier organic anion transporter family member 1B1
Pelanin	inhibits	Solute carrier organic anion transporter family member 1B3
Oxytetracycline	inhibits	Solute carrier organic anion transporter family member 1B1
Oxytetracycline	inhibits	Solute carrier organic anion transporter family member 1B3
Hyperin	inhibits	Cytochrome P450 2D6
Hesperetin	inhibits	Cytochrome P450 1A1
Hesperetin	inhibits	Cytochrome P450 1B1
Hesperetin	inhibits	Cytochrome P450 2C19
Hesperetin	inhibits	Cytochrome P450 3A4
Hesperetin	inhibits	Cytochrome P450 2D6
Hesperetin	inhibits	Cytochrome P450 2C9
Hesperetin	inhibits	Solute carrier organic anion transporter family member 1B1
Hesperetin	inhibits	Solute carrier organic anion transporter family member 1B3
Schisantherin A	inhibits	Cytochrome P450 3A4
Phenylhydrazine	inhibits	Cytochrome P450 1A2
Phenylhydrazine	inhibits	Cytochrome P450 2C19
Phenylhydrazine	inhibits	Cytochrome P450 2C9
Phenylhydrazine	inhibits	Cytochrome P450 2D6
Phenylhydrazine	inhibits	Cytochrome P450 3A4
Pseudoephedrine	inhibits	Cytochrome P450 2C19
Pseudoephedrine	inhibits	Cytochrome P450 2C9
Citrullin	inhibits	Solute carrier organic anion transporter family member 1B1
L-Citrulline	inhibits	Solute carrier organic anion transporter family member 1B1
Citrullin	inhibits	Solute carrier organic anion transporter family member 1B3
L-Citrulline	inhibits	Solute carrier organic anion transporter family member 1B3
Bilirubin	inhibits	Solute carrier organic anion transporter family member 1B3
4E,15Z-Bilirubin IXa	inhibits	Solute carrier organic anion transporter family member 1B3
Bilirubin	inhibits	Solute carrier organic anion transporter family member 1B1
4E,15Z-Bilirubin IXa	inhibits	Solute carrier organic anion transporter family member 1B1
Estrone sulfate	inhibits	Solute carrier organic anion transporter family member 1B1
Boldione	inhibits	Solute carrier organic anion transporter family member 1B1
Boldione	inhibits	Solute carrier organic anion transporter family member 1B3
Paeonol	inhibits	Cytochrome P450 3A4
Paeonol	inhibits	Solute carrier organic anion transporter family member 1B3
Paeonol	inhibits	Solute carrier organic anion transporter family member 1B1
Isoginkgetin	inhibits	Cytochrome P450 3A4
Isoginkgetin	inhibits	Solute carrier organic anion transporter family member 1B3
Protoporphyrin	inhibits	Cytochrome P450 2C19
Protoporphyrin	inhibits	Cytochrome P450 2C9
Protoporphyrin	inhibits	Solute carrier organic anion transporter family member 1B3
1-Acetoxy-2-hydroxy-16-heptadecyn-4-one	inhibits	Solute carrier organic anion transporter family member 1B3
1-Acetoxy-2-hydroxy-16-heptadecyn-4-one	inhibits	Solute carrier organic anion transporter family member 1B1
5,7-Dihydroxyisoflavone	inhibits	Solute carrier organic anion transporter family member 1B1
5,7-Dihydroxyisoflavone	inhibits	Solute carrier organic anion transporter family member 1B3
Triacetin	inhibits	Solute carrier organic anion transporter family member 1B1
Triacetin	inhibits	Solute carrier organic anion transporter family member 1B3
Isokobusone	inhibits	Cytochrome P450 3A4
Isokobusone	inhibits	Solute carrier organic anion transporter family member 1B1
Isokobusone	inhibits	Solute carrier organic anion transporter family member 1B3
2-Indolecarboxylic acid	inhibits	Solute carrier organic anion transporter family member 1B1
2-Indolecarboxylic acid	inhibits	Solute carrier organic anion transporter family member 1B3
Kynuramine	inhibits	Solute carrier organic anion transporter family member 1B3
Kynuramine	inhibits	Solute carrier organic anion transporter family member 1B1
Spermine	inhibits	Cytochrome P450 2C19
Diferuloylspermine	inhibits	Cytochrome P450 2C19
Betulin	inhibits	Solute carrier organic anion transporter family member 1B1
Betulin	inhibits	Solute carrier organic anion transporter family member 1B3
FIC	inhibits	Solute carrier organic anion transporter family member 1B3
FIC	inhibits	Solute carrier organic anion transporter family member 1B1
Bergapten	inhibits	Cytochrome P450 2C19
Bergapten	inhibits	Cytochrome P450 2D6
Bergapten	inhibits	Cytochrome P450 3A4
Bergapten	inhibits	Cytochrome P450 2C9
Bergapten	inhibits	Solute carrier organic anion transporter family member 1B1
Bergapten	inhibits	Solute carrier organic anion transporter family member 1B3
Bergapten	inhibits	Cytochrome P450 1A1
Bergapten	inhibits	Cytochrome P450 1A2
17alpha-ethynylestradiol	inhibits	Cytochrome P450 2B6
17alpha-ethynylestradiol	inhibits	Solute carrier organic anion transporter family member 1B3
17alpha-ethynylestradiol	inhibits	Cytochrome P450 3A4
Curcumin	inhibits	Cytochrome P450 2C9
Curcumin	inhibits	Solute carrier organic anion transporter family member 1B1
Curcumin	inhibits	Solute carrier organic anion transporter family member 1B3
Curcumin	inhibits	ATP-dependent translocase ABCB1
[8]-Shogaol	inhibits	Cytochrome P450 1A2
cis-[6]-Shogaol	inhibits	Cytochrome P450 1A2
[6]-Shogaol	inhibits	Cytochrome P450 1A2
1-(3,4-Dimethoxyphenyl)-4-decen-3-one	inhibits	Cytochrome P450 1A2
[8]-Shogaol	inhibits	Cytochrome P450 2B6
cis-[6]-Shogaol	inhibits	Cytochrome P450 2B6
[6]-Shogaol	inhibits	Cytochrome P450 2B6
1-(3,4-Dimethoxyphenyl)-4-decen-3-one	inhibits	Cytochrome P450 2B6
[8]-Shogaol	inhibits	Cytochrome P450 2C8
cis-[6]-Shogaol	inhibits	Cytochrome P450 2C8
[6]-Shogaol	inhibits	Cytochrome P450 2C8
1-(3,4-Dimethoxyphenyl)-4-decen-3-one	inhibits	Cytochrome P450 2C8
[8]-Shogaol	inhibits	Cytochrome P450 2C9
cis-[6]-Shogaol	inhibits	Cytochrome P450 2C9
[6]-Shogaol	inhibits	Cytochrome P450 2C9
1-(3,4-Dimethoxyphenyl)-4-decen-3-one	inhibits	Cytochrome P450 2C9
[8]-Shogaol	inhibits	Cytochrome P450 3A4
cis-[6]-Shogaol	inhibits	Cytochrome P450 3A4
[6]-Shogaol	inhibits	Cytochrome P450 3A4
1-(3,4-Dimethoxyphenyl)-4-decen-3-one	inhibits	Cytochrome P450 3A4
quinolinate	inhibits	Cytochrome P450 3A4
quinolinate	inhibits	Solute carrier organic anion transporter family member 1B1
quinolinate	inhibits	Solute carrier organic anion transporter family member 1B3
Eugenol	inhibits	Cytochrome P450 3A4
Eugenol	inhibits	Solute carrier organic anion transporter family member 1B1
Eugenol	inhibits	Solute carrier organic anion transporter family member 1B3
2-Methylthioribosyl-trans-zeatin	inhibits	Cytochrome P450 2D6
2-Methylthioribosyl-trans-zeatin	inhibits	Cytochrome P450 3A4
Plumbagin	inhibits	Cytochrome P450 1A1
Plumbagin	inhibits	Cytochrome P450 1A2
Plumbagin	inhibits	Cytochrome P450 1B1
Plumbagin	inhibits	Cytochrome P450 2D6
Plumbagin	inhibits	Cytochrome P450 2C9
Plumbagin	inhibits	Cytochrome P450 2C19
Plumbagin	inhibits	Cytochrome P450 3A4
Yamogenin	inhibits	Solute carrier organic anion transporter family member 1B3
Diosgenin	inhibits	Solute carrier organic anion transporter family member 1B3
Yamogenin	inhibits	Solute carrier organic anion transporter family member 1B1
Diosgenin	inhibits	Solute carrier organic anion transporter family member 1B1
Neotigonenin	inhibits	Solute carrier organic anion transporter family member 1B1
Epismilagenin	inhibits	Solute carrier organic anion transporter family member 1B1
Episarsasapogenin	inhibits	Solute carrier organic anion transporter family member 1B1
Tigogenin	inhibits	Solute carrier organic anion transporter family member 1B1
Neotigonenin	inhibits	Solute carrier organic anion transporter family member 1B3
Epismilagenin	inhibits	Solute carrier organic anion transporter family member 1B3
Episarsasapogenin	inhibits	Solute carrier organic anion transporter family member 1B3
Tigogenin	inhibits	Solute carrier organic anion transporter family member 1B3
Juglone	inhibits	Solute carrier organic anion transporter family member 1B1
Juglone	inhibits	Solute carrier organic anion transporter family member 1B3
N-Methyl-D-aspartic acid	inhibits	Solute carrier organic anion transporter family member 1B3
N-Methyl-D-aspartic acid	inhibits	Solute carrier organic anion transporter family member 1B1
Endrin	inhibits	Solute carrier organic anion transporter family member 1B1
Endrin	inhibits	Solute carrier organic anion transporter family member 1B3
Catechin	inhibits	Solute carrier organic anion transporter family member 1B1
Catechin	inhibits	Solute carrier organic anion transporter family member 1B3
Saccharin	inhibits	Solute carrier organic anion transporter family member 1B3
Saccharin, ammonium salt	inhibits	Solute carrier organic anion transporter family member 1B3
Saccharin	inhibits	Solute carrier organic anion transporter family member 1B1
Saccharin, ammonium salt	inhibits	Solute carrier organic anion transporter family member 1B1
Quercitrin	inhibits	Solute carrier organic anion transporter family member 1B1
Quercitrin	inhibits	Solute carrier organic anion transporter family member 1B3
Trigonelline	inhibits	Solute carrier organic anion transporter family member 1B1
Trigonelline	inhibits	Solute carrier organic anion transporter family member 1B3
Chrysoeriol	inhibits	Cytochrome P450 1A2
Chrysoeriol 7-(2''-glucuronylglucuronide)	inhibits	Cytochrome P450 1A2
Chrysoeriol 7-disulfoglucoside	inhibits	Cytochrome P450 1A2
Chrysoeriol 7-triglucuronide	inhibits	Cytochrome P450 1A2
Chrysoeriol	inhibits	Cytochrome P450 1A1
Chrysoeriol 7-(2''-glucuronylglucuronide)	inhibits	Cytochrome P450 1A1
Chrysoeriol 7-disulfoglucoside	inhibits	Cytochrome P450 1A1
Chrysoeriol 7-triglucuronide	inhibits	Cytochrome P450 1A1
Chrysoeriol	inhibits	Cytochrome P450 1B1
Chrysoeriol 7-(2''-glucuronylglucuronide)	inhibits	Cytochrome P450 1B1
Chrysoeriol 7-disulfoglucoside	inhibits	Cytochrome P450 1B1
Chrysoeriol 7-triglucuronide	inhibits	Cytochrome P450 1B1
3,4',7-Trihydroxyflavone	inhibits	Cytochrome P450 2C9
Acacetin	inhibits	Cytochrome P450 1B1
Acacetin 7-diglucoside	inhibits	Cytochrome P450 1B1
Acacetin	inhibits	Cytochrome P450 1A1
Acacetin 7-diglucoside	inhibits	Cytochrome P450 1A1
Acacetin	inhibits	Cytochrome P450 1A2
Acacetin 7-diglucoside	inhibits	Cytochrome P450 1A2
Acacetin	inhibits	Cytochrome P450 2C19
Acacetin 7-diglucoside	inhibits	Cytochrome P450 2C19
Acacetin	inhibits	Cytochrome P450 3A4
Acacetin 7-diglucoside	inhibits	Cytochrome P450 3A4
Acacetin	inhibits	Cytochrome P450 2C9
Acacetin 7-diglucoside	inhibits	Cytochrome P450 2C9
Apigenin 7-O-beta-D-rutinoside	inhibits	Solute carrier organic anion transporter family member 1B1
Rhoifolin	inhibits	Solute carrier organic anion transporter family member 1B1
Apigenin 7-O-beta-D-rutinoside	inhibits	Solute carrier organic anion transporter family member 1B3
Rhoifolin	inhibits	Solute carrier organic anion transporter family member 1B3
Carnosin 44A	inhibits	Solute carrier organic anion transporter family member 1B3
Formononetin	inhibits	Cytochrome P450 2C19
Formononetin	inhibits	Cytochrome P450 2D6
Formononetin	inhibits	Cytochrome P450 2C9
Formononetin	inhibits	Solute carrier organic anion transporter family member 1B1
Formononetin	inhibits	Solute carrier organic anion transporter family member 1B3
Formononetin	inhibits	Cytochrome P450 1B1
Phlorizin	inhibits	Solute carrier organic anion transporter family member 1B3
Phlorizin	inhibits	Solute carrier organic anion transporter family member 1B1
Gentisic acid	inhibits	Solute carrier organic anion transporter family member 1B1
Gentisic acid	inhibits	Solute carrier organic anion transporter family member 1B3
Bergaptol	inhibits	Cytochrome P450 3A4
6''-(4-Hydroxycinnamoyl)astragalin	inhibits	Cytochrome P450 3A4
Kaempferol 3-(p-coumaroyl-glucoside)	inhibits	Cytochrome P450 3A4
3-(Dimethylaminomethyl)indole	inhibits	Cytochrome P450 2D6
3-(Dimethylaminomethyl)indole	inhibits	Cytochrome P450 3A4
Esterase	inhibits	Solute carrier organic anion transporter family member 1B3
Esterase	inhibits	Solute carrier organic anion transporter family member 1B1
Tomatine	inhibits	Solute carrier organic anion transporter family member 1B3
Tomatine	inhibits	Solute carrier organic anion transporter family member 1B1
Phospholipase	inhibits	Cytochrome P450 2C19
Pimpinellidine	inhibits	Cytochrome P450 3A4
Pimpinellidine	inhibits	Solute carrier organic anion transporter family member 1B3
Pimpinellidine	inhibits	Solute carrier organic anion transporter family member 1B1
17-beta-Estradiol glucuronide	inhibits	Solute carrier organic anion transporter family member 1B1
17-beta-Estradiol glucuronide	inhibits	Solute carrier organic anion transporter family member 1B3
Acetyl-L-carnitine	inhibits	Solute carrier organic anion transporter family member 1B3
Acetyl-L-carnitine	inhibits	Solute carrier organic anion transporter family member 1B1
C.I. Acid Green 50	inhibits	Cytochrome P450 3A4
C.I. Acid Green 50	inhibits	Cytochrome P450 2D6
C.I. Acid Green 50	inhibits	Cytochrome P450 2C9
LAPATINIB DITOSYLATE	inhibits	Receptor tyrosine-protein kinase erbB-2
NILOTINIB HYDROCHLORIDE MONOHYDRATE	inhibits	Tyrosine-protein kinase ABL1
DASATINIB ANHYDROUS	inhibits	Tyrosine-protein kinase ABL1
BOSUTINIB	inhibits	Tyrosine-protein kinase ABL1
REGORAFENIB	inhibits	Tyrosine-protein kinase ABL1
IMATINIB MESYLATE	inhibits	Tyrosine-protein kinase ABL1
REGORAFENIB	inhibits	RAF proto-oncogene serine/threonine-protein kinase
SORAFENIB TOSYLATE	inhibits	RAF proto-oncogene serine/threonine-protein kinase
SORAFENIB TOSYLATE	inhibits	Receptor-type tyrosine-protein kinase FLT3
SUNITINIB MALATE	inhibits	Receptor-type tyrosine-protein kinase FLT3
BOSUTINIB	inhibits	Proto-oncogene tyrosine-protein kinase Src
VANDETANIB	inhibits	Proto-oncogene tyrosine-protein kinase Src
PAZOPANIB HYDROCHLORIDE	inhibits	Tyrosine-protein kinase Lck
BOSUTINIB	inhibits	Tyrosine-protein kinase HCK
RUXOLITINIB PHOSPHATE	inhibits	Tyrosine-protein kinase JAK1
TRAMETINIB DIMETHYL SULFOXIDE	inhibits	Dual specificity mitogen-activated protein kinase kinase 2
RUXOLITINIB PHOSPHATE	inhibits	Tyrosine-protein kinase JAK2
BOSUTINIB	inhibits	Tyrosine-protein kinase Lyn
TRAMETINIB DIMETHYL SULFOXIDE	inhibits	Dual specificity mitogen-activated protein kinase kinase 1
REGORAFENIB	inhibits	Mitogen-activated protein kinase 11
PEMETREXED DISODIUM	inhibits	Trifunctional purine biosynthetic protein adenosine-3
REGORAFENIB	inhibits	Tyrosine-protein kinase FRK
DABRAFENIB MESYLATE	inhibits	Serine/threonine-protein kinase B-raf
REGORAFENIB	inhibits	Serine/threonine-protein kinase B-raf
SORAFENIB TOSYLATE	inhibits	Serine/threonine-protein kinase B-raf
VEMURAFENIB	inhibits	Serine/threonine-protein kinase B-raf
PONATINIB HYDROCHLORIDE	inhibits	Bcr/Abl fusion protein
DIMETHYL FUMARATE	inhibits	Kelch-like ECH-associated protein 1
MITOTANE	inhibits	Cytochrome P450 11B1, mitochondrial
LOMITAPIDE MESYLATE	inhibits	Microsomal triglyceride transfer protein
REGORAFENIB	inhibits	Proto-oncogene tyrosine-protein kinase receptor Ret
SORAFENIB TOSYLATE	inhibits	Proto-oncogene tyrosine-protein kinase receptor Ret
SUNITINIB MALATE	inhibits	Proto-oncogene tyrosine-protein kinase receptor Ret
VANDETANIB	inhibits	Proto-oncogene tyrosine-protein kinase receptor Ret
PAZOPANIB HYDROCHLORIDE	inhibits	Tyrosine-protein kinase ITK/TSK
IBRUTINIB	inhibits	Tyrosine-protein kinase BTK
AFATINIB DIMALEATE	inhibits	Receptor tyrosine-protein kinase erbB-2
AFATINIB DIMALEATE	inhibits	Receptor tyrosine-protein kinase erbB-4
COBIMETINIB FUMARATE	inhibits	Dual specificity mitogen-activated protein kinase kinase 1
COBIMETINIB FUMARATE	inhibits	Dual specificity mitogen-activated protein kinase kinase 2
ALECTINIB HYDROCHLORIDE	inhibits	Proto-oncogene tyrosine-protein kinase receptor Ret
ENMD-981693	inhibits	Receptor-type tyrosine-protein kinase FLT3
SU-014813	inhibits	Receptor-type tyrosine-protein kinase FLT3
SAPANISERTIB	inhibits	Serine/threonine-protein kinase mTOR
CERDULATINIB	inhibits	Tyrosine-protein kinase SYK
CERDULATINIB	inhibits	Tyrosine-protein kinase JAK1
CERDULATINIB	inhibits	Tyrosine-protein kinase JAK3
CERDULATINIB	inhibits	Non-receptor tyrosine-protein kinase TYK2
4SC-203	inhibits	Receptor-type tyrosine-protein kinase FLT3
ASCIMINIB	inhibits	Tyrosine-protein kinase ABL1
ILORASERTIB	inhibits	Serine/threonine-protein kinase Aurora
AC-430	inhibits	Tyrosine-protein kinase JAK2
AC-480	inhibits	Receptor tyrosine-protein kinase erbB-2
AC-480	inhibits	Receptor tyrosine-protein kinase erbB-4
AMG-548	inhibits	Mitogen-activated protein kinase 14
AMG-900	inhibits	Serine/threonine-protein kinase Aurora
AR-12	inhibits	3-phosphoinositide-dependent protein kinase 1
MIRANSERTIB	inhibits	Serine/threonine-protein kinase AKT
ARQ-736	inhibits	Serine/threonine-protein kinase B-raf
ARQ-736	inhibits	RAF proto-oncogene serine/threonine-protein kinase
PEXMETINIB	inhibits	Mitogen-activated protein kinase 14
AS-602868	inhibits	Receptor-type tyrosine-protein kinase FLT3
CENISERTIB	inhibits	Serine/threonine-protein kinase Aurora
ALLITINIB	inhibits	Receptor tyrosine-protein kinase erbB-2
AST-487	inhibits	Receptor-type tyrosine-protein kinase FLT3
AST-487	inhibits	Proto-oncogene tyrosine-protein kinase receptor Ret
AT-13148	inhibits	Rho-associated protein kinase
AT-13148	inhibits	MAP kinase-activated protein kinase 2
AZD-0424	inhibits	Tyrosine-protein kinase ABL1
AZD-0424	inhibits	Proto-oncogene tyrosine-protein kinase Src
AZD-1208	inhibits	Serine/threonine-protein kinase PIM
AZD-6703	inhibits	Mitogen-activated protein kinase 14
CERALASERTIB	inhibits	Serine/threonine-protein kinase ATR
AZD-7624	inhibits	Mitogen-activated protein kinase 14
AZD-7762	inhibits	Serine/threonine-protein kinase Chk1
AZD-8055	inhibits	Serine/threonine-protein kinase mTOR
AZD-8330	inhibits	Dual specificity mitogen-activated protein kinase kinase 1
AZD-8330	inhibits	Dual specificity mitogen-activated protein kinase kinase 2
BAY-1125976	inhibits	RAC-alpha serine/threonine-protein kinase
BAY-1125976	inhibits	RAC-beta serine/threonine-protein kinase
BAY-1161909	inhibits	Dual specificity protein kinase TTK
LIFIRAFENIB	inhibits	Serine/threonine-protein kinase B-raf
DORAMAPIMOD	inhibits	Mitogen-activated protein kinase 14
CC-115	inhibits	Serine/threonine-protein kinase mTOR
CC-115	inhibits	DNA-dependent protein kinase catalytic subunit
SPEBRUTINIB BESYLATE	inhibits	Tyrosine-protein kinase BTK
CEP-32496	inhibits	Serine/threonine-protein kinase B-raf
CEP-32496	inhibits	Proto-oncogene tyrosine-protein kinase receptor Ret
CP-724714	inhibits	Receptor tyrosine-protein kinase erbB-2
CT-1578	inhibits	Receptor-type tyrosine-protein kinase FLT3
CT-1578	inhibits	Tyrosine-protein kinase JAK2
CUDC-101	inhibits	Receptor tyrosine-protein kinase erbB-2
CYC-116	inhibits	Serine/threonine-protein kinase Aurora
RAVOXERTINIB	inhibits	Mitogen-activated protein kinase 3
RAVOXERTINIB	inhibits	Mitogen-activated protein kinase 1
SELONSERTIB	inhibits	Mitogen-activated protein kinase kinase kinase 5
OMIPALISIB	inhibits	Serine/threonine-protein kinase mTOR
GSK-461364	inhibits	Serine/threonine-protein kinase PLK1
GSK-690693	inhibits	Serine/threonine-protein kinase AKT
GSK-690693	inhibits	cAMP-dependent protein kinase (PKA)
POSELTINIB	inhibits	Tyrosine-protein kinase BTK
HMN-214	inhibits	Serine/threonine-protein kinase PLK1
SOVLEPLENIB	inhibits	Tyrosine-protein kinase SYK
JNJ-26483327	inhibits	Tyrosine-protein kinase Fyn
JNJ-26483327	inhibits	Tyrosine-protein kinase Lck
JNJ-26483327	inhibits	Tyrosine-protein kinase Lyn
JNJ-26483327	inhibits	Proto-oncogene tyrosine-protein kinase Src
JNJ-26483327	inhibits	Tyrosine-protein kinase Yes
JNJ-26483327	inhibits	Receptor tyrosine-protein kinase erbB-4
JNJ-26483327	inhibits	Receptor tyrosine-protein kinase erbB-2
KW-2449	inhibits	Receptor-type tyrosine-protein kinase FLT3
KW-2449	inhibits	Tyrosine-protein kinase ABL1
LGH-447	inhibits	Serine/threonine-protein kinase PIM
LS-104	inhibits	Tyrosine-protein kinase JAK2
LY-2584702	inhibits	Ribosomal protein S6 kinase beta-1
LY-3009120	inhibits	Serine/threonine-protein kinase B-raf
LY-3009120	inhibits	RAF proto-oncogene serine/threonine-protein kinase
LY-3009120	inhibits	Serine/threonine-protein kinase A-Raf
MK-1496	inhibits	Serine/threonine-protein kinase PLK1
MK-6592	inhibits	Serine/threonine-protein kinase Aurora
MK-8033	inhibits	Macrophage-stimulating protein receptor
MK-8353	inhibits	Mitogen-activated protein kinase 3
MK-8353	inhibits	Mitogen-activated protein kinase 1
BALAMAPIMOD	inhibits	Dual specificity mitogen-activated protein kinase kinase 1
BALAMAPIMOD	inhibits	Dual specificity mitogen-activated protein kinase kinase 2
TOVORAFENIB	inhibits	RAF serine/threonine protein kinase
AV-412	inhibits	Receptor tyrosine-protein kinase erbB-2
RUPITASERTIB	inhibits	RAC-alpha serine/threonine-protein kinase
RUPITASERTIB	inhibits	RAC-gamma serine/threonine-protein kinase
RUPITASERTIB	inhibits	Ribosomal protein S6 kinase (P70S6K)
ONVANSERTIB	inhibits	Serine/threonine-protein kinase PLK1
TIRABRUTINIB	inhibits	Tyrosine-protein kinase BTK
TUCATINIB	inhibits	Receptor tyrosine-protein kinase erbB-2
PANULISIB	inhibits	Serine/threonine-protein kinase mTOR
PALOMID-529	inhibits	Serine/threonine-protein kinase mTOR
PD-0166285 HYDROCHLORIDE	inhibits	Proto-oncogene tyrosine-protein kinase Src
PF-00477736	inhibits	Serine/threonine-protein kinase Chk1
PF-03715455	inhibits	Mitogen-activated protein kinase 14
PF-03758309	inhibits	Serine/threonine-protein kinase PAK 4
ABROCITINIB	inhibits	Tyrosine-protein kinase JAK1
PKI-179	inhibits	Serine/threonine-protein kinase mTOR
PLIXORAFENIB	inhibits	Serine/threonine-protein kinase B-raf
R-1487 HYDROCHLORIDE	inhibits	Mitogen-activated protein kinase 14
R-348	inhibits	Tyrosine-protein kinase JAK3
R-348	inhibits	Tyrosine-protein kinase SYK
TRICETAMIDE	inhibits	Tyrosine-protein kinase JAK1
TRICETAMIDE	inhibits	Tyrosine-protein kinase JAK3
AVUTOMETINIB	inhibits	Dual specificity mitogen-activated protein kinase kinase 1
AVUTOMETINIB	inhibits	Dual specificity mitogen-activated protein kinase kinase 2
RG-7602	inhibits	Serine/threonine-protein kinase Chk1
RG-7603	inhibits	Serine/threonine-protein kinase mTOR
RO-3201195	inhibits	Mitogen-activated protein kinase 14
RO-4987655	inhibits	Dual specificity mitogen-activated protein kinase kinase 1
RO-4987655	inhibits	Dual specificity mitogen-activated protein kinase kinase 2
RWJ-67657	inhibits	Mitogen-activated protein kinase 14
RWJ-67657	inhibits	Mitogen-activated protein kinase 11
SCH-900776	inhibits	Serine/threonine-protein kinase Chk1
SCIO-323	inhibits	Mitogen-activated protein kinase 14
SD-0006	inhibits	Mitogen-activated protein kinase 14
SF-1126	inhibits	Serine/threonine-protein kinase mTOR
SGI-1776	inhibits	Serine/threonine-protein kinase PIM
SNS-314	inhibits	Serine/threonine-protein kinase Aurora
SR-13668	inhibits	RAC-alpha serine/threonine-protein kinase
MUBRITINIB	inhibits	Receptor tyrosine-protein kinase erbB-2
TAK-285	inhibits	Receptor tyrosine-protein kinase erbB-2
MIVAVOTINIB CITRATE	inhibits	Tyrosine-protein kinase SYK
TAK-733	inhibits	Dual specificity mitogen-activated protein kinase kinase 1
TAK-733	inhibits	Dual specificity mitogen-activated protein kinase kinase 2
TAK-960	inhibits	Serine/threonine-protein kinase PLK1
ZOTIRACICLIB	inhibits	Receptor-type tyrosine-protein kinase FLT3
ZOTIRACICLIB	inhibits	Tyrosine-protein kinase JAK2
VS-5584	inhibits	Serine/threonine-protein kinase mTOR
BERZOSERTIB	inhibits	Serine/threonine-protein kinase ATR
WHI-P131	inhibits	Tyrosine-protein kinase JAK3
XL-019	inhibits	Tyrosine-protein kinase JAK2
XL-228	inhibits	Tyrosine-protein kinase ABL1
XL-418	inhibits	Serine/threonine-protein kinase AKT
XL-418	inhibits	Ribosomal protein S6 kinase (P70S6K)
Y-39983	inhibits	Rho-associated protein kinase
RG-1530	inhibits	Receptor-type tyrosine-protein kinase FLT3
RG-1530	inhibits	Serine/threonine-protein kinase PLK4
CEP-2563 DIHYDROCHLORIDE	inhibits	Proto-oncogene tyrosine-protein kinase receptor Ret
CEP-2563 DIHYDROCHLORIDE	inhibits	Receptor-type tyrosine-protein kinase FLT3
BAY-1217389	inhibits	Dual specificity protein kinase TTK
PYROTINIB	inhibits	Receptor tyrosine-protein kinase erbB-2
AEE-788	inhibits	Receptor tyrosine-protein kinase erbB-2
AKN-028	inhibits	Receptor-type tyrosine-protein kinase FLT3
VEROSUDIL	inhibits	Rho-associated protein kinase
VARLITINIB	inhibits	Receptor tyrosine-protein kinase erbB-2
ARRY-797	inhibits	Mitogen-activated protein kinase 14
PIMASERTIB	inhibits	Dual specificity mitogen-activated protein kinase kinase 1
PIMASERTIB	inhibits	Dual specificity mitogen-activated protein kinase kinase 2
AT-9283	inhibits	Tyrosine-protein kinase ABL1
AT-9283	inhibits	Receptor-type tyrosine-protein kinase FLT3
AT-9283	inhibits	Tyrosine-protein kinase JAK2
AT-9283	inhibits	Tyrosine-protein kinase JAK3
AZD-1480	inhibits	Tyrosine-protein kinase JAK2
ADAVOSERTIB	inhibits	Wee1-like protein kinase
SELUMETINIB	inhibits	Dual specificity mitogen-activated protein kinase kinase 1
SELUMETINIB	inhibits	Dual specificity mitogen-activated protein kinase kinase 2
SAPITINIB	inhibits	Receptor tyrosine-protein kinase erbB-2
SAPITINIB	inhibits	Receptor tyrosine-protein kinase erbB-3
AZM-475271	inhibits	Tyrosine-protein kinase ABL1
AZM-475271	inhibits	Proto-oncogene tyrosine-protein kinase Src
REFAMETINIB	inhibits	Dual specificity mitogen-activated protein kinase kinase 1
REFAMETINIB	inhibits	Dual specificity mitogen-activated protein kinase kinase 2
DACTOLISIB	inhibits	Serine/threonine-protein kinase mTOR
BGT-226	inhibits	Serine/threonine-protein kinase mTOR
BI-2536	inhibits	Serine/threonine-protein kinase PLK1
BMS-582949	inhibits	Mitogen-activated protein kinase 14
BMS-690514	inhibits	Receptor tyrosine-protein kinase erbB-2
BMS-690514	inhibits	Receptor tyrosine-protein kinase erbB-4
BMS-863233	inhibits	Cell division cycle 7-related protein kinase
BMS-911543	inhibits	Tyrosine-protein kinase JAK2
ULIXERTINIB	inhibits	Mitogen-activated protein kinase 3
ULIXERTINIB	inhibits	Mitogen-activated protein kinase 1
C-1311	inhibits	Receptor-type tyrosine-protein kinase FLT3
ONATASERTIB	inhibits	Serine/threonine-protein kinase mTOR
CC-401	inhibits	Mitogen-activated protein kinase 8
CC-401	inhibits	Mitogen-activated protein kinase 9
CC-401	inhibits	Mitogen-activated protein kinase 10
TANZISERTIB	inhibits	Mitogen-activated protein kinase 8
TANZISERTIB	inhibits	Mitogen-activated protein kinase 9
TANZISERTIB	inhibits	Mitogen-activated protein kinase 10
CI-1040	inhibits	Dual specificity mitogen-activated protein kinase kinase 1
CI-1040	inhibits	Dual specificity mitogen-activated protein kinase kinase 2
SEMAPIMOD	inhibits	Mitogen-activated protein kinase 14
CRENOLANIB	inhibits	Receptor-type tyrosine-protein kinase FLT3
REBASTINIB	inhibits	Tyrosine-protein kinase ABL1
E-6201	inhibits	Dual specificity mitogen-activated protein kinase kinase 1
E-6201	inhibits	Mitogen-activated protein kinase kinase kinase 1
ENMD-2076	inhibits	Receptor-type tyrosine-protein kinase FLT3
GLPG-0259	inhibits	MAP kinase-activated protein kinase 5
FILGOTINIB	inhibits	Tyrosine-protein kinase JAK1
ENTOSPLETINIB	inhibits	Tyrosine-protein kinase SYK
FORETINIB	inhibits	Receptor-type tyrosine-protein kinase FLT3
AFURESERTIB	inhibits	Serine/threonine-protein kinase AKT
UPROSERTIB	inhibits	Serine/threonine-protein kinase AKT
SOLCITINIB	inhibits	Tyrosine-protein kinase JAK1
DILMAPIMOD	inhibits	Mitogen-activated protein kinase 14
BAFETINIB	inhibits	Tyrosine-protein kinase ABL1
BAFETINIB	inhibits	Tyrosine-protein kinase Lyn
MASOPROCOL	inhibits	Receptor tyrosine-protein kinase erbB-2
ITX-5061	inhibits	Mitogen-activated protein kinase 14
TIRBANIBULIN	inhibits	Proto-oncogene tyrosine-protein kinase Src
RALIMETINIB	inhibits	Mitogen-activated protein kinase 14
RABUSERTIB	inhibits	Serine/threonine-protein kinase Chk1
GANDOTINIB	inhibits	Tyrosine-protein kinase JAK2
TOZASERTIB	inhibits	Serine/threonine-protein kinase Aurora
MK-2206	inhibits	Serine/threonine-protein kinase AKT
TANDUTINIB	inhibits	Receptor-type tyrosine-protein kinase FLT3
AMUVATINIB	inhibits	Receptor-type tyrosine-protein kinase FLT3
NS-018	inhibits	Tyrosine-protein kinase JAK2
OSI-027	inhibits	Serine/threonine-protein kinase mTOR
MIRDAMETINIB	inhibits	Dual specificity mitogen-activated protein kinase kinase 1
MIRDAMETINIB	inhibits	Dual specificity mitogen-activated protein kinase kinase 2
PF-04691502	inhibits	Serine/threonine-protein kinase mTOR
GEDATOLISIB	inhibits	Serine/threonine-protein kinase mTOR
PH-797804	inhibits	Mitogen-activated protein kinase 14
DANUSERTIB	inhibits	Serine/threonine-protein kinase Aurora
PEXIDARTINIB	inhibits	Receptor-type tyrosine-protein kinase FLT3
R-112	inhibits	Tyrosine-protein kinase SYK
PAMAPIMOD	inhibits	Mitogen-activated protein kinase 14
R-343	inhibits	Tyrosine-protein kinase SYK
R-406	inhibits	Tyrosine-protein kinase SYK
RAF-265	inhibits	Serine/threonine-protein kinase B-raf
APITOLISIB	inhibits	Serine/threonine-protein kinase mTOR
IPATASERTIB	inhibits	Serine/threonine-protein kinase AKT
VOXTALISIB	inhibits	Serine/threonine-protein kinase mTOR
SAR-407899	inhibits	Rho-associated protein kinase
TALMAPIMOD	inhibits	Mitogen-activated protein kinase 14
FAMITINIB	inhibits	Receptor-type tyrosine-protein kinase FLT3
TAK-715	inhibits	Mitogen-activated protein kinase 14
UCN-01	inhibits	Serine/threonine-protein kinase Chk1
UCN-01	inhibits	3-phosphoinositide-dependent protein kinase 1
TRICIRIBINE PHOSPHATE	inhibits	Serine/threonine-protein kinase AKT
DECERNOTINIB	inhibits	Tyrosine-protein kinase JAK3
VX-702	inhibits	Mitogen-activated protein kinase 14
NEFLAMAPIMOD	inhibits	Mitogen-activated protein kinase 14
XL-281	inhibits	Serine/threonine-protein kinase B-raf
XL-281	inhibits	RAF proto-oncogene serine/threonine-protein kinase
TESEVATINIB	inhibits	Receptor tyrosine-protein kinase erbB-2
XL-999	inhibits	Receptor-type tyrosine-protein kinase FLT3
SAMOTOLISIB	inhibits	Serine/threonine-protein kinase mTOR
TABIMORELIN	inhibits	Cytochrome P450 3A4
ITACITINIB	inhibits	Tyrosine-protein kinase JAK1
GILTERITINIB	inhibits	Receptor-type tyrosine-protein kinase FLT3
GILTERITINIB	inhibits	Tyrosine-protein kinase receptor UFO
ACUMAPIMOD	inhibits	Mitogen-activated protein kinase 14
BEMCENTINIB	inhibits	Tyrosine-protein kinase receptor UFO
LINIFANIB	inhibits	Receptor-type tyrosine-protein kinase FLT3
QUIZARTINIB	inhibits	Receptor-type tyrosine-protein kinase FLT3
QUIZARTINIB	inhibits	Proto-oncogene tyrosine-protein kinase receptor Ret
SARACATINIB	inhibits	Tyrosine-protein kinase ABL1
SARACATINIB	inhibits	Proto-oncogene tyrosine-protein kinase Src
VOLASERTIB	inhibits	Serine/threonine-protein kinase PLK1
CEP-1347	inhibits	Mitogen-activated protein kinase kinase kinase 11
CEP-1347	inhibits	Mitogen-activated protein kinase kinase kinase 10
CEP-1347	inhibits	Mitogen-activated protein kinase kinase kinase 9
CEP-1347	inhibits	Mitogen-activated protein kinase kinase kinase 13
CEP-1347	inhibits	Mitogen-activated protein kinase kinase kinase 12
LESTAURTINIB	inhibits	Receptor-type tyrosine-protein kinase FLT3
LESTAURTINIB	inhibits	Tyrosine-protein kinase JAK2
LESTAURTINIB	inhibits	Proto-oncogene tyrosine-protein kinase receptor Ret
CANERTINIB DIHYDROCHLORIDE	inhibits	Receptor tyrosine-protein kinase erbB-2
CANERTINIB DIHYDROCHLORIDE	inhibits	Receptor tyrosine-protein kinase erbB-4
MOMELOTINIB	inhibits	Tyrosine-protein kinase JAK1
MOMELOTINIB	inhibits	Tyrosine-protein kinase JAK2
LOSMAPIMOD	inhibits	Mitogen-activated protein kinase 14
LOSMAPIMOD	inhibits	Mitogen-activated protein kinase 11
FLUMATINIB	inhibits	Tyrosine-protein kinase ABL1
NERATINIB	inhibits	Receptor tyrosine-protein kinase erbB-2
BARICITINIB	inhibits	Tyrosine-protein kinase JAK1
BARICITINIB	inhibits	Tyrosine-protein kinase JAK2
ENCORAFENIB	inhibits	Serine/threonine-protein kinase B-raf
BINIMETINIB	inhibits	Dual specificity mitogen-activated protein kinase kinase 1
BINIMETINIB	inhibits	Dual specificity mitogen-activated protein kinase kinase 2
DACOMITINIB	inhibits	Receptor tyrosine-protein kinase erbB-2
DACOMITINIB	inhibits	Receptor tyrosine-protein kinase erbB-4
MIDOSTAURIN	inhibits	Receptor-type tyrosine-protein kinase FLT3
FOSTAMATINIB	inhibits	Tyrosine-protein kinase SYK
COBIMETINIB	inhibits	Dual specificity mitogen-activated protein kinase kinase 1
COBIMETINIB	inhibits	Dual specificity mitogen-activated protein kinase kinase 2
FEDRATINIB	inhibits	Receptor-type tyrosine-protein kinase FLT3
FEDRATINIB	inhibits	Tyrosine-protein kinase JAK2
PACRITINIB	inhibits	Tyrosine-protein kinase JAK2
PACRITINIB	inhibits	Receptor-type tyrosine-protein kinase FLT3
DOVITINIB	inhibits	Receptor-type tyrosine-protein kinase FLT3
MOTESANIB	inhibits	Proto-oncogene tyrosine-protein kinase receptor Ret
TARIQUIDAR	inhibits	ATP-dependent translocase ABCB1
ANACETRAPIB	inhibits	Cholesteryl ester transfer protein
DALCETRAPIB	inhibits	Cholesteryl ester transfer protein
RIDAFOROLIMUS	inhibits	Serine/threonine-protein kinase mTOR
FIBOFLAPON	inhibits	Arachidonate 5-lipoxygenase-activating protein
FIBOFLAPON SODIUM	inhibits	Arachidonate 5-lipoxygenase-activating protein
EVACETRAPIB	inhibits	Cholesteryl ester transfer protein
GANETESPIB	inhibits	Heat shock protein HSP90
RETASPIMYCIN HYDROCHLORIDE	inhibits	Heat shock protein HSP90
LITRONESIB	inhibits	Kinesin-like protein KIF11
FORIGERIMOD ACETATE	inhibits	Heat shock cognate 71 kDa protein
TANESPIMYCIN	inhibits	Heat shock protein HSP90
PREXASERTIB	inhibits	Serine/threonine-protein kinase Chk1
OBATOCLAX MESYLATE	inhibits	Bcl-2-like protein 1
OBATOCLAX MESYLATE	inhibits	Bcl-2-like protein 2
OBATOCLAX MESYLATE	inhibits	Induced myeloid leukemia cell differentiation protein Mcl-1
OBATOCLAX MESYLATE	inhibits	Bcl-2-related protein A1
OBATOCLAX MESYLATE	inhibits	Bcl-2-like protein 10
NAVITOCLAX	inhibits	Bcl-2-like protein 1
NAVITOCLAX	inhibits	Bcl-2-like protein 2
PREXASERTIB	inhibits	Serine/threonine-protein kinase Chk2
MARIMASTAT	inhibits	Matrix metalloproteinase-9
MEPAZINE ACETATE	inhibits	Mucosa-associated lymphoid tissue lymphoma translocation protein 1
PERHEXILINE MALEATE	inhibits	Serine/threonine-protein kinase mTOR
ACALABRUTINIB	inhibits	Tyrosine-protein kinase BTK
NETARSUDIL DIMESYLATE	inhibits	Rho-associated protein kinase
CAPIVASERTIB	inhibits	Serine/threonine-protein kinase AKT
GLESATINIB	inhibits	Macrophage-stimulating protein receptor
VISTUSERTIB	inhibits	Serine/threonine-protein kinase mTOR
FOSTAMATINIB DISODIUM	inhibits	Tyrosine-protein kinase SYK
GILTERITINIB FUMARATE	inhibits	Receptor-type tyrosine-protein kinase FLT3
DACOMITINIB ANHYDROUS	inhibits	Receptor tyrosine-protein kinase erbB-2
DACOMITINIB ANHYDROUS	inhibits	Receptor tyrosine-protein kinase erbB-4
GILTERITINIB FUMARATE	inhibits	Tyrosine-protein kinase receptor UFO
NERATINIB	inhibits	Receptor tyrosine-protein kinase erbB-4
NERATINIB MALEATE	inhibits	Receptor tyrosine-protein kinase erbB-2
NERATINIB MALEATE	inhibits	Receptor tyrosine-protein kinase erbB-4
PEXIDARTINIB HYDROCHLORIDE	inhibits	Receptor-type tyrosine-protein kinase FLT3
RITLECITINIB	inhibits	Tyrosine-protein kinase JAK3
FEDRATINIB HYDROCHLORIDE	inhibits	Tyrosine-protein kinase JAK2
FEDRATINIB HYDROCHLORIDE	inhibits	Receptor-type tyrosine-protein kinase FLT3
ENTRECTINIB	inhibits	Proto-oncogene tyrosine-protein kinase ROS
ZANUBRUTINIB	inhibits	Tyrosine-protein kinase BTK
OSILODROSTAT PHOSPHATE	inhibits	Cytochrome P450 11B1, mitochondrial
TRAMETINIB	inhibits	Dual specificity mitogen-activated protein kinase kinase; MEK1/2
TORCETRAPIB	inhibits	Cholesteryl ester transfer protein
OBICETRAPIB	inhibits	Cholesteryl ester transfer protein
SELPERCATINIB	inhibits	Proto-oncogene tyrosine-protein kinase receptor Ret
DIROXIMEL FUMARATE	inhibits	Kelch-like ECH-associated protein 1
MONOMETHYL FUMARATE	inhibits	Kelch-like ECH-associated protein 1
SELPERCATINIB	inhibits	Kinesin-1 heavy chain/ Tyrosine-protein kinase receptor RET
SELPERCATINIB	inhibits	Coiled-coil domain-containing protein 6/Tyrosine-protein kinase receptor RET
PRALSETINIB	inhibits	Proto-oncogene tyrosine-protein kinase receptor Ret
PRALSETINIB	inhibits	Coiled-coil domain-containing protein 6/Tyrosine-protein kinase receptor RET
PRALSETINIB	inhibits	Kinesin-1 heavy chain/ Tyrosine-protein kinase receptor RET
SELUMETINIB SULFATE	inhibits	Dual specificity mitogen-activated protein kinase kinase; MEK1/2
ROCACETRAPIB	inhibits	Cholesteryl ester transfer protein
IMPLITAPIDE	inhibits	Microsomal triglyceride transfer protein
BRANEBRUTINIB	inhibits	Tyrosine-protein kinase BTK
BREPOCITINIB	inhibits	Non-receptor tyrosine-protein kinase TYK2
LB-100	inhibits	Serine/threonine-protein phosphatase 2A catalytic subunit alpha isoform
RADOTINIB	inhibits	Bcr/Abl fusion protein
BMS-986142	inhibits	Tyrosine-protein kinase BTK
BREPOCITINIB	inhibits	Tyrosine-protein kinase JAK1
NAVTEMADLIN	inhibits	Tumour suppressor p53/oncoprotein Mdm2
EVOBRUTINIB	inhibits	Tyrosine-protein kinase BTK
ELSUBRUTINIB	inhibits	Tyrosine-protein kinase BTK
FENEBRUTINIB	inhibits	Tyrosine-protein kinase BTK
RILZABRUTINIB	inhibits	Tyrosine-protein kinase BTK
LB-100	inhibits	Serine/threonine-protein phosphatase 2A catalytic subunit beta isoform
LB-100	inhibits	Serine/threonine-protein phosphatase 5
BIIB021	inhibits	Heat shock protein HSP90
OCIFISERTIB	inhibits	Serine/threonine-protein kinase PLK4
ABIVERTINIB MALEATE	inhibits	Tyrosine-protein kinase BTK
ABIVERTINIB	inhibits	Tyrosine-protein kinase BTK
ZOSUQUIDAR	inhibits	ATP-dependent translocase ABCB1
GUSACITINIB	inhibits	Tyrosine-protein kinase SYK
BATOPROTAFIB	inhibits	Tyrosine-protein phosphatase non-receptor type 11
ONO-2952	inhibits	Translocator protein
ALVESPIMYCIN	inhibits	Heat shock protein HSP90
FILANESIB	inhibits	Kinesin-like protein KIF11
AZD-1236	inhibits	Matrix metalloproteinase-9
ISPINESIB	inhibits	Kinesin-like protein KIF11
ONALESPIB	inhibits	Heat shock protein HSP90
LANRAPLENIB	inhibits	Tyrosine-protein kinase SYK
SLX-4090	inhibits	Microsomal triglyceride transfer protein
TOMIVOSERTIB	inhibits	MAP kinase-interacting serine/threonine-protein kinase 1/2
RAZUPROTAFIB	inhibits	Receptor-type tyrosine-protein phosphatase beta
SNX 5422	inhibits	Heat shock protein HSP90
AZD-4877	inhibits	Kinesin-like protein KIF11
VECABRUTINIB	inhibits	Tyrosine-protein kinase BTK
TAS0612	inhibits	Serine/threonine-protein kinase AKT
TAS0612	inhibits	Ribosomal protein S6 kinase (P70S6K)
RUSERONTINIB	inhibits	Receptor-type tyrosine-protein kinase FLT3
RUSERONTINIB	inhibits	Tyrosine-protein kinase ABL1
NINGETINIB	inhibits	Tyrosine-protein kinase Mer
NINGETINIB	inhibits	Receptor-type tyrosine-protein kinase FLT3
M4344	inhibits	Serine/threonine-protein kinase ATR
TEMUTERKIB	inhibits	Mitogen-activated protein kinase; ERK1/ERK2
ALRIZOMADLIN	inhibits	Tumour suppressor p53/oncoprotein Mdm2
ASN007	inhibits	Mitogen-activated protein kinase; ERK1/ERK2
GOLIDOCITINIB	inhibits	Tyrosine-protein kinase JAK1
BELVARAFENIB	inhibits	RAF serine/threonine protein kinase
BELZUTIFAN	inhibits	Endothelial PAS domain-containing protein 1
NAPORAFENIB	inhibits	B-raf/RAF proto-oncogene serine/threonine-protein kinase
ELIMUSERTIB	inhibits	Serine/threonine-protein kinase ATR
FF-10101	inhibits	Receptor-type tyrosine-protein kinase FLT3
KO-947	inhibits	Mitogen-activated protein kinase; ERK1/ERK2
NINGETINIB	inhibits	Tyrosine-protein kinase receptor UFO
IMATINIB MESYLATE	inhibits	Bcr/Abl fusion protein
DASATINIB ANHYDROUS	inhibits	Bcr/Abl fusion protein
BOSUTINIB MONOHYDRATE	inhibits	Bcr/Abl fusion protein
NILOTINIB HYDROCHLORIDE MONOHYDRATE	inhibits	Bcr/Abl fusion protein
ROPSACITINIB	inhibits	Non-receptor tyrosine-protein kinase TYK2
CFI-400945	inhibits	Serine/threonine-protein kinase PLK4
VODOBATINIB	inhibits	Tyrosine-protein kinase ABL1
BRIMAPITIDE	inhibits	Mitogen-activated protein kinase 10
IDASANUTLIN	inhibits	Tumour suppressor p53/oncoprotein Mdm2
LUMINESPIB	inhibits	Heat shock protein HSP90
OLVEREMBATINIB	inhibits	Bcr/Abl fusion protein
VODOBATINIB	inhibits	Bcr/Abl fusion protein
RIPASUDIL	inhibits	Rho-associated protein kinase
FASUDIL	inhibits	Rho-associated protein kinase
BELUMOSUDIL	inhibits	Rho-associated protein kinase 2
BELUMOSUDIL MESYLATE	inhibits	Rho-associated protein kinase
DAPANSUTRILE	inhibits	NACHT, LRR and PYD domains-containing protein 3
VELIFLAPON	inhibits	Arachidonate 5-lipoxygenase-activating protein
RIPASUDIL HYDROCHLORIDE DIHYDRATE	inhibits	Rho-associated protein kinase
BRIMAPITIDE, C-TERMINAL ACID	inhibits	Mitogen-activated protein kinase 10
ORELABRUTINIB	inhibits	Tyrosine-protein kinase BTK
PIRTOBRUTINIB	inhibits	Tyrosine-protein kinase BTK
SIMUROSERTIB	inhibits	Cell division cycle 7-related protein kinase
UMBRALISIB TOSYLATE	inhibits	Tyrosine-protein kinase ABL1
CTS-1027	inhibits	Matrix metalloproteinase-14
BIRICODAR	inhibits	ATP-dependent translocase ABCB1
TILPISERTIB	inhibits	Mitogen-activated protein kinase kinase kinase 8
ZANDATRIGINE	inhibits	Sodium channel protein type 8 subunit alpha
EDRALBRUTINIB	inhibits	Tyrosine-protein kinase BTK
LEVOKETOCONAZOLE	inhibits	Cytochrome P450 11B1, mitochondrial
PELITREXOL	inhibits	Trifunctional purine biosynthetic protein adenosine-3
SIREMADLIN	inhibits	Tumour suppressor p53/oncoprotein Mdm2
REBIMASTAT	inhibits	Matrix metalloproteinase-9
REBIMASTAT	inhibits	Matrix metalloproteinase-14
AZENOSERTIB	inhibits	Wee1-like protein kinase
TALETRECTINIB	inhibits	Proto-oncogene tyrosine-protein kinase ROS
TOLEBRUTINIB	inhibits	Tyrosine-protein kinase BTK
ALDUMASTAT	inhibits	A disintegrin and metalloproteinase with thrombospondin motifs 5
BIRICODAR	inhibits	Multidrug resistance-associated protein 1
APRATASTAT	inhibits	Disintegrin and metalloproteinase domain-containing protein 17
CTS-1027	inhibits	Matrix metalloproteinase-9
ENCEQUIDAR	inhibits	ATP-dependent translocase ABCB1
SETOGEPRAM	inhibits	G-protein coupled receptor 84
VALSPODAR	inhibits	ATP-dependent translocase ABCB1
EX-527	inhibits	NAD-dependent protein deacetylase sirtuin-1
GSK2982772	inhibits	Receptor-interacting serine/threonine-protein kinase 1
ASCIMINIB HYDROCHLORIDE	inhibits	Bcr/Abl fusion protein
ACALABRUTINIB MALEATE	inhibits	Tyrosine-protein kinase BTK
PACRITINIB CITRATE	inhibits	Tyrosine-protein kinase JAK2
PACRITINIB CITRATE	inhibits	Receptor-type tyrosine-protein kinase FLT3
PEMETREXED TROMETHAMINE	inhibits	Trifunctional purine biosynthetic protein adenosine-3
RITLECITINIB TOSYLATE	inhibits	Tyrosine-protein kinase JAK3
PEMETREXED	inhibits	Trifunctional purine biosynthetic protein adenosine-3
REPOTRECTINIB	inhibits	Proto-oncogene tyrosine-protein kinase ROS
FILGOTINIB	inhibits	Tyrosine-protein kinase JAK2
FILGOTINIB	inhibits	Non-receptor tyrosine-protein kinase TYK2
FILGOTINIB	inhibits	Tyrosine-protein kinase JAK3
SUNITINIB	inhibits	Receptor-type tyrosine-protein kinase FLT3
SUNITINIB	inhibits	Proto-oncogene tyrosine-protein kinase receptor Ret
FILGOTINIB MALEATE	inhibits	Tyrosine-protein kinase JAK1
FILGOTINIB MALEATE	inhibits	Tyrosine-protein kinase JAK3
FILGOTINIB MALEATE	inhibits	Non-receptor tyrosine-protein kinase TYK2
FILGOTINIB MALEATE	inhibits	Tyrosine-protein kinase JAK2
PEMETREXED MONOHYDRATE	inhibits	Trifunctional purine biosynthetic protein adenosine-3
UPADACITINIB HEMIHYDRATE	inhibits	Non-receptor tyrosine-protein kinase TYK2
UPADACITINIB HEMIHYDRATE	inhibits	Tyrosine-protein kinase JAK3
UPADACITINIB HEMIHYDRATE	inhibits	Tyrosine-protein kinase JAK2
UPADACITINIB HEMIHYDRATE	inhibits	Tyrosine-protein kinase JAK1
QUIZARTINIB DIHYDROCHLORIDE	inhibits	Receptor-type tyrosine-protein kinase FLT3
DEURUXOLITINIB PHOSPHATE	inhibits	Tyrosine-protein kinase JAK3
DEURUXOLITINIB PHOSPHATE	inhibits	Tyrosine-protein kinase JAK2
MOMELOTINIB DIHYDROCHLORIDE MONOHYDRATE	inhibits	Tyrosine-protein kinase JAK2
DEURUXOLITINIB PHOSPHATE	inhibits	Tyrosine-protein kinase JAK1
PEMETREXED DIPOTASSIUM	inhibits	Trifunctional purine biosynthetic protein adenosine-3
DEURUXOLITINIB PHOSPHATE	inhibits	Non-receptor tyrosine-protein kinase TYK2
MOMELOTINIB DIHYDROCHLORIDE MONOHYDRATE	inhibits	Tyrosine-protein kinase JAK1
DASATINIB	inhibits	Bcr/Abl fusion protein
LORECIVIVINT	inhibits	Dual specificity protein kinase CLK2
CRIZOTINIB	inhibits	Proto-oncogene tyrosine-protein kinase ROS
METYRAPONE	inhibits	Cytochrome P450 11B1, mitochondrial
CRIZOTINIB	inhibits	Macrophage-stimulating protein receptor
Lepirudin	inhibits	F2
Bivalirudin	inhibits	MPO
Bivalirudin	inhibits	F2
Peginterferon alfa-2a	inhibits	CYP1A2
Peginterferon alfa-2a	activates	IFNAR2
Peginterferon alfa-2a	activates	IFNAR1
Peginterferon alfa-2a	modulates	IFNA2
Alteplase	activates	PLG
Alteplase	binds	FGA
Alteplase	binds	FGG
Alteplase	binds	SERPINE1
Interferon alfa-n1	inhibits	CYP1A2
Interferon alfa-n1	activates	IFNAR1
Interferon alfa-n1	activates	IFNAR2
Darbepoetin alfa	activates	EPOR
Urokinase	substrate_of	MMP12
Urokinase	activates	PLG
Urokinase	induces	PLAUR
Urokinase	modulates	PLAUR
Urokinase	substrate_of	SERPINE1
Urokinase	induces	SERPINE1
Urokinase	substrate_of	SERPINB2
Urokinase	induces	SERPINB2
Urokinase	modulates	PLAU
Urokinase	substrate_of	SERPINA5
Urokinase	substrate_of	LRP2
Urokinase	substrate_of	ST14
Urokinase	binds	NID1
Reteplase	activates	PLG
Reteplase	binds	FGA
Reteplase	binds	SERPINE1
Erythropoietin	activates	EPOR
Salmon calcitonin	activates	CALCR
Peginterferon alfa-2b	inhibits	CYP1A2
Peginterferon alfa-2b	inhibits	CYP2D6
Peginterferon alfa-2b	induces	CYP2C9
Peginterferon alfa-2b	activates	IFNAR1
Peginterferon alfa-2b	activates	IFNAR2
Peginterferon alfa-2b	modulates	IFNA2
Anistreplase	activates	PLG
Anistreplase	binds	FGA
Anistreplase	binds	SERPINE1
Insulin human	substrate_of	IDE
Insulin human	activates	PCSK2
Insulin human	activates	PCSK1
Insulin human	induces	CYP1A2
Insulin human	activates	INSR
Insulin human	activates	IGF1R
Insulin human	modulates	CPE
Insulin human	binds	CCN3
Insulin human	substrate_of	LRP2
Insulin human	inhibits	IGFBP7
Insulin human	binds	IGFBP7
Tenecteplase	activates	PLG
Interferon gamma-1b	inhibits	CYP1A2
Interferon gamma-1b	binds	IFNGR1
Interferon gamma-1b	binds	IFNGR2
Interferon alfa-2a	inhibits	CYP1A2
Interferon alfa-2a	binds	IFNAR1
Interferon alfa-2a	binds	IFNAR2
Abciximab	inhibits	ITGB3
Abciximab	inhibits	ITGA2B
Abciximab	binds	FCGR2A
Abciximab	binds	FCGR2B
Abciximab	binds	VTN
Drotrecogin alfa	inhibits	F8
Drotrecogin alfa	inhibits	F5
Drotrecogin alfa	binds	SERPINE1
Drotrecogin alfa	binds	THBD
Drotrecogin alfa	binds	PROS1
Drotrecogin alfa	binds	F2
Drotrecogin alfa	binds	PF4
Drotrecogin alfa	binds	SERPINA5
Drotrecogin alfa	binds	SERPINB6
Drotrecogin alfa	binds	PROCR
Pegaspargase	inhibits	SERPINA7
Interferon beta-1a	inhibits	CYP1A2
Interferon beta-1a	activates	IFNAR1
Interferon beta-1a	activates	IFNAR2
Interferon beta-1a	modulates	IFNB1
Eptifibatide	modulates	ITGB3
Eptifibatide	modulates	ITGA2B
Eptifibatide	inhibits	CACNA2D1
Interferon beta-1b	inhibits	CYP1A2
Interferon beta-1b	activates	IFNAR1
Interferon beta-1b	activates	IFNAR2
Insulin pork	induces	CYP1A2
Insulin pork	substrate_of	IDE
Insulin pork	binds	INSR
Insulin pork	binds	IGF1R
Ibritumomab tiuxetan	binds	MS4A1
Streptokinase	induces	PLA2G4A
Streptokinase	activates	PLG
Streptokinase	activates	F2R
Cyclosporine	inhibits	CYP2C19
Cyclosporine	inhibits	CYP2D6
Cyclosporine	substrate_of	CYP3A5
Cyclosporine	substrate_of	CYP3A4
Cyclosporine	inhibits	CYP3A4
Cyclosporine	binds	CAMLG
Cyclosporine	inhibits	PPP3R2
Cyclosporine	inhibits	PPIA
Cyclosporine	binds	PPIA
Cyclosporine	binds	PPIF
Cyclosporine	inhibits	PPP3CA
Cyclosporine	substrate_of	ABCB1
Cyclosporine	inhibits	ABCB1
Cyclosporine	substrate_of	ABCB11
Cyclosporine	inhibits	ABCB11
Cyclosporine	inhibits	SLC10A2
Cyclosporine	inhibits	SLC10A1
Cyclosporine	substrate_of	SLC22A6
Cyclosporine	inhibits	SLC22A6
Cyclosporine	substrate_of	ABCC10
Cyclosporine	inhibits	ABCC10
Cyclosporine	inhibits	ABCC2
Cyclosporine	inhibits	ABCG2
Cyclosporine	substrate_of	SLCO1B1
Cyclosporine	inhibits	SLCO1B1
Cyclosporine	inhibits	SLCO1B3
Octreotide	inhibits	MPO
Octreotide	inhibits	CYP3A4
Octreotide	binds	SSTR2
Octreotide	substrate_of	ABCB1
Octreotide	substrate_of	ABCC2
Octreotide	inhibits	ABCC2
Octreotide	binds	ALB
Interferon alfa-2b	inhibits	CYP1A2
Interferon alfa-2b	binds	IFNAR2
Interferon alfa-2b	binds	IFNAR1
Interferon alfa-2b	modulates	IFNA2
Cyanocobalamin	substrate_of	MMAB
Cyanocobalamin	binds	cobU
Cyanocobalamin	binds	MTR
Cyanocobalamin	binds	MMUT
Cyanocobalamin	binds	MTRR
Cyanocobalamin	binds	MMAA
Cyanocobalamin	binds	MMACHC
Cyanocobalamin	binds	MTHFR
Cyanocobalamin	substrate_of	AMN
Cyanocobalamin	substrate_of	TCN1
Cyanocobalamin	substrate_of	TCN2
Cyanocobalamin	substrate_of	CBLIF
Cyanocobalamin	substrate_of	CUBN
Cyanocobalamin	binds	LRP2
Cyanocobalamin	binds	ABCC1
Biotin	induces	CYP1B1
Biotin	binds	PCCB
Biotin	substrate_of	HLCS
Biotin	binds	MCCC2
Biotin	binds	ACACB
Biotin	binds	MCCC1
Biotin	binds	PC
Biotin	binds	PCCA
Biotin	binds	ACACA
Biotin	substrate_of	SLC5A6
Biotin	substrate_of	SLC5A8
Ascorbic acid	substrate_of	TXNRD1
Ascorbic acid	modulates	SLC23A1
Ascorbic acid	modulates	SLC23A2
Ascorbic acid	substrate_of	xylA
Ascorbic acid	binds	PLOD2
Ascorbic acid	binds	PHYH
Ascorbic acid	binds	PLOD3
Ascorbic acid	binds	BBOX1
Ascorbic acid	binds	DBH
Ascorbic acid	binds	PAM
Ascorbic acid	binds	P3H1
Ascorbic acid	binds	P3H2
Ascorbic acid	binds	P3H3
Ascorbic acid	binds	P4HA1
Ascorbic acid	binds	OGFOD1
Ascorbic acid	binds	OGFOD2
Ascorbic acid	activates	ALKBH2
Ascorbic acid	activates	ALKBH3
Ascorbic acid	binds	KDM5D
Ascorbic acid	binds	PLOD1
Ascorbic acid	binds	TMLHE
Ascorbic acid	binds	P4HTM
Ascorbic acid	binds	EGLN1
Ascorbic acid	binds	EGLN2
Ascorbic acid	binds	EGLN3
Ascorbic acid	substrate_of	SLC23A1
Ascorbic acid	substrate_of	SLC23A2
Ascorbic acid	substrate_of	SLC2A1
Ascorbic acid	substrate_of	SLC2A3
Ascorbic acid	substrate_of	SLC2A4
Ascorbic acid	binds	ALB
L-Glutamine	substrate_of	F13A1
L-Glutamine	substrate_of	GLS
L-Glutamine	substrate_of	GLS2
L-Glutamine	substrate_of	TGM2
L-Glutamine	substrate_of	TGM5
L-Glutamine	substrate_of	TGM6
L-Glutamine	substrate_of	TGM1
L-Glutamine	substrate_of	TGM4
L-Glutamine	substrate_of	TGM3
L-Glutamine	substrate_of	TGM7
L-Glutamine	substrate_of	GMPS
L-Glutamine	substrate_of	ASNS
L-Glutamine	substrate_of	KYAT1
L-Glutamine	substrate_of	PFAS
L-Glutamine	substrate_of	GATB
L-Glutamine	substrate_of	GFPT2
L-Glutamine	substrate_of	CAD
L-Glutamine	substrate_of	QARS1
L-Glutamine	substrate_of	NADSYN1
L-Glutamine	inhibits	CTPS1
L-Glutamine	substrate_of	CTPS1
L-Glutamine	substrate_of	PPAT
L-Glutamine	binds	GLUL
L-Glutamine	substrate_of	SLC38A1
L-Glutamine	substrate_of	SLC38A2
L-Glutamine	substrate_of	SLC38A3
L-Glutamine	substrate_of	SLC1A5
L-Glutamine	substrate_of	SLC6A14
L-Glutamine	substrate_of	SLC7A7
L-Glutamine	substrate_of	SLC7A6
L-Glutamine	substrate_of	SLC7A5
L-Glutamine	substrate_of	SLC7A8
L-Glutamine	substrate_of	SLC7A9
L-Glutamine	inhibits	SLC16A10
Methionine	substrate_of	MAT2A
Methionine	substrate_of	MSRB2
Methionine	substrate_of	MAT1A
Methionine	substrate_of	MSRB1
Methionine	substrate_of	MSRA
Methionine	substrate_of	MARS1
Methionine	substrate_of	MARS2
Methionine	substrate_of	MAT2B
Methionine	binds	BHMT2
Methionine	inhibits	GLUL
Methionine	inhibits	MTHFR
Methionine	binds	MTRR
Methionine	binds	MTR
Methionine	binds	METAP2
Methionine	binds	BHMT
Methionine	inhibits	SLC16A10
Lutein	binds	ALB
Calcifediol	substrate_of	CYP27B1
Calcifediol	substrate_of	CYP24A1
Calcifediol	activates	VDR
Vitamin E	inhibits	GSTP1
Vitamin E	inhibits	GSTO1
Vitamin E	induces	GSTM3
Vitamin E	induces	GCLC
Vitamin E	induces	NQO1
Vitamin E	induces	HMOX1
Vitamin E	induces	SOD1
Vitamin E	substrate_of	CYP3A4
Vitamin E	induces	CYP3A4
Vitamin E	induces	GSTA2
Vitamin E	binds	SEC14L4
Vitamin E	binds	SEC14L3
Vitamin E	binds	SEC14L2
Vitamin E	binds	NR1I2
Vitamin E	binds	PRKCB
Vitamin E	binds	ALOX5
Vitamin E	binds	PRKCA
Vitamin E	binds	DGKA
Vitamin E	binds	PPP2CB
Vitamin E	binds	PPP2CA
Vitamin E	substrate_of	SCARB1
Vitamin E	substrate_of	ABCA1
Vitamin E	substrate_of	NPC1L1
Vitamin E	substrate_of	ABCG1
Vitamin E	binds	PLTP
Vitamin E	binds	TTPA
Pravastatin	inhibits	HMGCR
Pravastatin	inhibits	HDAC2
Pravastatin	substrate_of	SLCO1B1
Pravastatin	substrate_of	SLCO2B1
Pravastatin	substrate_of	ABCB1
Pravastatin	substrate_of	SLCO1A2
Pravastatin	inhibits	SLC22A6
Pravastatin	substrate_of	SLC22A8
Pravastatin	inhibits	SLC22A8
Pravastatin	substrate_of	ABCC2
Pravastatin	substrate_of	SLC22A11
Pravastatin	substrate_of	ABCG2
Pravastatin	substrate_of	SLC22A7
Pravastatin	substrate_of	SLC16A1
Pravastatin	substrate_of	ABCB11
Pravastatin	substrate_of	SLCO1B3
Fluvoxamine	substrate_of	CYP2D6
Fluvoxamine	inhibits	CYP2D6
Fluvoxamine	substrate_of	CYP1A2
Fluvoxamine	inhibits	CYP1A2
Fluvoxamine	inhibits	CYP1A1
Fluvoxamine	substrate_of	CYP3A4
Fluvoxamine	inhibits	CYP3A4
Fluvoxamine	inhibits	CYP2C9
Fluvoxamine	inhibits	CYP2C19
Fluvoxamine	inhibits	CYP2B6
Fluvoxamine	inhibits	SLC6A4
Fluvoxamine	inhibits	KCNH2
Fluvoxamine	inhibits	ABCB1
Fluvoxamine	substrate_of	ABCB11
Valsartan	substrate_of	CYP2C9
Valsartan	inhibits	AGTR1
Valsartan	substrate_of	SLCO1B3
Valsartan	substrate_of	SLCO1B1
Valsartan	inhibits	SLCO1B1
Valsartan	substrate_of	ABCC2
Ramipril	inhibits	BCHE
Ramipril	inhibits	ACE
Ramipril	activates	BDKRB1
Ramipril	substrate_of	SLC15A1
Ramipril	substrate_of	SLC15A2
Baclofen	activates	GABBR2
Baclofen	activates	GABBR1
Baclofen	modulates	CXCR4
Amphetamine	inhibits	CYP2A6
Amphetamine	substrate_of	CYP2D6
Amphetamine	inhibits	SLC18A2
Amphetamine	modulates	SLC6A3
Amphetamine	activates	CARTPT
Amphetamine	activates	TAAR1
Amphetamine	inhibits	MAOA
Amphetamine	activates	SLC6A2
Amphetamine	substrate_of	SLC6A2
Amphetamine	activates	ADRA1A
Amphetamine	activates	ADRB1
Amphetamine	binds	DRD2
Amphetamine	inhibits	MAOB
Amphetamine	binds	SLC6A4
Amphetamine	substrate_of	SLC22A3
Amphetamine	substrate_of	SLC22A5
Nicotine	substrate_of	CYP1A1
Nicotine	induces	CYP1A1
Nicotine	substrate_of	CYP1A2
Nicotine	induces	CYP1A2
Nicotine	substrate_of	CYP2C19
Nicotine	substrate_of	CYP2C8
Nicotine	substrate_of	CYP2C9
Nicotine	substrate_of	CYP2D6
Nicotine	substrate_of	CYP3A4
Nicotine	inhibits	MAOA
Nicotine	inhibits	MAOB
Nicotine	substrate_of	CYP2A6
Nicotine	inhibits	CYP2A6
Nicotine	substrate_of	CYP2E1
Nicotine	inhibits	CYP2E1
Nicotine	induces	CYP2E1
Nicotine	substrate_of	CYP2A13
Nicotine	substrate_of	CYP2B6
Nicotine	activates	CHRNA4
Nicotine	activates	CHRNA7
Nicotine	activates	CHRNB2
Nicotine	activates	CHRNA2
Nicotine	activates	CHRNA3
Nicotine	activates	CHRNA5
Nicotine	activates	CHRNA6
Nicotine	activates	CHRNA9
Nicotine	activates	CHRNA10
Nicotine	activates	CHRNB3
Nicotine	activates	CHRNB4
Nicotine	inhibits	CYP19A1
Nicotine	inhibits	CHAT
Nicotine	inhibits	SLC22A2
Nicotine	inhibits	SLC22A1
Nicotine	inhibits	SLC22A3
Nicotine	inhibits	SLC22A5
Nicotine	inhibits	SLC22A4
Lorazepam	substrate_of	UGT2B15
Lorazepam	modulates	GABRA1
Lorazepam	binds	GABRA1
Lorazepam	modulates	TSPO
Bortezomib	substrate_of	CYP3A4
Bortezomib	substrate_of	CYP2C19
Bortezomib	inhibits	CYP2C19
Bortezomib	substrate_of	CYP2D6
Bortezomib	substrate_of	CYP1A2
Bortezomib	inhibits	CYP1A2
Bortezomib	substrate_of	CYP2C9
Bortezomib	inhibits	CYP2C9
Bortezomib	inhibits	PSMB5
Bortezomib	inhibits	PSMB1
Bortezomib	inhibits	PRSS1
Bortezomib	substrate_of	ABCB1
Bortezomib	inhibits	SLCO1B3
Ethchlorvynol	modulates	GABRA1
Ethchlorvynol	inhibits	GABRA1
Ethchlorvynol	inhibits	GABRB2
Phentermine	substrate_of	CYP3A4
Phentermine	inhibits	SLC6A2
Phentermine	inhibits	SLC6A4
Phentermine	inhibits	SLC6A3
Phentermine	inhibits	MAOA
Phentermine	inhibits	MAOB
Phentermine	inhibits	NPY
Tramadol	substrate_of	CYP2B6
Tramadol	substrate_of	UGT1A1
Tramadol	substrate_of	CYP2D6
Tramadol	substrate_of	CYP3A4
Tramadol	activates	OPRM1
Tramadol	inhibits	SLC6A2
Tramadol	inhibits	SLC6A4
Tramadol	inhibits	SCN2A
Tramadol	activates	OPRK1
Tramadol	activates	OPRD1
Tramadol	inhibits	GRIN1
Tramadol	activates	ADORA1
Tramadol	induces	ADRA2A
Tramadol	inhibits	HTR2C
Tramadol	inhibits	CHRNA7
Tramadol	inhibits	CHRM3
Tramadol	inhibits	CHRM1
Tramadol	inhibits	TACR1
Tramadol	activates	TRPV1
Betaxolol	substrate_of	CYP2D6
Betaxolol	substrate_of	CYP1A2
Betaxolol	inhibits	ADRB1
Betaxolol	inhibits	ADRB2
Fluconazole	inhibits	CYP3A5
Fluconazole	inhibits	CYP3A4
Fluconazole	inhibits	CYP2C9
Fluconazole	inhibits	CYP2C19
Fluconazole	inhibits	ERG11
Fluconazole	inhibits	ABCB1
Oseltamivir	substrate_of	CES1
Oseltamivir	inhibits	NEU1
Oseltamivir	inhibits	NEU2
Oseltamivir	substrate_of	ABCC4
Oseltamivir	substrate_of	SLC15A1
Oseltamivir	substrate_of	SLC22A8
Erythromycin	substrate_of	CYP3A5
Erythromycin	inhibits	CYP3A5
Erythromycin	substrate_of	CYP3A4
Erythromycin	inhibits	CYP3A4
Erythromycin	substrate_of	CYP3A7
Erythromycin	inhibits	CYP3A7
Erythromycin	activates	MLNR
Erythromycin	inhibits	KCNH2
Erythromycin	substrate_of	SLCO1B3
Erythromycin	inhibits	SLCO1B3
Erythromycin	substrate_of	ABCB11
Erythromycin	inhibits	ABCB11
Erythromycin	substrate_of	ABCB1
Erythromycin	inhibits	ABCB1
Erythromycin	substrate_of	SLCO1B1
Erythromycin	inhibits	SLCO1B1
Erythromycin	substrate_of	ABCC2
Erythromycin	substrate_of	SLCO1A2
Erythromycin	inhibits	SLCO1A2
Sildenafil	substrate_of	CYP3A4
Sildenafil	substrate_of	CYP3A5
Sildenafil	substrate_of	CYP3A7
Sildenafil	substrate_of	CYP2C9
Sildenafil	inhibits	CYP2C9
Sildenafil	substrate_of	CYP2C19
Sildenafil	inhibits	CYP2C19
Sildenafil	substrate_of	CYP2D6
Sildenafil	substrate_of	CYP2E1
Sildenafil	inhibits	CYP2E1
Sildenafil	inhibits	PDE5A
Sildenafil	modulates	SERPING1
Sildenafil	inhibits	PDE6G
Sildenafil	inhibits	PDE6H
Sildenafil	binds	ODC1
Sildenafil	binds	CD274
Sildenafil	inhibits	ABCC4
Sildenafil	inhibits	ABCC5
Sildenafil	inhibits	ABCC10
Sildenafil	inhibits	SLCO1B1
Sildenafil	substrate_of	ABCB1
Sildenafil	inhibits	ABCB1
Dofetilide	substrate_of	CYP3A4
Dofetilide	inhibits	KCNH2
Dofetilide	inhibits	KCNK2
Dofetilide	inhibits	KCNJ12
Dofetilide	substrate_of	SLC22A2
Pyrimethamine	inhibits	CYP2C8
Pyrimethamine	inhibits	DHFR
Pyrimethamine	inhibits	HEXB
Pyrimethamine	modulates	FOLR1
Pyrimethamine	inhibits	SLC47A1
Pyrimethamine	inhibits	SLC47A2
Reserpine	induces	CYP3A5
Reserpine	inhibits	SLC18A2
Reserpine	inhibits	SLC18A1
Reserpine	binds	BIRC5
Reserpine	substrate_of	ABCB1
Reserpine	inhibits	ABCB1
Reserpine	induces	ABCB1
Reserpine	inhibits	SLC22A1
Reserpine	inhibits	ABCB11
Reserpine	inhibits	ABCC2
Reserpine	substrate_of	SLC22A2
Reserpine	inhibits	SLCO1B1
Reserpine	inhibits	SLCO2B1
Azithromycin	substrate_of	CYP3A4
Azithromycin	inhibits	CYP3A4
Azithromycin	inhibits	PADI4
Azithromycin	substrate_of	ABCB1
Azithromycin	inhibits	ABCB1
Azithromycin	substrate_of	ABCC2
Azithromycin	inhibits	ABCC2
Ticlopidine	substrate_of	CYP2C19
Ticlopidine	inhibits	CYP2C19
Ticlopidine	substrate_of	CYP2D6
Ticlopidine	inhibits	CYP2D6
Ticlopidine	substrate_of	MPO
Ticlopidine	inhibits	CYP2C9
Ticlopidine	inhibits	CYP2C8
Ticlopidine	inhibits	CYP1A2
Ticlopidine	inhibits	CYP2B6
Ticlopidine	inhibits	CYP2E1
Ticlopidine	inhibits	P2RY12
Ticlopidine	modulates	PTAFR
Trospium	inhibits	CYP2D6
Trospium	inhibits	CHRM5
Trospium	inhibits	CHRM3
Trospium	inhibits	CHRM1
Midodrine	substrate_of	CYP2D6
Midodrine	activates	ADRA1A
Midodrine	activates	ADRA1B
Midodrine	activates	ADRA1D
Midodrine	binds	SLC15A1
Pantoprazole	substrate_of	CYP2C19
Pantoprazole	inhibits	CYP2C19
Pantoprazole	substrate_of	CYP3A4
Pantoprazole	inhibits	ATP4A
Pantoprazole	modulates	ATP4B
Pantoprazole	inhibits	DDAH1
Pantoprazole	substrate_of	ABCB1
Pantoprazole	inhibits	ABCB1
Pantoprazole	substrate_of	ABCG2
Pantoprazole	inhibits	ABCG2
Pantoprazole	inhibits	SLC22A8
Torasemide	substrate_of	CYP2C8
Torasemide	substrate_of	CYP2C9
Torasemide	inhibits	CYP2C9
Torasemide	inhibits	SLC12A2
Torasemide	inhibits	SLC12A1
Torasemide	substrate_of	SLCO1B1
Torasemide	substrate_of	ALB
Citalopram	substrate_of	CYP3A4
Citalopram	inhibits	CYP3A4
Citalopram	substrate_of	CYP2C19
Citalopram	inhibits	CYP2C19
Citalopram	substrate_of	CYP2D6
Citalopram	inhibits	CYP2D6
Citalopram	inhibits	CYP1A2
Citalopram	substrate_of	MAOA
Citalopram	substrate_of	MAOB
Citalopram	substrate_of	AOX1
Citalopram	inhibits	SLC6A4
Citalopram	binds	HRH1
Citalopram	substrate_of	ABCB1
Citalopram	inhibits	ABCB1
Eletriptan	substrate_of	CYP2D6
Eletriptan	substrate_of	CYP2C9
Eletriptan	substrate_of	CYP2C19
Eletriptan	induces	CYP2A6
Eletriptan	substrate_of	PTGS1
Eletriptan	substrate_of	CYP3A4
Eletriptan	activates	HTR1B
Eletriptan	activates	HTR1D
Eletriptan	activates	HTR1F
Eletriptan	activates	HTR1A
Eletriptan	modulates	HTR1E
Eletriptan	modulates	HTR2B
Eletriptan	modulates	HTR7
Eletriptan	substrate_of	ABCB1
Moxifloxacin	inhibits	CYP1A2
Moxifloxacin	inhibits	gyrA
Moxifloxacin	inhibits	parC
Moxifloxacin	modulates	gyrB
Moxifloxacin	modulates	gyrA
Moxifloxacin	inhibits	TOP2A
Moxifloxacin	inhibits	PON1
Nelfinavir	substrate_of	CYP3A4
Nelfinavir	inhibits	CYP3A4
Nelfinavir	inhibits	CYP3A7
Nelfinavir	substrate_of	CYP3A5
Nelfinavir	inhibits	CYP3A5
Nelfinavir	inhibits	CYP2B6
Nelfinavir	substrate_of	CYP2C19
Nelfinavir	induces	CYP2C19
Nelfinavir	induces	UGT1A1
Nelfinavir	induces	CYP2C9
Nelfinavir	inhibits	CYP2D6
Nelfinavir	inhibits	gag-pol
Nelfinavir	substrate_of	ABCB1
Nelfinavir	inhibits	ABCB1
Nelfinavir	induces	ABCB1
Nelfinavir	inhibits	SLC22A1
Nelfinavir	inhibits	SLCO1A2
Nelfinavir	inhibits	ABCG2
Nelfinavir	inhibits	SLCO1B1
Nelfinavir	inhibits	SLCO1B3
Nelfinavir	inhibits	SLCO2B1
Nelfinavir	substrate_of	ABCB11
Nelfinavir	binds	ALB
Nelfinavir	binds	ORM1
Glimepiride	substrate_of	CYP2C9
Glimepiride	inhibits	KCNJ11
Glimepiride	inhibits	KCNJ1
Glimepiride	induces	ABCC8
Glimepiride	binds	ABCC9
Glimepiride	substrate_of	ABCB11
Indinavir	inhibits	CYP2D6
Indinavir	inhibits	UGT1A1
Indinavir	substrate_of	CYP3A4
Indinavir	inhibits	CYP3A4
Indinavir	substrate_of	CYP3A5
Indinavir	inhibits	CYP3A5
Indinavir	inhibits	CYP3A7
Indinavir	inhibits	pol
Indinavir	inhibits	gag-pol
Indinavir	substrate_of	ABCB1
Indinavir	inhibits	ABCB1
Indinavir	induces	ABCB1
Indinavir	inhibits	SLC22A1
Indinavir	inhibits	ABCC1
Indinavir	inhibits	SLCO1A2
Indinavir	inhibits	SLCO1B1
Indinavir	substrate_of	ABCC2
Indinavir	inhibits	SLCO2B1
Indinavir	substrate_of	ABCB11
Lovastatin	substrate_of	CYP3A4
Lovastatin	substrate_of	PON3
Lovastatin	substrate_of	CYP2C8
Lovastatin	substrate_of	UGT1A1
Lovastatin	substrate_of	UGT1A3
Lovastatin	substrate_of	UGT2B7
Lovastatin	substrate_of	CYP2C19
Lovastatin	inhibits	HMGCR
Lovastatin	inhibits	ITGAL
Lovastatin	inhibits	HDAC2
Lovastatin	inhibits	ABCB1
Lovastatin	inhibits	SLCO1A2
Lovastatin	substrate_of	SLCO1B1
Lovastatin	inhibits	SLCO1B1
Lovastatin	substrate_of	ABCC2
Lovastatin	substrate_of	ABCB11
Lovastatin	binds	SLCO2B1
Lovastatin	binds	SLCO1B3
Lovastatin	substrate_of	ALB
Pregabalin	modulates	CACNA2D1
Pregabalin	binds	SLC1A1
Pregabalin	substrate_of	SLC7A5
Temazepam	substrate_of	CYP3A4
Temazepam	substrate_of	CYP2B6
Temazepam	substrate_of	CYP2C9
Temazepam	modulates	GABRA1
Temazepam	modulates	TSPO
Temazepam	binds	GABRA1
Aminosalicylic acid	inhibits	MPO
Aminosalicylic acid	modulates	DHFR
Aminosalicylic acid	modulates	PTGS1
Aminosalicylic acid	inhibits	PTGS2
Aminosalicylic acid	inhibits	CHUK
Aminosalicylic acid	inhibits	ALOX5
Aminosalicylic acid	binds	PLA2G2E
Butabarbital	modulates	GABRA1
Butabarbital	inhibits	GABRA1
Butabarbital	inhibits	CHRNA10
Butabarbital	inhibits	GRIA1
Butabarbital	inhibits	GRIA2
Butabarbital	inhibits	GRIA3
Butabarbital	inhibits	GRIA4
Butabarbital	inhibits	GRIK1
Butabarbital	inhibits	GRIK2
Butabarbital	inhibits	GRIK3
Butabarbital	inhibits	GRIK4
Butabarbital	inhibits	GRIK5
Butabarbital	inhibits	SLC2A1
Butabarbital	binds	ALB
Nevirapine	substrate_of	CYP2D6
Nevirapine	inhibits	CYP2D6
Nevirapine	inhibits	CYP1A2
Nevirapine	substrate_of	CYP3A7
Nevirapine	substrate_of	CYP3A4
Nevirapine	induces	CYP3A4
Nevirapine	substrate_of	CYP2B6
Nevirapine	induces	CYP2B6
Nevirapine	substrate_of	CYP3A5
Nevirapine	induces	CYP2C9
Nevirapine	substrate_of	CYP2A6
Nevirapine	inhibits	pol
Nevirapine	modulates	gag-pol
Nevirapine	inhibits	SLC22A1
Nevirapine	binds	ALB
Butalbital	binds	GABRA2
Butalbital	binds	GABRA3
Butalbital	binds	GABRA4
Butalbital	binds	GABRA5
Butalbital	binds	GABRA6
Butalbital	modulates	GABRA1
Butalbital	binds	GABRA1
Butalbital	inhibits	CHRNA4
Butalbital	inhibits	CHRNA7
Butalbital	inhibits	GRIA2
Butalbital	inhibits	GRIK2
Cladribine	substrate_of	DCK
Cladribine	substrate_of	DGUOK
Cladribine	inhibits	RRM1
Cladribine	inhibits	RRM2
Cladribine	inhibits	RRM2B
Cladribine	inhibits	POLA1
Cladribine	inhibits	POLE
Cladribine	inhibits	POLE2
Cladribine	inhibits	POLE3
Cladribine	inhibits	POLE4
Cladribine	induces	PNP
Cladribine	inhibits	ADA
Cladribine	induces	PARP1
Cladribine	substrate_of	ABCG2
Cladribine	substrate_of	SLC28A3
Cladribine	substrate_of	ABCB1
Cladribine	binds	SLC29A1
Ranolazine	substrate_of	CYP3A4
Ranolazine	inhibits	CYP3A4
Ranolazine	substrate_of	CYP2D6
Ranolazine	inhibits	CYP2D6
Ranolazine	modulates	PLG
Ranolazine	inhibits	SCN1A
Ranolazine	inhibits	KCNJ12
Ranolazine	inhibits	CACNA1C
Ranolazine	inhibits	ADRA1A
Ranolazine	inhibits	ADRB1
Ranolazine	substrate_of	ABCB11
Ranolazine	substrate_of	ABCB1
Ranolazine	inhibits	ABCB1
Ranolazine	inhibits	SLC47A1
Ranolazine	inhibits	SLC47A2
Ranolazine	binds	ORM1
Mesalazine	substrate_of	NAT1
Mesalazine	inhibits	PTGS2
Mesalazine	inhibits	PTGS1
Mesalazine	inhibits	ALOX5
Mesalazine	activates	PPARG
Mesalazine	inhibits	CHUK
Mesalazine	inhibits	IKBKB
Mesalazine	inhibits	NOS2
Mesalazine	substrate_of	SLCO1B1
Mesalazine	substrate_of	SLCO1B3
Mesalazine	substrate_of	SLCO2B1
Benzatropine	inhibits	CHRM1
Benzatropine	inhibits	SLC6A3
Benzatropine	inhibits	HRH1
Benzatropine	inhibits	SLC6A4
Benzatropine	inhibits	SLC6A2
Benzatropine	binds	ALB
Ziprasidone	substrate_of	CYP3A4
Ziprasidone	substrate_of	AOX1
Ziprasidone	inhibits	DRD2
Ziprasidone	inhibits	HTR2A
Ziprasidone	activates	HTR1A
Ziprasidone	inhibits	HTR1D
Ziprasidone	inhibits	HTR2C
Ziprasidone	binds	CHRNA7
Ziprasidone	inhibits	DRD1
Ziprasidone	inhibits	DRD5
Ziprasidone	inhibits	DRD3
Ziprasidone	inhibits	DRD4
Ziprasidone	inhibits	HTR1B
Ziprasidone	inhibits	HTR1E
Ziprasidone	inhibits	HTR6
Ziprasidone	inhibits	HTR7
Ziprasidone	inhibits	HRH1
Ziprasidone	inhibits	ADRA1A
Ziprasidone	inhibits	ADRA1B
Ziprasidone	inhibits	ADRA2A
Ziprasidone	inhibits	ADRA2B
Ziprasidone	inhibits	ADRA2C
Ziprasidone	inhibits	CHRM1
Ziprasidone	inhibits	CHRM2
Ziprasidone	inhibits	CHRM3
Ziprasidone	inhibits	CHRM4
Ziprasidone	inhibits	CHRM5
Ziprasidone	inhibits	HTR3A
Ziprasidone	inhibits	HTR5A
Ziprasidone	binds	ABCB1
Ziprasidone	binds	ALB
Ziprasidone	binds	ORM1
Methysergide	substrate_of	CYP3A4
Methysergide	inhibits	HTR2B
Methysergide	inhibits	HTR2C
Methysergide	inhibits	HTR2A
Methysergide	activates	HTR1A
Methysergide	inhibits	HTR7
Methysergide	binds	HTR1B
Methysergide	binds	HTR1F
Methysergide	binds	HTR1E
Cabergoline	substrate_of	CYP3A4
Cabergoline	activates	DRD2
Cabergoline	activates	HTR2B
Cabergoline	activates	DRD3
Cabergoline	activates	HTR2A
Cabergoline	inhibits	ADRA2B
Cabergoline	activates	HTR1D
Cabergoline	activates	DRD4
Cabergoline	inhibits	ADRA2A
Cabergoline	activates	HTR1A
Cabergoline	inhibits	ADRA2C
Cabergoline	activates	DRD5
Cabergoline	activates	DRD1
Cabergoline	activates	HTR1B
Cabergoline	activates	HTR2C
Cabergoline	inhibits	HTR7
Cabergoline	binds	ADRA1A
Cabergoline	binds	ADRA1B
Cabergoline	binds	ADRA1D
Cabergoline	binds	ADRB1
Cabergoline	binds	ADRB2
Cabergoline	substrate_of	ABCB1
Dapsone	substrate_of	MPO
Dapsone	substrate_of	CYP2C18
Dapsone	substrate_of	CYP2C9
Dapsone	induces	CYP2C9
Dapsone	substrate_of	CYP2E1
Dapsone	substrate_of	CYP3A4
Dapsone	substrate_of	FMO3
Dapsone	substrate_of	PTGS1
Dapsone	substrate_of	PTGS2
Dapsone	substrate_of	CYP2C8
Dapsone	substrate_of	CYP2C19
Dapsone	substrate_of	NAT2
Dapsone	substrate_of	CYP3A5
Dapsone	substrate_of	CYP3A7
Dapsone	inhibits	folP2
Dapsone	inhibits	folP1
Phenytoin	substrate_of	CYP2C9
Phenytoin	inhibits	CYP2C9
Phenytoin	induces	CYP2C9
Phenytoin	substrate_of	CYP2C19
Phenytoin	induces	CYP2C19
Phenytoin	substrate_of	CYP2C8
Phenytoin	induces	CYP2C8
Phenytoin	substrate_of	CYP2B6
Phenytoin	induces	CYP2B6
Phenytoin	substrate_of	CYP3A4
Phenytoin	induces	CYP3A4
Phenytoin	substrate_of	CYP3A5
Phenytoin	induces	CYP3A5
Phenytoin	substrate_of	CYP3A7
Phenytoin	induces	CYP3A7
Phenytoin	inhibits	CYP11B1
Phenytoin	substrate_of	UGT1A1
Phenytoin	induces	UGT1A1
Phenytoin	substrate_of	UGT1A6
Phenytoin	inhibits	UGT1A6
Phenytoin	substrate_of	UGT1A9
Phenytoin	inhibits	UGT1A9
Phenytoin	induces	CYP1A2
Phenytoin	substrate_of	CYP2A6
Phenytoin	substrate_of	CYP2D6
Phenytoin	substrate_of	CYP2E1
Phenytoin	substrate_of	EPHX1
Phenytoin	substrate_of	UGT1A4
Phenytoin	substrate_of	COMT
Phenytoin	substrate_of	NQO1
Phenytoin	substrate_of	CYP2C18
Phenytoin	inhibits	SCN5A
Phenytoin	inhibits	SCN1A
Phenytoin	inhibits	KCNH2
Phenytoin	inhibits	CACNA1C
Phenytoin	inhibits	SCN2A
Phenytoin	inhibits	SCN8A
Phenytoin	activates	NR1I2
Phenytoin	inhibits	SCN1B
Phenytoin	inhibits	SCN3A
Phenytoin	inhibits	SLCO1C1
Phenytoin	substrate_of	ABCB1
Phenytoin	substrate_of	ABCC2
Phenytoin	binds	ALB
Phenytoin	substrate_of	SERPINA7
Doxycycline	inhibits	CYP3A4
Doxycycline	inhibits	SLC22A6
Doxycycline	induces	ABCB5
Doxycycline	substrate_of	ALB
Doxycycline	binds	ALB
Lymecycline	inhibits	rpsD
Cycloserine	inhibits	DDC
Cycloserine	inhibits	ddlA
Cycloserine	inhibits	alr
Cycloserine	inhibits	GRIN1
Cycloserine	binds	SLC36A2
Anagrelide	substrate_of	CYP1A2
Anagrelide	inhibits	CYP1A2
Anagrelide	inhibits	PDE3A
Carmustine	modulates	GSR
Metoprolol	substrate_of	CYP3A4
Metoprolol	substrate_of	CYP2D6
Metoprolol	inhibits	CYP2D6
Metoprolol	inhibits	ADRB1
Metoprolol	inhibits	ADRB2
Metoprolol	inhibits	SLC22A2
Metoprolol	binds	ALB
Dicoumarol	substrate_of	CYP2C9
Dicoumarol	inhibits	Cyp2c6
Dicoumarol	inhibits	Cyp2c11
Dicoumarol	inhibits	VKORC1
Dicoumarol	inhibits	NQO1
Dicoumarol	inhibits	CRYZ
Dicoumarol	binds	ALB
Ropinirole	substrate_of	CYP1A2
Ropinirole	activates	DRD3
Ropinirole	activates	DRD2
Ropinirole	activates	DRD4
Ropinirole	inhibits	ADRA1A
Isradipine	substrate_of	CYP3A4
Isradipine	inhibits	CYP3A4
Isradipine	inhibits	CACNA1C
Isradipine	inhibits	CACNA2D1
Isradipine	inhibits	CACNB2
Isradipine	inhibits	CACNA1H
Isradipine	inhibits	CACNA2D2
Isradipine	inhibits	CACNA1D
Isradipine	inhibits	CACNA1S
Isradipine	substrate_of	ABCB11
Topiramate	induces	CYP3A4
Topiramate	inhibits	CYP2C19
Topiramate	activates	GABRA1
Topiramate	inhibits	SCN1A
Topiramate	inhibits	GRIK1
Topiramate	inhibits	CA2
Topiramate	inhibits	CA4
Topiramate	inhibits	CACNA1C
Topiramate	inhibits	CA1
Topiramate	inhibits	CA3
Topiramate	inhibits	CACNA1E
Topiramate	substrate_of	ABCB1
Topiramate	induces	PRKAA1
Topiramate	binds	ALB
Olmesartan	inhibits	AGTR1
Olmesartan	substrate_of	ABCC2
Olmesartan	induces	ABCC2
Olmesartan	substrate_of	SLCO1B3
Olmesartan	substrate_of	SLCO1B1
Olmesartan	inhibits	ABCB11
Theophylline	substrate_of	CYP1A1
Theophylline	inhibits	CYP1A1
Theophylline	substrate_of	CYP1B1
Theophylline	substrate_of	CYP2D6
Theophylline	substrate_of	CYP1A2
Theophylline	inhibits	ADA
Theophylline	induces	ADA
Theophylline	substrate_of	CYP2E1
Theophylline	substrate_of	CYP3A4
Theophylline	inhibits	ADORA1
Theophylline	inhibits	ADORA2A
Theophylline	inhibits	ADORA2B
Theophylline	inhibits	PDE4B
Theophylline	inhibits	PDE5A
Theophylline	inhibits	PDE4A
Theophylline	inhibits	PDE3A
Theophylline	activates	HDAC2
Theophylline	inhibits	PARP1
Theophylline	modulates	RIC3
Theophylline	inhibits	NT5E
Theophylline	binds	CPNE1
Theophylline	inhibits	SLC22A7
Argatroban	substrate_of	CYP3A4
Argatroban	substrate_of	CYP3A5
Argatroban	inhibits	F2
Argatroban	binds	ALB
Argatroban	binds	ORM1
Liothyronine	substrate_of	UGT1A1
Liothyronine	activates	THRA
Liothyronine	activates	THRB
Liothyronine	inhibits	PCNA
Liothyronine	substrate_of	SLCO1A2
Liothyronine	substrate_of	SLCO1B1
Liothyronine	substrate_of	SLCO1B3
Liothyronine	substrate_of	SLCO4C1
Liothyronine	substrate_of	SLC10A1
Liothyronine	substrate_of	SLCO1C1
Liothyronine	inhibits	SLCO1C1
Liothyronine	substrate_of	SLCO4A1
Liothyronine	inhibits	SLCO4A1
Liothyronine	inhibits	SLC22A8
Liothyronine	inhibits	SLC16A10
Liothyronine	induces	ABCB1
Liothyronine	binds	SLC7A5
Liothyronine	binds	TTR
Liothyronine	substrate_of	SERPINA7
Liothyronine	binds	ALB
Disopyramide	substrate_of	CYP1A2
Disopyramide	substrate_of	CYP3A4
Disopyramide	inhibits	SCN5A
Disopyramide	inhibits	CHRM1
Disopyramide	inhibits	CHRM2
Disopyramide	inhibits	CHRM3
Disopyramide	inhibits	KCND2
Disopyramide	inhibits	KCND3
Disopyramide	inhibits	KCNH2
Disopyramide	binds	ORM2
Disopyramide	inhibits	SLC22A1
Disopyramide	inhibits	SLC22A2
Disopyramide	binds	ORM1
Clemastine	inhibits	CYP2D6
Clemastine	inhibits	HRH1
Acarbose	inhibits	MGAM
Acarbose	inhibits	SI
Acarbose	inhibits	AMY2A
Acarbose	inhibits	GAA
Venlafaxine	substrate_of	CYP2D6
Venlafaxine	inhibits	CYP2D6
Venlafaxine	substrate_of	CYP3A4
Venlafaxine	substrate_of	CYP2C9
Venlafaxine	substrate_of	CYP2C19
Venlafaxine	inhibits	SLC6A4
Venlafaxine	inhibits	SLC6A2
Venlafaxine	inhibits	SLC6A3
Venlafaxine	substrate_of	ABCB1
Venlafaxine	inhibits	ABCB1
Venlafaxine	induces	ABCG2
Conjugated estrogens	substrate_of	CYP3A4
Conjugated estrogens	substrate_of	CYP1A2
Conjugated estrogens	inhibits	CYP1A2
Conjugated estrogens	substrate_of	COMT
Conjugated estrogens	activates	ESR2
Conjugated estrogens	activates	ESR1
Conjugated estrogens	inhibits	ABCC3
Conjugated estrogens	inhibits	ABCC4
Conjugated estrogens	inhibits	ABCC1
Conjugated estrogens	substrate_of	SLCO1A2
Conjugated estrogens	inhibits	SLCO1A2
Conjugated estrogens	inhibits	SLC10A1
Conjugated estrogens	inhibits	SLC22A10
Conjugated estrogens	substrate_of	SLC22A8
Conjugated estrogens	inhibits	SLC22A8
Conjugated estrogens	substrate_of	SLCO1C1
Conjugated estrogens	inhibits	SLCO1C1
Conjugated estrogens	substrate_of	SLCO1B1
Conjugated estrogens	inhibits	SLCO1B1
Conjugated estrogens	substrate_of	SLCO2B1
Conjugated estrogens	substrate_of	ABCB1
Conjugated estrogens	substrate_of	SLC22A6
Conjugated estrogens	substrate_of	SLC51A
Conjugated estrogens	substrate_of	SLC51B
Conjugated estrogens	substrate_of	ABCC2
Conjugated estrogens	substrate_of	SLCO4A1
Conjugated estrogens	substrate_of	ABCC11
Conjugated estrogens	substrate_of	SLCO1B3
Conjugated estrogens	substrate_of	SLC22A11
Conjugated estrogens	substrate_of	SLCO3A1
Conjugated estrogens	substrate_of	ABCG2
Conjugated estrogens	induces	SERPINA7
Conjugated estrogens	binds	SHBG
Conjugated estrogens	binds	ALB
Atomoxetine	substrate_of	CYP2C19
Atomoxetine	substrate_of	CYP2D6
Atomoxetine	inhibits	SLC6A2
Atomoxetine	inhibits	SLC6A4
Atomoxetine	binds	GRIN1
Atomoxetine	inhibits	KCNJ3
Atomoxetine	activates	OPRK1
Atomoxetine	binds	ALB
Atomoxetine	binds	ORM1
Atomoxetine	binds	FCGR1A
Chlorambucil	substrate_of	GSTP1
Chlorambucil	substrate_of	GSTA1
Chlorambucil	binds	SLCO1A2
Etonogestrel	substrate_of	CYP3A4
Etonogestrel	activates	PGR
Etonogestrel	binds	ALB
Etonogestrel	binds	SHBG
Morphine	substrate_of	CYP2C8
Morphine	substrate_of	CYP3A4
Morphine	substrate_of	UGT2B7
Morphine	substrate_of	UGT1A1
Morphine	substrate_of	UGT1A8
Morphine	substrate_of	UGT2B15
Morphine	substrate_of	UGT2B4
Morphine	substrate_of	UGT1A3
Morphine	activates	OPRM1
Morphine	activates	OPRK1
Morphine	activates	OPRD1
Morphine	activates	LY96
Morphine	substrate_of	ABCB1
Morphine	binds	ALB
Tenofovir disoproxil	substrate_of	AK2
Tenofovir disoproxil	substrate_of	AK4
Tenofovir disoproxil	substrate_of	NME1
Tenofovir disoproxil	substrate_of	CKB
Tenofovir disoproxil	induces	CKB
Tenofovir disoproxil	inhibits	pol
Tenofovir disoproxil	modulates	gag-pol
Tenofovir disoproxil	inhibits	P
Tenofovir disoproxil	substrate_of	SLC22A6
Tenofovir disoproxil	substrate_of	SLC22A8
Tenofovir disoproxil	substrate_of	ABCC10
Tenofovir disoproxil	substrate_of	ABCC4
Tenofovir disoproxil	substrate_of	ABCC2
Tenofovir disoproxil	substrate_of	ABCB1
Tenofovir disoproxil	inhibits	ABCB1
Flucloxacillin	substrate_of	CYP3A4
Flucloxacillin	induces	CYP3A4
Flucloxacillin	inhibits	pbpA
Flucloxacillin	substrate_of	ABCB11
Tranexamic acid	inhibits	PLG
Bexarotene	inhibits	CYP2C8
Bexarotene	substrate_of	CYP3A4
Bexarotene	induces	CYP3A4
Bexarotene	activates	RXRA
Bexarotene	activates	RXRB
Bexarotene	activates	RXRG
Vindesine	substrate_of	CYP3A4
Vindesine	inhibits	TUBB1
Chlorthalidone	inhibits	CA1
Chlorthalidone	inhibits	SLC12A1
Chlorthalidone	binds	ALB
Valproic acid	substrate_of	CYP2A6
Valproic acid	substrate_of	CYP2B6
Valproic acid	substrate_of	CYP2C9
Valproic acid	inhibits	CYP2C9
Valproic acid	substrate_of	CYP3A5
Valproic acid	substrate_of	PTGS1
Valproic acid	inhibits	CYP1A2
Valproic acid	substrate_of	CYP2C19
Valproic acid	inhibits	CYP2C19
Valproic acid	inhibits	CYP3A4
Valproic acid	substrate_of	UGT1A4
Valproic acid	substrate_of	UGT1A8
Valproic acid	substrate_of	UGT1A10
Valproic acid	substrate_of	UGT1A6
Valproic acid	substrate_of	UGT1A3
Valproic acid	substrate_of	UGT2B7
Valproic acid	substrate_of	UGT2B15
Valproic acid	substrate_of	UGT1A9
Valproic acid	substrate_of	UGT1A1
Valproic acid	inhibits	UGT1A1
Valproic acid	inhibits	HDAC9
Valproic acid	inhibits	GSK3A
Valproic acid	inhibits	ABAT
Valproic acid	inhibits	ACADSB
Valproic acid	inhibits	OGDH
Valproic acid	inhibits	ALDH5A1
Valproic acid	inhibits	SCN1A
Valproic acid	inhibits	HDAC2
Valproic acid	activates	PPARA
Valproic acid	activates	PPARD
Valproic acid	activates	PPARG
Valproic acid	inhibits	HDAC1
Valproic acid	binds	CDKN1A
Valproic acid	inhibits	HGF
Valproic acid	binds	ODC1
Valproic acid	binds	CD274
Valproic acid	inhibits	SLC22A6
Valproic acid	substrate_of	SLC22A8
Valproic acid	inhibits	SLC22A8
Valproic acid	inhibits	SLC22A5
Valproic acid	substrate_of	SLC16A1
Valproic acid	substrate_of	SLC22A7
Valproic acid	inhibits	SLCO2B1
Valproic acid	binds	ALB
Zolmitriptan	substrate_of	CYP1A2
Zolmitriptan	substrate_of	MAOA
Zolmitriptan	activates	HTR1B
Zolmitriptan	activates	HTR1D
Zolmitriptan	activates	HTR1F
Zolmitriptan	activates	HTR1E
Zolmitriptan	activates	HTR7
Zolmitriptan	activates	HTR1A
Zolmitriptan	activates	HTR2A
Zolmitriptan	activates	HTR2B
Zolmitriptan	binds	ABCB1
Acetaminophen	substrate_of	CYP2E1
Acetaminophen	substrate_of	CYP1A2
Acetaminophen	substrate_of	CYP3A4
Acetaminophen	induces	CYP3A4
Acetaminophen	substrate_of	CYP2D6
Acetaminophen	substrate_of	CYP2A6
Acetaminophen	substrate_of	UGT1A6
Acetaminophen	substrate_of	UGT1A1
Acetaminophen	substrate_of	UGT1A9
Acetaminophen	substrate_of	UGT2B15
Acetaminophen	substrate_of	SULT1A1
Acetaminophen	substrate_of	SULT1A3
Acetaminophen	inhibits	NAT2
Acetaminophen	substrate_of	FAAH
Acetaminophen	substrate_of	GSTP1
Acetaminophen	substrate_of	GSTM1
Acetaminophen	inhibits	PTGS2
Acetaminophen	inhibits	PTGS1
Acetaminophen	inhibits	SLC6A4
Acetaminophen	inhibits	SLC6A2
Acetaminophen	inhibits	PTGES3
Acetaminophen	activates	TRPV1
Acetaminophen	substrate_of	ABCB1
Acetaminophen	inhibits	ABCB1
Acetaminophen	binds	ALB
Gefitinib	substrate_of	CYP3A5
Gefitinib	substrate_of	CYP1A1
Gefitinib	inhibits	CYP1A1
Gefitinib	inhibits	CYP2C9
Gefitinib	inhibits	CYP2C19
Gefitinib	substrate_of	CYP3A4
Gefitinib	inhibits	CYP3A4
Gefitinib	substrate_of	CYP2D6
Gefitinib	inhibits	CYP2D6
Gefitinib	inhibits	EGFR
Gefitinib	substrate_of	ABCB1
Gefitinib	inhibits	ABCB1
Gefitinib	substrate_of	ABCG2
Gefitinib	inhibits	ABCG2
Gefitinib	substrate_of	ALB
Gefitinib	substrate_of	ORM1
Codeine	substrate_of	CYP2D6
Codeine	substrate_of	CYP3A4
Codeine	substrate_of	UGT2B7
Codeine	substrate_of	UGT2B4
Codeine	activates	OPRM1
Codeine	binds	OPRM1
Codeine	activates	OPRK1
Codeine	activates	OPRD1
Codeine	substrate_of	SLC22A1
Codeine	inhibits	SLC22A1
Dihydroergotamine	substrate_of	CYP3A4
Dihydroergotamine	inhibits	CYP3A4
Dihydroergotamine	activates	HTR1B
Dihydroergotamine	activates	HTR1D
Dihydroergotamine	activates	HTR1F
Dihydroergotamine	activates	DRD2
Dihydroergotamine	activates	ADRA2A
Dihydroergotamine	activates	HTR1A
Dihydroergotamine	activates	HTR1E
Dihydroergotamine	activates	HTR2A
Dihydroergotamine	activates	HTR2B
Dihydroergotamine	activates	HTR2C
Dihydroergotamine	activates	ADRA1A
Dihydroergotamine	activates	DRD3
Dihydroergotamine	activates	DRD4
Dihydroergotamine	activates	HTR4
Dihydroergotamine	activates	ADRB3
Dihydroergotamine	inhibits	ABCB1
Amitriptyline	substrate_of	CYP2D6
Amitriptyline	substrate_of	CYP1A2
Amitriptyline	substrate_of	CYP2C19
Amitriptyline	inhibits	CYP2C19
Amitriptyline	substrate_of	CYP2C9
Amitriptyline	substrate_of	CYP3A4
Amitriptyline	substrate_of	CYP3A5
Amitriptyline	substrate_of	CYP2B6
Amitriptyline	substrate_of	CYP2C8
Amitriptyline	inhibits	CYP2C8
Amitriptyline	substrate_of	UGT2B10
Amitriptyline	inhibits	UGT2B10
Amitriptyline	substrate_of	UGT1A4
Amitriptyline	inhibits	GSTA1
Amitriptyline	inhibits	SLC6A2
Amitriptyline	inhibits	SLC6A4
Amitriptyline	inhibits	HTR2A
Amitriptyline	inhibits	HTR1A
Amitriptyline	induces	HTR1A
Amitriptyline	activates	OPRD1
Amitriptyline	activates	OPRK1
Amitriptyline	activates	NTRK1
Amitriptyline	activates	NTRK2
Amitriptyline	inhibits	ADRA1A
Amitriptyline	inhibits	ADRA1D
Amitriptyline	inhibits	ADRA2A
Amitriptyline	activates	ADRA2A
Amitriptyline	inhibits	HRH1
Amitriptyline	inhibits	KCNQ2
Amitriptyline	inhibits	KCNA1
Amitriptyline	binds	HRH2
Amitriptyline	binds	HRH4
Amitriptyline	activates	SIGMAR1
Amitriptyline	inhibits	HTR2C
Amitriptyline	inhibits	ADRA1B
Amitriptyline	inhibits	HTR7
Amitriptyline	binds	HTR1D
Amitriptyline	binds	OPRM1
Amitriptyline	binds	HTR1B
Amitriptyline	inhibits	HTR6
Amitriptyline	inhibits	KCNQ3
Amitriptyline	inhibits	Htr2c
Amitriptyline	binds	CHRM1
Amitriptyline	binds	KCNH2
Amitriptyline	substrate_of	ABCB1
Amitriptyline	binds	ALB
Amitriptyline	binds	ORM1
Tolcapone	inhibits	CYP2C9
Tolcapone	inhibits	COMT
Hydromorphone	substrate_of	UGT1A3
Hydromorphone	substrate_of	UGT2B7
Hydromorphone	substrate_of	CYP2C9
Hydromorphone	activates	OPRM1
Hydromorphone	activates	OPRD1
Hydromorphone	activates	OPRK1
Hydromorphone	binds	ALB
Indomethacin	substrate_of	CYP2C19
Indomethacin	inhibits	CYP2C19
Indomethacin	substrate_of	CYP2C9
Indomethacin	substrate_of	CES1
Indomethacin	substrate_of	UGT1A9
Indomethacin	substrate_of	UGT1A1
Indomethacin	inhibits	UGT1A1
Indomethacin	substrate_of	UGT2B7
Indomethacin	inhibits	UGT2B7
Indomethacin	inhibits	PTGS2
Indomethacin	inhibits	PLA2G2A
Indomethacin	inhibits	PTGS1
Indomethacin	induces	EIF2AK2
Indomethacin	inhibits	PTGR2
Indomethacin	activates	PPARG
Indomethacin	inhibits	GLO1
Indomethacin	binds	PTGDR2
Indomethacin	activates	PPARA
Indomethacin	inhibits	AKR1C3
Indomethacin	inhibits	ABCC3
Indomethacin	inhibits	ABCC4
Indomethacin	inhibits	ABCC6
Indomethacin	substrate_of	ABCB1
Indomethacin	inhibits	ABCB1
Indomethacin	inhibits	ABCC1
Indomethacin	substrate_of	SLCO1A2
Indomethacin	inhibits	SLCO1A2
Indomethacin	substrate_of	SLC22A6
Indomethacin	inhibits	SLC22A6
Indomethacin	inhibits	SLC22A8
Indomethacin	substrate_of	ABCC2
Indomethacin	inhibits	ABCC2
Indomethacin	inhibits	ABCC11
Indomethacin	inhibits	SLC22A11
Indomethacin	substrate_of	SLC10A1
Indomethacin	substrate_of	SLC22A7
Indomethacin	inhibits	SLCO1B1
Indomethacin	substrate_of	ABCB11
Indomethacin	binds	ALB
Ethambutol	inhibits	CYP1A2
Ethambutol	inhibits	CYP2E1
Ethambutol	inhibits	CYP2C19
Ethambutol	inhibits	CYP2D6
Ethambutol	inhibits	CYP2A6
Ethambutol	inhibits	CYP2C9
Ethambutol	inhibits	CYP3A4
Ethambutol	inhibits	embC
Ethambutol	inhibits	embB
Ethambutol	inhibits	embA
Metformin	inhibits	ETFDH
Metformin	induces	PRKAB1
Metformin	activates	PRKAB1
Metformin	modulates	SLC47A1
Metformin	activates	ACACB
Metformin	inhibits	GPD1
Metformin	substrate_of	SLC22A1
Metformin	substrate_of	SLC22A2
Metformin	inhibits	SLC22A2
Metformin	substrate_of	SLC22A3
Metformin	substrate_of	SLC47A1
Metformin	substrate_of	SLC29A4
Metformin	substrate_of	SLC47A2
Methadone	substrate_of	CYP3A4
Methadone	inhibits	CYP3A4
Methadone	induces	CYP3A4
Methadone	substrate_of	CYP2C19
Methadone	substrate_of	CYP3A7
Methadone	substrate_of	CYP2D6
Methadone	inhibits	CYP2D6
Methadone	substrate_of	CYP2B6
Methadone	induces	CYP2B6
Methadone	substrate_of	CYP2C8
Methadone	substrate_of	CYP19A1
Methadone	substrate_of	CYP1A2
Methadone	substrate_of	CYP2C18
Methadone	substrate_of	CYP2C9
Methadone	inhibits	UGT2B4
Methadone	activates	OPRM1
Methadone	inhibits	GRIN1
Methadone	activates	OPRD1
Methadone	activates	CHRNA7
Methadone	inhibits	HTR3A
Methadone	inhibits	CHRNA3
Methadone	inhibits	CHRNA4
Methadone	inhibits	CHRNB2
Methadone	inhibits	ABCB1
Methadone	binds	ORM1
Methadone	binds	ALB
Olanzapine	substrate_of	CYP1A2
Olanzapine	substrate_of	CYP2D6
Olanzapine	inhibits	CYP2D6
Olanzapine	substrate_of	FMO3
Olanzapine	inhibits	CYP2C19
Olanzapine	inhibits	CYP2C9
Olanzapine	substrate_of	UGT1A4
Olanzapine	inhibits	CYP3A4
Olanzapine	inhibits	HTR2A
Olanzapine	inhibits	DRD2
Olanzapine	inhibits	DRD1
Olanzapine	inhibits	DRD5
Olanzapine	inhibits	DRD3
Olanzapine	inhibits	DRD4
Olanzapine	inhibits	HTR2C
Olanzapine	inhibits	HTR3A
Olanzapine	inhibits	HTR6
Olanzapine	inhibits	HRH1
Olanzapine	inhibits	ADRA1A
Olanzapine	inhibits	ADRA1B
Olanzapine	inhibits	CHRM1
Olanzapine	inhibits	CHRM2
Olanzapine	inhibits	CHRM3
Olanzapine	inhibits	CHRM4
Olanzapine	inhibits	HTR1A
Olanzapine	inhibits	ADRB1
Olanzapine	inhibits	GABRA1
Olanzapine	substrate_of	ABCB1
Olanzapine	binds	ALB
Olanzapine	binds	ORM1
Omeprazole	substrate_of	CYP1A1
Omeprazole	induces	CYP1A1
Omeprazole	induces	CYP1A2
Omeprazole	induces	CYP1B1
Omeprazole	substrate_of	CYP2C8
Omeprazole	substrate_of	CYP2C9
Omeprazole	substrate_of	CYP2C18
Omeprazole	inhibits	CYP2D6
Omeprazole	substrate_of	CYP3A4
Omeprazole	inhibits	CYP3A4
Omeprazole	induces	CYP3A4
Omeprazole	substrate_of	CYP2C19
Omeprazole	inhibits	CYP2C19
Omeprazole	inhibits	ATP4A
Omeprazole	modulates	ATP4B
Omeprazole	activates	AHR
Omeprazole	inhibits	ABCG2
Omeprazole	induces	ABCC3
Omeprazole	substrate_of	ABCB1
Omeprazole	inhibits	ABCB1
Pyrazinamide	substrate_of	AOX1
Pyrazinamide	substrate_of	XDH
Pyrazinamide	inhibits	fas
Pyrazinamide	inhibits	inhA
Cetirizine	inhibits	HRH1
Cetirizine	substrate_of	ABCB1
Cetirizine	inhibits	ABCB1
Terfenadine	substrate_of	CYP3A4
Terfenadine	inhibits	CYP3A4
Terfenadine	substrate_of	CYP3A7
Terfenadine	substrate_of	CYP2D6
Terfenadine	inhibits	CYP2D6
Terfenadine	substrate_of	CYP3A5
Terfenadine	inhibits	CYP2C8
Terfenadine	inhibits	CYP2J2
Terfenadine	inhibits	HRH1
Terfenadine	inhibits	CHRM3
Terfenadine	binds	CHRM1
Terfenadine	binds	CHRM5
Terfenadine	binds	CHRM4
Terfenadine	binds	CHRM2
Terfenadine	inhibits	KCNH2
Terfenadine	inhibits	ABCB1
Terfenadine	substrate_of	ABCB11
Terfenadine	binds	ORM1
Terfenadine	binds	ALB
Diltiazem	substrate_of	CYP3A4
Diltiazem	inhibits	CYP3A4
Diltiazem	substrate_of	CYP3A5
Diltiazem	inhibits	CYP3A5
Diltiazem	substrate_of	CYP3A7
Diltiazem	inhibits	CYP3A7
Diltiazem	substrate_of	CYP2C19
Diltiazem	substrate_of	CYP2D6
Diltiazem	substrate_of	CYP2C8
Diltiazem	binds	CACNA1C
Diltiazem	binds	CACNG1
Diltiazem	binds	CACNA2D1
Diltiazem	substrate_of	ABCB1
Diltiazem	inhibits	ABCB1
Diltiazem	binds	ALB
Diltiazem	binds	ORM1
Alfuzosin	substrate_of	CYP3A4
Alfuzosin	inhibits	ADRA1A
Alfuzosin	inhibits	ADRA1B
Alfuzosin	inhibits	ADRA1D
Alfuzosin	substrate_of	ABCB1
Alfuzosin	binds	ALB
Alfuzosin	binds	ORM1
Trimethadione	substrate_of	CYP2E1
Trimethadione	substrate_of	CYP3A4
Trimethadione	substrate_of	CYP2C8
Trimethadione	substrate_of	CYP2C9
Trimethadione	substrate_of	CYP2C19
Trimethadione	inhibits	CACNA1G
Nitisinone	substrate_of	CYP3A4
Nitisinone	inhibits	HPD
Clobazam	substrate_of	CYP1A2
Clobazam	substrate_of	CYP2B6
Clobazam	inhibits	CYP2D6
Clobazam	substrate_of	CYP2C8
Clobazam	inhibits	CYP2C9
Clobazam	substrate_of	CYP2C18
Clobazam	substrate_of	CYP2C19
Clobazam	substrate_of	CYP3A5
Clobazam	substrate_of	CYP3A4
Clobazam	induces	CYP3A4
Clobazam	substrate_of	CYP3A7
Clobazam	binds	UGT1A1
Clobazam	inhibits	UGT1A4
Clobazam	inhibits	UGT1A6
Clobazam	inhibits	UGT2B4
Clobazam	modulates	GABRA1
Clobazam	binds	GABRA1
Clobazam	modulates	GABRG3
Clobazam	inhibits	GABRA1
Clobazam	substrate_of	ABCB1
Clobazam	binds	ALB
Clobazam	binds	ORM1
Minoxidil	substrate_of	UGT1A1
Minoxidil	induces	KCNJ1
Minoxidil	induces	PTGS1
Megestrol acetate	substrate_of	CYP3A4
Megestrol acetate	activates	PGR
Megestrol acetate	activates	NR3C1
Megestrol acetate	inhibits	ABCB1
Tioguanine	substrate_of	HPRT1
Tioguanine	inhibits	ABCC4
Methylergometrine	substrate_of	CYP3A4
Methylergometrine	inhibits	CYP3A4
Methylergometrine	inhibits	DRD1
Methylergometrine	activates	HTR2B
Chlorzoxazone	substrate_of	CYP2E1
Chlorzoxazone	inhibits	CYP2E1
Chlorzoxazone	substrate_of	CYP1A1
Chlorzoxazone	substrate_of	CYP1A2
Chlorzoxazone	substrate_of	CYP2A6
Chlorzoxazone	substrate_of	CYP3A4
Chlorzoxazone	inhibits	CYP3A4
Chlorzoxazone	substrate_of	CYP2D6
Chlorzoxazone	inhibits	KCNMA1
Aminoglutethimide	induces	CYP3A4
Aminoglutethimide	induces	CYP2C19
Aminoglutethimide	inhibits	CYP11A1
Aminoglutethimide	inhibits	CYP19A1
Mefloquine	inhibits	CYP19A1
Mefloquine	inhibits	ACHE
Mefloquine	inhibits	BCHE
Mefloquine	substrate_of	CYP3A4
Mefloquine	inhibits	CYP3A4
Mefloquine	inhibits	ADORA2A
Mefloquine	substrate_of	ABCB1
Mefloquine	inhibits	ABCB1
Sapropterin	induces	PTGS2
Sapropterin	binds	PAH
Sapropterin	binds	NOS3
Sapropterin	binds	TH
Sapropterin	binds	TPH1
Sapropterin	inhibits	ABCB1
Vinorelbine	inhibits	CYP2D6
Vinorelbine	substrate_of	CYP3A4
Vinorelbine	inhibits	TUBB
Vinorelbine	activates	MAPK1
Vinorelbine	binds	BCL2
Vinorelbine	modulates	MAP4
Clozapine	substrate_of	CYP1A2
Clozapine	substrate_of	CYP2D6
Clozapine	inhibits	CYP2D6
Clozapine	substrate_of	CYP2C9
Clozapine	substrate_of	CYP3A4
Clozapine	inhibits	CYP3A4
Clozapine	induces	CYP3A4
Clozapine	substrate_of	CYP2C19
Clozapine	inhibits	CYP2C19
Clozapine	substrate_of	CYP2A6
Clozapine	substrate_of	CYP2C8
Clozapine	substrate_of	FMO3
Clozapine	substrate_of	UGT1A4
Clozapine	induces	CYP1A1
Clozapine	inhibits	DRD2
Clozapine	inhibits	HTR2A
Clozapine	inhibits	DRD1
Clozapine	inhibits	DRD3
Clozapine	inhibits	DRD4
Clozapine	binds	DRD5
Clozapine	inhibits	HTR1A
Clozapine	inhibits	HTR1B
Clozapine	inhibits	HTR1D
Clozapine	inhibits	HTR1E
Clozapine	inhibits	HTR3A
Clozapine	inhibits	HTR2C
Clozapine	inhibits	HTR6
Clozapine	inhibits	HTR7
Clozapine	inhibits	ADRA2C
Clozapine	inhibits	HRH1
Clozapine	activates	HRH4
Clozapine	inhibits	ADRA1A
Clozapine	inhibits	ADRA1B
Clozapine	inhibits	ADRA2A
Clozapine	inhibits	ADRA2B
Clozapine	activates	CHRM1
Clozapine	activates	CHRM2
Clozapine	inhibits	CHRM3
Clozapine	activates	CHRM4
Clozapine	inhibits	CHRM5
Clozapine	binds	CALY
Clozapine	binds	GSTP1
Clozapine	modulates	GABBR1
Clozapine	modulates	GABBR2
Clozapine	inhibits	GABRA1
Clozapine	inhibits	GABRB1
Clozapine	inhibits	GABRG1
Clozapine	substrate_of	ABCB1
Clozapine	substrate_of	SLC22A1
Clozapine	binds	SLC22A2
Clozapine	substrate_of	SLC22A3
Clozapine	binds	ORM1
Clozapine	binds	ALB
Sucralfate	inhibits	PGA5
Sucralfate	activates	FGF2
Sucralfate	induces	FGF2
Sucralfate	induces	EGF
Sucralfate	binds	FGA
Grepafloxacin	substrate_of	CYP1A2
Grepafloxacin	inhibits	CYP1A2
Grepafloxacin	substrate_of	CYP3A4
Grepafloxacin	inhibits	gyrA
Grepafloxacin	inhibits	parC
Grepafloxacin	modulates	gyrB
Grepafloxacin	modulates	gyrA
Grepafloxacin	substrate_of	ABCB1
Grepafloxacin	inhibits	ABCB1
Grepafloxacin	substrate_of	ABCC1
Grepafloxacin	substrate_of	SLC22A6
Grepafloxacin	inhibits	SLC22A2
Grepafloxacin	inhibits	SLC22A5
Grepafloxacin	inhibits	ABCC2
Doxylamine	induces	CYP2B
Doxylamine	inhibits	HRH1
Doxylamine	inhibits	CHRM1
Doxylamine	binds	NR1I3
Doxylamine	binds	ALB
Levonorgestrel	substrate_of	CYP3A5
Levonorgestrel	substrate_of	CYP3A4
Levonorgestrel	modulates	PGR
Levonorgestrel	inhibits	SRD5A1
Levonorgestrel	binds	ESR1
Levonorgestrel	binds	AR
Levonorgestrel	inhibits	SHBG
Levonorgestrel	binds	SHBG
Levonorgestrel	binds	NR3C1
Mirtazapine	substrate_of	CYP3A4
Mirtazapine	inhibits	CYP3A4
Mirtazapine	substrate_of	CYP2D6
Mirtazapine	substrate_of	CYP1A2
Mirtazapine	inhibits	HTR2A
Mirtazapine	inhibits	ADRA2A
Mirtazapine	inhibits	HTR2C
Mirtazapine	inhibits	ADRA1A
Mirtazapine	activates	OPRK1
Mirtazapine	inhibits	HRH1
Mirtazapine	substrate_of	SLC6A4
Mirtazapine	inhibits	SLC6A4
Meprobamate	modulates	GABRA1
Meprobamate	activates	GABRA1
Meprobamate	activates	GABRA2
Meprobamate	activates	GABRA3
Meprobamate	activates	GABRA4
Meprobamate	activates	GABRA5
Meprobamate	activates	GABRA6
Meprobamate	binds	PRKCE
Meprobamate	inhibits	PDF
Thiethylperazine	inhibits	DRD2
Treprostinil	substrate_of	CYP2C8
Treprostinil	substrate_of	CYP2C9
Treprostinil	activates	PTGIR
Treprostinil	activates	PTGER2
Treprostinil	activates	PTGDR
Treprostinil	activates	PPARD
Treprostinil	inhibits	P2RY12
Trihexyphenidyl	inhibits	CHRM1
Trihexyphenidyl	inhibits	CHRM2
Trihexyphenidyl	inhibits	CHRM3
Trihexyphenidyl	inhibits	CHRM4
Trihexyphenidyl	inhibits	CHRM5
Trihexyphenidyl	activates	ADRB3
Trihexyphenidyl	binds	ALB
Palonosetron	substrate_of	CYP2D6
Palonosetron	substrate_of	CYP3A4
Palonosetron	substrate_of	CYP1A2
Palonosetron	inhibits	HTR3A
Mexiletine	substrate_of	CYP2B6
Mexiletine	substrate_of	CYP2E1
Mexiletine	substrate_of	CYP3A4
Mexiletine	substrate_of	CYP1A2
Mexiletine	inhibits	CYP1A2
Mexiletine	substrate_of	CYP2D6
Mexiletine	inhibits	SCN5A
Mexiletine	activates	AHR
Amlodipine	substrate_of	CYP3A4
Amlodipine	inhibits	CYP3A4
Amlodipine	inhibits	CYP1A1
Amlodipine	substrate_of	CYP2B6
Amlodipine	inhibits	CYP2B6
Amlodipine	substrate_of	CYP3A5
Amlodipine	inhibits	CYP3A5
Amlodipine	inhibits	CYP2C8
Amlodipine	inhibits	CYP2D6
Amlodipine	inhibits	CYP2C19
Amlodipine	inhibits	CYP2C9
Amlodipine	inhibits	CACNA1C
Amlodipine	inhibits	CACNA1I
Amlodipine	binds	CACNA2D1
Amlodipine	inhibits	CACNA1B
Amlodipine	inhibits	CACNB1
Amlodipine	inhibits	CACNA2D3
Amlodipine	inhibits	CA1
Amlodipine	inhibits	SMPD1
Amlodipine	inhibits	CACNA2D1
Amlodipine	substrate_of	ABCB1
Amlodipine	inhibits	ABCB1
Tacrine	substrate_of	CYP1A2
Tacrine	inhibits	BCHE
Tacrine	inhibits	ACHE
Tacrine	binds	CES1
Tacrine	substrate_of	ABCB1
Triamterene	substrate_of	CYP1A2
Triamterene	inhibits	SCNN1G
Triamterene	inhibits	SCNN1A
Triamterene	inhibits	SCNN1B
Triamterene	inhibits	SCNN1D
Procyclidine	inhibits	CHRM3
Procyclidine	inhibits	CHRM1
Procyclidine	inhibits	CHRM2
Procyclidine	inhibits	CHRM4
Procyclidine	inhibits	CHRM5
Digoxin	inhibits	CYP11A1
Digoxin	inhibits	ATP1A1
Digoxin	inhibits	ATP1B3
Digoxin	inhibits	ATP1B2
Digoxin	inhibits	ATP1B1
Digoxin	inhibits	ATP1A3
Digoxin	inhibits	ATP1A2
Digoxin	modulates	SLCO4C1
Digoxin	substrate_of	ABCB1
Digoxin	inhibits	ABCB1
Digoxin	induces	ABCB1
Digoxin	substrate_of	SLCO4C1
Digoxin	substrate_of	ABCB11
Digoxin	substrate_of	SLCO1A2
Digoxin	substrate_of	SLC51A
Digoxin	substrate_of	SLC51B
Digoxin	substrate_of	SLCO1B1
Digoxin	inhibits	SLCO1B1
Sulpiride	inhibits	BCHE
Sulpiride	inhibits	DRD2
Sulpiride	inhibits	DRD3
Sulpiride	inhibits	CA2
Sulpiride	inhibits	CA3
Sulpiride	inhibits	DRD4
Sulpiride	substrate_of	SLC22A1
Sulpiride	substrate_of	SLC22A2
Sulpiride	substrate_of	SLC47A1
Sulpiride	substrate_of	SLC47A2
Sulpiride	substrate_of	SLC22A3
Sulpiride	substrate_of	ABCB1
Sulpiride	substrate_of	ABCG2
Sulpiride	binds	ALB
Nimodipine	substrate_of	CYP3A4
Nimodipine	inhibits	CACNA1C
Nimodipine	inhibits	CACNA1D
Nimodipine	inhibits	CACNA1F
Nimodipine	inhibits	CACNA1S
Nimodipine	inhibits	CACNB1
Nimodipine	inhibits	CACNB2
Nimodipine	inhibits	CACNB3
Nimodipine	inhibits	CACNB4
Nimodipine	inhibits	NR3C2
Nimodipine	activates	AHR
Carisoprodol	substrate_of	CYP2C19
Carisoprodol	activates	GABRA1
Carisoprodol	modulates	GABRA1
Carisoprodol	modulates	GABRB2
Carisoprodol	modulates	GABRG2
Carisoprodol	modulates	GABRA5
Carisoprodol	modulates	GABRA3
Progesterone	inhibits	CYP17A1
Progesterone	substrate_of	CYP1A1
Progesterone	substrate_of	CYP1B1
Progesterone	induces	CYP2A6
Progesterone	substrate_of	CYP2D6
Progesterone	substrate_of	CYP2C19
Progesterone	inhibits	CYP2C19
Progesterone	substrate_of	CYP2C9
Progesterone	inhibits	CYP2C9
Progesterone	substrate_of	CYP3A5
Progesterone	substrate_of	CYP3A4
Progesterone	induces	CYP3A4
Progesterone	substrate_of	CYP3A7
Progesterone	inhibits	CYP3A7
Progesterone	activates	PGR
Progesterone	inhibits	NR3C2
Progesterone	activates	NR3C2
Progesterone	activates	ESR1
Progesterone	inhibits	ESR1
Progesterone	binds	ESR1
Progesterone	substrate_of	CYP17A1
Progesterone	activates	OPRK1
Progesterone	binds	ORM1
Progesterone	activates	NR3C1
Progesterone	activates	AR
Progesterone	binds	SHBG
Progesterone	activates	ESR2
Progesterone	binds	ESR2
Progesterone	substrate_of	ABCB1
Progesterone	inhibits	ABCB1
Progesterone	induces	ABCB1
Progesterone	inhibits	SLC22A2
Progesterone	inhibits	SLC22A1
Progesterone	inhibits	SLC22A3
Progesterone	inhibits	ABCB11
Progesterone	inhibits	ABCC1
Progesterone	inhibits	SLC10A1
Progesterone	inhibits	SLCO1B1
Progesterone	inhibits	ABCG2
Progesterone	induces	ABCG2
Progesterone	induces	SLCO1B3
Phenylpropanolamine	inhibits	MAOA
Phenylpropanolamine	activates	DRD1
Phenylpropanolamine	inhibits	TERT
Phenylpropanolamine	activates	ADRB1
Phenylpropanolamine	activates	ADRB2
Phenylpropanolamine	binds	ADRA2A
Sorafenib	substrate_of	CYP3A4
Sorafenib	inhibits	CYP3A4
Sorafenib	inhibits	CYP2C9
Sorafenib	substrate_of	CYP2C8
Sorafenib	inhibits	CYP2C8
Sorafenib	substrate_of	CYP3A5
Sorafenib	substrate_of	CYP3A7
Sorafenib	inhibits	CYP2B6
Sorafenib	substrate_of	CYP1A2
Sorafenib	inhibits	CYP2C19
Sorafenib	inhibits	CYP2D6
Sorafenib	substrate_of	UGT1A9
Sorafenib	inhibits	UGT1A9
Sorafenib	inhibits	UGT1A1
Sorafenib	inhibits	BRAF
Sorafenib	inhibits	RAF1
Sorafenib	inhibits	FLT4
Sorafenib	inhibits	KDR
Sorafenib	inhibits	FLT1
Sorafenib	inhibits	FLT3
Sorafenib	inhibits	PDGFRB
Sorafenib	inhibits	KIT
Sorafenib	inhibits	FGFR1
Sorafenib	inhibits	RET
Sorafenib	inhibits	EGFR
Sorafenib	substrate_of	ABCB1
Sorafenib	inhibits	ABCB1
Sorafenib	substrate_of	ABCG2
Sorafenib	inhibits	ABCG2
Sorafenib	inhibits	ABCC4
Sorafenib	inhibits	ABCC2
Sorafenib	substrate_of	RALBP1
Sorafenib	inhibits	SLCO1B1
Griseofulvin	induces	CYP1A2
Griseofulvin	induces	CYP3A4
Griseofulvin	binds	KRT12
Nisoldipine	substrate_of	CYP3A4
Nisoldipine	substrate_of	CYP3A5
Nisoldipine	substrate_of	CYP3A7
Nisoldipine	inhibits	CACNA1C
Nisoldipine	inhibits	CACNA2D1
Nisoldipine	inhibits	CACNB2
Nisoldipine	inhibits	CACNA1D
Nisoldipine	inhibits	CACNA1S
Nisoldipine	inhibits	ABCB1
Eszopiclone	substrate_of	CYP3A4
Eszopiclone	substrate_of	CYP2C8
Eszopiclone	modulates	GABRA1
Eszopiclone	activates	TSPO
Eszopiclone	modulates	GABRA2
Eszopiclone	modulates	GABRA3
Eszopiclone	modulates	GABRA5
Alprazolam	substrate_of	CYP3A7
Alprazolam	substrate_of	CYP3A4
Alprazolam	substrate_of	CYP2C9
Alprazolam	substrate_of	CYP3A5
Alprazolam	modulates	GABRA1
Alprazolam	binds	GABRA1
Alprazolam	activates	TSPO
Alprazolam	binds	ALB
Alprazolam	binds	ORM1
Dexbrompheniramine	inhibits	HRH1
Ardeparin	binds	SERPINC1
Ardeparin	activates	SERPIND1
Loxapine	inhibits	HTR2A
Loxapine	inhibits	DRD2
Loxapine	inhibits	HTR2C
Loxapine	binds	HTR1A
Loxapine	binds	HTR1B
Loxapine	binds	HTR1D
Loxapine	binds	HTR1E
Loxapine	binds	HTR3A
Loxapine	binds	HTR5A
Loxapine	binds	HTR6
Loxapine	binds	HTR7
Loxapine	binds	ADRA1A
Loxapine	binds	ADRA1B
Loxapine	binds	ADRA2A
Loxapine	binds	ADRA2B
Loxapine	binds	ADRA2C
Loxapine	binds	ADRB1
Loxapine	binds	CHRM1
Loxapine	binds	CHRM2
Loxapine	binds	CHRM3
Loxapine	binds	CHRM4
Loxapine	binds	CHRM5
Loxapine	binds	DRD1
Loxapine	binds	DRD3
Loxapine	binds	DRD4
Loxapine	binds	DRD5
Loxapine	binds	HRH1
Loxapine	binds	HRH2
Loxapine	binds	HRH4
Loxapine	binds	SLC6A4
Loxapine	binds	SLC6A2
Loxapine	binds	SLC6A3
Loxapine	inhibits	DRD1
Rosiglitazone	substrate_of	PTGS1
Rosiglitazone	inhibits	CYP1A2
Rosiglitazone	inhibits	CYP2D6
Rosiglitazone	substrate_of	CYP3A4
Rosiglitazone	induces	CYP3A4
Rosiglitazone	induces	CYP2B6
Rosiglitazone	substrate_of	CYP2E1
Rosiglitazone	substrate_of	CYP2C8
Rosiglitazone	inhibits	CYP2C8
Rosiglitazone	substrate_of	CYP2C9
Rosiglitazone	inhibits	CYP2C9
Rosiglitazone	activates	PPARG
Rosiglitazone	inhibits	RXRA
Rosiglitazone	inhibits	ACSL4
Rosiglitazone	inhibits	SLCO1B1
Rosiglitazone	substrate_of	ABCB11
Rosiglitazone	inhibits	SLC10A1
Rosiglitazone	substrate_of	ALB
Pramipexole	activates	DRD3
Pramipexole	activates	DRD2
Pramipexole	activates	DRD4
Pramipexole	activates	HTR1A
Pramipexole	activates	ADRA2A
Pramipexole	substrate_of	SLC22A2
Pramipexole	substrate_of	SLC22A1
Pramipexole	binds	SLC22A3
Acetohexamide	substrate_of	CYP2C9
Acetohexamide	substrate_of	CBR1
Acetohexamide	inhibits	KCNJ1
Acetohexamide	modulates	ABCC8
Acetohexamide	binds	ALB
Ampicillin	inhibits	pbp2a
Ampicillin	inhibits	pbp1b
Ampicillin	inhibits	pbp3
Ampicillin	inhibits	pbpA
Ampicillin	inhibits	penA
Ampicillin	binds	SLC15A1
Ampicillin	binds	SLC15A2
Ampicillin	inhibits	SLC22A5
Ampicillin	inhibits	SLC15A1
Ampicillin	inhibits	SLC15A2
Ampicillin	binds	SLC16A1
Ampicillin	binds	ALB
Phenoxymethylpenicillin	inhibits	mecA
Phenoxymethylpenicillin	inhibits	pbpA
Phenoxymethylpenicillin	inhibits	dacB
Phenoxymethylpenicillin	binds	SLC15A1
Secobarbital	induces	CYP1A2
Secobarbital	induces	CYP2C19
Secobarbital	induces	CYP2C8
Secobarbital	induces	CYP2C9
Secobarbital	binds	GABRA2
Secobarbital	binds	GABRA3
Secobarbital	binds	GABRA4
Secobarbital	binds	GABRA5
Secobarbital	binds	GABRA6
Secobarbital	binds	GABRA1
Secobarbital	inhibits	CHRNA4
Secobarbital	inhibits	CHRNA7
Secobarbital	inhibits	GRIA2
Secobarbital	inhibits	GRIK2
Secobarbital	inhibits	GRIN1
Miglustat	inhibits	UGCG
Promazine	substrate_of	CYP1A2
Promazine	inhibits	CYP1A2
Promazine	substrate_of	CYP3A4
Promazine	substrate_of	CYP2C9
Promazine	substrate_of	CYP2D6
Promazine	substrate_of	CYP2C19
Promazine	inhibits	DRD2
Promazine	binds	CHRM5
Promazine	inhibits	HTR2A
Promazine	inhibits	HTR2C
Promazine	inhibits	ADRA1A
Promazine	inhibits	CHRM1
Promazine	inhibits	HRH1
Spironolactone	induces	CYP11B1
Spironolactone	inhibits	CYP2C8
Spironolactone	inhibits	CYP11B2
Spironolactone	inhibits	NR3C2
Spironolactone	inhibits	NR3C1
Spironolactone	inhibits	AR
Spironolactone	activates	PGR
Spironolactone	activates	ESR1
Spironolactone	activates	NR1I2
Spironolactone	inhibits	CACNA1C
Spironolactone	induces	ABCC2
Spironolactone	induces	ABCB1
Spironolactone	inhibits	SLCO1A2
Spironolactone	substrate_of	ABCB11
Spironolactone	binds	ALB
Spironolactone	binds	ORM1
Methylphenidate	substrate_of	CES1A1a
Methylphenidate	inhibits	SLC6A3
Methylphenidate	inhibits	SLC6A2
Methylphenidate	activates	HTR1A
Methocarbamol	inhibits	CA1
Hyoscyamine	inhibits	CHRM1
Hyoscyamine	inhibits	CHRM2
Hyoscyamine	inhibits	CHRM5
Hyoscyamine	inhibits	CHRM3
Hyoscyamine	inhibits	CHRM4
Hyoscyamine	inhibits	ADCY1
Zolpidem	substrate_of	CYP2C9
Zolpidem	substrate_of	CYP2C19
Zolpidem	substrate_of	CYP2D6
Zolpidem	substrate_of	CYP3A4
Zolpidem	substrate_of	CYP1A2
Zolpidem	activates	GABRA1
Zolpidem	modulates	GABRG3
Zolpidem	activates	GABRA2
Zolpidem	activates	GABRA3
Zolpidem	activates	GABRG2
Famciclovir	substrate_of	AOX1
Triprolidine	inhibits	HRH1
Triprolidine	binds	ALB
Lindane	inhibits	GABRB1
Lindane	inhibits	GLRA1
Lindane	inhibits	GLRA2
Lindane	inhibits	GLRA3
Lindane	inhibits	GLRB
Lindane	inhibits	GABRB3
Lindane	inhibits	GABRR1
Lindane	inhibits	PGR
Lindane	inhibits	ESR1
Lindane	activates	NR1I2
Trifluridine	substrate_of	TK1
Trifluridine	substrate_of	TYMP
Trifluridine	inhibits	TYMS
Trifluridine	inhibits	TMP1
Trifluridine	substrate_of	SLC22A6
Trifluridine	inhibits	SLC22A6
Trifluridine	substrate_of	SLC28A1
Trifluridine	substrate_of	SLC29A1
Trifluridine	substrate_of	SLC29A2
Trifluridine	binds	ALB
Prochlorperazine	substrate_of	CYP2D6
Prochlorperazine	inhibits	DRD2
Prochlorperazine	inhibits	HRH1
Prochlorperazine	inhibits	ADRA1A
Prochlorperazine	inhibits	ADRA2A
Cyproheptadine	substrate_of	UGT1A3
Cyproheptadine	substrate_of	UGT1A4
Cyproheptadine	substrate_of	UGT2B10
Cyproheptadine	inhibits	HRH1
Cyproheptadine	inhibits	HTR2A
Cyproheptadine	inhibits	HTR2C
Cyproheptadine	inhibits	HTR2B
Cyproheptadine	inhibits	HRH2
Cyproheptadine	inhibits	CHRM1
Cyproheptadine	inhibits	CHRM2
Cyproheptadine	inhibits	CHRM3
Cyproheptadine	inhibits	HTR7
Cyproheptadine	inhibits	SLC22A1
Cyproheptadine	binds	ALB
Bendroflumethiazide	inhibits	TPMT
Bendroflumethiazide	inhibits	SLC12A3
Bendroflumethiazide	induces	KCNMA1
Bendroflumethiazide	binds	SLC12A1
Bendroflumethiazide	inhibits	CA1
Bendroflumethiazide	inhibits	CA2
Bendroflumethiazide	inhibits	CA4
Allopurinol	substrate_of	AOX1
Allopurinol	inhibits	XDH
Allopurinol	inhibits	CYP1A2
Allopurinol	substrate_of	SLC22A8
Allopurinol	substrate_of	SLC22A7
Allopurinol	substrate_of	ABCG2
Allopurinol	binds	SLC22A2
Cerivastatin	substrate_of	CYP3A4
Cerivastatin	inhibits	CYP3A4
Cerivastatin	induces	CYP3A4
Cerivastatin	substrate_of	CYP3A5
Cerivastatin	substrate_of	CYP3A7
Cerivastatin	substrate_of	CYP2C8
Cerivastatin	inhibits	CYP2C8
Cerivastatin	inhibits	CYP2D6
Cerivastatin	inhibits	CYP2C9
Cerivastatin	induces	CYP2B6
Cerivastatin	substrate_of	UGT1A1
Cerivastatin	inhibits	HMGCR
Cerivastatin	substrate_of	ABCB1
Cerivastatin	substrate_of	ABCC2
Cerivastatin	substrate_of	ABCG2
Cerivastatin	substrate_of	SLCO1B1
Cerivastatin	inhibits	SLCO1B1
Cerivastatin	substrate_of	ABCB11
Entecavir	inhibits	rt
Teniposide	substrate_of	CYP3A5
Teniposide	substrate_of	CYP2C19
Teniposide	inhibits	CYP2C9
Teniposide	substrate_of	CYP3A4
Teniposide	inhibits	CYP3A4
Teniposide	inhibits	TOP2A
Teniposide	modulates	TOP2B
Teniposide	substrate_of	ABCC6
Teniposide	substrate_of	ABCG2
Epirubicin	substrate_of	UGT2B7
Epirubicin	inhibits	PLA2G4A
Epirubicin	modulates	TOP2B
Epirubicin	inhibits	TOP2A
Epirubicin	substrate_of	ABCC1
Chloramphenicol	substrate_of	cat3
Chloramphenicol	substrate_of	cat
Chloramphenicol	inhibits	CYP2C19
Chloramphenicol	inhibits	CYP3A4
Chloramphenicol	inhibits	CYP3A5
Chloramphenicol	inhibits	CYP3A7
Chloramphenicol	inhibits	rplP
Chloramphenicol	inhibits	draA
Chloramphenicol	binds	CD55
Chloramphenicol	inhibits	SLC22A6
Loracarbef	inhibits	pbp3
Loracarbef	inhibits	pbpA
Loracarbef	inhibits	SLC15A1
Loracarbef	inhibits	SLC15A2
Lansoprazole	induces	CYP1A1
Lansoprazole	induces	CYP1B1
Lansoprazole	substrate_of	CYP2C8
Lansoprazole	inhibits	CYP2C9
Lansoprazole	induces	CYP2C9
Lansoprazole	substrate_of	CYP2C18
Lansoprazole	inhibits	CYP2D6
Lansoprazole	substrate_of	CYP3A4
Lansoprazole	inhibits	CYP3A4
Lansoprazole	induces	CYP3A4
Lansoprazole	substrate_of	CYP2C19
Lansoprazole	inhibits	CYP2C19
Lansoprazole	inhibits	ATP4A
Lansoprazole	binds	MAPT
Lansoprazole	inhibits	ABCG2
Lansoprazole	substrate_of	ABCB1
Lansoprazole	inhibits	ABCB1
Lansoprazole	inhibits	SLC22A8
Lansoprazole	binds	SLC22A1
Lansoprazole	binds	SLC22A2
Lansoprazole	binds	SLC22A3
Levothyroxine	substrate_of	UGT1A1
Levothyroxine	induces	ABCB1
Levothyroxine	inhibits	CYP2C8
Levothyroxine	binds	ITGAV
Levothyroxine	binds	ITGB3
Levothyroxine	activates	THRA
Levothyroxine	activates	THRB
Levothyroxine	substrate_of	SLCO1C1
Levothyroxine	inhibits	SLC16A2
Levothyroxine	substrate_of	SLCO1A2
Levothyroxine	substrate_of	SLCO1B1
Levothyroxine	substrate_of	SLCO4A1
Levothyroxine	binds	SLC7A5
Levothyroxine	inhibits	SLCO2B1
Levothyroxine	binds	TTR
Levothyroxine	substrate_of	SERPINA7
Levothyroxine	binds	ALB
Meperidine	substrate_of	CYP3A4
Meperidine	induces	CYP3A4
Meperidine	substrate_of	CYP2C19
Meperidine	substrate_of	CYP2B6
Meperidine	substrate_of	CYP2D6
Meperidine	induces	CYP1A2
Meperidine	activates	OPRK1
Meperidine	inhibits	GRIN1
Meperidine	inhibits	GRIN2B
Meperidine	inhibits	GRIN2A
Meperidine	inhibits	GRIN2C
Meperidine	inhibits	GRIN2D
Meperidine	binds	CHRM1
Meperidine	activates	OPRM1
Meperidine	inhibits	SLC6A3
Meperidine	inhibits	SLC6A2
Meperidine	binds	SLC6A4
Meperidine	binds	CES1
Meperidine	substrate_of	ABCB1
Meperidine	binds	ALB
Meperidine	binds	ORM1
Prazosin	inhibits	ADRA1A
Prazosin	inhibits	ADRA1B
Prazosin	inhibits	ADRA1D
Prazosin	inhibits	KCNH2
Prazosin	binds	ADRA2A
Prazosin	binds	ADRA2B
Prazosin	substrate_of	SLC22A1
Prazosin	inhibits	SLC22A1
Prazosin	inhibits	SLC22A3
Prazosin	substrate_of	ABCB1
Prazosin	inhibits	ABCB1
Prazosin	modulates	ABCB1
Prazosin	substrate_of	ABCG2
Prazosin	substrate_of	ORM1
Imipramine	substrate_of	CYP2C19
Imipramine	inhibits	CYP2C19
Imipramine	substrate_of	CYP2D6
Imipramine	inhibits	CYP2D6
Imipramine	substrate_of	CYP1A2
Imipramine	inhibits	CYP1A2
Imipramine	substrate_of	CYP3A4
Imipramine	substrate_of	CYP3A7
Imipramine	substrate_of	CYP2B6
Imipramine	substrate_of	CYP2C18
Imipramine	inhibits	CYP2E1
Imipramine	inhibits	SLC6A2
Imipramine	inhibits	SLC6A4
Imipramine	inhibits	HTR2A
Imipramine	inhibits	HRH1
Imipramine	inhibits	ADRA1A
Imipramine	inhibits	ADRA1D
Imipramine	inhibits	CHRM1
Imipramine	inhibits	CHRM2
Imipramine	inhibits	CHRM3
Imipramine	inhibits	CHRM4
Imipramine	inhibits	CHRM5
Imipramine	inhibits	KCND2
Imipramine	inhibits	KCND3
Imipramine	inhibits	HTR2C
Imipramine	inhibits	ADRA1B
Imipramine	inhibits	HTR7
Imipramine	binds	DRD1
Imipramine	binds	DRD2
Imipramine	inhibits	KCNH2
Imipramine	inhibits	SLC6A3
Imipramine	activates	HTR1A
Imipramine	binds	HTR6
Imipramine	inhibits	KCNH1
Imipramine	substrate_of	ABCB1
Imipramine	inhibits	SLC22A2
Imipramine	inhibits	SLC22A3
Imipramine	inhibits	SLC22A4
Imipramine	binds	ORM1
Imipramine	binds	ALB
Acitretin	activates	RXRA
Acitretin	activates	RARA
Acitretin	activates	RARB
Acitretin	activates	RARG
Acitretin	activates	RXRG
Acitretin	activates	RXRB
Acitretin	inhibits	STAT3
Acitretin	activates	RBP1
Acitretin	binds	ALB
Nabumetone	inhibits	MPO
Nabumetone	substrate_of	CYP1A2
Nabumetone	substrate_of	CYP2C9
Nabumetone	substrate_of	HSD11B1
Nabumetone	substrate_of	AKR1C1
Nabumetone	substrate_of	AKR1C2
Nabumetone	substrate_of	AKR1C4
Nabumetone	inhibits	PTGS2
Nabumetone	inhibits	PTGS1
Nabumetone	binds	ALB
Methscopolamine bromide	inhibits	CHRM2
Methscopolamine bromide	inhibits	CHRM1
Methscopolamine bromide	inhibits	CHRM3
Ketorolac	substrate_of	UGT2B7
Ketorolac	substrate_of	CYP2C8
Ketorolac	substrate_of	CYP2C9
Ketorolac	inhibits	PTGS2
Ketorolac	inhibits	PTGS1
Quinine	substrate_of	CYP3A4
Quinine	inhibits	CYP3A4
Quinine	induces	CYP3A4
Quinine	substrate_of	CYP3A5
Quinine	inhibits	CYP1A1
Quinine	induces	CYP1A1
Quinine	substrate_of	CYP2D6
Quinine	inhibits	CYP2D6
Quinine	substrate_of	CYP1A2
Quinine	substrate_of	CYP2C8
Quinine	inhibits	CYP2C8
Quinine	substrate_of	CYP2C9
Quinine	substrate_of	CYP2C19
Quinine	inhibits	CYP2C19
Quinine	substrate_of	CYP2E1
Quinine	substrate_of	CYP3A7
Quinine	binds	GP9
Quinine	inhibits	KCNN4
Quinine	inhibits	SLC22A2
Quinine	substrate_of	SLC22A1
Quinine	inhibits	SLC22A1
Quinine	inhibits	SLC22A5
Quinine	substrate_of	ABCB1
Quinine	inhibits	ABCB1
Quinine	inhibits	SLCO1A2
Quinine	inhibits	SLC22A4
Quinine	inhibits	SLCO1B1
Tenoxicam	substrate_of	CYP2C9
Tenoxicam	inhibits	PTGS2
Tenoxicam	inhibits	PTGS1
Tenoxicam	inhibits	SLC22A8
Dronabinol	inhibits	CYP1A1
Dronabinol	induces	CYP1A1
Dronabinol	inhibits	CYP1A2
Dronabinol	inhibits	CYP1B1
Dronabinol	inhibits	CYP2A6
Dronabinol	substrate_of	CYP2C9
Dronabinol	inhibits	CYP2C9
Dronabinol	induces	CYP2C9
Dronabinol	inhibits	CYP2B6
Dronabinol	substrate_of	CYP2C19
Dronabinol	inhibits	CYP2C19
Dronabinol	inhibits	CYP2D6
Dronabinol	substrate_of	CYP2J2
Dronabinol	inhibits	CYP2J2
Dronabinol	substrate_of	CYP3A4
Dronabinol	inhibits	CYP3A4
Dronabinol	inhibits	CYP3A5
Dronabinol	inhibits	CYP3A7
Dronabinol	inhibits	CES1
Dronabinol	inhibits	PTGS1
Dronabinol	substrate_of	UGT1A1
Dronabinol	substrate_of	UGT1A3
Dronabinol	substrate_of	UGT1A9
Dronabinol	substrate_of	UGT1A10
Dronabinol	activates	CNR1
Dronabinol	activates	CNR2
Dronabinol	inhibits	ABCG2
Dronabinol	inhibits	ABCB1
Dronabinol	inhibits	ABCC1
Montelukast	substrate_of	PTGS1
Montelukast	substrate_of	CYP2A6
Montelukast	substrate_of	CYP3A4
Montelukast	substrate_of	CYP2C9
Montelukast	substrate_of	CYP2C8
Montelukast	inhibits	CYP2C8
Montelukast	inhibits	CYSLTR1
Montelukast	binds	ALOX5
Montelukast	substrate_of	SLCO2B1
Fluoxetine	substrate_of	CYP2B6
Fluoxetine	substrate_of	CYP3A5
Fluoxetine	substrate_of	CYP2C9
Fluoxetine	inhibits	CYP2C9
Fluoxetine	substrate_of	CYP2D6
Fluoxetine	inhibits	CYP2D6
Fluoxetine	induces	CYP2B
Fluoxetine	substrate_of	CYP1A2
Fluoxetine	inhibits	CYP1A2
Fluoxetine	substrate_of	CYP3A4
Fluoxetine	inhibits	CYP3A4
Fluoxetine	substrate_of	CYP2C19
Fluoxetine	inhibits	CYP2C19
Fluoxetine	inhibits	SLC6A4
Fluoxetine	inhibits	HTR2C
Fluoxetine	inhibits	CHRNA2
Fluoxetine	inhibits	CHRNA3
Fluoxetine	inhibits	CHRNB4
Fluoxetine	inhibits	CKS1B
Fluoxetine	inhibits	KCNH2
Fluoxetine	inhibits	ABCB1
Fluoxetine	substrate_of	ALB
Fluoxetine	substrate_of	ORM1
Methohexital	inhibits	GABRA1
Chlordiazepoxide	substrate_of	CYP3A4
Chlordiazepoxide	modulates	GABRA1
Chlordiazepoxide	binds	GABRA1
Chlordiazepoxide	modulates	TSPO
Duloxetine	substrate_of	CYP2D6
Duloxetine	inhibits	CYP2D6
Duloxetine	substrate_of	CYP2C9
Duloxetine	inhibits	CYP3A4
Duloxetine	substrate_of	CYP1A2
Duloxetine	inhibits	CYP1A2
Duloxetine	inhibits	CYP2B6
Duloxetine	inhibits	CYP2C19
Duloxetine	inhibits	SLC6A4
Duloxetine	inhibits	SLC6A2
Duloxetine	inhibits	SLC6A3
Duloxetine	inhibits	ABCB1
Duloxetine	binds	ALB
Duloxetine	binds	ORM1
Chlorpromazine	substrate_of	CYP2D6
Chlorpromazine	inhibits	CYP2D6
Chlorpromazine	substrate_of	CYP1A2
Chlorpromazine	inhibits	CYP2E1
Chlorpromazine	induces	CYP3A4
Chlorpromazine	inhibits	BCHE
Chlorpromazine	inhibits	DRD2
Chlorpromazine	inhibits	DRD1
Chlorpromazine	inhibits	HTR1A
Chlorpromazine	inhibits	HTR2A
Chlorpromazine	inhibits	ADRA1A
Chlorpromazine	inhibits	ADRA1B
Chlorpromazine	inhibits	HRH1
Chlorpromazine	inhibits	KCNH2
Chlorpromazine	inhibits	DRD3
Chlorpromazine	inhibits	HTR2C
Chlorpromazine	inhibits	ADRA2A
Chlorpromazine	inhibits	CHRM1
Chlorpromazine	inhibits	CHRM3
Chlorpromazine	inhibits	HTR6
Chlorpromazine	inhibits	HTR7
Chlorpromazine	inhibits	DRD4
Chlorpromazine	inhibits	DRD5
Chlorpromazine	binds	HTR2A
Chlorpromazine	inhibits	SMPD1
Chlorpromazine	binds	ORM1
Chlorpromazine	binds	HRH4
Chlorpromazine	inhibits	CALM1
Chlorpromazine	substrate_of	ABCB1
Chlorpromazine	inhibits	ABCB1
Chlorpromazine	inhibits	ABCB11
Chlorpromazine	binds	ALB
Lenalidomide	inhibits	CRBN
Lenalidomide	inhibits	TNFSF11
Lenalidomide	inhibits	TNF
Lenalidomide	inhibits	CDH5
Lenalidomide	modulates	PTGS2
Lenalidomide	substrate_of	ABCB1
Raloxifene	inhibits	CYP2B6
Raloxifene	inhibits	CYP2C8
Raloxifene	inhibits	AOX1
Raloxifene	inhibits	CYP19A1
Raloxifene	inhibits	CYP3A4
Raloxifene	substrate_of	UGT1A1
Raloxifene	substrate_of	UGT1A10
Raloxifene	substrate_of	UGT1A8
Raloxifene	activates	ESR1
Raloxifene	activates	ESR2
Raloxifene	binds	SERPINB9
Raloxifene	binds	TFF1
Raloxifene	substrate_of	SLCO1B1
Raloxifene	substrate_of	SLCO1B3
Raloxifene	substrate_of	ABCB1
Raloxifene	substrate_of	ABCG2
Raloxifene	substrate_of	ABCC2
Raloxifene	substrate_of	ABCC3
Raloxifene	substrate_of	ABCC4
Raloxifene	binds	ALB
Raloxifene	binds	ORM1
Celecoxib	substrate_of	CYP3A4
Celecoxib	substrate_of	CYP2C9
Celecoxib	substrate_of	CYP2D6
Celecoxib	inhibits	CYP2D6
Celecoxib	substrate_of	CYP2C8
Celecoxib	inhibits	PTGS2
Celecoxib	inhibits	NEU1
Celecoxib	inhibits	STAT3
Celecoxib	inhibits	CA2
Celecoxib	inhibits	CA3
Celecoxib	inhibits	CDH11
Celecoxib	inhibits	PDPK1
Celecoxib	inhibits	ABCC4
Celecoxib	inhibits	ABCB11
Celecoxib	substrate_of	ABCB1
Celecoxib	substrate_of	ABCG2
Brimonidine	substrate_of	AOX1
Brimonidine	activates	ADRA2A
Brimonidine	activates	ADRA2B
Brimonidine	activates	ADRA2C
Dicloxacillin	induces	CYP3A4
Dicloxacillin	inhibits	pbp1b
Dicloxacillin	inhibits	pbp2a
Dicloxacillin	inhibits	pbp3
Dicloxacillin	inhibits	pbpA
Dicloxacillin	inhibits	penA
Dicloxacillin	inhibits	SLC15A1
Dicloxacillin	inhibits	SLC15A2
Dicloxacillin	binds	ALB
Nabilone	substrate_of	CYP2C9
Nabilone	inhibits	CYP2C9
Nabilone	substrate_of	CYP3A4
Nabilone	inhibits	CYP3A4
Nabilone	substrate_of	CYP2C8
Nabilone	inhibits	CYP2C8
Nabilone	substrate_of	CYP2E1
Nabilone	inhibits	CYP2E1
Nabilone	substrate_of	CYP2J2
Nabilone	activates	CNR2
Nabilone	activates	CNR1
Sotalol	substrate_of	CYP2D6
Sotalol	inhibits	ADRB1
Sotalol	inhibits	ADRB2
Sotalol	inhibits	KCNH2
Buspirone	substrate_of	CYP3A4
Buspirone	substrate_of	CYP3A5
Buspirone	substrate_of	CYP3A7
Buspirone	substrate_of	CYP2D6
Buspirone	activates	HTR1A
Buspirone	inhibits	DRD2
Buspirone	inhibits	DRD3
Buspirone	inhibits	DRD4
Buspirone	activates	ADRA1A
Buspirone	inhibits	ABCB1
Buspirone	binds	ALB
Buspirone	binds	ORM1
Miglitol	inhibits	AMY2A
Miglitol	inhibits	GAA
Miglitol	inhibits	GANAB
Miglitol	inhibits	GANC
Miglitol	inhibits	MGAM
Fosinopril	inhibits	ACE
Fosinopril	substrate_of	SLC15A1
Fosinopril	substrate_of	SLC15A2
Entacapone	inhibits	CYP2D6
Entacapone	inhibits	COMT
Entacapone	substrate_of	UGT1A9
Zidovudine	substrate_of	CYP2A6
Zidovudine	substrate_of	CYP2C9
Zidovudine	substrate_of	CYP3A4
Zidovudine	substrate_of	TK1
Zidovudine	substrate_of	UGT2B7
Zidovudine	substrate_of	UGT1A1
Zidovudine	induces	UGT1A1
Zidovudine	inhibits	pol
Zidovudine	binds	FLT3
Zidovudine	inhibits	gag-pol
Zidovudine	inhibits	TERT
Zidovudine	binds	SLC22A2
Zidovudine	substrate_of	SLC22A6
Zidovudine	binds	SLC22A7
Zidovudine	substrate_of	SLC22A8
Zidovudine	inhibits	SLC22A8
Zidovudine	binds	SLC22A11
Zidovudine	binds	SLC28A1
Zidovudine	binds	SLC29A2
Zidovudine	substrate_of	ABCB1
Zidovudine	substrate_of	ABCC4
Zidovudine	substrate_of	ABCC5
Zidovudine	substrate_of	ABCG2
Zidovudine	binds	ALB
Darifenacin	substrate_of	CYP3A4
Darifenacin	substrate_of	CYP2D6
Darifenacin	inhibits	CYP2D6
Darifenacin	inhibits	CHRM3
Darifenacin	inhibits	CHRM1
Darifenacin	inhibits	CHRM2
Darifenacin	inhibits	CHRM4
Darifenacin	inhibits	CHRM5
Oxycodone	substrate_of	CYP2D6
Oxycodone	substrate_of	CYP3A4
Oxycodone	substrate_of	CYP3A5
Oxycodone	activates	OPRM1
Oxycodone	activates	OPRK1
Oxycodone	activates	OPRD1
Oxycodone	inhibits	CACNA1B
Oxycodone	binds	ALB
Oxycodone	binds	ORM1
Phenindione	inhibits	VKORC1
Flutamide	substrate_of	CYP1A1
Flutamide	substrate_of	CYP1B1
Flutamide	substrate_of	CYP3A5
Flutamide	substrate_of	CYP1A2
Flutamide	substrate_of	CYP3A4
Flutamide	inhibits	AR
Flutamide	activates	AHR
Flutamide	inhibits	NR1I2
Flutamide	substrate_of	ABCC1
Tolmetin	inhibits	TDO2
Tolmetin	inhibits	MPO
Tolmetin	inhibits	PTGS2
Tolmetin	inhibits	PTGS1
Tolmetin	inhibits	SLC22A6
Tolmetin	binds	ALB
Cimetidine	inhibits	CYP11B1
Cimetidine	inhibits	CYP2C8
Cimetidine	inhibits	CYP2C9
Cimetidine	inhibits	CYP2E1
Cimetidine	substrate_of	FMO3
Cimetidine	substrate_of	FMO1
Cimetidine	inhibits	CYP1A2
Cimetidine	inhibits	CYP2D6
Cimetidine	inhibits	CYP2C19
Cimetidine	inhibits	CYP3A4
Cimetidine	inhibits	CYP3A5
Cimetidine	inhibits	HRH2
Cimetidine	substrate_of	ABCB1
Cimetidine	induces	ABCB1
Cimetidine	substrate_of	SLC22A2
Cimetidine	inhibits	SLC22A2
Cimetidine	substrate_of	SLC22A1
Cimetidine	inhibits	SLC22A1
Cimetidine	substrate_of	SLC22A3
Cimetidine	inhibits	SLC22A3
Cimetidine	inhibits	SLC22A5
Cimetidine	substrate_of	SLC22A6
Cimetidine	inhibits	SLC22A6
Cimetidine	substrate_of	SLC22A8
Cimetidine	inhibits	SLC22A8
Cimetidine	substrate_of	SLC47A1
Cimetidine	inhibits	SLC47A1
Cimetidine	inhibits	SLC22A4
Cimetidine	inhibits	SLC22A11
Cimetidine	substrate_of	SLC22A7
Cimetidine	inhibits	SLC22A7
Cimetidine	inhibits	ABCB11
Cimetidine	substrate_of	SLC47A2
Cimetidine	inhibits	SLC47A2
Cimetidine	substrate_of	ALB
Haloperidol	substrate_of	CBR1
Haloperidol	substrate_of	UGT1A9
Haloperidol	substrate_of	CYP2C19
Haloperidol	substrate_of	CYP2C9
Haloperidol	substrate_of	CYP1A1
Haloperidol	substrate_of	CYP1A2
Haloperidol	substrate_of	CYP2D6
Haloperidol	inhibits	CYP2D6
Haloperidol	substrate_of	CYP3A5
Haloperidol	substrate_of	CYP3A4
Haloperidol	inhibits	CYP3A4
Haloperidol	substrate_of	CYP3A7
Haloperidol	inhibits	HTR2C
Haloperidol	inhibits	DRD2
Haloperidol	inhibits	HTR2A
Haloperidol	activates	DRD3
Haloperidol	inhibits	MCHR1
Haloperidol	inhibits	SLC18A2
Haloperidol	inhibits	SIGMAR1
Haloperidol	inhibits	HRH1
Haloperidol	inhibits	CHRM3
Haloperidol	inhibits	ADRA1A
Haloperidol	inhibits	ADRA2A
Haloperidol	inhibits	ADRA2B
Haloperidol	inhibits	ADRA2C
Haloperidol	inhibits	HTR1A
Haloperidol	inhibits	HTR6
Haloperidol	inhibits	HTR7
Haloperidol	inhibits	GRIN2B
Haloperidol	inhibits	DRD1
Haloperidol	substrate_of	ABCB1
Haloperidol	inhibits	ABCB1
Ritonavir	substrate_of	CYP3A4
Ritonavir	inhibits	CYP3A4
Ritonavir	substrate_of	CYP2D6
Ritonavir	inhibits	CYP2D6
Ritonavir	induces	CYP2C9
Ritonavir	induces	CYP2C19
Ritonavir	inhibits	CYP2B6
Ritonavir	induces	CYP2B6
Ritonavir	inhibits	CYP2C8
Ritonavir	induces	CYP2C8
Ritonavir	induces	CYP1A2
Ritonavir	substrate_of	CYP3A5
Ritonavir	inhibits	CYP3A5
Ritonavir	substrate_of	CYP3A7
Ritonavir	inhibits	CYP3A7
Ritonavir	induces	UGT1A1
Ritonavir	inhibits	pol
Ritonavir	inhibits	gag-pol
Ritonavir	activates	NR1I2
Ritonavir	substrate_of	ABCB1
Ritonavir	inhibits	ABCB1
Ritonavir	induces	ABCB1
Ritonavir	inhibits	ABCC1
Ritonavir	induces	ABCC1
Ritonavir	inhibits	SLCO1A2
Ritonavir	substrate_of	ABCC2
Ritonavir	inhibits	ABCG2
Ritonavir	inhibits	SLCO1B1
Ritonavir	inhibits	SLCO2B1
Ritonavir	inhibits	ABCB11
Ritonavir	inhibits	SLCO1B3
Ritonavir	substrate_of	ALB
Ritonavir	substrate_of	ORM1
Nitazoxanide	inhibits	por
Dextrothyroxine	activates	THRA
Dextrothyroxine	activates	THRB
Dextrothyroxine	binds	TPO
Dextrothyroxine	binds	SLCO1B1
Dextrothyroxine	binds	SLCO1C1
Dextrothyroxine	binds	SLCO4A1
Dextrothyroxine	binds	SLCO4C1
Dextrothyroxine	binds	SLC7A5
Vancomycin	substrate_of	ALB
Vancomycin	substrate_of	ORM1
Vancomycin	substrate_of	Hrh1
Aminocaproic acid	substrate_of	AOX1
Aminocaproic acid	inhibits	PLG
Aminocaproic acid	inhibits	PLAT
Aminocaproic acid	binds	LPA
Dextromethorphan	substrate_of	CYP2D6
Dextromethorphan	substrate_of	CYP3A4
Dextromethorphan	substrate_of	CYP3A7
Dextromethorphan	substrate_of	CYP2B6
Dextromethorphan	substrate_of	CYP2C19
Dextromethorphan	substrate_of	CYP2C9
Dextromethorphan	substrate_of	UGT2B4
Dextromethorphan	substrate_of	UGT2B7
Dextromethorphan	substrate_of	UGT2B15
Dextromethorphan	substrate_of	UGT2B17
Dextromethorphan	activates	SIGMAR1
Dextromethorphan	inhibits	GRIN3A
Dextromethorphan	inhibits	CYP19A1
Dextromethorphan	inhibits	CHRNA2
Dextromethorphan	inhibits	SLC6A4
Dextromethorphan	binds	PGRMC1
Dextromethorphan	inhibits	CHRNA3
Dextromethorphan	inhibits	CHRNA4
Dextromethorphan	inhibits	CHRNB4
Dextromethorphan	inhibits	CHRNB2
Dextromethorphan	inhibits	CHRNA7
Dextromethorphan	activates	OPRM1
Dextromethorphan	binds	OPRM1
Dextromethorphan	activates	OPRD1
Dextromethorphan	activates	OPRK1
Dextromethorphan	inhibits	CYBA
Dextromethorphan	inhibits	SLC6A2
Cisplatin	induces	MPO
Cisplatin	induces	XDH
Cisplatin	induces	CYP4A11
Cisplatin	inhibits	PTGS2
Cisplatin	inhibits	nat
Cisplatin	inhibits	CYP2C9
Cisplatin	inhibits	CYP2B6
Cisplatin	inhibits	BCHE
Cisplatin	substrate_of	GSTT1
Cisplatin	substrate_of	MT1A
Cisplatin	substrate_of	MT2A
Cisplatin	substrate_of	SOD1
Cisplatin	substrate_of	GSTP1
Cisplatin	substrate_of	NQO1
Cisplatin	substrate_of	GSTM1
Cisplatin	binds	MPG
Cisplatin	binds	A2M
Cisplatin	binds	TF
Cisplatin	binds	ATOX1
Cisplatin	induces	ABCC3
Cisplatin	induces	ABCC5
Cisplatin	induces	ABCC2
Cisplatin	substrate_of	SLC22A2
Cisplatin	inhibits	SLC22A2
Cisplatin	substrate_of	SLC31A1
Cisplatin	substrate_of	SLC31A2
Cisplatin	substrate_of	ABCC6
Cisplatin	substrate_of	ATP7B
Cisplatin	substrate_of	ATP7A
Cisplatin	substrate_of	ABCG2
Cisplatin	binds	ALB
Albendazole	induces	CYP1A1
Albendazole	induces	CYP1A2
Albendazole	substrate_of	CYP3A4
Albendazole	substrate_of	CYP2C19
Albendazole	inhibits	TUBA1A
Albendazole	inhibits	TUBB4B
Albendazole	inhibits	fccA
Albendazole	substrate_of	ABCB1
Trandolapril	substrate_of	CES1
Trandolapril	inhibits	ACE
Trandolapril	substrate_of	SLC15A1
Trandolapril	substrate_of	SLC15A2
Alitretinoin	activates	RARA
Alitretinoin	activates	RXRA
Alitretinoin	activates	RARB
Alitretinoin	activates	RXRB
Alitretinoin	activates	RARG
Alitretinoin	activates	RXRG
Alitretinoin	binds	IGFBP3
Alitretinoin	binds	PSG5
Alitretinoin	binds	CYP26C1
Alitretinoin	substrate_of	ABCB1
Alitretinoin	activates	CRABP2
Alitretinoin	activates	CRABP1
Metolazone	inhibits	SLC12A3
Lercanidipine	inhibits	CYP2D6
Lercanidipine	substrate_of	CYP3A4
Lercanidipine	inhibits	CYP3A4
Lercanidipine	substrate_of	CYP3A5
Lercanidipine	substrate_of	CYP3A7
Lercanidipine	inhibits	CACNG1
Lercanidipine	binds	CACNA2D1
Erlotinib	substrate_of	CYP3A4
Erlotinib	inhibits	CYP3A4
Erlotinib	substrate_of	CYP3A5
Erlotinib	substrate_of	CYP1A2
Erlotinib	substrate_of	CYP1A1
Erlotinib	substrate_of	CYP2D6
Erlotinib	substrate_of	CYP2C8
Erlotinib	inhibits	CYP2C8
Erlotinib	substrate_of	CYP1B1
Erlotinib	inhibits	UGT1A1
Erlotinib	inhibits	EGFR
Erlotinib	activates	NR1I2
Erlotinib	inhibits	ABCG2
Erlotinib	substrate_of	ABCB1
Erlotinib	inhibits	ABCB1
Erlotinib	inhibits	SLCO2B1
Erlotinib	substrate_of	ALB
Erlotinib	substrate_of	ORM1
Cyclophosphamide	substrate_of	CYP2C9
Cyclophosphamide	substrate_of	CYP3A4
Cyclophosphamide	induces	CYP3A4
Cyclophosphamide	substrate_of	CYP2B6
Cyclophosphamide	induces	CYP2B6
Cyclophosphamide	substrate_of	CYP2C19
Cyclophosphamide	substrate_of	CYP2A6
Cyclophosphamide	substrate_of	CYP2C18
Cyclophosphamide	substrate_of	CYP3A5
Cyclophosphamide	substrate_of	CYP2C8
Cyclophosphamide	induces	CYP2C8
Cyclophosphamide	activates	NR1I2
Rofecoxib	substrate_of	PTGS1
Rofecoxib	inhibits	CYP2C8
Rofecoxib	substrate_of	CYP2C9
Rofecoxib	substrate_of	CYP3A4
Rofecoxib	induces	CYP3A4
Rofecoxib	substrate_of	CYP1A2
Rofecoxib	inhibits	CYP1A2
Rofecoxib	inhibits	PTGS2
Rofecoxib	binds	ELN
Rofecoxib	inhibits	ABCC4
Cefdinir	inhibits	penA
Cefdinir	inhibits	pbp3
Cefdinir	inhibits	MPO
Cefdinir	inhibits	SLC22A5
Cefdinir	substrate_of	SLC15A1
Cefdinir	inhibits	SLC15A1
Cefdinir	inhibits	SLC15A2
Cefdinir	substrate_of	SLC22A6
Cefdinir	substrate_of	SLC22A8
Ciprofloxacin	inhibits	CYP1A2
Ciprofloxacin	inhibits	CYP3A4
Ciprofloxacin	inhibits	CYP3A5
Ciprofloxacin	inhibits	CYP3A7
Ciprofloxacin	inhibits	parC
Ciprofloxacin	inhibits	gyrA
Ciprofloxacin	modulates	gyrA
Ciprofloxacin	modulates	gyrB
Ciprofloxacin	inhibits	TMP1
Ciprofloxacin	inhibits	TOP2A
Ciprofloxacin	inhibits	KCNH2
Ciprofloxacin	inhibits	parE
Ciprofloxacin	substrate_of	mdtK
Ciprofloxacin	substrate_of	ABCB1
Ciprofloxacin	substrate_of	SLC47A1
Ciprofloxacin	inhibits	SLC47A1
Ciprofloxacin	inhibits	SLC47A2
Ciprofloxacin	binds	ALB
Toremifene	substrate_of	CYP1A1
Toremifene	substrate_of	CYP3A4
Toremifene	inhibits	CYP3A4
Toremifene	modulates	ESR1
Toremifene	inhibits	SHBG
Toremifene	substrate_of	ABCB1
Nortriptyline	substrate_of	CYP2D6
Nortriptyline	inhibits	CYP2D6
Nortriptyline	substrate_of	CYP3A4
Nortriptyline	substrate_of	CYP1A2
Nortriptyline	substrate_of	CYP2C19
Nortriptyline	substrate_of	CYP3A5
Nortriptyline	inhibits	CYP2E1
Nortriptyline	inhibits	SLC6A2
Nortriptyline	inhibits	SLC6A4
Nortriptyline	inhibits	HTR2A
Nortriptyline	inhibits	HTR1A
Nortriptyline	inhibits	HRH1
Nortriptyline	inhibits	ADRA1A
Nortriptyline	inhibits	ADRA1D
Nortriptyline	inhibits	HTR2C
Nortriptyline	binds	HTR2C
Nortriptyline	inhibits	ADRA1B
Nortriptyline	inhibits	ADRA2A
Nortriptyline	inhibits	ADRB1
Nortriptyline	inhibits	DRD2
Nortriptyline	binds	PGRMC1
Nortriptyline	inhibits	Htr2c
Nortriptyline	inhibits	CHRM1
Nortriptyline	substrate_of	SLC6A2
Nortriptyline	substrate_of	ABCB1
Nortriptyline	binds	ALB
Nortriptyline	binds	ORM1
Vincristine	substrate_of	CYP3A4
Vincristine	substrate_of	CYP3A5
Vincristine	substrate_of	CYP3A7
Vincristine	inhibits	TUBB
Vincristine	inhibits	TUBA4A
Vincristine	substrate_of	ABCB1
Vincristine	inhibits	ABCB1
Vincristine	induces	ABCB1
Vincristine	inhibits	ABCC3
Vincristine	inhibits	SLC22A3
Vincristine	substrate_of	ABCC1
Vincristine	inhibits	ABCC1
Vincristine	substrate_of	ABCC10
Vincristine	inhibits	ABCC10
Vincristine	substrate_of	ABCC2
Vincristine	inhibits	ABCC2
Vincristine	substrate_of	ABCB11
Vincristine	substrate_of	ABCG2
Vincristine	substrate_of	RALBP1
Vincristine	inhibits	SLCO1B1
Vincristine	inhibits	SLCO1B3
Benazepril	substrate_of	MTHFR
Benazepril	inhibits	ACE
Benazepril	substrate_of	SLC15A1
Benazepril	substrate_of	SLC15A2
Amoxapine	substrate_of	CYP2D6
Amoxapine	inhibits	CYP2D6
Amoxapine	inhibits	SLC6A4
Amoxapine	inhibits	SLC6A2
Amoxapine	inhibits	DRD2
Amoxapine	inhibits	DRD1
Amoxapine	inhibits	ADRA2A
Amoxapine	inhibits	ADRA1A
Amoxapine	inhibits	CHRM1
Amoxapine	inhibits	GABRA1
Amoxapine	inhibits	HTR2A
Amoxapine	inhibits	HTR2C
Amoxapine	inhibits	HTR6
Amoxapine	inhibits	HTR7
Amoxapine	inhibits	DRD3
Amoxapine	inhibits	DRD4
Amoxapine	inhibits	HRH1
Amoxapine	inhibits	HTR2B
Amoxapine	inhibits	HTR3A
Amoxapine	inhibits	HTR1A
Amoxapine	inhibits	HTR1B
Amoxapine	binds	HRH4
Amoxapine	binds	GABRA1
Amoxapine	binds	SLC6A3
Amoxapine	binds	ORM1
Pyridostigmine	substrate_of	ACHE
Pyridostigmine	substrate_of	BCHE
Pyridostigmine	induces	CYP3A4
Pyridostigmine	inhibits	F10
Pyridostigmine	inhibits	BCHE
Pyridostigmine	inhibits	ACHE
Azelaic acid	inhibits	trxB
Azelaic acid	inhibits	SRD5A3
Azelaic acid	inhibits	AKR1D1
Azelaic acid	inhibits	SRD5A2
Azelaic acid	inhibits	TYR
Azelaic acid	inhibits	polA
Azelaic acid	inhibits	SRD5A1
Zafirlukast	substrate_of	CYP2C9
Zafirlukast	inhibits	CYP2C9
Zafirlukast	inhibits	CYP2C8
Zafirlukast	substrate_of	PTGS1
Zafirlukast	substrate_of	CYP3A4
Zafirlukast	inhibits	CYP3A4
Zafirlukast	inhibits	CYP1A2
Zafirlukast	inhibits	CYP2C19
Zafirlukast	inhibits	CYP2D6
Zafirlukast	inhibits	CYSLTR1
Zafirlukast	inhibits	ABCG2
Zafirlukast	inhibits	SLC10A1
Propylthiouracil	inhibits	MPO
Propylthiouracil	inhibits	DBH
Propylthiouracil	induces	CYP1A1
Propylthiouracil	inhibits	TPO
Propylthiouracil	inhibits	DIO1
Acetohydroxamic acid	inhibits	ureC
Acetohydroxamic acid	inhibits	MMP12
Methoxsalen	inhibits	CYP1A1
Methoxsalen	inhibits	CYP2A13
Methoxsalen	inhibits	CYP2A6
Methoxsalen	inhibits	CYP1A2
Methoxsalen	binds	CYP2A6
Piroxicam	substrate_of	CYP2C8
Piroxicam	substrate_of	CYP2C9
Piroxicam	inhibits	PTGS2
Piroxicam	inhibits	PTGS1
Piroxicam	inhibits	SLC22A6
Piroxicam	inhibits	SLC22A8
Piroxicam	inhibits	SLC22A11
Piroxicam	inhibits	SLCO2B1
Piroxicam	binds	ALB
Lamotrigine	inhibits	DHFR
Lamotrigine	substrate_of	UGT1A1
Lamotrigine	inhibits	CACNA1E
Lamotrigine	inhibits	SCN1A
Lamotrigine	binds	SCN11A
Lamotrigine	inhibits	ADORA1
Lamotrigine	inhibits	ADORA2A
Lamotrigine	inhibits	ADRA1A
Lamotrigine	inhibits	ADRA2A
Lamotrigine	inhibits	ADRB1
Lamotrigine	inhibits	DRD1
Lamotrigine	activates	DRD2
Lamotrigine	inhibits	DRD2
Lamotrigine	inhibits	GABRA1
Lamotrigine	induces	GABRA1
Lamotrigine	inhibits	HRH1
Lamotrigine	inhibits	OPRK1
Lamotrigine	inhibits	CHRNA1
Lamotrigine	inhibits	HTR2A
Lamotrigine	inhibits	HTR3A
Lamotrigine	inhibits	GRIA1
Lamotrigine	substrate_of	ABCB1
Lamotrigine	inhibits	ABCB1
Lamotrigine	inhibits	SLC22A2
Lamotrigine	substrate_of	SLC22A1
Lamotrigine	substrate_of	ALB
Hydroxyzine	substrate_of	CYP3A4
Hydroxyzine	substrate_of	CYP3A5
Hydroxyzine	inhibits	CYP2D6
Hydroxyzine	activates	HRH1
Hydroxyzine	inhibits	KCNH2
Hydroxyzine	substrate_of	ABCB1
Hydroxyzine	substrate_of	ALB
Hydroxyzine	binds	ALB
Bosentan	substrate_of	CYP3A4
Bosentan	induces	CYP3A4
Bosentan	substrate_of	CYP2C9
Bosentan	induces	CYP2C9
Bosentan	inhibits	EDNRB
Bosentan	inhibits	EDNRA
Bosentan	inhibits	ABCB11
Methotrexate	substrate_of	DHFR
Methotrexate	substrate_of	AOX1
Methotrexate	substrate_of	MTHFR
Methotrexate	inhibits	PGD
Methotrexate	substrate_of	FPGS
Methotrexate	substrate_of	TYMS
Methotrexate	inhibits	ATIC
Methotrexate	substrate_of	GGH
Methotrexate	substrate_of	CYP3A4
Methotrexate	substrate_of	cpg2
Methotrexate	inhibits	TYMS
Methotrexate	inhibits	DHFR
Methotrexate	modulates	SLC19A1
Methotrexate	modulates	SLC46A1
Methotrexate	substrate_of	ABCC3
Methotrexate	inhibits	ABCC3
Methotrexate	substrate_of	ABCC4
Methotrexate	inhibits	ABCC4
Methotrexate	substrate_of	ABCC1
Methotrexate	inhibits	ABCC1
Methotrexate	substrate_of	SLC22A6
Methotrexate	inhibits	SLC22A6
Methotrexate	inhibits	ABCC10
Methotrexate	substrate_of	SLC22A8
Methotrexate	inhibits	SLC22A8
Methotrexate	substrate_of	ABCC2
Methotrexate	inhibits	ABCC2
Methotrexate	substrate_of	ABCB1
Methotrexate	substrate_of	SLCO1A2
Methotrexate	substrate_of	SLC16A1
Methotrexate	substrate_of	ABCC11
Methotrexate	substrate_of	SLCO1B3
Methotrexate	substrate_of	SLC22A11
Methotrexate	substrate_of	SLCO1C1
Methotrexate	substrate_of	SLCO3A1
Methotrexate	substrate_of	ABCG2
Methotrexate	substrate_of	SLC22A7
Methotrexate	substrate_of	SLC46A1
Methotrexate	inhibits	SLC46A1
Methotrexate	substrate_of	SLCO1B1
Methotrexate	binds	SLCO4C1
Methotrexate	substrate_of	SLC19A1
Methotrexate	substrate_of	FOLR1
Methotrexate	substrate_of	FOLR2
Methotrexate	substrate_of	SLC15A1
Methotrexate	substrate_of	SLC36A1
Methotrexate	binds	ALB
Carbamazepine	substrate_of	CYP3A4
Carbamazepine	induces	CYP3A4
Carbamazepine	substrate_of	CYP2C8
Carbamazepine	induces	CYP2C8
Carbamazepine	inhibits	CYP1A2
Carbamazepine	induces	CYP1A2
Carbamazepine	induces	CYP2C9
Carbamazepine	inhibits	CYP2C19
Carbamazepine	induces	CYP2C19
Carbamazepine	substrate_of	CYP2B6
Carbamazepine	induces	CYP2B6
Carbamazepine	substrate_of	CYP3A5
Carbamazepine	induces	CYP3A5
Carbamazepine	substrate_of	UGT2B7
Carbamazepine	induces	UGT1A1
Carbamazepine	induces	UGT1A6
Carbamazepine	induces	UGT1A7
Carbamazepine	inhibits	SCN1A
Carbamazepine	inhibits	CHRNA4
Carbamazepine	activates	NR1I2
Carbamazepine	induces	ABCB1
Carbamazepine	substrate_of	RALBP1
Carbamazepine	substrate_of	ABCC2
Cephalexin	inhibits	pbp3
Cephalexin	inhibits	pbp2a
Cephalexin	inhibits	pbp1b
Cephalexin	inhibits	penA
Cephalexin	inhibits	pbpA
Cephalexin	inhibits	SLC22A5
Cephalexin	substrate_of	SLC15A1
Cephalexin	inhibits	SLC15A1
Cephalexin	inhibits	SLC15A2
Cephalexin	substrate_of	SLC22A6
Cephalexin	inhibits	SLC22A6
Cephalexin	substrate_of	SLC47A1
Cephalexin	inhibits	SLC22A8
Cephalexin	binds	ALB
Fondaparinux	inhibits	F10
Fondaparinux	binds	SERPINC1
Vinblastine	inhibits	CYP2D6
Vinblastine	substrate_of	CYP3A4
Vinblastine	inhibits	CYP3A4
Vinblastine	induces	CYP3A4
Vinblastine	binds	TUBA1A
Vinblastine	binds	TUBB
Vinblastine	binds	TUBD1
Vinblastine	binds	TUBG1
Vinblastine	binds	TUBE1
Vinblastine	inhibits	TUBB2A
Vinblastine	binds	JUN
Vinblastine	substrate_of	ABCB1
Vinblastine	inhibits	ABCB1
Vinblastine	induces	ABCB1
Vinblastine	substrate_of	ABCC1
Vinblastine	inhibits	ABCC1
Vinblastine	induces	ABCC1
Vinblastine	substrate_of	ABCC2
Vinblastine	inhibits	ABCC2
Vinblastine	induces	ABCC2
Vinblastine	inhibits	ABCC6
Vinblastine	substrate_of	ABCB11
Vinblastine	inhibits	ABCB11
Vinblastine	inhibits	SLCO1B1
Propranolol	inhibits	CYP1A1
Propranolol	inhibits	MAOA
Propranolol	substrate_of	CYP1A2
Propranolol	substrate_of	CYP2D6
Propranolol	inhibits	CYP2D6
Propranolol	substrate_of	CYP2C19
Propranolol	substrate_of	CYP3A5
Propranolol	substrate_of	CYP3A4
Propranolol	substrate_of	CYP3A7
Propranolol	inhibits	ADRB1
Propranolol	inhibits	ADRB2
Propranolol	inhibits	ADRB3
Propranolol	binds	HTR1A
Propranolol	binds	HTR1B
Propranolol	inhibits	SLC22A2
Propranolol	substrate_of	ABCB1
Propranolol	binds	ORM1
Propranolol	binds	ALB
Atropine	inhibits	CHRM1
Atropine	inhibits	CHRM2
Atropine	inhibits	CHRM3
Atropine	inhibits	CHRM4
Atropine	inhibits	CHRM5
Atropine	inhibits	GLRA1
Atropine	substrate_of	CHRNA4
Atropine	substrate_of	CHRNB2
Atropine	substrate_of	ABCB11
Atropine	binds	ORM1
Fenoprofen	inhibits	PTGS2
Fenoprofen	inhibits	PTGS1
Fenoprofen	activates	PPARA
Fenoprofen	activates	PPARG
Fenoprofen	binds	ALB
Fenfluramine	substrate_of	CYP1A2
Fenfluramine	substrate_of	CYP2B6
Fenfluramine	substrate_of	CYP2C9
Fenfluramine	substrate_of	CYP2C19
Fenfluramine	substrate_of	CYP3A4
Fenfluramine	substrate_of	CYP3A5
Fenfluramine	substrate_of	CYP2D6
Fenfluramine	inhibits	CYP2D6
Fenfluramine	substrate_of	SLC6A4
Fenfluramine	inhibits	SLC6A4
Fenfluramine	activates	HTR1D
Fenfluramine	activates	HTR2C
Fenfluramine	inhibits	SIGMAR1
Fenfluramine	activates	HTR2A
Fenfluramine	activates	HTR2B
Fenfluramine	activates	HTR1A
Clonidine	substrate_of	CYP1A2
Clonidine	substrate_of	CYP3A4
Clonidine	substrate_of	CYP1A1
Clonidine	substrate_of	CYP3A5
Clonidine	substrate_of	CYP2D6
Clonidine	activates	ADRA2B
Clonidine	activates	ADRA2C
Clonidine	activates	ADRA2A
Clonidine	inhibits	AOC3
Clonidine	activates	ADRA1A
Clonidine	activates	ADRA1B
Clonidine	activates	ADRA1D
Clonidine	inhibits	SLC22A3
Clonidine	inhibits	SLC22A5
Clonidine	inhibits	SLC22A4
Clonidine	binds	ALB
Sulfamethizole	inhibits	CYP2C9
Sulfamethizole	inhibits	folP
Sulfamethizole	binds	ALB
Valaciclovir	substrate_of	GUK1
Valaciclovir	substrate_of	TK
Valaciclovir	substrate_of	SLC15A1
Valaciclovir	inhibits	SLC15A1
Valaciclovir	substrate_of	SLC15A2
Valaciclovir	inhibits	SLC15A2
Valaciclovir	substrate_of	SLC22A8
Valaciclovir	binds	SLC22A6
Valaciclovir	binds	SLC6A14
Valaciclovir	substrate_of	SLC10A2
Carbenicillin	inhibits	PLA2G4A
Carbenicillin	inhibits	dacA
Carbenicillin	substrate_of	bla
Carbenicillin	inhibits	SLC22A6
Mazindol	inhibits	SLC6A2
Mazindol	inhibits	SLC6A3
Mazindol	inhibits	SLC6A4
Mazindol	binds	SLC18A2
Valdecoxib	substrate_of	UGT1A9
Valdecoxib	substrate_of	CYP2C9
Valdecoxib	inhibits	CYP2C9
Valdecoxib	substrate_of	CYP3A4
Valdecoxib	inhibits	PTGS2
Valdecoxib	inhibits	CA2
Valdecoxib	inhibits	CA3
Lactulose	binds	ebgA
Voriconazole	substrate_of	FMO1
Voriconazole	substrate_of	FMO3
Voriconazole	substrate_of	CYP3A5
Voriconazole	inhibits	CYP3A5
Voriconazole	substrate_of	CYP3A7
Voriconazole	inhibits	CYP3A7
Voriconazole	substrate_of	CYP2C19
Voriconazole	inhibits	CYP2C19
Voriconazole	substrate_of	CYP3A4
Voriconazole	inhibits	CYP3A4
Voriconazole	substrate_of	CYP2C9
Voriconazole	inhibits	CYP2C9
Voriconazole	inhibits	CYP2B6
Voriconazole	substrate_of	PTGS1
Voriconazole	inhibits	ERG11
Levocarnitine	activates	CPT1B
Levocarnitine	binds	XDH
Levocarnitine	binds	CES1
Levocarnitine	binds	MPO
Levocarnitine	activates	CPT1A
Levocarnitine	binds	SLC22A4
Levocarnitine	binds	SLC22A5
Levocarnitine	binds	CRAT
Levocarnitine	binds	SLC25A29
Levocarnitine	binds	SLC25A20
Levocarnitine	binds	CROT
Levocarnitine	binds	CPT2
Levocarnitine	substrate_of	SLC22A4
Levocarnitine	inhibits	SLC22A4
Levocarnitine	inhibits	SLCO1B1
Levocarnitine	substrate_of	SLC22A5
Levocarnitine	substrate_of	SLC22A16
Levocarnitine	substrate_of	SLC22A8
Enalapril	inhibits	ACE
Enalapril	inhibits	ABCB1
Enalapril	substrate_of	SLC15A1
Enalapril	inhibits	SLC15A1
Enalapril	inhibits	SLC22A6
Enalapril	inhibits	SLC22A8
Enalapril	inhibits	SLC22A7
Enalapril	substrate_of	SLCO1A2
Enalapril	binds	ALB
Nizatidine	inhibits	BCHE
Nizatidine	inhibits	HRH2
Nizatidine	substrate_of	ABCB1
Diclofenac	substrate_of	CYP2C9
Diclofenac	substrate_of	CYP2C19
Diclofenac	substrate_of	CYP1A2
Diclofenac	substrate_of	CYP2C8
Diclofenac	substrate_of	UGT2B7
Diclofenac	substrate_of	CYP3A4
Diclofenac	inhibits	CYP3A4
Diclofenac	substrate_of	CYP2B6
Diclofenac	substrate_of	CYP2C18
Diclofenac	inhibits	CYP2E1
Diclofenac	substrate_of	UGT1A3
Diclofenac	substrate_of	UGT1A9
Diclofenac	substrate_of	UGT2B4
Diclofenac	binds	ALOX5
Diclofenac	inhibits	PLA2G2A
Diclofenac	inhibits	PTGS2
Diclofenac	inhibits	PTGS1
Diclofenac	inhibits	SLC22A6
Diclofenac	inhibits	ABCC4
Diclofenac	inhibits	ABCC1
Diclofenac	inhibits	SLC22A8
Diclofenac	inhibits	SLC22A11
Diclofenac	inhibits	SLCO1C1
Diclofenac	inhibits	SLCO1B1
Diclofenac	substrate_of	ABCB11
Diclofenac	inhibits	SCN4A
Diclofenac	inhibits	ASIC1
Diclofenac	activates	KCNQ2
Diclofenac	activates	KCNQ3
Diclofenac	induces	ABCB1
Diclofenac	binds	TTR
Diclofenac	binds	ALB
Doxazosin	substrate_of	CYP3A4
Doxazosin	substrate_of	CYP2C19
Doxazosin	substrate_of	CYP2C9
Doxazosin	substrate_of	CYP2D6
Doxazosin	inhibits	ADRA1A
Doxazosin	inhibits	ADRA1D
Doxazosin	inhibits	KCNH2
Doxazosin	inhibits	ADRA1B
Doxazosin	inhibits	ABCB1
Doxazosin	inhibits	SLC22A1
Piperazine	substrate_of	CYP2D6
Piperazine	activates	GABRB3
Ethosuximide	substrate_of	CYP3A4
Ethosuximide	substrate_of	CYP2E1
Ethosuximide	inhibits	CACNA1G
Amiloride	inhibits	AOC1
Amiloride	inhibits	SCNN1A
Amiloride	inhibits	SCNN1B
Amiloride	inhibits	SCNN1G
Amiloride	inhibits	SCNN1D
Amiloride	inhibits	ASIC2
Amiloride	inhibits	ASIC1
Amiloride	inhibits	SLC9A1
Amiloride	inhibits	PLAU
Amiloride	inhibits	SLC22A2
Amiloride	inhibits	SLC22A4
Oxytetracycline	inhibits	rpsI
Oxytetracycline	inhibits	rpsD
Oxytetracycline	substrate_of	SLC22A6
Oxytetracycline	inhibits	SLC22A6
Oxytetracycline	substrate_of	SLC22A8
Oxytetracycline	substrate_of	SLC22A11
Oxytetracycline	inhibits	SLC22A11
Oxytetracycline	substrate_of	SLC22A7
Oxytetracycline	inhibits	SLC22A7
Oxytetracycline	binds	ALB
Labetalol	substrate_of	CYP2D6
Labetalol	inhibits	CYP2D6
Labetalol	substrate_of	CYP2C19
Labetalol	substrate_of	UGT1A1
Labetalol	substrate_of	UGT2B7
Labetalol	substrate_of	UGT1A9
Labetalol	inhibits	ADRB1
Labetalol	inhibits	ADRB2
Labetalol	inhibits	ADRA1A
Labetalol	binds	ABCB5
Labetalol	substrate_of	ALB
Labetalol	substrate_of	ORM1
Thiopental	substrate_of	CYP3A4
Thiopental	substrate_of	CYP2C19
Thiopental	binds	GABRA1
Thiopental	binds	GABRA2
Thiopental	binds	GABRA3
Thiopental	binds	GABRA4
Thiopental	binds	GABRA5
Thiopental	binds	GABRA6
Thiopental	inhibits	CHRNA4
Thiopental	inhibits	CHRNA7
Thiopental	inhibits	GRIA2
Thiopental	inhibits	GRIK2
Thiopental	inhibits	FAAH
Thiopental	binds	CHRM3
Linezolid	inhibits	MAOB
Linezolid	inhibits	MAOA
Linezolid	inhibits	SLC22A6
Linezolid	inhibits	SLC22A8
Linezolid	binds	ALB
Ivermectin	substrate_of	CYP3A4
Ivermectin	substrate_of	CYP2D6
Ivermectin	substrate_of	CYP2E1
Ivermectin	binds	glc-2
Ivermectin	binds	glc-1
Ivermectin	activates	GluClX
Ivermectin	substrate_of	ABCB1
Ivermectin	inhibits	ABCB1
Ivermectin	induces	ABCB1
Ivermectin	inhibits	ABCC1
Ivermectin	inhibits	ABCC2
Ivermectin	substrate_of	ABCG2
Ivermectin	inhibits	SLCO1B1
Ivermectin	inhibits	SLCO1B3
Medroxyprogesterone acetate	substrate_of	CYP3A4
Medroxyprogesterone acetate	induces	CYP3A4
Medroxyprogesterone acetate	inhibits	CYP2C8
Medroxyprogesterone acetate	inhibits	HSD3B2
Medroxyprogesterone acetate	inhibits	CYP2C9
Medroxyprogesterone acetate	substrate_of	Cyp3a1
Medroxyprogesterone acetate	activates	PGR
Medroxyprogesterone acetate	activates	ESR1
Medroxyprogesterone acetate	inhibits	ABCB1
Medroxyprogesterone acetate	inhibits	GABRA1
Medroxyprogesterone acetate	binds	ALB
Cisapride	substrate_of	CYP2A6
Cisapride	substrate_of	CYP2B6
Cisapride	substrate_of	CYP2C19
Cisapride	inhibits	CYP2C19
Cisapride	substrate_of	CYP2C8
Cisapride	inhibits	CYP2C9
Cisapride	inhibits	CYP2D6
Cisapride	substrate_of	CYP3A4
Cisapride	substrate_of	CYP3A5
Cisapride	substrate_of	CYP3A7
Cisapride	activates	HTR4
Cisapride	activates	HTR3A
Cisapride	activates	HTR2A
Cisapride	inhibits	KCNH2
Sulindac	inhibits	CYP1A1
Sulindac	inhibits	PTGS2
Sulindac	inhibits	AKR1B1
Sulindac	inhibits	PTGS1
Sulindac	inhibits	MAPK3
Sulindac	modulates	PPARD
Sulindac	inhibits	PTGDR2
Sulindac	inhibits	AKR1B10
Sulindac	inhibits	SLC22A6
Sulindac	binds	ALB
Nafcillin	induces	CYP1A2
Nafcillin	induces	CYP3A4
Nafcillin	inhibits	pbp1b
Nafcillin	inhibits	penA
Nafcillin	inhibits	pbp2a
Nafcillin	inhibits	pbp3
Nafcillin	inhibits	pbpA
Nafcillin	inhibits	SLC22A6
Nafcillin	binds	ALB
Chloroquine	substrate_of	CYP2C8
Chloroquine	substrate_of	CYP3A4
Chloroquine	substrate_of	CYP3A5
Chloroquine	substrate_of	CYP2D6
Chloroquine	inhibits	CYP2D6
Chloroquine	substrate_of	CYP1A1
Chloroquine	modulates	ACKR1
Chloroquine	inhibits	GSTA2
Chloroquine	inhibits	TNF
Chloroquine	inhibits	TLR9
Chloroquine	inhibits	GST
Chloroquine	inhibits	HMGB1
Chloroquine	inhibits	GSTM1
Chloroquine	modulates	ACE2
Chloroquine	substrate_of	ABCB1
Chloroquine	inhibits	ABCB1
Chloroquine	binds	ALB
Chloroquine	binds	ORM1
Ethionamide	inhibits	inhA
Ethionamide	inhibits	NFE2L2
Ethionamide	binds	katG
Butorphanol	activates	OPRK1
Butorphanol	activates	OPRD1
Butorphanol	inhibits	OPRM1
Bisoprolol	substrate_of	CYP3A4
Bisoprolol	inhibits	ADRB1
Bisoprolol	inhibits	ADRB2
Bisoprolol	substrate_of	ABCB1
Bisoprolol	inhibits	ABCB1
Rifabutin	induces	CYP2C19
Rifabutin	induces	CYP2B6
Rifabutin	induces	CYP2C8
Rifabutin	induces	CYP2C9
Rifabutin	substrate_of	CYP3A4
Rifabutin	induces	CYP3A4
Rifabutin	inhibits	rpoA
Rifabutin	inhibits	rpoB
Rifabutin	inhibits	rpoC
Rifabutin	binds	HSP90AA1
Rifabutin	binds	HSP90B1
Rifabutin	induces	ABCB1
Demeclocycline	inhibits	AVPR2
Imatinib	substrate_of	CYP3A4
Imatinib	inhibits	CYP3A4
Imatinib	substrate_of	CYP3A5
Imatinib	inhibits	CYP3A5
Imatinib	substrate_of	CYP3A7
Imatinib	inhibits	CYP3A7
Imatinib	substrate_of	CYP1A2
Imatinib	substrate_of	CYP2C9
Imatinib	inhibits	CYP2C9
Imatinib	substrate_of	CYP2D6
Imatinib	inhibits	CYP2D6
Imatinib	substrate_of	CYP2C19
Imatinib	substrate_of	CYP2C8
Imatinib	inhibits	BCR
Imatinib	inhibits	KIT
Imatinib	inhibits	RET
Imatinib	inhibits	PDGFRA
Imatinib	inhibits	ABL1
Imatinib	inhibits	PDGFRB
Imatinib	inhibits	CSF1R
Imatinib	inhibits	DDR1
Imatinib	inhibits	DDR2
Imatinib	binds	MCL1
Imatinib	substrate_of	SLC22A1
Imatinib	substrate_of	ABCB1
Imatinib	inhibits	ABCB1
Imatinib	inhibits	SLC22A2
Imatinib	substrate_of	ABCG2
Imatinib	inhibits	ABCG2
Imatinib	substrate_of	ABCA3
Imatinib	substrate_of	ABCB11
Imatinib	substrate_of	ABCC2
Imatinib	substrate_of	ABCC1
Imatinib	inhibits	ABCC1
Imatinib	substrate_of	SLC22A5
Imatinib	substrate_of	SLCO1B3
Imatinib	substrate_of	ABCC4
Imatinib	substrate_of	SLCO1A2
Imatinib	binds	ALB
Imatinib	binds	ORM1
Nicardipine	substrate_of	CYP3A4
Nicardipine	inhibits	CYP3A4
Nicardipine	inhibits	CYP2D6
Nicardipine	inhibits	CYP2C19
Nicardipine	substrate_of	CYP2C8
Nicardipine	inhibits	CYP2C8
Nicardipine	induces	CYP2B6
Nicardipine	substrate_of	CYP2E1
Nicardipine	inhibits	CYP3A5
Nicardipine	inhibits	CYP2C9
Nicardipine	inhibits	CACNA1C
Nicardipine	inhibits	CACNB2
Nicardipine	inhibits	CACNA2D1
Nicardipine	inhibits	CACNA1D
Nicardipine	inhibits	PDE1A
Nicardipine	inhibits	PDE1B
Nicardipine	inhibits	ADRA1A
Nicardipine	inhibits	ADRA1B
Nicardipine	inhibits	ADRA1D
Nicardipine	inhibits	CHRM1
Nicardipine	inhibits	CHRM2
Nicardipine	inhibits	CHRM3
Nicardipine	inhibits	CHRM4
Nicardipine	inhibits	CHRM5
Nicardipine	inhibits	CACNG1
Nicardipine	inhibits	CACNA1G
Nicardipine	inhibits	CACNA1H
Nicardipine	inhibits	CACNA1I
Nicardipine	binds	CALM1
Nicardipine	substrate_of	ABCB1
Nicardipine	inhibits	ABCB1
Nicardipine	inhibits	SLCO1B1
Nicardipine	substrate_of	ABCB11
Fluphenazine	inhibits	CYP2E1
Fluphenazine	inhibits	CYP2D6
Fluphenazine	inhibits	DRD2
Fluphenazine	inhibits	DRD1
Fluphenazine	modulates	HTR1B
Fluphenazine	inhibits	AR
Fluphenazine	inhibits	HTR2A
Fluphenazine	inhibits	HTR2C
Fluphenazine	inhibits	CALM1
Fluphenazine	inhibits	ABCB1
Efavirenz	induces	CYP2C19
Efavirenz	inhibits	CYP2C9
Efavirenz	substrate_of	CYP2B6
Efavirenz	induces	CYP2B6
Efavirenz	substrate_of	CYP3A4
Efavirenz	inhibits	CYP3A4
Efavirenz	induces	CYP3A4
Efavirenz	induces	CYP3A5
Efavirenz	induces	CYP3A7
Efavirenz	substrate_of	CYP1A2
Efavirenz	inhibits	CYP1A2
Efavirenz	inhibits	CYP2D6
Efavirenz	inhibits	CYP2C8
Efavirenz	induces	UGT1A1
Efavirenz	inhibits	pol
Efavirenz	modulates	gag-pol
Efavirenz	substrate_of	ABCB11
Efavirenz	inhibits	SLC22A1
Efavirenz	binds	ALB
Niacin	inhibits	CYP2D6
Niacin	inhibits	CYP3A4
Niacin	inhibits	CYP2E1
Niacin	activates	HCAR3
Niacin	activates	HCAR2
Niacin	binds	QPRT
Niacin	binds	NNMT
Niacin	inhibits	DGAT2
Niacin	inhibits	SLC22A5
Niacin	inhibits	SLCO2B1
Niacin	substrate_of	SLC16A1
Niacin	binds	SLC5A8
Niacin	binds	SLC16A3
Niacin	inhibits	SERPINA7
Clorazepic acid	substrate_of	CYP3A4
Clorazepic acid	modulates	GABRA1
Clorazepic acid	binds	GABRA1
Clorazepic acid	modulates	TSPO
Alendronic acid	inhibits	FDPS
Alendronic acid	inhibits	PTPN4
Alendronic acid	inhibits	PTPRS
Alendronic acid	inhibits	PTPRE
Alendronic acid	inhibits	ATP6V1A
Clofarabine	substrate_of	DCK
Clofarabine	inhibits	POLA1
Clofarabine	inhibits	RRM1
Clofarabine	inhibits	RRM2B
Clofarabine	inhibits	RRM2
Clofarabine	substrate_of	ABCG2
Prednisone	induces	CYP2C19
Prednisone	induces	CYP3A5
Prednisone	induces	CYP3A4
Prednisone	induces	CYP2A6
Prednisone	induces	CYP1B1
Prednisone	induces	CYP2B6
Prednisone	induces	CYP2C8
Prednisone	induces	CYP2C9
Prednisone	substrate_of	HSD11B1
Prednisone	substrate_of	CYP3A4
Prednisone	activates	NR3C1
Prednisone	substrate_of	ABCB1
Prednisone	induces	ABCB1
Prednisone	inhibits	SLCO1A2
Prednisone	substrate_of	ALB
Prednisone	binds	SERPINA6
Clofibrate	induces	CYP1A1
Clofibrate	substrate_of	CYP4A11
Clofibrate	induces	CYP4A11
Clofibrate	substrate_of	CYP3A4
Clofibrate	induces	CYP3A4
Clofibrate	inhibits	GSTA2
Clofibrate	induces	CYP2E1
Clofibrate	activates	PPARA
Clofibrate	activates	LPL
Clofibrate	induces	SERPINA7
Astemizole	substrate_of	CYP3A4
Astemizole	inhibits	CYP3A4
Astemizole	substrate_of	CYP3A5
Astemizole	substrate_of	CYP3A7
Astemizole	substrate_of	CYP2D6
Astemizole	substrate_of	CYP2J2
Astemizole	inhibits	HRH1
Astemizole	inhibits	KCNH2
Astemizole	binds	KCNH1
Astemizole	binds	MAPT
Astemizole	inhibits	ABCB1
Astemizole	substrate_of	ABCB11
Adenosine	substrate_of	AK1
Adenosine	substrate_of	NME1
Adenosine	substrate_of	NME2
Adenosine	substrate_of	PNP
Adenosine	substrate_of	XDH
Adenosine	substrate_of	ADA
Adenosine	substrate_of	ADK
Adenosine	activates	ADORA1
Adenosine	activates	ADORA2A
Adenosine	activates	ADORA2B
Adenosine	activates	ADORA3
Adenosine	substrate_of	SLC29A1
Adenosine	substrate_of	SLC29A2
Adenosine	substrate_of	SLC29A3
Adenosine	substrate_of	SLC29A4
Adenosine	substrate_of	SLC28A1
Adenosine	substrate_of	SLC28A2
Adenosine	substrate_of	GJA1
Adenosine	binds	SLC28A3
Adenosine	binds	ALB
Simvastatin	substrate_of	CYP3A4
Simvastatin	substrate_of	CYP3A5
Simvastatin	substrate_of	CYP2C8
Simvastatin	inhibits	CYP2C8
Simvastatin	inhibits	CYP2C9
Simvastatin	substrate_of	CYP2D6
Simvastatin	inhibits	CYP2B6
Simvastatin	induces	CYP2B6
Simvastatin	substrate_of	UGT1A1
Simvastatin	substrate_of	UGT1A3
Simvastatin	substrate_of	UGT2B7
Simvastatin	substrate_of	CYP2C19
Simvastatin	inhibits	CES2
Simvastatin	inhibits	CES1
Simvastatin	inhibits	HMGCR
Simvastatin	inhibits	ITGAL
Simvastatin	inhibits	HDAC2
Simvastatin	inhibits	ABCB1
Simvastatin	inhibits	SLCO1A2
Simvastatin	substrate_of	SLCO1B1
Simvastatin	inhibits	SLCO1B1
Simvastatin	substrate_of	ABCC2
Simvastatin	substrate_of	ABCB11
Simvastatin	binds	SLCO2B1
Simvastatin	binds	SLCO1B3
Pemetrexed	induces	SLC29A1
Pemetrexed	induces	DCK
Pemetrexed	inhibits	TYMS
Pemetrexed	inhibits	ATIC
Pemetrexed	inhibits	DHFR
Pemetrexed	inhibits	GART
Pemetrexed	inhibits	TMP1
Pemetrexed	substrate_of	SLC22A8
Pemetrexed	substrate_of	SLC19A1
Pemetrexed	substrate_of	SLC46A1
Pemetrexed	binds	ABCG2
Pemetrexed	binds	ABCC5
Pemetrexed	substrate_of	SLC22A6
Pemetrexed	substrate_of	SLC22A11
Pemetrexed	binds	ALB
Mebendazole	induces	CYP1A1
Mebendazole	substrate_of	CYP3A4
Mebendazole	inhibits	TUBA1A
Mebendazole	inhibits	TUBB4B
Dyclonine	inhibits	SCN10A
Dyclonine	binds	SCN5A
Dextropropoxyphene	substrate_of	CYP2D6
Dextropropoxyphene	inhibits	CYP2D6
Dextropropoxyphene	substrate_of	CYP3A4
Dextropropoxyphene	inhibits	CYP3A4
Dextropropoxyphene	inhibits	UGT2B4
Dextropropoxyphene	substrate_of	CES1
Dextropropoxyphene	activates	OPRM1
Dextropropoxyphene	activates	OPRD1
Dextropropoxyphene	inhibits	OPRK1
Dextropropoxyphene	inhibits	GRIN1
Mitotane	induces	CYP3A4
Mitotane	induces	CYP3A5
Mitotane	induces	CYP3A7
Mitotane	induces	CYP11B1
Mitotane	binds	ESR1
Mitotane	inhibits	PGR
Mitotane	inhibits	AR
Mitotane	binds	FDX1
Mitotane	inhibits	ABCB1
Mitotane	binds	SERPINA7
Mitotane	binds	SHBG
Mitotane	binds	SERPINA6
Stavudine	inhibits	pol
Stavudine	inhibits	gag-pol
Stavudine	substrate_of	SLC22A6
Stavudine	binds	SLC28A1
Stavudine	binds	ALB
Pentazocine	activates	SIGMAR1
Pentazocine	inhibits	OPRM1
Pentazocine	activates	OPRK1
Pentazocine	substrate_of	ABCB1
Estrone	substrate_of	CYP3A4
Estrone	substrate_of	CYP1B1
Estrone	substrate_of	CYP2B6
Estrone	substrate_of	CYP2C9
Estrone	substrate_of	CYP2E1
Estrone	substrate_of	CYP3A5
Estrone	substrate_of	CYP1A2
Estrone	substrate_of	CYP1A1
Estrone	activates	ESR1
Estrone	binds	ESR2
Estrone	binds	AR
Estrone	binds	CYP19A1
Estrone	binds	SHBG
Estrone	inhibits	SLCO2B1
Estrone	substrate_of	ABCB1
Estrone	induces	ABCB1
Estrone	inhibits	SLCO1A2
Estrone	inhibits	ABCG2
Estrone	inhibits	SLCO1B1
Estrone	substrate_of	SLC22A8
Estrone	binds	ALB
Trazodone	substrate_of	CYP3A4
Trazodone	substrate_of	CYP3A5
Trazodone	substrate_of	CYP3A7
Trazodone	substrate_of	CYP2D6
Trazodone	inhibits	CYP2D6
Trazodone	inhibits	HTR2A
Trazodone	activates	HTR2C
Trazodone	inhibits	SLC6A4
Trazodone	inhibits	HTR1A
Trazodone	activates	HTR1A
Trazodone	inhibits	HRH1
Trazodone	inhibits	ADRA1A
Trazodone	inhibits	ADRA2A
Trazodone	inhibits	Htr2c
Trazodone	activates	Htr2c
Trazodone	induces	ABCB1
Mecamylamine	inhibits	CHRNA2
Mecamylamine	inhibits	CHRNA7
Mecamylamine	inhibits	CHRNA4
Mecamylamine	inhibits	CHRNB2
Acamprosate	inhibits	GRIN1
Acamprosate	inhibits	GRM5
Acamprosate	inhibits	GABBR1
Acamprosate	substrate_of	SLC22A6
Verapamil	substrate_of	CYP3A4
Verapamil	inhibits	CYP3A4
Verapamil	substrate_of	CYP1A2
Verapamil	substrate_of	CYP2C8
Verapamil	inhibits	CYP2C8
Verapamil	substrate_of	CYP2C9
Verapamil	inhibits	CYP2C9
Verapamil	substrate_of	CYP2C18
Verapamil	substrate_of	CYP3A5
Verapamil	inhibits	CYP3A5
Verapamil	substrate_of	CYP2B6
Verapamil	activates	CYP2B6
Verapamil	substrate_of	CYP2C19
Verapamil	inhibits	CYP2D6
Verapamil	substrate_of	CYP2E1
Verapamil	inhibits	CACNA1C
Verapamil	inhibits	CACNA1B
Verapamil	inhibits	CACNA1A
Verapamil	inhibits	KCNJ11
Verapamil	inhibits	CACNA1G
Verapamil	inhibits	CACNA1H
Verapamil	inhibits	KCNH2
Verapamil	binds	SLC6A4
Verapamil	inhibits	ADRA1A
Verapamil	inhibits	ADRA1B
Verapamil	inhibits	ADRA1D
Verapamil	inhibits	CACNG1
Verapamil	inhibits	ABCB1
Verapamil	substrate_of	ABCB1
Verapamil	inhibits	SLC22A1
Verapamil	inhibits	SLC22A4
Verapamil	inhibits	SLC22A5
Verapamil	inhibits	ABCC3
Verapamil	inhibits	SLCO1B1
Verapamil	inhibits	SLCO1A2
Verapamil	inhibits	ABCC1
Verapamil	inhibits	ABCC4
Verapamil	inhibits	ABCC10
Verapamil	inhibits	SLC47A1
Verapamil	inhibits	SLC47A2
Verapamil	substrate_of	ALB
Verapamil	substrate_of	ORM1
Trimethobenzamide	inhibits	DRD2
Nilutamide	substrate_of	CYP2C19
Nilutamide	inhibits	CYP2C19
Nilutamide	substrate_of	POR
Nilutamide	inhibits	AR
Nafarelin	activates	GNRHR
Nafarelin	activates	GNRHR2
Sumatriptan	substrate_of	MAOA
Sumatriptan	activates	HTR1A
Sumatriptan	activates	HTR1D
Sumatriptan	activates	HTR1B
Sumatriptan	activates	HTR1F
Sumatriptan	induces	SLCO1A2
Sumatriptan	substrate_of	ABCB1
Sumatriptan	substrate_of	ABCG2
Sumatriptan	substrate_of	SLCO1B1
Pirenzepine	inhibits	CHRM1
Cefixime	inhibits	dacA
Cefixime	inhibits	mrdA
Cefixime	substrate_of	SLC15A1
Cefixime	inhibits	SLC15A1
Cefixime	substrate_of	SLC22A7
Cefixime	inhibits	SLC22A7
Cefixime	substrate_of	SLC22A8
Cefixime	inhibits	SLC15A2
Chlorpropamide	substrate_of	CYP2C9
Chlorpropamide	substrate_of	CYP2C19
Chlorpropamide	substrate_of	PTGS1
Chlorpropamide	inhibits	ABCC8
Chlorpropamide	binds	KCNJ10
Chlorpropamide	inhibits	SLC15A1
Chlorpropamide	inhibits	SLC15A2
Chlorpropamide	inhibits	SLC22A6
Aprepitant	substrate_of	CYP3A4
Aprepitant	inhibits	CYP3A4
Aprepitant	induces	CYP3A4
Aprepitant	substrate_of	CYP2C19
Aprepitant	inhibits	CYP2C19
Aprepitant	inhibits	CYP2C9
Aprepitant	induces	CYP2C9
Aprepitant	inhibits	TACR1
Galantamine	substrate_of	CYP3A4
Galantamine	substrate_of	CYP2D6
Galantamine	inhibits	ACHE
Galantamine	modulates	CHRNA7
Galantamine	inhibits	BCHE
Galantamine	inhibits	ABCB1
Tamoxifen	substrate_of	CYP2D6
Tamoxifen	inhibits	CYP2D6
Tamoxifen	substrate_of	CYP3A4
Tamoxifen	inhibits	CYP3A4
Tamoxifen	induces	CYP3A4
Tamoxifen	substrate_of	CYP3A5
Tamoxifen	substrate_of	CYP3A7
Tamoxifen	substrate_of	CYP2C9
Tamoxifen	inhibits	CYP2C9
Tamoxifen	substrate_of	CYP2C19
Tamoxifen	substrate_of	CYP2B6
Tamoxifen	inhibits	CYP2B6
Tamoxifen	substrate_of	CYP1A1
Tamoxifen	substrate_of	CYP1B1
Tamoxifen	inhibits	CYP1B1
Tamoxifen	substrate_of	FMO1
Tamoxifen	substrate_of	FMO3
Tamoxifen	inhibits	CYP2C8
Tamoxifen	inhibits	CES1
Tamoxifen	inhibits	CYP19A1
Tamoxifen	substrate_of	CYP2A6
Tamoxifen	substrate_of	CYP2E1
Tamoxifen	substrate_of	UGT1A10
Tamoxifen	substrate_of	SULT1A1
Tamoxifen	substrate_of	SULT2A1
Tamoxifen	substrate_of	CYP1A2
Tamoxifen	substrate_of	UGT2B7
Tamoxifen	substrate_of	UGT2B17
Tamoxifen	substrate_of	SULT1E1
Tamoxifen	inhibits	ESR1
Tamoxifen	activates	ESR1
Tamoxifen	inhibits	ESR2
Tamoxifen	activates	ESR2
Tamoxifen	inhibits	PRKCA
Tamoxifen	induces	SHBG
Tamoxifen	inhibits	EBP
Tamoxifen	inhibits	AR
Tamoxifen	inhibits	KCNH2
Tamoxifen	activates	NR1I2
Tamoxifen	binds	ESRRG
Tamoxifen	modulates	MAPK8
Tamoxifen	substrate_of	ABCB1
Tamoxifen	inhibits	ABCB1
Tamoxifen	induces	ABCB1
Tamoxifen	substrate_of	ABCG2
Tamoxifen	substrate_of	ABCC2
Tamoxifen	inhibits	ABCB11
Tamoxifen	substrate_of	ABCA1
Tamoxifen	substrate_of	ALB
Tamoxifen	induces	SERPINA7
Losartan	substrate_of	CYP2C9
Losartan	substrate_of	CYP3A4
Losartan	inhibits	CYP3A4
Losartan	inhibits	CYP2C19
Losartan	substrate_of	UGT1A1
Losartan	substrate_of	UGT1A3
Losartan	substrate_of	UGT1A10
Losartan	substrate_of	UGT2B7
Losartan	substrate_of	UGT2B17
Losartan	inhibits	CYP2C8
Losartan	binds	EPOR
Losartan	inhibits	AGTR1
Losartan	substrate_of	ABCB1
Losartan	inhibits	ABCB1
Losartan	inhibits	SLC22A6
Losartan	inhibits	SLC22A12
Losartan	inhibits	SLC2A9
Losartan	substrate_of	ABCB11
Losartan	substrate_of	ALB
Thioridazine	inhibits	CYP2E1
Thioridazine	substrate_of	CYP2D6
Thioridazine	inhibits	CYP2D6
Thioridazine	substrate_of	CYP2C19
Thioridazine	inhibits	DRD2
Thioridazine	inhibits	DRD1
Thioridazine	inhibits	ADRA1A
Thioridazine	inhibits	ADRA1B
Thioridazine	inhibits	HTR2A
Thioridazine	inhibits	KCNH2
Warfarin	substrate_of	CYP2C9
Warfarin	induces	CYP2C9
Warfarin	substrate_of	CYP1A2
Warfarin	substrate_of	CYP2C19
Warfarin	inhibits	CYP2C19
Warfarin	substrate_of	CYP3A4
Warfarin	induces	CYP3A4
Warfarin	substrate_of	CYP2C8
Warfarin	substrate_of	CYP2C18
Warfarin	inhibits	VKORC1
Warfarin	activates	NR1I2
Warfarin	binds	ALB
Warfarin	binds	ORM1
Midazolam	substrate_of	CYP3A4
Midazolam	inhibits	CYP3A4
Midazolam	substrate_of	UGT1A4
Midazolam	substrate_of	CYP3A5
Midazolam	substrate_of	CYP3A7
Midazolam	substrate_of	UGT2B7
Midazolam	substrate_of	UGT2B4
Midazolam	modulates	GABRA1
Midazolam	binds	GABRA1
Midazolam	modulates	TSPO
Midazolam	binds	ADORA2A
Midazolam	substrate_of	ABCB1
Midazolam	inhibits	SLC1A2
Midazolam	binds	ALB
Midazolam	binds	ORM1
Trovafloxacin	inhibits	CYP1A2
Trovafloxacin	inhibits	gyrA
Trovafloxacin	inhibits	parC
Trovafloxacin	modulates	gyrB
Trovafloxacin	modulates	gyrA
Trovafloxacin	inhibits	TOP2A
Pentosan polysulfate	inhibits	FGF2
Pentosan polysulfate	inhibits	FGF1
Pentosan polysulfate	inhibits	FGF4
Fludrocortisone	substrate_of	CYP3A4
Fludrocortisone	substrate_of	HSD11B2
Fludrocortisone	substrate_of	HSD11B1
Fludrocortisone	activates	NR3C2
Fludrocortisone	inhibits	AR
Fludrocortisone	activates	NR3C1
Fludrocortisone	substrate_of	ALB
Fludrocortisone	substrate_of	SERPINA6
Mycophenolate mofetil	substrate_of	UGT1A7
Mycophenolate mofetil	substrate_of	UGT1A6
Mycophenolate mofetil	substrate_of	UGT1A9
Mycophenolate mofetil	substrate_of	UGT2B7
Mycophenolate mofetil	substrate_of	UGT1A8
Mycophenolate mofetil	substrate_of	UGT1A10
Mycophenolate mofetil	substrate_of	CES1
Mycophenolate mofetil	substrate_of	CYP3A4
Mycophenolate mofetil	substrate_of	CYP3A5
Mycophenolate mofetil	substrate_of	CYP2C8
Mycophenolate mofetil	substrate_of	CES2
Mycophenolate mofetil	substrate_of	UGT1A1
Mycophenolate mofetil	inhibits	IMPDH1
Mycophenolate mofetil	induces	IMPDH1
Mycophenolate mofetil	inhibits	IMPDH2
Mycophenolate mofetil	modulates	PTGER2
Mycophenolate mofetil	inhibits	PTS
Mycophenolate mofetil	substrate_of	SLCO1B1
Mycophenolate mofetil	substrate_of	SLCO1B3
Mycophenolate mofetil	substrate_of	ABCG2
Mycophenolate mofetil	substrate_of	ABCB1
Mycophenolate mofetil	binds	ABCC2
Flurazepam	substrate_of	CYP3A4
Flurazepam	inhibits	CYP2E1
Flurazepam	substrate_of	CYP2A6
Flurazepam	modulates	GABRA1
Flurazepam	binds	GABRA1
Flurazepam	modulates	TSPO
Flurazepam	inhibits	ABCB1
Flurazepam	inhibits	SLC22A2
Moexipril	inhibits	ACE
Moexipril	substrate_of	SLC15A1
Moexipril	substrate_of	SLC15A2
Furosemide	inhibits	PGD
Furosemide	substrate_of	UGT1A1
Furosemide	inhibits	SLC12A1
Furosemide	inhibits	CA2
Furosemide	activates	GPR35
Furosemide	inhibits	SLC22A6
Furosemide	induces	SLC22A6
Furosemide	inhibits	SLC22A5
Furosemide	inhibits	SLC22A8
Furosemide	inhibits	ABCC2
Furosemide	inhibits	SLCO2A1
Furosemide	inhibits	SLC22A11
Furosemide	binds	ALB
Furosemide	binds	SERPINA7
Ergotamine	substrate_of	CYP3A4
Ergotamine	inhibits	CYP3A4
Ergotamine	activates	HTR1D
Ergotamine	activates	HTR1B
Ergotamine	activates	HTR2A
Ergotamine	activates	ADRA1A
Ergotamine	activates	ADRA1B
Ergotamine	activates	ADRA1D
Ergotamine	activates	DRD2
Ergotamine	activates	ADRA2A
Ergotamine	activates	DRD1
Ergotamine	activates	HTR1A
Ergotamine	activates	HTR1F
Ergotamine	activates	HTR2C
Ergotamine	binds	HTR2B
Ergotamine	binds	ADRA2C
Ergotamine	inhibits	ABCB1
Tizanidine	substrate_of	CYP1A2
Tizanidine	activates	ADRA1A
Tizanidine	activates	ADRA2A
Tizanidine	activates	NISCH
Nitrofurantoin	substrate_of	POR
Nitrofurantoin	binds	ydbK
Nitrofurantoin	binds	nfsA
Nitrofurantoin	inhibits	rpsJ
Nitrofurantoin	substrate_of	ABCG2
Nitrofurantoin	substrate_of	ABCB11
Nitrofurantoin	substrate_of	ABCB1
Nitrofurantoin	binds	ABCC2
Eplerenone	inhibits	CYP11B2
Eplerenone	substrate_of	CYP3A4
Eplerenone	substrate_of	CYP3A5
Eplerenone	inhibits	NR3C2
Amprenavir	inhibits	CYP2B6
Amprenavir	inhibits	CYP2C19
Amprenavir	substrate_of	CYP2C9
Amprenavir	substrate_of	CYP2D6
Amprenavir	substrate_of	CYP3A5
Amprenavir	substrate_of	CYP3A4
Amprenavir	inhibits	CYP3A4
Amprenavir	induces	CYP3A4
Amprenavir	inhibits	pol
Amprenavir	inhibits	gag-pol
Amprenavir	substrate_of	ABCB1
Amprenavir	induces	ABCB1
Amprenavir	inhibits	ABCC1
Amprenavir	inhibits	SLCO1B1
Methazolamide	inhibits	CA1
Methazolamide	inhibits	CA4
Methazolamide	inhibits	CA2
Methazolamide	inhibits	CA7
Methazolamide	inhibits	CA3
Methazolamide	inhibits	SLC22A6
Naltrexone	substrate_of	UGT1A1
Naltrexone	inhibits	OPRM1
Naltrexone	inhibits	OPRK1
Naltrexone	inhibits	OPRD1
Naltrexone	inhibits	SIGMAR1
Delavirdine	substrate_of	CYP3A4
Delavirdine	inhibits	CYP3A4
Delavirdine	substrate_of	CYP2D6
Delavirdine	inhibits	CYP2D6
Delavirdine	inhibits	CYP3A5
Delavirdine	inhibits	CYP3A7
Delavirdine	inhibits	CYP2C9
Delavirdine	inhibits	CYP2C19
Delavirdine	inhibits	pol
Delavirdine	modulates	gag-pol
Tamsulosin	substrate_of	CYP2D6
Tamsulosin	substrate_of	CYP3A4
Tamsulosin	inhibits	ADRA1A
Tamsulosin	inhibits	ADRA1D
Tamsulosin	inhibits	ADRA1B
Tamsulosin	binds	ORM1
Sufentanil	substrate_of	CYP3A4
Sufentanil	activates	OPRM1
Sufentanil	activates	OPRD1
Sufentanil	binds	OPRK1
Lamivudine	substrate_of	DCK
Lamivudine	substrate_of	CMPK1
Lamivudine	substrate_of	PGK1
Lamivudine	substrate_of	NME1
Lamivudine	substrate_of	NME2
Lamivudine	substrate_of	PCYT1A
Lamivudine	substrate_of	PCYT2
Lamivudine	substrate_of	NT5C
Lamivudine	inhibits	pol
Lamivudine	inhibits	P
Lamivudine	modulates	gag-pol
Lamivudine	inhibits	ABCC1
Lamivudine	substrate_of	SLC22A6
Lamivudine	substrate_of	ABCG2
Lamivudine	substrate_of	SLC22A1
Lamivudine	substrate_of	SLC22A2
Lamivudine	substrate_of	SLC22A3
Lamivudine	substrate_of	ABCB1
Lamivudine	substrate_of	ABCC4
Lamivudine	substrate_of	ABCC3
Lamivudine	binds	ABCC2
Lamivudine	binds	ALB
Ibandronate	inhibits	GGPS1
Ibandronate	inhibits	FDPS
Diethylcarbamazine	inhibits	BCHE
Diethylcarbamazine	inhibits	ALOX5
Diethylcarbamazine	inhibits	PTGS1
Flurbiprofen	substrate_of	UGT2B7
Flurbiprofen	substrate_of	UGT1A1
Flurbiprofen	inhibits	UGT1A1
Flurbiprofen	substrate_of	UGT1A3
Flurbiprofen	substrate_of	UGT1A9
Flurbiprofen	substrate_of	UGT2B4
Flurbiprofen	substrate_of	CYP2C9
Flurbiprofen	inhibits	PTGS2
Flurbiprofen	inhibits	PTGS1
Flurbiprofen	inhibits	ABCC4
Flurbiprofen	inhibits	SLC22A6
Flurbiprofen	binds	ALB
Apomorphine	substrate_of	COMT
Apomorphine	substrate_of	SULT1A1
Apomorphine	substrate_of	SULT1A2
Apomorphine	substrate_of	SULT1A3
Apomorphine	substrate_of	SULT1E1
Apomorphine	substrate_of	SULT1B1
Apomorphine	substrate_of	CYP2B6
Apomorphine	substrate_of	CYP2C8
Apomorphine	binds	CYP3A4
Apomorphine	substrate_of	CYP3A5
Apomorphine	substrate_of	UGT1A1
Apomorphine	activates	DRD4
Apomorphine	activates	DRD2
Apomorphine	activates	DRD3
Apomorphine	activates	DRD5
Apomorphine	activates	DRD1
Apomorphine	activates	HTR2C
Apomorphine	activates	ADRA2C
Apomorphine	activates	ADRA2B
Apomorphine	activates	HTR1A
Apomorphine	activates	HTR2A
Apomorphine	activates	HTR2B
Apomorphine	activates	ADRA2A
Apomorphine	activates	HTR1D
Apomorphine	activates	HTR1B
Apomorphine	induces	SLC18A2
Apomorphine	binds	ALB
Paroxetine	inhibits	CYP2B6
Paroxetine	substrate_of	CYP1A2
Paroxetine	inhibits	CYP1A2
Paroxetine	substrate_of	CYP3A4
Paroxetine	inhibits	CYP3A4
Paroxetine	substrate_of	CYP2C19
Paroxetine	substrate_of	CYP2D6
Paroxetine	inhibits	CYP2D6
Paroxetine	inhibits	CYP2C9
Paroxetine	inhibits	SLC6A4
Paroxetine	inhibits	SLC6A2
Paroxetine	activates	HTR2A
Paroxetine	binds	ADRA1A
Paroxetine	binds	ADRA2A
Paroxetine	inhibits	ADRB1
Paroxetine	binds	DRD2
Paroxetine	inhibits	HRH1
Paroxetine	inhibits	CHRM1
Paroxetine	activates	HTR2B
Paroxetine	binds	DRD1
Paroxetine	inhibits	ABCB1
Norethisterone	substrate_of	CYP3A4
Norethisterone	substrate_of	AKR1C4
Norethisterone	substrate_of	HSD3B2
Norethisterone	substrate_of	SRD5A1
Norethisterone	substrate_of	AKR1D1
Norethisterone	substrate_of	CYP2C19
Norethisterone	induces	CYP2C19
Norethisterone	substrate_of	CYP1A2
Norethisterone	substrate_of	CYP2A6
Norethisterone	activates	PGR
Norethisterone	activates	AR
Norethisterone	activates	NR3C1
Norethisterone	inhibits	ABCB1
Norethisterone	substrate_of	ALB
Norethisterone	substrate_of	SHBG
Adefovir dipivoxil	substrate_of	AK2
Adefovir dipivoxil	substrate_of	AK4
Adefovir dipivoxil	substrate_of	NME1
Adefovir dipivoxil	substrate_of	NME2
Adefovir dipivoxil	binds	P
Adefovir dipivoxil	substrate_of	SLC22A6
Adefovir dipivoxil	inhibits	SLC22A6
Adefovir dipivoxil	substrate_of	ABCC4
Adefovir dipivoxil	substrate_of	ABCC5
Adefovir dipivoxil	substrate_of	SLC22A3
Azatadine	inhibits	HRH1
Clodronic acid	inhibits	PTGS2
Clodronic acid	inhibits	SLC25A4
Clodronic acid	inhibits	SLC25A5
Clodronic acid	inhibits	SLC25A6
Lisinopril	inhibits	ACE
Lisinopril	inhibits	REN
Lisinopril	substrate_of	SLC15A1
Lisinopril	inhibits	SLC15A1
Lisinopril	substrate_of	SLC15A2
Imiquimod	substrate_of	CYP3A4
Imiquimod	activates	TLR7
Imiquimod	activates	TLR8
Trimipramine	substrate_of	CYP2C9
Trimipramine	substrate_of	CYP2D6
Trimipramine	substrate_of	CYP2C19
Trimipramine	inhibits	SLC6A4
Trimipramine	inhibits	SLC6A2
Trimipramine	inhibits	SLC6A3
Trimipramine	activates	HTR2A
Trimipramine	inhibits	HTR1A
Trimipramine	inhibits	ADRA1A
Trimipramine	inhibits	ADRA1B
Trimipramine	binds	DRD2
Trimipramine	binds	ADRA2B
Trimipramine	inhibits	HRH1
Trimipramine	inhibits	HTR2C
Trimipramine	binds	HTR3A
Trimipramine	binds	HTR1D
Trimipramine	inhibits	ADRA2A
Trimipramine	binds	DRD1
Trimipramine	binds	ADRB1
Trimipramine	binds	CHRM1
Trimipramine	binds	Htr2c
Trimipramine	substrate_of	ABCB1
Nitroglycerin	substrate_of	ALDH2
Nitroglycerin	modulates	GUCY1B1
Nitroglycerin	modulates	GUCY1A1
Nitroglycerin	activates	EGFR
Nitroglycerin	activates	NPR1
Nateglinide	substrate_of	CYP2C9
Nateglinide	substrate_of	CYP3A4
Nateglinide	substrate_of	CYP3A5
Nateglinide	substrate_of	CYP3A7
Nateglinide	substrate_of	PTGS1
Nateglinide	substrate_of	UGT1A9
Nateglinide	substrate_of	CYP2D6
Nateglinide	inhibits	ABCC8
Nateglinide	activates	PPARG
Nateglinide	substrate_of	ABCC4
Nateglinide	substrate_of	SLC16A1
Nateglinide	inhibits	SLC15A1
Nateglinide	inhibits	SLC15A2
Nateglinide	inhibits	SLC22A6
Nateglinide	binds	ALB
Nateglinide	binds	ORM1
Risperidone	substrate_of	CYP2D6
Risperidone	inhibits	CYP2D6
Risperidone	substrate_of	CYP3A4
Risperidone	inhibits	HTR2A
Risperidone	inhibits	DRD2
Risperidone	inhibits	ADRA1B
Risperidone	inhibits	ADRA2B
Risperidone	inhibits	ADRA1A
Risperidone	inhibits	ADRA2C
Risperidone	inhibits	HRH1
Risperidone	inhibits	HTR2C
Risperidone	inhibits	HTR1D
Risperidone	inhibits	HTR1A
Risperidone	inhibits	HTR7
Risperidone	inhibits	DRD1
Risperidone	substrate_of	ABCB1
Risperidone	binds	ALB
Risperidone	binds	ORM1
Esomeprazole	substrate_of	CYP2C19
Esomeprazole	inhibits	CYP2C19
Esomeprazole	substrate_of	CYP3A4
Esomeprazole	inhibits	ATP4A
Esomeprazole	modulates	ATP4B
Esomeprazole	binds	DDAH1
Esomeprazole	substrate_of	ABCB1
Esomeprazole	inhibits	ABCB1
Esomeprazole	inhibits	SLC22A8
Meclizine	substrate_of	CYP2D6
Meclizine	inhibits	HRH1
Meclizine	activates	NR1I3
Meclizine	binds	ALB
Riluzole	substrate_of	CYP1A1
Riluzole	substrate_of	CYP1A2
Riluzole	inhibits	SCN5A
Riluzole	induces	SLC7A11
Riluzole	binds	SCN11A
Riluzole	substrate_of	ABCG2
Hydrocortisone	substrate_of	CYP3A4
Hydrocortisone	induces	CYP3A4
Hydrocortisone	substrate_of	CYP3A5
Hydrocortisone	substrate_of	CYP3A7
Hydrocortisone	substrate_of	CYP11B1
Hydrocortisone	substrate_of	CYP11B2
Hydrocortisone	induces	CYP2C8
Hydrocortisone	substrate_of	AKR1D1
Hydrocortisone	substrate_of	SRD5A2
Hydrocortisone	substrate_of	HSD11B2
Hydrocortisone	substrate_of	HSD11B1
Hydrocortisone	induces	CYP2A6
Hydrocortisone	induces	CYP1B1
Hydrocortisone	induces	CYP2B6
Hydrocortisone	induces	CYP2C9
Hydrocortisone	induces	CYP2C19
Hydrocortisone	activates	NR3C1
Hydrocortisone	activates	ANXA1
Hydrocortisone	substrate_of	ABCB1
Hydrocortisone	induces	ABCB1
Hydrocortisone	inhibits	SLCO1A2
Hydrocortisone	substrate_of	SLC22A8
Hydrocortisone	binds	SHBG
Hydrocortisone	binds	SERPINA6
Zileuton	substrate_of	PTGS1
Zileuton	substrate_of	UGT1A9
Zileuton	substrate_of	CYP2C9
Zileuton	substrate_of	CYP1A2
Zileuton	inhibits	CYP1A2
Zileuton	substrate_of	CYP3A4
Zileuton	inhibits	ALOX5
Zileuton	binds	ALB
Modafinil	inhibits	CYP2C19
Modafinil	substrate_of	CYP3A4
Modafinil	induces	CYP3A4
Modafinil	substrate_of	CYP3A5
Modafinil	induces	CYP3A5
Modafinil	induces	CYP1A2
Modafinil	inhibits	CYP2B6
Modafinil	induces	CYP2B6
Modafinil	inhibits	CYP2C9
Modafinil	induces	CYP2C9
Modafinil	induces	CYP2D6
Modafinil	inhibits	SLC6A3
Modafinil	activates	ADRA1B
Scopolamine	substrate_of	CYP3A4
Scopolamine	inhibits	CHRM1
Scopolamine	inhibits	CHRM2
Scopolamine	inhibits	CHRM3
Scopolamine	inhibits	CHRM4
Scopolamine	inhibits	CHRM5
Scopolamine	inhibits	CHRNA4
Scopolamine	induces	CHRNA4
Scopolamine	inhibits	CHRNB2
Scopolamine	induces	CHRNB2
Scopolamine	inhibits	SI
Carbinoxamine	inhibits	HRH1
Carbinoxamine	binds	ORM1
Etodolac	substrate_of	UGT1A3
Etodolac	substrate_of	UGT1A10
Etodolac	substrate_of	UGT2B7
Etodolac	substrate_of	CYP2C9
Etodolac	substrate_of	UGT1A9
Etodolac	inhibits	PTGS2
Etodolac	inhibits	PTGS1
Etodolac	binds	RXRA
Etodolac	inhibits	SLC22A6
Etodolac	binds	ALB
Prilocaine	inhibits	SCN5A
Tranylcypromine	inhibits	CYP2D6
Tranylcypromine	inhibits	CYP2C9
Tranylcypromine	inhibits	CYP2C19
Tranylcypromine	inhibits	CYP1A2
Tranylcypromine	inhibits	CYP2A6
Tranylcypromine	inhibits	CYP3A4
Tranylcypromine	inhibits	MAOB
Tranylcypromine	inhibits	MAOA
Ethotoin	inhibits	SCN5A
Ethotoin	activates	NR1I2
Ethotoin	substrate_of	SERPINA7
Tretinoin	substrate_of	CYP3A4
Tretinoin	substrate_of	CYP3A5
Tretinoin	substrate_of	CYP3A7
Tretinoin	substrate_of	CYP2B6
Tretinoin	substrate_of	CYP2C8
Tretinoin	substrate_of	CYP2C9
Tretinoin	substrate_of	CYP2A6
Tretinoin	substrate_of	CYP2C18
Tretinoin	substrate_of	CYP1A1
Tretinoin	substrate_of	CYP4A11
Tretinoin	substrate_of	UGT2B7
Tretinoin	substrate_of	CYP2E1
Tretinoin	substrate_of	CYP26A1
Tretinoin	activates	RARA
Tretinoin	activates	RARB
Tretinoin	activates	RARG
Tretinoin	activates	RXRB
Tretinoin	activates	RXRG
Tretinoin	activates	RXRA
Tretinoin	binds	CRABP1
Tretinoin	activates	RARRES1
Tretinoin	substrate_of	ALDH1A1
Tretinoin	substrate_of	ALDH1A2
Tretinoin	binds	GPRC5A
Tretinoin	binds	LCN1
Tretinoin	binds	OBP2A
Tretinoin	binds	RBP4
Tretinoin	binds	PDK4
Tretinoin	substrate_of	CRABP1
Tretinoin	substrate_of	CRABP2
Tretinoin	binds	ALB
Dolasetron	substrate_of	CYP2C9
Dolasetron	substrate_of	CYP3A4
Dolasetron	substrate_of	CYP2D6
Dolasetron	inhibits	HTR3A
Clopidogrel	substrate_of	CYP2C9
Clopidogrel	inhibits	CYP2C9
Clopidogrel	substrate_of	CYP1A2
Clopidogrel	inhibits	CYP2C8
Clopidogrel	substrate_of	CES1
Clopidogrel	substrate_of	CYP3A4
Clopidogrel	substrate_of	CYP2B6
Clopidogrel	inhibits	CYP2B6
Clopidogrel	substrate_of	CYP3A5
Clopidogrel	substrate_of	CYP2C19
Clopidogrel	inhibits	P2RY12
Clopidogrel	substrate_of	ABCB1
Clopidogrel	inhibits	SLC22A1
Clopidogrel	inhibits	SLC22A2
Clopidogrel	binds	ALB
Tetracycline	substrate_of	CYP3A4
Tetracycline	inhibits	CYP3A4
Tetracycline	inhibits	rpsG
Tetracycline	inhibits	rpsN
Tetracycline	inhibits	rpsC
Tetracycline	inhibits	rpsH
Tetracycline	inhibits	rpsS
Tetracycline	inhibits	PRNP
Tetracycline	inhibits	SLC22A6
Tetracycline	substrate_of	SLC22A8
Tetracycline	inhibits	SLC22A8
Tetracycline	inhibits	SLC22A11
Tetracycline	inhibits	SLC22A7
Tetracycline	inhibits	SLCO2B1
Tetracycline	binds	ALB
Potassium chloride	binds	SLC12A2
Potassium chloride	binds	SLC12A1
Potassium chloride	binds	SLC12A5
Potassium chloride	binds	SLC12A6
Potassium chloride	binds	SLC12A7
Potassium chloride	binds	SLC12A4
Potassium chloride	substrate_of	SLC12A2
Potassium chloride	substrate_of	SLC12A1
Potassium chloride	substrate_of	SLC12A5
Potassium chloride	substrate_of	SLC12A6
Potassium chloride	substrate_of	SLC12A7
Potassium chloride	substrate_of	SLC12A4
Metyrosine	binds	TH
Clavulanic acid	inhibits	blaZ
Clavulanic acid	induces	SLC5A1
Clidinium	inhibits	CHRM1
Etoposide	substrate_of	CYP1A2
Etoposide	substrate_of	CYP2E1
Etoposide	substrate_of	CYP3A5
Etoposide	substrate_of	UGT1A1
Etoposide	substrate_of	GSTT1
Etoposide	substrate_of	GSTP1
Etoposide	substrate_of	PTGS2
Etoposide	substrate_of	PTGS1
Etoposide	substrate_of	CYP3A4
Etoposide	inhibits	CYP3A4
Etoposide	induces	CYP3A4
Etoposide	inhibits	TOP2A
Etoposide	inhibits	TOP2B
Etoposide	substrate_of	ABCC3
Etoposide	inhibits	ABCC3
Etoposide	substrate_of	ABCC6
Etoposide	inhibits	ABCC6
Etoposide	substrate_of	ABCB1
Etoposide	inhibits	ABCB1
Etoposide	substrate_of	ABCC1
Etoposide	inhibits	ABCC1
Etoposide	substrate_of	ABCC10
Etoposide	inhibits	ABCC10
Etoposide	substrate_of	ABCC2
Etoposide	inhibits	ABCC2
Etoposide	substrate_of	ABCG2
Hydroflumethiazide	inhibits	SLC12A1
Hydroflumethiazide	inhibits	CA7
Hydroflumethiazide	inhibits	CA9
Hydroflumethiazide	induces	ATP1A1
Hydroflumethiazide	induces	KCNMA1
Hydroflumethiazide	inhibits	CA1
Hydroflumethiazide	inhibits	CA2
Hydroflumethiazide	inhibits	CA4
Hydroflumethiazide	inhibits	CA12
Hydroflumethiazide	substrate_of	SLC22A6
Hydroflumethiazide	inhibits	SLC22A6
Hydroflumethiazide	substrate_of	SLC22A8
Hydroflumethiazide	inhibits	SLC22A8
Hydroflumethiazide	binds	ALB
Oxcarbazepine	substrate_of	AKR1C1
Oxcarbazepine	substrate_of	AKR1C2
Oxcarbazepine	substrate_of	AKR1C3
Oxcarbazepine	substrate_of	AKR1C4
Oxcarbazepine	substrate_of	CBR1
Oxcarbazepine	substrate_of	CBR3
Oxcarbazepine	inhibits	CYP2C19
Oxcarbazepine	inhibits	CYP3A4
Oxcarbazepine	induces	CYP3A4
Oxcarbazepine	inhibits	CYP3A5
Oxcarbazepine	induces	CYP3A5
Oxcarbazepine	binds	SCN11A
Oxcarbazepine	inhibits	SCN1A
Oxcarbazepine	substrate_of	ABCB1
Oxcarbazepine	substrate_of	ALB
Nalidixic acid	inhibits	TDO2
Nalidixic acid	inhibits	CYP1A2
Nalidixic acid	inhibits	gyrA
Nalidixic acid	inhibits	gyrB
Nalidixic acid	inhibits	SLC22A6
Phenelzine	inhibits	CYP2C19
Phenelzine	inhibits	CYP2C8
Phenelzine	inhibits	CYP3A4
Phenelzine	inhibits	CYP3A5
Phenelzine	inhibits	CYP3A7
Phenelzine	inhibits	CYP2D6
Phenelzine	substrate_of	MAOA
Phenelzine	substrate_of	MAOB
Phenelzine	induces	CYP2E1
Phenelzine	inhibits	MAOA
Phenelzine	inhibits	MAOB
Phenelzine	inhibits	AOC3
Phenelzine	inhibits	ABAT
Phenelzine	inhibits	GPT
Phenelzine	inhibits	GPT2
Phenelzine	inhibits	GAD65
Propantheline	inhibits	CHRM1
Mefenamic acid	substrate_of	CYP2C9
Mefenamic acid	inhibits	CYP2C9
Mefenamic acid	substrate_of	CYP1A2
Mefenamic acid	inhibits	CYP1A2
Mefenamic acid	inhibits	UGT1A9
Mefenamic acid	inhibits	UGT2B7
Mefenamic acid	inhibits	CYP2C8
Mefenamic acid	inhibits	PTGS2
Mefenamic acid	inhibits	PTGS1
Mefenamic acid	binds	ALB
Acyclovir	substrate_of	TK
Acyclovir	substrate_of	GUK1
Acyclovir	substrate_of	NME1
Acyclovir	substrate_of	PKLR
Acyclovir	substrate_of	CKB
Acyclovir	substrate_of	PGK1
Acyclovir	substrate_of	SUCLA2
Acyclovir	substrate_of	PCK2
Acyclovir	substrate_of	ADSS1
Acyclovir	substrate_of	SLC22A1
Acyclovir	inhibits	SLC22A1
Acyclovir	substrate_of	SLC22A6
Acyclovir	inhibits	SLC22A6
Acyclovir	substrate_of	SLC22A8
Acyclovir	inhibits	SLC22A8
Acyclovir	substrate_of	SLC10A2
Acyclovir	substrate_of	SLC47A1
Acyclovir	substrate_of	SLC47A2
Acyclovir	binds	ALB
Naproxen	substrate_of	CYP2C8
Naproxen	substrate_of	UGT2B7
Naproxen	substrate_of	UGT1A3
Naproxen	substrate_of	UGT1A6
Naproxen	substrate_of	UGT1A7
Naproxen	substrate_of	UGT1A8
Naproxen	substrate_of	UGT1A9
Naproxen	substrate_of	UGT1A10
Naproxen	substrate_of	CYP2C9
Naproxen	substrate_of	CYP1A2
Naproxen	inhibits	PTGS1
Naproxen	inhibits	PTGS2
Naproxen	inhibits	PNLIP
Naproxen	binds	pab
Naproxen	inhibits	SLCO1A2
Naproxen	inhibits	SLC22A6
Naproxen	substrate_of	ABCB11
Naproxen	inhibits	ABCB1
Naproxen	binds	SLC22A8
Naproxen	binds	ALB
Perindopril	inhibits	BCHE
Perindopril	inhibits	ACE
Perindopril	inhibits	SFRP4
Perindopril	substrate_of	SLC15A1
Perindopril	substrate_of	SLC15A2
Primidone	substrate_of	CYP2C9
Primidone	induces	CYP2C9
Primidone	substrate_of	CYP2C19
Primidone	induces	CYP2C19
Primidone	substrate_of	CYP2E1
Primidone	induces	CYP2E1
Primidone	induces	CYP3A4
Primidone	induces	CYP1A2
Primidone	induces	UGT1A1
Primidone	binds	GABRA2
Primidone	binds	GABRA3
Primidone	binds	GABRA4
Primidone	binds	GABRA5
Primidone	binds	GABRA6
Primidone	modulates	GABRA1
Primidone	binds	GABRA1
Primidone	inhibits	CHRNA4
Primidone	inhibits	CHRNA7
Primidone	inhibits	GRIA2
Primidone	inhibits	GRIK2
Primidone	inhibits	TRPM3
Sulfasalazine	inhibits	ALOX5
Sulfasalazine	inhibits	PTGS2
Sulfasalazine	inhibits	PTGS1
Sulfasalazine	inhibits	ACAT1
Sulfasalazine	inhibits	PLA2G1B
Sulfasalazine	inhibits	IKBKB
Sulfasalazine	activates	REL
Sulfasalazine	activates	RELB
Sulfasalazine	activates	RELA
Sulfasalazine	inhibits	ABCG2
Sulfasalazine	inhibits	SLC7A11
Sulfasalazine	inhibits	NFKB1
Sulfasalazine	inhibits	NFKB2
Sulfasalazine	inhibits	CHUK
Sulfasalazine	activates	PPARG
Sulfasalazine	substrate_of	ABCG2
Sulfasalazine	substrate_of	ABCC2
Sulfasalazine	inhibits	SLC46A1
Sulfasalazine	inhibits	SLCO1B1
Sulfasalazine	inhibits	SLCO1B3
Sulfasalazine	inhibits	SLCO2B1
Sulfasalazine	inhibits	SLC10A1
Sulfasalazine	binds	ALB
Candesartan cilexetil	substrate_of	CYP2C9
Candesartan cilexetil	inhibits	CYP2C8
Candesartan cilexetil	substrate_of	UGT1A3
Candesartan cilexetil	substrate_of	PTGS1
Candesartan cilexetil	inhibits	AGTR1
Candesartan cilexetil	inhibits	ABCB1
Fenoldopam	activates	DRD5
Fenoldopam	activates	DRD1
Fenoldopam	inhibits	ADRA1B
Fenoldopam	inhibits	ADRA1D
Fenoldopam	inhibits	ADRA1A
Fenoldopam	inhibits	ADRA2B
Fenoldopam	inhibits	ADRA2C
Fenoldopam	inhibits	ADRA2A
Dicyclomine	inhibits	CHRM1
Dicyclomine	inhibits	CHRM3
Dicyclomine	inhibits	CHRM2
Pentoxifylline	substrate_of	CYP1A2
Pentoxifylline	activates	ADORA2A
Pentoxifylline	inhibits	NT5E
Pentoxifylline	binds	TNF
Pentoxifylline	inhibits	ADORA1
Indapamide	substrate_of	CYP3A4
Indapamide	substrate_of	EPHX1
Indapamide	inhibits	SLC12A3
Indapamide	binds	KCNQ1
Indapamide	binds	ORM1
Indapamide	binds	ALB
Biperiden	inhibits	CYP2D6
Biperiden	inhibits	CHRM1
Ribavirin	modulates	NT5C2
Ribavirin	activates	ADK
Ribavirin	inhibits	IMPDH1
Ribavirin	inhibits	L
Ribavirin	inhibits	IMPDH2
Ribavirin	inhibits	PB1
Ribavirin	substrate_of	SLC28A3
Ribavirin	substrate_of	SLC29A1
Phenylbutazone	induces	CYP3A4
Phenylbutazone	substrate_of	CYP2C9
Phenylbutazone	inhibits	CYP2C9
Phenylbutazone	inhibits	PTGS1
Phenylbutazone	inhibits	PTGS2
Phenylbutazone	inhibits	PTGIS
Phenylbutazone	inhibits	SLC22A6
Phenylbutazone	inhibits	SLC22A8
Phenylbutazone	inhibits	SLC22A11
Fentanyl	substrate_of	CYP3A4
Fentanyl	substrate_of	CYP3A7
Fentanyl	activates	OPRM1
Fentanyl	activates	OPRD1
Fentanyl	activates	OPRK1
Fentanyl	inhibits	ABCB1
Fentanyl	binds	ALB
Fentanyl	binds	ORM1
Meloxicam	inhibits	PGD
Meloxicam	substrate_of	CYP2C8
Meloxicam	substrate_of	CYP2C9
Meloxicam	substrate_of	CYP3A4
Meloxicam	inhibits	PTGS2
Meloxicam	inhibits	PTGS1
Meloxicam	binds	ABCC4
Meloxicam	binds	ALB
Sodium lauryl sulfate	binds	ALB
Orciprenaline	activates	ADRB2
Acetazolamide	inhibits	CYP3A4
Acetazolamide	inhibits	CA1
Acetazolamide	inhibits	CA2
Acetazolamide	inhibits	CA4
Acetazolamide	inhibits	CA12
Acetazolamide	inhibits	CA14
Acetazolamide	inhibits	CA3
Acetazolamide	inhibits	CA7
Acetazolamide	inhibits	AQP1
Acetazolamide	inhibits	SLC22A6
Tadalafil	substrate_of	CYP3A4
Tadalafil	inhibits	PDE5A
Tadalafil	inhibits	PDE11A
Tadalafil	inhibits	PDE6G
Disulfiram	substrate_of	CYP3A4
Disulfiram	substrate_of	CYP3A5
Disulfiram	inhibits	CYP2E1
Disulfiram	inhibits	DBH
Disulfiram	inhibits	ALDH2
Disulfiram	inhibits	ALDH3A2
Disulfiram	substrate_of	ABCB11
Fosfomycin	inhibits	murA
Diazepam	substrate_of	CYP2C9
Diazepam	substrate_of	CYP3A7
Diazepam	substrate_of	CYP3A4
Diazepam	inhibits	CYP3A4
Diazepam	substrate_of	CYP2C19
Diazepam	inhibits	CYP2C19
Diazepam	substrate_of	CYP3A5
Diazepam	substrate_of	CYP2B6
Diazepam	substrate_of	PTGS1
Diazepam	substrate_of	CYP2C18
Diazepam	substrate_of	CYP2C8
Diazepam	modulates	GABRA1
Diazepam	binds	GABRA1
Diazepam	activates	TSPO
Diazepam	substrate_of	ABCB1
Diazepam	binds	ALB
Trifluoperazine	modulates	XDH
Trifluoperazine	substrate_of	UGT1A4
Trifluoperazine	substrate_of	CYP1A2
Trifluoperazine	inhibits	DRD2
Trifluoperazine	inhibits	CALY
Trifluoperazine	inhibits	ADRA1A
Trifluoperazine	inhibits	CALM3
Trifluoperazine	inhibits	CALM2
Trifluoperazine	inhibits	CALM1
Trifluoperazine	modulates	TNNC1
Trifluoperazine	inhibits	S100A4
Trifluoperazine	inhibits	ABCB1
Cefaclor	induces	MPO
Cefaclor	inhibits	pbp3
Cefaclor	inhibits	pbpA
Cefaclor	inhibits	SLC15A1
Cefaclor	inhibits	SLC15A2
Cefaclor	substrate_of	SLC22A8
Cefaclor	inhibits	SLC22A8
Cefaclor	substrate_of	ABCB11
Mifepristone	inhibits	CYP2D6
Mifepristone	inhibits	CYP2C8
Mifepristone	inhibits	CYP2C9
Mifepristone	substrate_of	CYP3A4
Mifepristone	inhibits	CYP3A4
Mifepristone	induces	CYP3A4
Mifepristone	substrate_of	CYP3A5
Mifepristone	inhibits	PGR
Mifepristone	inhibits	NR3C1
Mifepristone	activates	NR1I2
Mifepristone	inhibits	ABCB1
Mifepristone	induces	ABCB1
Mifepristone	inhibits	ABCC1
Mifepristone	substrate_of	ABCB11
Mifepristone	inhibits	SLCO1B1
Mifepristone	inhibits	SLCO1B3
Brompheniramine	inhibits	HRH1
Brompheniramine	inhibits	CHRM1
Brompheniramine	inhibits	CHRM2
Brompheniramine	inhibits	CHRM3
Brompheniramine	inhibits	CHRM4
Brompheniramine	inhibits	CHRM5
Tolazamide	substrate_of	CYP2C9
Tolazamide	binds	ABCC8
Tolazamide	binds	KCNJ10
Oxazepam	substrate_of	UGT2B15
Oxazepam	substrate_of	UGT2B7
Oxazepam	substrate_of	UGT1A9
Oxazepam	modulates	GABRA1
Oxazepam	binds	GABRA1
Oxazepam	activates	TSPO
Oxazepam	binds	ALB
Donepezil	substrate_of	CYP2D6
Donepezil	substrate_of	CYP3A4
Donepezil	substrate_of	CYP2C9
Donepezil	inhibits	ACHE
Donepezil	induces	HTR2A
Donepezil	induces	BCHE
Donepezil	inhibits	NOS1
Donepezil	induces	NOS1
Donepezil	inhibits	TNFAIP6
Donepezil	inhibits	IL1B
Donepezil	induces	IL1B
Donepezil	inhibits	NFKB2
Donepezil	binds	GRIN1
Donepezil	substrate_of	ABCG2
Nalbuphine	activates	OPRK1
Nalbuphine	inhibits	OPRM1
Nalbuphine	inhibits	OPRD1
Clofazimine	inhibits	CYP3A4
Clofazimine	inhibits	CYP3A5
Clofazimine	inhibits	CYP2C8
Clofazimine	inhibits	CYP2D6
Clofazimine	modulates	PPARG
Clofazimine	inhibits	KCNA3
Clofazimine	substrate_of	ABCB1
Clofazimine	inhibits	ABCB1
Clofazimine	inhibits	ABCG2
Clofazimine	inhibits	ABCC1
Clofazimine	binds	ALB
Cysteamine	substrate_of	MPO
Cysteamine	binds	SST
Cysteamine	binds	NPY2R
Cysteamine	binds	ALB
Levamisole	activates	CHRNA3
Levamisole	inhibits	ALPL
Levamisole	inhibits	ALPG
Levamisole	activates	unc-38
Levamisole	activates	unc-63
Levamisole	activates	lev-1
Levamisole	activates	unc-29
Perphenazine	substrate_of	CYP1A2
Perphenazine	substrate_of	CYP2C18
Perphenazine	substrate_of	CYP2C19
Perphenazine	substrate_of	CYP2C8
Perphenazine	substrate_of	CYP2C9
Perphenazine	substrate_of	CYP3A4
Perphenazine	substrate_of	CYP2D6
Perphenazine	inhibits	CYP2D6
Perphenazine	inhibits	DRD2
Perphenazine	inhibits	DRD1
Perphenazine	inhibits	CALM1
Perphenazine	binds	ALB
Dacarbazine	substrate_of	CYP1A1
Dacarbazine	substrate_of	CYP1A2
Dacarbazine	substrate_of	CYP2E1
Dacarbazine	binds	POLA2
Dacarbazine	inhibits	PGD
Pseudoephedrine	inhibits	MAOA
Pseudoephedrine	inhibits	SLC6A2
Pseudoephedrine	inhibits	SLC6A3
Pseudoephedrine	activates	ADRA1A
Pseudoephedrine	activates	ADRA2A
Pseudoephedrine	inhibits	SLC6A4
Pseudoephedrine	binds	DRD2
Pseudoephedrine	activates	ADRB2
Pseudoephedrine	activates	ADRB1
Pseudoephedrine	inhibits	NFATC1
Pseudoephedrine	inhibits	TNF
Pseudoephedrine	inhibits	NFKB1
Pseudoephedrine	inhibits	ATF1
Pseudoephedrine	inhibits	IL2
Pseudoephedrine	binds	ALB
Temozolomide	substrate_of	ABCB1
Temozolomide	substrate_of	ABCG2
Temozolomide	binds	ALB
Temozolomide	binds	ORM1
Levorphanol	activates	OPRM1
Levorphanol	activates	OPRD1
Levorphanol	activates	OPRK1
Terbinafine	substrate_of	PTGS1
Terbinafine	inhibits	CYP2D6
Terbinafine	substrate_of	CYP2C9
Terbinafine	substrate_of	CYP1A2
Terbinafine	substrate_of	CYP3A4
Terbinafine	induces	CYP3A4
Terbinafine	substrate_of	CYP2C8
Terbinafine	substrate_of	CYP2C19
Terbinafine	inhibits	ERG1
Terbinafine	inhibits	SQLE
Terbinafine	substrate_of	MDR2
Terbinafine	binds	ALB
Terbinafine	binds	ORM1
Penicillamine	substrate_of	SLCO1B1
Prednisolone	substrate_of	CYP3A4
Prednisolone	induces	CYP3A4
Prednisolone	activates	NR3C1
Prednisolone	activates	NR3C2
Prednisolone	inhibits	SLCO1A2
Prednisolone	substrate_of	ABCB1
Prednisolone	binds	SERPINA6
Prednisolone	binds	ALB
Diflunisal	substrate_of	UGT1A8
Diflunisal	inhibits	UGT1A9
Diflunisal	inhibits	PTGS2
Diflunisal	inhibits	PTGS1
Diflunisal	inhibits	SLC22A6
Diflunisal	binds	TTR
Diflunisal	binds	ALB
Vardenafil	substrate_of	CYP3A4
Vardenafil	inhibits	CYP3A4
Vardenafil	substrate_of	CYP3A5
Vardenafil	substrate_of	CYP2C9
Vardenafil	inhibits	CYP2C9
Vardenafil	inhibits	CYP2C8
Vardenafil	inhibits	CYP2C19
Vardenafil	inhibits	CYP2D6
Vardenafil	inhibits	PDE5A
Vardenafil	inhibits	PDE6G
Vardenafil	modulates	PDE6G
Vardenafil	inhibits	PDE6H
Vardenafil	modulates	PDE6H
Vardenafil	substrate_of	ABCB1
Vardenafil	inhibits	ABCB1
Ranitidine	inhibits	CYP3A4
Ranitidine	inhibits	ACHE
Ranitidine	substrate_of	CYP1A2
Ranitidine	inhibits	CYP1A2
Ranitidine	inhibits	CYP2D6
Ranitidine	inhibits	HRH2
Ranitidine	substrate_of	SLC22A1
Ranitidine	inhibits	SLC22A1
Ranitidine	substrate_of	ABCB1
Ranitidine	inhibits	ABCB1
Ranitidine	substrate_of	SLC22A8
Ranitidine	substrate_of	SLC22A2
Tacrolimus	substrate_of	CYP3A4
Tacrolimus	substrate_of	CYP3A5
Tacrolimus	inhibits	FKBP1A
Tacrolimus	inhibits	PPP3CA
Tacrolimus	substrate_of	ABCB1
Tacrolimus	inhibits	ABCB1
Tacrolimus	induces	ABCB1
Tacrolimus	substrate_of	ABCA5
Tacrolimus	inhibits	SLCO1B1
Tacrolimus	substrate_of	ALB
Tacrolimus	substrate_of	ORM1
Benzphetamine	substrate_of	CYP3A4
Benzphetamine	substrate_of	CYP2B6
Benzphetamine	substrate_of	POR
Benzphetamine	induces	SLC18A2
Benzphetamine	activates	ADRA2A
Benzphetamine	activates	ADRA1A
Benzphetamine	inhibits	SLC6A3
Benzonatate	substrate_of	BCHE
Benzonatate	inhibits	SCN5A
Guaifenesin	inhibits	GRIN1
Flupentixol	inhibits	CES1
Flupentixol	induces	DDC
Flupentixol	inhibits	DRD2
Flupentixol	inhibits	DRD1
Flupentixol	inhibits	HTR2A
Flupentixol	inhibits	ADRA1A
Flupentixol	inhibits	DRD3
Flupentixol	inhibits	DRD4
Flupentixol	inhibits	HTR2C
Flupentixol	inhibits	CHRM1
Flupentixol	inhibits	ABCB1
Eprosartan	inhibits	AGTR1
Eprosartan	induces	ABCC2
Sirolimus	substrate_of	CYP3A4
Sirolimus	substrate_of	CYP3A5
Sirolimus	substrate_of	CYP3A7
Sirolimus	inhibits	MTOR
Sirolimus	substrate_of	ABCB1
Sirolimus	inhibits	ABCB1
Sirolimus	induces	ABCB1
Sirolimus	inhibits	SLCO1B1
Sirolimus	binds	SLC47A1
Sirolimus	binds	ALB
Sirolimus	binds	ORM1
Sirolimus	binds	APOA1
Chlorhexidine	substrate_of	ALB
Emtricitabine	substrate_of	DCK
Emtricitabine	inhibits	pol
Emtricitabine	modulates	gag-pol
Emtricitabine	substrate_of	SLC47A1
Emtricitabine	binds	ALB
Quinapril	substrate_of	CES1
Quinapril	inhibits	ACE
Quinapril	substrate_of	SLC15A1
Quinapril	substrate_of	SLC15A2
Quinapril	substrate_of	SLC22A8
Quinapril	binds	ALB
Clomifene	inhibits	CYP17A1
Clomifene	inhibits	ESR1
Clomifene	activates	ESR1
Clomifene	inhibits	ESR2
Clomifene	activates	ESR2
Clomifene	substrate_of	ABCB1
Isosorbide dinitrate	inhibits	CYP2E1
Isosorbide dinitrate	activates	NPR1
Risedronic acid	induces	PTGS2
Risedronic acid	inhibits	FDPS
Bumetanide	induces	PTGS2
Bumetanide	inhibits	SLC12A1
Bumetanide	inhibits	SLC12A2
Bumetanide	inhibits	SLC12A4
Bumetanide	inhibits	SLC12A5
Bumetanide	inhibits	CFTR
Bumetanide	substrate_of	SLC10A1
Bumetanide	inhibits	SLC10A1
Bumetanide	substrate_of	SLC22A6
Bumetanide	inhibits	SLC22A6
Bumetanide	inhibits	SLC22A8
Bumetanide	inhibits	SLC22A11
Bumetanide	inhibits	SLC22A7
Bumetanide	substrate_of	SLCO1A2
Granisetron	substrate_of	CYP3A4
Granisetron	substrate_of	CYP1A1
Granisetron	inhibits	CYP1A1
Granisetron	inhibits	HTR3A
Granisetron	inhibits	HTR3B
Triazolam	substrate_of	CYP3A7
Triazolam	substrate_of	CYP3A4
Triazolam	inhibits	CYP2C8
Triazolam	substrate_of	CYP3A5
Triazolam	modulates	GABRA1
Triazolam	binds	GABRA1
Triazolam	modulates	TSPO
Remifentanil	activates	OPRM1
Remifentanil	activates	OPRD1
Remifentanil	activates	OPRK1
Didanosine	inhibits	pol
Didanosine	inhibits	gag-pol
Didanosine	substrate_of	PNP
Didanosine	substrate_of	SLC22A6
Didanosine	binds	SLC29A1
Didanosine	binds	SLC29A2
Didanosine	binds	ALB
Etacrynic acid	inhibits	GSTA2
Etacrynic acid	inhibits	SLC12A1
Etacrynic acid	inhibits	ATP1A1
Etacrynic acid	binds	LEF1
Etacrynic acid	inhibits	GSTP1
Etacrynic acid	inhibits	SLC22A6
Etacrynic acid	binds	ALB
Ondansetron	substrate_of	CYP3A4
Ondansetron	substrate_of	CYP1A2
Ondansetron	inhibits	CYP1A2
Ondansetron	substrate_of	CYP2D6
Ondansetron	substrate_of	CYP3A5
Ondansetron	substrate_of	CYP3A7
Ondansetron	substrate_of	CYP2C9
Ondansetron	substrate_of	CYP2E1
Ondansetron	inhibits	HTR3A
Ondansetron	activates	HTR4
Ondansetron	binds	OPRM1
Ondansetron	binds	HTR1A
Ondansetron	binds	HTR1B
Tiagabine	substrate_of	UGT1A1
Tiagabine	substrate_of	CYP3A4
Tiagabine	inhibits	SLC6A1
Quinidine	substrate_of	CYP3A4
Quinidine	inhibits	CYP3A4
Quinidine	substrate_of	CYP3A7
Quinidine	inhibits	CYP2D6
Quinidine	inhibits	CYP1A2
Quinidine	substrate_of	CYP2E1
Quinidine	inhibits	CYP1A1
Quinidine	inhibits	CYP2B6
Quinidine	substrate_of	CYP2C9
Quinidine	inhibits	CYP2C9
Quinidine	inhibits	CYP2C8
Quinidine	inhibits	SCN5A
Quinidine	inhibits	KCNK1
Quinidine	inhibits	KCNK6
Quinidine	inhibits	KCNH2
Quinidine	inhibits	ADRA1A
Quinidine	inhibits	ADRA1B
Quinidine	inhibits	ADRA1D
Quinidine	inhibits	SLC22A2
Quinidine	inhibits	SLC22A1
Quinidine	inhibits	SLC22A5
Quinidine	substrate_of	ABCB1
Quinidine	inhibits	ABCB1
Quinidine	inhibits	SLCO1A2
Quinidine	inhibits	SLC22A8
Quinidine	inhibits	ABCC2
Quinidine	inhibits	SLC22A4
Quinidine	inhibits	SLCO1B1
Quinidine	inhibits	ABCB11
Quinidine	binds	ALB
Quinidine	binds	ORM1
Zonisamide	substrate_of	CYP3A4
Zonisamide	substrate_of	CYP3A5
Zonisamide	substrate_of	CYP2C19
Zonisamide	inhibits	CYP2C19
Zonisamide	substrate_of	UGT1A1
Zonisamide	substrate_of	AOX1
Zonisamide	inhibits	SCN1A
Zonisamide	inhibits	SCN2A
Zonisamide	inhibits	SCN3A
Zonisamide	inhibits	SCN4A
Zonisamide	inhibits	SCN5A
Zonisamide	inhibits	SCN9A
Zonisamide	inhibits	SCN11A
Zonisamide	inhibits	SCN1B
Zonisamide	inhibits	SCN2B
Zonisamide	inhibits	SCN3B
Zonisamide	inhibits	SCN4B
Zonisamide	inhibits	CACNA1G
Zonisamide	inhibits	CACNA1H
Zonisamide	inhibits	CACNA1I
Zonisamide	inhibits	CA1
Zonisamide	inhibits	CA2
Zonisamide	inhibits	CA3
Zonisamide	inhibits	CA4
Zonisamide	inhibits	CA5A
Zonisamide	inhibits	CA5B
Zonisamide	inhibits	CA6
Zonisamide	inhibits	CA7
Zonisamide	inhibits	CA8
Zonisamide	inhibits	CA9
Zonisamide	inhibits	CA10
Zonisamide	inhibits	CA11
Zonisamide	inhibits	CA12
Zonisamide	inhibits	CA13
Zonisamide	inhibits	CA14
Zonisamide	inhibits	MAOB
Zonisamide	inhibits	MAOA
Zonisamide	binds	GABRA1
Zonisamide	inhibits	ABCB1
Paricalcitol	substrate_of	CYP24A1
Paricalcitol	substrate_of	CYP3A4
Paricalcitol	substrate_of	UGT1A4
Paricalcitol	activates	VDR
Tinidazole	substrate_of	CYP3A4
Tinidazole	substrate_of	ABCB11
Repaglinide	substrate_of	CYP2C8
Repaglinide	substrate_of	CYP3A4
Repaglinide	inhibits	ABCC8
Repaglinide	inhibits	HRH1
Repaglinide	binds	ABCC9
Repaglinide	activates	PPARG
Repaglinide	substrate_of	SLCO1B1
Repaglinide	substrate_of	ABCB11
Repaglinide	binds	ALB
Anileridine	activates	OPRM1
Amantadine	induces	DDC
Amantadine	inhibits	MAOB
Amantadine	inhibits	M
Amantadine	inhibits	GRIN3A
Amantadine	activates	DRD2
Amantadine	inhibits	CHRNA7
Amantadine	inhibits	CHRNA4
Amantadine	inhibits	CHRNA3
Amantadine	substrate_of	SLC22A2
Amantadine	inhibits	SLC22A2
Amantadine	substrate_of	SLC22A1
Amantadine	inhibits	SLC22A1
Metronidazole	inhibits	CYP2C8
Metronidazole	substrate_of	UGT1A1
Metronidazole	substrate_of	CYP2A6
Metronidazole	substrate_of	CYP3A5
Metronidazole	substrate_of	CYP3A7
Metronidazole	inhibits	CYP2C9
Metronidazole	inhibits	CYP3A4
Metronidazole	binds	rdxA
Metronidazole	inhibits	ABCB1
Almotriptan	substrate_of	CYP3A4
Almotriptan	substrate_of	CYP2D6
Almotriptan	substrate_of	MAOA
Almotriptan	substrate_of	FMO3
Almotriptan	substrate_of	CYP2C19
Almotriptan	substrate_of	CYP2E1
Almotriptan	substrate_of	CYP2C8
Almotriptan	activates	HTR1D
Almotriptan	activates	HTR1B
Ketotifen	substrate_of	UGT1A3
Ketotifen	substrate_of	UGT1A4
Ketotifen	substrate_of	UGT2B10
Ketotifen	inhibits	HRH1
Ketotifen	inhibits	PGD
Buprenorphine	substrate_of	CYP3A4
Buprenorphine	inhibits	CYP3A4
Buprenorphine	substrate_of	CYP3A5
Buprenorphine	substrate_of	CYP2C9
Buprenorphine	substrate_of	CYP2C8
Buprenorphine	substrate_of	CYP3A7
Buprenorphine	substrate_of	CYP2D6
Buprenorphine	inhibits	CYP2D6
Buprenorphine	substrate_of	CYP2C18
Buprenorphine	inhibits	CYP2C19
Buprenorphine	inhibits	OPRK1
Buprenorphine	activates	OPRM1
Buprenorphine	inhibits	OPRD1
Buprenorphine	activates	OPRL1
Buprenorphine	inhibits	ABCB1
Buprenorphine	inhibits	ABCG2
Cyclobenzaprine	substrate_of	CYP3A4
Cyclobenzaprine	substrate_of	CYP1A2
Cyclobenzaprine	substrate_of	CYP2D6
Cyclobenzaprine	substrate_of	UGT1A4
Cyclobenzaprine	substrate_of	UGT2B10
Cyclobenzaprine	inhibits	HTR2A
Cyclobenzaprine	inhibits	ADRA2C
Cyclobenzaprine	inhibits	HTR2B
Cyclobenzaprine	inhibits	HTR2C
Cyclobenzaprine	inhibits	HTR6
Cyclobenzaprine	inhibits	SLC6A4
Cyclobenzaprine	inhibits	SLC6A2
Cyclobenzaprine	inhibits	HTR7
Cyclobenzaprine	inhibits	TLR4
Cyclobenzaprine	inhibits	AOX1
Cyclobenzaprine	substrate_of	ALB
Etretinate	inhibits	CYP19A1
Etretinate	activates	RARA
Etretinate	activates	RXRA
Etretinate	activates	RARB
Etretinate	activates	RXRG
Etretinate	activates	RXRB
Etretinate	activates	RARG
Etretinate	binds	CRABP1
Famotidine	inhibits	CYP1A2
Famotidine	inhibits	HRH2
Famotidine	substrate_of	SLC22A6
Famotidine	substrate_of	SLC22A8
Famotidine	inhibits	SLC22A8
Famotidine	inhibits	SLC22A2
Famotidine	inhibits	SLC47A1
Misoprostol	activates	PTGER3
Misoprostol	activates	PTGER2
Misoprostol	activates	PTGER1
Misoprostol	inhibits	PTGIR
Misoprostol	activates	PTGER4
Tipranavir	substrate_of	CYP2C19
Tipranavir	inhibits	CYP2C19
Tipranavir	induces	UGT1A1
Tipranavir	substrate_of	CYP3A4
Tipranavir	inhibits	CYP3A4
Tipranavir	substrate_of	CYP2D6
Tipranavir	inhibits	CYP2D6
Tipranavir	inhibits	pol
Tipranavir	modulates	gag-pol
Tipranavir	substrate_of	ABCB11
Tipranavir	inhibits	ABCB11
Tipranavir	inhibits	SLCO2B1
Tipranavir	inhibits	SLCO1B1
Tipranavir	inhibits	SLCO1B3
Tipranavir	substrate_of	ABCB1
Tipranavir	inhibits	ABCB1
Tipranavir	induces	ABCB1
Mesoridazine	substrate_of	CYP2D6
Mesoridazine	inhibits	DRD2
Mesoridazine	inhibits	HTR2A
Maprotiline	substrate_of	CYP1A2
Maprotiline	substrate_of	CYP2D6
Maprotiline	inhibits	SLC6A2
Maprotiline	inhibits	HRH1
Maprotiline	inhibits	CHRM1
Maprotiline	inhibits	CHRM2
Maprotiline	inhibits	CHRM3
Maprotiline	inhibits	CHRM4
Maprotiline	inhibits	CHRM5
Maprotiline	inhibits	ADRA1A
Maprotiline	binds	HTR2A
Maprotiline	binds	HTR2C
Maprotiline	inhibits	HTR7
Maprotiline	binds	DRD2
Maprotiline	inhibits	ADRA2A
Maprotiline	binds	ORM1
Diethylpropion	inhibits	SLC6A2
Diethylpropion	inhibits	SLC6A3
Diethylpropion	inhibits	SLC6A4
Meclofenamic acid	inhibits	PTGS1
Meclofenamic acid	inhibits	PTGS2
Meclofenamic acid	inhibits	ALOX5
Meclofenamic acid	binds	KCNQ2
Meclofenamic acid	binds	KCNQ3
Meclofenamic acid	inhibits	SLC22A6
Meclofenamic acid	inhibits	SLCO1C1
Meclofenamic acid	substrate_of	SERPINA7
Zalcitabine	substrate_of	DCK
Zalcitabine	inhibits	pol
Zalcitabine	inhibits	gag-pol
Zalcitabine	substrate_of	SLC22A6
Zalcitabine	substrate_of	SLC22A7
Zalcitabine	binds	SLC29A1
Zalcitabine	binds	SLC29A2
Zalcitabine	binds	ALB
Acetylsalicylic acid	induces	CYP2C19
Acetylsalicylic acid	substrate_of	CYP2C9
Acetylsalicylic acid	substrate_of	UGT1A6
Acetylsalicylic acid	substrate_of	NAT2
Acetylsalicylic acid	inhibits	PTGS1
Acetylsalicylic acid	inhibits	PTGS2
Acetylsalicylic acid	inhibits	HMGCR
Acetylsalicylic acid	inhibits	AKR1C1
Acetylsalicylic acid	activates	PRKAA1
Acetylsalicylic acid	inhibits	EDNRA
Acetylsalicylic acid	induces	TP53
Acetylsalicylic acid	inhibits	HSPA5
Acetylsalicylic acid	binds	HSPA5
Acetylsalicylic acid	inhibits	RPS6KA3
Acetylsalicylic acid	inhibits	NFKBIA
Acetylsalicylic acid	inhibits	TNFAIP6
Acetylsalicylic acid	binds	TNFAIP6
Acetylsalicylic acid	inhibits	CASP1
Acetylsalicylic acid	binds	CASP1
Acetylsalicylic acid	inhibits	CASP3
Acetylsalicylic acid	binds	CASP3
Acetylsalicylic acid	binds	CCND1
Acetylsalicylic acid	binds	MYC
Acetylsalicylic acid	binds	PCNA
Acetylsalicylic acid	inhibits	NEU1
Acetylsalicylic acid	inhibits	SLC22A6
Acetylsalicylic acid	substrate_of	ABCB1
Acetylsalicylic acid	induces	ABCB1
Acetylsalicylic acid	modulates	ABCB1
Acetylsalicylic acid	inhibits	SLC22A8
Phenprocoumon	substrate_of	CYP2C8
Phenprocoumon	substrate_of	CYP2C9
Phenprocoumon	substrate_of	CYP3A4
Phenprocoumon	inhibits	VKORC1
Phenprocoumon	binds	ALB
Phenprocoumon	binds	ORM1
Felbamate	substrate_of	CYP2E1
Felbamate	inhibits	CYP2C9
Felbamate	inhibits	CYP2C19
Felbamate	substrate_of	CYP3A4
Felbamate	induces	CYP3A4
Felbamate	inhibits	GRIN2B
Felbamate	inhibits	GRIN2A
Fexofenadine	inhibits	HRH1
Fexofenadine	substrate_of	ABCB1
Fexofenadine	substrate_of	SLCO1B1
Fexofenadine	substrate_of	SLCO1B3
Fexofenadine	substrate_of	SLCO2B1
Fexofenadine	substrate_of	SLCO1A2
Fexofenadine	substrate_of	ABCC2
Fexofenadine	substrate_of	ABCC3
Fexofenadine	substrate_of	SLC22A8
Fexofenadine	substrate_of	ALB
Fexofenadine	substrate_of	ORM1
Isoniazid	substrate_of	NAT2
Isoniazid	inhibits	nat
Isoniazid	inhibits	CYP2A6
Isoniazid	inhibits	CYP2C8
Isoniazid	substrate_of	CYP2E1
Isoniazid	inhibits	CYP2E1
Isoniazid	induces	CYP2E1
Isoniazid	inhibits	CYP1A2
Isoniazid	inhibits	CYP2C9
Isoniazid	inhibits	CYP2D6
Isoniazid	inhibits	CYP2C19
Isoniazid	inhibits	CYP3A4
Isoniazid	binds	katG
Isoniazid	binds	inhA
Isoniazid	binds	folA
Isoniazid	binds	ALB
Naratriptan	substrate_of	MAOA
Naratriptan	activates	HTR1A
Naratriptan	activates	HTR1D
Naratriptan	activates	HTR1B
Naratriptan	activates	HTR1F
Rizatriptan	substrate_of	MAOA
Rizatriptan	inhibits	CYP2D6
Rizatriptan	activates	HTR1B
Rizatriptan	activates	HTR1D
Rizatriptan	activates	HTR1F
Rizatriptan	activates	HTR7
Rizatriptan	activates	HTR1A
Rizatriptan	activates	HTR1E
Hydrocodone	substrate_of	CYP2D6
Hydrocodone	substrate_of	CYP3A4
Hydrocodone	substrate_of	CYP2B6
Hydrocodone	substrate_of	CYP2C19
Hydrocodone	activates	OPRM1
Hydrocodone	activates	OPRD1
Hydrocodone	binds	SIGMAR1
Norgestimate	substrate_of	CYP3A4
Norgestimate	induces	CYP3A4
Norgestimate	substrate_of	CYP2B6
Norgestimate	substrate_of	CYP2C9
Norgestimate	substrate_of	UGT1A1
Norgestimate	activates	PGR
Norgestimate	activates	ESR1
Norgestimate	activates	AR
Norgestimate	inhibits	ABCC2
Norgestimate	inhibits	ABCB1
Norgestimate	binds	ALB
Norgestimate	binds	SHBG
Carboplatin	induces	XDH
Carboplatin	substrate_of	MPO
Carboplatin	substrate_of	GSTT1
Carboplatin	substrate_of	MT1A
Carboplatin	substrate_of	MT2A
Carboplatin	inhibits	SOD1
Carboplatin	substrate_of	GSTP1
Carboplatin	substrate_of	GSTM1
Carboplatin	substrate_of	NQO1
Carboplatin	substrate_of	SLC31A1
Carboplatin	substrate_of	SLC31A2
Carboplatin	substrate_of	ATP7A
Carboplatin	substrate_of	ATP7B
Carboplatin	substrate_of	ABCG2
Carboplatin	substrate_of	ABCC2
Methylprednisolone	substrate_of	AKR1C1
Methylprednisolone	binds	HSD11B1
Methylprednisolone	substrate_of	CYP3A4
Methylprednisolone	induces	CYP3A4
Methylprednisolone	induces	CYP2A6
Methylprednisolone	induces	CYP1B1
Methylprednisolone	induces	CYP2B6
Methylprednisolone	induces	CYP2C8
Methylprednisolone	induces	CYP2C19
Methylprednisolone	induces	CYP2C9
Methylprednisolone	activates	NR3C1
Methylprednisolone	activates	ANXA1
Methylprednisolone	substrate_of	ABCB1
Methylprednisolone	induces	ABCB1
Methylprednisolone	binds	ALB
Pindolol	substrate_of	UGT1A1
Pindolol	substrate_of	SULT1A1
Pindolol	substrate_of	CYP2D6
Pindolol	inhibits	CYP2D6
Pindolol	activates	ADRB1
Pindolol	activates	ADRB2
Pindolol	activates	ADRB3
Pindolol	inhibits	HTR1A
Pindolol	inhibits	HTR1B
Pindolol	substrate_of	SLC22A2
Pindolol	binds	ORM1
Zaleplon	substrate_of	CYP3A4
Zaleplon	substrate_of	CYP3A5
Zaleplon	substrate_of	CYP3A7
Zaleplon	substrate_of	AOX1
Zaleplon	binds	GABRA1
Telmisartan	inhibits	CYP2C19
Telmisartan	substrate_of	UGT1A3
Telmisartan	activates	PPARG
Telmisartan	inhibits	AGTR1
Telmisartan	inhibits	ABCB1
Telmisartan	inhibits	ABCC2
Telmisartan	inhibits	ABCG2
Telmisartan	substrate_of	ABCB11
Desloratadine	inhibits	HRH1
Desloratadine	inhibits	ABCB1
Methyldopa	substrate_of	COMT
Methyldopa	substrate_of	DDC
Methyldopa	substrate_of	SULT1A1
Methyldopa	substrate_of	DBH
Methyldopa	substrate_of	PNMT
Methyldopa	inhibits	DDC
Methyldopa	activates	ADRA2A
Methyldopa	activates	DRD2
Methyldopa	inhibits	SLC15A1
Methyldopa	binds	ALB
Alosetron	substrate_of	CYP1A2
Alosetron	inhibits	CYP1A2
Alosetron	substrate_of	CYP3A4
Alosetron	substrate_of	CYP2C9
Alosetron	inhibits	CYP2E1
Alosetron	inhibits	HTR3A
Alosetron	inhibits	HTR3B
Azelastine	substrate_of	CYP3A4
Azelastine	inhibits	CYP3A4
Azelastine	substrate_of	CYP2D6
Azelastine	inhibits	CYP2D6
Azelastine	substrate_of	CYP1A2
Azelastine	substrate_of	CYP2C19
Azelastine	inhibits	CYP2C19
Azelastine	substrate_of	CYP1A1
Azelastine	inhibits	CYP1A1
Azelastine	substrate_of	CYP3A5
Azelastine	substrate_of	CYP2C9
Azelastine	inhibits	CYP2C9
Azelastine	substrate_of	CYP2C8
Azelastine	substrate_of	CYP2A6
Azelastine	inhibits	CYP2A6
Azelastine	inhibits	CYP2E1
Azelastine	inhibits	CYP2B6
Azelastine	inhibits	HRH1
Azelastine	inhibits	HRH2
Azelastine	inhibits	PLA2G1B
Azelastine	inhibits	LTC4S
Azelastine	inhibits	ABCB1
Ezetimibe	substrate_of	UGT1A3
Ezetimibe	substrate_of	UGT2B15
Ezetimibe	substrate_of	UGT2B7
Ezetimibe	inhibits	CYP3A4
Ezetimibe	inhibits	CYP2C8
Ezetimibe	substrate_of	UGT1A1
Ezetimibe	inhibits	NPC1L1
Ezetimibe	inhibits	SOAT1
Ezetimibe	binds	ANPEP
Ezetimibe	substrate_of	ABCB1
Ezetimibe	substrate_of	ABCC2
Ezetimibe	substrate_of	ABCC3
Ezetimibe	substrate_of	SLCO1B1
Ezetimibe	substrate_of	ABCG2
Ezetimibe	substrate_of	ABCB11
Edetic acid	inhibits	ADA
Edetic acid	inhibits	PON3
Edetic acid	substrate_of	CYP19A1
Dipyridamole	inhibits	PDE10A
Dipyridamole	inhibits	PDE5A
Dipyridamole	inhibits	PDE4A
Dipyridamole	inhibits	ADA
Dipyridamole	inhibits	RCAN1
Dipyridamole	binds	ORM1
Dipyridamole	inhibits	ABCC4
Dipyridamole	inhibits	ABCC5
Dipyridamole	substrate_of	ABCB1
Dipyridamole	inhibits	ABCB1
Dipyridamole	inhibits	SLCO1B1
Dipyridamole	inhibits	SLCO1B3
Dipyridamole	inhibits	SLCO2B1
Dipyridamole	substrate_of	ABCB11
Telithromycin	substrate_of	CYP3A4
Telithromycin	inhibits	CYP3A4
Telithromycin	inhibits	SLCO1B1
Telithromycin	inhibits	SLCO1B3
Ethinylestradiol	substrate_of	CYP3A4
Ethinylestradiol	substrate_of	CYP2C8
Ethinylestradiol	inhibits	CYP2C8
Ethinylestradiol	substrate_of	CYP2C9
Ethinylestradiol	substrate_of	CYP1A2
Ethinylestradiol	substrate_of	CYP3A5
Ethinylestradiol	substrate_of	UGT1A4
Ethinylestradiol	binds	UGT1A3
Ethinylestradiol	substrate_of	UGT1A1
Ethinylestradiol	induces	UGT1A1
Ethinylestradiol	substrate_of	UGT1A9
Ethinylestradiol	substrate_of	UGT2B7
Ethinylestradiol	substrate_of	SULT1A3
Ethinylestradiol	substrate_of	SULT1E1
Ethinylestradiol	substrate_of	COMT
Ethinylestradiol	inhibits	CYP2C19
Ethinylestradiol	activates	ESR1
Ethinylestradiol	activates	NR1I2
Ethinylestradiol	inhibits	ABCB11
Ethinylestradiol	inhibits	SLC10A1
Ethinylestradiol	inhibits	ABCC2
Ethinylestradiol	induces	ABCC2
Ethinylestradiol	substrate_of	ABCB1
Ethinylestradiol	inhibits	SLCO1A2
Ethinylestradiol	binds	ALB
Ethinylestradiol	binds	SHBG
Lomefloxacin	substrate_of	CYP1A2
Lomefloxacin	inhibits	CYP1A2
Lomefloxacin	inhibits	gyrA
Lomefloxacin	inhibits	parC
Lomefloxacin	inhibits	TOP2A
Lomefloxacin	inhibits	TOP2B
Lomefloxacin	inhibits	SLC22A5
Lomefloxacin	inhibits	ABCC2
Ramelteon	substrate_of	CYP2C19
Ramelteon	substrate_of	CYP3A4
Ramelteon	substrate_of	CYP2C9
Ramelteon	substrate_of	CYP1A2
Ramelteon	binds	MTNR1B
Ramelteon	binds	MTNR1A
Isotretinoin	substrate_of	CYP3A4
Isotretinoin	activates	RARG
Isotretinoin	activates	RARA
Isotretinoin	binds	ALB
Dimenhydrinate	inhibits	HRH1
Glycopyrronium	substrate_of	CYP2D6
Glycopyrronium	substrate_of	CYP1A2
Glycopyrronium	substrate_of	CYP2B6
Glycopyrronium	binds	CYP2C9
Glycopyrronium	substrate_of	CYP2C18
Glycopyrronium	substrate_of	CYP2C19
Glycopyrronium	substrate_of	CYP3A4
Glycopyrronium	inhibits	CHRM1
Glycopyrronium	inhibits	CHRM3
Glycopyrronium	inhibits	CHRM2
Glycopyrronium	inhibits	CHRM4
Glycopyrronium	inhibits	CHRM5
Glycopyrronium	substrate_of	SLC22A2
Glycopyrronium	substrate_of	SLC47A1
Glycopyrronium	binds	ALB
Glycopyrronium	binds	ORM1
Rivastigmine	inhibits	ACHE
Rivastigmine	inhibits	BCHE
Exemestane	inhibits	CYP19A1
Exemestane	substrate_of	CYP3A4
Oxaprozin	inhibits	PTGS1
Oxaprozin	inhibits	PTGS2
Azathioprine	substrate_of	HPRT1
Azathioprine	substrate_of	NUDT15
Azathioprine	substrate_of	XDH
Azathioprine	substrate_of	TPMT
Azathioprine	substrate_of	GSTA1
Azathioprine	substrate_of	GSTA2
Azathioprine	substrate_of	GSTM1
Azathioprine	substrate_of	IMPDH1
Azathioprine	substrate_of	IMPDH2
Azathioprine	substrate_of	GMPS
Azathioprine	substrate_of	ITPA
Azathioprine	substrate_of	CYP1A2
Azathioprine	inhibits	PPAT
Azathioprine	modulates	RAC1
Azathioprine	substrate_of	SLC29A2
Azathioprine	substrate_of	SLC28A3
Azathioprine	substrate_of	ABCB1
Azathioprine	substrate_of	SLC43A3
Azathioprine	binds	ALB
Auranofin	inhibits	PRDX5
Auranofin	inhibits	IKBKB
Auranofin	modulates	ESRRG
Auranofin	modulates	ESRRB
Auranofin	modulates	ESRRA
Auranofin	binds	ALB
Gabapentin	inhibits	BCAT1
Gabapentin	inhibits	CACNA2D1
Gabapentin	inhibits	GABBR2
Gabapentin	inhibits	GABBR1
Gabapentin	inhibits	CACNA2D2
Gabapentin	activates	ADORA1
Gabapentin	activates	KCNQ3
Gabapentin	activates	KCNQ5
Gabapentin	substrate_of	SLC7A5
Doxorubicin	substrate_of	AKR1A1
Doxorubicin	substrate_of	AKR1B1
Doxorubicin	substrate_of	AKR1C3
Doxorubicin	substrate_of	AKR1C4
Doxorubicin	substrate_of	AKR1B10
Doxorubicin	substrate_of	CBR1
Doxorubicin	substrate_of	CBR3
Doxorubicin	inhibits	CYP1B1
Doxorubicin	induces	CYP1B1
Doxorubicin	inhibits	CYP2B6
Doxorubicin	substrate_of	CYP2D6
Doxorubicin	inhibits	CYP2D6
Doxorubicin	substrate_of	CYP3A4
Doxorubicin	inhibits	CYP3A4
Doxorubicin	substrate_of	POR
Doxorubicin	substrate_of	NQO1
Doxorubicin	substrate_of	NDUFS2
Doxorubicin	substrate_of	NDUFS3
Doxorubicin	substrate_of	NDUFS7
Doxorubicin	substrate_of	NOS1
Doxorubicin	substrate_of	NOS3
Doxorubicin	substrate_of	NOS2
Doxorubicin	substrate_of	XDH
Doxorubicin	inhibits	TOP2A
Doxorubicin	inhibits	TOP2B
Doxorubicin	inhibits	TOP1
Doxorubicin	binds	TERT
Doxorubicin	inhibits	NOLC1
Doxorubicin	substrate_of	ABCB1
Doxorubicin	inhibits	ABCB1
Doxorubicin	induces	ABCB1
Doxorubicin	substrate_of	ABCC1
Doxorubicin	inhibits	ABCC1
Doxorubicin	inhibits	ABCC3
Doxorubicin	substrate_of	ABCC6
Doxorubicin	inhibits	ABCC6
Doxorubicin	substrate_of	ABCG2
Doxorubicin	substrate_of	SLC22A16
Doxorubicin	inhibits	ABCC10
Doxorubicin	substrate_of	ABCB8
Doxorubicin	substrate_of	ABCB11
Doxorubicin	substrate_of	RALBP1
Doxorubicin	substrate_of	ABCC2
Doxorubicin	binds	ALB
Frovatriptan	substrate_of	CYP1A2
Frovatriptan	activates	HTR1D
Frovatriptan	activates	HTR1B
Hydrochlorothiazide	inhibits	SLC12A3
Hydrochlorothiazide	inhibits	KCNMA1
Hydrochlorothiazide	modulates	ACE
Hydrochlorothiazide	substrate_of	SLC22A6
Hydrochlorothiazide	inhibits	SLC22A6
Hydrochlorothiazide	substrate_of	SLC22A8
Hydrochlorothiazide	substrate_of	SLC22A11
Hydrochlorothiazide	substrate_of	ABCC4
Hydrochlorothiazide	binds	ALB
Cromoglicic acid	inhibits	HSP90AA1
Cromoglicic acid	inhibits	S100P
Ganciclovir	substrate_of	TK
Ganciclovir	substrate_of	SLC22A1
Ganciclovir	inhibits	SLC22A1
Ganciclovir	inhibits	SLC22A6
Ganciclovir	inhibits	SLC22A8
Ganciclovir	inhibits	SLC22A7
Ganciclovir	substrate_of	SLC47A1
Ganciclovir	substrate_of	SLC47A2
Hydroxyurea	substrate_of	ureC
Hydroxyurea	inhibits	RRM1
Hydroxyurea	modulates	RRM2
Hydroxyurea	substrate_of	SLCO1A2
Hydroxyurea	substrate_of	SLCO1B1
Hydroxyurea	binds	SLCO1B3
Hydroxyurea	substrate_of	SLC14A2
Hydroxyurea	substrate_of	SLC14A1
Hydroxyurea	substrate_of	SLC22A4
Hydroxyurea	substrate_of	SLC22A5
Hydroxyurea	binds	ALB
Letrozole	inhibits	CYP2C19
Letrozole	substrate_of	UGT2B7
Letrozole	substrate_of	CYP3A4
Letrozole	substrate_of	CYP2A6
Letrozole	inhibits	CYP2A6
Letrozole	inhibits	CYP19A1
Letrozole	substrate_of	ABCB1
Letrozole	binds	ALB
Busulfan	substrate_of	GSTM1
Busulfan	substrate_of	GSTP1
Busulfan	substrate_of	MGST2
Busulfan	substrate_of	CYP3A4
Busulfan	substrate_of	GSTA2
Busulfan	substrate_of	GSTA1
Ketoprofen	substrate_of	CYP2C9
Ketoprofen	inhibits	CYP2C9
Ketoprofen	inhibits	CYP2C8
Ketoprofen	substrate_of	UGT1A1
Ketoprofen	inhibits	PTGS2
Ketoprofen	inhibits	PTGS1
Ketoprofen	binds	CXCR1
Ketoprofen	inhibits	ABCC4
Ketoprofen	inhibits	SLCO1A2
Ketoprofen	inhibits	SLC22A6
Ketoprofen	inhibits	SLC22A8
Ketoprofen	inhibits	SLC22A11
Ketoprofen	inhibits	SLC22A7
Ketoprofen	binds	ALB
Metyrapone	inhibits	CYP11B1
Metyrapone	inhibits	CYP2E1
Metyrapone	inhibits	CYP11B2
Metyrapone	inhibits	CYP2A6
Metyrapone	inhibits	CYP3A4
Metyrapone	induces	CYP3A4
Metyrapone	binds	camC
Metyrapone	induces	ABCC3
Cinacalcet	substrate_of	CYP3A4
Cinacalcet	inhibits	CYP2D6
Cinacalcet	substrate_of	CYP1A2
Cinacalcet	activates	CASR
Balsalazide	substrate_of	azr
Balsalazide	activates	PPARG
Balsalazide	inhibits	PTGS2
Balsalazide	inhibits	PTGS1
Balsalazide	inhibits	ALOX5
Glyburide	substrate_of	CYP3A4
Glyburide	inhibits	CYP3A4
Glyburide	substrate_of	CYP2C9
Glyburide	inhibits	CYP2C9
Glyburide	substrate_of	CYP2C19
Glyburide	substrate_of	CYP3A7
Glyburide	substrate_of	CYP3A5
Glyburide	binds	ABCC8
Glyburide	modulates	ABCC8
Glyburide	modulates	ABCC9
Glyburide	inhibits	ABCB11
Glyburide	inhibits	ABCA1
Glyburide	inhibits	KCNJ11
Glyburide	inhibits	CPT1A
Glyburide	inhibits	CFTR
Glyburide	inhibits	TRPM4
Glyburide	inhibits	ABCC3
Glyburide	substrate_of	ABCB11
Glyburide	inhibits	ABCB1
Glyburide	inhibits	ABCC1
Glyburide	inhibits	SLC15A1
Glyburide	inhibits	SLCO1A2
Glyburide	inhibits	SLC15A2
Glyburide	inhibits	SLC22A6
Glyburide	inhibits	ABCC2
Glyburide	substrate_of	ABCG2
Glyburide	inhibits	SLC22A7
Glyburide	substrate_of	SLCO2B1
Glyburide	binds	ALB
Minocycline	inhibits	rpsI
Minocycline	inhibits	rpsD
Minocycline	modulates	IL1B
Minocycline	inhibits	ALOX5
Minocycline	inhibits	MMP9
Minocycline	inhibits	VEGFA
Minocycline	modulates	CASP1
Minocycline	modulates	CASP3
Minocycline	modulates	CYCS
Minocycline	inhibits	MAPK1
Minocycline	inhibits	NOS2
Minocycline	substrate_of	ompF
Minocycline	substrate_of	ompC
Minocycline	inhibits	SLC22A6
Minocycline	inhibits	SLC22A7
Guanfacine	substrate_of	CYP2C19
Guanfacine	substrate_of	CYP3A4
Guanfacine	activates	ADRA2A
Guanfacine	binds	ADRA2B
Guanfacine	inhibits	SLC47A1
Guanfacine	substrate_of	SLC22A1
Guanfacine	inhibits	SLC22A1
Guanfacine	substrate_of	SLC22A2
Bethanechol	activates	CHRM3
Bethanechol	activates	CHRM5
Bethanechol	activates	CHRM1
Bethanechol	activates	CHRM2
Bethanechol	activates	CHRM4
Isosorbide mononitrate	substrate_of	GSTM1
Isosorbide mononitrate	substrate_of	XDH
Isosorbide mononitrate	substrate_of	ADH5
Isosorbide mononitrate	activates	GUCY1A2
Felodipine	substrate_of	CYP3A4
Felodipine	substrate_of	CYP3A5
Felodipine	substrate_of	CYP3A7
Felodipine	inhibits	CYP2C8
Felodipine	inhibits	CYP2C9
Felodipine	inhibits	CYP2D6
Felodipine	inhibits	CACNA1C
Felodipine	inhibits	CACNA2D1
Felodipine	inhibits	CACNB2
Felodipine	inhibits	CACNA1D
Felodipine	inhibits	CACNA1S
Felodipine	inhibits	CACNA1H
Felodipine	inhibits	CACNA2D2
Felodipine	inhibits	PDE1B
Felodipine	inhibits	PDE1A
Felodipine	inhibits	NR3C2
Felodipine	binds	TNNC2
Felodipine	binds	TNNC1
Felodipine	binds	CALM1
Felodipine	inhibits	ABCB1
Felodipine	substrate_of	ABCB11
Mycophenolic acid	substrate_of	UGT2B7
Mycophenolic acid	substrate_of	UGT1A8
Mycophenolic acid	substrate_of	UGT1A9
Mycophenolic acid	substrate_of	UGT1A1
Mycophenolic acid	substrate_of	UGT1A7
Mycophenolic acid	substrate_of	UGT1A10
Mycophenolic acid	substrate_of	UGT1A6
Mycophenolic acid	substrate_of	CYP3A4
Mycophenolic acid	substrate_of	CYP3A5
Mycophenolic acid	substrate_of	CYP2C8
Mycophenolic acid	inhibits	IMPDH2
Mycophenolic acid	inhibits	IMPDH1
Mycophenolic acid	binds	ALB
Ketoconazole	substrate_of	CYP3A4
Ketoconazole	inhibits	CYP3A4
Ketoconazole	inhibits	CYP3A5
Ketoconazole	inhibits	CYP2C19
Ketoconazole	inhibits	CYP1A1
Ketoconazole	induces	CYP1A1
Ketoconazole	inhibits	CYP1A2
Ketoconazole	inhibits	CYP2A6
Ketoconazole	inhibits	CYP1B1
Ketoconazole	inhibits	CYP2B6
Ketoconazole	inhibits	CYP2C8
Ketoconazole	inhibits	CYP2C9
Ketoconazole	inhibits	CYP2D6
Ketoconazole	inhibits	CYP11B1
Ketoconazole	inhibits	UGT1A1
Ketoconazole	inhibits	UGT1A7
Ketoconazole	inhibits	UGT2B7
Ketoconazole	inhibits	CYP4F12
Ketoconazole	inhibits	CYP19A1
Ketoconazole	inhibits	CYP4F2
Ketoconazole	inhibits	ERG11
Ketoconazole	inhibits	CYP17A1
Ketoconazole	binds	AR
Ketoconazole	inhibits	CYP21A2
Ketoconazole	inhibits	KCNH2
Ketoconazole	inhibits	NR1I2
Ketoconazole	inhibits	NR1I3
Ketoconazole	inhibits	ABCB1
Ketoconazole	inhibits	SLCO1B1
Ketoconazole	inhibits	ABCB11
Ketoconazole	binds	ALB
Ketoconazole	binds	SHBG
Methoxyflurane	substrate_of	CYP1A2
Methoxyflurane	substrate_of	CYP2A6
Methoxyflurane	substrate_of	CYP2B6
Methoxyflurane	substrate_of	CYP2C9
Methoxyflurane	substrate_of	CYP2D6
Methoxyflurane	substrate_of	CYP3A4
Methoxyflurane	substrate_of	CYP2E1
Methoxyflurane	activates	GABRA1
Methoxyflurane	inhibits	GRIA1
Methoxyflurane	activates	GLRA1
Methoxyflurane	induces	KCNA1
Methoxyflurane	modulates	GABRA1
Methoxyflurane	inhibits	ATP2C1
Methoxyflurane	binds	MT-ND1
Irbesartan	substrate_of	UGT1A3
Irbesartan	substrate_of	PTGS1
Irbesartan	inhibits	CYP3A4
Irbesartan	substrate_of	CYP2C9
Irbesartan	substrate_of	CYP2C8
Irbesartan	inhibits	CYP2C8
Irbesartan	inhibits	AGTR1
Irbesartan	binds	JUN
Irbesartan	binds	ALB
Irbesartan	binds	ORM1
Topotecan	inhibits	TOP1
Topotecan	inhibits	TOP1MT
Topotecan	substrate_of	ABCG2
Topotecan	substrate_of	ABCB1
Topotecan	substrate_of	SLC47A1
Topotecan	inhibits	SLC47A1
Topotecan	substrate_of	SLC47A2
Probenecid	induces	CYP2C8
Probenecid	induces	CYP3A4
Probenecid	inhibits	UGT1A1
Probenecid	inhibits	CYP2C9
Probenecid	inhibits	SLC22A6
Probenecid	inhibits	SLC22A11
Probenecid	inhibits	SLC22A8
Probenecid	inhibits	TAS2R16
Probenecid	inhibits	PANX1
Probenecid	inhibits	SLC22A2
Probenecid	inhibits	SLC22A1
Probenecid	inhibits	ABCC3
Probenecid	inhibits	ABCC4
Probenecid	inhibits	ABCC5
Probenecid	inhibits	SLC16A7
Probenecid	inhibits	SLC22A5
Probenecid	inhibits	ABCC6
Probenecid	inhibits	ABCC1
Probenecid	inhibits	SLCO1A2
Probenecid	inhibits	SLC16A1
Probenecid	inhibits	SLC10A1
Probenecid	substrate_of	SLC22A6
Probenecid	inhibits	SLC22A10
Probenecid	substrate_of	ABCC2
Probenecid	inhibits	ABCC2
Probenecid	inhibits	ABCC11
Probenecid	inhibits	SLCO1C1
Probenecid	inhibits	SLC22A7
Probenecid	inhibits	SLC22A12
Probenecid	inhibits	SLC2A9
Probenecid	binds	ALB
Mercaptopurine	substrate_of	AOX1
Mercaptopurine	substrate_of	TPMT
Mercaptopurine	substrate_of	XDH
Mercaptopurine	inhibits	HPRT1
Mercaptopurine	inhibits	IMPDH1
Mercaptopurine	inhibits	PPAT
Mercaptopurine	substrate_of	SLC22A8
Mercaptopurine	inhibits	SLC22A8
Mercaptopurine	substrate_of	ABCC4
Mercaptopurine	substrate_of	ABCC5
Mercaptopurine	substrate_of	SLC28A2
Mercaptopurine	substrate_of	SLC28A3
Mercaptopurine	substrate_of	SLC29A1
Mercaptopurine	substrate_of	SLC29A2
Procainamide	substrate_of	CYP2D6
Procainamide	inhibits	BCHE
Procainamide	inhibits	KCNH2
Procainamide	inhibits	SCN5A
Procainamide	binds	DNMT1
Procainamide	inhibits	SLC22A2
Procainamide	inhibits	SLC22A1
Procainamide	inhibits	SLC22A3
Procainamide	inhibits	SLC22A5
Procainamide	inhibits	SLC22A4
Procainamide	substrate_of	SLC47A1
Procainamide	substrate_of	SLC47A2
Tolterodine	substrate_of	CYP2C9
Tolterodine	substrate_of	CYP2C19
Tolterodine	substrate_of	CYP2D6
Tolterodine	substrate_of	CYP3A4
Tolterodine	inhibits	CHRM3
Tolterodine	inhibits	CHRM2
Tolterodine	inhibits	CHRM5
Tolterodine	inhibits	CHRM1
Tolterodine	inhibits	CHRM4
Selegiline	substrate_of	CYP2B6
Selegiline	inhibits	CYP2B6
Selegiline	substrate_of	CYP3A4
Selegiline	substrate_of	CYP2A6
Selegiline	inhibits	CYP2A6
Selegiline	substrate_of	CYP1A2
Selegiline	inhibits	CYP1A2
Selegiline	substrate_of	CYP2C19
Selegiline	substrate_of	CYP2C8
Selegiline	substrate_of	CYP2C9
Selegiline	substrate_of	CYP2D6
Selegiline	inhibits	CYP2D6
Selegiline	inhibits	MAOB
Selegiline	inhibits	TACR1
Selegiline	inhibits	MAOA
Selegiline	inhibits	ABCB1
Fenofibrate	substrate_of	UGT1A9
Fenofibrate	substrate_of	CES1
Fenofibrate	substrate_of	CBR1
Fenofibrate	inhibits	CYP2C8
Fenofibrate	inhibits	CYP2C19
Fenofibrate	inhibits	CYP2A6
Fenofibrate	substrate_of	AKR1C1
Fenofibrate	substrate_of	AKR1C2
Fenofibrate	substrate_of	AKR1C3
Fenofibrate	substrate_of	AKR1B1
Fenofibrate	inhibits	CYP2C9
Fenofibrate	activates	PPARA
Fenofibrate	activates	NR1I2
Fenofibrate	inhibits	MMP25
Fenofibrate	substrate_of	ABCB11
Fenofibrate	binds	ALB
Thalidomide	substrate_of	CYP1A1
Thalidomide	substrate_of	CYP2B6
Thalidomide	induces	CYP2B6
Thalidomide	substrate_of	CYP2C9
Thalidomide	substrate_of	CYP3A4
Thalidomide	induces	CYP3A4
Thalidomide	substrate_of	CYP2C19
Thalidomide	inhibits	CYP2C19
Thalidomide	substrate_of	CYP3A5
Thalidomide	induces	CYP3A5
Thalidomide	substrate_of	PTGS1
Thalidomide	substrate_of	PTGS2
Thalidomide	inhibits	CRBN
Thalidomide	binds	ORM1
Thalidomide	inhibits	TNF
Memantine	inhibits	CYP2A6
Memantine	inhibits	CYP2C19
Memantine	inhibits	CYP2B6
Memantine	inhibits	GRIN1
Memantine	inhibits	HTR3A
Memantine	inhibits	CHRNA7
Memantine	inhibits	DRD2
Memantine	activates	DRD2
Memantine	binds	GRIN1
Memantine	binds	GABRA1
Memantine	substrate_of	SLC22A2
Memantine	binds	SLC9A1
Memantine	binds	SLC22A4
Memantine	binds	SLC47A1
Gatifloxacin	inhibits	CYP1A2
Gatifloxacin	inhibits	gyrA
Gatifloxacin	inhibits	gyrB
Gatifloxacin	inhibits	parC
Gatifloxacin	inhibits	parE
Gatifloxacin	binds	ALB
Rifampin	induces	UGT1A1
Rifampin	inhibits	UGT1A9
Rifampin	induces	CYP1A2
Rifampin	induces	CYP2B6
Rifampin	inhibits	CYP2C8
Rifampin	induces	CYP2C8
Rifampin	induces	CYP2C9
Rifampin	induces	CYP2C19
Rifampin	induces	CYP3A4
Rifampin	induces	CYP3A7
Rifampin	induces	CYP3A43
Rifampin	induces	CYP3A5
Rifampin	induces	CYP2A6
Rifampin	induces	CYP2E1
Rifampin	inhibits	rpoB
Rifampin	activates	NR1I2
Rifampin	induces	ABCB1
Rifampin	inhibits	SLCO1B1
Rifampin	substrate_of	SLCO1B3
Rifampin	inhibits	SLCO1B3
Rifampin	inhibits	SLCO2B1
Rifampin	inhibits	SLCO1A2
Rifampin	inhibits	ABCC1
Rifampin	induces	ABCC5
Rifampin	induces	ABCC2
Rifampin	induces	ABCC3
Rifampin	inhibits	ABCB11
Rifampin	inhibits	SLC22A6
Rifampin	inhibits	SLC22A7
Rifampin	inhibits	SLC22A8
Rifampin	binds	ALB
Rifampin	binds	ORM1
Lubiprostone	substrate_of	CBR1
Lubiprostone	induces	CLCN2
Abacavir	substrate_of	ADK
Abacavir	substrate_of	ADH6
Abacavir	substrate_of	UGT1A1
Abacavir	inhibits	pol
Abacavir	inhibits	gag-pol
Ergoloid mesylate	substrate_of	CYP3A4
Ergoloid mesylate	inhibits	DRD1
Ergoloid mesylate	activates	DRD1
Ergoloid mesylate	inhibits	ADRA1A
Ergoloid mesylate	activates	ADRA1A
Ergoloid mesylate	inhibits	ADRB1
Ergoloid mesylate	activates	ADRB1
Ergoloid mesylate	inhibits	HTR1A
Ergoloid mesylate	activates	HTR1A
Ibuprofen	substrate_of	CYP2C9
Ibuprofen	substrate_of	CYP2C8
Ibuprofen	substrate_of	CYP2C19
Ibuprofen	substrate_of	UGT1A3
Ibuprofen	substrate_of	UGT1A9
Ibuprofen	substrate_of	UGT2B4
Ibuprofen	substrate_of	UGT2B7
Ibuprofen	substrate_of	AMACR
Ibuprofen	substrate_of	CYP3A4
Ibuprofen	inhibits	PTGS2
Ibuprofen	inhibits	PTGS1
Ibuprofen	inhibits	CXCL8
Ibuprofen	inhibits	CXCR2
Ibuprofen	inhibits	CXCR1
Ibuprofen	modulates	BCL2
Ibuprofen	induces	THBD
Ibuprofen	binds	FABP2
Ibuprofen	activates	PPARG
Ibuprofen	inhibits	CFTR
Ibuprofen	activates	PPARA
Ibuprofen	induces	GP1BA
Ibuprofen	induces	S100A7
Ibuprofen	substrate_of	SLCO2B1
Ibuprofen	substrate_of	ABCB1
Ibuprofen	inhibits	ABCC4
Ibuprofen	inhibits	ABCC1
Ibuprofen	inhibits	SLCO1A2
Ibuprofen	inhibits	SLC22A6
Ibuprofen	inhibits	SLC22A8
Ibuprofen	inhibits	SLC22A11
Ibuprofen	binds	ALB
Nitrendipine	substrate_of	CYP3A4
Nitrendipine	substrate_of	CYP3A5
Nitrendipine	substrate_of	CYP3A7
Nitrendipine	inhibits	CACNA1C
Nitrendipine	inhibits	CACNA2D1
Nitrendipine	inhibits	CACNB2
Nitrendipine	inhibits	CACNA1D
Nitrendipine	inhibits	CACNA1S
Nitrendipine	inhibits	CACNA2D2
Nitrendipine	inhibits	CACNA1H
Nitrendipine	inhibits	KCNMA1
Nitrendipine	inhibits	ABCB1
Nitrendipine	substrate_of	ABCB11
Praziquantel	substrate_of	CYP1A2
Praziquantel	substrate_of	CYP2C19
Praziquantel	substrate_of	CYP3A4
Praziquantel	substrate_of	CYP3A5
Praziquantel	inhibits	HPGDS
Praziquantel	binds	ALB
Norfloxacin	inhibits	CYP1A2
Norfloxacin	inhibits	CYP1A1
Norfloxacin	inhibits	CYP3A4
Norfloxacin	inhibits	CYP3A7
Norfloxacin	inhibits	gyrA
Norfloxacin	inhibits	parC
Norfloxacin	modulates	gyrB
Norfloxacin	inhibits	TOP2A
Norfloxacin	inhibits	SLC22A5
Norfloxacin	inhibits	SLC22A6
Amoxicillin	inhibits	CYP2C8
Amoxicillin	substrate_of	blm
Amoxicillin	inhibits	PBP1
Amoxicillin	inhibits	SLC15A1
Amoxicillin	inhibits	SLC15A2
Amoxicillin	inhibits	SLC22A6
Amoxicillin	binds	ALB
Oxybutynin	substrate_of	CYP3A4
Oxybutynin	inhibits	CYP3A4
Oxybutynin	inhibits	CYP2C8
Oxybutynin	inhibits	CYP2D6
Oxybutynin	substrate_of	CYP3A5
Oxybutynin	inhibits	CHRM3
Oxybutynin	inhibits	CHRM2
Oxybutynin	inhibits	CHRM1
Oxybutynin	binds	ORM1
Oxybutynin	binds	ALB
Melatonin	substrate_of	CYP1A1
Melatonin	inhibits	CYP1A1
Melatonin	substrate_of	CYP1A2
Melatonin	substrate_of	CYP1B1
Melatonin	inhibits	CYP1B1
Melatonin	substrate_of	CYP2C19
Melatonin	substrate_of	CYP2C9
Melatonin	substrate_of	ASMT
Melatonin	substrate_of	IDO1
Melatonin	substrate_of	MPO
Melatonin	inhibits	MPO
Melatonin	inhibits	CYP19A1
Melatonin	activates	MTNR1A
Melatonin	activates	MTNR1B
Melatonin	inhibits	NQO2
Melatonin	inhibits	ESR1
Melatonin	activates	RORB
Melatonin	inhibits	EPX
Melatonin	modulates	CALR
Melatonin	inhibits	CALM1
Melatonin	inhibits	SLC22A8
Cefditoren	inhibits	penA
Cefditoren	inhibits	pbpA
Glipizide	substrate_of	UGT1A1
Glipizide	substrate_of	CYP2C9
Glipizide	inhibits	ABCC8
Glipizide	binds	KCNJ10
Glipizide	activates	PPARG
Glipizide	substrate_of	ABCB11
Glipizide	binds	ALB
Clonazepam	inhibits	CYP2E1
Clonazepam	substrate_of	NAT2
Clonazepam	substrate_of	CYP3A4
Clonazepam	modulates	GABRA1
Clonazepam	activates	NR1I2
Clonazepam	binds	ALB
Promethazine	inhibits	CYP2C9
Promethazine	substrate_of	CYP2D6
Promethazine	inhibits	CYP2D6
Promethazine	substrate_of	CYP2B6
Promethazine	inhibits	HRH1
Promethazine	inhibits	DRD2
Promethazine	inhibits	CHRM1
Promethazine	inhibits	CHRM2
Promethazine	inhibits	CHRM3
Promethazine	inhibits	CHRM4
Promethazine	inhibits	CHRM5
Promethazine	inhibits	ADRA1A
Promethazine	inhibits	HRH2
Promethazine	modulates	LPAR4
Promethazine	inhibits	SCN1A
Promethazine	modulates	KCND1
Promethazine	inhibits	CALM1
Promethazine	inhibits	GRIN1
Promethazine	inhibits	ABCB1
Promethazine	inhibits	ABCC3
Promethazine	inhibits	ABCC4
Promethazine	binds	ALB
Atazanavir	substrate_of	CYP3A4
Atazanavir	inhibits	CYP3A4
Atazanavir	substrate_of	CYP2C9
Atazanavir	inhibits	CYP2C9
Atazanavir	inhibits	UGT1A1
Atazanavir	inhibits	CYP2C8
Atazanavir	inhibits	CYP1A2
Atazanavir	inhibits	CYP3A5
Atazanavir	inhibits	CYP3A7
Atazanavir	modulates	pol
Atazanavir	inhibits	pol
Atazanavir	modulates	gag-pol
Atazanavir	inhibits	gag-pol
Atazanavir	substrate_of	ABCB1
Atazanavir	inhibits	ABCB1
Atazanavir	induces	ABCB1
Atazanavir	substrate_of	ABCC1
Atazanavir	inhibits	ABCC1
Atazanavir	inhibits	SLCO1B1
Atazanavir	inhibits	SLCO1B3
Atazanavir	substrate_of	ABCB11
Atazanavir	inhibits	SLCO2B1
Atazanavir	binds	ALB
Atazanavir	binds	ORM1
Fludarabine	activates	DCK
Fludarabine	inhibits	POLA1
Fludarabine	inhibits	RRM1
Fludarabine	inhibits	ADA
Fludarabine	substrate_of	SLC29A1
Fludarabine	binds	SLC28A3
Diphenhydramine	substrate_of	PTGS1
Diphenhydramine	substrate_of	CYP2D6
Diphenhydramine	inhibits	CYP2D6
Diphenhydramine	substrate_of	CYP2C9
Diphenhydramine	substrate_of	CYP2C19
Diphenhydramine	activates	HRH1
Diphenhydramine	inhibits	CHRM2
Diphenhydramine	inhibits	HNMT
Diphenhydramine	inhibits	SLC22A2
Diphenhydramine	inhibits	SLC22A5
Atorvastatin	substrate_of	CYP3A4
Atorvastatin	substrate_of	CYP3A5
Atorvastatin	substrate_of	CYP3A7
Atorvastatin	substrate_of	CYP2C8
Atorvastatin	inhibits	CYP2C8
Atorvastatin	inhibits	CYP2D6
Atorvastatin	inhibits	CYP2C9
Atorvastatin	inhibits	CYP2C19
Atorvastatin	induces	CYP2B6
Atorvastatin	substrate_of	UGT1A1
Atorvastatin	substrate_of	UGT1A3
Atorvastatin	inhibits	HMGCR
Atorvastatin	inhibits	DPP4
Atorvastatin	activates	AHR
Atorvastatin	inhibits	HDAC2
Atorvastatin	binds	NR1I3
Atorvastatin	substrate_of	ABCB1
Atorvastatin	inhibits	ABCB1
Atorvastatin	substrate_of	SLCO1A2
Atorvastatin	substrate_of	SLCO1B1
Atorvastatin	inhibits	SLCO1B1
Atorvastatin	substrate_of	ABCC4
Atorvastatin	substrate_of	ABCC5
Atorvastatin	substrate_of	ABCC1
Atorvastatin	substrate_of	SLCO2B1
Atorvastatin	substrate_of	SLCO1B3
Atorvastatin	substrate_of	ABCC2
Atorvastatin	substrate_of	ABCB11
Atorvastatin	binds	ALB
Etidronic acid	inhibits	PTPRS
Etidronic acid	inhibits	ATP6V1A
Etidronic acid	inhibits	SLC25A4
Etidronic acid	inhibits	SLC25A5
Etidronic acid	inhibits	SLC25A6
Tegaserod	inhibits	CYP1A2
Tegaserod	inhibits	CYP2C8
Tegaserod	substrate_of	CYP2D6
Tegaserod	inhibits	CYP2D6
Tegaserod	inhibits	CYP2E1
Tegaserod	inhibits	HTR4
Tegaserod	activates	HTR4
Tegaserod	inhibits	HTR2C
Tegaserod	inhibits	HTR2A
Tegaserod	inhibits	HTR2B
Tegaserod	substrate_of	SLC6A4
Tegaserod	inhibits	SLC6A4
Tegaserod	substrate_of	ABCG2
Tegaserod	substrate_of	ABCB1
Vigabatrin	induces	CYP2C9
Vigabatrin	inhibits	ABAT
Vigabatrin	substrate_of	SLC36A1
Diphenoxylate	activates	OPRM1
Diphenoxylate	activates	OPRD1
Orlistat	induces	CYP3A4
Orlistat	inhibits	PLA2G4A
Orlistat	inhibits	FASN
Orlistat	inhibits	PNLIP
Orlistat	inhibits	LIPF
Orlistat	inhibits	CNR1
Orlistat	binds	ALB
Pilocarpine	inhibits	CYP3A4
Pilocarpine	substrate_of	CYP2A6
Pilocarpine	inhibits	CYP2A6
Pilocarpine	substrate_of	PON1
Pilocarpine	activates	CHRM3
Pilocarpine	activates	CHRM1
Pilocarpine	activates	CHRM2
Pilocarpine	activates	CHRM5
Pilocarpine	activates	CHRM4
Primaquine	substrate_of	CYP3A4
Primaquine	inhibits	CYP3A4
Primaquine	substrate_of	CYP1A2
Primaquine	induces	CYP1A2
Primaquine	inhibits	CYP2D6
Primaquine	induces	CYP1A1
Primaquine	induces	CYP1B1
Primaquine	binds	KRT7
Primaquine	inhibits	NQO2
Primaquine	inhibits	ABCB1
Iloprost	activates	PTGIR
Iloprost	activates	PTGER1
Iloprost	activates	PTGER2
Iloprost	induces	PDE4A
Iloprost	induces	PDE4B
Iloprost	induces	PDE4C
Iloprost	induces	PDE4D
Iloprost	binds	PLAT
Iloprost	activates	PTGDR2
Iloprost	substrate_of	SLCO2B1
Iloprost	substrate_of	SLCO2A1
Iloprost	substrate_of	SLCO3A1
Iloprost	binds	ALB
Fluvastatin	substrate_of	CYP1A1
Fluvastatin	induces	CYP1A1
Fluvastatin	substrate_of	CYP3A4
Fluvastatin	inhibits	CYP3A4
Fluvastatin	substrate_of	CYP3A5
Fluvastatin	substrate_of	CYP2C8
Fluvastatin	inhibits	CYP2C8
Fluvastatin	substrate_of	CYP2C9
Fluvastatin	inhibits	CYP2C9
Fluvastatin	inhibits	CYP2C19
Fluvastatin	substrate_of	CYP2D6
Fluvastatin	substrate_of	UGT1A1
Fluvastatin	substrate_of	UGT1A3
Fluvastatin	substrate_of	UGT2B7
Fluvastatin	induces	CYP2B6
Fluvastatin	inhibits	HMGCR
Fluvastatin	inhibits	HDAC2
Fluvastatin	substrate_of	SLCO1B1
Fluvastatin	inhibits	SLCO1B1
Fluvastatin	substrate_of	SLCO1B3
Fluvastatin	binds	SLCO2B1
Fluvastatin	substrate_of	SLC15A1
Fluvastatin	inhibits	SLC15A1
Fluvastatin	substrate_of	ABCC2
Leflunomide	substrate_of	CYP2C9
Leflunomide	inhibits	CYP2C9
Leflunomide	substrate_of	CYP1A2
Leflunomide	inhibits	DHODH
Leflunomide	inhibits	PTK2B
Leflunomide	activates	AHR
Leflunomide	substrate_of	ABCG2
Rosuvastatin	substrate_of	CYP2C9
Rosuvastatin	inhibits	HMGCR
Rosuvastatin	inhibits	ITGAL
Rosuvastatin	substrate_of	ABCC4
Rosuvastatin	binds	SLCO1A2
Rosuvastatin	substrate_of	SLCO1B1
Rosuvastatin	inhibits	SLCO1B1
Rosuvastatin	binds	SLCO1B3
Rosuvastatin	binds	SLCO2B1
Rosuvastatin	binds	SLC7A11
Rosuvastatin	substrate_of	ABCB11
Rosuvastatin	substrate_of	ABCG2
Rosuvastatin	substrate_of	ABCC2
Rosuvastatin	substrate_of	SLC22A8
Rosuvastatin	inhibits	SLC22A8
Rosuvastatin	binds	SLC10A1
Rosuvastatin	substrate_of	ALB
Pimozide	inhibits	CYP2D6
Pimozide	substrate_of	CYP3A4
Pimozide	substrate_of	CYP1A2
Pimozide	substrate_of	CYP3A5
Pimozide	substrate_of	CYP3A7
Pimozide	inhibits	DRD2
Pimozide	inhibits	DRD3
Pimozide	inhibits	KCNH2
Pimozide	inhibits	CALM1
Pimozide	inhibits	ABCB1
Capecitabine	substrate_of	TYMP
Capecitabine	substrate_of	CES1
Capecitabine	substrate_of	CDA
Capecitabine	inhibits	CYP2C9
Capecitabine	binds	CYP2C9
Capecitabine	substrate_of	UPP1
Capecitabine	substrate_of	UPP2
Capecitabine	inhibits	TYMS
Capecitabine	inhibits	TMP1
Capecitabine	binds	ALB
Sertraline	substrate_of	CYP3A4
Sertraline	inhibits	CYP3A4
Sertraline	substrate_of	CYP2D6
Sertraline	inhibits	CYP2D6
Sertraline	substrate_of	CYP2C19
Sertraline	inhibits	CYP2C19
Sertraline	substrate_of	CYP2C9
Sertraline	inhibits	CYP2C9
Sertraline	substrate_of	CYP2B6
Sertraline	inhibits	CYP2B6
Sertraline	substrate_of	MAOB
Sertraline	substrate_of	MAOA
Sertraline	induces	CYP2B
Sertraline	substrate_of	CYP2E1
Sertraline	inhibits	SLC6A4
Sertraline	binds	SLC6A4
Sertraline	inhibits	SLC6A3
Sertraline	binds	SLC6A3
Sertraline	inhibits	PGRMC1
Sertraline	binds	PGRMC1
Sertraline	inhibits	SLC6A2
Sertraline	binds	SLC6A2
Sertraline	inhibits	SLC29A4
Sertraline	inhibits	ABCB1
Sertraline	binds	ALB
Methyprylon	modulates	GABRA1
Methyprylon	activates	GABRA1
Heparin	substrate_of	HPSE
Heparin	binds	SERPINC1
Heparin	inhibits	F10
Heparin	inhibits	SELP
Heparin	binds	FGFR4
Heparin	activates	FGF4
Heparin	activates	FGF19
Heparin	activates	FGFR1
Heparin	activates	FGF1
Heparin	activates	FGFR2
Heparin	activates	FGF2
Heparin	modulates	PF4
Heparin	modulates	HGF
Cefuroxime	inhibits	pbpA
Cefuroxime	inhibits	SLC15A1
Cefuroxime	inhibits	SLC15A2
Chlorpheniramine	substrate_of	CYP3A4
Chlorpheniramine	substrate_of	CYP2D6
Chlorpheniramine	inhibits	CYP2D6
Chlorpheniramine	substrate_of	CYP3A5
Chlorpheniramine	substrate_of	CYP3A7
Chlorpheniramine	inhibits	HRH1
Chlorpheniramine	inhibits	SLC6A4
Chlorpheniramine	inhibits	SLC6A2
Chlorpheniramine	inhibits	SLC6A3
Chlorpheniramine	inhibits	SLC22A2
Chlorpheniramine	inhibits	SLC22A1
Nifedipine	substrate_of	CYP3A4
Nifedipine	inhibits	CYP3A4
Nifedipine	induces	CYP3A4
Nifedipine	inhibits	CYP2D6
Nifedipine	substrate_of	CYP1A2
Nifedipine	inhibits	CYP1A2
Nifedipine	substrate_of	CYP2A6
Nifedipine	inhibits	CYP2C8
Nifedipine	inhibits	CYP1A1
Nifedipine	induces	CYP2B6
Nifedipine	inhibits	CYP2E1
Nifedipine	inhibits	CYP2C9
Nifedipine	induces	CYP2C9
Nifedipine	substrate_of	CYP3A5
Nifedipine	inhibits	CACNA1C
Nifedipine	inhibits	CACNA1D
Nifedipine	inhibits	CACNB2
Nifedipine	activates	NR1I2
Nifedipine	inhibits	CACNA1S
Nifedipine	inhibits	KCND3
Nifedipine	inhibits	CACNA1G
Nifedipine	inhibits	CALM1
Nifedipine	induces	ABCC3
Nifedipine	substrate_of	ABCB1
Nifedipine	induces	ABCB1
Nifedipine	induces	ABCC2
Nifedipine	inhibits	SLCO1B1
Nifedipine	inhibits	ABCB11
Nifedipine	binds	ALB
Nifedipine	binds	ORM1
Atovaquone	inhibits	CYP2C9
Atovaquone	substrate_of	CYP3A4
Atovaquone	inhibits	MT-CYB
Atovaquone	inhibits	DHODH
Atovaquone	inhibits	ABCB1
Amiodarone	substrate_of	CYP3A4
Amiodarone	inhibits	CYP3A4
Amiodarone	substrate_of	CYP2C8
Amiodarone	inhibits	CYP2D6
Amiodarone	inhibits	CYP2C9
Amiodarone	inhibits	CYP1A2
Amiodarone	substrate_of	CYP2C19
Amiodarone	inhibits	CYP2C19
Amiodarone	substrate_of	CYP1A1
Amiodarone	inhibits	CYP2A6
Amiodarone	inhibits	CYP2J2
Amiodarone	inhibits	KCNH2
Amiodarone	inhibits	ADRB1
Amiodarone	binds	ADRB1
Amiodarone	inhibits	CACNA1I
Amiodarone	inhibits	CACNA1C
Amiodarone	inhibits	THRA
Amiodarone	binds	THRA
Amiodarone	activates	PPARG
Amiodarone	activates	PPARA
Amiodarone	activates	PPARGC1B
Amiodarone	inhibits	ABCB1
Amiodarone	induces	ABCB1
Amiodarone	substrate_of	ABCB11
Amiodarone	inhibits	ABCB11
Amiodarone	inhibits	SLC22A2
Amiodarone	binds	ALB
Gliclazide	substrate_of	CYP2C9
Gliclazide	substrate_of	CYP2C19
Gliclazide	binds	ABCC8
Gliclazide	binds	VEGFA
Gliclazide	binds	ALB
Phenacemide	inhibits	SCN1A
Tolbutamide	substrate_of	CYP2C9
Tolbutamide	substrate_of	CYP2C8
Tolbutamide	inhibits	CYP2C8
Tolbutamide	substrate_of	CYP2C19
Tolbutamide	substrate_of	CYP2C18
Tolbutamide	inhibits	ABCC8
Tolbutamide	binds	ABCC9
Tolbutamide	inhibits	KCNJ1
Tolbutamide	inhibits	SLC15A1
Tolbutamide	inhibits	SLCO1A2
Tolbutamide	inhibits	SLC22A6
Tolbutamide	inhibits	SLC15A2
Tolbutamide	substrate_of	SLCO2B1
Tolbutamide	binds	ALB
Dutasteride	substrate_of	CYP3A5
Dutasteride	inhibits	SRD5A1
Dutasteride	inhibits	SRD5A2
Dutasteride	inhibits	SRD5A3
Dutasteride	binds	Slc6a3
Dutasteride	binds	Slc18a2
Dutasteride	binds	ALB
Dutasteride	binds	ORM1
Bicalutamide	inhibits	CYP2C19
Bicalutamide	inhibits	CYP2C9
Bicalutamide	inhibits	CYP2D6
Bicalutamide	substrate_of	CYP3A4
Bicalutamide	inhibits	CYP3A4
Bicalutamide	inhibits	AR
Bicalutamide	inhibits	ABCB1
Rabeprazole	induces	CYP1A1
Rabeprazole	inhibits	CYP1A2
Rabeprazole	induces	CYP1A2
Rabeprazole	inhibits	CYP2C9
Rabeprazole	inhibits	CYP2D6
Rabeprazole	inhibits	CYP2C8
Rabeprazole	substrate_of	CYP3A4
Rabeprazole	inhibits	CYP3A4
Rabeprazole	substrate_of	CYP2C19
Rabeprazole	inhibits	CYP2C19
Rabeprazole	inhibits	ATP4A
Rabeprazole	inhibits	ABCG2
Proguanil	substrate_of	CYP2C9
Proguanil	substrate_of	CYP2C19
Proguanil	inhibits	CYP2D6
Proguanil	inhibits	PDF
Pioglitazone	substrate_of	CYP1A1
Pioglitazone	substrate_of	CYP2C8
Pioglitazone	inhibits	CYP2C8
Pioglitazone	substrate_of	CYP3A4
Pioglitazone	induces	CYP3A4
Pioglitazone	activates	PPARG
Pioglitazone	inhibits	MAOB
Pioglitazone	inhibits	SLCO1B3
Pioglitazone	inhibits	SLCO1B1
Pioglitazone	substrate_of	ALB
Tiludronic acid	inhibits	PTPN12
Tiludronic acid	inhibits	PTPN6
Tiludronic acid	inhibits	PTPRE
Tiludronic acid	inhibits	ATP6V0A1
Tiludronic acid	binds	ALB
Carvedilol	substrate_of	CYP1A2
Carvedilol	substrate_of	CYP3A4
Carvedilol	substrate_of	CYP1A1
Carvedilol	substrate_of	CYP2E1
Carvedilol	substrate_of	UGT1A1
Carvedilol	substrate_of	UGT2B4
Carvedilol	substrate_of	UGT2B7
Carvedilol	substrate_of	CYP2C9
Carvedilol	substrate_of	CYP2D6
Carvedilol	inhibits	XDH
Carvedilol	inhibits	ADRB1
Carvedilol	inhibits	ADRB2
Carvedilol	inhibits	ADRA1B
Carvedilol	inhibits	ADRA1A
Carvedilol	inhibits	ADRA1D
Carvedilol	inhibits	NDUFC2
Carvedilol	inhibits	VEGFA
Carvedilol	binds	NPPB
Carvedilol	binds	GJA1
Carvedilol	inhibits	KCNH2
Carvedilol	inhibits	VCAM1
Carvedilol	inhibits	ADRA2C
Carvedilol	inhibits	ADRA2B
Carvedilol	inhibits	ADRA2A
Carvedilol	inhibits	SELE
Carvedilol	modulates	HIF1A
Carvedilol	inhibits	KCNJ4
Carvedilol	inhibits	KCNJ2
Carvedilol	inhibits	ABCB1
Carvedilol	binds	ALB
Levofloxacin	inhibits	CYP2C9
Levofloxacin	inhibits	gyrA
Levofloxacin	inhibits	parC
Levofloxacin	modulates	gyrB
Levofloxacin	modulates	gyrA
Levofloxacin	substrate_of	ABCB1
Levofloxacin	inhibits	ABCB1
Levofloxacin	substrate_of	SLC47A1
Levofloxacin	inhibits	SLC47A1
Levofloxacin	inhibits	SLC47A2
Levofloxacin	inhibits	SLC22A1
Levofloxacin	inhibits	SLC22A2
Levofloxacin	inhibits	SLC22A4
Levofloxacin	substrate_of	SLCO1A2
Levofloxacin	inhibits	SLCO4C1
Levofloxacin	substrate_of	ALB
Sulfinpyrazone	inhibits	CYP2C9
Sulfinpyrazone	substrate_of	CYP3A4
Sulfinpyrazone	induces	CYP3A4
Sulfinpyrazone	induces	CYP2B6
Sulfinpyrazone	inhibits	CYP2C8
Sulfinpyrazone	inhibits	SLC22A12
Sulfinpyrazone	inhibits	ABCC1
Sulfinpyrazone	inhibits	ABCC2
Sulfinpyrazone	activates	NR1I2
Sulfinpyrazone	inhibits	ABCC3
Sulfinpyrazone	inhibits	ABCC4
Sulfinpyrazone	inhibits	ABCC5
Sulfinpyrazone	inhibits	ABCC6
Sulfinpyrazone	substrate_of	ABCC2
Sulfinpyrazone	substrate_of	ABCB11
Sulfinpyrazone	binds	FABP2
Cefadroxil	inhibits	pbp3
Cefadroxil	inhibits	pbpA
Cefadroxil	inhibits	pbp1b
Cefadroxil	inhibits	penA
Cefadroxil	substrate_of	SLC15A1
Cefadroxil	inhibits	SLC15A1
Cefadroxil	inhibits	SLC22A5
Cefadroxil	inhibits	SLC22A6
Cefadroxil	inhibits	SLC15A2
Cefadroxil	inhibits	SLC22A8
Doxepin	substrate_of	CYP3A4
Doxepin	substrate_of	CYP2D6
Doxepin	inhibits	CYP2D6
Doxepin	substrate_of	CYP2C19
Doxepin	substrate_of	CYP2C9
Doxepin	substrate_of	CYP1A2
Doxepin	inhibits	HRH1
Doxepin	inhibits	HRH2
Doxepin	inhibits	SLC6A2
Doxepin	inhibits	SLC6A4
Doxepin	inhibits	HTR2A
Doxepin	inhibits	HTR2B
Doxepin	inhibits	HTR2C
Doxepin	inhibits	CHRM1
Doxepin	inhibits	CHRM2
Doxepin	inhibits	CHRM3
Doxepin	inhibits	CHRM4
Doxepin	inhibits	CHRM5
Doxepin	inhibits	ADRA1A
Doxepin	inhibits	ADRA1B
Doxepin	inhibits	ADRA1D
Doxepin	inhibits	HTR1A
Doxepin	binds	HTR6
Doxepin	binds	HRH4
Doxepin	inhibits	KCNH2
Doxepin	substrate_of	ABCB1
Doxepin	binds	ALB
Doxepin	binds	ORM1
Diclofenamide	inhibits	CA2
Diclofenamide	inhibits	CA1
Diclofenamide	inhibits	CA4
Diclofenamide	inhibits	CA7
Diclofenamide	inhibits	CA3
Cloxacillin	inhibits	dacA
Cloxacillin	inhibits	pbpX
Cloxacillin	inhibits	pbpA
Cloxacillin	substrate_of	SLC22A8
Cloxacillin	inhibits	SLC22A8
Cloxacillin	inhibits	SLC15A1
Cloxacillin	inhibits	SLC15A2
Cloxacillin	binds	ALB
Flavoxate	inhibits	CHRM1
Flavoxate	inhibits	CHRM2
Flavoxate	inhibits	CHRM5
Nefazodone	inhibits	CYP3A4
Nefazodone	substrate_of	CYP3A4
Nefazodone	substrate_of	CYP2D6
Nefazodone	inhibits	CYP2D6
Nefazodone	inhibits	CYP2B
Nefazodone	inhibits	HTR2A
Nefazodone	inhibits	HTR2C
Nefazodone	inhibits	SLC6A4
Nefazodone	inhibits	HTR1A
Nefazodone	inhibits	SLC6A2
Nefazodone	inhibits	SLC6A3
Nefazodone	binds	ADRA1B
Nefazodone	inhibits	ADRA2A
Nefazodone	inhibits	ADRA1A
Nefazodone	inhibits	KCNH2
Nefazodone	inhibits	ABCB1
Nefazodone	induces	ABCB1
Nefazodone	inhibits	SLCO1B3
Nefazodone	inhibits	SLCO2B1
Nefazodone	substrate_of	ABCB11
Cefprozil	inhibits	ponA
Cefprozil	inhibits	pbpX
Cefprozil	inhibits	penA
Desipramine	substrate_of	CYP2D6
Desipramine	inhibits	CYP2D6
Desipramine	binds	CYP1A2
Desipramine	inhibits	CYP3A4
Desipramine	inhibits	CYP2B6
Desipramine	inhibits	CYP2E1
Desipramine	inhibits	SLC6A2
Desipramine	inhibits	SLC6A4
Desipramine	inhibits	HTR2A
Desipramine	inhibits	ADRB2
Desipramine	binds	ADRB1
Desipramine	inhibits	SMPD1
Desipramine	inhibits	HRH1
Desipramine	inhibits	ADRA1A
Desipramine	inhibits	CHRM1
Desipramine	inhibits	CHRM2
Desipramine	inhibits	CHRM3
Desipramine	inhibits	CHRM4
Desipramine	inhibits	CHRM5
Desipramine	binds	HTR1A
Desipramine	binds	HTR2C
Desipramine	binds	DRD2
Desipramine	binds	ADRA2A
Desipramine	inhibits	ABCB1
Desipramine	inhibits	SLC22A1
Desipramine	inhibits	SLC22A3
Desipramine	inhibits	SLC22A2
Desipramine	inhibits	SLC22A5
Desipramine	inhibits	SLC22A4
Desipramine	binds	ORM1
Gemifloxacin	inhibits	CYP1A2
Gemifloxacin	inhibits	gyrA
Gemifloxacin	inhibits	parC
Gemifloxacin	modulates	gyrB
Gemifloxacin	modulates	gyrA
Bupropion	substrate_of	CYP2C9
Bupropion	substrate_of	CYP2E1
Bupropion	substrate_of	CYP2B6
Bupropion	inhibits	CYP2D6
Bupropion	inhibits	SLC6A3
Bupropion	inhibits	SLC6A2
Bupropion	inhibits	SLC6A4
Bupropion	inhibits	CHRNA3
Bupropion	modulates	HTR3A
Bupropion	inhibits	SLC22A2
Bupropion	inhibits	ORM1
Terazosin	inhibits	ADRA1A
Terazosin	inhibits	ADRA1B
Terazosin	inhibits	ADRA1D
Terazosin	induces	TGFB1
Terazosin	inhibits	KCNH2
Terazosin	inhibits	KCNH6
Terazosin	inhibits	KCNH7
Terazosin	inhibits	ABCB1
Ofloxacin	inhibits	CYP1A2
Ofloxacin	inhibits	gyrA
Ofloxacin	inhibits	parC
Ofloxacin	inhibits	TOP2A
Ofloxacin	modulates	gyrB
Ofloxacin	modulates	gyrA
Ofloxacin	inhibits	SLC22A5
Ofloxacin	inhibits	ABCC1
Ofloxacin	inhibits	SLC22A6
Ofloxacin	inhibits	ABCC2
Ofloxacin	inhibits	SLC22A4
Ofloxacin	substrate_of	ABCB11
Cilostazol	substrate_of	CYP1A2
Cilostazol	substrate_of	CYP2D6
Cilostazol	substrate_of	CYP2C19
Cilostazol	substrate_of	CYP3A4
Cilostazol	substrate_of	CYP3A5
Cilostazol	substrate_of	CYP3A7
Cilostazol	inhibits	PDE3A
Itraconazole	substrate_of	CYP3A4
Itraconazole	inhibits	CYP3A4
Itraconazole	inhibits	CYP3A5
Itraconazole	inhibits	CYP3A7
Itraconazole	inhibits	CYP2B6
Itraconazole	induces	CYP1A1
Itraconazole	inhibits	CYP2E1
Itraconazole	inhibits	ERG11
Itraconazole	modulates	ERG11
Itraconazole	inhibits	ABCB1
Itraconazole	inhibits	ABCG2
Itraconazole	inhibits	SLCO2B1
Itraconazole	binds	ALB
Procarbazine	substrate_of	XDH
Procarbazine	inhibits	MAOA
Guanethidine	induces	SLC6A2
Moclobemide	substrate_of	CYP2C9
Moclobemide	substrate_of	CYP2C19
Moclobemide	inhibits	CYP2C19
Moclobemide	substrate_of	CYP2D6
Moclobemide	inhibits	CYP2D6
Moclobemide	inhibits	MAOA
Moclobemide	inhibits	MAOB
Orphenadrine	inhibits	CYP2B6
Orphenadrine	substrate_of	CYP3A4
Orphenadrine	inhibits	CYP3A4
Orphenadrine	inhibits	CYP2E1
Orphenadrine	inhibits	CYP1A2
Orphenadrine	inhibits	CYP2D6
Orphenadrine	inhibits	GRIN2D
Orphenadrine	inhibits	GRIN1
Orphenadrine	inhibits	GRIN3B
Orphenadrine	inhibits	GRIN3A
Orphenadrine	inhibits	HRH1
Orphenadrine	inhibits	SLC6A2
Orphenadrine	inhibits	SCN10A
Orphenadrine	binds	ALB
Phenobarbital	substrate_of	CYP2C19
Phenobarbital	induces	CYP2C19
Phenobarbital	substrate_of	CYP2C9
Phenobarbital	induces	CYP2C9
Phenobarbital	substrate_of	CYP2E1
Phenobarbital	induces	CYP2E1
Phenobarbital	induces	CYP2B6
Phenobarbital	induces	CYP2C8
Phenobarbital	induces	CYP3A4
Phenobarbital	induces	CYP1A2
Phenobarbital	induces	CYP3A5
Phenobarbital	induces	CYP1A1
Phenobarbital	substrate_of	CYP2C18
Phenobarbital	induces	CYP3A7
Phenobarbital	induces	CYP4B1
Phenobarbital	induces	UGT1A1
Phenobarbital	induces	UGT2B7
Phenobarbital	induces	CYP2A6
Phenobarbital	binds	GABRA1
Phenobarbital	inhibits	CHRNA4
Phenobarbital	inhibits	CHRNA7
Phenobarbital	inhibits	GRIA2
Phenobarbital	inhibits	GRIK2
Phenobarbital	inhibits	GRIN1
Phenobarbital	activates	NR1I2
Phenobarbital	substrate_of	ABCB1
Phenobarbital	induces	ABCB1
Phenobarbital	induces	ABCC3
Phenobarbital	induces	ABCB11
Phenobarbital	induces	ABCC1
Phenobarbital	induces	SLCO2A1
Phenobarbital	induces	ABCC2
Escitalopram	substrate_of	CYP3A4
Escitalopram	substrate_of	CYP2D6
Escitalopram	inhibits	CYP2D6
Escitalopram	substrate_of	CYP2C19
Escitalopram	substrate_of	MAOA
Escitalopram	substrate_of	MAOB
Escitalopram	substrate_of	AOX1
Escitalopram	binds	SLC6A4
Escitalopram	inhibits	CHRM1
Escitalopram	inhibits	HRH1
Escitalopram	inhibits	HTR1A
Escitalopram	inhibits	HTR2A
Escitalopram	inhibits	ADRA1A
Escitalopram	inhibits	HTR2C
Escitalopram	inhibits	ADRA2A
Escitalopram	inhibits	DRD2
Escitalopram	inhibits	SLC6A2
Escitalopram	inhibits	SLC6A3
Escitalopram	substrate_of	ABCB1
Cyclizine	inhibits	CYP2C9
Cyclizine	inhibits	HRH1
Cyclizine	inhibits	SULT1E1
Cyclizine	binds	ALB
Ifosfamide	substrate_of	CYP2B6
Ifosfamide	substrate_of	CYP3A4
Ifosfamide	inhibits	CYP3A4
Ifosfamide	induces	CYP3A4
Ifosfamide	substrate_of	CYP3A5
Ifosfamide	substrate_of	CYP2C19
Ifosfamide	substrate_of	CYP2C9
Ifosfamide	substrate_of	CYP2C8
Ifosfamide	induces	CYP2C8
Ifosfamide	substrate_of	CYP2A6
Ifosfamide	substrate_of	CYP2C18
Ifosfamide	substrate_of	PTGS1
Ifosfamide	activates	NR1I2
Propafenone	substrate_of	CYP2D6
Propafenone	inhibits	CYP2D6
Propafenone	substrate_of	CYP3A4
Propafenone	substrate_of	CYP1A2
Propafenone	inhibits	CYP1A2
Propafenone	inhibits	SCN5A
Propafenone	inhibits	KCNH2
Propafenone	inhibits	ADRB1
Propafenone	inhibits	ADRB2
Propafenone	inhibits	ABCB1
Naloxone	substrate_of	CYP3A4
Naloxone	inhibits	CYP3A4
Naloxone	substrate_of	UGT1A1
Naloxone	substrate_of	CYP2C18
Naloxone	substrate_of	CYP2C19
Naloxone	inhibits	OPRM1
Naloxone	inhibits	OPRD1
Naloxone	inhibits	OPRK1
Naloxone	inhibits	ESR1
Naloxone	inhibits	TLR4
Naloxone	binds	CES1
Naloxone	inhibits	SLCO1A2
Naloxone	substrate_of	ABCB1
Naloxone	binds	ALB
Domperidone	substrate_of	CYP1A2
Domperidone	substrate_of	CYP2B6
Domperidone	substrate_of	CYP2C8
Domperidone	substrate_of	CYP2D6
Domperidone	substrate_of	CYP3A4
Domperidone	substrate_of	CYP3A5
Domperidone	substrate_of	CYP3A7
Domperidone	inhibits	DRD3
Domperidone	inhibits	DRD2
Domperidone	inhibits	HTR2A
Domperidone	substrate_of	ABCB1
Fluoxymesterone	activates	AR
Fluoxymesterone	inhibits	ESR1
Fluoxymesterone	inhibits	NR3C1
Fluoxymesterone	inhibits	HSD11B2
Fluoxymesterone	inhibits	SHBG
Pergolide	inhibits	CYP3A4
Pergolide	activates	DRD2
Pergolide	activates	DRD3
Pergolide	activates	DRD4
Pergolide	activates	DRD5
Pergolide	activates	DRD1
Pergolide	activates	HTR1A
Pergolide	activates	HTR2B
Pergolide	activates	HTR2A
Pergolide	activates	HTR1D
Pergolide	activates	ADRA2A
Pergolide	activates	HTR1B
Pergolide	activates	HTR2C
Pergolide	activates	ADRA1A
Pergolide	activates	ADRA1B
Pergolide	activates	ADRA1D
Clindamycin	substrate_of	CYP3A5
Clindamycin	substrate_of	CYP3A4
Clindamycin	inhibits	CYP3A4
Clindamycin	inhibits	rplA
Clindamycin	substrate_of	ABCB1
Clindamycin	substrate_of	ORM1
Dexfenfluramine	substrate_of	CYP1A2
Dexfenfluramine	inhibits	CYP2E1
Dexfenfluramine	substrate_of	CYP2D6
Dexfenfluramine	inhibits	CYP2D6
Dexfenfluramine	inhibits	SLC6A4
Dexfenfluramine	activates	HTR2C
Oxymorphone	substrate_of	CYP3A4
Oxymorphone	substrate_of	CYP2D6
Oxymorphone	activates	OPRM1
Oxymorphone	inhibits	OPRD1
Acebutolol	substrate_of	CYP2D6
Acebutolol	inhibits	CYP2D6
Acebutolol	activates	ADRB1
Acebutolol	activates	ADRB2
Acebutolol	substrate_of	ABCB1
Flecainide	substrate_of	CYP2D6
Flecainide	inhibits	CYP2D6
Flecainide	substrate_of	CYP1A2
Flecainide	inhibits	CYP2C9
Flecainide	inhibits	SCN4A
Flecainide	inhibits	SCN5A
Flecainide	inhibits	KCNH2
Flecainide	inhibits	RYR2
Flecainide	substrate_of	ABCB1
Flecainide	substrate_of	SLC47A1
Flecainide	inhibits	SLC47A1
Flecainide	binds	ORM1
Flecainide	binds	ALB
Estramustine	substrate_of	CYP3A4
Estramustine	binds	ESR2
Estramustine	activates	ESR1
Estramustine	inhibits	MAP2
Estramustine	inhibits	MAP1A
Estramustine	inhibits	ABCB1
Captopril	inhibits	ACE
Captopril	inhibits	MMP2
Captopril	inhibits	MMP9
Captopril	inhibits	LTA4H
Captopril	activates	BDKRB1
Captopril	inhibits	ABCB1
Captopril	inhibits	SLC15A1
Captopril	substrate_of	SLC22A6
Captopril	inhibits	SLC22A6
Captopril	binds	ALB
Zopiclone	substrate_of	CYP3A4
Zopiclone	substrate_of	CYP2C8
Zopiclone	substrate_of	CYP2C9
Zopiclone	substrate_of	PTGS1
Zopiclone	binds	GABRA1
Zopiclone	binds	GABRA2
Zopiclone	binds	GABRA3
Zopiclone	binds	GABRA5
Zopiclone	activates	TSPO
Bromocriptine	substrate_of	CYP3A4
Bromocriptine	inhibits	CYP3A4
Bromocriptine	activates	DRD2
Bromocriptine	activates	DRD3
Bromocriptine	activates	HTR1D
Bromocriptine	activates	ADRA2A
Bromocriptine	activates	HTR1A
Bromocriptine	activates	ADRA2C
Bromocriptine	activates	ADRA2B
Bromocriptine	activates	HTR2B
Bromocriptine	inhibits	DRD4
Bromocriptine	activates	HTR2A
Bromocriptine	activates	HTR1B
Bromocriptine	activates	HTR2C
Bromocriptine	activates	DRD5
Bromocriptine	activates	DRD1
Bromocriptine	inhibits	ADRA1A
Bromocriptine	activates	ADRA1A
Bromocriptine	inhibits	ADRA1B
Bromocriptine	activates	ADRA1B
Bromocriptine	activates	ADRA1D
Bromocriptine	inhibits	HTR7
Bromocriptine	substrate_of	ABCB1
Bromocriptine	inhibits	ABCB1
Rifapentine	induces	CYP2C19
Rifapentine	induces	CYP2B6
Rifapentine	induces	CYP3A4
Rifapentine	induces	CYP2C8
Rifapentine	induces	CYP2C9
Rifapentine	substrate_of	CYP3A4
Rifapentine	inhibits	rpoC
Levetiracetam	inhibits	CACNA1B
Levetiracetam	activates	SV2A
Levetiracetam	inhibits	HTR3A
Levetiracetam	substrate_of	ABCB1
Nadolol	inhibits	ADRB1
Nadolol	inhibits	ADRB2
Nadolol	substrate_of	ABCB1
Nadolol	substrate_of	POU2F1
Nadolol	substrate_of	POU2F2
Nadolol	substrate_of	SLC47A1
Nadolol	substrate_of	SLC47A2
Nadolol	binds	ORM1
Flumazenil	inhibits	GABRG2
Flumazenil	inhibits	GABRA5
Flumazenil	modulates	GABRA1
Flumazenil	inhibits	GABRA1
Flumazenil	modulates	GABRG3
Flumazenil	modulates	GABRA2
Flumazenil	modulates	GABRA3
Flumazenil	inhibits	TSPO
Clarithromycin	substrate_of	CYP3A4
Clarithromycin	inhibits	CYP3A4
Clarithromycin	substrate_of	CYP3A5
Clarithromycin	inhibits	CYP3A5
Clarithromycin	inhibits	rplJ
Clarithromycin	inhibits	KCNH2
Clarithromycin	inhibits	SLCO1B1
Clarithromycin	inhibits	SLCO1B3
Clarithromycin	inhibits	SLC22A7
Clarithromycin	substrate_of	ABCB1
Clarithromycin	inhibits	ABCB1
Clarithromycin	substrate_of	ABCB11
Fomepizole	inhibits	CYP2A6
Fomepizole	substrate_of	CYP2E1
Fomepizole	inhibits	CYP2E1
Fomepizole	induces	CYP2E1
Fomepizole	inhibits	ADH1A
Fomepizole	inhibits	ADH1B
Fomepizole	inhibits	ADH1C
Fomepizole	inhibits	CAT
Estazolam	substrate_of	CYP3A4
Estazolam	modulates	GABRA1
Estazolam	binds	GABRA1
Estazolam	activates	TSPO
Finasteride	substrate_of	CYP3A4
Finasteride	substrate_of	CYP3A5
Finasteride	substrate_of	CYP3A7
Finasteride	inhibits	SRD5A2
Finasteride	inhibits	SRD5A3
Finasteride	inhibits	SRD5A1
Finasteride	inhibits	AKR1D1
Finasteride	modulates	Slc12a5
Anastrozole	substrate_of	CYP3A4
Anastrozole	inhibits	CYP3A4
Anastrozole	substrate_of	CYP3A5
Anastrozole	substrate_of	CYP2C8
Anastrozole	inhibits	CYP2C8
Anastrozole	substrate_of	UGT1A4
Anastrozole	substrate_of	UGT1A3
Anastrozole	substrate_of	UGT2B7
Anastrozole	inhibits	CYP1A2
Anastrozole	inhibits	CYP2C9
Anastrozole	inhibits	CYP19A1
Anastrozole	substrate_of	ABCB1
Halofantrine	inhibits	CYP2D6
Halofantrine	substrate_of	CYP3A4
Halofantrine	substrate_of	CYP3A5
Halofantrine	substrate_of	CYP2C8
Halofantrine	inhibits	KCNH2
Halofantrine	modulates	CALM3
Halofantrine	modulates	CALM2
Halofantrine	modulates	CALM1
Halofantrine	inhibits	PMII
Dantrolene	inhibits	RYR1
Dantrolene	substrate_of	SERPINA7
Rifaximin	substrate_of	CYP3A4
Rifaximin	induces	CYP3A4
Rifaximin	induces	CYP2C19
Rifaximin	induces	CYP2C8
Rifaximin	inhibits	rpoB
Rifaximin	activates	NR1I2
Ketamine	substrate_of	PTGS1
Ketamine	substrate_of	CYP2C8
Ketamine	substrate_of	CYP2B6
Ketamine	substrate_of	CYP2C9
Ketamine	substrate_of	CYP3A4
Ketamine	induces	CYP3A4
Ketamine	inhibits	GRIN3A
Ketamine	binds	HTR3A
Ketamine	inhibits	CHRNA7
Ketamine	inhibits	BCHE
Ketamine	inhibits	NOS1
Ketamine	inhibits	TACR1
Ketamine	activates	DRD2
Ketamine	binds	OPRD1
Ketamine	inhibits	SLC6A2
Ketamine	activates	OPRK1
Ketamine	binds	OPRM1
Ketamine	binds	CHRM1
Ketamine	inhibits	HTR2A
Ketamine	inhibits	HTR1A
Budesonide	induces	CYP3A5
Budesonide	substrate_of	CYP3A4
Budesonide	induces	CYP3A4
Budesonide	induces	CYP2A6
Budesonide	induces	CYP1B1
Budesonide	induces	CYP2B6
Budesonide	induces	CYP2C8
Budesonide	induces	CYP2C9
Budesonide	induces	CYP2C19
Budesonide	activates	NR3C1
Budesonide	substrate_of	ANXA1
Budesonide	substrate_of	ABCB11
Budesonide	substrate_of	ABCB1
Budesonide	substrate_of	SLCO1A2
Budesonide	substrate_of	SLC22A8
Budesonide	binds	SERPINA6
Budesonide	binds	ALB
Aminophylline	substrate_of	CYP2E1
Aminophylline	substrate_of	CYP3A4
Aminophylline	substrate_of	CYP1A2
Aminophylline	inhibits	PDE3A
Aminophylline	inhibits	ADORA1
Aminophylline	inhibits	ADORA3
Aminophylline	activates	HDAC2
Quetiapine	substrate_of	CYP2C19
Quetiapine	substrate_of	CYP2D6
Quetiapine	binds	CYP3A7
Quetiapine	substrate_of	CYP3A4
Quetiapine	substrate_of	CYP3A5
Quetiapine	inhibits	HTR2A
Quetiapine	inhibits	DRD2
Quetiapine	inhibits	HTR1A
Quetiapine	activates	HTR1A
Quetiapine	binds	HTR1B
Quetiapine	binds	HTR1D
Quetiapine	binds	HTR1E
Quetiapine	binds	HTR2C
Quetiapine	binds	HTR3A
Quetiapine	inhibits	HTR6
Quetiapine	binds	HTR7
Quetiapine	inhibits	DRD1
Quetiapine	binds	DRD5
Quetiapine	binds	DRD3
Quetiapine	binds	DRD4
Quetiapine	inhibits	HRH1
Quetiapine	inhibits	ADRA1A
Quetiapine	inhibits	ADRA2A
Quetiapine	inhibits	ADRA2B
Quetiapine	inhibits	ADRA2C
Quetiapine	inhibits	CHRM1
Quetiapine	binds	CHRM2
Quetiapine	inhibits	CHRM3
Quetiapine	binds	CHRM4
Quetiapine	binds	CHRM5
Quetiapine	substrate_of	ABCB1
Enoxaparin	binds	MPO
Enoxaparin	binds	SERPINC1
Enoxaparin	inhibits	F10
Enoxaparin	inhibits	F2
Paclitaxel	substrate_of	CYP3A4
Paclitaxel	induces	CYP3A4
Paclitaxel	substrate_of	CYP3A5
Paclitaxel	substrate_of	CYP3A7
Paclitaxel	inhibits	CYP19A1
Paclitaxel	inhibits	CYP1B1
Paclitaxel	substrate_of	CYP2C8
Paclitaxel	inhibits	TUBB1
Paclitaxel	inhibits	BCL2
Paclitaxel	induces	NR1I2
Paclitaxel	substrate_of	ABCB11
Paclitaxel	inhibits	ABCB11
Paclitaxel	substrate_of	ABCB1
Paclitaxel	inhibits	ABCB1
Paclitaxel	inhibits	ABCC1
Paclitaxel	substrate_of	ABCC10
Paclitaxel	inhibits	ABCC10
Paclitaxel	substrate_of	SLCO1B3
Paclitaxel	substrate_of	ABCC2
Saquinavir	inhibits	CYP2C8
Saquinavir	inhibits	CYP2D6
Saquinavir	substrate_of	CYP3A4
Saquinavir	inhibits	CYP3A4
Saquinavir	substrate_of	CYP3A5
Saquinavir	inhibits	CYP3A5
Saquinavir	substrate_of	CYP3A7
Saquinavir	inhibits	CYP3A7
Saquinavir	inhibits	pol
Saquinavir	inhibits	gag-pol
Saquinavir	substrate_of	ABCB1
Saquinavir	inhibits	ABCB1
Saquinavir	induces	ABCB1
Saquinavir	inhibits	SLC22A1
Saquinavir	inhibits	SLCO1A2
Saquinavir	inhibits	ABCG2
Saquinavir	inhibits	SLCO1B1
Saquinavir	substrate_of	ABCC1
Saquinavir	substrate_of	ABCC2
Saquinavir	inhibits	SLCO2B1
Saquinavir	substrate_of	ABCB11
Saquinavir	binds	ORM1
Saquinavir	binds	ALB
Metoclopramide	substrate_of	CYP3A4
Metoclopramide	substrate_of	CYP1A2
Metoclopramide	substrate_of	CYP2D6
Metoclopramide	inhibits	CYP2D6
Metoclopramide	activates	HTR4
Metoclopramide	inhibits	HTR3A
Metoclopramide	activates	CHRM1
Metoclopramide	inhibits	DRD2
Metoclopramide	substrate_of	ABCB1
Metoclopramide	binds	ORM1
Dexamethasone	substrate_of	HSD11B2
Dexamethasone	substrate_of	CYP3A4
Dexamethasone	inhibits	CYP3A4
Dexamethasone	induces	CYP3A4
Dexamethasone	substrate_of	HSD11B1
Dexamethasone	substrate_of	CYP3A5
Dexamethasone	induces	CYP3A5
Dexamethasone	substrate_of	CYP3A7
Dexamethasone	induces	CYP3A7
Dexamethasone	inhibits	CYP17A1
Dexamethasone	inhibits	CYP1A1
Dexamethasone	induces	CYP1A1
Dexamethasone	induces	CYP2A6
Dexamethasone	induces	CYP2B6
Dexamethasone	induces	CYP2C19
Dexamethasone	induces	CYP2C8
Dexamethasone	induces	CYP2E1
Dexamethasone	induces	CYP3A43
Dexamethasone	induces	CYP4A11
Dexamethasone	inhibits	CYP11B1
Dexamethasone	activates	NR3C1
Dexamethasone	binds	NR0B1
Dexamethasone	activates	ANXA1
Dexamethasone	modulates	NOS2
Dexamethasone	activates	NR1I2
Dexamethasone	substrate_of	ABCB1
Dexamethasone	inhibits	ABCB1
Dexamethasone	induces	ABCB1
Dexamethasone	substrate_of	SLC22A8
Dexamethasone	induces	ABCB11
Dexamethasone	induces	ABCC2
Dexamethasone	inhibits	ABCG2
Dexamethasone	inhibits	SLCO1A2
Dexamethasone	binds	ALB
Levodopa	substrate_of	DDC
Levodopa	activates	DRD1
Levodopa	activates	DRD5
Levodopa	activates	DRD2
Levodopa	activates	DRD3
Levodopa	activates	DRD4
Levodopa	inhibits	SLC15A1
Levodopa	inhibits	SLC16A10
Levodopa	binds	SLC7A5
Levodopa	binds	SLC7A8
Levodopa	binds	ALB
Aripiprazole	substrate_of	CYP3A4
Aripiprazole	substrate_of	CYP3A7
Aripiprazole	substrate_of	CYP3A5
Aripiprazole	substrate_of	CYP2D6
Aripiprazole	inhibits	DRD2
Aripiprazole	activates	DRD2
Aripiprazole	inhibits	HTR2A
Aripiprazole	activates	HTR1A
Aripiprazole	inhibits	ADRA1A
Aripiprazole	inhibits	ADRA1B
Aripiprazole	inhibits	DRD3
Aripiprazole	activates	DRD3
Aripiprazole	inhibits	HTR1D
Aripiprazole	binds	HTR1D
Aripiprazole	inhibits	HTR7
Aripiprazole	activates	HTR7
Aripiprazole	inhibits	ADRA2A
Aripiprazole	inhibits	ADRA2C
Aripiprazole	inhibits	HRH1
Aripiprazole	inhibits	HTR1B
Aripiprazole	binds	HTR1B
Aripiprazole	inhibits	HTR2C
Aripiprazole	activates	HTR2C
Aripiprazole	inhibits	HTR3A
Aripiprazole	inhibits	HTR6
Aripiprazole	inhibits	DRD1
Aripiprazole	activates	DRD1
Aripiprazole	binds	DRD1
Aripiprazole	inhibits	DRD4
Aripiprazole	activates	DRD4
Aripiprazole	inhibits	ADRA2B
Aripiprazole	binds	ADRA2B
Aripiprazole	inhibits	HTR1E
Aripiprazole	binds	HTR1E
Aripiprazole	inhibits	DRD5
Aripiprazole	activates	DRD5
Aripiprazole	binds	DRD5
Aripiprazole	activates	HTR2B
Aripiprazole	binds	HTR5A
Aripiprazole	binds	ADRB1
Aripiprazole	binds	ADRB2
Aripiprazole	binds	HRH2
Aripiprazole	binds	HRH3
Aripiprazole	binds	HRH4
Aripiprazole	binds	CHRM1
Aripiprazole	binds	CHRM2
Aripiprazole	binds	CHRM3
Aripiprazole	binds	CHRM4
Aripiprazole	binds	CHRM5
Aripiprazole	binds	OPRK1
Aripiprazole	binds	OPRM1
Aripiprazole	binds	OPRD1
Aripiprazole	binds	GRIN1
Aripiprazole	modulates	SLC6A3
Aripiprazole	modulates	SLC6A4
Aripiprazole	inhibits	ABCB1
Aripiprazole	binds	ABCG2
Aripiprazole	binds	ALB
Chlorprothixene	inhibits	DRD2
Chlorprothixene	inhibits	DRD1
Chlorprothixene	inhibits	DRD3
Chlorprothixene	inhibits	HTR2A
Chlorprothixene	inhibits	HRH1
Chlorprothixene	inhibits	HTR1A
Chlorprothixene	inhibits	CHRM1
Chlorprothixene	inhibits	CHRM2
Chlorprothixene	inhibits	CHRM3
Chlorprothixene	inhibits	CHRM4
Chlorprothixene	inhibits	CHRM5
Chlorprothixene	inhibits	ABCB1
Epoprostenol	induces	PTGIS
Epoprostenol	activates	P2RY12
Epoprostenol	activates	PTGIR
Gemfibrozil	inhibits	CYP2C8
Gemfibrozil	inhibits	CYP2C19
Gemfibrozil	inhibits	CYP2C9
Gemfibrozil	inhibits	CYP1A2
Gemfibrozil	substrate_of	CYP3A4
Gemfibrozil	substrate_of	UGT2B7
Gemfibrozil	substrate_of	UGT1A1
Gemfibrozil	inhibits	UGT1A1
Gemfibrozil	substrate_of	UGT1A3
Gemfibrozil	inhibits	UGT1A3
Gemfibrozil	substrate_of	UGT1A9
Gemfibrozil	substrate_of	UGT2B4
Gemfibrozil	substrate_of	UGT2B17
Gemfibrozil	activates	PPARA
Gemfibrozil	activates	LPL
Gemfibrozil	inhibits	SLCO1B1
Gemfibrozil	inhibits	SLC22A8
Gemfibrozil	inhibits	SLCO2B1
Gemfibrozil	inhibits	SLCO1B3
Gemfibrozil	binds	ALB
Clomipramine	substrate_of	CYP2D6
Clomipramine	inhibits	CYP2D6
Clomipramine	substrate_of	CYP2C19
Clomipramine	substrate_of	CYP1A2
Clomipramine	substrate_of	CYP3A4
Clomipramine	inhibits	SLC6A4
Clomipramine	inhibits	HTR2A
Clomipramine	inhibits	HTR2B
Clomipramine	inhibits	HTR2C
Clomipramine	inhibits	SLC6A2
Clomipramine	inhibits	GSTP1
Clomipramine	inhibits	ABCB1
Clomipramine	substrate_of	ALB
Bepridil	substrate_of	CYP2D6
Bepridil	inhibits	CYP2D6
Bepridil	substrate_of	CYP3A4
Bepridil	inhibits	CACNA1A
Bepridil	inhibits	CACNA1H
Bepridil	inhibits	CACNA2D2
Bepridil	inhibits	ATP1A1
Bepridil	inhibits	KCNQ1
Bepridil	binds	TNNC1
Bepridil	inhibits	PDE1B
Bepridil	inhibits	PDE1A
Bepridil	inhibits	KCNH2
Bepridil	binds	CALM1
Bepridil	inhibits	ABCB1
Alimemazine	inhibits	HRH1
Isocarboxazid	inhibits	MAOA
Isocarboxazid	inhibits	MAOB
Docetaxel	substrate_of	CYP3A4
Docetaxel	inhibits	CYP3A4
Docetaxel	substrate_of	CYP3A5
Docetaxel	substrate_of	CYP3A7
Docetaxel	binds	CYP1B1
Docetaxel	inhibits	TUBB1
Docetaxel	binds	BCL2
Docetaxel	binds	NR1I2
Docetaxel	substrate_of	ABCB1
Docetaxel	substrate_of	ABCC10
Docetaxel	substrate_of	SLCO1B3
Docetaxel	substrate_of	SLC22A7
Docetaxel	substrate_of	ABCG2
Docetaxel	substrate_of	ABCC2
Docetaxel	substrate_of	ABCC1
Olsalazine	inhibits	PTGS1
Olsalazine	inhibits	TPMT
Olsalazine	inhibits	XDH
Olsalazine	binds	SLC2A9
Olsalazine	binds	SLC22A6
Olsalazine	binds	SLC22A8
Olsalazine	binds	SLC20A1
Olsalazine	inhibits	ATP1A1
Dasatinib	substrate_of	CYP1A1
Dasatinib	substrate_of	CYP1A2
Dasatinib	substrate_of	CYP1B1
Dasatinib	substrate_of	CYP3A5
Dasatinib	substrate_of	FMO3
Dasatinib	substrate_of	CYP3A4
Dasatinib	inhibits	CYP3A4
Dasatinib	inhibits	ABL1
Dasatinib	inhibits	SRC
Dasatinib	inhibits	EPHA2
Dasatinib	inhibits	LCK
Dasatinib	inhibits	YES1
Dasatinib	inhibits	KIT
Dasatinib	inhibits	PDGFRB
Dasatinib	inhibits	FYN
Dasatinib	inhibits	BCR
Dasatinib	inhibits	STAT5B
Dasatinib	binds	ABL2
Dasatinib	inhibits	BTK
Dasatinib	inhibits	NR4A3
Dasatinib	inhibits	CSK
Dasatinib	inhibits	EPHA5
Dasatinib	inhibits	EPHB4
Dasatinib	inhibits	FGR
Dasatinib	binds	FRK
Dasatinib	binds	HSPA8
Dasatinib	inhibits	LYN
Dasatinib	binds	MAP3K20
Dasatinib	binds	MAPK14
Dasatinib	binds	PPAT
Dasatinib	substrate_of	ABCB1
Dasatinib	inhibits	ABCB1
Dasatinib	substrate_of	ABCG2
Dasatinib	inhibits	ABCG2
Lisdexamfetamine	activates	TAAR1
Lisdexamfetamine	substrate_of	SLC15A1
Lapatinib	substrate_of	CYP3A4
Lapatinib	inhibits	CYP3A4
Lapatinib	substrate_of	CYP3A5
Lapatinib	substrate_of	CYP2C8
Lapatinib	inhibits	CYP2C8
Lapatinib	substrate_of	CYP2C19
Lapatinib	inhibits	EGFR
Lapatinib	inhibits	ERBB2
Lapatinib	inhibits	EEF2K
Lapatinib	inhibits	ABCB1
Lapatinib	inhibits	TAP1
Sitagliptin	substrate_of	CYP3A4
Sitagliptin	substrate_of	CYP2C8
Sitagliptin	inhibits	DPP4
Sitagliptin	substrate_of	ABCB1
Sitagliptin	substrate_of	SLC22A8
Posaconazole	substrate_of	CYP3A4
Posaconazole	inhibits	CYP3A4
Posaconazole	inhibits	ERG11
Posaconazole	substrate_of	ABCB1
Posaconazole	inhibits	ABCB1
Darunavir	inhibits	CYP2D6
Darunavir	substrate_of	CYP3A4
Darunavir	inhibits	CYP3A4
Darunavir	inhibits	pol
Darunavir	modulates	gag-pol
Darunavir	inhibits	SLCO1B1
Darunavir	substrate_of	ABCB1
Darunavir	inhibits	ABCB1
Darunavir	induces	ABCB1
Darunavir	substrate_of	ALB
Darunavir	substrate_of	ORM1
Telbivudine	binds	P
Paliperidone	substrate_of	CYP3A4
Paliperidone	substrate_of	CYP2D6
Paliperidone	substrate_of	CYP3A5
Paliperidone	inhibits	HTR2A
Paliperidone	inhibits	DRD2
Paliperidone	inhibits	DRD4
Paliperidone	inhibits	DRD3
Paliperidone	inhibits	HTR2C
Paliperidone	inhibits	HRH1
Paliperidone	inhibits	ADRA1A
Paliperidone	inhibits	ADRA1B
Paliperidone	inhibits	HTR1D
Paliperidone	inhibits	ADRA2A
Paliperidone	inhibits	ADRA2B
Paliperidone	activates	ADRA2C
Paliperidone	inhibits	HTR1A
Paliperidone	inhibits	DRD1
Paliperidone	inhibits	HTR7
Paliperidone	substrate_of	ABCB1
Paliperidone	inhibits	ABCB1
Sunitinib	substrate_of	CYP3A4
Sunitinib	inhibits	CYP3A4
Sunitinib	substrate_of	CYP3A5
Sunitinib	substrate_of	CYP3A7
Sunitinib	inhibits	PDGFRB
Sunitinib	inhibits	FLT1
Sunitinib	inhibits	KIT
Sunitinib	inhibits	KDR
Sunitinib	inhibits	FLT4
Sunitinib	inhibits	FLT3
Sunitinib	inhibits	CSF1R
Sunitinib	inhibits	PDGFRA
Sunitinib	inhibits	MET
Sunitinib	inhibits	ABCC4
Sunitinib	inhibits	ABCB1
Sunitinib	inhibits	ABCC2
Sunitinib	inhibits	ABCG2
Varenicline	activates	CHRNA4
Varenicline	activates	CHRNA7
Varenicline	activates	CHRNA3
Varenicline	activates	CHRNA6
Varenicline	activates	CHRNB2
Varenicline	substrate_of	SLC22A2
Varenicline	inhibits	SLC22A2
Hydralazine	inhibits	CYP3A4
Hydralazine	inhibits	AOC3
Hydralazine	induces	HIF1A
Hydralazine	inhibits	P4HA1
Hydralazine	binds	ALB
Exenatide	substrate_of	DPP4
Exenatide	activates	GLP1R
Exenatide	binds	ALB
Mecasermin	binds	IGF1
Mecasermin	activates	IGF1R
Mecasermin	inhibits	IGFBP3
Mecasermin	activates	INSR
Mecasermin	activates	IGF2R
Mecasermin	binds	IGFBP3
Mecasermin	binds	IGFALS
Mecasermin	binds	IGFBP1
Mecasermin	binds	IGFBP2
Mecasermin	binds	IGFBP4
Mecasermin	binds	IGFBP5
Mecasermin	binds	IGFBP6
Pramlintide	activates	CALCR
Pramlintide	activates	RAMP1
Pramlintide	activates	RAMP2
Pramlintide	activates	RAMP3
Pramlintide	activates	GLP1R
Lumiracoxib	substrate_of	CYP2C19
Lumiracoxib	substrate_of	UGT1A9
Lumiracoxib	substrate_of	CYP1A2
Lumiracoxib	substrate_of	CYP2C9
Lumiracoxib	inhibits	PTGS2
Lumiracoxib	inhibits	PTGS1
Fenoterol	activates	ADRB2
Fenoterol	activates	ADRB1
Fenoterol	activates	ADRB3
Practolol	substrate_of	CYP2D6
Practolol	inhibits	ADRB1
Sulfadoxine	inhibits	MAOB
Sulfadoxine	binds	folP
Rolitetracycline	inhibits	rpsI
Oxtriphylline	substrate_of	CYP1A2
Oxtriphylline	inhibits	PDE3A
Oxtriphylline	inhibits	PDE4A
Oxtriphylline	inhibits	ADORA2A
Oxtriphylline	inhibits	ADORA1
Oxtriphylline	activates	HDAC2
Oxtriphylline	inhibits	SLC22A7
Insulin aspart	induces	CYP1A2
Insulin aspart	activates	INSR
Insulin aspart	modulates	INS
Insulin aspart	activates	IGF1R
Insulin detemir	induces	CYP1A2
Insulin detemir	substrate_of	IDE
Insulin detemir	activates	INSR
Insulin detemir	modulates	INS
Insulin detemir	activates	IGF1R
Insulin detemir	binds	ALB
Insulin glulisine	induces	CYP1A2
Insulin glulisine	activates	INSR
Insulin glulisine	activates	IGF1R
Fosamprenavir	substrate_of	CYP3A4
Fosamprenavir	inhibits	CYP3A4
Fosamprenavir	inhibits	pol
Fosamprenavir	inhibits	gag-pol
Fosphenytoin	induces	CYP1A2
Fosphenytoin	inhibits	UGT1A6
Fosphenytoin	inhibits	UGT1A9
Fosphenytoin	substrate_of	CYP2C19
Fosphenytoin	induces	CYP2B6
Fosphenytoin	substrate_of	CYP2C9
Fosphenytoin	induces	CYP2C9
Fosphenytoin	substrate_of	CYP3A4
Fosphenytoin	induces	CYP3A4
Fosphenytoin	inhibits	SCN5A
Fosphenytoin	binds	ALB
Fosphenytoin	substrate_of	SERPINA7
Polythiazide	inhibits	SLC12A3
Polythiazide	substrate_of	SLC22A6
Polythiazide	substrate_of	SLC22A8
Polythiazide	binds	ALB
Quinethazone	inhibits	SLC12A1
Quinethazone	inhibits	SLC12A2
Quinethazone	inhibits	SLC12A3
Quinethazone	inhibits	CA1
Quinethazone	inhibits	CA2
Cefamandole	inhibits	pbpA
Cefamandole	inhibits	SLC22A6
Cefamandole	inhibits	SLC22A8
Cefamandole	inhibits	SLC22A11
Cefamandole	inhibits	SLC22A7
Cefoperazone	inhibits	ftsI
Cefoperazone	inhibits	mrcB
Cefoperazone	inhibits	mrdA
Cefoperazone	inhibits	mrcA
Cefoperazone	inhibits	ponB
Cefoperazone	inhibits	dacC
Cefoperazone	inhibits	dacA
Cefoperazone	inhibits	dacB
Cefoperazone	inhibits	SLC22A6
Cefoperazone	inhibits	SLC22A8
Cefoperazone	inhibits	SLC22A11
Cefoperazone	inhibits	SLC22A7
Cefoperazone	binds	ALB
Cefotetan	inhibits	pbp3
Cefotetan	binds	ALB
Cefradine	induces	CYP3A4
Cefradine	inhibits	mrcA
Cefradine	inhibits	SLC22A5
Cefradine	substrate_of	SLC15A1
Cefradine	inhibits	SLC15A1
Cefradine	inhibits	SLC15A2
Cefradine	inhibits	SLC22A6
Cefradine	substrate_of	SLC47A1
Cilazapril	inhibits	ACE
Cilazapril	inhibits	ABCB1
Cilazapril	substrate_of	SLC15A1
Cilazapril	substrate_of	SLC15A2
Spirapril	inhibits	ACE
Spirapril	substrate_of	SLC15A1
Spirapril	substrate_of	SLC15A2
Amobarbital	binds	GABRA1
Amobarbital	binds	GABRA2
Amobarbital	binds	GABRA3
Amobarbital	binds	GABRA4
Amobarbital	binds	GABRA5
Amobarbital	binds	GABRA6
Amobarbital	inhibits	CHRNA4
Amobarbital	inhibits	CHRNA7
Amobarbital	inhibits	GRIA2
Amobarbital	inhibits	GRIK2
Procaterol	activates	ADRB2
Rasagiline	substrate_of	CYP1A2
Rasagiline	inhibits	MAOB
Rasagiline	activates	BCL2
Cortisone acetate	substrate_of	CYP3A4
Cortisone acetate	induces	CYP3A4
Cortisone acetate	induces	CYP3A5
Cortisone acetate	activates	NR3C1
Cortisone acetate	modulates	ESRRG
Cortisone acetate	modulates	ESRRB
Cortisone acetate	modulates	ESRRA
Cortisone acetate	induces	ANXA1
Cortisone acetate	inhibits	SLCO1A2
Cortisone acetate	substrate_of	ABCB1
Cortisone acetate	induces	ABCB1
Cortisone acetate	substrate_of	SLC22A8
Cortisone acetate	binds	SERPINA6
Cortisone acetate	binds	ALB
Ginkgo biloba	inhibits	CYP2C9
Ginkgo biloba	inhibits	CYP3A4
Ginkgo biloba	induces	CYP3A4
Ginkgo biloba	inhibits	CYP1B1
Ginkgo biloba	inhibits	CYP1A1
Ginkgo biloba	inhibits	CYP1A2
Ginkgo biloba	inhibits	SLC6A2
Ginkgo biloba	inhibits	PLA2G2A
Ginkgo biloba	inhibits	GLRA1
Ginkgo biloba	modulates	GABRA1
Ginkgo biloba	modulates	GABRB2
Ginkgo biloba	modulates	GABRG2
Ginkgo biloba	inhibits	MAOA
Ginkgo biloba	inhibits	NOS2
Sodium bicarbonate	binds	KCND3
Sodium bicarbonate	binds	CACNA1H
Sodium bicarbonate	substrate_of	SLC4A4
Sodium bicarbonate	substrate_of	SLC4A7
Sodium bicarbonate	substrate_of	SLC4A8
Sodium bicarbonate	substrate_of	SLC4A5
Sodium bicarbonate	substrate_of	SLC4A10
Yohimbine	substrate_of	CYP2D6
Yohimbine	substrate_of	CYP3A4
Yohimbine	inhibits	ADRA2A
Yohimbine	inhibits	ADRA2B
Yohimbine	inhibits	ADRA2C
Yohimbine	activates	HTR1A
Yohimbine	activates	HTR1B
Yohimbine	activates	HTR1D
Yohimbine	inhibits	DRD2
Yohimbine	inhibits	DRD3
Yohimbine	inhibits	HTR2A
Yohimbine	inhibits	HTR2C
Yohimbine	inhibits	KCNJ1
Yohimbine	inhibits	HTR2B
Bezafibrate	induces	CYP1A1
Bezafibrate	inhibits	CYP2C8
Bezafibrate	substrate_of	CYP3A4
Bezafibrate	activates	PPARD
Bezafibrate	activates	PPARG
Bezafibrate	activates	PPARA
Bezafibrate	activates	NR1I2
Bezafibrate	activates	RXRA
Bezafibrate	activates	RXRB
Bezafibrate	activates	RXRG
Bezafibrate	inhibits	SLCO1B1
Colchicine	substrate_of	CYP3A4
Colchicine	inhibits	CYP3A4
Colchicine	inhibits	CYP2B6
Colchicine	inhibits	CYP2C8
Colchicine	induces	CYP2E1
Colchicine	inhibits	TUBB
Colchicine	binds	TUBB
Colchicine	substrate_of	ABCB1
Colchicine	induces	ABCB1
Colchicine	binds	ALB
Drospirenone	inhibits	PTGS2
Drospirenone	induces	PTGS2
Drospirenone	substrate_of	PON1
Drospirenone	substrate_of	CYP3A4
Drospirenone	inhibits	NR3C2
Drospirenone	inhibits	AR
Drospirenone	activates	PGR
Drospirenone	binds	NR3C1
Digitoxin	inhibits	CYP11A1
Digitoxin	substrate_of	CYP3A4
Digitoxin	inhibits	ATP1A1
Digitoxin	inhibits	ATP1B3
Digitoxin	inhibits	ATP1B2
Digitoxin	inhibits	ATP1B1
Digitoxin	inhibits	ATP1A3
Digitoxin	inhibits	ATP1A2
Digitoxin	inhibits	SLCO1A2
Digitoxin	inhibits	SLCO4C1
Digitoxin	substrate_of	ABCB1
Digitoxin	binds	ALB
Salsalate	inhibits	PTGS2
Salsalate	inhibits	PTGS1
Methotrimeprazine	inhibits	CYP2E1
Methotrimeprazine	substrate_of	CYP2D6
Methotrimeprazine	inhibits	CYP2D6
Methotrimeprazine	inhibits	DRD2
Methotrimeprazine	inhibits	DRD1
Methotrimeprazine	inhibits	DRD5
Methotrimeprazine	inhibits	DRD3
Methotrimeprazine	inhibits	DRD4
Methotrimeprazine	inhibits	HTR2A
Methotrimeprazine	inhibits	HTR2C
Methotrimeprazine	inhibits	HRH1
Methotrimeprazine	inhibits	CHRM1
Methotrimeprazine	inhibits	CHRM2
Methotrimeprazine	inhibits	CHRM3
Methotrimeprazine	inhibits	CHRM4
Methotrimeprazine	inhibits	CHRM5
Methotrimeprazine	inhibits	ADRA1A
Methotrimeprazine	inhibits	ADRA1B
Methotrimeprazine	inhibits	ADRA1D
Methotrimeprazine	inhibits	ADRA2A
Methotrimeprazine	inhibits	ADRA2B
Methotrimeprazine	inhibits	ADRA2C
Danazol	inhibits	CYP3A4
Danazol	inhibits	CYP19A1
Danazol	activates	ESR1
Danazol	activates	AR
Danazol	activates	PGR
Danazol	modulates	GNRHR
Danazol	modulates	GNRHR2
Danazol	inhibits	CCL2
Danazol	inhibits	SHBG
Tiotropium	substrate_of	CYP2D6
Tiotropium	substrate_of	CYP3A4
Tiotropium	inhibits	CHRM3
Tiotropium	inhibits	CHRM1
Tiotropium	inhibits	CHRM2
Tiotropium	inhibits	CHRM4
Tiotropium	inhibits	CHRM5
Tiotropium	substrate_of	SLC22A5
Tiotropium	substrate_of	SLC22A4
Ceftibuten	inhibits	ftsI
Ceftibuten	inhibits	mrcA
Ceftibuten	inhibits	mrcB
Ceftibuten	inhibits	mrdA
Ceftibuten	substrate_of	SLC15A1
Ceftibuten	inhibits	SLC15A1
Ceftibuten	inhibits	SLC15A2
Ceftibuten	substrate_of	SLC22A6
Ceftibuten	substrate_of	SLC22A8
Ceftibuten	inhibits	SLC22A8
Cefpodoxime	inhibits	ftsI
Acenocoumarol	substrate_of	CYP2C9
Acenocoumarol	substrate_of	CYP1A2
Acenocoumarol	substrate_of	CYP2C19
Acenocoumarol	substrate_of	CYP3A4
Acenocoumarol	inhibits	VKORC1
Acenocoumarol	substrate_of	ABCB1
Acenocoumarol	binds	ALB
Acenocoumarol	binds	ORM1
Paromomycin	inhibits	rpsJ
Paromomycin	inhibits	RPSA
Paromomycin	inhibits	RPL10L
Antipyrine	substrate_of	CYP2A6
Antipyrine	substrate_of	CYP2B6
Antipyrine	substrate_of	CYP2C18
Antipyrine	substrate_of	CYP2D6
Antipyrine	substrate_of	CYP2E1
Antipyrine	substrate_of	CYP2C8
Antipyrine	substrate_of	CYP2C9
Antipyrine	substrate_of	CYP1A2
Antipyrine	substrate_of	CYP2C19
Antipyrine	substrate_of	CYP3A4
Antipyrine	inhibits	PTGS1
Antipyrine	inhibits	PTGS2
Antipyrine	inhibits	SLC22A6
Alfacalcidol	activates	VDR
Alfacalcidol	binds	CYP27B1
Alfacalcidol	binds	RXRA
Alfacalcidol	substrate_of	GC
Glutethimide	inhibits	CYP11A1
Glutethimide	activates	GABRA1
Glutethimide	modulates	GABRA1
Glutethimide	induces	CYP2D6
Phenazopyridine	inhibits	SCN1A
Diamorphine	activates	OPRM1
Diamorphine	activates	OPRK1
Diamorphine	activates	OPRD1
Diamorphine	binds	CES1
Diamorphine	induces	SERPINA7
Difenoxin	inhibits	OPRM1
Flunitrazepam	substrate_of	CYP2A6
Flunitrazepam	inhibits	UGT2B7
Flunitrazepam	substrate_of	CYP2B6
Flunitrazepam	substrate_of	CYP2C9
Flunitrazepam	substrate_of	CYP3A4
Flunitrazepam	inhibits	CYP2E1
Flunitrazepam	inhibits	UGT1A1
Flunitrazepam	inhibits	UGT1A3
Flunitrazepam	substrate_of	CYP2C19
Flunitrazepam	modulates	GABRA1
Flunitrazepam	binds	GABRA1
Flunitrazepam	activates	TSPO
Dihydrocodeine	substrate_of	CYP3A4
Dihydrocodeine	substrate_of	CYP2D6
Dihydrocodeine	inhibits	OPRM1
Cloxazolam	modulates	GABRA1
Cloxazolam	binds	GABRA1
Bromazepam	substrate_of	CYP1A2
Bromazepam	substrate_of	CYP2C19
Bromazepam	inhibits	CYP2E1
Bromazepam	modulates	GABRA1
Bromazepam	binds	GABRA1
Fludiazepam	binds	GABRA1
Fludiazepam	binds	GABRA2
Fludiazepam	binds	GABRA3
Fludiazepam	binds	GABRA5
Fludiazepam	binds	GABRG1
Fludiazepam	binds	GABRG2
Fludiazepam	binds	GABRG3
Fludiazepam	binds	GABRB1
Fludiazepam	binds	GABRB2
Fludiazepam	binds	GABRB3
Fludiazepam	binds	GABRD
Fludiazepam	binds	GABRE
Fludiazepam	binds	GABRP
Fludiazepam	binds	GABRR1
Fludiazepam	binds	GABRR2
Fludiazepam	binds	GABRR3
Fludiazepam	activates	TSPO
Dextroamphetamine	substrate_of	CYP2D6
Dextroamphetamine	substrate_of	tynA
Dextroamphetamine	induces	SLC18A2
Dextroamphetamine	modulates	SLC6A2
Dextroamphetamine	modulates	SLC6A3
Dextroamphetamine	activates	TAAR1
Dextroamphetamine	inhibits	ADRA1B
Dextroamphetamine	inhibits	ADRA1A
Dextroamphetamine	induces	ADRA1A
Dextroamphetamine	binds	SLC6A3
Phendimetrazine	activates	ADRA1A
Phendimetrazine	modulates	SLC6A2
Phendimetrazine	activates	ADRA1B
Oxprenolol	substrate_of	CYP2D6
Oxprenolol	inhibits	CYP2D6
Oxprenolol	inhibits	ADRB1
Oxprenolol	binds	ADRB3
Oxprenolol	inhibits	ADRB2
Oxprenolol	inhibits	SLC22A2
Liotrix	inhibits	CYP2C8
Liotrix	substrate_of	CYP3A4
Liotrix	activates	THRA
Liotrix	activates	THRB
Liotrix	substrate_of	SLCO1A2
Liotrix	substrate_of	SLCO1B1
Liotrix	substrate_of	SLCO1B3
Liotrix	substrate_of	SLCO4C1
Liotrix	substrate_of	SLC10A1
Liotrix	substrate_of	SLCO1C1
Liotrix	inhibits	SLCO1C1
Liotrix	substrate_of	SLCO4A1
Liotrix	inhibits	SLCO4A1
Liotrix	inhibits	SLC22A8
Liotrix	inhibits	SLC16A2
Liotrix	inhibits	SLC16A10
Liotrix	induces	ABCB1
Liotrix	binds	TTR
Liotrix	substrate_of	SERPINA7
Liotrix	binds	ALB
Ursodeoxycholic acid	induces	CYP3A4
Ursodeoxycholic acid	inhibits	AKR1C2
Ursodeoxycholic acid	activates	BLVRA
Ursodeoxycholic acid	activates	SLC23A2
Ursodeoxycholic acid	activates	NR1H4
Ursodeoxycholic acid	substrate_of	ABCB11
Ursodeoxycholic acid	inhibits	ABCB11
Ursodeoxycholic acid	induces	ABCB11
Ursodeoxycholic acid	substrate_of	SLCO1A2
Ursodeoxycholic acid	inhibits	SLCO1A2
Ursodeoxycholic acid	induces	SLCO1A2
Ursodeoxycholic acid	induces	ABCC2
Ursodeoxycholic acid	inhibits	ABCC4
Ursodeoxycholic acid	inhibits	SLC10A2
Ursodeoxycholic acid	substrate_of	SLC10A1
Ursodeoxycholic acid	inhibits	SLC10A1
Ursodeoxycholic acid	binds	SLC26A3
Ketazolam	substrate_of	CYP3A4
Ketazolam	inhibits	CYP3A4
Ketazolam	modulates	GABRA1
Ketazolam	binds	GABRA1
Ketazolam	substrate_of	ABCB1
Ketazolam	binds	ALB
Prazepam	substrate_of	CYP3A4
Prazepam	modulates	GABRA1
Prazepam	binds	GABRA1
Prazepam	modulates	TSPO
Quazepam	substrate_of	CYP3A4
Quazepam	substrate_of	CYP2C19
Quazepam	substrate_of	CYP2C9
Quazepam	modulates	GABRA1
Quazepam	binds	GABRA1
Quazepam	modulates	TSPO
Everolimus	inhibits	CYP2D6
Everolimus	substrate_of	CYP3A4
Everolimus	inhibits	MTOR
Everolimus	inhibits	SLCO1B1
Everolimus	inhibits	SLCO1B3
Everolimus	inhibits	SLCO1A2
Everolimus	substrate_of	ABCB1
Everolimus	inhibits	ABCB1
Solifenacin	substrate_of	CYP1A1
Solifenacin	substrate_of	CYP2D6
Solifenacin	substrate_of	CYP3A4
Solifenacin	inhibits	CHRM3
Solifenacin	inhibits	CHRM2
Solifenacin	inhibits	CHRM4
Solifenacin	inhibits	CHRM5
Solifenacin	inhibits	CHRM1
Solifenacin	binds	ORM1
Iron	activates	HBA1
Iron	binds	TFRC
Iron	binds	EGLN1
Iron	binds	HDAC8
Iron	binds	AHSP
Iron	binds	FXN
Iron	binds	FTH1
Iron	binds	FEN1
Iron	binds	NEIL1
Iron	binds	NEIL2
Iron	binds	POLB
Iron	binds	CP
Iron	binds	TF
Zinc	substrate_of	CA1
Zinc	binds	BDKRB1
Zinc	binds	MGMT
Zinc	binds	ALDOA
Zinc	binds	EEF1A1
Zinc	binds	ENO1
Zinc	binds	GAPDHS
Zinc	binds	NME1
Zinc	binds	P4HB
Zinc	binds	PDIA3
Zinc	binds	PRDX1
Zinc	binds	PSPH
Zinc	binds	TPI1
Zinc	binds	TUFM
Zinc	binds	ESR1
Zinc	binds	IL3
Zinc	binds	MT2A
Zinc	binds	CCS
Zinc	binds	HDAC1
Zinc	binds	HDAC4
Zinc	binds	MPG
Zinc	binds	SEMG1
Zinc	binds	SOD1
Zinc	binds	HDAC8
Zinc	binds	SIVA1
Zinc	binds	GLRA1
Zinc	binds	MDM2
Zinc	binds	INS
Zinc	binds	UTRN
Zinc	binds	ASPA
Zinc	binds	S100A8
Zinc	binds	S100A9
Zinc	binds	MMP9
Zinc	binds	TP73
Zinc	binds	S100A2
Zinc	binds	TP53
Zinc	binds	MT3
Zinc	binds	PDCD6
Zinc	binds	DAND5
Zinc	binds	MT1A
Zinc	binds	A1BG
Zinc	binds	A2M
Zinc	binds	AGT
Zinc	binds	AHSG
Zinc	binds	APCS
Zinc	binds	APOA1
Zinc	binds	APOA2
Zinc	binds	APOA4
Zinc	binds	APOBR
Zinc	binds	APOE
Zinc	binds	APOL1
Zinc	binds	C1QB
Zinc	binds	C1QC
Zinc	binds	C1R
Zinc	binds	C1S
Zinc	binds	C3
Zinc	binds	C4B
Zinc	binds	C4BPA
Zinc	binds	C4BPB
Zinc	binds	C5
Zinc	binds	BRCC3
Zinc	binds	C8A
Zinc	binds	C8B
Zinc	binds	C8G
Zinc	binds	CFB
Zinc	binds	CFH
Zinc	binds	CFI
Zinc	binds	CLU
Zinc	binds	CP
Zinc	binds	CPN1
Zinc	binds	CPN2
Zinc	binds	DCD
Zinc	binds	DSP
Zinc	binds	F12
Zinc	binds	F13B
Zinc	binds	F2
Zinc	binds	FCN3
Zinc	binds	FGA
Zinc	binds	FN1
Zinc	binds	GSN
Zinc	binds	HBA1
Zinc	binds	HBB
Zinc	binds	HPR
Zinc	binds	HRNR
Zinc	binds	IGFALS
Zinc	binds	IGHA1
Zinc	binds	IGHM
Zinc	binds	IGKV1-17
Zinc	binds	IGKV3-20
Zinc	binds	IGLV3-21
Zinc	binds	ITIH1
Zinc	binds	ITIH2
Zinc	binds	ITIH3
Zinc	binds	ITIH4
Zinc	binds	JCHAIN
Zinc	binds	JUP
Zinc	binds	KLKB1
Zinc	binds	KNG1
Zinc	binds	KRT1
Zinc	binds	KRT10
Zinc	binds	KRT14
Zinc	binds	KRT16
Zinc	binds	KRT2
Zinc	binds	KRT5
Zinc	binds	KRT6A
Zinc	binds	KRT9
Zinc	binds	ORM2
Zinc	binds	PGLYRP2
Zinc	binds	PON1
Zinc	binds	PZP
Zinc	binds	S100A7
Zinc	binds	SELENOP
Zinc	binds	SERPINA1
Zinc	binds	SERPINA3
Zinc	binds	SERPINA4
Zinc	binds	SERPINA6
Zinc	binds	SERPIND1
Zinc	binds	SHBG
Zinc	binds	TF
Zinc	binds	TTR
Zinc	binds	VTN
Zinc	binds	APLP1
Zinc	binds	APLP2
Zinc	binds	APP
Zinc	binds	PARP1
Cinolazepam	modulates	GABRA1
Cinolazepam	binds	GABRA1
Cinolazepam	binds	TSPO
Nitrazepam	substrate_of	CYP3A4
Nitrazepam	inhibits	CYP2E1
Nitrazepam	modulates	GABRA1
Nitrazepam	binds	GABRA1
Nitrazepam	inhibits	GABRA1
Nitrazepam	binds	SCN1A
Probucol	inhibits	ABCA1
Probucol	binds	CES1
Tiaprofenic acid	inhibits	PTGS1
Tiaprofenic acid	inhibits	PTGS2
Lopinavir	substrate_of	CYP3A4
Lopinavir	inhibits	CYP3A4
Lopinavir	substrate_of	CYP2D6
Lopinavir	substrate_of	CYP1A2
Lopinavir	inhibits	CYP1A2
Lopinavir	inhibits	CYP2C19
Lopinavir	inhibits	CYP2B6
Lopinavir	inhibits	CYP2C9
Lopinavir	induces	CYP2C9
Lopinavir	inhibits	pol
Lopinavir	inhibits	ABCB1
Lopinavir	induces	ABCB1
Lopinavir	inhibits	SLCO1B1
Lopinavir	inhibits	SLCO1B3
Lopinavir	inhibits	ABCB11
Lopinavir	substrate_of	ORM1
Lopinavir	substrate_of	ALB
Bacampicillin	inhibits	dacA
Pivampicillin	inhibits	pbpA
Pivmecillinam	inhibits	pbpA
Periciazine	inhibits	DRD1
Periciazine	inhibits	ADRA2A
Periciazine	inhibits	ADRA1B
Periciazine	binds	AR
Deferasirox	induces	CYP3A4
Deferasirox	substrate_of	UGT1A1
Deferasirox	inhibits	UGT1A1
Deferasirox	inhibits	UGT1A3
Deferasirox	inhibits	UGT1A9
Deferasirox	inhibits	CYP2C8
Deferasirox	inhibits	CYP1A2
Valganciclovir	binds	SLC15A1
Valganciclovir	binds	SLC15A2
Valganciclovir	binds	SLC6A14
Hydroxychloroquine	substrate_of	CYP3A4
Hydroxychloroquine	substrate_of	CYP2D6
Hydroxychloroquine	inhibits	CYP2D6
Hydroxychloroquine	substrate_of	CYP2C8
Hydroxychloroquine	inhibits	TLR7
Hydroxychloroquine	inhibits	TLR9
Hydroxychloroquine	modulates	ACE2
Hydroxychloroquine	inhibits	ABCB1
Hydroxychloroquine	inhibits	SLCO1A2
Hydroxychloroquine	binds	ALB
Hydroxychloroquine	binds	ORM1
Amyl Nitrite	substrate_of	ALDH2
Amyl Nitrite	activates	NPR1
Erythrityl tetranitrate	activates	NPR1
Erythrityl tetranitrate	activates	NPR2
Acepromazine	inhibits	DRD2
Acepromazine	inhibits	DRD1
Acepromazine	inhibits	HTR2A
Acepromazine	inhibits	HTR1A
Acepromazine	inhibits	ADRA1A
Acepromazine	inhibits	ADRA1B
Acepromazine	binds	ALB
Molindone	inhibits	DRD2
Molindone	inhibits	HTR1A
Molindone	inhibits	HTR2A
Molindone	binds	CHRM1
Phenindamine	inhibits	HRH1
Phenindamine	binds	ALB
Pipotiazine	substrate_of	CYP2C19
Pipotiazine	substrate_of	CYP2D6
Pipotiazine	inhibits	CYP2D6
Pipotiazine	substrate_of	CYP3A4
Pipotiazine	inhibits	DRD2
Pipotiazine	inhibits	DRD1
Pipotiazine	inhibits	HTR2A
Pipotiazine	inhibits	HTR1A
Pipotiazine	binds	SLC22A1
Pipotiazine	binds	ALB
Thioproperazine	inhibits	DRD2
Thioproperazine	inhibits	ADRA1A
Thioproperazine	inhibits	ADRA1B
Thioproperazine	inhibits	DRD1
Thioproperazine	binds	ALB
Thiothixene	inhibits	CYP2D6
Thiothixene	substrate_of	CYP1A2
Thiothixene	inhibits	DRD2
Thiothixene	inhibits	DRD1
Thiothixene	inhibits	HTR2A
Thiothixene	binds	SLC22A1
Thiothixene	binds	ALB
Zuclopenthixol	substrate_of	CYP3A4
Zuclopenthixol	substrate_of	CYP2D6
Zuclopenthixol	inhibits	DRD1
Zuclopenthixol	inhibits	DRD5
Zuclopenthixol	inhibits	DRD2
Zuclopenthixol	inhibits	ADRA1A
Zuclopenthixol	inhibits	ADRA2A
Zuclopenthixol	inhibits	HTR2A
Zuclopenthixol	inhibits	HRH1
Pargyline	inhibits	MAOB
Pargyline	inhibits	MAOA
Etoricoxib	substrate_of	CYP2C9
Etoricoxib	inhibits	CYP2C9
Etoricoxib	inhibits	CYP2D6
Etoricoxib	substrate_of	CYP1A2
Etoricoxib	inhibits	CYP2C19
Etoricoxib	inhibits	CYP2E1
Etoricoxib	substrate_of	CYP3A4
Etoricoxib	inhibits	CYP3A4
Etoricoxib	inhibits	PTGS2
Roflumilast	substrate_of	CYP3A4
Roflumilast	substrate_of	CYP1A2
Roflumilast	inhibits	PDE4A
Cocarboxylase	binds	mdlC
Cocarboxylase	binds	pox5
Cocarboxylase	binds	budB
Cocarboxylase	binds	aceE
Cocarboxylase	binds	por
Cocarboxylase	binds	ipdC
Cocarboxylase	binds	ceaS
Cocarboxylase	binds	tktA
Vorinostat	inhibits	HDAC1
Vorinostat	inhibits	HDAC2
Vorinostat	inhibits	HDAC3
Vorinostat	inhibits	HDAC6
Vorinostat	inhibits	HDAC8
Doxecitine	substrate_of	DCK
Doxecitine	substrate_of	TK2
Cholic Acid	inhibits	PLA2G1B
Cholic Acid	inhibits	FECH
Cholic Acid	inhibits	CES1
Cholic Acid	binds	ADH1C
Cholic Acid	binds	ESRRG
Cholic Acid	binds	FABP6
Cholic Acid	binds	COX4I1
Cholic Acid	binds	MT-CO1
Cholic Acid	binds	MT-CO2
Cholic Acid	binds	MT-CO3
Cholic Acid	binds	COX5A
Cholic Acid	binds	COX5B
Cholic Acid	binds	COX6C
Cholic Acid	binds	COX7B
Cholic Acid	binds	COX7C
Cholic Acid	binds	COX8A
Cholic Acid	binds	COX6A2
Cholic Acid	binds	COX6B1
Cholic Acid	binds	COX7A1
Cholic Acid	binds	cbh
Cholic Acid	binds	NR1H4
Cholic Acid	binds	GPBAR1
Cholic Acid	substrate_of	ABCB11
Cholic Acid	inhibits	ABCB11
Cholic Acid	induces	ABCB11
Cholic Acid	induces	ABCB1
Cholic Acid	induces	ABCC1
Cholic Acid	substrate_of	SLCO1A2
Cholic Acid	inhibits	SLCO1A2
Cholic Acid	induces	SLCO1A2
Cholic Acid	substrate_of	SLC10A2
Cholic Acid	inhibits	SLC10A2
Cholic Acid	induces	SLC10A2
Cholic Acid	induces	ABCC2
Cholic Acid	substrate_of	SLCO1B1
Cholic Acid	inhibits	SLCO1B1
Cholic Acid	induces	SLCO1B1
Cholic Acid	inhibits	ABCC3
Cholic Acid	inhibits	ABCC4
Cholic Acid	substrate_of	SLC10A1
Cholic Acid	inhibits	SLC10A1
Cholic Acid	substrate_of	SLC22A8
Cholic Acid	inhibits	SLC22A8
Cholic Acid	inhibits	SLC22A7
Cholic Acid	substrate_of	SLCO1B3
Cholic Acid	binds	FABP1
Fusidic acid	substrate_of	CYP2D6
Fusidic acid	inhibits	CYP2D6
Fusidic acid	substrate_of	CYP3A4
Fusidic acid	inhibits	CYP3A4
Fusidic acid	substrate_of	UGT1A1
Fusidic acid	inhibits	fusA
Fusidic acid	inhibits	cat
Fusidic acid	inhibits	cat3
Fusidic acid	inhibits	ABCB11
Fusidic acid	inhibits	ABCC2
Fusidic acid	inhibits	ABCG2
Fusidic acid	inhibits	SLCO1B1
Flavin adenine dinucleotide	binds	MAOB
Flavin adenine dinucleotide	inhibits	NOS1
Flavin adenine dinucleotide	inhibits	DPYD
Flavin adenine dinucleotide	inhibits	XDH
Flavin adenine dinucleotide	inhibits	NQO1
Flavin adenine dinucleotide	inhibits	MAOA
Flavin adenine dinucleotide	inhibits	TXNRD1
Flavin adenine dinucleotide	inhibits	MAOB
Flavin adenine dinucleotide	inhibits	GSR
Flavin adenine dinucleotide	inhibits	NQO2
Flavin adenine dinucleotide	binds	NDUFA9
Flavin adenine dinucleotide	binds	pobA
Flavin adenine dinucleotide	binds	fccA
Flavin adenine dinucleotide	binds	ERO1B
Flavin adenine dinucleotide	binds	fprA
Flavin adenine dinucleotide	binds	CYB5R3
Flavin adenine dinucleotide	binds	choA
Flavin adenine dinucleotide	binds	thyX
Flavin adenine dinucleotide	binds	pox5
Flavin adenine dinucleotide	binds	gor
Flavin adenine dinucleotide	binds	soxA
Flavin adenine dinucleotide	binds	TPR
Flavin adenine dinucleotide	binds	IVD
Flavin adenine dinucleotide	binds	choB
Flavin adenine dinucleotide	binds	dld
Flavin adenine dinucleotide	binds	ACAD8
Flavin adenine dinucleotide	binds	AIFM1
Flavin adenine dinucleotide	binds	glf
Flavin adenine dinucleotide	binds	hmp
Flavin adenine dinucleotide	binds	thiO
Flavin adenine dinucleotide	binds	POR
Flavin adenine dinucleotide	binds	GCDH
Flavin adenine dinucleotide	binds	ACADM
Flavin adenine dinucleotide	binds	DAO
Flavin adenine dinucleotide	binds	putA
Flavin adenine dinucleotide	binds	phr
Flavin adenine dinucleotide	binds	ACADS
Flavin adenine dinucleotide	binds	IL4I1
Flavin adenine dinucleotide	binds	fadH
Flavin adenine dinucleotide	binds	xecC
Flavin adenine dinucleotide	binds	trxB
Flavin adenine dinucleotide	binds	metF
Flavin adenine dinucleotide	binds	dmg
Flavin adenine dinucleotide	binds	npr
Flavin adenine dinucleotide	binds	petH
Flavin adenine dinucleotide	binds	cysJ
Flavin adenine dinucleotide	binds	fpr
Flavin adenine dinucleotide	binds	bphA4
Flavin adenine dinucleotide	binds	phrB
Flavin adenine dinucleotide	binds	nadB
Flavin adenine dinucleotide	binds	cry
Flavin adenine dinucleotide	binds	DLD
Flavin adenine dinucleotide	binds	ifcA
Flavin adenine dinucleotide	binds	CYB5R1
Flavin adenine dinucleotide	binds	FDXR
Flavin adenine dinucleotide	binds	ACOX1
Flavin adenine dinucleotide	binds	murB
Flavin adenine dinucleotide	binds	GFER
Flavin adenine dinucleotide	binds	pheA2
Flavin adenine dinucleotide	binds	camA
Flavin adenine dinucleotide	binds	lpdA
Flavin adenine dinucleotide	binds	abfD
Flavin adenine dinucleotide	binds	pchF
Flavin adenine dinucleotide	binds	ahpF
Flavin adenine dinucleotide	binds	m-6
Flavin adenine dinucleotide	binds	GR
Flavin adenine dinucleotide	binds	pamO
Flavin adenine dinucleotide	binds	benC
Flavin adenine dinucleotide	binds	fkbI
Flavin adenine dinucleotide	binds	lpdV
Flavin adenine dinucleotide	binds	lpd
Flavin adenine dinucleotide	binds	mrsD
Flavin mononucleotide	substrate_of	FLAD1
Flavin mononucleotide	binds	POR
Flavin mononucleotide	binds	BLVRB
Flavin mononucleotide	binds	HAO1
Flavin mononucleotide	binds	PNPO
Flavin mononucleotide	binds	RFK
Flavin mononucleotide	binds	nfsA
Flavin mononucleotide	binds	NOS1
Flavin mononucleotide	binds	pyrD
Flavin mononucleotide	binds	DPYD
Flavin mononucleotide	binds	DHODH
Flavin mononucleotide	binds	nfsB
Flavin mononucleotide	binds	aroC
Flavin mononucleotide	binds	fadH
Flavin mononucleotide	binds	pyrDA
Flavin mononucleotide	binds	pdxH
Flavin mononucleotide	binds	onr
Flavin mononucleotide	binds	azoR
Flavin mononucleotide	binds	epiD
Flavin mononucleotide	binds	isiB
Flavin mononucleotide	binds	cmoJ
Flavin mononucleotide	binds	nrdI
Flavin mononucleotide	binds	ecdB
Flavin mononucleotide	binds	mdlB
Flavin mononucleotide	binds	azr
Flavin mononucleotide	binds	fldA
Flavin mononucleotide	binds	SGK1
Flavin mononucleotide	binds	fprA
Flavin mononucleotide	binds	fni
Flavin mononucleotide	binds	tmd
Flavin mononucleotide	binds	roo
Flavin mononucleotide	binds	morB
Flavin mononucleotide	binds	frp
Flavin mononucleotide	binds	RPS6KA4
Flavin mononucleotide	binds	phzG
Flavin mononucleotide	binds	HAO2
Flavin mononucleotide	binds	nox
Flavin mononucleotide	binds	PPCDC
Flavin mononucleotide	binds	gltS
Oxyphenbutazone	modulates	ALB
Oxyphenbutazone	binds	PLA2G2E
Oxyphenbutazone	inhibits	SLC22A6
Oxyphenbutazone	binds	ALB
Tiratricol	induces	CYP3A4
Tiratricol	activates	THRB
Tiratricol	activates	THRA
Tiratricol	inhibits	DHODH
Tiratricol	inhibits	SLC10A1
Carbocisteine	substrate_of	CDO1
Carbocisteine	substrate_of	PAH
Carbocisteine	induces	ST3GAL5
Carbocisteine	modulates	KEAP1
Carbocisteine	activates	NFE2L2
Carbocisteine	inhibits	PLCXD3
Thymidine	substrate_of	TYMP
Thymidine	substrate_of	TK2
Thymidine	substrate_of	TK1
Thymidine	substrate_of	SLC28A3
Thymidine	substrate_of	ABCG2
Thiotepa	substrate_of	CYP3A4
Thiotepa	inhibits	BCHE
Thiotepa	inhibits	CYP2B6
Estrone sulfate	substrate_of	CYP2C9
Estrone sulfate	inhibits	CYP2C9
Estrone sulfate	substrate_of	CYP1A2
Estrone sulfate	substrate_of	CYP3A4
Estrone sulfate	activates	ESR1
Estrone sulfate	activates	ESR2
Estrone sulfate	substrate_of	SLC47A1
Estrone sulfate	substrate_of	SLC47A2
Estrone sulfate	inhibits	SLC10A1
Estrone sulfate	binds	SHBG
Estrone sulfate	binds	ALB
Fleroxacin	inhibits	gyrA
Fleroxacin	inhibits	parC
Fleroxacin	inhibits	TOP2A
Fleroxacin	inhibits	TOP2B
Coumarin	substrate_of	CYP2C9
Coumarin	inhibits	CA12
Coumarin	inhibits	CA2
Coumarin	inhibits	CA14
Coumarin	inhibits	CA9
Coumarin	inhibits	CA6
Coumarin	inhibits	CA1
Coumarin	inhibits	CA4
Coumarin	binds	CYP2A6
Maraviroc	substrate_of	CYP3A4
Maraviroc	inhibits	CCR5
Amineptine	inhibits	SLC6A3
Amineptine	binds	SLC6A2
Amineptine	binds	SLC6A4
Clofedanol	inhibits	HRH1
Cyclandelate	substrate_of	CYP3A4
Cyclandelate	inhibits	CACNA2D1
Cyclandelate	binds	CES1
Cyproterone acetate	substrate_of	CYP3A4
Cyproterone acetate	inhibits	CYP3A4
Cyproterone acetate	inhibits	CYP19A1
Cyproterone acetate	inhibits	AR
Cyproterone acetate	binds	KLK3
Debrisoquine	substrate_of	CYP1A1
Debrisoquine	substrate_of	CYP2D6
Debrisoquine	induces	SLC6A2
Debrisoquine	substrate_of	ABCB1
Flunarizine	substrate_of	CYP3A4
Flunarizine	substrate_of	CYP2D6
Flunarizine	substrate_of	CYP2C9
Flunarizine	substrate_of	CYP1A1
Flunarizine	substrate_of	CYP1A2
Flunarizine	substrate_of	CYP2A6
Flunarizine	inhibits	CACNA1G
Flunarizine	inhibits	CACNA1H
Flunarizine	inhibits	CACNA1I
Flunarizine	inhibits	CALM1
Flunarizine	inhibits	CACNA1A
Flunarizine	inhibits	HRH1
Fluspirilene	substrate_of	CYP3A4
Fluspirilene	inhibits	DRD2
Fluspirilene	inhibits	HTR2A
Fluspirilene	inhibits	CACNG1
Tetrabenazine	substrate_of	CBR1
Tetrabenazine	substrate_of	CYP2D6
Tetrabenazine	inhibits	SLC18A2
Tetrabenazine	inhibits	DRD2
Ixabepilone	substrate_of	CYP3A4
Ixabepilone	inhibits	TUBB3
Ixabepilone	substrate_of	ABCB1
Ixabepilone	inhibits	ABCB1
Celiprolol	substrate_of	CYP2D6
Celiprolol	inhibits	ADRB1
Celiprolol	activates	ADRB2
Celiprolol	activates	ADRB3
Celiprolol	inhibits	ADRA2A
Celiprolol	inhibits	ADRA2B
Celiprolol	inhibits	ADRA2C
Roxadustat	substrate_of	CYP2C8
Roxadustat	substrate_of	UGT1A9
Roxadustat	inhibits	EGLN1
Roxadustat	inhibits	EGLN2
Roxadustat	inhibits	EGLN3
Roxadustat	inhibits	ABCG2
Roxadustat	inhibits	SLCO1B1
Roxadustat	substrate_of	SLC22A6
Roxadustat	substrate_of	SLC22A8
Roxadustat	binds	ALB
Febuxostat	substrate_of	UGT1A1
Febuxostat	substrate_of	UGT1A3
Febuxostat	substrate_of	UGT1A9
Febuxostat	substrate_of	UGT2B7
Febuxostat	substrate_of	CYP1A2
Febuxostat	substrate_of	CYP2C8
Febuxostat	substrate_of	CYP2C9
Febuxostat	inhibits	XDH
Febuxostat	inhibits	ABCG2
Febuxostat	binds	ALB
Dronedarone	substrate_of	CYP3A5
Dronedarone	inhibits	CYP3A5
Dronedarone	inhibits	CYP2J2
Dronedarone	substrate_of	CYP2D6
Dronedarone	inhibits	CYP2D6
Dronedarone	substrate_of	CYP3A4
Dronedarone	inhibits	CYP3A4
Dronedarone	inhibits	ADRA1A
Dronedarone	inhibits	ADRA1B
Dronedarone	inhibits	ADRA1D
Dronedarone	inhibits	ADRA2A
Dronedarone	inhibits	ADRA2B
Dronedarone	inhibits	ADRA2C
Dronedarone	inhibits	KCNH2
Dronedarone	inhibits	CACNA1C
Dronedarone	inhibits	CACNA1D
Dronedarone	inhibits	CACNA1F
Dronedarone	inhibits	CACNA1S
Dronedarone	inhibits	CACNB1
Dronedarone	inhibits	CACNB2
Dronedarone	inhibits	CACNB3
Dronedarone	inhibits	CACNB4
Dronedarone	inhibits	KCNK2
Dronedarone	inhibits	SCN5A
Dronedarone	inhibits	KCNJ3
Dronedarone	inhibits	KCNQ1
Dronedarone	inhibits	KCNJ12
Dronedarone	inhibits	SLC8A1
Dronedarone	inhibits	KCND3
Dronedarone	binds	KCNA5
Dronedarone	inhibits	ADRB1
Dronedarone	inhibits	THRA
Dronedarone	inhibits	ABCB1
Dronedarone	inhibits	SLC22A2
Dronedarone	inhibits	SLC22A1
Dronedarone	inhibits	SLCO1B1
Dronedarone	inhibits	SLCO1B3
Dronedarone	inhibits	SLC22A8
Dronedarone	binds	ALB
Nebivolol	substrate_of	CYP3A4
Nebivolol	substrate_of	CYP2C19
Nebivolol	substrate_of	CYP2D6
Nebivolol	inhibits	ADRB1
Nebivolol	inhibits	ADRB2
Nebivolol	activates	ADRB3
Nebivolol	binds	ALB
Nilotinib	substrate_of	CYP3A4
Nilotinib	inhibits	CYP3A4
Nilotinib	inhibits	CYP2C8
Nilotinib	induces	CYP2C8
Nilotinib	inhibits	CYP2C9
Nilotinib	inhibits	CYP2D6
Nilotinib	induces	CYP2B6
Nilotinib	inhibits	ABL1
Nilotinib	inhibits	KIT
Nilotinib	inhibits	PDGFRA
Nilotinib	inhibits	CSF3R
Nilotinib	inhibits	DDR2
Nilotinib	substrate_of	ABCB1
Nilotinib	inhibits	ABCB1
Nilotinib	substrate_of	ABCG2
Nilotinib	inhibits	ABCG2
Nilotinib	inhibits	UGT1A1
Nilotinib	inhibits	SLCO1B1
Lorcaserin	substrate_of	CYP1A2
Lorcaserin	substrate_of	CYP2A6
Lorcaserin	substrate_of	CYP2B6
Lorcaserin	substrate_of	CYP2C19
Lorcaserin	substrate_of	CYP2D6
Lorcaserin	inhibits	CYP2D6
Lorcaserin	substrate_of	CYP3A4
Lorcaserin	substrate_of	FMO1
Lorcaserin	substrate_of	CYP1A1
Lorcaserin	activates	HTR2C
Vildagliptin	inhibits	DPP4
Vildagliptin	substrate_of	ABCB1
Bepotastine	inhibits	HRH1
Milnacipran	substrate_of	CYP3A4
Milnacipran	inhibits	CYP3A4
Milnacipran	inhibits	SLC6A4
Milnacipran	inhibits	SLC6A2
Milnacipran	inhibits	GRIN1
Ximelagatran	substrate_of	CYP2C9
Ximelagatran	inhibits	F2
Flibanserin	substrate_of	CYP3A4
Flibanserin	activates	HTR1A
Flibanserin	inhibits	HTR2A
Flibanserin	inhibits	DRD4
Flibanserin	activates	DRD4
Flibanserin	inhibits	ABCB1
Desmoteplase	binds	PLG
Defibrotide	activates	ADORA1
Defibrotide	activates	ADORA2A
Defibrotide	activates	ADORA2B
Ospemifene	substrate_of	CYP3A4
Ospemifene	substrate_of	CYP2C9
Ospemifene	substrate_of	CYP2C19
Ospemifene	substrate_of	CYP2B6
Ospemifene	inhibits	CYP2D6
Ospemifene	inhibits	ESR1
Ospemifene	activates	ESR1
Crofelemer	inhibits	ANO1
Crofelemer	inhibits	CFTR
Iloperidone	substrate_of	CYP3A4
Iloperidone	substrate_of	CYP2D6
Iloperidone	inhibits	HTR2A
Iloperidone	inhibits	DRD2
Iloperidone	inhibits	HTR1A
Iloperidone	inhibits	HTR2C
Iloperidone	inhibits	HTR6
Iloperidone	inhibits	HTR7
Iloperidone	inhibits	ADRA1A
Iloperidone	inhibits	ADRA2A
Iloperidone	inhibits	ADRA2B
Iloperidone	inhibits	ADRA2C
Iloperidone	inhibits	ADRB1
Iloperidone	inhibits	ADRB2
Iloperidone	inhibits	DRD1
Iloperidone	inhibits	DRD3
Iloperidone	inhibits	DRD4
Iloperidone	inhibits	DRD5
Iloperidone	inhibits	HRH1
Lofexidine	substrate_of	CYP2D6
Lofexidine	substrate_of	CYP1A2
Lofexidine	substrate_of	CYP2C19
Lofexidine	activates	ADRA2A
Lofexidine	activates	ADRA1A
Lofexidine	activates	HTR1A
Lofexidine	activates	HTR7
Lofexidine	activates	HTR2C
Lofexidine	activates	HTR1D
Lofexidine	inhibits	ABCB5
Lofexidine	inhibits	SLC47A1
Pirfenidone	substrate_of	CYP1A2
Pirfenidone	inhibits	CYP1A2
Pirfenidone	substrate_of	CYP2C9
Pirfenidone	inhibits	CYP2C9
Pirfenidone	substrate_of	CYP2C19
Pirfenidone	inhibits	CYP2C19
Pirfenidone	substrate_of	CYP2D6
Pirfenidone	inhibits	CYP2D6
Pirfenidone	substrate_of	CYP2E1
Pirfenidone	inhibits	CYP3A4
Pirfenidone	modulates	TGFB1
Pirfenidone	inhibits	ABCB1
Pirfenidone	binds	ALB
Ezogabine	substrate_of	UGT1A1
Ezogabine	substrate_of	UGT1A3
Ezogabine	substrate_of	UGT1A4
Ezogabine	substrate_of	UGT1A9
Ezogabine	substrate_of	NAT2
Ezogabine	modulates	KCNQ3
Ezogabine	binds	KCNQ2
Ezogabine	binds	KCNQ4
Ezogabine	binds	KCNQ5
Ingenol mebutate	binds	PRKCD
Ingenol mebutate	binds	PRKCA
Migalastat	substrate_of	UGT1A1
Migalastat	binds	GLA
Migalastat	substrate_of	SLC5A1
Migalastat	inhibits	SLC5A1
Arimoclomol	inhibits	SLC22A2
Arimoclomol	substrate_of	SLC47A1
Arimoclomol	substrate_of	SLC47A2
Abaloparatide	activates	PTH1R
Ganaxolone	substrate_of	CYP3A4
Ganaxolone	substrate_of	CYP3A5
Ganaxolone	substrate_of	CYP2B6
Ganaxolone	substrate_of	CYP2C19
Ganaxolone	substrate_of	CYP2D6
Ganaxolone	modulates	GABRA1
Ancrod	binds	FGA
Trabectedin	substrate_of	PTGS1
Trabectedin	substrate_of	CYP3A4
Trabectedin	substrate_of	CYP2C9
Trabectedin	substrate_of	CYP2D6
Trabectedin	substrate_of	CYP2E1
Trabectedin	substrate_of	CYP2C19
Pretomanid	substrate_of	CYP3A4
Pretomanid	substrate_of	ddn
Pretomanid	inhibits	pcaA
Pretomanid	inhibits	cmaA2
Pretomanid	inhibits	cmaA1
Pretomanid	binds	fas
Pretomanid	binds	efpA
Pretomanid	binds	lsr2
Pretomanid	binds	inhA
Pretomanid	inhibits	SLC22A8
Elafibranor	substrate_of	PTGR1
Elafibranor	substrate_of	UGT1A3
Elafibranor	substrate_of	UGT1A4
Elafibranor	inhibits	UGT1A6
Elafibranor	substrate_of	UGT2B7
Elafibranor	substrate_of	CYP2J2
Elafibranor	substrate_of	CYP2C8
Elafibranor	induces	CYP3A4
Elafibranor	activates	PPARA
Elafibranor	activates	PPARD
Elafibranor	activates	PPARG
Elafibranor	inhibits	ABCB11
Elafibranor	substrate_of	ABCG2
Elafibranor	inhibits	ABCG2
Elafibranor	substrate_of	ABCC2
Elafibranor	inhibits	ABCC2
Elafibranor	inhibits	ABCC3
Elafibranor	binds	ALB
Beraprost	substrate_of	CYP2C8
Beraprost	activates	PTGIR
Cobimetinib	substrate_of	CYP3A4
Cobimetinib	inhibits	CYP3A4
Cobimetinib	substrate_of	UGT2B7
Cobimetinib	inhibits	CYP2D6
Cobimetinib	binds	CYP3A5
Cobimetinib	inhibits	MAP2K1
Cobimetinib	inhibits	SLCO1B1
Cobimetinib	inhibits	SLCO1B3
Cobimetinib	inhibits	ABCG2
Cobimetinib	substrate_of	ABCB1
Cobimetinib	binds	ORM1
Methsuximide	substrate_of	CYP2C19
Methsuximide	inhibits	CYP2C19
Methsuximide	inhibits	CACNA1G
Vandetanib	substrate_of	FMO1
Vandetanib	substrate_of	FMO3
Vandetanib	substrate_of	CYP3A4
Vandetanib	inhibits	RET
Vandetanib	inhibits	EGFR
Vandetanib	inhibits	KDR
Vandetanib	inhibits	VEGFA
Vandetanib	inhibits	PTK6
Vandetanib	inhibits	TEK
Vandetanib	inhibits	ABCC1
Vandetanib	inhibits	ABCG2
Vandetanib	inhibits	SLC22A2
Vandetanib	inhibits	ABCB1
Vandetanib	binds	ORM1
Vandetanib	binds	ALB
Pimavanserin	substrate_of	CYP3A4
Pimavanserin	substrate_of	CYP3A5
Pimavanserin	substrate_of	CYP2J2
Pimavanserin	substrate_of	CYP2D6
Pimavanserin	activates	HTR2A
Pimavanserin	activates	HTR2C
Pimavanserin	binds	SIGMAR1
Dexlansoprazole	substrate_of	CYP2C19
Dexlansoprazole	inhibits	CYP2C19
Dexlansoprazole	substrate_of	CYP3A4
Dexlansoprazole	inhibits	ATP4A
Dexlansoprazole	inhibits	ATP4B
Dexlansoprazole	inhibits	DDAH1
Iodine	substrate_of	TPO
Iodine	substrate_of	SLC5A5
Iodine	substrate_of	SLC26A4
Iodine	binds	ALB
Iodine	binds	TG
Palovarotene	substrate_of	CYP3A4
Palovarotene	induces	CYP3A4
Palovarotene	substrate_of	CYP2C8
Palovarotene	substrate_of	CYP2C19
Palovarotene	induces	CYP2B6
Palovarotene	activates	RARG
Palovarotene	inhibits	ABCG2
Palovarotene	inhibits	SLCO1B1
Palovarotene	inhibits	SLCO1B3
Palovarotene	inhibits	SLC22A1
Palovarotene	inhibits	ABCB11
Mavorixafor	substrate_of	CYP3A4
Mavorixafor	inhibits	CYP3A4
Mavorixafor	substrate_of	CYP2D6
Mavorixafor	inhibits	CYP2D6
Mavorixafor	substrate_of	CYP3A5
Mavorixafor	inhibits	CYP3A5
Mavorixafor	substrate_of	CYP2C19
Mavorixafor	inhibits	CYP2C19
Mavorixafor	inhibits	CYP2B6
Mavorixafor	inhibits	CYP1A2
Mavorixafor	induces	CYP1A2
Mavorixafor	inhibits	CYP2C8
Mavorixafor	inhibits	CYP2C9
Mavorixafor	inhibits	CXCR4
Mavorixafor	substrate_of	ABCB1
Mavorixafor	inhibits	ABCB1
Mavorixafor	inhibits	SLC22A2
Mavorixafor	inhibits	SLC47A1
Telaprevir	substrate_of	CYP3A4
Telaprevir	inhibits	CYP3A4
Telaprevir	inhibits	NS3/4A
Telaprevir	inhibits	SLCO1B1
Telaprevir	inhibits	SLCO2B1
Telaprevir	substrate_of	ABCB1
Telaprevir	inhibits	ABCB1
Telaprevir	substrate_of	ALB
Telaprevir	substrate_of	ORM1
Mipomersen	binds	APOB
Brivaracetam	substrate_of	CYP3A4
Brivaracetam	substrate_of	CYP2C19
Brivaracetam	substrate_of	CYP2B6
Brivaracetam	substrate_of	CYP2C9
Brivaracetam	binds	SV2A
Brivaracetam	inhibits	SCN1A
Levoketoconazole	substrate_of	CYP3A4
Levoketoconazole	inhibits	CYP3A4
Levoketoconazole	induces	CYP3A4
Levoketoconazole	inhibits	CYP2B6
Levoketoconazole	inhibits	CYP2C8
Levoketoconazole	induces	CYP1A2
Levoketoconazole	inhibits	CYP3A5
Levoketoconazole	induces	CYP3A5
Levoketoconazole	inhibits	CYP7A1
Levoketoconazole	inhibits	CYP19A1
Levoketoconazole	inhibits	CYP21A2
Levoketoconazole	inhibits	CYP17A1
Levoketoconazole	inhibits	CYP11B1
Levoketoconazole	inhibits	CYP11B2
Levoketoconazole	inhibits	CYP11A1
Levoketoconazole	inhibits	CYP51A1
Levoketoconazole	inhibits	ABCB1
Levoketoconazole	inhibits	SLC47A1
Levoketoconazole	inhibits	SLC22A2
Apremilast	substrate_of	CYP3A4
Apremilast	substrate_of	CYP2A6
Apremilast	substrate_of	CYP1A2
Apremilast	inhibits	PDE4
Apremilast	inhibits	CDK4
Apremilast	inhibits	CDK6
Apremilast	substrate_of	ABCB1
Trastuzumab emtansine	substrate_of	CYP3A4
Trastuzumab emtansine	substrate_of	CYP3A5
Trastuzumab emtansine	binds	ERBB2
Trastuzumab emtansine	substrate_of	ABCB1
Abiraterone	substrate_of	CYP3A4
Abiraterone	inhibits	CYP3A4
Abiraterone	inhibits	CYP1A2
Abiraterone	inhibits	CYP2D6
Abiraterone	inhibits	CYP2C8
Abiraterone	inhibits	CYP2C9
Abiraterone	inhibits	CYP2C19
Abiraterone	inhibits	CYP3A5
Abiraterone	substrate_of	SULT2A1
Abiraterone	inhibits	CYP17A1
Abiraterone	inhibits	ABCC1
Abiraterone	inhibits	SLCO1B1
Abiraterone	binds	ALB
Abiraterone	binds	ORM1
Obeticholic acid	inhibits	CYP1A2
Obeticholic acid	binds	CYP1A2
Obeticholic acid	activates	NR1H4
Obeticholic acid	inhibits	ABCB11
Obeticholic acid	induces	ABCB11
Cariprazine	substrate_of	CYP3A4
Cariprazine	inhibits	CYP3A4
Cariprazine	induces	CYP3A4
Cariprazine	substrate_of	CYP2D6
Cariprazine	inhibits	CYP2D6
Cariprazine	induces	CYP3A5
Cariprazine	inhibits	CYP1A2
Cariprazine	inhibits	CYP2C9
Cariprazine	inhibits	CYP2C19
Cariprazine	inhibits	CYP2E1
Cariprazine	activates	DRD3
Cariprazine	activates	DRD2
Cariprazine	activates	HTR1A
Cariprazine	inhibits	HTR2B
Cariprazine	inhibits	HTR2A
Cariprazine	inhibits	HRH1
Cariprazine	inhibits	HTR2C
Cariprazine	inhibits	ADRA1A
Cariprazine	inhibits	ABCB1
Trofinetide	inhibits	CYP3A4
Trofinetide	inhibits	UGT1A9
Trofinetide	inhibits	UGT2B7
Trofinetide	inhibits	UGT2B15
Trofinetide	inhibits	SLCO1B1
Trofinetide	inhibits	SLCO1B3
Lumateperone	substrate_of	AKR1E2
Lumateperone	substrate_of	CYP3A4
Lumateperone	substrate_of	CYP2C8
Lumateperone	substrate_of	CYP1A2
Lumateperone	substrate_of	UGT1A1
Lumateperone	substrate_of	UGT1A4
Lumateperone	substrate_of	UGT2B15
Lumateperone	substrate_of	AKR1C1
Lumateperone	substrate_of	AKR1B10
Lumateperone	substrate_of	AKR1C4
Lumateperone	inhibits	SLC6A4
Lumateperone	inhibits	HTR2A
Lumateperone	activates	DRD2
Lumateperone	activates	DRD1
Cenobamate	substrate_of	UGT2B7
Cenobamate	substrate_of	UGT2B4
Cenobamate	substrate_of	CYP2E1
Cenobamate	substrate_of	CYP2A6
Cenobamate	substrate_of	CYP2B6
Cenobamate	inhibits	CYP2B6
Cenobamate	induces	CYP2B6
Cenobamate	substrate_of	CYP2C19
Cenobamate	inhibits	CYP2C19
Cenobamate	substrate_of	CYP3A4
Cenobamate	inhibits	CYP3A4
Cenobamate	induces	CYP3A4
Cenobamate	substrate_of	CYP3A5
Cenobamate	inhibits	CYP3A5
Cenobamate	induces	CYP2C8
Cenobamate	inhibits	SCN1A
Cenobamate	modulates	GABRA1
Cenobamate	binds	ALB
Spiramycin	inhibits	rplC
Nylidrin	induces	COMT
Nylidrin	substrate_of	CYP3A4
Nylidrin	activates	IFNAR2
Nylidrin	inhibits	CACNA1I
Nylidrin	activates	CACNA1I
Pizotifen	substrate_of	UGT2B10
Pizotifen	inhibits	CHRM1
Pizotifen	inhibits	CHRM2
Pizotifen	inhibits	CHRM3
Pizotifen	inhibits	HTR2A
Pizotifen	inhibits	HTR2B
Pizotifen	inhibits	HTR2C
Pizotifen	activates	HTR1A
Pizotifen	inhibits	HTR1B
Pizotifen	inhibits	HRH1
Pizotifen	inhibits	ADRA1A
Pizotifen	inhibits	ADRA1B
Pizotifen	inhibits	ADRA1D
Pizotifen	inhibits	ADRA2A
Pizotifen	inhibits	ADRA2B
Pizotifen	inhibits	ADRA2C
Pentaerythritol tetranitrate	induces	GUCY1A2
Pentaerythritol tetranitrate	induces	NOS3
Pentaerythritol tetranitrate	substrate_of	ALDH2
Pentaerythritol tetranitrate	activates	HBA1
Pentaerythritol tetranitrate	activates	HBB
Canakinumab	binds	IL1B
Romidepsin	substrate_of	CYP3A5
Romidepsin	substrate_of	CYP1A1
Romidepsin	substrate_of	CYP2B6
Romidepsin	substrate_of	CYP2C19
Romidepsin	substrate_of	CYP3A4
Romidepsin	inhibits	HDAC1
Romidepsin	inhibits	HDAC2
Romidepsin	inhibits	HDAC4
Romidepsin	inhibits	HDAC6
Romidepsin	substrate_of	ABCB1
Romidepsin	inhibits	SLCO1B3
Romidepsin	inhibits	ABCB11
Romidepsin	inhibits	SLCO1B1
Romidepsin	inhibits	SLC22A6
Romidepsin	inhibits	SLC22A2
Atrasentan	substrate_of	CYP3A4
Atrasentan	inhibits	CYP3A4
Atrasentan	induces	CYP3A4
Atrasentan	inhibits	CYP2B6
Atrasentan	induces	CYP2B6
Atrasentan	inhibits	CYP2C8
Atrasentan	inhibits	CYP2C9
Atrasentan	substrate_of	UGT1A1
Atrasentan	inhibits	EDNRA
Atrasentan	inhibits	EDNRB
Atrasentan	substrate_of	ABCB1
Atrasentan	inhibits	ABCB1
Atrasentan	substrate_of	SLCO1B1
Atrasentan	inhibits	SLCO1B1
Atrasentan	substrate_of	SLCO1B3
Atrasentan	inhibits	SLCO1B3
Atrasentan	binds	ALB
Rufinamide	substrate_of	CES1
Rufinamide	inhibits	CYP2E1
Rufinamide	induces	CYP3A4
Rufinamide	modulates	SCN9A
Rufinamide	inhibits	GRM5
Rufinamide	substrate_of	ALB
Alogliptin	substrate_of	CYP3A4
Alogliptin	substrate_of	CYP2D6
Alogliptin	inhibits	DPP4
Tapentadol	substrate_of	CYP2C9
Tapentadol	substrate_of	CYP2C19
Tapentadol	substrate_of	CYP2D6
Tapentadol	substrate_of	UGT2B7
Tapentadol	substrate_of	UGT1A9
Tapentadol	activates	OPRM1
Tapentadol	inhibits	SLC6A2
Tapentadol	activates	OPRK1
Tapentadol	activates	OPRD1
Tapentadol	inhibits	SLC6A4
Silodosin	substrate_of	UGT2B7
Silodosin	substrate_of	ALDH2
Silodosin	substrate_of	AKR1A1
Silodosin	substrate_of	CYP3A4
Silodosin	inhibits	ADRA1A
Silodosin	inhibits	ADRA1D
Silodosin	inhibits	ADRA1B
Silodosin	binds	KCNH2
Silodosin	substrate_of	ABCB1
Silodosin	substrate_of	ABCB4
Prasugrel	substrate_of	CES2
Prasugrel	substrate_of	CYP3A4
Prasugrel	substrate_of	CYP2B6
Prasugrel	substrate_of	CYP2C9
Prasugrel	substrate_of	CYP2C19
Prasugrel	inhibits	P2RY12
Prasugrel	substrate_of	ALB
Eltrombopag	substrate_of	CYP1A2
Eltrombopag	substrate_of	UGT1A1
Eltrombopag	inhibits	UGT1A1
Eltrombopag	substrate_of	UGT1A3
Eltrombopag	inhibits	UGT1A9
Eltrombopag	substrate_of	CYP2C8
Eltrombopag	inhibits	CYP2C8
Eltrombopag	activates	MPL
Eltrombopag	inhibits	SLCO1B1
Eltrombopag	inhibits	ABCG2
Tolvaptan	substrate_of	CYP3A4
Tolvaptan	inhibits	AVPR2
Tolvaptan	inhibits	AVPR1A
Tolvaptan	substrate_of	ABCB1
Tolvaptan	inhibits	ABCB1
Regadenoson	activates	ADORA2A
Asenapine	substrate_of	UGT1A4
Asenapine	substrate_of	CYP1A2
Asenapine	substrate_of	CYP2D6
Asenapine	inhibits	CYP2D6
Asenapine	substrate_of	CYP3A4
Asenapine	inhibits	HTR2A
Asenapine	inhibits	DRD2
Asenapine	inhibits	HTR1A
Asenapine	inhibits	HTR1B
Asenapine	inhibits	HTR2B
Asenapine	inhibits	HTR2C
Asenapine	inhibits	HTR5A
Asenapine	inhibits	HTR6
Asenapine	inhibits	HTR7
Asenapine	inhibits	DRD3
Asenapine	inhibits	DRD4
Asenapine	inhibits	DRD1
Asenapine	inhibits	ADRA1A
Asenapine	inhibits	ADRA2A
Asenapine	inhibits	ADRA2B
Asenapine	inhibits	ADRA2C
Asenapine	inhibits	HRH1
Asenapine	inhibits	HRH2
Asenapine	inhibits	ADRB1
Asenapine	inhibits	ADRB2
Asenapine	binds	ALB
Asenapine	binds	ORM1
Lacosamide	substrate_of	CYP3A4
Lacosamide	substrate_of	CYP2C9
Lacosamide	substrate_of	CYP2C19
Lacosamide	inhibits	SCN11A
Lacosamide	modulates	DPYSL2
Lacosamide	binds	SCN9A
Lacosamide	binds	SCN3A
Lacosamide	binds	SCN10A
Rivaroxaban	substrate_of	CYP2J2
Rivaroxaban	substrate_of	CYP3A5
Rivaroxaban	substrate_of	CYP3A4
Rivaroxaban	inhibits	F10
Rivaroxaban	substrate_of	ABCB1
Rivaroxaban	substrate_of	ABCG2
Nalmefene	substrate_of	UGT2B7
Nalmefene	substrate_of	UGT1A3
Nalmefene	substrate_of	UGT1A8
Nalmefene	substrate_of	CYP3A4
Nalmefene	substrate_of	CYP3A5
Nalmefene	activates	OPRK1
Nalmefene	inhibits	OPRD1
Nalmefene	inhibits	OPRM1
Maribavir	substrate_of	CYP3A4
Maribavir	substrate_of	CYP1A2
Maribavir	inhibits	UL97
Maribavir	inhibits	ABCG2
Maribavir	inhibits	ABCB1
Maribavir	binds	ALB
Maribavir	binds	ORM1
Avanafil	substrate_of	CYP3A4
Avanafil	substrate_of	CYP2C9
Avanafil	inhibits	PDE5A
Avanafil	substrate_of	ABCB1
Avanafil	inhibits	ABCG2
Avanafil	binds	ALB
Avanafil	binds	ORM1
Eflornithine	inhibits	ODC1
Droxidopa	substrate_of	DDC
Droxidopa	activates	ADRA1A
Droxidopa	activates	ADRA1B
Droxidopa	activates	ADRA1D
Droxidopa	activates	ADRA2A
Droxidopa	activates	ADRA2B
Droxidopa	activates	ADRA2C
Droxidopa	activates	ADRB1
Droxidopa	activates	ADRB2
Droxidopa	activates	ADRB3
Droxidopa	inhibits	PAH
Droxidopa	substrate_of	SLC6A2
Droxidopa	inhibits	SLC16A10
Sitaxentan	inhibits	CYP2C19
Sitaxentan	substrate_of	CYP2C9
Sitaxentan	inhibits	CYP2C9
Sitaxentan	inhibits	CYP3A4
Sitaxentan	inhibits	EDNRA
Sitaxentan	inhibits	EDNRB
Sulodexide	activates	SERPIND1
Sulodexide	binds	SERPINC1
Alvimopan	inhibits	OPRM1
Alvimopan	inhibits	OPRK1
Alvimopan	inhibits	OPRD1
Levocetirizine	substrate_of	CYP3A4
Levocetirizine	inhibits	HRH1
Levocetirizine	substrate_of	SLC22A11
Levocetirizine	binds	ALB
Ziconotide	inhibits	CACNA1B
Ziconotide	inhibits	CACNA1A
Teriparatide	modulates	PTH
Teriparatide	binds	PTH1R
Temsirolimus	inhibits	CYP2D6
Temsirolimus	substrate_of	CYP3A4
Temsirolimus	substrate_of	CYP3A5
Temsirolimus	inhibits	CYP3A5
Temsirolimus	substrate_of	CYP3A7
Temsirolimus	inhibits	MTOR
Temsirolimus	substrate_of	ABCB1
Temsirolimus	inhibits	ABCB1
Amisulpride	inhibits	HTR7
Amisulpride	inhibits	HTR2A
Amisulpride	inhibits	DRD2
Amisulpride	inhibits	DRD3
Amisulpride	activates	OPRM1
Amisulpride	activates	OPRD1
Amisulpride	activates	OPRK1
Amisulpride	substrate_of	SLC47A1
Amisulpride	inhibits	SLC47A1
Amisulpride	substrate_of	SLC47A2
Amisulpride	inhibits	SLC47A2
Amisulpride	substrate_of	ABCB1
Amisulpride	substrate_of	ABCG2
Amisulpride	substrate_of	SLC22A1
Simeprevir	inhibits	CYP1A2
Simeprevir	substrate_of	CYP3A4
Simeprevir	inhibits	CYP3A4
Simeprevir	inhibits	NS3/4A
Simeprevir	substrate_of	ABCB1
Simeprevir	inhibits	ABCB1
Simeprevir	substrate_of	SLCO1B1
Simeprevir	inhibits	SLCO1B1
Simeprevir	substrate_of	SLCO1B3
Simeprevir	inhibits	SLCO1B3
Simeprevir	substrate_of	ABCC2
Simeprevir	inhibits	ABCC2
Simeprevir	substrate_of	ABCG2
Simeprevir	inhibits	ABCG2
Simeprevir	substrate_of	SLCO2B1
Simeprevir	inhibits	SLC10A1
Simeprevir	inhibits	ABCB11
Simeprevir	binds	ALB
Dapagliflozin	substrate_of	UGT1A9
Dapagliflozin	substrate_of	UGT2B4
Dapagliflozin	substrate_of	UGT2B7
Dapagliflozin	substrate_of	CYP1A1
Dapagliflozin	substrate_of	CYP1A2
Dapagliflozin	substrate_of	CYP2A6
Dapagliflozin	substrate_of	CYP2C9
Dapagliflozin	substrate_of	CYP2D6
Dapagliflozin	substrate_of	CYP3A4
Dapagliflozin	inhibits	SLC5A2
Dapagliflozin	substrate_of	ABCB1
Saxagliptin	substrate_of	CYP3A5
Saxagliptin	substrate_of	CYP3A4
Saxagliptin	inhibits	DPP4
Saxagliptin	substrate_of	ABCC1
Saxagliptin	substrate_of	SLCO4C1
Saxagliptin	substrate_of	SLC22A8
Elacestrant	substrate_of	CYP3A4
Elacestrant	substrate_of	CYP2A6
Elacestrant	substrate_of	CYP2C9
Elacestrant	inhibits	ESR1
Elacestrant	substrate_of	SLCO2B1
Elacestrant	inhibits	ABCB1
Elacestrant	inhibits	ABCG2
Bazedoxifene	substrate_of	UGT1A4
Bazedoxifene	substrate_of	UGT1A8
Bazedoxifene	substrate_of	UGT1A10
Bazedoxifene	inhibits	ESR1
Bazedoxifene	activates	ESR1
Bazedoxifene	modulates	ESR2
Idraparinux	inhibits	F10
Doxercalciferol	substrate_of	CYP27A1
Doxercalciferol	binds	VDR
Armodafinil	inhibits	CYP2C19
Armodafinil	induces	CYP3A4
Armodafinil	induces	CYP3A5
Armodafinil	induces	CYP1A2
Armodafinil	induces	CYP2B6
Armodafinil	inhibits	CYP2C9
Armodafinil	inhibits	SLC6A3
Armodafinil	activates	ADRA1D
Etravirine	substrate_of	CYP3A4
Etravirine	induces	CYP3A4
Etravirine	substrate_of	CYP2C9
Etravirine	inhibits	CYP2C9
Etravirine	substrate_of	CYP2C19
Etravirine	inhibits	CYP2C19
Etravirine	modulates	gag-pol
Etravirine	inhibits	pol
Etravirine	inhibits	ABCB1
Etravirine	inhibits	ABCB4
Cangrelor	inhibits	P2RY12
Lonafarnib	substrate_of	CYP3A4
Lonafarnib	inhibits	CYP3A4
Lonafarnib	substrate_of	CYP3A5
Lonafarnib	inhibits	CYP3A5
Lonafarnib	substrate_of	CYP2C8
Lonafarnib	inhibits	CYP2C8
Lonafarnib	substrate_of	CYP2C9
Lonafarnib	substrate_of	CYP2C19
Lonafarnib	inhibits	CYP2C19
Lonafarnib	substrate_of	CYP1A2
Lonafarnib	substrate_of	CYP2A6
Lonafarnib	substrate_of	CYP2E1
Lonafarnib	inhibits	FNTA
Lonafarnib	inhibits	FNTB
Lonafarnib	substrate_of	ABCB1
Lonafarnib	inhibits	ABCB1
Lonafarnib	inhibits	SLCO1B1
Lonafarnib	inhibits	SLCO1B3
Lonafarnib	inhibits	ABCG2
Lonafarnib	inhibits	ABCC2
Prucalopride	substrate_of	CYP3A4
Prucalopride	activates	HTR4
Prucalopride	substrate_of	ABCB1
Prucalopride	binds	ALB
Pazopanib	inhibits	CYP2D6
Pazopanib	substrate_of	CYP2C8
Pazopanib	inhibits	CYP2C8
Pazopanib	substrate_of	CYP1A2
Pazopanib	substrate_of	CYP3A4
Pazopanib	inhibits	CYP3A4
Pazopanib	inhibits	FLT1
Pazopanib	inhibits	KDR
Pazopanib	inhibits	FLT4
Pazopanib	inhibits	PDGFRA
Pazopanib	inhibits	PDGFRB
Pazopanib	inhibits	KIT
Pazopanib	inhibits	FGFR3
Pazopanib	inhibits	ITK
Pazopanib	inhibits	FGF1
Pazopanib	inhibits	SH2B3
Pazopanib	substrate_of	ABCB1
Pazopanib	substrate_of	ABCG2
Pazopanib	inhibits	SLCO1B1
Pazopanib	inhibits	UGT1A1
Midostaurin	substrate_of	CYP3A4
Midostaurin	inhibits	CYP3A4
Midostaurin	induces	CYP3A4
Midostaurin	inhibits	CYP1A2
Midostaurin	induces	CYP1A2
Midostaurin	induces	CYP2B6
Midostaurin	inhibits	CYP2C8
Midostaurin	induces	CYP2C8
Midostaurin	inhibits	CYP2C9
Midostaurin	induces	CYP2C9
Midostaurin	inhibits	CYP2C19
Midostaurin	induces	CYP2C19
Midostaurin	inhibits	CYP2D6
Midostaurin	inhibits	CYP2E1
Midostaurin	induces	CYP3A5
Midostaurin	induces	CYP3A7
Midostaurin	induces	CYP3A43
Midostaurin	inhibits	PRKCA
Midostaurin	inhibits	KDR
Midostaurin	inhibits	PDGFRA
Midostaurin	inhibits	PDGFRB
Midostaurin	inhibits	FLT3
Midostaurin	inhibits	PRKCG
Midostaurin	inhibits	KIT
Panobinostat	substrate_of	CYP3A4
Panobinostat	inhibits	CYP2D6
Panobinostat	inhibits	HDAC1
Panobinostat	substrate_of	ABCB1
Apixaban	substrate_of	CYP3A4
Apixaban	substrate_of	CYP1A2
Apixaban	substrate_of	CYP2C8
Apixaban	substrate_of	CYP2C9
Apixaban	substrate_of	CYP2C19
Apixaban	substrate_of	CYP2J2
Apixaban	substrate_of	CYP3A5
Apixaban	inhibits	F10
Apixaban	substrate_of	ABCB1
Apixaban	substrate_of	ABCG2
Tafenoquine	substrate_of	CYP2D6
Tafenoquine	substrate_of	FNR
Tafenoquine	inhibits	SLC22A2
Tafenoquine	inhibits	SLC47A1
Tafenoquine	inhibits	SLC47A2
Bosutinib	substrate_of	CYP3A4
Bosutinib	inhibits	CYP3A4
Bosutinib	inhibits	CYP2C8
Bosutinib	inhibits	LYN
Bosutinib	inhibits	MAP2K1
Bosutinib	inhibits	MAP2K2
Bosutinib	inhibits	MAP3K2
Bosutinib	inhibits	CAMK2G
Bosutinib	inhibits	FGR
Bosutinib	inhibits	HCK
Bosutinib	inhibits	TEC
Bosutinib	inhibits	SLK
Bosutinib	inhibits	SRC
Bosutinib	inhibits	ABL1
Bosutinib	substrate_of	ABCB1
Axitinib	substrate_of	CYP3A4
Axitinib	substrate_of	CYP3A5
Axitinib	substrate_of	CYP1A2
Axitinib	substrate_of	CYP2C19
Axitinib	substrate_of	UGT1A1
Axitinib	inhibits	FLT1
Axitinib	inhibits	KDR
Axitinib	inhibits	FLT4
Axitinib	inhibits	ABL1
Axitinib	substrate_of	ABCB1
Axitinib	inhibits	ABCB1
Axitinib	substrate_of	SLCO1B1
Axitinib	inhibits	SLCO1B1
Otamixaban	inhibits	F10
Isavuconazonium	induces	CYP2B6
Isavuconazonium	inhibits	CYP2D6
Isavuconazonium	inhibits	CYP2C8
Isavuconazonium	induces	CYP2C8
Isavuconazonium	inhibits	CYP2C9
Isavuconazonium	induces	CYP2C9
Isavuconazonium	inhibits	CYP2C19
Isavuconazonium	substrate_of	CYP3A4
Isavuconazonium	inhibits	CYP3A4
Isavuconazonium	induces	CYP3A4
Isavuconazonium	substrate_of	CYP3A5
Isavuconazonium	substrate_of	BCHE
Isavuconazonium	inhibits	ERG11
Isavuconazonium	inhibits	ABCB1
Isavuconazonium	inhibits	ABCG2
Isavuconazonium	inhibits	SLC22A2
Isavuconazonium	binds	ALB
Dalfampridine	substrate_of	CYP2E1
Dalfampridine	inhibits	KCNA1
Dalfampridine	inhibits	KCNA2
Dalfampridine	inhibits	KCNA3
Dalfampridine	inhibits	KCNA4
Dalfampridine	inhibits	KCNA5
Dalfampridine	inhibits	KCNA6
Dalfampridine	inhibits	KCNA7
Dalfampridine	inhibits	KCNA10
Dalfampridine	inhibits	KCNB1
Dalfampridine	inhibits	KCNB2
Dalfampridine	inhibits	KCNC1
Dalfampridine	inhibits	KCNC2
Dalfampridine	inhibits	KCNC3
Dalfampridine	inhibits	KCND1
Dalfampridine	inhibits	KCND2
Dalfampridine	inhibits	KCND3
Dalfampridine	substrate_of	SLC22A2
Denosumab	binds	TNFSF11
Safinamide	inhibits	MAOA
Safinamide	substrate_of	CYP3A4
Safinamide	inhibits	CYP1A1
Safinamide	inhibits	CYP1A2
Safinamide	inhibits	CYP2D6
Safinamide	inhibits	CYP2C19
Safinamide	inhibits	CYP3A5
Safinamide	inhibits	MAOB
Safinamide	inhibits	ABCG2
Safinamide	substrate_of	SLCO3A1
Liraglutide	substrate_of	DPP4
Liraglutide	substrate_of	MME
Liraglutide	activates	GLP1R
Liraglutide	binds	ALB
Amediplase	activates	PLAU
Vilazodone	substrate_of	CYP3A4
Vilazodone	substrate_of	CYP2D6
Vilazodone	substrate_of	CYP2C19
Vilazodone	inhibits	SLC6A4
Vilazodone	activates	HTR1A
Mepyramine	inhibits	CYP2D6
Mepyramine	inhibits	HRH1
Mepyramine	binds	SLC22A4
Mepyramine	binds	SLC22A5
Mevastatin	inhibits	CES1
Mevastatin	inhibits	HMGCR
Dabigatran etexilate	substrate_of	CES1
Dabigatran etexilate	substrate_of	CES2
Dabigatran etexilate	substrate_of	UGT2B15
Dabigatran etexilate	substrate_of	UGT1A9
Dabigatran etexilate	inhibits	NQO2
Dabigatran etexilate	substrate_of	UGT2B7
Dabigatran etexilate	inhibits	F2
Dabigatran etexilate	substrate_of	ABCB1
Dabigatran etexilate	binds	ALB
Artemether	substrate_of	CYP3A4
Artemether	induces	CYP3A4
Artemether	substrate_of	CYP3A5
Artemether	substrate_of	CYP2B6
Artemether	induces	CYP2B6
Artemether	substrate_of	CYP2C9
Artemether	substrate_of	CYP2C19
Artemether	induces	CYP2C19
Artemether	binds	ATP1A1
Betahistine	substrate_of	MAOA
Betahistine	activates	HRH1
Betahistine	inhibits	HRH3
Desvenlafaxine	substrate_of	CYP3A4
Desvenlafaxine	inhibits	CYP3A4
Desvenlafaxine	inhibits	CYP2D6
Desvenlafaxine	substrate_of	UGT1A1
Desvenlafaxine	substrate_of	UGT1A3
Desvenlafaxine	substrate_of	UGT2B4
Desvenlafaxine	substrate_of	UGT2B15
Desvenlafaxine	substrate_of	UGT2B17
Desvenlafaxine	substrate_of	CYP2C19
Desvenlafaxine	inhibits	SLC6A2
Desvenlafaxine	inhibits	SLC6A4
Desvenlafaxine	inhibits	SLC6A3
Dexmethylphenidate	substrate_of	CES1A1a
Dexmethylphenidate	inhibits	SLC6A3
Dexmethylphenidate	inhibits	SLC6A2
Dexmethylphenidate	inhibits	SLC6A4
Fesoterodine	substrate_of	CYP2D6
Fesoterodine	substrate_of	CYP3A4
Fesoterodine	inhibits	CHRM3
Fesoterodine	inhibits	CHRM4
Fesoterodine	inhibits	CHRM1
Fesoterodine	inhibits	CHRM2
Fesoterodine	inhibits	CHRM5
Fesoterodine	substrate_of	ABCB1
Lumefantrine	substrate_of	CYP3A4
Lumefantrine	inhibits	CYP2D6
Lumefantrine	binds	ATP1A1
Methacholine	activates	CHRM3
Methacholine	activates	CHRM2
Methacholine	activates	CHRM1
Methacholine	activates	CHRM4
Methacholine	activates	CHRM5
Methacholine	inhibits	SLC22A5
Nilvadipine	inhibits	CYP2A6
Nilvadipine	inhibits	CYP2C19
Nilvadipine	inhibits	CYP2C8
Nilvadipine	substrate_of	CYP2E1
Nilvadipine	substrate_of	CYP3A4
Nilvadipine	inhibits	CYP3A4
Nilvadipine	inhibits	CACNA1C
Nilvadipine	inhibits	CACNA2D1
Nilvadipine	inhibits	CACNB2
Nilvadipine	inhibits	CACNA1D
Nilvadipine	inhibits	CACNA1S
Nilvadipine	inhibits	CACNA2D3
Nilvadipine	inhibits	CACNA1H
Nilvadipine	inhibits	CACNA1I
Nilvadipine	binds	CACNA1C
Nilvadipine	inhibits	CACNA1G
Fosaprepitant	substrate_of	CYP3A4
Fosaprepitant	inhibits	CYP3A4
Fosaprepitant	induces	CYP3A4
Fosaprepitant	induces	CYP2C9
Fosaprepitant	inhibits	TACR1
Aceclofenac	substrate_of	CYP2C9
Aceclofenac	inhibits	PTGS2
Aceclofenac	inhibits	PTGS1
Danaparoid	modulates	SERPINC1
Betaine	inhibits	BCHE
Betaine	inhibits	PRODH
Betaine	substrate_of	BHMT
Betaine	substrate_of	SLC6A12
Cabazitaxel	substrate_of	CYP3A4
Cabazitaxel	substrate_of	CYP3A5
Cabazitaxel	substrate_of	CYP2C8
Cabazitaxel	inhibits	TUBB1
Cabazitaxel	substrate_of	ABCB1
Cabazitaxel	inhibits	ABCB1
Cabazitaxel	inhibits	ABCG2
Cabazitaxel	inhibits	SLCO1B1
Cabazitaxel	inhibits	SLCO1B3
Cabazitaxel	binds	ALB
Cabazitaxel	binds	LDLR
Cabazitaxel	binds	VLDLR
Cabazitaxel	binds	GPIHBP1
Carglumic acid	modulates	CPS1
Dalteparin	substrate_of	HPSE
Dalteparin	binds	SERPINC1
Dalteparin	inhibits	VEGFA
Dalteparin	inhibits	SELP
Methylnaltrexone	inhibits	OPRM1
Methylnaltrexone	activates	MC4R
Methylnaltrexone	inhibits	OPRK1
Raltegravir	substrate_of	UGT1A1
Raltegravir	inhibits	pol
Raltegravir	modulates	gag-pol
Phenylbutyric acid	modulates	PRKCA
Phenylbutyric acid	inhibits	HDAC1
Phenylbutyric acid	binds	tyrB
Tinzaparin	inhibits	ADAMTS4
Tinzaparin	binds	SERPINC1
Tinzaparin	inhibits	ITGA4
Tinzaparin	binds	CXCL12
Tiopronin	inhibits	MPO
Triethylenetetramine	substrate_of	SAT1
Triethylenetetramine	inhibits	CA14
Mirdametinib	substrate_of	CES1A1a
Mirdametinib	substrate_of	UGT1A6
Mirdametinib	substrate_of	UGT2B7
Mirdametinib	inhibits	MAP2K1
Mirdametinib	binds	MAP2K2
Mirdametinib	substrate_of	ABCB1
Mirdametinib	substrate_of	ABCG2
GW-813893	inhibits	F10
GW-813893	binds	F2
Ferulic acid	inhibits	MAOB
Ferulic acid	inhibits	CA4
Ferulic acid	inhibits	CA1
Ferulic acid	inhibits	CA6
Ferulic acid	inhibits	CA9
Ferulic acid	inhibits	CA14
Ferulic acid	inhibits	CA2
Ferulic acid	inhibits	CA12
Ferulic acid	binds	xynY
Ferulic acid	binds	xynZ
Ferulic acid	substrate_of	SLC16A1
Ferulic acid	substrate_of	SLC16A3
Sulthiame	inhibits	CA2
(R)-warfarin	substrate_of	CYP2C8
(R)-warfarin	substrate_of	CYP2C9
(R)-warfarin	substrate_of	CYP2C18
(R)-warfarin	substrate_of	CYP2C19
(R)-warfarin	substrate_of	CYP1A2
(R)-warfarin	substrate_of	CYP1A1
(R)-warfarin	substrate_of	CYP3A4
(R)-warfarin	binds	ALB
Ethyl biscoumacetate	inhibits	GLUL
Ethyl biscoumacetate	substrate_of	CYP3A4
Nadroparin	binds	SERPINC1
Nadroparin	modulates	F10
Nadroparin	inhibits	SELP
Nadroparin	inhibits	FOS
Nadroparin	inhibits	MYC
Triflusal	inhibits	PTGS1
Triflusal	inhibits	NFKB1
Triflusal	activates	NOS2
Triflusal	inhibits	PDE10A
Triflusal	substrate_of	ALB
Lurasidone	substrate_of	CYP3A4
Lurasidone	inhibits	DRD2
Lurasidone	inhibits	HTR2A
Lurasidone	inhibits	HTR7
Lurasidone	inhibits	HTR1A
Lurasidone	inhibits	ADRA2C
Lurasidone	inhibits	ADRA2A
Ticagrelor	substrate_of	CYP3A4
Ticagrelor	inhibits	CYP3A4
Ticagrelor	substrate_of	CYP3A5
Ticagrelor	activates	CYP3A5
Ticagrelor	induces	CYP2B6
Ticagrelor	inhibits	CYP2C9
Ticagrelor	induces	CYP2C9
Ticagrelor	inhibits	P2RY12
Ticagrelor	substrate_of	ABCB1
Ticagrelor	inhibits	ABCB1
Ticagrelor	binds	ALB
Ivacaftor	substrate_of	CYP3A4
Ivacaftor	inhibits	CYP3A4
Ivacaftor	substrate_of	CYP3A5
Ivacaftor	inhibits	CYP3A5
Ivacaftor	inhibits	CYP2C9
Ivacaftor	binds	CFTR
Ivacaftor	inhibits	ABCB1
Ivacaftor	binds	ALB
Ivacaftor	binds	ORM1
Azilsartan medoxomil	substrate_of	CYP2C9
Azilsartan medoxomil	substrate_of	CYP2C8
Azilsartan medoxomil	substrate_of	CYP2B6
Azilsartan medoxomil	inhibits	AGTR1
Azilsartan medoxomil	inhibits	ABCB1
Azilsartan medoxomil	binds	ALB
Spinosad	inhibits	CHRNA7
Ioflupane I-123	modulates	SLC6A3
Ioflupane I-123	binds	SLC6A3
Deferiprone	substrate_of	UGT1A6
Lomitapide	substrate_of	CYP3A4
Lomitapide	inhibits	MTTP
Lomitapide	inhibits	ABCB1
Vismodegib	substrate_of	CYP2C9
Vismodegib	inhibits	CYP2C9
Vismodegib	substrate_of	CYP3A4
Vismodegib	inhibits	CYP2C8
Vismodegib	inhibits	CYP2C19
Vismodegib	inhibits	SMO
Vismodegib	inhibits	ABCG2
Vismodegib	substrate_of	ABCB1
Vismodegib	binds	ALB
Vismodegib	binds	ORM1
Spaglumic acid	binds	FOLH1
Spaglumic acid	substrate_of	SLC36A1
Pitavastatin	substrate_of	UGT2B7
Pitavastatin	substrate_of	UGT1A3
Pitavastatin	substrate_of	CYP2C9
Pitavastatin	substrate_of	CYP2C8
Pitavastatin	inhibits	HMGCR
Pitavastatin	inhibits	ITGAL
Pitavastatin	substrate_of	SLCO1B1
Pitavastatin	inhibits	SLCO1B1
Pitavastatin	substrate_of	SLCO1B3
Pitavastatin	substrate_of	SLCO2B1
Pitavastatin	substrate_of	SLC10A1
Pitavastatin	substrate_of	ABCG2
Pitavastatin	substrate_of	ABCB1
Pitavastatin	substrate_of	ABCC2
Pitavastatin	substrate_of	ABCB11
Pitavastatin	substrate_of	ALB
Pitavastatin	substrate_of	ORM1
Rilpivirine	substrate_of	CYP3A4
Rilpivirine	inhibits	CYP3A4
Rilpivirine	induces	CYP3A4
Rilpivirine	substrate_of	CYP2C19
Rilpivirine	inhibits	CYP2C19
Rilpivirine	inhibits	CYP2B6
Rilpivirine	inhibits	CYP2D6
Rilpivirine	inhibits	CYP2C9
Rilpivirine	inhibits	CYP2C8
Rilpivirine	inhibits	CYP2E1
Rilpivirine	inhibits	pol
Rilpivirine	inhibits	SCN10A
Rilpivirine	inhibits	gag-pol
Rilpivirine	activates	NR1I2
Rilpivirine	inhibits	ABCB1
Rilpivirine	inhibits	ABCG2
Rilpivirine	inhibits	SLCO1B1
Rilpivirine	inhibits	SLCO1B3
Rilpivirine	binds	ALB
Crizotinib	substrate_of	CYP3A4
Crizotinib	inhibits	CYP3A4
Crizotinib	substrate_of	CYP3A5
Crizotinib	inhibits	CYP3A5
Crizotinib	inhibits	CYP2B6
Crizotinib	inhibits	ALK
Crizotinib	inhibits	MET
Crizotinib	inhibits	ROS1
Crizotinib	inhibits	MST1R
Crizotinib	substrate_of	ABCB1
Crizotinib	inhibits	ABCB1
Crizotinib	binds	ALB
Crizotinib	binds	ORM1
Ulipristal	substrate_of	CYP3A4
Ulipristal	substrate_of	CYP1A2
Ulipristal	modulates	PGR
Ulipristal	inhibits	NR3C1
Ulipristal	modulates	AR
Ulipristal	substrate_of	ALB
Ulipristal	substrate_of	ORM1
Fingolimod	substrate_of	SPHK1
Fingolimod	inhibits	SPHK1
Fingolimod	substrate_of	CYP2E1
Fingolimod	substrate_of	CYP4F2
Fingolimod	induces	CYP4F2
Fingolimod	modulates	S1PR5
Fingolimod	modulates	S1PR1
Fingolimod	modulates	S1PR3
Fingolimod	inhibits	DRD3
Fingolimod	inhibits	HDAC1
Fingolimod	modulates	S1PR4
Fingolimod	induces	SLC1A2
Fingolimod	induces	SLC1A3
Fingolimod	inhibits	ABCB1
Fingolimod	inhibits	ABCC1
Fingolimod	induces	ABCC1
Brentuximab vedotin	substrate_of	CYP3A4
Brentuximab vedotin	inhibits	CYP3A4
Brentuximab vedotin	binds	TNFRSF8
Brentuximab vedotin	substrate_of	ABCB5
Gabapentin enacarbil	modulates	CACNA2D1
Gabapentin enacarbil	modulates	CACNA2D2
Gabapentin enacarbil	modulates	SLC5A6
Gabapentin enacarbil	substrate_of	SLC5A8
Gabapentin enacarbil	substrate_of	SLC5A6
Boceprevir	substrate_of	CYP3A4
Boceprevir	inhibits	CYP3A4
Boceprevir	substrate_of	CYP3A5
Boceprevir	inhibits	CYP3A5
Boceprevir	inhibits	NS3/4A
Boceprevir	inhibits	ABCB1
Fidaxomicin	inhibits	CYP3A4
Fidaxomicin	inhibits	sigA1
Fidaxomicin	substrate_of	ABCB1
Cabozantinib	substrate_of	CYP3A4
Cabozantinib	substrate_of	CYP2C9
Cabozantinib	inhibits	CYP2C8
Cabozantinib	inhibits	MET
Cabozantinib	inhibits	RET
Cabozantinib	inhibits	KDR
Cabozantinib	inhibits	FLT1
Cabozantinib	inhibits	FLT4
Cabozantinib	inhibits	KIT
Cabozantinib	inhibits	NTRK2
Cabozantinib	inhibits	FLT3
Cabozantinib	inhibits	AXL
Cabozantinib	inhibits	ROS1
Cabozantinib	inhibits	TYRO3
Cabozantinib	inhibits	MERTK
Cabozantinib	inhibits	TEK
Ruxolitinib	substrate_of	CYP3A4
Ruxolitinib	substrate_of	CYP2C9
Ruxolitinib	inhibits	JAK2
Ruxolitinib	inhibits	JAK1
Ruxolitinib	inhibits	JAK3
Ruxolitinib	inhibits	TYK2
Ruxolitinib	inhibits	PLAUR
Ruxolitinib	binds	ALB
Teriflunomide	inhibits	CYP2C8
Teriflunomide	induces	CYP1A2
Teriflunomide	inhibits	HMGCR
Teriflunomide	inhibits	DHODH
Teriflunomide	substrate_of	ABCG2
Teriflunomide	inhibits	ABCG2
Teriflunomide	inhibits	SLCO1B1
Vemurafenib	inhibits	CYP1A2
Vemurafenib	inhibits	CYP2D6
Vemurafenib	substrate_of	CYP3A4
Vemurafenib	induces	CYP3A4
Vemurafenib	inhibits	CYP2C9
Vemurafenib	inhibits	CYP2C8
Vemurafenib	induces	CYP2B6
Vemurafenib	inhibits	BRAF
Vemurafenib	substrate_of	ABCC1
Vemurafenib	inhibits	ABCC1
Vemurafenib	substrate_of	ABCG2
Vemurafenib	inhibits	ABCG2
Vemurafenib	substrate_of	ABCB1
Vemurafenib	inhibits	ABCB1
Vemurafenib	substrate_of	ALB
Vemurafenib	substrate_of	ORM1
Linagliptin	substrate_of	CYP3A4
Linagliptin	inhibits	CYP3A4
Linagliptin	inhibits	DPP4
Linagliptin	substrate_of	ABCB1
Linagliptin	inhibits	SLC22A1
Linagliptin	substrate_of	SLC22A2
Linagliptin	inhibits	SLC22A2
Linagliptin	inhibits	SLC22A3
Perampanel	substrate_of	CYP3A4
Perampanel	induces	CYP3A4
Perampanel	substrate_of	CYP3A5
Perampanel	substrate_of	CYP1A2
Perampanel	substrate_of	CYP2B6
Perampanel	induces	CYP2B6
Perampanel	inhibits	GRIA1
Perampanel	inhibits	GRIA4
Perampanel	inhibits	GRIA3
Perampanel	inhibits	GRIA2
Linaclotide	activates	GUCY2C
Mirabegron	substrate_of	CYP3A4
Mirabegron	substrate_of	CYP2D6
Mirabegron	inhibits	CYP2D6
Mirabegron	substrate_of	BCHE
Mirabegron	substrate_of	UGT2B7
Mirabegron	substrate_of	UGT1A3
Mirabegron	substrate_of	UGT1A8
Mirabegron	activates	ADRB3
Mirabegron	activates	ADRB1
Mirabegron	substrate_of	ABCB1
Mirabegron	inhibits	ABCB1
Mirabegron	substrate_of	SLCO1A2
Mirabegron	substrate_of	SLC22A1
Mirabegron	substrate_of	SLC22A2
Mirabegron	substrate_of	SLC22A3
Mirabegron	binds	ALB
Mirabegron	binds	ORM1
Tofacitinib	substrate_of	CYP3A4
Tofacitinib	substrate_of	CYP2C19
Tofacitinib	inhibits	JAK1
Tofacitinib	inhibits	JAK2
Tofacitinib	inhibits	JAK3
Tofacitinib	inhibits	TYK2
Tofacitinib	binds	ALB
Regorafenib	substrate_of	CYP3A4
Regorafenib	inhibits	CYP3A4
Regorafenib	substrate_of	UGT1A9
Regorafenib	inhibits	UGT1A9
Regorafenib	inhibits	CYP2C8
Regorafenib	inhibits	CYP2C9
Regorafenib	inhibits	CYP2B6
Regorafenib	inhibits	UGT1A1
Regorafenib	inhibits	CYP2C19
Regorafenib	inhibits	FLT1
Regorafenib	inhibits	KDR
Regorafenib	inhibits	FLT4
Regorafenib	inhibits	KIT
Regorafenib	inhibits	PDGFRA
Regorafenib	inhibits	PDGFRB
Regorafenib	inhibits	FGFR1
Regorafenib	inhibits	FGFR2
Regorafenib	inhibits	TEK
Regorafenib	inhibits	DDR2
Regorafenib	inhibits	NTRK1
Regorafenib	inhibits	EPHA2
Regorafenib	inhibits	RAF1
Regorafenib	inhibits	BRAF
Regorafenib	inhibits	MAPK11
Regorafenib	inhibits	FRK
Regorafenib	inhibits	ABL1
Regorafenib	inhibits	RET
Regorafenib	inhibits	CSF1R
Regorafenib	substrate_of	ABCB1
Regorafenib	inhibits	ABCB1
Regorafenib	inhibits	ABCG2
Enzalutamide	substrate_of	CYP2C8
Enzalutamide	inhibits	CYP2C8
Enzalutamide	substrate_of	CYP3A4
Enzalutamide	induces	CYP3A4
Enzalutamide	induces	CYP2C9
Enzalutamide	induces	CYP2C19
Enzalutamide	inhibits	CYP2B6
Enzalutamide	substrate_of	CYP3A5
Enzalutamide	induces	CYP3A5
Enzalutamide	inhibits	AR
Enzalutamide	inhibits	ABCB1
Enzalutamide	binds	ALB
Ponatinib	substrate_of	CYP3A4
Ponatinib	substrate_of	CYP2C8
Ponatinib	substrate_of	CYP2D6
Ponatinib	substrate_of	CYP3A5
Ponatinib	inhibits	ABL1
Ponatinib	inhibits	BCR
Ponatinib	inhibits	KIT
Ponatinib	inhibits	RET
Ponatinib	inhibits	TEK
Ponatinib	inhibits	FLT3
Ponatinib	inhibits	FGFR1
Ponatinib	inhibits	FGFR2
Ponatinib	inhibits	FGFR3
Ponatinib	inhibits	FGFR4
Ponatinib	inhibits	LCK
Ponatinib	inhibits	SRC
Ponatinib	inhibits	LYN
Ponatinib	inhibits	KDR
Ponatinib	inhibits	PDGFRA
Ponatinib	substrate_of	ABCB1
Ponatinib	inhibits	ABCB1
Ponatinib	substrate_of	ABCG2
Ponatinib	inhibits	ABCG2
Bedaquiline	substrate_of	CYP3A4
Bedaquiline	inhibits	atpE
Bedaquiline	binds	ALB
Bedaquiline	binds	ORM1
Canagliflozin	substrate_of	UGT1A9
Canagliflozin	substrate_of	UGT2B4
Canagliflozin	substrate_of	CYP3A4
Canagliflozin	inhibits	SLC5A2
Canagliflozin	substrate_of	ABCB1
Canagliflozin	inhibits	ABCB1
Canagliflozin	substrate_of	ABCC2
Canagliflozin	binds	ABCG2
Canagliflozin	substrate_of	ORM1
Dimethyl fumarate	binds	KEAP1
Dimethyl fumarate	inhibits	RELA
Dimethyl fumarate	binds	RELA
Glycerol phenylbutyrate	substrate_of	PNLIP
Glycerol phenylbutyrate	induces	CYP3A4
Glycerol phenylbutyrate	inhibits	CYP2D6
Pomalidomide	substrate_of	CYP1A2
Pomalidomide	substrate_of	CYP3A4
Pomalidomide	inhibits	CRBN
Pomalidomide	inhibits	TNF
Pomalidomide	inhibits	PTGS2
Pomalidomide	substrate_of	ABCB1
Trametinib	inhibits	CYP2C8
Trametinib	substrate_of	CYP3A4
Trametinib	induces	CYP3A4
Trametinib	inhibits	MAP2K1
Trametinib	inhibits	MAP2K2
Dabrafenib	substrate_of	CYP3A4
Dabrafenib	inhibits	CYP3A4
Dabrafenib	induces	CYP3A4
Dabrafenib	substrate_of	CYP2C8
Dabrafenib	inhibits	CYP2C8
Dabrafenib	inhibits	CYP2B6
Dabrafenib	induces	CYP2B6
Dabrafenib	substrate_of	CYP2C9
Dabrafenib	inhibits	CYP2C9
Dabrafenib	induces	CYP2C9
Dabrafenib	substrate_of	CYP2C19
Dabrafenib	inhibits	CYP2C19
Dabrafenib	induces	CYP2C19
Dabrafenib	inhibits	CYP1A2
Dabrafenib	inhibits	UGT1A1
Dabrafenib	inhibits	BRAF
Dabrafenib	inhibits	RAF1
Dabrafenib	inhibits	SIK1
Dabrafenib	inhibits	NEK11
Dabrafenib	inhibits	LIMK1
Dabrafenib	substrate_of	ABCB1
Dabrafenib	substrate_of	ABCG2
Dabrafenib	inhibits	ABCG2
Dabrafenib	substrate_of	SLCO1B1
Dabrafenib	inhibits	SLCO1B1
Dabrafenib	substrate_of	SLCO1B3
Dabrafenib	inhibits	SLCO1B3
Dabrafenib	substrate_of	SLCO1A2
Dabrafenib	inhibits	SLC22A6
Dabrafenib	inhibits	SLC22A8
Dabrafenib	inhibits	SLC22A2
Dabrafenib	binds	ALB
Afatinib	inhibits	EGFR
Afatinib	inhibits	ERBB4
Afatinib	inhibits	ERBB2
Afatinib	substrate_of	ABCB1
Afatinib	inhibits	ABCB1
Afatinib	substrate_of	ABCG2
Afatinib	inhibits	ABCG2
Levomilnacipran	substrate_of	CYP3A4
Levomilnacipran	substrate_of	CYP2C8
Levomilnacipran	substrate_of	CYP2C19
Levomilnacipran	substrate_of	CYP2D6
Levomilnacipran	substrate_of	CYP2J2
Levomilnacipran	inhibits	SLC6A4
Levomilnacipran	inhibits	SLC6A2
Levomilnacipran	substrate_of	ABCB1
Dolutegravir	substrate_of	UGT1A1
Dolutegravir	substrate_of	CYP3A4
Dolutegravir	substrate_of	UGT1A3
Dolutegravir	substrate_of	UGT1A9
Dolutegravir	inhibits	pol
Dolutegravir	modulates	gag-pol
Dolutegravir	inhibits	SLC22A2
Dolutegravir	substrate_of	ABCG2
Dolutegravir	inhibits	SLC22A6
Dolutegravir	inhibits	SLC22A8
Dolutegravir	substrate_of	ABCB1
Dolutegravir	inhibits	SLC47A1
Dolutegravir	binds	ALB
Dolutegravir	binds	ORM1
Riociguat	substrate_of	CYP1A1
Riociguat	substrate_of	CYP3A4
Riociguat	substrate_of	CYP2C8
Riociguat	substrate_of	CYP2J2
Riociguat	activates	GUCY1A2
Riociguat	modulates	GUCY2D
Riociguat	substrate_of	ABCG2
Riociguat	substrate_of	ABCB1
Riociguat	substrate_of	ALB
Riociguat	substrate_of	ORM1
Macitentan	substrate_of	CYP3A4
Macitentan	substrate_of	CYP2C19
Macitentan	substrate_of	CYP2C9
Macitentan	substrate_of	CYP2C8
Macitentan	inhibits	EDNRA
Macitentan	inhibits	EDNRB
Macitentan	binds	ALB
Macitentan	binds	ORM1
Sofosbuvir	substrate_of	CTSA
Sofosbuvir	substrate_of	CES1A1a
Sofosbuvir	substrate_of	HINT1
Sofosbuvir	substrate_of	CMPK1
Sofosbuvir	substrate_of	NME1
Sofosbuvir	inhibits	NS5b
Sofosbuvir	substrate_of	ABCB1
Sofosbuvir	substrate_of	ABCG2
Chlorcyclizine	inhibits	HRH1
Chlorcyclizine	binds	ALB
Diosmin	induces	CYP1A1
Diosmin	inhibits	CYP2C9
Diosmin	inhibits	CYP2E1
Diosmin	inhibits	CYP3A4
Diosmin	activates	AHR
Diosmin	inhibits	ABCB1
Diosmin	inhibits	SLCO1B1
Diosmin	binds	SLCO1B3
Diosmin	binds	SLCO2B1
Diosmin	binds	ALB
Bisacodyl	modulates	AQP3
Bisacodyl	inhibits	ATP1A1
Aliskiren	substrate_of	CYP3A4
Aliskiren	inhibits	REN
Aliskiren	substrate_of	ABCB1
Ledipasvir	inhibits	NS5A
Ledipasvir	substrate_of	ABCB1
Ledipasvir	binds	ABCG2
Vorapaxar	substrate_of	CYP3A4
Vorapaxar	substrate_of	CYP2J2
Vorapaxar	inhibits	F2R
Vorapaxar	binds	ABCB1
Miltefosine	substrate_of	PLD1
Miltefosine	inhibits	PLA2G1B
Miltefosine	substrate_of	ABCB1
Suvorexant	substrate_of	CYP3A4
Suvorexant	inhibits	HCRTR1
Suvorexant	inhibits	HCRTR2
Suvorexant	binds	ABCB1
Empagliflozin	substrate_of	UGT2B7
Empagliflozin	substrate_of	UGT1A3
Empagliflozin	substrate_of	UGT1A8
Empagliflozin	substrate_of	UGT1A9
Empagliflozin	inhibits	SLC5A2
Empagliflozin	substrate_of	ABCB1
Empagliflozin	substrate_of	ABCG2
Empagliflozin	substrate_of	SLC22A8
Empagliflozin	substrate_of	SLCO1B1
Empagliflozin	substrate_of	SLCO1B3
Eliglustat	substrate_of	CYP2D6
Eliglustat	inhibits	CYP2D6
Eliglustat	substrate_of	CYP3A4
Eliglustat	inhibits	UGCG
Eliglustat	substrate_of	ABCB1
Eliglustat	inhibits	ABCB1
Tedizolid phosphate	inhibits	MAOA
Tedizolid phosphate	inhibits	MAOB
Dulaglutide	activates	GLP1R
Metreleptin	activates	LEPR
Netupitant	substrate_of	CYP3A43
Netupitant	substrate_of	CYP2C9
Netupitant	substrate_of	CYP2D6
Netupitant	substrate_of	CYP3A4
Netupitant	inhibits	CYP3A4
Netupitant	inhibits	TACR1
Netupitant	inhibits	ABCB1
Naloxegol	substrate_of	CYP3A4
Naloxegol	inhibits	CYP2D6
Naloxegol	inhibits	CYP2C19
Naloxegol	inhibits	OPRM1
Ibrutinib	substrate_of	CYP3A4
Ibrutinib	substrate_of	CYP3A5
Ibrutinib	substrate_of	CYP2D6
Ibrutinib	inhibits	BTK
Ibrutinib	substrate_of	ALB
Ibrutinib	substrate_of	ORM1
Idelalisib	substrate_of	AOX1
Idelalisib	inhibits	CYP2C8
Idelalisib	inhibits	CYP2C19
Idelalisib	induces	CYP2B6
Idelalisib	substrate_of	CYP3A4
Idelalisib	inhibits	CYP3A4
Idelalisib	induces	CYP3A4
Idelalisib	substrate_of	CYP3A5
Idelalisib	inhibits	CYP3A5
Idelalisib	substrate_of	CYP3A43
Idelalisib	inhibits	CYP3A43
Idelalisib	substrate_of	CYP3A7
Idelalisib	inhibits	CYP3A7
Idelalisib	substrate_of	UGT1A4
Idelalisib	inhibits	UGT1A4
Idelalisib	inhibits	PIK3CD
Idelalisib	substrate_of	ABCG2
Idelalisib	substrate_of	ABCB1
Idelalisib	inhibits	ABCB1
Idelalisib	inhibits	SLCO1B1
Idelalisib	inhibits	SLCO1B3
Cannabidiol	substrate_of	CYP3A4
Cannabidiol	inhibits	CYP3A4
Cannabidiol	substrate_of	CYP2C19
Cannabidiol	inhibits	CYP2C19
Cannabidiol	substrate_of	CYP1A2
Cannabidiol	inhibits	CYP1A2
Cannabidiol	induces	CYP1A2
Cannabidiol	substrate_of	CYP2B6
Cannabidiol	inhibits	CYP2B6
Cannabidiol	induces	CYP2B6
Cannabidiol	substrate_of	CYP2C9
Cannabidiol	inhibits	CYP2C9
Cannabidiol	substrate_of	UGT1A9
Cannabidiol	inhibits	UGT1A9
Cannabidiol	substrate_of	UGT2B7
Cannabidiol	inhibits	UGT2B7
Cannabidiol	inhibits	CYP1A1
Cannabidiol	inhibits	CYP1B1
Cannabidiol	substrate_of	CYP2C8
Cannabidiol	inhibits	CYP2C8
Cannabidiol	substrate_of	CYP2D6
Cannabidiol	inhibits	CYP2D6
Cannabidiol	substrate_of	CYP2E1
Cannabidiol	inhibits	CYP2E1
Cannabidiol	inhibits	CES1
Cannabidiol	substrate_of	CYP3A5
Cannabidiol	inhibits	CYP3A5
Cannabidiol	inhibits	CYP2A6
Cannabidiol	substrate_of	UGT2B17
Cannabidiol	inhibits	CYP3A7
Cannabidiol	inhibits	CYP2J2
Cannabidiol	substrate_of	UGT1A7
Cannabidiol	binds	AANAT
Cannabidiol	inhibits	FAAH
Cannabidiol	inhibits	ALOX5
Cannabidiol	inhibits	ALOX15
Cannabidiol	binds	CRYZ
Cannabidiol	inhibits	CNR1
Cannabidiol	modulates	CNR1
Cannabidiol	inhibits	CNR2
Cannabidiol	activates	CNR2
Cannabidiol	activates	GPR12
Cannabidiol	modulates	GLRA1
Cannabidiol	binds	GLRA3
Cannabidiol	activates	GPR18
Cannabidiol	inhibits	GPR55
Cannabidiol	activates	HTR1A
Cannabidiol	activates	HTR2A
Cannabidiol	modulates	CHRNA7
Cannabidiol	modulates	OPRD1
Cannabidiol	modulates	OPRM1
Cannabidiol	activates	PPARG
Cannabidiol	activates	TRPV1
Cannabidiol	inhibits	CACNA1G
Cannabidiol	inhibits	CACNA1H
Cannabidiol	inhibits	CACNA1I
Cannabidiol	activates	TRPA1
Cannabidiol	activates	TRPM8
Cannabidiol	activates	TRPV2
Cannabidiol	activates	TRPV3
Cannabidiol	activates	TRPV4
Cannabidiol	inhibits	VDAC1
Cannabidiol	inhibits	HTR3A
Cannabidiol	activates	ADORA1
Cannabidiol	inhibits	PTGS1
Cannabidiol	inhibits	PTGS2
Cannabidiol	inhibits	ACAT1
Cannabidiol	inhibits	CYP17A1
Cannabidiol	binds	HMGCR
Cannabidiol	binds	GSR
Cannabidiol	binds	GPX1
Cannabidiol	inhibits	IDO1
Cannabidiol	inhibits	NQO1
Cannabidiol	inhibits	CAT
Cannabidiol	inhibits	SOD1
Cannabidiol	inhibits	AANAT
Cannabidiol	inhibits	NAAA
Cannabidiol	inhibits	ABCC1
Cannabidiol	inhibits	ABCG2
Cannabidiol	inhibits	SLC29A1
Cannabidiol	inhibits	ABCB1
Ceritinib	inhibits	CYP2C9
Ceritinib	substrate_of	CYP3A4
Ceritinib	inhibits	CYP3A4
Ceritinib	inhibits	ALK
Ceritinib	substrate_of	ABCB1
Cobicistat	substrate_of	CYP3A5
Cobicistat	substrate_of	CYP3A7
Cobicistat	substrate_of	CYP2D6
Cobicistat	inhibits	CYP2D6
Cobicistat	substrate_of	CYP3A4
Cobicistat	inhibits	CYP3A4
Cobicistat	inhibits	CYP3A5
Cobicistat	inhibits	CYP3A7
Cobicistat	inhibits	ABCB1
Cobicistat	inhibits	ABCG2
Cobicistat	inhibits	SLCO1B1
Cobicistat	inhibits	SLCO1B3
Vortioxetine	substrate_of	CYP2D6
Vortioxetine	substrate_of	CYP3A4
Vortioxetine	substrate_of	CYP3A5
Vortioxetine	substrate_of	CYP2C19
Vortioxetine	substrate_of	CYP2C9
Vortioxetine	substrate_of	CYP2A6
Vortioxetine	substrate_of	CYP2C8
Vortioxetine	substrate_of	CYP2B6
Vortioxetine	inhibits	SLC6A4
Vortioxetine	inhibits	HTR3A
Vortioxetine	inhibits	HTR7
Vortioxetine	activates	HTR1B
Vortioxetine	activates	HTR1A
Vortioxetine	binds	ADRB1
Vortioxetine	binds	SLC6A2
Trimetazidine	inhibits	ACAA2
Trimetazidine	binds	ALB
Tibolone	inhibits	STS
Tibolone	substrate_of	HSD3B1
Tibolone	substrate_of	HSD3B2
Tibolone	substrate_of	SULT1A1
Tibolone	inhibits	ESR1
Tibolone	activates	ESR1
Tibolone	binds	ALB
Tasimelteon	substrate_of	CYP3A4
Tasimelteon	substrate_of	CYP1A2
Tasimelteon	activates	MTNR1A
Tasimelteon	activates	MTNR1B
Sodium oxybate	substrate_of	ALDH5A1
Sodium oxybate	substrate_of	ADHFE1
Sodium oxybate	substrate_of	NNT
Sodium oxybate	activates	GABBR1
Sodium oxybate	activates	SLC52A2
Palbociclib	substrate_of	CYP3A4
Palbociclib	inhibits	CYP3A4
Palbociclib	substrate_of	SULT2A1
Palbociclib	inhibits	CDK4
Palbociclib	inhibits	CDK6
Palbociclib	substrate_of	ABCB1
Palbociclib	inhibits	ABCB1
Palbociclib	substrate_of	ABCG2
Palbociclib	inhibits	ABCG2
Palbociclib	inhibits	SLC22A1
Palbociclib	binds	ALB
Olaparib	substrate_of	CYP3A4
Olaparib	inhibits	CYP3A4
Olaparib	substrate_of	CYP3A5
Olaparib	inhibits	CYP3A5
Olaparib	induces	CYP2B6
Olaparib	inhibits	UGT1A1
Olaparib	inhibits	PARP1
Olaparib	inhibits	PARP2
Olaparib	inhibits	PARP3
Olaparib	inhibits	AKR1C3
Olaparib	substrate_of	ABCB1
Olaparib	inhibits	ABCB1
Olaparib	inhibits	ABCG2
Olaparib	binds	ALB
Olaparib	binds	ORM1
Edoxaban	inhibits	F10
Edoxaban	substrate_of	ABCB1
Lenvatinib	substrate_of	CYP3A4
Lenvatinib	inhibits	CYP3A4
Lenvatinib	induces	CYP3A4
Lenvatinib	substrate_of	AOX1
Lenvatinib	inhibits	CYP2C8
Lenvatinib	inhibits	CYP2C9
Lenvatinib	inhibits	CYP1A2
Lenvatinib	inhibits	CYP2B6
Lenvatinib	inhibits	CYP2C19
Lenvatinib	inhibits	CYP2D6
Lenvatinib	inhibits	FLT1
Lenvatinib	inhibits	KDR
Lenvatinib	inhibits	FLT4
Lenvatinib	inhibits	FGFR1
Lenvatinib	inhibits	FGFR2
Lenvatinib	inhibits	FGFR3
Lenvatinib	inhibits	FGFR4
Lenvatinib	inhibits	PDGFRA
Lenvatinib	inhibits	RET
Lenvatinib	inhibits	KIT
Lenvatinib	substrate_of	ABCB1
Lenvatinib	inhibits	ABCB1
Lenvatinib	substrate_of	ABCG2
Lenvatinib	inhibits	SLC22A6
Lenvatinib	inhibits	SLC22A8
Lenvatinib	inhibits	SLC22A2
Lenvatinib	inhibits	SLCO1B1
Lenvatinib	inhibits	ABCB11
Lenvatinib	inhibits	SLCO1B3
Nintedanib	substrate_of	UGT1A1
Nintedanib	substrate_of	UGT1A7
Nintedanib	substrate_of	UGT1A8
Nintedanib	substrate_of	UGT1A10
Nintedanib	substrate_of	CYP3A4
Nintedanib	inhibits	FLT1
Nintedanib	inhibits	KDR
Nintedanib	inhibits	FLT4
Nintedanib	inhibits	PDGFRA
Nintedanib	inhibits	PDGFRB
Nintedanib	inhibits	FGFR1
Nintedanib	inhibits	FGFR2
Nintedanib	inhibits	FGFR3
Nintedanib	inhibits	FLT3
Nintedanib	inhibits	LCK
Nintedanib	inhibits	LYN
Nintedanib	inhibits	SRC
Nintedanib	substrate_of	ABCB1
Nintedanib	inhibits	ABCB1
Nintedanib	substrate_of	SLC22A1
Nintedanib	inhibits	SLC22A1
Nintedanib	binds	ABCG2
Nintedanib	substrate_of	ALB
Ivabradine	substrate_of	CYP3A4
Ivabradine	inhibits	HCN2
Trimebutine	substrate_of	CYP3A4
Trimebutine	activates	OPRM1
Trimebutine	inhibits	CACNA1C
Trimebutine	inhibits	KCNMA1
Trimebutine	inhibits	CHRM1
Trimebutine	inhibits	CHRM2
Trimebutine	inhibits	CHRM3
Trimebutine	inhibits	CHRM4
Trimebutine	activates	CACNA1G
Pinaverium	substrate_of	CYP3A4
Pinaverium	inhibits	CACNA1S
Quinagolide	activates	DRD2
Quinagolide	activates	DRD1
Elvitegravir	substrate_of	CYP3A4
Elvitegravir	inhibits	CYP3A4
Elvitegravir	substrate_of	UGT1A1
Elvitegravir	inhibits	pol
Elvitegravir	modulates	gag-pol
Daclatasvir	substrate_of	CYP3A5
Daclatasvir	substrate_of	CYP3A4
Daclatasvir	substrate_of	CYP3A43
Daclatasvir	substrate_of	CYP3A7
Daclatasvir	inhibits	NS5A
Daclatasvir	substrate_of	ABCB1
Daclatasvir	inhibits	ABCB1
Daclatasvir	inhibits	SLCO1B1
Daclatasvir	inhibits	SLCO1B3
Daclatasvir	inhibits	ABCG2
Stiripentol	substrate_of	CYP2C19
Stiripentol	inhibits	CYP2C19
Stiripentol	inhibits	CYP2D6
Stiripentol	substrate_of	CYP3A4
Stiripentol	inhibits	CYP3A4
Stiripentol	induces	CYP3A4
Stiripentol	substrate_of	CYP1A2
Stiripentol	inhibits	CYP1A2
Stiripentol	induces	CYP1A2
Stiripentol	inhibits	CYP2C9
Stiripentol	inhibits	CYP2B6
Stiripentol	induces	CYP2B6
Stiripentol	inhibits	CYP2C8
Stiripentol	activates	GABRA1
Stiripentol	modulates	GABRA1
Stiripentol	inhibits	LDHA
Stiripentol	inhibits	LDHB
Stiripentol	modulates	GABRG3
Stiripentol	inhibits	ABCB1
Stiripentol	inhibits	ABCG2
Eslicarbazepine acetate	inhibits	CYP2C19
Eslicarbazepine acetate	induces	CYP3A4
Eslicarbazepine acetate	substrate_of	UGT1A1
Eslicarbazepine acetate	inhibits	P2RX4
Eslicarbazepine acetate	inhibits	CACNA1G
Eslicarbazepine acetate	inhibits	SCN1A
Dienogest	substrate_of	CYP3A4
Dienogest	activates	PGR
Dienogest	inhibits	AR
Brexpiprazole	substrate_of	CYP2D6
Brexpiprazole	substrate_of	CYP3A4
Brexpiprazole	activates	HTR1A
Brexpiprazole	activates	DRD2
Brexpiprazole	activates	DRD3
Brexpiprazole	inhibits	HTR2A
Brexpiprazole	inhibits	HTR2B
Brexpiprazole	inhibits	HTR7
Brexpiprazole	inhibits	ADRA1A
Brexpiprazole	inhibits	ADRA1B
Brexpiprazole	inhibits	ADRA1D
Brexpiprazole	inhibits	ADRA2C
Brexpiprazole	inhibits	HRH1
Brexpiprazole	inhibits	CHRM1
Brexpiprazole	inhibits	SLC47A2
Brexpiprazole	substrate_of	ALB
Brexpiprazole	substrate_of	ORM1
Chromic chloride	activates	INSR
Technetium Tc-99m mebrofenin	substrate_of	SLCO1B1
Technetium Tc-99m mebrofenin	substrate_of	SLCO1B3
Sonidegib	substrate_of	CYP3A4
Sonidegib	inhibits	SMO
Sodium citrate	inhibits	CA4
Sodium citrate	substrate_of	SLC25A21
Sodium citrate	substrate_of	SLC13A2
Sodium citrate	substrate_of	SLC13A5
Sodium citrate	substrate_of	SLC25A1
Dasabuvir	substrate_of	CYP2C8
Dasabuvir	substrate_of	CYP3A4
Dasabuvir	substrate_of	CYP2D6
Dasabuvir	inhibits	UGT1A1
Dasabuvir	inhibits	NS5b
Dasabuvir	inhibits	ABCG2
Dasabuvir	substrate_of	ABCB5
Dasabuvir	substrate_of	ABCB1
Viloxazine	substrate_of	CYP2D6
Viloxazine	inhibits	CYP2D6
Viloxazine	substrate_of	UGT1A9
Viloxazine	substrate_of	UGT2B15
Viloxazine	inhibits	CYP1A2
Viloxazine	inhibits	CYP2B6
Viloxazine	inhibits	CYP3A4
Viloxazine	inhibits	CYP3A5
Viloxazine	inhibits	SLC6A2
Viloxazine	inhibits	HTR2B
Viloxazine	activates	HTR2C
Viloxazine	inhibits	ADRA1B
Viloxazine	inhibits	ADRB2
Viloxazine	inhibits	HRH1
Viloxazine	inhibits	HRH2
Viloxazine	inhibits	CHRM1
Viloxazine	inhibits	CHRM2
Viloxazine	inhibits	CHRM3
Viloxazine	inhibits	CHRM4
Viloxazine	inhibits	MAOA
Viloxazine	inhibits	MAOB
Viloxazine	inhibits	SLC47A1
Loxoprofen	substrate_of	CBR1
Loxoprofen	substrate_of	CYP3A4
Loxoprofen	substrate_of	UGT2B7
Loxoprofen	inhibits	PTGS2
Loxoprofen	inhibits	PTGS1
Levamlodipine	substrate_of	CYP3A4
Levamlodipine	induces	NOS2
Levamlodipine	induces	NOS3
Levamlodipine	inhibits	CACNA1C
Levamlodipine	inhibits	CACNA1D
Levamlodipine	activates	NOS3
Levamlodipine	activates	NOS2
Levamlodipine	substrate_of	ABCB1
Levamlodipine	inhibits	SLC10A2
Levamlodipine	inhibits	SLC22A5
Levamlodipine	binds	ALB
Tegafur	substrate_of	CYP1A2
Tegafur	substrate_of	CYP2C8
Tegafur	substrate_of	CYP2A6
Tegafur	substrate_of	CYP2E1
Tegafur	substrate_of	CYP3A5
Tegafur	inhibits	TYMS
Tegafur	induces	SERPINA7
Gimeracil	inhibits	DPYD
Bemiparin	inhibits	F10
Bemiparin	inhibits	SERPINC1
Bemiparin	inhibits	SERPIND1
Lixisenatide	activates	GLP1R
Picosulfuric acid	substrate_of	assT
Ubidecarenone	substrate_of	HMGCR
Ubidecarenone	binds	NDUFV3
Ubidecarenone	binds	SDHA
Ubidecarenone	substrate_of	ABCB1
Ubidecarenone	substrate_of	LDLR
Ubidecarenone	substrate_of	VLDLR
Eluxadoline	activates	OPRM1
Eluxadoline	inhibits	OPRD1
Eluxadoline	activates	OPRK1
Eluxadoline	substrate_of	SLCO1B1
Eluxadoline	inhibits	SLCO1B1
Eluxadoline	substrate_of	ABCC2
Eluxadoline	substrate_of	SLC22A8
Bismuth subcitrate potassium	inhibits	clpX
Lumacaftor	induces	CYP3A4
Lumacaftor	induces	CYP2B6
Lumacaftor	inhibits	CYP2C8
Lumacaftor	induces	CYP2C8
Lumacaftor	inhibits	CYP2C9
Lumacaftor	induces	CYP2C9
Lumacaftor	induces	CYP2C19
Lumacaftor	modulates	CFTR
Lumacaftor	inhibits	ABCB1
Lumacaftor	induces	ABCB1
Lumacaftor	binds	ALB
Polyethylene glycol	inhibits	ABCB1
Tianeptine	substrate_of	CYP3A4
Tianeptine	activates	OPRM1
Tianeptine	inhibits	SLC6A4
Tianeptine	modulates	GRIA1
Tianeptine	inhibits	HTR1A
Tianeptine	activates	DRD3
Rolapitant	inhibits	CYP2D6
Rolapitant	substrate_of	CYP3A4
Rolapitant	inhibits	TACR1
Rolapitant	inhibits	ABCG2
Rolapitant	inhibits	ABCB1
Ombitasvir	substrate_of	CYP2C8
Ombitasvir	inhibits	UGT1A1
Ombitasvir	inhibits	NS5A
Ombitasvir	substrate_of	ABCB1
Ombitasvir	substrate_of	ABCG2
Paritaprevir	substrate_of	CYP3A4
Paritaprevir	substrate_of	CYP3A5
Paritaprevir	inhibits	UGT1A1
Paritaprevir	inhibits	NS3/4A
Paritaprevir	inhibits	gag-pol
Paritaprevir	inhibits	ABCG2
Paritaprevir	substrate_of	ABCB1
Paritaprevir	substrate_of	SLCO1B1
Paritaprevir	inhibits	SLCO1B1
Paritaprevir	substrate_of	SLCO1B3
Paritaprevir	inhibits	SLCO1B3
Tenofovir alafenamide	substrate_of	CTSA
Tenofovir alafenamide	substrate_of	CES1
Tenofovir alafenamide	substrate_of	CYP3A4
Tenofovir alafenamide	substrate_of	AK1
Tenofovir alafenamide	substrate_of	AK2
Tenofovir alafenamide	substrate_of	NME1
Tenofovir alafenamide	substrate_of	NME2
Tenofovir alafenamide	inhibits	pol
Tenofovir alafenamide	inhibits	gag-pol
Tenofovir alafenamide	inhibits	rt
Tenofovir alafenamide	substrate_of	ABCB1
Tenofovir alafenamide	substrate_of	ABCC4
Tenofovir alafenamide	substrate_of	SLC22A6
Tenofovir alafenamide	substrate_of	SLC22A8
Tenofovir alafenamide	substrate_of	ABCG2
Tenofovir alafenamide	substrate_of	SLCO1B1
Tenofovir alafenamide	substrate_of	SLCO1B3
Tenofovir alafenamide	binds	ALB
Synthetic Conjugated Estrogens, A	substrate_of	CYP3A4
Synthetic Conjugated Estrogens, A	activates	ESR1
Synthetic Conjugated Estrogens, A	induces	SERPINA7
Synthetic Conjugated Estrogens, B	substrate_of	CYP3A4
Synthetic Conjugated Estrogens, B	activates	ESR1
Synthetic Conjugated Estrogens, B	induces	SERPINA7
Sodium fluoride	inhibits	ENOPH1
Sodium fluoride	inhibits	eno
Osimertinib	substrate_of	CYP3A4
Osimertinib	inhibits	CYP3A4
Osimertinib	induces	CYP3A4
Osimertinib	induces	CYP1A2
Osimertinib	inhibits	EGFR
Osimertinib	binds	EGFR
Osimertinib	substrate_of	ABCB1
Osimertinib	substrate_of	ABCG2
Tipiracil	inhibits	TYMP
Tipiracil	substrate_of	SLC22A2
Tipiracil	substrate_of	SLC47A1
Esterified estrogens	substrate_of	CYP3A4
Esterified estrogens	induces	SERPINA7
Norgestrel	substrate_of	CYP3A4
Norgestrel	inhibits	CYP19A1
Norgestrel	activates	PGR
Norgestrel	inhibits	SRD5A1
Norgestrel	activates	AR
Protirelin	binds	TRHR
Fludeoxyglucose (18F)	substrate_of	HK1
Fludeoxyglucose (18F)	substrate_of	SLC2A4
Fludeoxyglucose (18F)	substrate_of	SLC2A2
Fludeoxyglucose (18F)	substrate_of	SLC2A1
Fludeoxyglucose (18F)	substrate_of	SLC2A3
Fludeoxyglucose (18F)	substrate_of	SLC2A9
Fludeoxyglucose (18F)	substrate_of	SLC2A5
Fludeoxyglucose (18F)	substrate_of	SLC2A6
Fludeoxyglucose (18F)	substrate_of	SLC2A7
Fludeoxyglucose (18F)	substrate_of	SLC2A8
Fludeoxyglucose (18F)	substrate_of	SLC2A10
Fludeoxyglucose (18F)	substrate_of	SLC2A11
Fludeoxyglucose (18F)	substrate_of	SLC2A12
Simethicone	inhibits	F10
Omega-3-acid ethyl esters	inhibits	SOAT1
Omega-3-acid ethyl esters	inhibits	SREBF1
Dexchlorpheniramine maleate	substrate_of	CYP2D6
Dexchlorpheniramine maleate	inhibits	CYP2D6
Dexchlorpheniramine maleate	substrate_of	CYP3A4
Dexchlorpheniramine maleate	inhibits	HRH1
Dexchlorpheniramine maleate	substrate_of	SLC22A1
Dexchlorpheniramine maleate	inhibits	SLC22A1
Dexchlorpheniramine maleate	inhibits	SLC22A2
Insulin degludec	induces	CYP1A2
Insulin degludec	substrate_of	IDE
Insulin degludec	activates	INSR
Insulin degludec	modulates	INS
Insulin degludec	activates	IGF1R
Insulin degludec	binds	ALB
Omega-3-carboxylic acids	substrate_of	CYP3A4
Omega-3-carboxylic acids	substrate_of	CYP4F2
Omega-3-carboxylic acids	inhibits	DGAT2
Omega-3-carboxylic acids	binds	HSD17B10
Omega-3-carboxylic acids	binds	ECHS1
Omega-3-carboxylic acids	binds	HADH
Omega-3-carboxylic acids	binds	ELOVL4
Omega-3-carboxylic acids	binds	LPL
Omega-3-carboxylic acids	binds	PCTP
Omega-3-carboxylic acids	binds	PEBP1
Ixazomib	substrate_of	CYP3A4
Ixazomib	substrate_of	CYP1A2
Ixazomib	substrate_of	CYP2B6
Ixazomib	substrate_of	CYP2C8
Ixazomib	substrate_of	CYP2D6
Ixazomib	substrate_of	CYP2C19
Ixazomib	substrate_of	CYP2C9
Ixazomib	inhibits	PSMB5
Ixazomib	substrate_of	ABCB1
Calcium citrate	activates	CASR
Calcium citrate	binds	CALR
Calcium citrate	binds	CIB1
Calcium citrate	activates	PDCD6
Calcium citrate	binds	SRI
Calcium citrate	activates	CHP1
Calcium citrate	binds	SPARC
Calcium citrate	binds	CANX
Calcium citrate	binds	FBN2
Calcium citrate	binds	S100B
Calcium citrate	binds	CASQ2
Calcium citrate	binds	RGN
Calcium citrate	binds	PEF1
Calcium citrate	binds	S100A6
Calcium citrate	binds	TPT1
Calcium citrate	binds	CIB2
Calcium citrate	binds	S100A13
Calcium citrate	binds	CASQ1
Calcium citrate	binds	NUCB1
Calcium citrate	binds	NUCB2
Calcium citrate	binds	FBN3
Calcium citrate	binds	GCA
Calcium citrate	activates	CADPS
Calcium citrate	activates	CALM2
Calcium citrate	activates	CALM3
Calcium citrate	binds	S100A16
Calcium citrate	binds	CALB2
Calcium citrate	binds	CAPS
Calcium citrate	activates	CADPS2
Calcium citrate	binds	CALR3
Calcium citrate	activates	NRXN1
Calcium citrate	binds	NCS1
Calcium citrate	activates	CALM1
Calcium citrate	substrate_of	TRPV6
Calcium citrate	substrate_of	SLC8A1
Calcium citrate	substrate_of	TRPV5
Calcium citrate	substrate_of	RYR1
Calcium citrate	substrate_of	RYR2
Calcium citrate	substrate_of	PKD2L1
Calcium citrate	substrate_of	RYR3
Calcium citrate	substrate_of	PKD1L3
Calcium citrate	substrate_of	CATSPER1
Calcium citrate	substrate_of	CACNA1C
Calcium citrate	substrate_of	CACNA1A
Calcium citrate	substrate_of	CACNA1G
Calcium citrate	substrate_of	CACNA1E
Calcium citrate	substrate_of	CALB1
Calcium citrate	substrate_of	S100G
Calcium citrate	substrate_of	ALB
Vitamin D	substrate_of	CYP2R1
Vitamin D	substrate_of	CYP27B1
Vitamin D	substrate_of	CYP3A4
Vitamin D	binds	VDR
Vitamin D	binds	GC
Desirudin	substrate_of	CPA1
Potassium bicarbonate	substrate_of	SLC12A2
Potassium bicarbonate	substrate_of	SLC12A1
Racepinephrine	activates	ADRA1A
Racepinephrine	activates	ADRA1B
Racepinephrine	activates	ADRA2A
Racepinephrine	activates	ADRA2B
Racepinephrine	activates	ADRA2C
Racepinephrine	inhibits	ADRA1D
Racepinephrine	activates	ADRB1
Racepinephrine	activates	ADRB2
Racepinephrine	activates	ADRB3
Opium	substrate_of	CYP2D6
Opium	substrate_of	CYP3A4
Opium	activates	OPRD1
Opium	activates	OPRK1
Opium	activates	OPRM1
Opium	binds	ALB
Opium	binds	B2M
Chromium	substrate_of	CYB5A
Chromium	binds	TF
Antithrombin Alfa	inhibits	F2
Antithrombin Alfa	inhibits	F10
Pentoxyverine	activates	SIGMAR1
Pentoxyverine	inhibits	KCNH2
Pentoxyverine	inhibits	SCN1A
Pentoxyverine	activates	OPRK1
Pentoxyverine	inhibits	OPRM1
Levomefolic acid	substrate_of	MTR
Levomefolic acid	substrate_of	SLC46A1
Levomefolic acid	substrate_of	SLC19A1
Protein C	activates	F5
Protein C	activates	F8
Alectinib	inhibits	ALK
Alectinib	inhibits	ABCG2
Alectinib	inhibits	ABCB1
Sennosides	inhibits	AQP3
Sennosides	inhibits	pol
Moxidectin	substrate_of	CYP2B
Moxidectin	binds	GluClX
Lesinurad	substrate_of	CYP2C9
Lesinurad	induces	CYP3A4
Lesinurad	inhibits	SLC22A12
Lesinurad	inhibits	SLC22A11
Elbasvir	substrate_of	CYP3A4
Elbasvir	substrate_of	CYP3A5
Elbasvir	substrate_of	CYP3A7
Elbasvir	substrate_of	CYP3A43
Elbasvir	inhibits	NS5A
Elbasvir	substrate_of	ABCB1
Elbasvir	inhibits	ABCB1
Grazoprevir	substrate_of	CYP3A4
Grazoprevir	inhibits	CYP3A4
Grazoprevir	inhibits	NS3/4A
Grazoprevir	inhibits	gag-pol
Grazoprevir	substrate_of	ABCB1
Grazoprevir	substrate_of	SLCO1B1
Grazoprevir	substrate_of	SLCO1B3
Grazoprevir	substrate_of	ALB
Grazoprevir	substrate_of	ORM1
Venetoclax	substrate_of	CYP3A4
Venetoclax	inhibits	CYP3A4
Venetoclax	inhibits	BCL2
Venetoclax	substrate_of	ABCB1
Venetoclax	inhibits	ABCB1
Venetoclax	inhibits	ABCG2
Venetoclax	inhibits	SLCO1B1
Asunaprevir	substrate_of	CYP3A4
Asunaprevir	induces	CYP3A4
Asunaprevir	substrate_of	CYP3A5
Asunaprevir	induces	CYP3A5
Asunaprevir	substrate_of	CYP2A6
Asunaprevir	substrate_of	CYP2B6
Asunaprevir	substrate_of	CYP2C9
Asunaprevir	substrate_of	CYP2C19
Asunaprevir	substrate_of	CYP2D6
Asunaprevir	inhibits	CYP2D6
Asunaprevir	inhibits	gag-pol
Asunaprevir	substrate_of	SLCO1B1
Asunaprevir	inhibits	SLCO1B1
Asunaprevir	inhibits	SLCO1B3
Asunaprevir	substrate_of	SLCO2B1
Asunaprevir	inhibits	SLCO2B1
Asunaprevir	substrate_of	ABCB1
Asunaprevir	inhibits	ABCB1
Etafedrine	activates	ADRB2
Bilastine	inhibits	HRH1
Bilastine	substrate_of	ABCB5
Bilastine	inhibits	ABCB5
Bilastine	substrate_of	SLCO1A2
Bilastine	inhibits	SLCO2B1
Antithrombin III human	binds	SERPINC1
Velpatasvir	substrate_of	CYP2B6
Velpatasvir	substrate_of	CYP2C8
Velpatasvir	substrate_of	CYP3A4
Velpatasvir	inhibits	NS5A
Velpatasvir	substrate_of	ABCB1
Velpatasvir	inhibits	ABCB1
Velpatasvir	substrate_of	ABCG2
Velpatasvir	inhibits	ABCG2
Velpatasvir	inhibits	SLCO1B1
Velpatasvir	inhibits	SLCO1B3
Velpatasvir	inhibits	SLCO2B1
Rupatadine	substrate_of	CYP3A4
Rupatadine	substrate_of	CYP2C9
Rupatadine	substrate_of	CYP2C19
Rupatadine	substrate_of	CYP2D6
Rupatadine	inhibits	PTAFR
Rupatadine	inhibits	HRH1
Opicapone	induces	CYP2C19
Opicapone	inhibits	CYP2C8
Opicapone	inhibits	CYP2C9
Opicapone	inhibits	CYP1A2
Opicapone	inhibits	CYP2B6
Opicapone	inhibits	COMT
Opicapone	substrate_of	ABCB1
Opicapone	substrate_of	ABCG2
Opicapone	substrate_of	SLCO1B3
Opicapone	substrate_of	SLCO2B1
Opicapone	inhibits	SLCO1B1
Isavuconazole	substrate_of	CYP3A4
Isavuconazole	inhibits	CYP3A4
Isavuconazole	induces	CYP3A4
Isavuconazole	substrate_of	CYP3A5
Isavuconazole	inhibits	CYP3A5
Isavuconazole	inhibits	CYP2C8
Isavuconazole	induces	CYP2C8
Isavuconazole	inhibits	CYP2C9
Isavuconazole	induces	CYP2C9
Isavuconazole	inhibits	CYP2C19
Isavuconazole	inhibits	CYP2D6
Isavuconazole	induces	CYP2B6
Isavuconazole	inhibits	UGT1A9
Isavuconazole	inhibits	UGT1A8
Isavuconazole	inhibits	ERG11
Isavuconazole	inhibits	KCNH2
Isavuconazole	inhibits	CACNA1C
Isavuconazole	inhibits	KCNJ6
Isavuconazole	inhibits	KCNJ9
Isavuconazole	inhibits	KCNJ11
Isavuconazole	inhibits	KCNA5
Isavuconazole	inhibits	KCND3
Isavuconazole	inhibits	KCNQ1
Isavuconazole	inhibits	SCN5A
Isavuconazole	inhibits	ABCB1
Isavuconazole	inhibits	ABCG2
Isavuconazole	inhibits	SLC22A2
Delamanid	substrate_of	ddn
Delamanid	substrate_of	CYP3A4
Delamanid	substrate_of	ALB
Delamanid	substrate_of	ORM1
Amifampridine	substrate_of	NAT1
Amifampridine	substrate_of	NAT2
Amifampridine	binds	KCNA1
Amifampridine	inhibits	SLC22A2
Vinflunine	substrate_of	CYP3A4
Vinflunine	inhibits	TUBB
Vinflunine	substrate_of	ABCB5
Vinflunine	substrate_of	ABCB1
Vinflunine	substrate_of	ALB
Vinflunine	substrate_of	ORM1
Pitolisant	substrate_of	CYP2D6
Pitolisant	inhibits	CYP2D6
Pitolisant	induces	CYP1A2
Pitolisant	induces	CYP2B6
Pitolisant	substrate_of	CYP3A4
Pitolisant	induces	CYP3A4
Pitolisant	inhibits	HRH3
Pitolisant	activates	HRH3
Pitolisant	binds	KCNH2
Pitolisant	inhibits	SLC22A1
Pitolisant	binds	ALB
Pitolisant	binds	ORM1
Tafamidis	binds	TTR
Tafamidis	inhibits	ABCG2
Tafamidis	inhibits	SLC22A6
Tafamidis	inhibits	SLC22A8
Tucatinib	substrate_of	CYP2C8
Tucatinib	substrate_of	CYP3A4
Tucatinib	inhibits	ERBB2
Tucatinib	inhibits	ERBB3
Tucatinib	substrate_of	ABCG2
Tucatinib	substrate_of	ABCB1
Tucatinib	inhibits	SLC22A2
Tucatinib	inhibits	SLC47A1
Tucatinib	inhibits	SLC47A2
Rebamipide	inhibits	FPR1
Triheptanoin	binds	ALB
Fruquintinib	substrate_of	CYP2C8
Fruquintinib	substrate_of	CYP2C9
Fruquintinib	substrate_of	CYP2C19
Fruquintinib	substrate_of	CYP3A4
Fruquintinib	substrate_of	CYP3A5
Fruquintinib	substrate_of	CYP3A7
Fruquintinib	inhibits	FLT1
Fruquintinib	inhibits	KDR
Fruquintinib	inhibits	FLT4
Daprodustat	substrate_of	CYP2C8
Daprodustat	inhibits	CYP2C8
Daprodustat	substrate_of	CYP3A4
Daprodustat	inhibits	EGLN1
Daprodustat	inhibits	EGLN2
Daprodustat	inhibits	EGLN3
Daprodustat	inhibits	SLCO1B1
Daprodustat	inhibits	SLCO1B3
Daprodustat	substrate_of	SLC22A6
Daprodustat	substrate_of	SLC22A8
Daprodustat	substrate_of	ABCG2
Selumetinib	substrate_of	CYP2C19
Selumetinib	substrate_of	CYP3A4
Selumetinib	substrate_of	CYP2C9
Selumetinib	substrate_of	CYP1A2
Selumetinib	substrate_of	CYP2C8
Selumetinib	substrate_of	CYP2E1
Selumetinib	substrate_of	CYP3A5
Selumetinib	substrate_of	UGT1A1
Selumetinib	binds	UGT1A3
Selumetinib	inhibits	MAP2K1
Selumetinib	inhibits	MAP2K2
Selumetinib	substrate_of	ABCB1
Selumetinib	substrate_of	ABCG2
Selumetinib	binds	ALB
Selumetinib	binds	ORM1
Naldemedine	substrate_of	CYP3A4
Naldemedine	substrate_of	UGT1A3
Naldemedine	inhibits	OPRD1
Naldemedine	inhibits	OPRK1
Naldemedine	inhibits	OPRM1
Naldemedine	substrate_of	ABCB5
Voclosporin	substrate_of	CYP3A4
Voclosporin	inhibits	CYP3A4
Voclosporin	binds	CAMLG
Voclosporin	inhibits	PPP3R1
Voclosporin	inhibits	PPP3R2
Voclosporin	inhibits	PPP3CA
Voclosporin	substrate_of	ABCB1
Voclosporin	inhibits	ABCB1
Pacritinib	substrate_of	CYP3A4
Pacritinib	inhibits	CYP3A4
Pacritinib	induces	CYP3A4
Pacritinib	inhibits	CYP1A2
Pacritinib	induces	CYP1A2
Pacritinib	inhibits	CYP2C19
Pacritinib	inhibits	JAK2
Pacritinib	inhibits	FLT3
Pacritinib	modulates	JAK3
Pacritinib	inhibits	ABCB1
Pacritinib	inhibits	ABCG2
Pacritinib	inhibits	SLC22A1
Pacritinib	inhibits	SLC22A2
Tropisetron	inhibits	HTR3A
Tropisetron	binds	ERBB2
Acalabrutinib	substrate_of	CYP3A4
Acalabrutinib	inhibits	CYP3A4
Acalabrutinib	inhibits	CYP3A5
Acalabrutinib	inhibits	BTK
Acalabrutinib	binds	ALB
Acalabrutinib	binds	ORM1
Tezacaftor	substrate_of	CYP3A4
Tezacaftor	inhibits	CYP3A4
Tezacaftor	induces	CYP3A4
Tezacaftor	substrate_of	CYP3A5
Tezacaftor	induces	CYP3A5
Tezacaftor	inhibits	CYP1A2
Tezacaftor	inhibits	CYP2B6
Tezacaftor	inhibits	CYP2C8
Tezacaftor	binds	CYP2C9
Tezacaftor	inhibits	CYP2C19
Tezacaftor	inhibits	CYP2D6
Tezacaftor	modulates	CFTR
Tezacaftor	substrate_of	ABCB1
Tezacaftor	inhibits	ABCB1
Tezacaftor	substrate_of	ABCG2
Tezacaftor	inhibits	ABCG2
Tezacaftor	inhibits	SLC22A2
Tezacaftor	inhibits	SLC22A6
Tezacaftor	inhibits	SLC22A8
Tezacaftor	substrate_of	SLCO1B1
Tezacaftor	inhibits	SLCO1B1
Tezacaftor	inhibits	SLCO1B3
Encorafenib	inhibits	CYP1A2
Encorafenib	inhibits	CYP2B6
Encorafenib	induces	CYP2B6
Encorafenib	inhibits	CYP2C8
Encorafenib	inhibits	CYP2C9
Encorafenib	induces	CYP2C9
Encorafenib	substrate_of	CYP2C19
Encorafenib	substrate_of	CYP2D6
Encorafenib	inhibits	CYP2D6
Encorafenib	substrate_of	CYP3A4
Encorafenib	inhibits	CYP3A4
Encorafenib	induces	CYP3A4
Encorafenib	inhibits	CYP3A5
Encorafenib	inhibits	CYP3A7
Encorafenib	inhibits	UGT1A1
Encorafenib	inhibits	BRAF
Encorafenib	inhibits	CCND1
Encorafenib	inhibits	RAF1
Encorafenib	inhibits	MAPK8
Encorafenib	inhibits	MAPK9
Encorafenib	inhibits	MAPK10
Encorafenib	inhibits	LIMK1
Encorafenib	inhibits	LIMK2
Encorafenib	inhibits	MAP2K4
Encorafenib	inhibits	STK36
Encorafenib	substrate_of	ABCB1
Encorafenib	inhibits	ABCB1
Encorafenib	inhibits	SLC22A2
Encorafenib	inhibits	ABCG2
Encorafenib	inhibits	SLC22A6
Encorafenib	inhibits	SLC22A8
Encorafenib	inhibits	SLCO1B1
Encorafenib	inhibits	SLCO1B3
Encorafenib	binds	ALB
Ribociclib	substrate_of	CYP3A4
Ribociclib	inhibits	CYP3A4
Ribociclib	inhibits	CDK4
Ribociclib	inhibits	CDK6
Lasmiditan	inhibits	CYP2D6
Lasmiditan	activates	HTR1F
Lasmiditan	substrate_of	ABCB1
Lasmiditan	inhibits	ABCB1
Lasmiditan	inhibits	ABCG2
Lasmiditan	inhibits	SLC22A1
Lasmiditan	inhibits	SLC47A1
Lasmiditan	inhibits	SLC47A2
Rilmenidine	modulates	ADRA2C
Rilmenidine	binds	ADRA2A
Vonoprazan	substrate_of	CYP3A4
Vonoprazan	substrate_of	CYP3A5
Vonoprazan	substrate_of	CYP2B6
Vonoprazan	substrate_of	CYP2C19
Vonoprazan	inhibits	CYP2C19
Vonoprazan	substrate_of	CYP2C9
Vonoprazan	substrate_of	CYP2D6
Vonoprazan	inhibits	ATP4A
Vonoprazan	modulates	ATP4B
Vonoprazan	modulates	ATP4A
Vonoprazan	inhibits	ABCB1
Vonoprazan	binds	ALB
Vonoprazan	binds	ORM1
Ebastine	substrate_of	CYP3A4
Ebastine	inhibits	HRH1
Cabotegravir	substrate_of	UGT1A1
Cabotegravir	substrate_of	UGT1A9
Cabotegravir	inhibits	pol
Cabotegravir	inhibits	gag-pol
Cabotegravir	inhibits	SLC22A6
Cabotegravir	inhibits	SLC22A8
Cabotegravir	substrate_of	ABCB1
Cabotegravir	substrate_of	ABCG2
Cabotegravir	binds	ALB
Rifamycin	inhibits	CYP3A4
Rifamycin	induces	CYP3A4
Rifamycin	inhibits	CYP2C19
Rifamycin	inhibits	CYP2B6
Rifamycin	induces	CYP2B6
Rifamycin	inhibits	CYP2C8
Rifamycin	inhibits	CYP2C9
Rifamycin	induces	CYP2C9
Rifamycin	inhibits	CYP1A2
Rifamycin	inhibits	CYP2D6
Rifamycin	binds	rpoB
Rifamycin	binds	rpoA
Rifamycin	binds	rpoC
Rifamycin	inhibits	rpoC
Rifamycin	inhibits	rpoB
Rifamycin	inhibits	SLCO1A2
Rifamycin	inhibits	SLCO1B1
Rifamycin	inhibits	SLCO1B3
Rifamycin	inhibits	SLCO2A1
Rifamycin	inhibits	SLCO2B1
Rifamycin	inhibits	SLC47A1
Rifamycin	substrate_of	ABCB1
Rifamycin	inhibits	ABCB1
Rifamycin	substrate_of	ALB
Istradefylline	substrate_of	CYP1A1
Istradefylline	substrate_of	CYP3A4
Istradefylline	substrate_of	CYP3A5
Istradefylline	inhibits	CYP3A4
Istradefylline	substrate_of	CYP1A2
Istradefylline	substrate_of	CYP2B6
Istradefylline	substrate_of	CYP2C8
Istradefylline	substrate_of	CYP2C9
Istradefylline	substrate_of	CYP2C18
Istradefylline	substrate_of	CYP2D6
Istradefylline	inhibits	ADORA2A
Istradefylline	inhibits	ADORA1
Istradefylline	inhibits	ABCB1
Istradefylline	inhibits	ABCG2
Istradefylline	inhibits	SLCO1B1
Istradefylline	inhibits	SLCO1B3
Istradefylline	inhibits	SLC22A6
Istradefylline	inhibits	POU2F2
Istradefylline	inhibits	SLC47A1
Istradefylline	inhibits	SLC47A2
Istradefylline	binds	ALB
Istradefylline	binds	ORM1
Talazoparib	inhibits	PARP1
Talazoparib	inhibits	PARP2
Talazoparib	substrate_of	ABCB1
Talazoparib	substrate_of	ABCG2
Tenapanor	substrate_of	CYP3A4
Tenapanor	substrate_of	CYP3A5
Tenapanor	inhibits	SLC9A3
Tenapanor	inhibits	SLCO2B1
Momelotinib	substrate_of	CYP3A4
Momelotinib	substrate_of	CYP2C8
Momelotinib	substrate_of	CYP2C9
Momelotinib	substrate_of	CYP2C19
Momelotinib	substrate_of	CYP1A2
Momelotinib	inhibits	CYP2B6
Momelotinib	inhibits	UGT1A1
Momelotinib	induces	UGT1A1
Momelotinib	inhibits	UGT1A9
Momelotinib	inhibits	JAK1
Momelotinib	inhibits	JAK2
Momelotinib	inhibits	JAK3
Momelotinib	inhibits	TYK2
Momelotinib	inhibits	ACVR1
Momelotinib	inhibits	FLT3
Momelotinib	substrate_of	ABCB1
Momelotinib	substrate_of	ABCG2
Momelotinib	inhibits	ABCG2
Momelotinib	substrate_of	SLCO1B1
Momelotinib	substrate_of	SLCO1B3
Capmatinib	substrate_of	CYP3A4
Capmatinib	substrate_of	AOX1
Capmatinib	inhibits	CYP1A2
Capmatinib	inhibits	MET
Capmatinib	substrate_of	ABCB1
Capmatinib	inhibits	ABCB1
Capmatinib	inhibits	SLC47A1
Capmatinib	inhibits	SLC47A2
Capmatinib	inhibits	ABCG2
Niraparib	substrate_of	CES1A1a
Niraparib	induces	CYP1A2
Niraparib	inhibits	PARP1
Niraparib	inhibits	PARP2
Niraparib	substrate_of	ABCG2
Niraparib	inhibits	ABCG2
Niraparib	substrate_of	SLC47A1
Niraparib	inhibits	SLC47A1
Niraparib	substrate_of	SLC47A2
Niraparib	inhibits	SLC47A2
Niraparib	substrate_of	ABCB1
Niraparib	binds	ALB
Fostemsavir	substrate_of	CYP3A4
Fostemsavir	substrate_of	UGT1A1
Fostemsavir	inhibits	env
Fostemsavir	substrate_of	ABCB1
Fostemsavir	substrate_of	ABCG2
Fostemsavir	inhibits	ABCG2
Fostemsavir	inhibits	SLCO1B1
Fostemsavir	inhibits	SLCO1B3
Fostemsavir	binds	ALB
Bictegravir	substrate_of	CYP3A4
Bictegravir	substrate_of	UGT1A1
Bictegravir	inhibits	POU2F2
Bictegravir	inhibits	SLC47A1
Bictegravir	inhibits	pol
Tivozanib	substrate_of	CYP3A4
Tivozanib	inhibits	FLT1
Tivozanib	inhibits	KDR
Tivozanib	inhibits	FLT4
Tivozanib	inhibits	KIT
Tivozanib	inhibits	PDGFRB
Tivozanib	inhibits	FLT3
Tivozanib	inhibits	PDGFRA
Tivozanib	binds	PTK6
Tivozanib	inhibits	MET
Tivozanib	substrate_of	ABCB1
Tivozanib	inhibits	ABCG2
Tivozanib	binds	ALB
Baricitinib	substrate_of	CYP3A4
Baricitinib	inhibits	JAK1
Baricitinib	inhibits	JAK2
Baricitinib	inhibits	JAK3
Baricitinib	inhibits	TYK2
Baricitinib	substrate_of	SLC22A8
Baricitinib	inhibits	SLC22A8
Baricitinib	substrate_of	ABCG2
Baricitinib	inhibits	ABCG2
Baricitinib	substrate_of	SLC47A2
Baricitinib	inhibits	SLC47A2
Baricitinib	inhibits	SLC22A6
Baricitinib	inhibits	SLC22A2
Baricitinib	inhibits	SLCO1B3
Baricitinib	substrate_of	ABCB1
Nifurtimox	substrate_of	ABCG2
Nifurtimox	binds	ALB
Esketamine	substrate_of	CYP2B6
Esketamine	induces	CYP2B6
Esketamine	substrate_of	CYP3A4
Esketamine	induces	CYP3A4
Esketamine	substrate_of	CYP2C19
Esketamine	substrate_of	CYP2C9
Esketamine	inhibits	GRIN1
Esketamine	inhibits	GRIN2B
Esketamine	activates	BDNF
Esketamine	inhibits	EEF2
Esketamine	binds	NTRK2
Ertugliflozin	substrate_of	UGT1A9
Ertugliflozin	substrate_of	UGT2B7
Ertugliflozin	inhibits	UGT1A1
Ertugliflozin	inhibits	UGT1A4
Ertugliflozin	inhibits	SLC5A2
Ertugliflozin	substrate_of	ABCB1
Ertugliflozin	substrate_of	ABCG2
Ertugliflozin	binds	ALB
Neratinib	substrate_of	CYP3A4
Neratinib	substrate_of	FMO3
Neratinib	inhibits	EGFR
Neratinib	inhibits	ERBB2
Neratinib	inhibits	KDR
Neratinib	inhibits	ABCB1
Neratinib	substrate_of	ALB
Neratinib	substrate_of	ORM1
Osilodrostat	substrate_of	CYP3A4
Osilodrostat	inhibits	CYP3A4
Osilodrostat	substrate_of	CYP2B6
Osilodrostat	substrate_of	CYP2D6
Osilodrostat	inhibits	CYP2D6
Osilodrostat	substrate_of	UGT1A4
Osilodrostat	substrate_of	UGT2B7
Osilodrostat	substrate_of	UGT2B10
Osilodrostat	inhibits	CYP3A5
Osilodrostat	inhibits	CYP1A2
Osilodrostat	inhibits	CYP2C19
Osilodrostat	inhibits	CYP2E1
Osilodrostat	inhibits	UGT1A1
Osilodrostat	inhibits	CYP11B1
Osilodrostat	inhibits	CYP11B2
Osilodrostat	inhibits	SLCO1B1
Osilodrostat	inhibits	SLC22A1
Osilodrostat	inhibits	SLC22A2
Osilodrostat	inhibits	SLC22A6
Osilodrostat	inhibits	SLC22A8
Osilodrostat	inhibits	SLC47A1
Relugolix	substrate_of	CYP3A4
Relugolix	induces	CYP3A4
Relugolix	substrate_of	CYP2C8
Relugolix	binds	CYP2B6
Relugolix	inhibits	GNRHR
Relugolix	substrate_of	ABCB1
Relugolix	inhibits	ABCB1
Relugolix	inhibits	ABCG2
Relugolix	binds	ALB
Relugolix	binds	ORM1
Brexanolone	substrate_of	AKR1B1
Brexanolone	modulates	GABRA1
Brexanolone	inhibits	GABRG2
Brexanolone	inhibits	GABRA1
Brexanolone	inhibits	GABRD
Brexanolone	modulates	GABRG3
Brexanolone	inhibits	GABRB2
Romosozumab	inhibits	SOST
Infigratinib	substrate_of	CYP3A4
Infigratinib	substrate_of	FMO3
Infigratinib	inhibits	FGFR1
Infigratinib	inhibits	FGFR2
Infigratinib	inhibits	FGFR3
Infigratinib	inhibits	FGFR4
Infigratinib	substrate_of	ABCB1
Infigratinib	inhibits	ABCB1
Infigratinib	substrate_of	ABCG2
Infigratinib	inhibits	ABCG2
Infigratinib	inhibits	SLC47A1
Infigratinib	inhibits	ABCB11
Infigratinib	inhibits	SLC22A1
Infigratinib	inhibits	SLC22A2
Infigratinib	inhibits	SLC47A2
Infigratinib	inhibits	SLCO1B1
Infigratinib	inhibits	SLCO1B3
Infigratinib	binds	APOA1
Apalutamide	substrate_of	CYP3A4
Apalutamide	induces	CYP3A4
Apalutamide	substrate_of	CYP2C8
Apalutamide	induces	CYP2C19
Apalutamide	induces	CYP2C9
Apalutamide	inhibits	AR
Apalutamide	inhibits	GABRA1
Apalutamide	induces	ABCB1
Apalutamide	induces	ABCG2
Apalutamide	induces	SLCO1B1
Apalutamide	inhibits	SLC22A2
Apalutamide	inhibits	SLC22A8
Apalutamide	inhibits	SLC47A2
Apalutamide	inhibits	SLC47A1
Apalutamide	binds	ALB
Valbenazine	substrate_of	CYP2D6
Valbenazine	substrate_of	CYP3A4
Valbenazine	substrate_of	CYP3A5
Valbenazine	inhibits	SLC18A2
Deflazacort	substrate_of	CYP3A4
Deflazacort	induces	CYP3A4
Deflazacort	induces	CYP3A5
Deflazacort	activates	NR3C1
Vosoritide	activates	NPR2
Bempedoic acid	substrate_of	SLC27A2
Bempedoic acid	substrate_of	UGT2B7
Bempedoic acid	activates	NUAK2
Bempedoic acid	inhibits	ACLY
Bempedoic acid	inhibits	SLCO1B1
Bempedoic acid	inhibits	ABCC3
Bempedoic acid	substrate_of	SLCO1B3
Bempedoic acid	inhibits	SLCO1B3
Difelikefalin	activates	OPRK1
Selinexor	substrate_of	CYP3A4
Selinexor	inhibits	XPO1
Selinexor	inhibits	SLCO1B3
Delafloxacin	substrate_of	UGT1A1
Delafloxacin	substrate_of	UGT1A3
Delafloxacin	substrate_of	UGT2B15
Delafloxacin	induces	CYP2E1
Delafloxacin	induces	CYP2C9
Delafloxacin	induces	CYP3A4
Delafloxacin	inhibits	parC
Delafloxacin	inhibits	gyrA
Delafloxacin	substrate_of	ABCB5
Delafloxacin	substrate_of	ABCG2
Delafloxacin	substrate_of	ALB
Avelumab	inhibits	CD274
Lemborexant	substrate_of	CYP3A4
Lemborexant	substrate_of	CYP3A5
Lemborexant	induces	CYP2B6
Lemborexant	inhibits	CYP3A4
Lemborexant	induces	CYP3A4
Lemborexant	inhibits	HCRTR1
Lemborexant	inhibits	HCRTR2
Lemborexant	substrate_of	ABCB1
Duvelisib	substrate_of	CYP3A4
Duvelisib	inhibits	PIK3CG
Duvelisib	inhibits	PIK3CD
Duvelisib	substrate_of	ABCB1
Duvelisib	substrate_of	ABCG2
Dacomitinib	substrate_of	CYP2D6
Dacomitinib	inhibits	CYP2D6
Dacomitinib	substrate_of	CYP3A4
Dacomitinib	substrate_of	CYP2C9
Dacomitinib	inhibits	UGT1A1
Dacomitinib	inhibits	EGFR
Dacomitinib	inhibits	ERBB2
Dacomitinib	inhibits	ERBB4
Dacomitinib	substrate_of	ABCB1
Dacomitinib	inhibits	ABCB1
Dacomitinib	substrate_of	ABCG2
Dacomitinib	inhibits	ABCG2
Dacomitinib	inhibits	SLC22A1
Dacomitinib	binds	ALB
Binimetinib	substrate_of	UGT1A1
Binimetinib	substrate_of	CYP1A2
Binimetinib	substrate_of	CYP2C19
Binimetinib	inhibits	MAP2K2
Binimetinib	inhibits	MAP2K1
Binimetinib	substrate_of	ABCG2
Binimetinib	substrate_of	ABCB1
Binimetinib	binds	ALB
Glasdegib	substrate_of	CYP2C8
Glasdegib	substrate_of	CYP3A4
Glasdegib	substrate_of	UGT1A9
Glasdegib	inhibits	SMO
Glasdegib	inhibits	MTOR
Glasdegib	substrate_of	ABCB1
Glasdegib	inhibits	ABCB1
Glasdegib	substrate_of	ABCG2
Glasdegib	inhibits	ABCG2
Glasdegib	inhibits	SLC47A1
Glasdegib	inhibits	SLC47A2
Glasdegib	binds	ALB
Glasdegib	binds	ORM1
Elagolix	substrate_of	CYP3A4
Elagolix	substrate_of	CYP2D6
Elagolix	substrate_of	CYP2C8
Elagolix	substrate_of	UGT1A1
Elagolix	inhibits	GNRHR
Elagolix	substrate_of	ABCB1
Elagolix	inhibits	ABCB1
Elagolix	substrate_of	SLCO1B1
Letaxaban	inhibits	F10
Entrectinib	substrate_of	CYP3A4
Entrectinib	inhibits	NTRK1
Entrectinib	inhibits	NTRK3
Entrectinib	inhibits	ROS1
Entrectinib	inhibits	NTRK2
Entrectinib	inhibits	ALK
Entrectinib	inhibits	JAK2
Entrectinib	inhibits	TNK2
Entrectinib	substrate_of	ABCB1
Entrectinib	inhibits	ABCB1
Avatrombopag	substrate_of	CYP3A4
Avatrombopag	substrate_of	CYP2C9
Avatrombopag	induces	CYP2C9
Avatrombopag	induces	CYP2C8
Avatrombopag	activates	MPL
Avatrombopag	substrate_of	ABCB1
Avatrombopag	inhibits	ABCG2
Avatrombopag	inhibits	SLC22A8
Abemaciclib	substrate_of	CYP3A4
Abemaciclib	inhibits	CYP3A4
Abemaciclib	inhibits	CYP1A2
Abemaciclib	inhibits	CYP2B6
Abemaciclib	inhibits	CYP2C8
Abemaciclib	inhibits	CYP2C9
Abemaciclib	inhibits	CYP2D6
Abemaciclib	inhibits	CDK4
Abemaciclib	inhibits	CDK6
Abemaciclib	inhibits	SLC47A1
Abemaciclib	inhibits	SLC47A2
Abemaciclib	inhibits	SLC22A2
Abemaciclib	substrate_of	ABCG2
Abemaciclib	inhibits	ABCG2
Abemaciclib	substrate_of	ABCB1
Abemaciclib	inhibits	ABCB1
Abemaciclib	binds	ALB
Abemaciclib	binds	ORM1
Nirogacestat	induces	CYP2B6
Nirogacestat	substrate_of	CYP2D6
Nirogacestat	substrate_of	CYP2C9
Nirogacestat	induces	CYP2C9
Nirogacestat	substrate_of	CYP2C19
Nirogacestat	induces	CYP2C19
Nirogacestat	substrate_of	CYP3A4
Nirogacestat	induces	CYP2C8
Nirogacestat	inhibits	PSEN1
Nirogacestat	inhibits	PSEN2
Nirogacestat	modulates	NCSTN
Nirogacestat	modulates	PSENEN
Nirogacestat	modulates	APH1B
Nirogacestat	modulates	APH1A
Nirogacestat	substrate_of	ABCB1
Nirogacestat	inhibits	ABCB1
Nirogacestat	binds	ALB
Nirogacestat	binds	ORM1
Fostamatinib	substrate_of	CYP3A4
Fostamatinib	inhibits	CYP3A4
Fostamatinib	substrate_of	UGT1A9
Fostamatinib	inhibits	SYK
Fostamatinib	inhibits	ADORA3
Fostamatinib	inhibits	SLC18A2
Fostamatinib	inhibits	FAAH
Fostamatinib	inhibits	SLC29A1
Fostamatinib	inhibits	UGT1A1
Fostamatinib	inhibits	PDE5A
Fostamatinib	inhibits	ALOX5
Fostamatinib	inhibits	CTSS
Fostamatinib	inhibits	CTSL
Fostamatinib	inhibits	ABL1
Fostamatinib	inhibits	CDPK1
Fostamatinib	inhibits	pknB
Fostamatinib	inhibits	RPS6KA6
Fostamatinib	inhibits	TYK2
Fostamatinib	inhibits	COQ8A
Fostamatinib	inhibits	JAK1
Fostamatinib	inhibits	MET
Fostamatinib	inhibits	NIM1K
Fostamatinib	inhibits	STK26
Fostamatinib	inhibits	PRKACA
Fostamatinib	inhibits	STK24
Fostamatinib	inhibits	STK3
Fostamatinib	inhibits	TEC
Fostamatinib	inhibits	STK33
Fostamatinib	inhibits	STK35
Fostamatinib	inhibits	STK36
Fostamatinib	inhibits	STK38
Fostamatinib	inhibits	STK38L
Fostamatinib	inhibits	STK39
Fostamatinib	inhibits	TAOK1
Fostamatinib	inhibits	TAOK2
Fostamatinib	inhibits	TAOK3
Fostamatinib	inhibits	TBK1
Fostamatinib	inhibits	TEK
Fostamatinib	inhibits	TESK1
Fostamatinib	inhibits	TGFBR1
Fostamatinib	inhibits	TGFBR2
Fostamatinib	inhibits	TIE1
Fostamatinib	inhibits	TLK1
Fostamatinib	inhibits	TLK2
Fostamatinib	inhibits	TNIK
Fostamatinib	inhibits	TNK1
Fostamatinib	inhibits	TNK2
Fostamatinib	inhibits	TNNI3K
Fostamatinib	inhibits	TSSK1B
Fostamatinib	inhibits	TTK
Fostamatinib	inhibits	TXK
Fostamatinib	inhibits	TYRO3
Fostamatinib	inhibits	ULK1
Fostamatinib	inhibits	ULK2
Fostamatinib	inhibits	ULK3
Fostamatinib	inhibits	WEE1
Fostamatinib	inhibits	YES1
Fostamatinib	inhibits	MAP3K19
Fostamatinib	inhibits	MAP3K20
Fostamatinib	inhibits	ZAP70
Fostamatinib	inhibits	AAK1
Fostamatinib	inhibits	ABL2
Fostamatinib	inhibits	ACVR1
Fostamatinib	inhibits	ACVR1B
Fostamatinib	inhibits	COQ8B
Fostamatinib	inhibits	ALK
Fostamatinib	inhibits	ANKK1
Fostamatinib	inhibits	AURKA
Fostamatinib	inhibits	AURKB
Fostamatinib	inhibits	AURKC
Fostamatinib	inhibits	AXL
Fostamatinib	inhibits	BLK
Fostamatinib	inhibits	BMP2K
Fostamatinib	inhibits	BMPR1B
Fostamatinib	inhibits	BMPR2
Fostamatinib	inhibits	BMX
Fostamatinib	inhibits	BRAF
Fostamatinib	inhibits	BTK
Fostamatinib	inhibits	CAMK1
Fostamatinib	inhibits	CAMK1D
Fostamatinib	inhibits	CAMK1G
Fostamatinib	inhibits	CAMK2A
Fostamatinib	inhibits	CAMK2B
Fostamatinib	inhibits	CAMK2D
Fostamatinib	inhibits	CAMK2G
Fostamatinib	inhibits	CAMKK1
Fostamatinib	inhibits	CAMKK2
Fostamatinib	inhibits	CASK
Fostamatinib	inhibits	CSN3
Fostamatinib	inhibits	CDK1
Fostamatinib	inhibits	CDC42BPG
Fostamatinib	inhibits	CDK4
Fostamatinib	inhibits	CDKL1
Fostamatinib	inhibits	CDKL2
Fostamatinib	inhibits	CHEK1
Fostamatinib	inhibits	CHEK2
Fostamatinib	inhibits	CIT
Fostamatinib	inhibits	CLK1
Fostamatinib	inhibits	CLK2
Fostamatinib	inhibits	CLK3
Fostamatinib	inhibits	CLK4
Fostamatinib	inhibits	CSF1R
Fostamatinib	inhibits	CSK
Fostamatinib	inhibits	CSNK1A1
Fostamatinib	inhibits	CSNK2A1
Fostamatinib	inhibits	CSNK2A2
Fostamatinib	inhibits	DAPK1
Fostamatinib	inhibits	DAPK2
Fostamatinib	inhibits	DAPK3
Fostamatinib	inhibits	DCLK1
Fostamatinib	inhibits	DCLK2
Fostamatinib	inhibits	DCLK3
Fostamatinib	inhibits	DDR1
Fostamatinib	inhibits	DDR2
Fostamatinib	inhibits	DYRK1A
Fostamatinib	inhibits	DYRK1B
Fostamatinib	inhibits	EGFR
Fostamatinib	inhibits	EIF2AK1
Fostamatinib	inhibits	EIF2AK2
Fostamatinib	inhibits	EIF2AK4
Fostamatinib	inhibits	EPHA1
Fostamatinib	inhibits	EPHA2
Fostamatinib	inhibits	EPHA3
Fostamatinib	inhibits	EPHA4
Fostamatinib	inhibits	EPHA5
Fostamatinib	inhibits	EPHA6
Fostamatinib	inhibits	EPHA7
Fostamatinib	inhibits	EPHA8
Fostamatinib	inhibits	EPHB1
Fostamatinib	inhibits	EPHB2
Fostamatinib	inhibits	EPHB4
Fostamatinib	inhibits	EPHB6
Fostamatinib	inhibits	ERBB2
Fostamatinib	inhibits	ERBB4
Fostamatinib	inhibits	ERN1
Fostamatinib	inhibits	FER
Fostamatinib	inhibits	FES
Fostamatinib	inhibits	FGFR1
Fostamatinib	inhibits	FGFR2
Fostamatinib	inhibits	FGFR3
Fostamatinib	inhibits	FGR
Fostamatinib	inhibits	FLT1
Fostamatinib	inhibits	FLT3
Fostamatinib	inhibits	FLT4
Fostamatinib	inhibits	MTOR
Fostamatinib	inhibits	FRK
Fostamatinib	inhibits	FYN
Fostamatinib	inhibits	GAK
Fostamatinib	inhibits	GSK3A
Fostamatinib	inhibits	GSK3B
Fostamatinib	inhibits	HCK
Fostamatinib	inhibits	HIPK2
Fostamatinib	inhibits	HIPK3
Fostamatinib	inhibits	CILK1
Fostamatinib	inhibits	IKBKB
Fostamatinib	inhibits	IKBKE
Fostamatinib	inhibits	INSR
Fostamatinib	inhibits	INSRR
Fostamatinib	inhibits	IRAK1
Fostamatinib	inhibits	IRAK3
Fostamatinib	inhibits	IRAK4
Fostamatinib	inhibits	ITK
Fostamatinib	inhibits	JAK2
Fostamatinib	inhibits	JAK3
Fostamatinib	inhibits	KDR
Fostamatinib	inhibits	SIK3
Fostamatinib	inhibits	KIT
Fostamatinib	inhibits	LATS1
Fostamatinib	inhibits	LCK
Fostamatinib	inhibits	LIMK1
Fostamatinib	inhibits	LIMK2
Fostamatinib	inhibits	LRRK2
Fostamatinib	inhibits	LTK
Fostamatinib	inhibits	LYN
Fostamatinib	inhibits	MAP2K2
Fostamatinib	inhibits	MAP2K3
Fostamatinib	inhibits	MAP2K5
Fostamatinib	inhibits	MAP2K6
Fostamatinib	inhibits	MAP3K1
Fostamatinib	inhibits	MAP3K10
Fostamatinib	inhibits	MAP3K11
Fostamatinib	inhibits	MAP3K12
Fostamatinib	inhibits	MAP3K13
Fostamatinib	inhibits	MAP3K15
Fostamatinib	inhibits	MAP3K2
Fostamatinib	inhibits	MAP3K3
Fostamatinib	inhibits	MAP3K4
Fostamatinib	inhibits	MAP3K6
Fostamatinib	inhibits	MAP3K9
Fostamatinib	inhibits	MAP4K1
Fostamatinib	inhibits	MAP4K2
Fostamatinib	inhibits	MAP4K3
Fostamatinib	inhibits	MAP4K4
Fostamatinib	inhibits	MAP4K5
Fostamatinib	inhibits	MAPK10
Fostamatinib	inhibits	MAPK13
Fostamatinib	inhibits	MAPK14
Fostamatinib	inhibits	MAPK15
Fostamatinib	inhibits	MAPK4
Fostamatinib	inhibits	MAPK7
Fostamatinib	inhibits	MAPK9
Fostamatinib	inhibits	MAPKAPK5
Fostamatinib	inhibits	MARK1
Fostamatinib	inhibits	MARK2
Fostamatinib	inhibits	MARK3
Fostamatinib	inhibits	MARK4
Fostamatinib	inhibits	CLASP1
Fostamatinib	inhibits	MAST1
Fostamatinib	inhibits	MATK
Fostamatinib	inhibits	MELK
Fostamatinib	inhibits	MERTK
Fostamatinib	inhibits	MINK1
Fostamatinib	inhibits	MKNK1
Fostamatinib	inhibits	MKNK2
Fostamatinib	inhibits	MST1R
Fostamatinib	inhibits	MUSK
Fostamatinib	inhibits	MYLK
Fostamatinib	inhibits	MYLK2
Fostamatinib	inhibits	MYLK3
Fostamatinib	inhibits	MYLK4
Fostamatinib	inhibits	MYO3A
Fostamatinib	inhibits	NEK1
Fostamatinib	inhibits	NEK11
Fostamatinib	inhibits	NEK2
Fostamatinib	inhibits	NEK3
Fostamatinib	inhibits	NEK4
Fostamatinib	inhibits	NEK5
Fostamatinib	inhibits	NEK9
Fostamatinib	inhibits	NTRK1
Fostamatinib	inhibits	NTRK2
Fostamatinib	inhibits	NTRK3
Fostamatinib	inhibits	NUAK1
Fostamatinib	inhibits	NUAK2
Fostamatinib	inhibits	OXSR1
Fostamatinib	inhibits	PAK1
Fostamatinib	inhibits	PAK2
Fostamatinib	inhibits	PAK3
Fostamatinib	inhibits	PAK4
Fostamatinib	inhibits	PAK6
Fostamatinib	inhibits	PAK5
Fostamatinib	inhibits	CDK16
Fostamatinib	inhibits	CDK17
Fostamatinib	inhibits	PDGFRA
Fostamatinib	inhibits	PDGFRB
Fostamatinib	inhibits	PDPK1
Fostamatinib	inhibits	CDK15
Fostamatinib	inhibits	PHKG1
Fostamatinib	inhibits	PI4KB
Fostamatinib	inhibits	PIK3C2B
Fostamatinib	inhibits	PIK3C2G
Fostamatinib	inhibits	PIK3CD
Fostamatinib	inhibits	PIK3CG
Fostamatinib	inhibits	PIM1
Fostamatinib	inhibits	PIM3
Fostamatinib	inhibits	PIP4K2B
Fostamatinib	inhibits	PIP4K2C
Fostamatinib	inhibits	PKMYT1
Fostamatinib	inhibits	PKN1
Fostamatinib	inhibits	PKN2
Fostamatinib	inhibits	PLK1
Fostamatinib	inhibits	PLK2
Fostamatinib	inhibits	PLK3
Fostamatinib	inhibits	PLK4
Fostamatinib	inhibits	PRKAA1
Fostamatinib	inhibits	PRKACB
Fostamatinib	inhibits	PRKCD
Fostamatinib	inhibits	PRKCE
Fostamatinib	inhibits	PRKCG
Fostamatinib	inhibits	PRKCI
Fostamatinib	inhibits	PRKCQ
Fostamatinib	inhibits	PRKD1
Fostamatinib	inhibits	PRKG2
Fostamatinib	inhibits	PRP4K
Fostamatinib	inhibits	PTK2
Fostamatinib	inhibits	PTK2B
Fostamatinib	inhibits	PTK6
Fostamatinib	inhibits	RAF1
Fostamatinib	inhibits	RET
Fostamatinib	inhibits	RIOK1
Fostamatinib	inhibits	RIOK2
Fostamatinib	inhibits	RIOK3
Fostamatinib	inhibits	RIPK1
Fostamatinib	inhibits	RIPK2
Fostamatinib	inhibits	RIPK4
Fostamatinib	inhibits	ROCK2
Fostamatinib	inhibits	ROS1
Fostamatinib	inhibits	RPS6KA1
Fostamatinib	inhibits	RPS6KA3
Fostamatinib	inhibits	SBK1
Fostamatinib	inhibits	SBK3
Fostamatinib	inhibits	SGK3
Fostamatinib	inhibits	SIK1
Fostamatinib	inhibits	SIK2
Fostamatinib	inhibits	SLK
Fostamatinib	inhibits	SNRK
Fostamatinib	inhibits	SRC
Fostamatinib	inhibits	SRMS
Fostamatinib	inhibits	STK10
Fostamatinib	inhibits	STK16
Fostamatinib	inhibits	STK17A
Fostamatinib	inhibits	STK17B
Fostamatinib	inhibits	STK32A
Fostamatinib	inhibits	ABCG2
Fostamatinib	substrate_of	ABCB5
Alpelisib	substrate_of	CYP3A4
Alpelisib	induces	CYP2C9
Alpelisib	inhibits	CYP2C8
Alpelisib	inhibits	CYP2C19
Alpelisib	inhibits	PIK3CA
Alpelisib	inhibits	PIK3R1
Alpelisib	modulates	ESR1
Alpelisib	substrate_of	ABCG2
Alpelisib	inhibits	ABCB1
Ponesimod	substrate_of	CYP2J2
Ponesimod	substrate_of	CYP3A4
Ponesimod	substrate_of	CYP3A5
Ponesimod	substrate_of	CYP4F3
Ponesimod	substrate_of	CYP4F12
Ponesimod	substrate_of	UGT1A1
Ponesimod	substrate_of	UGT2B7
Ponesimod	activates	S1PR1
Ponesimod	modulates	S1PR1
Ponesimod	binds	S1PR1
Tecovirimat	substrate_of	UGT1A1
Tecovirimat	substrate_of	UGT1A3
Tecovirimat	substrate_of	UGT1A4
Tecovirimat	induces	CYP3A4
Tecovirimat	induces	CYP2C8
Tecovirimat	inhibits	CYP2C19
Tecovirimat	induces	CYP2B6
Tecovirimat	inhibits	OPG057
Tecovirimat	inhibits	ABCG2
Voxilaprevir	substrate_of	CYP3A4
Voxilaprevir	substrate_of	CYP1A2
Voxilaprevir	substrate_of	CYP2C8
Voxilaprevir	inhibits	NS3/4A
Voxilaprevir	substrate_of	ABCB1
Voxilaprevir	inhibits	ABCB1
Voxilaprevir	substrate_of	ABCG2
Voxilaprevir	inhibits	ABCG2
Voxilaprevir	substrate_of	SLCO1B1
Voxilaprevir	inhibits	SLCO1B1
Voxilaprevir	substrate_of	SLCO1B3
Voxilaprevir	inhibits	SLCO1B3
Sarecycline	inhibits	ABCB1
Letermovir	substrate_of	UGT1A1
Letermovir	substrate_of	UGT1A3
Letermovir	substrate_of	CYP3A4
Letermovir	inhibits	CYP3A4
Letermovir	substrate_of	CYP2D6
Letermovir	inhibits	CYP2C8
Letermovir	induces	CYP2C9
Letermovir	induces	CYP2C19
Letermovir	induces	CYP2B6
Letermovir	inhibits	TRM1
Letermovir	substrate_of	SLCO1B1
Letermovir	inhibits	SLCO1B1
Letermovir	substrate_of	SLCO1B3
Letermovir	inhibits	SLCO1B3
Letermovir	substrate_of	ABCB1
Letermovir	inhibits	ABCB1
Letermovir	inhibits	ABCG2
Letermovir	inhibits	ABCB11
Letermovir	inhibits	SLC22A8
Letermovir	inhibits	ABCC2
Telotristat ethyl	inhibits	CYP3A4
Telotristat ethyl	induces	CYP3A4
Telotristat ethyl	induces	CYP2B6
Telotristat ethyl	substrate_of	CES1
Telotristat ethyl	substrate_of	CES2
Telotristat ethyl	induces	UGT2B4
Telotristat ethyl	induces	UGT2B7
Telotristat ethyl	inhibits	CYP2C9
Telotristat ethyl	inhibits	CYP2C19
Telotristat ethyl	inhibits	CYP2D6
Telotristat ethyl	inhibits	CYP2C8
Telotristat ethyl	inhibits	TPH2
Telotristat ethyl	inhibits	TPH1
Telotristat ethyl	substrate_of	ABCB1
Telotristat ethyl	inhibits	ABCB1
Telotristat ethyl	binds	ABCG2
Lorlatinib	substrate_of	CYP3A4
Lorlatinib	inhibits	CYP3A4
Lorlatinib	substrate_of	CYP3A5
Lorlatinib	induces	CYP2B6
Lorlatinib	substrate_of	CYP2C8
Lorlatinib	substrate_of	CYP2C19
Lorlatinib	substrate_of	UGT1A3
Lorlatinib	induces	CYP3A4
Lorlatinib	inhibits	STYK1
Lorlatinib	inhibits	FES
Lorlatinib	inhibits	NTRK1
Lorlatinib	inhibits	NTRK2
Lorlatinib	inhibits	NTRK3
Lorlatinib	inhibits	PTK2
Lorlatinib	inhibits	PTK2B
Lorlatinib	inhibits	TNK2
Lorlatinib	inhibits	ROS1
Lorlatinib	inhibits	ALK
Lorlatinib	binds	FER
Gepotidacin	substrate_of	CYP3A4
Gepotidacin	inhibits	parC
Gepotidacin	inhibits	gyrA
Gepotidacin	inhibits	ACHE
Gepotidacin	inhibits	TOP2B
Gepotidacin	inhibits	TOP2A
Gepotidacin	inhibits	SLC47A1
Gepotidacin	inhibits	SLC47A2
Gepotidacin	substrate_of	ABCG2
Gilteritinib	substrate_of	CYP3A4
Gilteritinib	inhibits	FLT3
Gilteritinib	inhibits	AXL
Gilteritinib	inhibits	ALK
Gilteritinib	substrate_of	ABCB1
Gilteritinib	inhibits	SLC47A1
Gilteritinib	inhibits	ABCG2
Gilteritinib	inhibits	SLC22A1
Gilteritinib	binds	ALB
Erdafitinib	substrate_of	CYP2C9
Erdafitinib	substrate_of	CYP3A4
Erdafitinib	inhibits	CYP3A4
Erdafitinib	induces	CYP3A4
Erdafitinib	inhibits	FGFR1
Erdafitinib	inhibits	FGFR2
Erdafitinib	inhibits	FGFR3
Erdafitinib	inhibits	FGFR4
Erdafitinib	substrate_of	RET
Erdafitinib	substrate_of	CSF1R
Erdafitinib	substrate_of	PDGFRA
Erdafitinib	substrate_of	PDGFRB
Erdafitinib	substrate_of	KIT
Erdafitinib	substrate_of	KDR
Erdafitinib	substrate_of	ABCB1
Erdafitinib	inhibits	ABCB1
Erdafitinib	inhibits	SLC22A2
Erdafitinib	binds	ORM1
Brincidofovir	substrate_of	CYP4F2
Brincidofovir	inhibits	CYP4F2
Brincidofovir	substrate_of	SMPD1
Brincidofovir	inhibits	CYP1A2
Brincidofovir	inhibits	CYP2B6
Brincidofovir	inhibits	CYP2C8
Brincidofovir	inhibits	CYP2C9
Brincidofovir	inhibits	CYP2C19
Brincidofovir	inhibits	CYP2D6
Brincidofovir	inhibits	OPG071
Brincidofovir	inhibits	POLD1
Brincidofovir	inhibits	POLD4
Brincidofovir	inhibits	POLE2
Brincidofovir	inhibits	POLG
Brincidofovir	inhibits	POLG2
Brincidofovir	inhibits	POLB
Brincidofovir	inhibits	POLN
Brincidofovir	inhibits	POLQ
Brincidofovir	substrate_of	SLCO1B1
Brincidofovir	inhibits	SLCO1B1
Brincidofovir	substrate_of	SLCO1B3
Brincidofovir	inhibits	ABCG2
Brincidofovir	inhibits	ABCC2
Brincidofovir	inhibits	SLC22A6
Brincidofovir	inhibits	SLC22A8
Brincidofovir	inhibits	ABCB11
Deutetrabenazine	substrate_of	CBR1
Deutetrabenazine	substrate_of	CBR3
Deutetrabenazine	substrate_of	CYP2D6
Deutetrabenazine	substrate_of	CYP1A2
Deutetrabenazine	substrate_of	CYP3A5
Deutetrabenazine	substrate_of	CYP3A4
Deutetrabenazine	inhibits	SLC18A2
Gepirone	substrate_of	CYP3A4
Gepirone	activates	HTR1A
Capivasertib	substrate_of	CYP3A4
Capivasertib	substrate_of	UGT2B7
Capivasertib	inhibits	AKT2
Capivasertib	inhibits	AKT3
Capivasertib	inhibits	AKT1
Capivasertib	inhibits	ABCG2
Capivasertib	inhibits	SLCO1B1
Capivasertib	inhibits	SLCO1B3
Capivasertib	inhibits	SLC22A8
Capivasertib	inhibits	SLC47A1
Capivasertib	inhibits	SLC47A2
Capivasertib	inhibits	SLC22A2
Estetrol	substrate_of	CYP3A4
Estetrol	substrate_of	UGT2B7
Estetrol	activates	ESR1
Estetrol	modulates	ESR1
Estetrol	binds	ESR1
Estetrol	activates	ESR2
Estetrol	binds	ALB
Estetrol	binds	ORM1
Bexagliflozin	substrate_of	UGT1A9
Bexagliflozin	substrate_of	CYP3A4
Bexagliflozin	substrate_of	CYP2C8
Bexagliflozin	substrate_of	CYP2D6
Bexagliflozin	substrate_of	UGT1A1
Bexagliflozin	inhibits	SLC5A2
Bexagliflozin	substrate_of	ABCB1
Polatuzumab vedotin	substrate_of	CYP3A4
Polatuzumab vedotin	substrate_of	CYP3A5
Polatuzumab vedotin	binds	CD79B
Polatuzumab vedotin	substrate_of	ABCB1
Edaravone	substrate_of	UGT1A1
Edaravone	substrate_of	UGT1A6
Edaravone	substrate_of	UGT1A7
Edaravone	substrate_of	UGT1A8
Edaravone	substrate_of	UGT1A9
Edaravone	substrate_of	UGT1A10
Edaravone	substrate_of	UGT2B7
Edaravone	substrate_of	UGT2B17
Edaravone	substrate_of	SULT1A1
Edaravone	binds	BCL2
Edaravone	substrate_of	SLC22A6
Edaravone	substrate_of	SLC22A8
Edaravone	binds	ALB
Triclabendazole	substrate_of	CYP1A2
Triclabendazole	inhibits	CYP1A2
Triclabendazole	substrate_of	CYP2C9
Triclabendazole	substrate_of	CYP3A4
Triclabendazole	inhibits	CYP3A4
Triclabendazole	substrate_of	CYP1A1
Triclabendazole	substrate_of	CYP1B1
Triclabendazole	substrate_of	CYP2C19
Triclabendazole	inhibits	CYP2C19
Triclabendazole	substrate_of	CYP2D6
Triclabendazole	inhibits	CYP2D6
Triclabendazole	inhibits	CYP2A6
Triclabendazole	inhibits	CYP2C8
Triclabendazole	inhibits	CYP2B6
Vadadustat	substrate_of	UGT1A1
Vadadustat	induces	UGT1A1
Vadadustat	substrate_of	UGT1A7
Vadadustat	substrate_of	UGT1A8
Vadadustat	substrate_of	UGT1A9
Vadadustat	substrate_of	UGT2B7
Vadadustat	induces	CYP2B6
Vadadustat	inhibits	CYP2C8
Vadadustat	binds	CYP3A4
Vadadustat	inhibits	CYP2C9
Vadadustat	inhibits	EGLN1
Vadadustat	inhibits	EGLN2
Vadadustat	inhibits	EGLN3
Vadadustat	binds	HIF1A
Vadadustat	binds	EPAS1
Vadadustat	inhibits	ABCG2
Vadadustat	substrate_of	SLC22A8
Vadadustat	inhibits	SLC22A8
Vadadustat	substrate_of	SLC22A6
Vadadustat	binds	ALB
Fexinidazole	substrate_of	CYP1A2
Fexinidazole	inhibits	CYP1A2
Fexinidazole	induces	CYP1A2
Fexinidazole	substrate_of	CYP2B6
Fexinidazole	inhibits	CYP2B6
Fexinidazole	induces	CYP2B6
Fexinidazole	substrate_of	CYP2C19
Fexinidazole	inhibits	CYP2C19
Fexinidazole	substrate_of	CYP3A4
Fexinidazole	inhibits	CYP3A4
Fexinidazole	substrate_of	CYP3A5
Fexinidazole	inhibits	CYP3A5
Fexinidazole	substrate_of	FMO3
Fexinidazole	substrate_of	CYP2D6
Fexinidazole	inhibits	CYP2D6
Fexinidazole	inhibits	SLCO1B1
Fexinidazole	inhibits	SLCO1B3
Fexinidazole	inhibits	SLC22A2
Fexinidazole	inhibits	SLC22A6
Fexinidazole	inhibits	SLC22A8
Fexinidazole	inhibits	SLC47A1
Fexinidazole	inhibits	SLC47A2
Brigatinib	substrate_of	CYP2C8
Brigatinib	substrate_of	CYP3A4
Brigatinib	induces	CYP3A4
Brigatinib	inhibits	ALK
Brigatinib	inhibits	EGFR
Brigatinib	inhibits	ABL1
Brigatinib	inhibits	IGF1R
Brigatinib	inhibits	FLT3
Brigatinib	binds	INSR
Brigatinib	inhibits	MET
Brigatinib	inhibits	ERBB4
Brigatinib	inhibits	ERBB2
Brigatinib	substrate_of	ABCB5
Brigatinib	inhibits	ABCB5
Brigatinib	substrate_of	ABCG2
Brigatinib	inhibits	ABCG2
Brigatinib	binds	SLC22A1
Brigatinib	inhibits	SLC47A1
Brigatinib	inhibits	SLC47A2
Propiverine	substrate_of	CYP3A4
Propiverine	substrate_of	FMO1
Propiverine	substrate_of	FMO3
Propiverine	inhibits	CHRM1
Propiverine	inhibits	CHRM2
Propiverine	inhibits	CHRM3
Propiverine	inhibits	CHRM5
Propiverine	inhibits	CACNA1C
Propiverine	inhibits	ADRA1A
Propiverine	inhibits	CHRM4
Defactinib	substrate_of	CYP3A4
Defactinib	inhibits	CYP3A4
Defactinib	substrate_of	CYP2C9
Defactinib	inhibits	CYP2C9
Defactinib	induces	CYP2B6
Defactinib	induces	CYP1A2
Defactinib	inhibits	UGT1A1
Defactinib	inhibits	PTK2
Defactinib	inhibits	PTK2B
Defactinib	substrate_of	ABCB5
Defactinib	inhibits	ABCB5
Defactinib	substrate_of	ABCG2
Defactinib	inhibits	ABCG2
Defactinib	inhibits	SLCO1B1
Defactinib	inhibits	SLCO1B3
Defactinib	inhibits	SLC47A2
Darexaban	inhibits	F10
Doravirine	substrate_of	CYP3A4
Doravirine	substrate_of	CYP3A5
Doravirine	inhibits	pol
Doravirine	inhibits	gag-pol
Eravacycline	substrate_of	CYP3A4
Eravacycline	substrate_of	MAOA
Eravacycline	inhibits	rpsD
Rucaparib	substrate_of	CYP2D6
Rucaparib	inhibits	CYP2D6
Rucaparib	substrate_of	CYP1A2
Rucaparib	inhibits	CYP1A2
Rucaparib	induces	CYP1A2
Rucaparib	substrate_of	CYP3A4
Rucaparib	inhibits	CYP3A4
Rucaparib	inhibits	CYP3A5
Rucaparib	inhibits	CYP3A7
Rucaparib	inhibits	CYP3A43
Rucaparib	inhibits	CYP2C19
Rucaparib	inhibits	CYP2C9
Rucaparib	inhibits	CYP2C8
Rucaparib	inhibits	UGT1A1
Rucaparib	inhibits	PARP1
Rucaparib	inhibits	PARP2
Rucaparib	inhibits	PARP3
Rucaparib	substrate_of	ABCB1
Rucaparib	inhibits	ABCB1
Rucaparib	substrate_of	ABCG2
Rucaparib	inhibits	ABCG2
Rucaparib	inhibits	SLC47A1
Rucaparib	inhibits	SLC47A2
Rucaparib	inhibits	SLC22A1
Rucaparib	inhibits	SLCO1B1
Rucaparib	inhibits	SLCO1B3
Rucaparib	inhibits	SLC22A6
Rucaparib	inhibits	SLC22A8
Rucaparib	inhibits	ABCC4
Betrixaban	inhibits	F10
Betrixaban	substrate_of	ABCB1
Betrixaban	inhibits	KCNH2
Siponimod	substrate_of	CYP3A4
Siponimod	substrate_of	CYP2C9
Siponimod	modulates	S1PR1
Siponimod	modulates	S1PR5
Seladelpar	substrate_of	CYP2C9
Seladelpar	substrate_of	CYP2C8
Seladelpar	substrate_of	CYP3A4
Seladelpar	activates	PPARD
Seladelpar	substrate_of	ABCG2
Seladelpar	substrate_of	ABCB1
Seladelpar	substrate_of	SLC22A8
Remimazolam	substrate_of	CES1
Remimazolam	modulates	GABRA1
Remimazolam	binds	GABRA1
Remimazolam	activates	GABRG3
Remimazolam	binds	ALB
Omadacycline	inhibits	rpsC
Omadacycline	inhibits	rpsG
Omadacycline	inhibits	rpsH
Omadacycline	inhibits	rpsS
Omadacycline	inhibits	rpsN
Omadacycline	substrate_of	ABCB1
Omadacycline	binds	ALB
Rimegepant	substrate_of	CYP3A4
Rimegepant	inhibits	CYP3A4
Rimegepant	substrate_of	CYP2C9
Rimegepant	inhibits	CALCRL
Rimegepant	substrate_of	ABCB1
Rimegepant	substrate_of	ABCG2
Rimegepant	inhibits	SLCO1B1
Rimegepant	inhibits	SLC22A8
Rimegepant	inhibits	SLCO1B3
Rimegepant	inhibits	SLC22A2
Rimegepant	inhibits	SLC47A1
Ibrexafungerp	substrate_of	CYP3A4
Ibrexafungerp	inhibits	CYP3A4
Ibrexafungerp	substrate_of	UGT1A1
Ibrexafungerp	substrate_of	SULT1A1
Ibrexafungerp	inhibits	CYP2C8
Ibrexafungerp	inhibits	GSC2
Ibrexafungerp	inhibits	RHO1
Ibrexafungerp	substrate_of	ABCB1
Ibrexafungerp	inhibits	SLCO1B3
Ibrexafungerp	binds	ALB
Copanlisib	substrate_of	CYP3A4
Copanlisib	substrate_of	CYP3A5
Copanlisib	substrate_of	CYP3A7
Copanlisib	substrate_of	CYP1A1
Copanlisib	inhibits	PIK3CA
Copanlisib	inhibits	PIK3CD
Copanlisib	inhibits	PIK3CB
Copanlisib	inhibits	PIK3CG
Copanlisib	substrate_of	ABCB1
Copanlisib	substrate_of	ABCG2
Copanlisib	inhibits	SLC47A2
Copanlisib	substrate_of	ALB
Fedratinib	substrate_of	CYP3A4
Fedratinib	substrate_of	CYP2C19
Fedratinib	substrate_of	FMO3
Fedratinib	inhibits	CYP2D6
Fedratinib	inhibits	JAK2
Fedratinib	inhibits	FLT3
Fedratinib	inhibits	JAK1
Fedratinib	substrate_of	ABCB1
Fedratinib	inhibits	ABCB1
Fedratinib	inhibits	ABCG2
Fedratinib	inhibits	SLCO1B1
Fedratinib	inhibits	SLCO1B3
Fedratinib	inhibits	POU2F2
Fedratinib	inhibits	SLC47A1
Fedratinib	inhibits	SLC47A2
Omaveloxolone	substrate_of	CYP3A4
Omaveloxolone	induces	CYP3A4
Omaveloxolone	substrate_of	CYP2C8
Omaveloxolone	induces	CYP2C8
Omaveloxolone	substrate_of	CYP2J2
Omaveloxolone	activates	NFE2L2
Omaveloxolone	inhibits	KEAP1
Omaveloxolone	inhibits	SLC22A6
Samidorphan	substrate_of	CYP3A4
Samidorphan	substrate_of	CYP3A5
Samidorphan	substrate_of	CYP2C19
Samidorphan	substrate_of	CYP2C8
Samidorphan	inhibits	OPRM1
Samidorphan	activates	OPRK1
Samidorphan	activates	OPRD1
Sparsentan	substrate_of	CYP3A4
Sparsentan	inhibits	CYP3A4
Sparsentan	induces	CYP3A4
Sparsentan	induces	CYP2B6
Sparsentan	induces	CYP2C9
Sparsentan	induces	CYP2C19
Sparsentan	inhibits	EDNRA
Sparsentan	inhibits	AGTR1
Sparsentan	inhibits	AGTR2
Sparsentan	substrate_of	ABCB1
Sparsentan	inhibits	ABCB1
Sparsentan	substrate_of	ABCG2
Sparsentan	inhibits	ABCG2
Sparsentan	inhibits	SLCO1B3
Sparsentan	inhibits	SLC22A8
Asciminib	substrate_of	CYP3A4
Asciminib	inhibits	CYP3A4
Asciminib	substrate_of	UGT2B7
Asciminib	substrate_of	UGT2B17
Asciminib	inhibits	UGT1A1
Asciminib	inhibits	CYP2C19
Asciminib	inhibits	CYP2C9
Asciminib	inhibits	ABL1
Asciminib	modulates	ABL1
Asciminib	substrate_of	ABCG2
Asciminib	inhibits	ABCG2
Asciminib	substrate_of	ABCB1
Asciminib	inhibits	ABCB1
Asciminib	inhibits	SLCO1B1
Asciminib	inhibits	SLCO1B3
Asciminib	inhibits	SLC22A1
Nafamostat	inhibits	F2
Nafamostat	inhibits	F10
Nafamostat	inhibits	F12
Nafamostat	inhibits	PRSS1
Nafamostat	inhibits	KLK1
Nafamostat	binds	TNF
Nafamostat	inhibits	ICAM1
Nafamostat	substrate_of	SLC22A1
Nafamostat	substrate_of	SLC22A2
Ozanimod	substrate_of	ALDH3A2
Ozanimod	substrate_of	ADH5
Ozanimod	substrate_of	NAT2
Ozanimod	substrate_of	CYP2C8
Ozanimod	substrate_of	MAOB
Ozanimod	substrate_of	AKR1C1
Ozanimod	substrate_of	AKR1C2
Ozanimod	substrate_of	CYP3A4
Ozanimod	activates	S1PR1
Ozanimod	activates	S1PR5
Ozanimod	inhibits	MAOB
Ozanimod	substrate_of	ABCG2
Ozanimod	substrate_of	ABCB1
Givinostat	inhibits	CYP3A4
Givinostat	induces	CYP3A4
Givinostat	induces	CYP1A2
Givinostat	induces	CYP2B6
Givinostat	inhibits	HDAC1
Givinostat	inhibits	JAK2
Givinostat	inhibits	SLC22A2
Sotagliflozin	substrate_of	UGT1A9
Sotagliflozin	substrate_of	UGT1A1
Sotagliflozin	substrate_of	UGT2B7
Sotagliflozin	substrate_of	CYP3A4
Sotagliflozin	inhibits	CYP3A4
Sotagliflozin	induces	CYP3A4
Sotagliflozin	inhibits	CYP2D6
Sotagliflozin	inhibits	SLC5A2
Sotagliflozin	inhibits	SLC5A1
Sotagliflozin	inhibits	ABCB1
Sotagliflozin	inhibits	ABCG2
Sotagliflozin	inhibits	SLCO1B1
Sotagliflozin	inhibits	SLCO1B3
Sotagliflozin	inhibits	ABCC2
Benserazide	inhibits	DDC
Zoliflodacin	substrate_of	CYP3A4
Zoliflodacin	substrate_of	CYP3A5
Zoliflodacin	substrate_of	CYP1A2
Zoliflodacin	substrate_of	CYP2C9
Zoliflodacin	substrate_of	CYP2C8
Zoliflodacin	substrate_of	CYP2C19
Zoliflodacin	inhibits	gyrB
Zoliflodacin	modulates	gyrB
Zoliflodacin	modulates	gyrA
Zoliflodacin	substrate_of	ABCB1
Zoliflodacin	inhibits	ABCB1
Zoliflodacin	substrate_of	ABCG2
Zoliflodacin	inhibits	ABCG2
Zoliflodacin	substrate_of	SLCO1B1
Zoliflodacin	inhibits	SLCO1B1
Zoliflodacin	substrate_of	SLCO1B3
Zoliflodacin	inhibits	SLCO1B3
Zoliflodacin	inhibits	SLC22A6
Zoliflodacin	inhibits	SLC22A8
Lefamulin	substrate_of	CYP3A4
Lefamulin	inhibits	rplV
Lefamulin	binds	rplV
Lefamulin	substrate_of	ABCB1
Gabexate	inhibits	PRSS1
Gabexate	inhibits	C1S
Gabexate	inhibits	C1R
Gabexate	inhibits	KLKB1
Gabexate	inhibits	F2
Gabexate	inhibits	PLG
Secnidazole	substrate_of	CYP3A4
Secnidazole	inhibits	CYP3A4
Secnidazole	substrate_of	CYP3A5
Secnidazole	inhibits	CYP2C19
Quizartinib	substrate_of	CYP3A4
Quizartinib	substrate_of	CYP3A5
Quizartinib	inhibits	UGT1A1
Quizartinib	substrate_of	CYP3A7
Quizartinib	inhibits	FLT3
Quizartinib	substrate_of	ABCB1
Quizartinib	inhibits	ABCB1
Quizartinib	inhibits	ABCG2
Quizartinib	binds	ALB
Oxatomide	inhibits	HRH1
Tazemetostat	substrate_of	CYP3A4
Tazemetostat	inhibits	EZH2
Tazemetostat	inhibits	EZH1
Tazemetostat	substrate_of	ABCB1
Tazemetostat	inhibits	SLC47A1
Tazemetostat	inhibits	SLC47A2
Tazemetostat	substrate_of	ABCG2
Resmetirom	substrate_of	CYP2C8
Resmetirom	inhibits	CYP2C8
Resmetirom	inhibits	UGT1A4
Resmetirom	inhibits	UGT1A9
Resmetirom	activates	THRB
Resmetirom	substrate_of	SLCO1B1
Resmetirom	inhibits	SLCO1B1
Resmetirom	substrate_of	SLCO1B3
Resmetirom	inhibits	SLCO1B3
Resmetirom	substrate_of	ABCG2
Resmetirom	inhibits	ABCG2
Resmetirom	inhibits	SLC22A8
Resmetirom	inhibits	ABCB11
Darolutamide	substrate_of	CYP3A4
Darolutamide	binds	UGT1A9
Darolutamide	inhibits	AR
Darolutamide	inhibits	PGR
Darolutamide	substrate_of	ABCG2
Darolutamide	inhibits	ABCG2
Darolutamide	substrate_of	ABCB1
Darolutamide	inhibits	SLCO1B1
Darolutamide	inhibits	SLCO1B3
Darolutamide	binds	ALB
Pexidartinib	substrate_of	CYP3A4
Pexidartinib	inhibits	CYP3A4
Pexidartinib	induces	CYP3A4
Pexidartinib	substrate_of	UGT1A4
Pexidartinib	inhibits	CYP2B6
Pexidartinib	induces	CYP2B6
Pexidartinib	inhibits	CYP2C9
Pexidartinib	inhibits	UGT1A1
Pexidartinib	inhibits	CSF1R
Pexidartinib	inhibits	KIT
Pexidartinib	inhibits	FLT3
Pexidartinib	inhibits	PDGFRB
Pexidartinib	inhibits	SLC47A1
Pexidartinib	inhibits	SLC47A2
Pexidartinib	inhibits	SLCO1B1
Pexidartinib	inhibits	SLCO1B3
Pexidartinib	inhibits	SLCO2B1
Pexidartinib	binds	ALB
Pexidartinib	binds	ORM1
Oteseconazole	inhibits	ERG11
Oteseconazole	inhibits	ABCG2
Macimorelin	substrate_of	CYP3A4
Macimorelin	activates	GHSR
Lusutrombopag	substrate_of	CYP4A11
Lusutrombopag	activates	MPL
Lusutrombopag	substrate_of	ABCB1
Lusutrombopag	substrate_of	ABCG2
Fluindione	substrate_of	CYP2C9
Protein S human	inhibits	F5
Protein S human	inhibits	F10
Protein S human	binds	PROC
Plecanatide	activates	GUCY2C
Ferrous sulfate anhydrous	substrate_of	CP
Ferrous sulfate anhydrous	substrate_of	HAMP
Ferrous sulfate anhydrous	substrate_of	TF
Ferrous sulfate anhydrous	substrate_of	HEPH
Ferrous sulfate anhydrous	substrate_of	CYBRD1
Ferrous sulfate anhydrous	binds	HBA1
Ferrous sulfate anhydrous	substrate_of	TFRC
Ferrous sulfate anhydrous	substrate_of	SLC11A2
Ferrous sulfate anhydrous	substrate_of	SLC40A1
Diphenadione	substrate_of	CYP3A4
Melagatran	inhibits	F10
Melagatran	inhibits	PRSS1
Melagatran	inhibits	PLG
Melagatran	inhibits	F2
Camostat	inhibits	PRSS1
Camostat	inhibits	TMPRSS2
Camostat	inhibits	ST14
Camostat	inhibits	CCK
Fluorodopa (18F)	substrate_of	DDC
Anethole trithione	inhibits	TGM2
Fenofibric acid	activates	PPARA
Fenofibric acid	inhibits	FABP1
Fenofibric acid	binds	MMP25
Fenofibric acid	binds	PPARG
Fenofibric acid	binds	PPARD
Fenofibric acid	activates	NR1I2
Enasidenib	substrate_of	CYP1A2
Enasidenib	inhibits	CYP1A2
Enasidenib	substrate_of	CYP2B6
Enasidenib	inhibits	CYP2B6
Enasidenib	induces	CYP2B6
Enasidenib	substrate_of	CYP2C8
Enasidenib	inhibits	CYP2C8
Enasidenib	substrate_of	CYP2C9
Enasidenib	inhibits	CYP2C9
Enasidenib	substrate_of	CYP2C19
Enasidenib	inhibits	CYP2C19
Enasidenib	substrate_of	CYP2D6
Enasidenib	inhibits	CYP2D6
Enasidenib	substrate_of	CYP3A4
Enasidenib	inhibits	CYP3A4
Enasidenib	induces	CYP3A4
Enasidenib	substrate_of	UGT1A1
Enasidenib	inhibits	UGT1A1
Enasidenib	substrate_of	UGT1A3
Enasidenib	substrate_of	UGT1A4
Enasidenib	substrate_of	UGT1A9
Enasidenib	substrate_of	UGT2B7
Enasidenib	substrate_of	UGT2B15
Enasidenib	inhibits	IDH2
Enasidenib	inhibits	IDH3G
Enasidenib	inhibits	IDH3B
Enasidenib	inhibits	IDH3A
Enasidenib	inhibits	IDH1
Enasidenib	substrate_of	ABCB1
Enasidenib	inhibits	ABCB1
Enasidenib	substrate_of	ABCG2
Enasidenib	inhibits	ABCG2
Enasidenib	inhibits	SLC22A6
Enasidenib	inhibits	SLCO1B1
Enasidenib	inhibits	SLC22A2
Enasidenib	inhibits	SLCO1B3
Enasidenib	inhibits	SLC22A8
Enasidenib	binds	ALB
Pibrentasvir	inhibits	CYP3A4
Pibrentasvir	inhibits	UGT1A1
Pibrentasvir	inhibits	NS5A
Pibrentasvir	substrate_of	ABCB1
Pibrentasvir	inhibits	ABCB1
Pibrentasvir	substrate_of	ABCG2
Pibrentasvir	inhibits	ABCG2
Pibrentasvir	inhibits	SLCO1B1
Pibrentasvir	inhibits	SLCO1B3
Glecaprevir	substrate_of	CYP3A4
Glecaprevir	inhibits	CYP3A4
Glecaprevir	inhibits	UGT1A1
Glecaprevir	inhibits	NS3/4A
Glecaprevir	substrate_of	ABCB1
Glecaprevir	inhibits	ABCB1
Glecaprevir	substrate_of	ABCG2
Glecaprevir	inhibits	ABCG2
Glecaprevir	substrate_of	SLCO1B1
Glecaprevir	inhibits	SLCO1B1
Glecaprevir	substrate_of	SLCO1B3
Glecaprevir	inhibits	SLCO1B3
Semaglutide	substrate_of	DPP4
Semaglutide	substrate_of	MME
Semaglutide	inhibits	LPL
Semaglutide	activates	GLP1R
Semaglutide	substrate_of	ALB
Testosterone undecanoate	substrate_of	CYP3A4
Testosterone undecanoate	inhibits	CYP3A4
Testosterone undecanoate	induces	CYP3A4
Testosterone undecanoate	induces	MAOA
Testosterone undecanoate	inhibits	CYP11A1
Testosterone undecanoate	substrate_of	CYP3A5
Testosterone undecanoate	substrate_of	CYP3A7
Testosterone undecanoate	substrate_of	CYP1A1
Testosterone undecanoate	substrate_of	CYP1B1
Testosterone undecanoate	substrate_of	CYP2A13
Testosterone undecanoate	substrate_of	CYP2B6
Testosterone undecanoate	substrate_of	CYP2C19
Testosterone undecanoate	substrate_of	CYP2C8
Testosterone undecanoate	substrate_of	CYP2C9
Testosterone undecanoate	substrate_of	CYP3A43
Testosterone undecanoate	substrate_of	SRD5A1
Testosterone undecanoate	substrate_of	CYP19A1
Testosterone undecanoate	activates	AR
Testosterone undecanoate	inhibits	SLCO1A2
Testosterone undecanoate	induces	SLCO1A2
Testosterone undecanoate	induces	SLC22A8
Testosterone undecanoate	induces	SLC22A7
Testosterone undecanoate	inhibits	ABCB1
Testosterone undecanoate	inhibits	SLC10A1
Testosterone undecanoate	substrate_of	SLC22A4
Testosterone undecanoate	substrate_of	ABCG2
Testosterone undecanoate	induces	SLC22A2
Testosterone undecanoate	induces	SLC47A1
Testosterone undecanoate	substrate_of	SLCO1B3
Testosterone undecanoate	binds	ALB
Testosterone undecanoate	binds	SHBG
Ferric cation	activates	TFRC
Ferric cation	binds	fhuD
Ferric cation	binds	TF
Ferric cation	binds	ITGB3
Ferric cation	binds	CALR
Estradiol acetate	substrate_of	CYP1A2
Estradiol acetate	inhibits	CYP1A2
Estradiol acetate	substrate_of	UGT1A1
Estradiol acetate	substrate_of	CYP3A4
Estradiol acetate	induces	CYP3A4
Estradiol acetate	substrate_of	CYP3A5
Estradiol acetate	substrate_of	CYP3A7
Estradiol acetate	substrate_of	CYP1A1
Estradiol acetate	substrate_of	CYP1B1
Estradiol acetate	substrate_of	CYP2C19
Estradiol acetate	substrate_of	CYP2C8
Estradiol acetate	substrate_of	CYP2C9
Estradiol acetate	activates	ESR1
Estradiol acetate	activates	ESR2
Estradiol acetate	binds	NR1I2
Estradiol acetate	binds	CHRNA4
Estradiol acetate	binds	NCOA2
Estradiol acetate	binds	GPER1
Estradiol acetate	binds	MT-ATP6
Estradiol acetate	binds	BECN1
Estradiol acetate	binds	HSD17B2
Estradiol acetate	binds	ESRRG
Estradiol acetate	inhibits	SLC22A2
Estradiol acetate	inhibits	SLC22A1
Estradiol acetate	inhibits	SLC22A3
Estradiol acetate	inhibits	SLCO2B1
Estradiol acetate	inhibits	SLCO1A2
Estradiol acetate	inhibits	ABCC10
Estradiol acetate	inhibits	SLC22A11
Estradiol acetate	inhibits	ABCG2
Estradiol acetate	inhibits	SLCO1B1
Estradiol acetate	substrate_of	ABCB1
Estradiol acetate	binds	SLC22A8
Estradiol acetate	binds	SLCO1B3
Estradiol acetate	binds	SLCO1C1
Estradiol acetate	binds	SLCO4A1
Estradiol acetate	binds	SHBG
Estradiol acetate	binds	ALB
Estradiol acetate	binds	FABP2
Estradiol cypionate	substrate_of	CYP1A2
Estradiol cypionate	inhibits	CYP1A2
Estradiol cypionate	substrate_of	UGT1A1
Estradiol cypionate	substrate_of	CYP3A4
Estradiol cypionate	induces	CYP3A4
Estradiol cypionate	substrate_of	CYP3A5
Estradiol cypionate	substrate_of	CYP3A7
Estradiol cypionate	substrate_of	CYP1A1
Estradiol cypionate	substrate_of	CYP1B1
Estradiol cypionate	substrate_of	CYP2C19
Estradiol cypionate	substrate_of	CYP2C8
Estradiol cypionate	substrate_of	CYP2C9
Estradiol cypionate	activates	ESR1
Estradiol cypionate	activates	ESR2
Estradiol cypionate	activates	NR1I2
Estradiol cypionate	binds	ESRRG
Estradiol cypionate	modulates	NCOA2
Estradiol cypionate	activates	GPER1
Estradiol cypionate	modulates	CHRNA4
Estradiol cypionate	binds	MT-ATP6
Estradiol cypionate	binds	BECN1
Estradiol cypionate	substrate_of	HSD17B2
Estradiol cypionate	inhibits	SLC22A2
Estradiol cypionate	inhibits	SLC22A1
Estradiol cypionate	inhibits	SLC22A3
Estradiol cypionate	inhibits	SLCO2B1
Estradiol cypionate	inhibits	SLCO1A2
Estradiol cypionate	inhibits	ABCC10
Estradiol cypionate	inhibits	SLC22A11
Estradiol cypionate	inhibits	ABCG2
Estradiol cypionate	inhibits	SLCO1B1
Estradiol cypionate	substrate_of	ABCB1
Estradiol cypionate	binds	SLC22A8
Estradiol cypionate	binds	SLCO1B3
Estradiol cypionate	binds	SLCO1C1
Estradiol cypionate	binds	SLCO4A1
Estradiol cypionate	binds	SHBG
Estradiol cypionate	binds	ALB
Estradiol cypionate	binds	FABP2
Estradiol valerate	substrate_of	CYP1A2
Estradiol valerate	inhibits	CYP1A2
Estradiol valerate	substrate_of	UGT1A1
Estradiol valerate	substrate_of	CYP3A4
Estradiol valerate	induces	CYP3A4
Estradiol valerate	substrate_of	CYP3A5
Estradiol valerate	substrate_of	CYP3A7
Estradiol valerate	substrate_of	CYP1A1
Estradiol valerate	substrate_of	CYP1B1
Estradiol valerate	substrate_of	CYP2C19
Estradiol valerate	substrate_of	CYP2C8
Estradiol valerate	substrate_of	CYP2C9
Estradiol valerate	activates	ESR1
Estradiol valerate	activates	ESR2
Estradiol valerate	activates	NR1I2
Estradiol valerate	binds	ESRRG
Estradiol valerate	modulates	NCOA2
Estradiol valerate	activates	GPER1
Estradiol valerate	modulates	CHRNA4
Estradiol valerate	binds	MT-ATP6
Estradiol valerate	binds	BECN1
Estradiol valerate	substrate_of	HSD17B2
Estradiol valerate	inhibits	SLC22A2
Estradiol valerate	inhibits	SLC22A1
Estradiol valerate	inhibits	SLC22A3
Estradiol valerate	inhibits	SLCO2B1
Estradiol valerate	inhibits	SLCO1A2
Estradiol valerate	inhibits	ABCC10
Estradiol valerate	inhibits	SLC22A11
Estradiol valerate	inhibits	ABCG2
Estradiol valerate	inhibits	SLCO1B1
Estradiol valerate	substrate_of	ABCB1
Estradiol valerate	binds	SLC22A8
Estradiol valerate	binds	SLCO1B3
Estradiol valerate	binds	SLCO1C1
Estradiol valerate	binds	SLCO4A1
Estradiol valerate	binds	SHBG
Estradiol valerate	binds	ALB
Estradiol valerate	binds	FABP2
Baloxavir marboxil	substrate_of	UGT1A3
Baloxavir marboxil	substrate_of	CYP3A4
Baloxavir marboxil	inhibits	CYP3A4
Baloxavir marboxil	inhibits	CYP2B6
Baloxavir marboxil	inhibits	CYP2C8
Baloxavir marboxil	inhibits	PA
Baloxavir marboxil	substrate_of	ABCB1
Baloxavir marboxil	inhibits	ABCB1
Baloxavir marboxil	inhibits	ABCG2
Bromotheophylline	substrate_of	CYP1A2
Bromotheophylline	inhibits	ADORA1
Fosnetupitant	substrate_of	CYP3A4
Fosnetupitant	inhibits	CYP3A4
Fosnetupitant	inhibits	TACR1
Galcanezumab	binds	CALCA
Galcanezumab	binds	CALCB
Galcanezumab	modulates	CALCRL
(S)-Warfarin	substrate_of	CYP3A4
(S)-Warfarin	substrate_of	CYP2C8
(S)-Warfarin	substrate_of	CYP2C9
(S)-Warfarin	substrate_of	CYP2C18
(S)-Warfarin	substrate_of	CYP2C19
Tenofovir	substrate_of	NME1
Tenofovir	substrate_of	NME2
Tenofovir	substrate_of	AK1
Tenofovir	substrate_of	AK2
Tenofovir	inhibits	pol
Tenofovir	inhibits	rt
Tenofovir	inhibits	gag-pol
Tenofovir	substrate_of	ABCB1
Tenofovir	substrate_of	SLC22A6
Tenofovir	substrate_of	SLC22A8
Tenofovir	substrate_of	ABCC4
Tenofovir	binds	ALB
Zinc acetate	binds	CA1
Zinc acetate	inhibits	CPE
Zinc acetate	binds	CPE
Zinc acetate	binds	ADH1C
Zinc acetate	binds	IDE
Zinc acetate	binds	SOD1
Zinc acetate	binds	BDKRB1
Zinc acetate	binds	MGMT
Zinc acetate	binds	ALDOA
Zinc acetate	binds	EEF1A1
Zinc acetate	binds	ENO1
Zinc acetate	binds	GAPDHS
Zinc acetate	binds	NME1
Zinc acetate	binds	P4HB
Zinc acetate	binds	PDIA3
Zinc acetate	binds	PRDX1
Zinc acetate	binds	PSPH
Zinc acetate	binds	TPI1
Zinc acetate	binds	TUFM
Zinc acetate	binds	ESR1
Zinc acetate	binds	IL3
Zinc acetate	binds	MT2A
Zinc acetate	binds	CCS
Zinc acetate	binds	HDAC1
Zinc acetate	binds	HDAC4
Zinc acetate	binds	MPG
Zinc acetate	binds	SEMG1
Zinc acetate	binds	HDAC8
Zinc acetate	binds	SIVA1
Zinc acetate	binds	GLRA1
Zinc acetate	binds	MDM2
Zinc acetate	binds	INS
Zinc acetate	binds	UTRN
Zinc acetate	binds	ASPA
Zinc acetate	binds	S100A8
Zinc acetate	binds	S100A9
Zinc acetate	binds	MMP9
Zinc acetate	binds	TP73
Zinc acetate	binds	S100A2
Zinc acetate	binds	TP53
Zinc acetate	binds	MT3
Zinc acetate	binds	PDCD6
Zinc acetate	binds	DAND5
Zinc acetate	binds	MT1A
Zinc acetate	binds	A1BG
Zinc acetate	binds	A2M
Zinc acetate	binds	AGT
Zinc acetate	binds	AHSG
Zinc acetate	binds	APCS
Zinc acetate	binds	APOA1
Zinc acetate	binds	APOA2
Zinc acetate	binds	APOA4
Zinc acetate	binds	APOBR
Zinc acetate	binds	APOE
Zinc acetate	binds	APOL1
Zinc acetate	binds	C1QB
Zinc acetate	binds	C1QC
Zinc acetate	binds	C1R
Zinc acetate	binds	C1S
Zinc acetate	binds	C3
Zinc acetate	binds	C4B
Zinc acetate	binds	C4BPA
Zinc acetate	binds	C4BPB
Zinc acetate	binds	C5
Zinc acetate	binds	BRCC3
Zinc acetate	binds	C8A
Zinc acetate	binds	C8B
Zinc acetate	binds	C8G
Zinc acetate	binds	CFB
Zinc acetate	binds	CFH
Zinc acetate	binds	CFI
Zinc acetate	binds	CLU
Zinc acetate	binds	CP
Zinc acetate	binds	CPN1
Zinc acetate	binds	CPN2
Zinc acetate	binds	DCD
Zinc acetate	binds	DSP
Zinc acetate	binds	F12
Zinc acetate	binds	F13B
Zinc acetate	binds	F2
Zinc acetate	binds	FCN3
Zinc acetate	binds	FGA
Zinc acetate	binds	FN1
Zinc acetate	binds	GSN
Zinc acetate	binds	HBA1
Zinc acetate	binds	HBB
Zinc acetate	binds	HPR
Zinc acetate	binds	HRNR
Zinc acetate	binds	IGFALS
Zinc acetate	binds	IGHA1
Zinc acetate	binds	IGHM
Zinc acetate	binds	IGKV1-17
Zinc acetate	binds	IGKV3-20
Zinc acetate	binds	IGLV3-21
Zinc acetate	binds	ITIH1
Zinc acetate	binds	ITIH2
Zinc acetate	binds	ITIH3
Zinc acetate	binds	ITIH4
Zinc acetate	binds	JCHAIN
Zinc acetate	binds	JUP
Zinc acetate	binds	KLKB1
Zinc acetate	binds	KNG1
Zinc acetate	binds	KRT1
Zinc acetate	binds	KRT10
Zinc acetate	binds	KRT14
Zinc acetate	binds	KRT16
Zinc acetate	binds	KRT2
Zinc acetate	binds	KRT5
Zinc acetate	binds	KRT6A
Zinc acetate	binds	KRT9
Zinc acetate	binds	ORM2
Zinc acetate	binds	PGLYRP2
Zinc acetate	binds	PON1
Zinc acetate	binds	PZP
Zinc acetate	binds	S100A7
Zinc acetate	binds	SELENOP
Zinc acetate	binds	SERPINA1
Zinc acetate	binds	SERPINA3
Zinc acetate	binds	SERPINA4
Zinc acetate	binds	SERPINA6
Zinc acetate	binds	SERPIND1
Zinc acetate	binds	SHBG
Zinc acetate	binds	TF
Zinc acetate	binds	TTR
Zinc acetate	binds	VTN
Zinc acetate	binds	APLP1
Zinc acetate	binds	APLP2
Zinc acetate	binds	APP
Zinc acetate	binds	PARP1
Ferrous gluconate	binds	TFRC
Ferrous gluconate	binds	EGLN1
Ferrous gluconate	binds	HDAC8
Ferrous gluconate	binds	AHSP
Ferrous gluconate	binds	HBA1
Ferrous gluconate	binds	FXN
Ferrous gluconate	binds	FTH1
Ferrous gluconate	binds	FEN1
Ferrous gluconate	binds	NEIL1
Ferrous gluconate	binds	NEIL2
Ferrous gluconate	binds	POLB
Ferrous gluconate	binds	CP
Ferrous gluconate	binds	TF
Ferrous ascorbate	binds	TFRC
Ferrous ascorbate	binds	EGLN1
Ferrous ascorbate	binds	HDAC8
Ferrous ascorbate	binds	AHSP
Ferrous ascorbate	binds	HBA1
Ferrous ascorbate	binds	FXN
Ferrous ascorbate	binds	FTH1
Ferrous ascorbate	binds	FEN1
Ferrous ascorbate	binds	NEIL1
Ferrous ascorbate	binds	NEIL2
Ferrous ascorbate	binds	POLB
Ferrous ascorbate	binds	CP
Ferrous ascorbate	binds	TF
Ferrous fumarate	binds	TFRC
Ferrous fumarate	binds	EGLN1
Ferrous fumarate	binds	HDAC8
Ferrous fumarate	binds	AHSP
Ferrous fumarate	binds	HBA1
Ferrous fumarate	binds	FXN
Ferrous fumarate	binds	FTH1
Ferrous fumarate	binds	FEN1
Ferrous fumarate	binds	NEIL1
Ferrous fumarate	binds	NEIL2
Ferrous fumarate	binds	POLB
Ferrous fumarate	binds	CP
Ferrous fumarate	binds	TF
Sodium phosphate, dibasic	inhibits	CA4
Sodium phosphate, dibasic	binds	SLC20A1
Sodium phosphate, dibasic	binds	SLC20A2
Sodium phosphate, dibasic	binds	SLC34A1
Sodium phosphate, dibasic	binds	SLC34A2
Sodium phosphate, dibasic	binds	SLC34A3
Sodium phosphate, monobasic, unspecified form	binds	SLC20A1
Sodium phosphate, monobasic, unspecified form	binds	SLC20A2
Sodium phosphate, monobasic, unspecified form	binds	SLC34A1
Sodium phosphate, monobasic, unspecified form	binds	SLC34A2
Sodium phosphate, monobasic, unspecified form	binds	SLC34A3
Lithium citrate	binds	IMPA2
Lithium citrate	binds	IMPA1
Lithium citrate	binds	GSK3B
Lithium citrate	binds	GRIA3
Lithium carbonate	binds	IMPA2
Lithium carbonate	inhibits	GSK3A
Lithium carbonate	binds	IMPA1
Lithium carbonate	binds	GSK3B
Lithium carbonate	binds	GRIA3
Lithium carbonate	binds	SCNN1A
Lithium carbonate	binds	SCNN1B
Lithium carbonate	binds	SCNN1G
Magnesium	binds	CLDN16
Magnesium	binds	TRPM6
Magnesium	binds	TRPM7
Magnesium	binds	SLC41A1
Magnesium	binds	SLC41A3
Magnesium	binds	MRS2
Magnesium	binds	ALB
Tetraferric tricitrate decahydrate	substrate_of	CYBRD1
Tetraferric tricitrate decahydrate	binds	TFRC
Tetraferric tricitrate decahydrate	binds	fhuD
Tetraferric tricitrate decahydrate	substrate_of	SLC11A2
Tetraferric tricitrate decahydrate	substrate_of	SLC40A1
Tetraferric tricitrate decahydrate	binds	TF
Tetraferric tricitrate decahydrate	binds	ITGB3
Tetraferric tricitrate decahydrate	binds	CALR
Chromium nicotinate	binds	CYB5A
Chromium nicotinate	binds	TF
Zinc sulfate, unspecified form	inhibits	CPE
Zinc sulfate, unspecified form	binds	CPE
Zinc sulfate, unspecified form	binds	ADH1C
Zinc sulfate, unspecified form	binds	IDE
Zinc sulfate, unspecified form	binds	SOD1
Zinc sulfate, unspecified form	binds	CA2
Zinc sulfate, unspecified form	activates	BDKRB1
Zinc sulfate, unspecified form	binds	MGMT
Zinc sulfate, unspecified form	binds	ALDOA
Zinc sulfate, unspecified form	binds	EEF1A1
Zinc sulfate, unspecified form	binds	ENO1
Zinc sulfate, unspecified form	binds	GAPDHS
Zinc sulfate, unspecified form	inhibits	NME1
Zinc sulfate, unspecified form	binds	P4HB
Zinc sulfate, unspecified form	binds	PDIA3
Zinc sulfate, unspecified form	binds	PRDX1
Zinc sulfate, unspecified form	binds	PSPH
Zinc sulfate, unspecified form	binds	TPI1
Zinc sulfate, unspecified form	binds	TUFM
Zinc sulfate, unspecified form	binds	ESR1
Zinc sulfate, unspecified form	binds	IL3
Zinc sulfate, unspecified form	binds	MT2A
Zinc sulfate, unspecified form	binds	CCS
Zinc sulfate, unspecified form	binds	HDAC1
Zinc sulfate, unspecified form	binds	HDAC4
Zinc sulfate, unspecified form	binds	MPG
Zinc sulfate, unspecified form	binds	SEMG1
Zinc sulfate, unspecified form	binds	HDAC8
Zinc sulfate, unspecified form	binds	SIVA1
Zinc sulfate, unspecified form	inhibits	GLRA1
Zinc sulfate, unspecified form	binds	MDM2
Zinc sulfate, unspecified form	binds	INS
Zinc sulfate, unspecified form	binds	UTRN
Zinc sulfate, unspecified form	binds	ASPA
Zinc sulfate, unspecified form	binds	S100A8
Zinc sulfate, unspecified form	binds	S100A9
Zinc sulfate, unspecified form	binds	MMP9
Zinc sulfate, unspecified form	binds	TP73
Zinc sulfate, unspecified form	activates	S100A2
Zinc sulfate, unspecified form	binds	S100A2
Zinc sulfate, unspecified form	binds	TP53
Zinc sulfate, unspecified form	binds	MT3
Zinc sulfate, unspecified form	binds	MT1A
Zinc sulfate, unspecified form	binds	A2M
Zinc sulfate, unspecified form	binds	AHSG
Zinc sulfate, unspecified form	induces	APOA1
Zinc sulfate, unspecified form	binds	APOA1
Zinc sulfate, unspecified form	induces	APOBR
Zinc sulfate, unspecified form	inhibits	APOE
Zinc sulfate, unspecified form	inhibits	APOL1
Zinc sulfate, unspecified form	modulates	C1QB
Zinc sulfate, unspecified form	modulates	C1QC
Zinc sulfate, unspecified form	modulates	C1R
Zinc sulfate, unspecified form	modulates	C1S
Zinc sulfate, unspecified form	inhibits	C3
Zinc sulfate, unspecified form	binds	C3
Zinc sulfate, unspecified form	modulates	C4B
Zinc sulfate, unspecified form	modulates	C4BPA
Zinc sulfate, unspecified form	modulates	C4BPB
Zinc sulfate, unspecified form	binds	C5
Zinc sulfate, unspecified form	binds	BRCC3
Zinc sulfate, unspecified form	binds	CFH
Zinc sulfate, unspecified form	induces	CLU
Zinc sulfate, unspecified form	binds	CP
Zinc sulfate, unspecified form	binds	CPN1
Zinc sulfate, unspecified form	binds	CPN2
Zinc sulfate, unspecified form	binds	DCD
Zinc sulfate, unspecified form	binds	FGA
Zinc sulfate, unspecified form	modulates	FN1
Zinc sulfate, unspecified form	binds	FN1
Zinc sulfate, unspecified form	induces	HBA1
Zinc sulfate, unspecified form	induces	HBB
Zinc sulfate, unspecified form	binds	HP
Zinc sulfate, unspecified form	induces	IGFALS
Zinc sulfate, unspecified form	binds	ITIH1
Zinc sulfate, unspecified form	binds	ITIH2
Zinc sulfate, unspecified form	binds	ITIH3
Zinc sulfate, unspecified form	binds	ITIH4
Zinc sulfate, unspecified form	binds	JCHAIN
Zinc sulfate, unspecified form	inhibits	KLKB1
Zinc sulfate, unspecified form	binds	KNG1
Zinc sulfate, unspecified form	binds	KRT9
Zinc sulfate, unspecified form	binds	ORM2
Zinc sulfate, unspecified form	binds	PGLYRP2
Zinc sulfate, unspecified form	induces	PON1
Zinc sulfate, unspecified form	binds	PZP
Zinc sulfate, unspecified form	binds	S100A7
Zinc sulfate, unspecified form	binds	SELENOP
Zinc sulfate, unspecified form	binds	SERPINA1
Zinc sulfate, unspecified form	binds	SERPINA3
Zinc sulfate, unspecified form	modulates	SERPINA6
Zinc sulfate, unspecified form	activates	SERPIND1
Zinc sulfate, unspecified form	modulates	SHBG
Zinc sulfate, unspecified form	binds	TF
Zinc sulfate, unspecified form	induces	TTR
Zinc sulfate, unspecified form	induces	VTN
Zinc sulfate, unspecified form	binds	APLP1
Zinc sulfate, unspecified form	binds	APLP2
Zinc sulfate, unspecified form	binds	APP
Zinc sulfate, unspecified form	binds	PARP1
Zinc sulfate, unspecified form	binds	APOB
Zinc sulfate, unspecified form	binds	HPX
Zinc sulfate, unspecified form	binds	HRG
Zinc sulfate, unspecified form	activates	F11
Zinc sulfate, unspecified form	binds	APOBEC1
Zinc sulfate, unspecified form	binds	SEMG2
Zinc sulfate, unspecified form	substrate_of	SLC39A10
Zinc sulfate, unspecified form	substrate_of	SLC30A7
Zinc sulfate, unspecified form	substrate_of	SLC30A4
Zinc sulfate, unspecified form	substrate_of	SLC39A6
Zinc sulfate, unspecified form	substrate_of	SLC39A5
Zinc sulfate, unspecified form	substrate_of	SLC39A2
Zinc sulfate, unspecified form	substrate_of	SLC30A9
Zinc sulfate, unspecified form	substrate_of	SLC30A1
Zinc sulfate, unspecified form	substrate_of	SLC30A2
Zinc sulfate, unspecified form	substrate_of	SLC39A7
Zinc sulfate, unspecified form	substrate_of	SLC39A4
Zinc sulfate, unspecified form	substrate_of	SLC30A3
Zinc sulfate, unspecified form	substrate_of	SLC30A8
Zinc sulfate, unspecified form	substrate_of	SLC39A12
Zinc sulfate, unspecified form	substrate_of	SLC30A5
Zinc sulfate, unspecified form	substrate_of	SLC30A10
Zinc sulfate, unspecified form	substrate_of	SLC39A13
Zinc sulfate, unspecified form	substrate_of	SLC39A8
Zinc sulfate, unspecified form	substrate_of	SLC39A1
Zinc sulfate, unspecified form	substrate_of	SLC39A14
Zinc sulfate, unspecified form	substrate_of	SLC39A3
Zinc sulfate, unspecified form	substrate_of	SLC39A9
Zinc sulfate, unspecified form	substrate_of	SLC39A11
Zinc sulfate, unspecified form	substrate_of	SLC30A6
Zinc sulfate, unspecified form	binds	ALB
Ivosidenib	substrate_of	CYP3A4
Ivosidenib	induces	CYP3A4
Ivosidenib	induces	CYP2B6
Ivosidenib	induces	CYP2C9
Ivosidenib	induces	CYP2C8
Ivosidenib	inhibits	IDH1
Ivosidenib	substrate_of	ABCB1
Ivosidenib	inhibits	ABCB1
Ivosidenib	inhibits	SLC22A8
Segesterone acetate	substrate_of	CYP3A4
Segesterone acetate	activates	PGR
Segesterone acetate	activates	AR
Segesterone acetate	activates	NR3C1
Prednisolone phosphate	substrate_of	CYP3A4
Prednisolone phosphate	induces	CYP3A4
Prednisolone phosphate	induces	CYP3A5
Prednisolone phosphate	induces	CYP2A6
Prednisolone phosphate	induces	CYP1B1
Prednisolone phosphate	induces	CYP2B6
Prednisolone phosphate	induces	CYP2C8
Prednisolone phosphate	induces	CYP2C9
Prednisolone phosphate	induces	CYP2C19
Prednisolone phosphate	substrate_of	HSD11B2
Prednisolone phosphate	substrate_of	HSD11B1
Prednisolone phosphate	activates	NR3C1
Prednisolone phosphate	binds	ANXA1
Prednisolone phosphate	inhibits	SLCO1A2
Prednisolone phosphate	substrate_of	ABCB1
Prednisolone phosphate	induces	ABCB1
Prednisolone phosphate	substrate_of	SLC22A8
Prednisolone phosphate	binds	SERPINA6
Prednisolone phosphate	binds	ALB
Inotersen	binds	TTR
Larotrectinib	substrate_of	CYP3A4
Larotrectinib	inhibits	NTRK2
Larotrectinib	inhibits	NTRK3
Larotrectinib	inhibits	NTRK1
Larotrectinib	substrate_of	ABCB1
Larotrectinib	substrate_of	ABCG2
Dabigatran	inhibits	F2
Mecasermin rinfabate	activates	IGF1R
Mecasermin rinfabate	binds	INSR
Mecasermin rinfabate	binds	IGF2R
Solriamfetol	binds	SLC6A3
Solriamfetol	binds	SLC6A2
Solriamfetol	binds	SLC22A2
Solriamfetol	binds	SLC22A4
Solriamfetol	binds	SLC22A5
Etrasimod	substrate_of	CYP2C8
Etrasimod	substrate_of	CYP2C9
Etrasimod	substrate_of	CYP2C19
Etrasimod	substrate_of	CYP2J2
Etrasimod	substrate_of	CYP3A4
Etrasimod	modulates	S1PR1
Etrasimod	modulates	S1PR4
Etrasimod	modulates	S1PR5
Etrasimod	modulates	S1PR3
Diroximel fumarate	activates	CHRNA10
Ripretinib	inhibits	CYP2C8
Ripretinib	inhibits	PDGFRA
Ripretinib	substrate_of	CYP3A4
Ripretinib	substrate_of	CYP2D6
Ripretinib	binds	CYP2E1
Ripretinib	inhibits	KIT
Ripretinib	inhibits	PDGFRB
Ripretinib	inhibits	TEK
Ripretinib	inhibits	KDR
Ripretinib	inhibits	BRAF
Ripretinib	substrate_of	ABCB1
Ripretinib	inhibits	ABCB1
Ripretinib	substrate_of	ABCG2
Ripretinib	inhibits	ABCG2
Ripretinib	inhibits	SLC47A1
Ripretinib	binds	ALB
Ripretinib	binds	ORM1
Dordaviprone	substrate_of	CYP3A4
Dordaviprone	substrate_of	CYP2B6
Dordaviprone	inhibits	CYP2B6
Dordaviprone	induces	CYP2B6
Dordaviprone	substrate_of	CYP2C8
Dordaviprone	substrate_of	CYP2C9
Dordaviprone	substrate_of	CYP2D6
Dordaviprone	substrate_of	CYP3A5
Dordaviprone	inhibits	CYP1A2
Dordaviprone	inhibits	CYP2C19
Dordaviprone	activates	CLPP
Dordaviprone	inhibits	DRD2
Dordaviprone	inhibits	DRD3
Dordaviprone	inhibits	SLC47A1
Dordaviprone	inhibits	SLC47A2
Dordaviprone	inhibits	SLC22A6
Dordaviprone	inhibits	SLC22A8
Dordaviprone	inhibits	SLCO1B1
Dordaviprone	inhibits	SLCO1B3
Dordaviprone	inhibits	SLC22A1
Vibegron	substrate_of	CYP3A4
Vibegron	activates	ADRB3
Vibegron	substrate_of	ABCB1
Ritlecitinib	substrate_of	CYP3A4
Ritlecitinib	inhibits	CYP3A4
Ritlecitinib	substrate_of	CYP2C8
Ritlecitinib	substrate_of	CYP1A2
Ritlecitinib	inhibits	CYP1A2
Ritlecitinib	substrate_of	CYP2C9
Ritlecitinib	substrate_of	GSTA1
Ritlecitinib	substrate_of	GSTA3
Ritlecitinib	binds	GSTM1
Ritlecitinib	substrate_of	GSTM3
Ritlecitinib	substrate_of	GSTM5
Ritlecitinib	substrate_of	GSTP1
Ritlecitinib	substrate_of	GSTT2
Ritlecitinib	substrate_of	GSTZ1
Ritlecitinib	substrate_of	MGST1
Ritlecitinib	substrate_of	MGST2
Ritlecitinib	substrate_of	MGST3
Ritlecitinib	inhibits	JAK3
Ritlecitinib	inhibits	TEC
Ritlecitinib	inhibits	ITK
Ritlecitinib	inhibits	TXK
Ritlecitinib	inhibits	BTK
Ritlecitinib	inhibits	BMX
Abrocitinib	substrate_of	CYP2C19
Abrocitinib	substrate_of	CYP2C9
Abrocitinib	substrate_of	CYP3A4
Abrocitinib	substrate_of	CYP2B6
Abrocitinib	inhibits	JAK3
Abrocitinib	inhibits	JAK2
Abrocitinib	inhibits	JAK1
Abrocitinib	inhibits	TYK2
Abrocitinib	inhibits	ABCB1
Abrocitinib	inhibits	SLC22A1
Abrocitinib	substrate_of	SLC22A8
Abrocitinib	binds	ALB
Voxelotor	substrate_of	CYP3A4
Voxelotor	substrate_of	CYP2C9
Voxelotor	substrate_of	CYP2B6
Voxelotor	substrate_of	CYP2C19
Voxelotor	binds	HBA1
Umbralisib	substrate_of	CYP2C9
Umbralisib	substrate_of	CYP1A2
Umbralisib	substrate_of	CYP3A4
Umbralisib	inhibits	CSNK1E
Umbralisib	inhibits	PIK3CD
Umbralisib	inhibits	ABL1
Umbralisib	inhibits	ABCB1
Avacopan	substrate_of	CYP3A4
Avacopan	inhibits	CYP3A4
Avacopan	induces	CYP3A4
Avacopan	inhibits	CYP2C9
Avacopan	induces	CYP1A2
Avacopan	induces	CYP2B6
Avacopan	inhibits	C5AR1
Avacopan	substrate_of	ABCB1
Daridorexant	substrate_of	CYP3A4
Daridorexant	inhibits	HCRTR1
Daridorexant	inhibits	HCRTR2
Zanubrutinib	substrate_of	CYP3A4
Zanubrutinib	induces	CYP2B6
Zanubrutinib	inhibits	BTK
Zanubrutinib	inhibits	EGFR
Zanubrutinib	inhibits	ERBB2
Zanubrutinib	inhibits	ERBB4
Zanubrutinib	inhibits	ITK
Zanubrutinib	inhibits	BMX
Zanubrutinib	inhibits	JAK2
Zanubrutinib	inhibits	TEC
Zanubrutinib	inhibits	BLK
Zanubrutinib	inhibits	JAK3
Zanubrutinib	inhibits	PTK6
Zanubrutinib	inhibits	FGR
Zanubrutinib	inhibits	FRK
Zanubrutinib	inhibits	LCK
Zanubrutinib	inhibits	TXK
Zanubrutinib	substrate_of	ABCB1
Aprocitentan	substrate_of	UGT1A1
Aprocitentan	inhibits	UGT1A1
Aprocitentan	substrate_of	UGT2B7
Aprocitentan	inhibits	UGT2B7
Aprocitentan	inhibits	CYP3A4
Aprocitentan	induces	CYP3A4
Aprocitentan	inhibits	CYP2C8
Aprocitentan	inhibits	CYP2C9
Aprocitentan	inhibits	CYP2C18
Aprocitentan	inhibits	CYP2C19
Aprocitentan	inhibits	EDNRA
Aprocitentan	inhibits	EDNRB
Aprocitentan	substrate_of	ABCB1
Aprocitentan	substrate_of	ABCG2
Aprocitentan	inhibits	ABCG2
Aprocitentan	inhibits	ABCB11
Aprocitentan	inhibits	SLC10A1
Aprocitentan	binds	ALB
Upadacitinib	substrate_of	CYP3A4
Upadacitinib	substrate_of	CYP2D6
Upadacitinib	inhibits	JAK1
Upadacitinib	substrate_of	ABCB1
Upadacitinib	inhibits	ABCB1
Upadacitinib	substrate_of	ABCG2
Upadacitinib	inhibits	ABCG2
Upadacitinib	inhibits	SLCO1B1
Gefapixant	inhibits	P2RX3
Gefapixant	inhibits	P2RX2
Gefapixant	substrate_of	ABCB1
Gefapixant	substrate_of	SLC47A1
Gefapixant	substrate_of	SLC47A2
Gefapixant	substrate_of	ABCG2
Pemigatinib	substrate_of	CYP3A4
Pemigatinib	inhibits	FGFR1
Pemigatinib	inhibits	FGFR2
Pemigatinib	inhibits	FGFR3
Pemigatinib	inhibits	FGFR4
Pemigatinib	substrate_of	ABCB1
Pemigatinib	inhibits	ABCB1
Pemigatinib	substrate_of	ABCG2
Pemigatinib	inhibits	SLC22A2
Pemigatinib	inhibits	SLC47A1
Vamorolone	substrate_of	CYP3A4
Vamorolone	induces	CYP3A4
Vamorolone	substrate_of	CYP3A5
Vamorolone	substrate_of	CYP2C8
Vamorolone	substrate_of	UGT1A3
Vamorolone	substrate_of	UGT2B7
Vamorolone	substrate_of	UGT2B17
Vamorolone	activates	NR3C1
Vamorolone	inhibits	NR3C2
Tepotinib	substrate_of	CYP3A4
Tepotinib	inhibits	CYP3A4
Tepotinib	substrate_of	CYP2C8
Tepotinib	inhibits	CYP2C9
Tepotinib	inhibits	MET
Tepotinib	inhibits	NISCH
Tepotinib	inhibits	MTNR1B
Tepotinib	substrate_of	ABCB1
Tepotinib	inhibits	ABCB1
Tepotinib	inhibits	ABCG2
Tepotinib	inhibits	SLC22A1
Tepotinib	inhibits	SLC22A2
Tepotinib	inhibits	SLC47A1
Tepotinib	inhibits	SLC47A2
Tepotinib	inhibits	ABCB11
Tepotinib	binds	ALB
Tepotinib	binds	ORM1
Deutivacaftor	substrate_of	CYP3A4
Deutivacaftor	inhibits	CYP2C8
Deutivacaftor	inhibits	CYP2C9
Deutivacaftor	inhibits	CYP3A4
Deutivacaftor	binds	CFTR
Deutivacaftor	substrate_of	ABCB5
Deutivacaftor	inhibits	ABCB5
Deutivacaftor	inhibits	ABCG2
Deutivacaftor	binds	ALB
Deutivacaftor	binds	ORM1
Futibatinib	substrate_of	CYP3A4
Futibatinib	substrate_of	CYP2C9
Futibatinib	substrate_of	CYP2D6
Futibatinib	inhibits	FGFR1
Futibatinib	inhibits	FGFR2
Futibatinib	inhibits	FGFR3
Futibatinib	inhibits	FGFR4
Futibatinib	substrate_of	ABCB1
Futibatinib	inhibits	ABCB1
Futibatinib	substrate_of	ABCG2
Futibatinib	binds	ALB
Futibatinib	binds	ORM1
Tirzepatide	activates	GLP1R
Tirzepatide	activates	GIPR
Tirzepatide	binds	ALB
Avapritinib	substrate_of	CYP3A4
Avapritinib	substrate_of	CYP2C9
Avapritinib	inhibits	CYP2C9
Avapritinib	inhibits	PDGFRA
Avapritinib	inhibits	KIT
Avapritinib	inhibits	ABCB1
Avapritinib	modulates	ABCB1
Avapritinib	inhibits	ABCG2
Avapritinib	modulates	ABCG2
Avapritinib	inhibits	ABCB11
Avapritinib	inhibits	SLC47A1
Avapritinib	inhibits	SLC47A2
Avutometinib	substrate_of	CYP3A4
Avutometinib	inhibits	MAP2K1
Avutometinib	inhibits	RAF1
Avutometinib	modulates	RAF1
Avutometinib	modulates	BRAF
Avutometinib	modulates	MAP1B
Avutometinib	modulates	ARAF
Avutometinib	modulates	MAP1A
Avutometinib	substrate_of	ABCB5
Avutometinib	substrate_of	ABCG2
Tovorafenib	substrate_of	CYP2C8
Tovorafenib	inhibits	CYP2C8
Tovorafenib	induces	CYP2C8
Tovorafenib	substrate_of	CYP3A4
Tovorafenib	inhibits	CYP3A4
Tovorafenib	induces	CYP3A4
Tovorafenib	substrate_of	CYP2C9
Tovorafenib	inhibits	CYP2C9
Tovorafenib	induces	CYP2C9
Tovorafenib	substrate_of	CYP2C19
Tovorafenib	inhibits	CYP2C19
Tovorafenib	induces	CYP2C19
Tovorafenib	induces	CYP1A2
Tovorafenib	induces	CYP2B6
Tovorafenib	inhibits	RAF1
Tovorafenib	inhibits	ARAF
Tovorafenib	inhibits	BRAF
Tovorafenib	inhibits	ABCG2
Inavolisib	substrate_of	CYP3A4
Inavolisib	inhibits	CYP3A4
Inavolisib	induces	CYP3A4
Inavolisib	induces	CYP2B6
Inavolisib	binds	PIK3CA
Inavolisib	inhibits	PIK3CG
Inavolisib	substrate_of	ABCB5
Inavolisib	substrate_of	ABCG2
Risdiplam	substrate_of	FMO1
Risdiplam	substrate_of	FMO3
Risdiplam	substrate_of	CYP1A1
Risdiplam	substrate_of	CYP2J2
Risdiplam	substrate_of	CYP3A4
Risdiplam	substrate_of	CYP3A7
Risdiplam	inhibits	CYP3A4
Risdiplam	inhibits	SLC47A1
Risdiplam	inhibits	SLC47A2
Risdiplam	substrate_of	ABCB1
Risdiplam	substrate_of	ABCG2
Risdiplam	binds	ALB
Ubrogepant	substrate_of	CYP3A4
Ubrogepant	inhibits	CYP2C8
Ubrogepant	inhibits	CYP2C9
Ubrogepant	inhibits	CYP2C19
Ubrogepant	inhibits	MAOA
Ubrogepant	inhibits	UGT1A1
Ubrogepant	inhibits	CYP2D6
Ubrogepant	inhibits	CALCRL
Ubrogepant	substrate_of	ABCB1
Ubrogepant	substrate_of	ABCG2
Ubrogepant	substrate_of	SLCO1B1
Ubrogepant	inhibits	SLCO1B1
Ubrogepant	substrate_of	SLCO1B3
Ubrogepant	inhibits	SLCO1B3
Ubrogepant	substrate_of	SLC22A6
Ubrogepant	inhibits	SLC22A2
Xanomeline	substrate_of	CYP2D6
Xanomeline	substrate_of	CYP2B6
Xanomeline	substrate_of	CYP1A2
Xanomeline	substrate_of	CYP2C9
Xanomeline	substrate_of	CYP2C19
Xanomeline	substrate_of	FMO1
Xanomeline	substrate_of	FMO3
Xanomeline	inhibits	CYP3A4
Xanomeline	activates	CHRM4
Xanomeline	activates	CHRM2
Xanomeline	activates	CHRM3
Xanomeline	activates	CHRM5
Xanomeline	activates	CHRM1
Xanomeline	inhibits	ABCB1
Danicopan	inhibits	CFD
Danicopan	inhibits	ABCG2
Danicopan	inhibits	ABCB1
Elexacaftor	substrate_of	CYP3A4
Elexacaftor	inhibits	CYP3A4
Elexacaftor	substrate_of	CYP3A5
Elexacaftor	inhibits	CYP1A2
Elexacaftor	inhibits	CYP2B6
Elexacaftor	inhibits	CYP2C8
Elexacaftor	inhibits	CYP2C9
Elexacaftor	inhibits	CYP2C19
Elexacaftor	inhibits	CYP2D6
Elexacaftor	modulates	CFTR
Elexacaftor	inhibits	SLCO1B1
Elexacaftor	inhibits	SLCO1B3
Elexacaftor	substrate_of	ABCB1
Elexacaftor	inhibits	ABCB1
Elexacaftor	substrate_of	ALB
Vericiguat	substrate_of	UGT1A9
Vericiguat	substrate_of	UGT1A1
Vericiguat	binds	GUCY1B1
Vericiguat	modulates	GUCY2D
Vericiguat	substrate_of	ABCB1
Vericiguat	substrate_of	ABCG2
Vericiguat	binds	ALB
Belzutifan	substrate_of	UGT2B17
Belzutifan	substrate_of	CYP2C19
Belzutifan	substrate_of	CYP3A4
Belzutifan	inhibits	EPAS1
Belzutifan	substrate_of	ABCB1
Belzutifan	substrate_of	SLCO1B1
Belzutifan	substrate_of	SLCO1B3
Belzutifan	inhibits	SLC47A2
Benzhydrocodone	inhibits	OPRM1
Zuranolone	substrate_of	CYP3A4
Zuranolone	modulates	GABRA1
Zuranolone	modulates	GABRG3
Prednisolone acetate	substrate_of	CYP3A4
Prednisolone acetate	induces	CYP3A4
Prednisolone acetate	activates	NR3C1
Prednisolone acetate	activates	NR3C2
Prednisolone acetate	inhibits	SLCO1A2
Prednisolone acetate	substrate_of	ABCB1
Prednisolone acetate	binds	SERPINA6
Prednisolone acetate	binds	ALB
Adagrasib	substrate_of	CYP3A4
Adagrasib	inhibits	CYP3A4
Adagrasib	substrate_of	CYP2C8
Adagrasib	substrate_of	CYP1A2
Adagrasib	substrate_of	CYP2B6
Adagrasib	substrate_of	CYP2C9
Adagrasib	inhibits	CYP2C9
Adagrasib	substrate_of	CYP2D6
Adagrasib	inhibits	CYP2D6
Adagrasib	inhibits	KRAS
Adagrasib	inhibits	ABCB1
Sotorasib	substrate_of	CYP3A4
Sotorasib	induces	CYP2C8
Sotorasib	induces	CYP2C9
Sotorasib	induces	CYP2B6
Sotorasib	inhibits	KRAS
Sotorasib	inhibits	ABCG2
Sotorasib	inhibits	ABCB1
Ferric maltol	substrate_of	UGT1A6
Ferric maltol	substrate_of	ITGB3
Ferric maltol	substrate_of	SLC11A2
Brensocatib	substrate_of	CYP3A4
Brensocatib	induces	CYP3A4
Brensocatib	substrate_of	CYP3A5
Brensocatib	induces	CYP3A5
Brensocatib	substrate_of	CYP3A7
Brensocatib	induces	CYP3A7
Brensocatib	substrate_of	CYP2C8
Brensocatib	substrate_of	CYP2D6
Brensocatib	inhibits	CTSC
Brensocatib	substrate_of	ABCB1
Brensocatib	substrate_of	ABCG2
Brensocatib	inhibits	ABCG2
Brensocatib	inhibits	SLCO1B1
Brensocatib	inhibits	SLC47A1
Brensocatib	inhibits	SLC47A2
Lenacapavir	substrate_of	CYP3A4
Lenacapavir	inhibits	CYP3A4
Lenacapavir	substrate_of	UGT1A1
Lenacapavir	inhibits	gag-pol
Lenacapavir	substrate_of	ABCB1
Selpercatinib	substrate_of	CYP3A4
Selpercatinib	inhibits	CYP2C8
Selpercatinib	inhibits	CYP3A4
Selpercatinib	inhibits	RET
Selpercatinib	inhibits	FLT1
Selpercatinib	inhibits	FLT4
Selpercatinib	inhibits	FGFR1
Selpercatinib	inhibits	FGFR2
Selpercatinib	inhibits	FGFR3
Selpercatinib	substrate_of	ABCB1
Selpercatinib	inhibits	ABCB1
Selpercatinib	substrate_of	ABCG2
Selpercatinib	inhibits	ABCG2
Selpercatinib	inhibits	SLC47A1
Cedazuridine	inhibits	CDA
Pralsetinib	substrate_of	CYP3A4
Pralsetinib	inhibits	CYP3A4
Pralsetinib	induces	CYP3A4
Pralsetinib	inhibits	CYP3A5
Pralsetinib	induces	CYP3A5
Pralsetinib	substrate_of	CYP2D6
Pralsetinib	substrate_of	CYP1A2
Pralsetinib	inhibits	CYP2C8
Pralsetinib	induces	CYP2C8
Pralsetinib	inhibits	CYP2C9
Pralsetinib	induces	CYP2C9
Pralsetinib	inhibits	RET
Pralsetinib	inhibits	DDR1
Pralsetinib	inhibits	NTRK3
Pralsetinib	inhibits	FLT3
Pralsetinib	inhibits	JAK1
Pralsetinib	inhibits	JAK2
Pralsetinib	inhibits	NTRK1
Pralsetinib	inhibits	KDR
Pralsetinib	inhibits	PDGFRB
Pralsetinib	inhibits	FGFR1
Pralsetinib	inhibits	FGFR2
Pralsetinib	substrate_of	ABCB1
Pralsetinib	inhibits	ABCB1
Pralsetinib	substrate_of	ABCG2
Pralsetinib	inhibits	ABCG2
Pralsetinib	inhibits	SLCO1B1
Pralsetinib	inhibits	SLCO1B3
Pralsetinib	inhibits	SLC22A6
Pralsetinib	inhibits	SLC47A1
Pralsetinib	inhibits	SLC47A2
Pralsetinib	inhibits	ABCB11
Copper oxodotreotide Cu-64	binds	SSTR2
Berotralstat	inhibits	CYP2D6
Berotralstat	inhibits	CYP3A4
Berotralstat	inhibits	KLKB1
Berotralstat	substrate_of	ABCB1
Berotralstat	inhibits	ABCB1
Berotralstat	substrate_of	ABCG2
Atogepant	substrate_of	CYP3A4
Atogepant	inhibits	CALCRL
Atogepant	substrate_of	SLCO1B1
Atogepant	inhibits	SLCO1B1
Atogepant	substrate_of	SLCO1B3
Atogepant	inhibits	SLCO1B3
Atogepant	substrate_of	SLC22A6
Atogepant	substrate_of	ABCG2
Atogepant	substrate_of	ABCB1
Atogepant	inhibits	SLC22A1
Atogepant	inhibits	SLC47A1
Finerenone	substrate_of	CYP3A4
Finerenone	substrate_of	CYP2C8
Finerenone	substrate_of	CYP1A1
Finerenone	inhibits	NR3C2
Finerenone	binds	ALB
Eplontersen	binds	TTR
Lazertinib	substrate_of	GSTM1
Lazertinib	substrate_of	CYP3A4
Lazertinib	inhibits	CYP3A4
Lazertinib	inhibits	UGT1A1
Lazertinib	inhibits	EGFR
Lazertinib	inhibits	ABCG2
Lazertinib	inhibits	SLC22A1
Leniolisib	substrate_of	CYP1A2
Leniolisib	inhibits	CYP1A2
Leniolisib	substrate_of	CYP3A4
Leniolisib	substrate_of	CYP3A5
Leniolisib	substrate_of	CYP2D6
Leniolisib	substrate_of	CYP1A1
Leniolisib	inhibits	PIK3CD
Leniolisib	substrate_of	ABCG2
Leniolisib	inhibits	ABCG2
Leniolisib	inhibits	SLCO1B1
Leniolisib	inhibits	SLCO1B3
Leniolisib	substrate_of	ABCB1
Maralixibat	inhibits	CYP3A4
Maralixibat	inhibits	SLC10A2
Maralixibat	inhibits	SLC10A1
Maralixibat	inhibits	SLCO2B1
Mitapivat	substrate_of	CYP3A4
Mitapivat	induces	CYP3A4
Mitapivat	induces	CYP2B6
Mitapivat	substrate_of	CYP2C8
Mitapivat	induces	CYP2C8
Mitapivat	substrate_of	CYP2C9
Mitapivat	induces	CYP2C9
Mitapivat	induces	CYP2C19
Mitapivat	induces	UGT1A1
Mitapivat	substrate_of	CYP1A2
Mitapivat	activates	PKLR
Mitapivat	inhibits	CYP19A1
Mitapivat	substrate_of	ABCB1
Mitapivat	inhibits	ABCB1
Odevixibat	inhibits	SLC10A2
Odevixibat	substrate_of	ABCB1
Olutasidenib	substrate_of	CYP3A4
Olutasidenib	induces	CYP3A4
Olutasidenib	substrate_of	CYP2C8
Olutasidenib	induces	CYP2C8
Olutasidenib	substrate_of	CYP2C9
Olutasidenib	induces	CYP2C9
Olutasidenib	substrate_of	CYP1A2
Olutasidenib	induces	CYP1A2
Olutasidenib	substrate_of	CYP2C19
Olutasidenib	induces	CYP2B6
Olutasidenib	inhibits	IDH1
Olutasidenib	inhibits	ABCB1
Olutasidenib	inhibits	ABCG2
Olutasidenib	inhibits	SLCO1B1
Olutasidenib	inhibits	SLCO1B3
Olutasidenib	inhibits	SLC22A8
Olutasidenib	inhibits	SLC22A2
Olutasidenib	inhibits	SLC47A1
Olutasidenib	inhibits	SLC47A2
Paltusotine	substrate_of	UGT1A1
Paltusotine	inhibits	UGT1A1
Paltusotine	substrate_of	UGT1A9
Paltusotine	inhibits	UGT1A9
Paltusotine	substrate_of	CYP3A4
Paltusotine	inhibits	CYP3A4
Paltusotine	substrate_of	CYP3A5
Paltusotine	substrate_of	CYP2D6
Paltusotine	inhibits	CYP2D6
Paltusotine	inhibits	UGT1A3
Paltusotine	inhibits	CYP2C19
Paltusotine	activates	SSTR2
Paltusotine	substrate_of	ABCB1
Paltusotine	inhibits	ABCB1
Paltusotine	substrate_of	ABCG2
Paltusotine	inhibits	SLC47A1
Paltusotine	inhibits	SLC47A2
Paltusotine	inhibits	ABCB11
Sepiapterin	substrate_of	SPR
Sepiapterin	substrate_of	DHFR
Sepiapterin	binds	PAH
Sepiapterin	substrate_of	ABCG2
Sulopenem etzadroxil	binds	mrdA
Sulopenem etzadroxil	binds	mrcA
Sulopenem etzadroxil	binds	mrcB
Sulopenem etzadroxil	binds	dacB
Sulopenem etzadroxil	binds	ftsI
Sulopenem etzadroxil	binds	dacA
Sulopenem etzadroxil	binds	dacC
Sulopenem etzadroxil	substrate_of	SLC22A8
Mobocertinib	substrate_of	CYP3A4
Mobocertinib	substrate_of	CYP3A5
Mobocertinib	substrate_of	CYP3A7
Mobocertinib	inhibits	EGFR
Mobocertinib	substrate_of	ABCB1
Mobocertinib	inhibits	ABCB1
Mobocertinib	inhibits	ABCG2
Serdexmethylphenidate	substrate_of	CES1A1a
Serdexmethylphenidate	inhibits	SLC6A3
Serdexmethylphenidate	inhibits	SLC6A2
Serdexmethylphenidate	activates	HTR1A
Deucravacitinib	substrate_of	CYP1A2
Deucravacitinib	substrate_of	CYP2B6
Deucravacitinib	substrate_of	CYP2D6
Deucravacitinib	substrate_of	CES2
Deucravacitinib	substrate_of	UGT1A9
Deucravacitinib	inhibits	TYK2
Deucravacitinib	substrate_of	ABCB1
Deucravacitinib	substrate_of	ABCG2
Deucravacitinib	inhibits	ABCG2
Deucravacitinib	substrate_of	SLC22A1
Deucravacitinib	inhibits	SLCO1B3
Nirmatrelvir	substrate_of	CYP3A4
Nirmatrelvir	inhibits	CYP3A4
Nirmatrelvir	inhibits	rep
Nirmatrelvir	substrate_of	ABCB1
Nirmatrelvir	inhibits	ABCB1
Insulin icodec	substrate_of	IDE
Insulin icodec	activates	INSR
Insulin icodec	activates	IGF1R
Insulin icodec	binds	ALB
Belumosudil	substrate_of	CYP3A4
Belumosudil	substrate_of	CYP2C8
Belumosudil	substrate_of	CYP2D6
Belumosudil	inhibits	CYP2D6
Belumosudil	substrate_of	UGT1A9
Belumosudil	inhibits	UGT1A9
Belumosudil	inhibits	CYP1A2
Belumosudil	inhibits	CYP2C19
Belumosudil	inhibits	UGT1A1
Belumosudil	inhibits	ROCK2
Belumosudil	inhibits	ROCK1
Belumosudil	substrate_of	ABCB1
Belumosudil	inhibits	ABCB1
Belumosudil	inhibits	ABCG2
Belumosudil	inhibits	SLCO1B1
Belumosudil	binds	ALB
Belumosudil	binds	ORM1
Repotrectinib	induces	CYP2B6
Repotrectinib	induces	CYP2C8
Repotrectinib	induces	CYP2C9
Repotrectinib	induces	CYP2C19
Repotrectinib	substrate_of	CYP3A4
Repotrectinib	inhibits	CYP3A4
Repotrectinib	induces	CYP3A4
Repotrectinib	inhibits	CYP3A5
Repotrectinib	inhibits	UGT1A1
Repotrectinib	inhibits	NTRK2
Repotrectinib	inhibits	NTRK3
Repotrectinib	inhibits	ROS1
Repotrectinib	inhibits	NTRK1
Repotrectinib	inhibits	ABCG2
Repotrectinib	inhibits	SLC47A2
Repotrectinib	substrate_of	ABCB1
Repotrectinib	inhibits	ABCB1
Repotrectinib	inhibits	SLCO1B1
Remibrutinib	substrate_of	CYP3A4
Remibrutinib	inhibits	CYP3A4
Remibrutinib	induces	CYP3A4
Remibrutinib	inhibits	CYP3A5
Remibrutinib	induces	CYP3A5
Remibrutinib	inhibits	CYP1A2
Remibrutinib	induces	CYP1A2
Remibrutinib	inhibits	CYP2B6
Remibrutinib	induces	CYP2B6
Remibrutinib	inhibits	CYP2C8
Remibrutinib	inhibits	CYP2C9
Remibrutinib	induces	CYP2C9
Remibrutinib	inhibits	CYP2C19
Remibrutinib	inhibits	CYP2D6
Remibrutinib	inhibits	BTK
Remibrutinib	substrate_of	ABCB1
Remibrutinib	inhibits	ABCB1
Remibrutinib	inhibits	ABCG2
Remibrutinib	inhibits	ABCB11
Remibrutinib	inhibits	SLCO1B1
Remibrutinib	inhibits	SLCO1B3
Remibrutinib	inhibits	SLC22A6
Remibrutinib	inhibits	SLC22A8
Remibrutinib	inhibits	SLC22A1
Remibrutinib	inhibits	SLC22A2
Remibrutinib	inhibits	SLC47A1
L-Acetylleucine	substrate_of	SLC22A6
L-Acetylleucine	inhibits	SLC22A6
L-Acetylleucine	substrate_of	SLC22A8
L-Acetylleucine	inhibits	SLC22A8
L-Acetylleucine	inhibits	ABCB1
L-Acetylleucine	inhibits	ABCG2
L-Acetylleucine	inhibits	ABCB11
Linzagolix	substrate_of	CYP2C9
Linzagolix	substrate_of	CYP3A4
Linzagolix	substrate_of	CYP2C8
Linzagolix	inhibits	CYP2C8
Linzagolix	inhibits	GNRHR
Linzagolix	substrate_of	SLCO1B1
Linzagolix	inhibits	SLCO1B1
Linzagolix	substrate_of	SLCO1B3
Linzagolix	inhibits	SLCO1B3
Linzagolix	substrate_of	SLC22A8
Linzagolix	inhibits	SLC22A8
Linzagolix	substrate_of	ABCG2
Linzagolix	inhibits	SLC22A6
Linzagolix	binds	ALB
Vorasidenib	substrate_of	CYP1A2
Vorasidenib	substrate_of	CYP2B6
Vorasidenib	induces	CYP2B6
Vorasidenib	substrate_of	CYP2C8
Vorasidenib	induces	CYP2C8
Vorasidenib	substrate_of	CYP2C9
Vorasidenib	induces	CYP2C9
Vorasidenib	substrate_of	CYP2C19
Vorasidenib	induces	CYP2C19
Vorasidenib	substrate_of	CYP2D6
Vorasidenib	substrate_of	CYP3A4
Vorasidenib	induces	CYP3A4
Vorasidenib	induces	UGT1A4
Vorasidenib	inhibits	IDH1
Vorasidenib	inhibits	IDH2
Vorasidenib	inhibits	IDH3G
Vorasidenib	inhibits	IDH3B
Vorasidenib	inhibits	IDH3A
Vorasidenib	inhibits	ABCG2
Ziftomenib	substrate_of	CYP3A4
Ziftomenib	induces	CYP1A2
Ziftomenib	inhibits	UGT1A9
Ziftomenib	inhibits	UGT2B17
Ziftomenib	inhibits	MEN1
Ziftomenib	substrate_of	ABCB1
Ziftomenib	substrate_of	ABCG2
Ziftomenib	binds	ALB
Pirtobrutinib	substrate_of	CYP3A4
Pirtobrutinib	inhibits	CYP3A4
Pirtobrutinib	induces	CYP3A4
Pirtobrutinib	substrate_of	UGT1A8
Pirtobrutinib	substrate_of	UGT1A9
Pirtobrutinib	inhibits	CYP2C8
Pirtobrutinib	inhibits	CYP2C9
Pirtobrutinib	inhibits	CYP1A2
Pirtobrutinib	inhibits	CYP2B6
Pirtobrutinib	induces	CYP2B6
Pirtobrutinib	inhibits	CYP2C19
Pirtobrutinib	induces	CYP2C19
Pirtobrutinib	inhibits	CYP2D6
Pirtobrutinib	induces	CYP3A5
Pirtobrutinib	inhibits	BTK
Pirtobrutinib	substrate_of	ABCB1
Pirtobrutinib	inhibits	ABCB1
Pirtobrutinib	substrate_of	ABCG2
Pirtobrutinib	inhibits	ABCG2
Vimseltinib	inhibits	CSF1R
Vimseltinib	substrate_of	ABCB1
Vimseltinib	inhibits	ABCB1
Vimseltinib	inhibits	ABCG2
Vimseltinib	inhibits	ABCB11
Vimseltinib	inhibits	SLCO1B1
Vimseltinib	inhibits	SLCO1B3
Vimseltinib	inhibits	SLC22A2
Vimseltinib	inhibits	SLC47A1
Vimseltinib	inhibits	SLC47A2
Rilzabrutinib	substrate_of	CYP3A4
Rilzabrutinib	inhibits	CYP3A4
Rilzabrutinib	inhibits	BTK
Rilzabrutinib	substrate_of	ABCB1
Rilzabrutinib	inhibits	ABCB1
Rilzabrutinib	substrate_of	ABCG2
Rilzabrutinib	inhibits	ABCG2
Rilzabrutinib	inhibits	SLCO1B1
Rilzabrutinib	inhibits	SLCO1B3
Rilzabrutinib	inhibits	ABCB11
Acoramidis	substrate_of	UGT1A9
Acoramidis	substrate_of	UGT1A1
Acoramidis	substrate_of	UGT2B7
Acoramidis	inhibits	CYP2C9
Acoramidis	modulates	TTR
Acoramidis	substrate_of	SLC22A6
Acoramidis	inhibits	SLC22A6
Acoramidis	substrate_of	ABCG2
Acoramidis	inhibits	SLC22A8
Nerandomilast	substrate_of	CYP3A4
Nerandomilast	inhibits	PDE4B
Nerandomilast	substrate_of	ABCB1
Nerandomilast	inhibits	ABCB1
Nerandomilast	inhibits	SLC47A1
Nerandomilast	inhibits	SLC47A2
Vanzacaftor	substrate_of	CYP3A4
Vanzacaftor	modulates	CFTR
Vanzacaftor	inhibits	ABCG2
Vanzacaftor	binds	ABCB5
Vanzacaftor	binds	ALB
Vanzacaftor	binds	ORM1
Aficamten	substrate_of	CYP2C9
Aficamten	substrate_of	CYP3A4
Aficamten	substrate_of	CYP2D6
Aficamten	substrate_of	CYP2C19
Aficamten	substrate_of	CYP2C8
Aficamten	inhibits	MYH7
Aficamten	inhibits	MYBPC3
Revumenib	substrate_of	CYP3A4
Revumenib	inhibits	CYP3A4
Revumenib	substrate_of	CYP2C8
Revumenib	inhibits	MEN1
Revumenib	substrate_of	SLC22A1
Revumenib	substrate_of	SLC22A2
Revumenib	substrate_of	SLC22A6
Revumenib	substrate_of	SLC22A8
Revumenib	substrate_of	SLC47A1
Revumenib	inhibits	SLC47A1
Revumenib	binds	ALB
Crinecerfont	substrate_of	CYP3A4
Crinecerfont	substrate_of	CYP2B6
Crinecerfont	substrate_of	CYP2C8
Crinecerfont	substrate_of	CYP2C19
Crinecerfont	inhibits	CRHR1
Taletrectinib	substrate_of	CYP3A4
Taletrectinib	inhibits	CYP3A4
Taletrectinib	induces	CYP3A4
Taletrectinib	substrate_of	CYP2C8
Taletrectinib	inhibits	CYP2C8
Taletrectinib	substrate_of	CYP2C9
Taletrectinib	inhibits	CYP2D6
Taletrectinib	induces	CYP1A2
Taletrectinib	inhibits	ROS1
Taletrectinib	inhibits	NTRK1
Taletrectinib	inhibits	NTRK2
Taletrectinib	inhibits	NTRK3
Taletrectinib	substrate_of	ABCB1
Taletrectinib	inhibits	ABCB1
Taletrectinib	inhibits	ABCG2
Taletrectinib	inhibits	SLCO1B1
Taletrectinib	substrate_of	SLC47A1
Taletrectinib	inhibits	SLC47A2
Zongertinib	substrate_of	CYP3A4
Zongertinib	substrate_of	CYP3A5
Zongertinib	substrate_of	UGT1A4
Zongertinib	inhibits	ERBB2
Zongertinib	inhibits	ABCG2
Deuruxolitinib	substrate_of	CYP2C9
Deuruxolitinib	substrate_of	CYP3A4
Deuruxolitinib	substrate_of	CYP1A2
Deuruxolitinib	inhibits	JAK2
Deuruxolitinib	inhibits	JAK1
Deuruxolitinib	inhibits	TYK2
Deuruxolitinib	substrate_of	ABCG2
Deuruxolitinib	inhibits	ABCG2
Deuruxolitinib	substrate_of	ABCB1
Deuruxolitinib	inhibits	ABCB11
Deuruxolitinib	inhibits	SLC22A8
Deuruxolitinib	inhibits	SLC47A2
Sunvozertinib	substrate_of	CYP3A4
Sunvozertinib	induces	CYP3A4
Sunvozertinib	induces	CYP2C8
Sunvozertinib	inhibits	EGFR
Sunvozertinib	substrate_of	ABCG1
Sunvozertinib	inhibits	ABCG1
Sunvozertinib	inhibits	SLCO1B1
Sunvozertinib	inhibits	ABCG2
Suzetrigine	substrate_of	CYP3A4
Suzetrigine	induces	CYP3A4
Suzetrigine	inhibits	CYP2C8
Suzetrigine	induces	CYP2C8
Suzetrigine	inhibits	CYP2C9
Suzetrigine	induces	CYP2C9
Suzetrigine	induces	CYP2B6
Suzetrigine	induces	CYP2C19
Suzetrigine	binds	SCN10A
Suzetrigine	substrate_of	ABCB1
Suzetrigine	inhibits	SLCO1B1
Suzetrigine	inhibits	SLCO1B3
Suzetrigine	inhibits	SLC22A8
Elinzanetant	substrate_of	CYP3A4
Elinzanetant	inhibits	CYP3A4
Elinzanetant	inhibits	TACR1
Elinzanetant	inhibits	TACR3
Elinzanetant	substrate_of	ABCB1
Imlunestrant	substrate_of	CYP3A4
Imlunestrant	inhibits	CYP2B6
Imlunestrant	inhibits	CYP2C9
Imlunestrant	substrate_of	UGT1A1
Imlunestrant	substrate_of	UGT1A3
Imlunestrant	substrate_of	UGT1A8
Imlunestrant	substrate_of	UGT1A9
Imlunestrant	substrate_of	UGT1A10
Imlunestrant	binds	ESR1
Imlunestrant	inhibits	ABCB1
Imlunestrant	inhibits	ABCG2
Benzgalantamine	substrate_of	CYP3A4
Benzgalantamine	substrate_of	CYP2D6
Benzgalantamine	inhibits	ACHE
Benzgalantamine	inhibits	BCHE
Benzgalantamine	modulates	CHRNA7
Benzgalantamine	inhibits	ABCB1
Sevabertinib	substrate_of	CYP3A4
Sevabertinib	inhibits	CYP3A4
Sevabertinib	substrate_of	CYP1A1
Sevabertinib	inhibits	CYP1A1
Sevabertinib	inhibits	CYP2C8
Sevabertinib	inhibits	ERBB2
Sevabertinib	inhibits	EGFR
Sevabertinib	substrate_of	ABCB1
Sevabertinib	inhibits	ABCB1
Sevabertinib	substrate_of	ABCG2
Sevabertinib	inhibits	SLC47A1
Sevabertinib	inhibits	SLC47A2
