head	relation	tail
Clonidine	activates	ADRA1D
Cisapride	activates	HTR2A
Eletriptan	activates	HTR1D
Nebivolol	activates	ADRB3
Ibuprofen	activates	PPARA
Methadone	activates	CHRNA7
Cannabidiol	activates	GPR12
Methylphenidate	activates	HTR1A
Aripiprazole	activates	HTR7
Fenoldopam	activates	DRD1
Insulin detemir	activates	INSR
Bromocriptine	activates	HTR1D
Brexpiprazole	activates	HTR1A
Sucralfate	activates	FGF2
Darbepoetin alfa	activates	EPOR
Bromocriptine	activates	ADRA1A
Meprobamate	activates	GABRA1
Pilocarpine	activates	CHRM3
Liotrix	activates	THRA
Etretinate	activates	RXRA
Aripiprazole	activates	DRD5
Ergotamine	activates	HTR1F
Dihydroergotamine	activates	DRD4
Clofibrate	activates	PPARA
Etonogestrel	activates	PGR
Opium	activates	OPRK1
Codeine	activates	OPRD1
Insulin human	activates	IGF1R
Chromic chloride	activates	INSR
Pramipexole	activates	HTR1A
Nicotine	activates	CHRNA3
Pramipexole	activates	DRD3
Tizanidine	activates	ADRA1A
Nitroglycerin	activates	EGFR
Pentoxyverine	activates	OPRK1
Tasimelteon	activates	MTNR1A
Misoprostol	activates	PTGER2
Omeprazole	activates	AHR
Clonidine	activates	ADRA2C
Morphine	activates	OPRM1
Bromocriptine	activates	ADRA2C
Bezafibrate	activates	PPARG
Insulin degludec	activates	INSR
Regadenoson	activates	ADORA2A
Resmetirom	activates	THRB
Tamoxifen	activates	ESR2
Dextrothyroxine	activates	THRB
Methysergide	activates	HTR1A
Apomorphine	activates	ADRA2B
Paroxetine	activates	HTR2A
Droxidopa	activates	ADRB2
Acitretin	activates	RARG
Droxidopa	activates	ADRA1A
Bezafibrate	activates	RXRG
Calcium citrate	activates	CASR
Ergotamine	activates	HTR2C
Cariprazine	activates	DRD2
Levothyroxine	activates	THRB
Methyldopa	activates	DRD2
Ergotamine	activates	ADRA1D
Anileridine	activates	OPRM1
Racepinephrine	activates	ADRB3
Bromocriptine	activates	HTR2B
Amyl Nitrite	activates	NPR1
Alitretinoin	activates	RXRB
Levamisole	activates	CHRNA3
Megestrol acetate	activates	NR3C1
Alitretinoin	activates	CRABP2
Nalmefene	activates	OPRK1
Ergotamine	activates	DRD1
Hydromorphone	activates	OPRD1
Dexfenfluramine	activates	HTR2C
Spironolactone	activates	NR1I2
Buprenorphine	activates	OPRM1
Levamisole	activates	unc-63
Pseudoephedrine	activates	ADRA2A
Prednisolone acetate	activates	NR3C1
Meperidine	activates	OPRK1
Remimazolam	activates	GABRG3
Prednisolone	activates	NR3C1
Meprobamate	activates	GABRA4
Varenicline	activates	CHRNB2
Tretinoin	activates	RARG
Pergolide	activates	HTR1A
Dihydroergotamine	activates	DRD3
Carbocisteine	activates	NFE2L2
Amphetamine	activates	ADRB1
Adenosine	activates	ADORA2B
Estazolam	activates	TSPO
Ergoloid mesylate	activates	HTR1A
Serdexmethylphenidate	activates	HTR1A
Hydroxyzine	activates	HRH1
Racepinephrine	activates	ADRA2B
Ticagrelor	activates	CYP3A5
Tibolone	activates	ESR1
Cannabidiol	activates	PPARG
Mecasermin	activates	IGF1R
Fenoterol	activates	ADRB3
Amitriptyline	activates	NTRK1
Fenoldopam	activates	DRD5
Pizotifen	activates	HTR1A
Mecasermin	activates	IGF2R
Cannabidiol	activates	CNR2
Buspirone	activates	HTR1A
Opium	activates	OPRD1
Phenobarbital	activates	NR1I2
Vamorolone	activates	NR3C1
Rasagiline	activates	BCL2
Streptokinase	activates	F2R
Nalbuphine	activates	OPRK1
Flibanserin	activates	DRD4
Zolmitriptan	activates	HTR2A
Dihydroergotamine	activates	HTR2B
Apomorphine	activates	DRD3
Dihydroergotamine	activates	HTR4
Frovatriptan	activates	HTR1B
Phenylpropanolamine	activates	ADRB1
Butorphanol	activates	OPRK1
Methyprylon	activates	GABRA1
Nicotine	activates	CHRNA10
Morphine	activates	OPRK1
Aripiprazole	activates	DRD1
Nitroglycerin	activates	NPR1
Pioglitazone	activates	PPARG
Fludrocortisone	activates	NR3C2
Pindolol	activates	ADRB1
Racepinephrine	activates	ADRB1
Progesterone	activates	NR3C2
Segesterone acetate	activates	AR
Etretinate	activates	RARG
Cannabidiol	activates	TRPV2
Treprostinil	activates	PTGIR
Pentoxifylline	activates	ADORA2A
Trazodone	activates	HTR1A
Brimonidine	activates	ADRA2A
Pilocarpine	activates	CHRM4
Tamoxifen	activates	NR1I2
Tirzepatide	activates	GLP1R
Prucalopride	activates	HTR4
Oxycodone	activates	OPRK1
Calcium citrate	activates	CALM3
Tiratricol	activates	THRB
Ergoloid mesylate	activates	ADRB1
Meprobamate	activates	GABRA3
Raloxifene	activates	ESR2
Tianeptine	activates	DRD3
Acebutolol	activates	ADRB1
Aminophylline	activates	HDAC2
Aripiprazole	activates	HTR1A
Diphenhydramine	activates	HRH1
Cabergoline	activates	HTR2B
Fludarabine	activates	DCK
Tiratricol	activates	THRA
Erythrityl tetranitrate	activates	NPR1
Remifentanil	activates	OPRM1
Naratriptan	activates	HTR1D
Vortioxetine	activates	HTR1B
Epoprostenol	activates	PTGIR
Sulfinpyrazone	activates	NR1I2
Niacin	activates	HCAR2
Cariprazine	activates	DRD3
Danazol	activates	ESR1
Isotretinoin	activates	RARA
Hydromorphone	activates	OPRK1
Zolmitriptan	activates	HTR1F
Furosemide	activates	GPR35
Acitretin	activates	RARA
Etretinate	activates	RXRB
Cisapride	activates	HTR3A
Tizanidine	activates	NISCH
Prednisolone phosphate	activates	NR3C1
Mexiletine	activates	AHR
Rosiglitazone	activates	PPARG
Ketamine	activates	DRD2
Tapentadol	activates	OPRM1
Benzphetamine	activates	ADRA1A
Pseudoephedrine	activates	ADRB1
Droxidopa	activates	ADRA2B
Ergotamine	activates	HTR1B
Remifentanil	activates	OPRD1
Metformin	activates	PRKAB1
Melatonin	activates	MTNR1A
Insulin human	activates	PCSK1
Flibanserin	activates	HTR1A
Trimebutine	activates	OPRM1
Lofexidine	activates	HTR2C
Insulin aspart	activates	IGF1R
Cisapride	activates	HTR4
Paroxetine	activates	HTR2B
Levamisole	activates	lev-1
Nifedipine	activates	NR1I2
Tapentadol	activates	OPRK1
Calcium citrate	activates	PDCD6
Cannabidiol	activates	HTR2A
Dronabinol	activates	CNR2
Zolmitriptan	activates	HTR1E
Nateglinide	activates	PPARG
Bempedoic acid	activates	NUAK2
Pentaerythritol tetranitrate	activates	HBB
Dihydroergotamine	activates	HTR2C
Nylidrin	activates	IFNAR2
Pramipexole	activates	DRD4
Segesterone acetate	activates	PGR
Zolmitriptan	activates	HTR2B
Dihydroergotamine	activates	HTR1E
Bromocriptine	activates	HTR1A
Levamlodipine	activates	NOS3
Imipramine	activates	HTR1A
Cannabidiol	activates	GPR18
Fentanyl	activates	OPRD1
Racepinephrine	activates	ADRB2
Methadone	activates	OPRD1
Etretinate	activates	RXRG
Levorphanol	activates	OPRD1
Ethotoin	activates	NR1I2
Nabilone	activates	CNR2
Varenicline	activates	CHRNA6
Levorphanol	activates	OPRK1
Bexarotene	activates	RXRG
Anistreplase	activates	PLG
Nabilone	activates	CNR1
Bexarotene	activates	RXRB
Pentaerythritol tetranitrate	activates	HBA1
Dihydroergotamine	activates	ADRB3
Ergoloid mesylate	activates	ADRA1A
Clomifene	activates	ESR2
Apomorphine	activates	DRD1
Brimonidine	activates	ADRA2B
Sumatriptan	activates	HTR1D
Pramipexole	activates	ADRA2A
Midodrine	activates	ADRA1A
Ponesimod	activates	S1PR1
Difelikefalin	activates	OPRK1
Tretinoin	activates	RARRES1
Fenofibrate	activates	NR1I2
Spironolactone	activates	ESR1
Interferon beta-1b	activates	IFNAR1
Zolpidem	activates	GABRA1
Treprostinil	activates	PTGDR
Phendimetrazine	activates	ADRA1B
Celiprolol	activates	ADRB3
Lusutrombopag	activates	MPL
Ropinirole	activates	DRD2
Bethanechol	activates	CHRM2
Ergotamine	activates	HTR2A
Heparin	activates	FGF4
Interferon beta-1a	activates	IFNAR1
Trazodone	activates	HTR2C
Ropinirole	activates	DRD4
Sulfasalazine	activates	PPARG
Nicotine	activates	CHRNA2
Dienogest	activates	PGR
Diphenoxylate	activates	OPRD1
Sumatriptan	activates	HTR1B
Aripiprazole	activates	DRD2
Orciprenaline	activates	ADRB2
Verapamil	activates	CYP2B6
Alitretinoin	activates	RARA
Calcium citrate	activates	CADPS2
Bromocriptine	activates	HTR2A
Metformin	activates	ACACB
Apomorphine	activates	HTR1B
Cabergoline	activates	HTR1D
Betahistine	activates	HRH1
Estradiol valerate	activates	ESR2
Peginterferon alfa-2a	activates	IFNAR1
Streptokinase	activates	PLG
Riociguat	activates	GUCY1A2
Methylprednisolone	activates	ANXA1
Pitolisant	activates	HRH3
Bethanechol	activates	CHRM4
Tramadol	activates	OPRK1
Calcifediol	activates	VDR
Metoclopramide	activates	HTR4
Methylnaltrexone	activates	MC4R
Gepirone	activates	HTR1A
Medroxyprogesterone acetate	activates	PGR
Iron	activates	HBA1
Gabapentin	activates	KCNQ3
Apomorphine	activates	ADRA2A
Sulfasalazine	activates	RELB
Ozanimod	activates	S1PR5
Synthetic Conjugated Estrogens, B	activates	ESR1
Omaveloxolone	activates	NFE2L2
Dihydroergotamine	activates	HTR1B
Tizanidine	activates	ADRA2A
Clozapine	activates	CHRM1
Megestrol acetate	activates	PGR
Liothyronine	activates	THRA
Atorvastatin	activates	AHR
Benzphetamine	activates	ADRA2A
Midodrine	activates	ADRA1D
Ergoloid mesylate	activates	DRD1
Rifaximin	activates	NR1I2
Amiodarone	activates	PPARA
Cabergoline	activates	HTR1A
Methoxyflurane	activates	GABRA1
Midodrine	activates	ADRA1B
Hydrocortisone	activates	NR3C1
Pergolide	activates	ADRA2A
Nafarelin	activates	GNRHR
Hydrocodone	activates	OPRM1
Modafinil	activates	ADRA1B
Droxidopa	activates	ADRB3
Estetrol	activates	ESR2
Trimipramine	activates	HTR2A
Bromocriptine	activates	ADRA2A
Apomorphine	activates	DRD4
Meprobamate	activates	GABRA6
Fentanyl	activates	OPRK1
Estrone	activates	ESR1
Pindolol	activates	ADRB2
Diosmin	activates	AHR
Lofexidine	activates	HTR7
Clozapine	activates	CHRM2
Zolpidem	activates	GABRG2
Amitriptyline	activates	NTRK2
Methoxyflurane	activates	GLRA1
Nicotine	activates	CHRNA4
Fenofibrate	activates	PPARA
Pramipexole	activates	DRD2
Iloprost	activates	PTGIR
Pergolide	activates	ADRA1A
Bezafibrate	activates	PPARD
Medroxyprogesterone acetate	activates	ESR1
Dihydroergotamine	activates	HTR1F
Dextropropoxyphene	activates	OPRD1
Pergolide	activates	DRD5
Bromocriptine	activates	ADRA1B
Sumatriptan	activates	HTR1F
Apomorphine	activates	HTR2C
Pergolide	activates	HTR1D
Interferon alfa-n1	activates	IFNAR2
Nicotine	activates	CHRNB2
Liraglutide	activates	GLP1R
Isosorbide dinitrate	activates	NPR1
Pilocarpine	activates	CHRM5
Bromocriptine	activates	DRD5
Xanomeline	activates	CHRM2
Meprobamate	activates	GABRA5
Norethisterone	activates	AR
Tretinoin	activates	RARA
Sodium oxybate	activates	SLC52A2
Cannabidiol	activates	ADORA1
Dexamethasone	activates	ANXA1
Fenfluramine	activates	HTR2B
Levetiracetam	activates	SV2A
Brimonidine	activates	ADRA2C
Prednisone	activates	NR3C1
Zinc sulfate, unspecified form	activates	BDKRB1
Estradiol valerate	activates	ESR1
Atomoxetine	activates	OPRK1
Nicotine	activates	CHRNA5
Cannabidiol	activates	TRPV1
Amitriptyline	activates	OPRD1
Rizatriptan	activates	HTR1D
Fenoprofen	activates	PPARG
Danazol	activates	PGR
Lofexidine	activates	ADRA2A
Lindane	activates	NR1I2
Conjugated estrogens	activates	ESR1
Bromocriptine	activates	DRD2
Bromocriptine	activates	ADRA1D
Droxidopa	activates	ADRA2A
Oxymorphone	activates	OPRM1
Heparin	activates	FGF2
Deflazacort	activates	NR3C1
Eletriptan	activates	HTR1A
Apomorphine	activates	HTR1A
Pramlintide	activates	GLP1R
Norgestrel	activates	PGR
Dextromethorphan	activates	SIGMAR1
Ergotamine	activates	ADRA2A
Mecasermin	activates	INSR
Treprostinil	activates	PPARD
Pergolide	activates	DRD2
Insulin aspart	activates	INSR
Warfarin	activates	NR1I2
Clonazepam	activates	NR1I2
Lorcaserin	activates	HTR2C
Etretinate	activates	RARB
Alteplase	activates	PLG
Lixisenatide	activates	GLP1R
Progesterone	activates	AR
Glutethimide	activates	GABRA1
Trimebutine	activates	CACNA1G
Haloperidol	activates	DRD3
Amiodarone	activates	PPARGC1B
Flunitrazepam	activates	TSPO
Procaterol	activates	ADRB2
Phenylpropanolamine	activates	DRD1
Fenfluramine	activates	HTR2C
Mecasermin rinfabate	activates	IGF1R
Insulin human	activates	INSR
Levodopa	activates	DRD4
Erythromycin	activates	MLNR
Fenoterol	activates	ADRB2
Epoprostenol	activates	P2RY12
Memantine	activates	DRD2
Topiramate	activates	GABRA1
Diclofenac	activates	KCNQ3
Eluxadoline	activates	OPRM1
Estradiol cypionate	activates	ESR2
Zolpidem	activates	GABRA2
Methacholine	activates	CHRM1
Clozapine	activates	HRH4
Estradiol cypionate	activates	NR1I2
Amisulpride	activates	OPRM1
Insulin glulisine	activates	IGF1R
Estradiol acetate	activates	ESR1
Diclofenac	activates	KCNQ2
Dihydroergotamine	activates	ADRA2A
Tretinoin	activates	RXRG
Rizatriptan	activates	HTR1B
Cabergoline	activates	DRD2
Zolmitriptan	activates	HTR1A
Eletriptan	activates	HTR1B
Iloprost	activates	PTGER1
Norgestimate	activates	PGR
Celiprolol	activates	ADRB2
Diazepam	activates	TSPO
Balsalazide	activates	PPARG
Samidorphan	activates	OPRK1
Zolmitriptan	activates	HTR1D
Meperidine	activates	OPRM1
Rizatriptan	activates	HTR1A
Yohimbine	activates	HTR1A
Clonidine	activates	ADRA2A
Heparin	activates	FGF19
Insulin detemir	activates	IGF1R
Fenoterol	activates	ADRB1
Methadone	activates	OPRM1
Estrone sulfate	activates	ESR1
Ritonavir	activates	NR1I2
Lofexidine	activates	ADRA1A
Sumatriptan	activates	HTR1A
Fenfluramine	activates	HTR2A
Bromocriptine	activates	ADRA2B
Diamorphine	activates	OPRM1
Meclizine	activates	NR1I3
Quinagolide	activates	DRD1
Cabergoline	activates	DRD5
Stiripentol	activates	GABRA1
Ziprasidone	activates	HTR1A
Cabergoline	activates	HTR2C
Reteplase	activates	PLG
Estradiol cypionate	activates	GPER1
Seladelpar	activates	PPARD
Cyclophosphamide	activates	NR1I2
Lisdexamfetamine	activates	TAAR1
Bezafibrate	activates	NR1I2
Interferon beta-1b	activates	IFNAR2
Tretinoin	activates	RXRB
Methacholine	activates	CHRM3
Alitretinoin	activates	RARG
Levocarnitine	activates	CPT1A
Amitriptyline	activates	OPRK1
Melatonin	activates	MTNR1B
Bromocriptine	activates	HTR1B
Isosorbide mononitrate	activates	GUCY1A2
Xanomeline	activates	CHRM5
Metreleptin	activates	LEPR
Apomorphine	activates	ADRA2C
Raloxifene	activates	ESR1
Cariprazine	activates	HTR1A
Sodium oxybate	activates	GABBR1
Isotretinoin	activates	RARG
Liotrix	activates	THRB
Ketamine	activates	OPRK1
Cannabidiol	activates	TRPM8
Progesterone	activates	ESR2
Aripiprazole	activates	HTR2B
Heparin	activates	FGF1
Indomethacin	activates	PPARG
Hydromorphone	activates	OPRM1
Metoclopramide	activates	CHRM1
Cabergoline	activates	DRD1
Fluoxymesterone	activates	AR
Morphine	activates	OPRD1
Vosoritide	activates	NPR2
Tasimelteon	activates	MTNR1B
Clonidine	activates	ADRA2B
Mesalazine	activates	PPARG
Fenfluramine	activates	HTR1A
Apomorphine	activates	DRD2
Pseudoephedrine	activates	ADRA1A
Droxidopa	activates	ADRB1
Interferon beta-1a	activates	IFNAR2
Pergolide	activates	DRD4
Norethisterone	activates	NR3C1
Diamorphine	activates	OPRK1
Peginterferon alfa-2a	activates	IFNAR2
Quetiapine	activates	HTR1A
Levodopa	activates	DRD3
Progesterone	activates	ESR1
Clomifene	activates	ESR1
Brexpiprazole	activates	DRD2
Zinc sulfate, unspecified form	activates	S100A2
Norgestrel	activates	AR
Eltrombopag	activates	MPL
Insulin icodec	activates	IGF1R
Ergotamine	activates	HTR1A
Defibrotide	activates	ADORA1
Dihydroergotamine	activates	HTR1D
Zopiclone	activates	TSPO
Spironolactone	activates	PGR
Pergolide	activates	ADRA1D
Testosterone undecanoate	activates	AR
Interferon alfa-n1	activates	IFNAR1
Racepinephrine	activates	ADRA1B
Nimodipine	activates	AHR
Bethanechol	activates	CHRM1
Esketamine	activates	BDNF
Insulin icodec	activates	INSR
Fenofibric acid	activates	NR1I2
Pimavanserin	activates	HTR2C
Calcium citrate	activates	CHP1
Avatrombopag	activates	MPL
Dihydroergotamine	activates	ADRA1A
Peginterferon alfa-2b	activates	IFNAR2
Gemfibrozil	activates	LPL
Ivermectin	activates	GluClX
Budesonide	activates	NR3C1
Iloprost	activates	PTGER2
Methacholine	activates	CHRM4
Repaglinide	activates	PPARG
Almotriptan	activates	HTR1B
Cabergoline	activates	HTR2A
Alfacalcidol	activates	VDR
Semaglutide	activates	GLP1R
Methacholine	activates	CHRM2
Ferric cation	activates	TFRC
Defibrotide	activates	ADORA2B
Treprostinil	activates	PTGER2
Dihydroergotamine	activates	HTR1A
Tramadol	activates	OPRD1
Valproic acid	activates	PPARD
Pergolide	activates	HTR2A
Bromocriptine	activates	DRD3
Methylergometrine	activates	HTR2B
Brexpiprazole	activates	DRD3
Etafedrine	activates	ADRB2
Naratriptan	activates	HTR1A
Yohimbine	activates	HTR1B
Frovatriptan	activates	HTR1D
Yohimbine	activates	HTR1D
Clofibrate	activates	LPL
Levodopa	activates	DRD2
Zinc sulfate, unspecified form	activates	SERPIND1
Levocarnitine	activates	CPT1B
Xanomeline	activates	CHRM1
Adenosine	activates	ADORA2A
Clozapine	activates	CHRM4
Tegaserod	activates	HTR4
Obeticholic acid	activates	NR1H4
Misoprostol	activates	PTGER1
Pergolide	activates	ADRA1B
Tapentadol	activates	OPRD1
Flutamide	activates	AHR
Apomorphine	activates	HTR2A
Pramlintide	activates	RAMP2
Oxycodone	activates	OPRD1
Cabergoline	activates	DRD4
Dextropropoxyphene	activates	OPRM1
Naratriptan	activates	HTR1B
Apomorphine	activates	HTR2B
Dordaviprone	activates	CLPP
Erlotinib	activates	NR1I2
Eletriptan	activates	HTR1F
Imiquimod	activates	TLR7
Triflusal	activates	NOS2
Dextromethorphan	activates	OPRD1
Varenicline	activates	CHRNA7
Linaclotide	activates	GUCY2C
Pimavanserin	activates	HTR2A
Pentazocine	activates	SIGMAR1
Ondansetron	activates	HTR4
Pilocarpine	activates	CHRM1
Progesterone	activates	NR3C1
Prednisolone acetate	activates	NR3C2
Eluxadoline	activates	OPRK1
Dexamethasone	activates	NR3C1
Ardeparin	activates	SERPIND1
Racepinephrine	activates	ADRA1A
Ursodeoxycholic acid	activates	SLC23A2
Phenytoin	activates	NR1I2
Lumateperone	activates	DRD1
Methacholine	activates	CHRM5
Estradiol valerate	activates	NR1I2
Adenosine	activates	ADORA3
Amisulpride	activates	OPRD1
Oxycodone	activates	OPRM1
Mifepristone	activates	NR1I2
Prednisolone	activates	NR3C2
Progesterone	activates	OPRK1
Pseudoephedrine	activates	ADRB2
Abaloparatide	activates	PTH1R
Glipizide	activates	PPARG
Fenofibric acid	activates	PPARA
Samidorphan	activates	OPRD1
Acetaminophen	activates	TRPV1
Segesterone acetate	activates	NR3C1
Conjugated estrogens	activates	ESR2
Ergotamine	activates	HTR1D
Alitretinoin	activates	CRABP1
Droxidopa	activates	ADRA1D
Tramadol	activates	OPRM1
Cabergoline	activates	HTR1B
Cannabidiol	activates	TRPV3
Acitretin	activates	RXRA
Insulin glulisine	activates	INSR
Levamisole	activates	unc-29
Estrone sulfate	activates	ESR2
Ospemifene	activates	ESR1
Ergotamine	activates	ADRA1B
Gemfibrozil	activates	PPARA
Liothyronine	activates	THRB
Remifentanil	activates	OPRK1
Amitriptyline	activates	SIGMAR1
Levodopa	activates	DRD1
Diphenoxylate	activates	OPRM1
Tianeptine	activates	OPRM1
Nicotine	activates	CHRNB3
Adenosine	activates	ADORA1
Phendimetrazine	activates	ADRA1A
Sulfasalazine	activates	RELA
Levamisole	activates	unc-38
Zolmitriptan	activates	HTR7
Paricalcitol	activates	VDR
Valproic acid	activates	PPARG
Xanomeline	activates	CHRM3
Tretinoin	activates	RARB
Lasmiditan	activates	HTR1F
Dextrothyroxine	activates	THRA
Trihexyphenidyl	activates	ADRB3
Estradiol cypionate	activates	ESR1
Tretinoin	activates	RXRA
Vibegron	activates	ADRB3
Cannabidiol	activates	HTR1A
Progesterone	activates	PGR
Protein C	activates	F5
Urokinase	activates	PLG
Nafarelin	activates	GNRHR2
Bezafibrate	activates	RXRA
Ibuprofen	activates	PPARG
Dextromethorphan	activates	OPRK1
Methyldopa	activates	ADRA2A
Tirzepatide	activates	GIPR
Cannabidiol	activates	TRPA1
Nylidrin	activates	CACNA1I
Quinagolide	activates	DRD2
Dronabinol	activates	CNR1
Exenatide	activates	GLP1R
Ramipril	activates	BDKRB1
Fludiazepam	activates	TSPO
Estramustine	activates	ESR1
Carbamazepine	activates	NR1I2
Dextromethorphan	activates	OPRM1
Zolmitriptan	activates	HTR1B
Amphetamine	activates	CARTPT
Amphetamine	activates	SLC6A2
Ethinylestradiol	activates	NR1I2
Bezafibrate	activates	RXRB
Bexarotene	activates	RXRA
Aripiprazole	activates	HTR2C
Calcium citrate	activates	CADPS
Amediplase	activates	PLAU
Codeine	activates	OPRM1
Insulin degludec	activates	IGF1R
Vinorelbine	activates	MAPK1
Alitretinoin	activates	RARB
Clonidine	activates	ADRA1B
Trazodone	activates	Htr2c
Calcium citrate	activates	CALM2
Ascorbic acid	activates	ALKBH3
Dihydroergotamine	activates	HTR2A
Beraprost	activates	PTGIR
Secobarbital	binds	GABRA2
Alfuzosin	binds	ORM1
Ferric cation	binds	ITGB3
Dronedarone	binds	KCNA5
Potassium chloride	binds	SLC12A1
Iron	binds	NEIL1
Codeine	binds	OPRM1
Zinc acetate	binds	KRT6A
Zinc	binds	A2M
Zinc acetate	binds	P4HB
Temazepam	binds	GABRA1
Enzalutamide	binds	ALB
Desmoteplase	binds	PLG
Flavin adenine dinucleotide	binds	pchF
Infigratinib	binds	APOA1
Clopidogrel	binds	ALB
Avanafil	binds	ORM1
Amoxapine	binds	GABRA1
Quazepam	binds	GABRA1
Elafibranor	binds	ALB
Morphine	binds	ALB
Doxylamine	binds	ALB
Nortriptyline	binds	ORM1
Naproxen	binds	SLC22A8
Ferrous ascorbate	binds	CP
Zinc	binds	BDKRB1
Thiopental	binds	GABRA4
Atomoxetine	binds	FCGR1A
Phenprocoumon	binds	ORM1
Fenofibrate	binds	ALB
Ferrous fumarate	binds	NEIL1
Cholic Acid	binds	ADH1C
Flavin adenine dinucleotide	binds	lpdV
Quetiapine	binds	CHRM2
Trihexyphenidyl	binds	ALB
Primidone	binds	GABRA3
Cysteamine	binds	ALB
Flavin adenine dinucleotide	binds	choB
Aminocaproic acid	binds	LPA
Theophylline	binds	CPNE1
Estradiol acetate	binds	ESRRG
Copper oxodotreotide Cu-64	binds	SSTR2
Zinc acetate	binds	F13B
Drotrecogin alfa	binds	SERPINB6
Cyanocobalamin	binds	MTHFR
Abciximab	binds	FCGR2A
Nitrazepam	binds	GABRA1
Quetiapine	binds	HTR1D
Omega-3-carboxylic acids	binds	HADH
Chlorpromazine	binds	ALB
Flavin adenine dinucleotide	binds	fprA
Zidovudine	binds	SLC22A7
Fludiazepam	binds	GABRA3
Mirdametinib	binds	MAP2K2
Cobimetinib	binds	CYP3A5
Indapamide	binds	ORM1
Zinc sulfate, unspecified form	binds	HDAC4
Zinc	binds	PDIA3
Mefenamic acid	binds	ALB
Chromium	binds	TF
Biotin	binds	MCCC1
Glipizide	binds	KCNJ10
Dicloxacillin	binds	ALB
Mitotane	binds	SERPINA7
Zinc sulfate, unspecified form	binds	SOD1
Nitrofurantoin	binds	ydbK
Zinc acetate	binds	CFB
Vanzacaftor	binds	ORM1
Oxycodone	binds	ORM1
Pitolisant	binds	ALB
Cabergoline	binds	ADRB2
Flavin adenine dinucleotide	binds	cry
Magnesium	binds	TRPM7
Ferrous fumarate	binds	CP
Zinc	binds	F2
Ranolazine	binds	ORM1
Zinc	binds	CFH
Ketamine	binds	CHRM1
Ferrous gluconate	binds	HBA1
Maprotiline	binds	ORM1
Valproic acid	binds	ODC1
Estradiol acetate	binds	SLCO4A1
Secobarbital	binds	GABRA4
Iron	binds	TF
Zinc sulfate, unspecified form	binds	TPI1
Carvedilol	binds	NPPB
Prucalopride	binds	ALB
Ferric cation	binds	TF
Ketoconazole	binds	SHBG
Lamivudine	binds	ABCC2
Valganciclovir	binds	SLC6A14
Repaglinide	binds	ALB
Flavin adenine dinucleotide	binds	dmg
Trimipramine	binds	HTR1D
Spaglumic acid	binds	FOLH1
Opium	binds	B2M
Flavin mononucleotide	binds	pdxH
Ascorbic acid	binds	TMLHE
Zinc sulfate, unspecified form	binds	KRT9
Cocarboxylase	binds	por
Estetrol	binds	ALB
Ledipasvir	binds	ABCG2
Loxapine	binds	HTR1E
Inavolisib	binds	PIK3CA
Cholic Acid	binds	cbh
Lithium citrate	binds	GRIA3
Ferrous fumarate	binds	FXN
Norgestimate	binds	ALB
Imipramine	binds	DRD1
Niacin	binds	NNMT
Levonorgestrel	binds	AR
Zinc sulfate, unspecified form	binds	MDM2
Zinc sulfate, unspecified form	binds	APLP2
Abiraterone	binds	ORM1
Zinc acetate	binds	APCS
Estetrol	binds	ORM1
Solriamfetol	binds	SLC6A2
Zinc sulfate, unspecified form	binds	BRCC3
Bepridil	binds	CALM1
Zinc acetate	binds	IGFALS
Acenocoumarol	binds	ORM1
Zinc acetate	binds	ENO1
Ondansetron	binds	HTR1A
Rifamycin	binds	rpoC
Levothyroxine	binds	ITGAV
Calcium citrate	binds	CANX
Enoxaparin	binds	MPO
Alfuzosin	binds	ALB
Gliclazide	binds	ALB
Levothyroxine	binds	ITGB3
Etretinate	binds	CRABP1
Interferon alfa-2a	binds	IFNAR2
Loxapine	binds	HRH4
Linezolid	binds	ALB
Methysergide	binds	HTR1B
L-Glutamine	binds	GLUL
Zinc	binds	APP
Lovastatin	binds	SLCO1B3
Calcium citrate	binds	CALR
Fenofibric acid	binds	PPARG
Ampicillin	binds	SLC16A1
Flavin mononucleotide	binds	HAO2
Ivermectin	binds	glc-1
Metyrosine	binds	TH
Tiludronic acid	binds	ALB
Zinc	binds	IGFALS
Tetraferric tricitrate decahydrate	binds	fhuD
Vinblastine	binds	TUBA1A
Vinblastine	binds	TUBB
Zinc acetate	binds	CPN1
Zinc acetate	binds	NME1
Levodopa	binds	SLC7A5
Omega-3-carboxylic acids	binds	ELOVL4
Imipramine	binds	ORM1
Tetraferric tricitrate decahydrate	binds	TF
Zinc sulfate, unspecified form	binds	ALDOA
Dextrothyroxine	binds	TPO
Zinc acetate	binds	CA1
Midazolam	binds	ADORA2A
Cocarboxylase	binds	pox5
Zinc	binds	S100A9
Zinc	binds	S100A2
Sertraline	binds	SLC6A3
Cabergoline	binds	ADRA1B
Ferrous gluconate	binds	TFRC
Tretinoin	binds	LCN1
Zinc sulfate, unspecified form	binds	KNG1
Olsalazine	binds	SLC20A1
Ondansetron	binds	OPRM1
Flavin mononucleotide	binds	BLVRB
Zinc acetate	binds	DCD
Ziprasidone	binds	ORM1
Zinc	binds	CFI
Pentoxifylline	binds	TNF
Fludarabine	binds	SLC28A3
Flavin mononucleotide	binds	fprA
Insulin pork	binds	IGF1R
Zinc	binds	ITIH4
Loxapine	binds	SLC6A3
Levothyroxine	binds	TTR
Zinc sulfate, unspecified form	binds	ENO1
Atazanavir	binds	ORM1
Ferrous gluconate	binds	FTH1
Tolbutamide	binds	ALB
Zinc acetate	binds	TUFM
Zinc sulfate, unspecified form	binds	MT3
Zinc acetate	binds	HBA1
Tirzepatide	binds	ALB
Phenobarbital	binds	GABRA1
Aripiprazole	binds	ADRB2
Interferon alfa-2b	binds	IFNAR2
Futibatinib	binds	ORM1
Dasatinib	binds	MAPK14
Clonidine	binds	ALB
Doxepin	binds	HRH4
Calcium citrate	binds	S100A13
Macitentan	binds	ORM1
Cyanocobalamin	binds	cobU
Aripiprazole	binds	HTR1B
Sodium phosphate, monobasic, unspecified form	binds	SLC20A1
Estradiol cypionate	binds	SLC22A8
Amitriptyline	binds	HTR1D
Orphenadrine	binds	ALB
Oxprenolol	binds	ADRB3
Imatinib	binds	MCL1
Canagliflozin	binds	ABCG2
Calcium citrate	binds	CIB2
Flavin mononucleotide	binds	cmoJ
Estrone	binds	CYP19A1
Flavin adenine dinucleotide	binds	POR
Mepyramine	binds	SLC22A4
Midazolam	binds	ORM1
Tepotinib	binds	ORM1
Metoclopramide	binds	ORM1
Hydromorphone	binds	ALB
Mitotane	binds	ESR1
Midazolam	binds	ALB
Raloxifene	binds	ORM1
Flavin adenine dinucleotide	binds	pheA2
Dextromethorphan	binds	OPRM1
Zinc acetate	binds	MDM2
Aripiprazole	binds	DRD1
Dextrothyroxine	binds	SLCO1B1
Ketamine	binds	OPRD1
Omega-3-carboxylic acids	binds	PCTP
Dasatinib	binds	ABL2
Flavin adenine dinucleotide	binds	DAO
Zinc	binds	ORM2
Zinc acetate	binds	MMP9
Vitamin E	binds	PRKCA
Trifluridine	binds	ALB
Indapamide	binds	KCNQ1
Acetylsalicylic acid	binds	PCNA
Potassium chloride	binds	SLC12A2
Zinc sulfate, unspecified form	binds	APOA1
Zinc acetate	binds	S100A7
Zinc	binds	KRT16
Ivacaftor	binds	ALB
Rifamycin	binds	rpoA
Nafcillin	binds	ALB
Desipramine	binds	ORM1
Nadroparin	binds	SERPINC1
Zinc acetate	binds	MT2A
Iron	binds	FTH1
Sodium phosphate, dibasic	binds	SLC34A2
Zinc acetate	binds	SELENOP
Calcium citrate	binds	NCS1
Prazosin	binds	ADRA2A
Sapropterin	binds	NOS3
Ramelteon	binds	MTNR1A
Acepromazine	binds	ALB
Trimipramine	binds	ADRB1
Terbinafine	binds	ALB
Cabotegravir	binds	ALB
Calcium citrate	binds	CASQ2
Hydroxychloroquine	binds	ALB
Zinc	binds	APOBR
Zinc	binds	PSPH
Calcium citrate	binds	TPT1
Zinc acetate	binds	JCHAIN
Doxylamine	binds	NR1I3
Nabumetone	binds	ALB
Cyanocobalamin	binds	MMUT
Zinc	binds	IGKV3-20
Atorvastatin	binds	ALB
Liothyronine	binds	SLC7A5
Vericiguat	binds	ALB
Belumosudil	binds	ALB
Zinc	binds	CFB
Terfenadine	binds	CHRM4
Fludiazepam	binds	GABRE
Flavin adenine dinucleotide	binds	fccA
Ingenol mebutate	binds	PRKCA
Biotin	binds	MCCC2
Argatroban	binds	ALB
Lefamulin	binds	rplV
Acetylsalicylic acid	binds	CASP1
Butabarbital	binds	ALB
Zinc	binds	SIVA1
Amoxapine	binds	SLC6A3
Thalidomide	binds	ORM1
Vinblastine	binds	TUBD1
Telotristat ethyl	binds	ABCG2
Vandetanib	binds	ORM1
Flavin adenine dinucleotide	binds	ACOX1
Ertugliflozin	binds	ALB
Aripiprazole	binds	HTR1D
Trimipramine	binds	HTR3A
Thiopental	binds	GABRA3
Drotrecogin alfa	binds	F2
Solriamfetol	binds	SLC22A2
Zinc	binds	C1R
Brentuximab vedotin	binds	TNFRSF8
Zinc sulfate, unspecified form	binds	ASPA
Sodium lauryl sulfate	binds	ALB
Zinc	binds	APOA1
Zinc sulfate, unspecified form	binds	FGA
Zinc sulfate, unspecified form	binds	P4HB
Vitamin E	binds	PPP2CA
Clobazam	binds	GABRA1
Astemizole	binds	KCNH1
Aripiprazole	binds	OPRM1
Loxapine	binds	DRD1
Cephalexin	binds	ALB
Zinc	binds	MPG
Alteplase	binds	FGG
Mitotane	binds	SHBG
Vadadustat	binds	HIF1A
Thiothixene	binds	ALB
Eplontersen	binds	TTR
Fenofibric acid	binds	MMP25
Primidone	binds	GABRA6
Irbesartan	binds	JUN
Tafamidis	binds	TTR
Cysteamine	binds	NPY2R
Vonoprazan	binds	ORM1
Potassium chloride	binds	SLC12A5
Capecitabine	binds	CYP2C9
Ascorbic acid	binds	PLOD1
Ferrous ascorbate	binds	TFRC
Glyburide	binds	ALB
Memantine	binds	GRIN1
Adenosine	binds	ALB
Quetiapine	binds	CHRM4
Biotin	binds	PC
Dronedarone	binds	ALB
Chlorpromazine	binds	HRH4
Dexamethasone	binds	NR0B1
Estradiol cypionate	binds	BECN1
Butalbital	binds	GABRA1
Zinc sulfate, unspecified form	binds	FN1
Budesonide	binds	ALB
Testosterone undecanoate	binds	SHBG
Prednisolone phosphate	binds	SERPINA6
Acenocoumarol	binds	ALB
Progesterone	binds	ESR2
Zinc	binds	FGA
Relugolix	binds	ORM1
Ferrous ascorbate	binds	NEIL1
Lacosamide	binds	SCN3A
Hydroxyurea	binds	SLCO1B3
Enoxaparin	binds	SERPINC1
Cannabidiol	binds	GLRA3
Flavin adenine dinucleotide	binds	IL4I1
GW-813893	binds	F2
Zinc	binds	MDM2
Cyanocobalamin	binds	MMAA
Docetaxel	binds	CYP1B1
Ferrous ascorbate	binds	FTH1
Alitretinoin	binds	CYP26C1
Pitolisant	binds	ORM1
Flavin adenine dinucleotide	binds	soxA
Tolmetin	binds	ALB
Olaparib	binds	ALB
Loxapine	binds	HTR1D
Levocarnitine	binds	MPO
Drospirenone	binds	NR3C1
Calcium citrate	binds	S100B
Vanzacaftor	binds	ALB
Levocarnitine	binds	CES1
Quetiapine	binds	CYP3A7
Ferrous gluconate	binds	CP
Ascorbic acid	binds	BBOX1
Chromium nicotinate	binds	CYB5A
Ibritumomab tiuxetan	binds	MS4A1
Zinc	binds	IGKV1-17
Chromium nicotinate	binds	TF
Cholic Acid	binds	NR1H4
Cholic Acid	binds	COX6A2
Zinc	binds	SERPINA4
Amineptine	binds	SLC6A2
Primidone	binds	GABRA4
Ferrous fumarate	binds	NEIL2
Zinc acetate	binds	S100A8
Estradiol acetate	binds	BECN1
Vitamin E	binds	DGKA
Levocetirizine	binds	ALB
Cabergoline	binds	ADRB1
Primidone	binds	GABRA1
Itraconazole	binds	ALB
Iron	binds	POLB
Zinc acetate	binds	C1QB
Lactulose	binds	ebgA
Meclizine	binds	ALB
Memantine	binds	SLC9A1
Fludiazepam	binds	GABRB2
Pramipexole	binds	SLC22A3
Disopyramide	binds	ORM2
Pipotiazine	binds	ALB
Estradiol cypionate	binds	SLCO4A1
Coumarin	binds	CYP2A6
Adenosine	binds	SLC28A3
Diazepam	binds	ALB
Sulopenem etzadroxil	binds	mrdA
Enalapril	binds	ALB
Tenofovir alafenamide	binds	ALB
Zinc	binds	MMP9
Zinc acetate	binds	IGLV3-21
Maprotiline	binds	HTR2A
Zinc	binds	INS
Sulfamethizole	binds	ALB
Zinc	binds	ITIH1
Zinc	binds	APCS
Flavin adenine dinucleotide	binds	GCDH
Prednisolone acetate	binds	SERPINA6
Zinc acetate	binds	F12
Loxapine	binds	ADRA2C
Zinc	binds	C5
Sodium phosphate, monobasic, unspecified form	binds	SLC20A2
Zinc sulfate, unspecified form	binds	MPG
Midazolam	binds	GABRA1
Loxapine	binds	CHRM3
Flecainide	binds	ALB
Sertraline	binds	SLC6A2
Atropine	binds	ORM1
Simeprevir	binds	ALB
Selumetinib	binds	ALB
Zinc	binds	SOD1
Captopril	binds	ALB
Amitriptyline	binds	ORM1
Zinc	binds	SHBG
Dutasteride	binds	ORM1
Protein S human	binds	PROC
Zinc sulfate, unspecified form	binds	GAPDHS
Valproic acid	binds	ALB
Fosphenytoin	binds	ALB
Zinc acetate	binds	HDAC4
Oxyphenbutazone	binds	ALB
Zinc	binds	APLP1
Olsalazine	binds	SLC22A6
Lercanidipine	binds	CACNA2D1
Sulopenem etzadroxil	binds	dacC
Zinc	binds	S100A8
Mecasermin	binds	IGFBP3
Mecasermin	binds	IGFBP1
Pseudoephedrine	binds	DRD2
Aripiprazole	binds	CHRM4
Flavin adenine dinucleotide	binds	thyX
Ferrous ascorbate	binds	NEIL2
Lacosamide	binds	SCN10A
Vitamin E	binds	SEC14L3
Zolmitriptan	binds	ABCB1
Sodium phosphate, dibasic	binds	SLC20A1
Loxapine	binds	HTR3A
Sapropterin	binds	TH
Carbinoxamine	binds	ORM1
Zinc acetate	binds	IDE
Nortriptyline	binds	ALB
Progesterone	binds	SHBG
Nintedanib	binds	ABCG2
Zinc acetate	binds	IGHM
Estradiol acetate	binds	NCOA2
Drotrecogin alfa	binds	THBD
Zinc sulfate, unspecified form	binds	APP
Binimetinib	binds	ALB
Pemetrexed	binds	ABCC5
Mecasermin	binds	IGFBP4
Cholic Acid	binds	GPBAR1
Reserpine	binds	BIRC5
Diazepam	binds	GABRA1
Gliclazide	binds	ABCC8
Estradiol cypionate	binds	SHBG
Cloxacillin	binds	ALB
Rosuvastatin	binds	SLC10A1
Pretomanid	binds	inhA
Glasdegib	binds	ALB
Zinc acetate	binds	APOE
Zinc	binds	C1S
Levocarnitine	binds	SLC22A5
Zinc acetate	binds	C8G
Cortisone acetate	binds	ALB
Vadadustat	binds	EPAS1
Cocarboxylase	binds	mdlC
Methylprednisolone	binds	HSD11B1
Metoprolol	binds	ALB
Thiopental	binds	GABRA5
Primaquine	binds	KRT7
Doxepin	binds	HTR6
Zinc acetate	binds	SHBG
Zinc sulfate, unspecified form	binds	CPE
Estetrol	binds	ESR1
Conjugated estrogens	binds	ALB
Estradiol cypionate	binds	FABP2
Tetraferric tricitrate decahydrate	binds	ITGB3
Vitamin E	binds	ALOX5
Zinc acetate	binds	A1BG
Estradiol acetate	binds	ALB
Cholic Acid	binds	COX5A
Maribavir	binds	ALB
Pretomanid	binds	fas
Oxyphenbutazone	binds	PLA2G2E
Flavin adenine dinucleotide	binds	ACADS
Oxytetracycline	binds	ALB
Flavin mononucleotide	binds	nrdI
Didanosine	binds	ALB
Midodrine	binds	SLC15A1
Cisplatin	binds	A2M
Ticagrelor	binds	ALB
Alitretinoin	binds	PSG5
Zinc acetate	binds	KRT10
Lumefantrine	binds	ATP1A1
Fenofibric acid	binds	PPARD
Flavin adenine dinucleotide	binds	nadB
Niraparib	binds	ALB
Flavin adenine dinucleotide	binds	npr
Ciprofloxacin	binds	ALB
Aripiprazole	binds	OPRD1
Zinc acetate	binds	PARP1
Labetalol	binds	ABCB5
Meperidine	binds	CES1
Levocarnitine	binds	XDH
Propranolol	binds	ALB
Amitriptyline	binds	HRH4
Glycopyrronium	binds	ORM1
Fentanyl	binds	ORM1
Cholic Acid	binds	COX7A1
Chlorpropamide	binds	KCNJ10
Estradiol valerate	binds	SLCO4A1
Flavin adenine dinucleotide	binds	fkbI
Trimetazidine	binds	ALB
Cyanocobalamin	binds	MMACHC
Olanzapine	binds	ORM1
Rifampin	binds	ORM1
Zinc acetate	binds	ITIH4
Thioproperazine	binds	ALB
Escitalopram	binds	SLC6A4
Amoxapine	binds	HRH4
Fludiazepam	binds	GABRG2
Amobarbital	binds	GABRA1
Galcanezumab	binds	CALCB
Furosemide	binds	SERPINA7
Zinc sulfate, unspecified form	binds	TF
Zinc	binds	APOA4
Zinc sulfate, unspecified form	binds	HDAC8
Zinc acetate	binds	TTR
Solriamfetol	binds	SLC6A3
Zinc acetate	binds	PGLYRP2
Clobazam	binds	ALB
Oxybutynin	binds	ALB
Maprotiline	binds	HTR2C
Cefotetan	binds	ALB
Zinc acetate	binds	C1R
Ferrous gluconate	binds	NEIL2
Quetiapine	binds	HTR3A
Zinc acetate	binds	IGKV1-17
Lacosamide	binds	SCN9A
Acetylsalicylic acid	binds	TNFAIP6
Apomorphine	binds	ALB
Diclofenac	binds	TTR
Flavin mononucleotide	binds	azr
Zinc sulfate, unspecified form	binds	SIVA1
Sodium phosphate, dibasic	binds	SLC20A2
Zinc sulfate, unspecified form	binds	MMP9
Prazepam	binds	GABRA1
Zinc	binds	APOL1
Zinc	binds	HRNR
Zinc	binds	KLKB1
Flavin adenine dinucleotide	binds	xecC
Bedaquiline	binds	ALB
Zinc sulfate, unspecified form	binds	PGLYRP2
Ascorbic acid	binds	P3H2
Mecasermin rinfabate	binds	INSR
Darolutamide	binds	ALB
Sepiapterin	binds	PAH
Zinc acetate	binds	CLU
Estradiol valerate	binds	SLC22A8
Acyclovir	binds	ALB
Methotrexate	binds	ALB
Ascorbic acid	binds	P3H1
Voclosporin	binds	CAMLG
Cholic Acid	binds	MT-CO2
Cabazitaxel	binds	VLDLR
Zinc sulfate, unspecified form	binds	CPN1
Prednisolone acetate	binds	ALB
Warfarin	binds	ALB
Mirabegron	binds	ORM1
Ascorbic acid	binds	EGLN3
Tamoxifen	binds	ESRRG
Osimertinib	binds	EGFR
Esketamine	binds	NTRK2
Mycophenolic acid	binds	ALB
Zinc acetate	binds	MT3
Dextrothyroxine	binds	SLCO4A1
Flavin adenine dinucleotide	binds	m-6
Probenecid	binds	ALB
Memantine	binds	SLC47A1
Quinidine	binds	ORM1
Zinc	binds	ESR1
Zinc acetate	binds	IGHA1
Zinc sulfate, unspecified form	binds	PZP
Flavin adenine dinucleotide	binds	GFER
Acetylsalicylic acid	binds	HSPA5
Estradiol acetate	binds	SHBG
Quinidine	binds	ALB
Zinc acetate	binds	GAPDHS
Ferrous gluconate	binds	TF
Tretinoin	binds	PDK4
Ketoconazole	binds	AR
Aripiprazole	binds	OPRK1
Terfenadine	binds	ORM1
Lutein	binds	ALB
Cholic Acid	binds	FABP6
Aripiprazole	binds	ADRA2B
Cocarboxylase	binds	aceE
Valproic acid	binds	CD274
Ethinylestradiol	binds	UGT1A3
Terfenadine	binds	CHRM1
Diosmin	binds	SLCO1B3
Phenoxymethylpenicillin	binds	SLC15A1
Chlorambucil	binds	SLCO1A2
Flavin adenine dinucleotide	binds	pamO
Loxapine	binds	CHRM1
Nifurtimox	binds	ALB
Amobarbital	binds	GABRA5
Ferrous ascorbate	binds	FXN
Sodium bicarbonate	binds	KCND3
Estazolam	binds	GABRA1
Cocarboxylase	binds	ipdC
Canakinumab	binds	IL1B
Aripiprazole	binds	GRIN1
Zinc	binds	DAND5
Calcium citrate	binds	S100A16
Zinc	binds	JUP
Nirogacestat	binds	ALB
Benzatropine	binds	ALB
Estradiol acetate	binds	NR1I2
Flavin mononucleotide	binds	fadH
Vitamin E	binds	SEC14L4
Indomethacin	binds	ALB
Gemfibrozil	binds	ALB
Alitretinoin	binds	IGFBP3
Ardeparin	binds	SERPINC1
Nortriptyline	binds	HTR2C
Zinc acetate	binds	KRT1
Zidovudine	binds	FLT3
Zinc	binds	MGMT
Lithium carbonate	binds	IMPA2
Calcium citrate	binds	NUCB2
Calcium citrate	binds	GCA
Chloroquine	binds	ALB
Zinc sulfate, unspecified form	binds	S100A2
Estrone	binds	SHBG
Loxapine	binds	DRD5
Butalbital	binds	GABRA2
Fludiazepam	binds	GABRP
Estrone	binds	ALB
Amphetamine	binds	DRD2
Propranolol	binds	HTR1B
Istradefylline	binds	ORM1
Cholic Acid	binds	FABP1
Ubidecarenone	binds	NDUFV3
Flavin mononucleotide	binds	morB
Flavin adenine dinucleotide	binds	petH
Zinc	binds	HBB
Flavin adenine dinucleotide	binds	fadH
Olanzapine	binds	ALB
Dextrothyroxine	binds	SLC7A5
Ferrous gluconate	binds	NEIL1
Drotrecogin alfa	binds	PF4
Rifabutin	binds	HSP90B1
Ziprasidone	binds	CHRNA7
Estradiol valerate	binds	ESRRG
Astemizole	binds	MAPT
Memantine	binds	GABRA1
Desipramine	binds	ADRA2A
Cefoperazone	binds	ALB
Iron	binds	EGLN1
Felodipine	binds	CALM1
Acetaminophen	binds	ALB
Ferrous gluconate	binds	FEN1
Cyanocobalamin	binds	MTRR
Zinc	binds	EEF1A1
Vitamin E	binds	PPP2CB
Ubidecarenone	binds	SDHA
Atomoxetine	binds	ORM1
Desipramine	binds	DRD2
Ferrous fumarate	binds	EGLN1
Moxidectin	binds	GluClX
Estradiol acetate	binds	CHRNA4
Secobarbital	binds	GABRA3
Calcium citrate	binds	FBN2
Flavin mononucleotide	binds	roo
Probucol	binds	CES1
Cholic Acid	binds	COX6C
Loxapine	binds	CHRM5
Zinc acetate	binds	GSN
Zalcitabine	binds	ALB
Primidone	binds	GABRA2
Lansoprazole	binds	SLC22A3
Zinc sulfate, unspecified form	binds	PRDX1
Tropisetron	binds	ERBB2
Nicardipine	binds	CALM1
Abciximab	binds	FCGR2B
Butalbital	binds	GABRA6
Dasatinib	binds	HSPA8
Losartan	binds	EPOR
Prednisolone phosphate	binds	ANXA1
Hydroxyurea	binds	ALB
Zinc	binds	PGLYRP2
Repaglinide	binds	ABCC9
Loxapine	binds	HTR1A
Flavin mononucleotide	binds	fldA
Zinc acetate	binds	PRDX1
Zinc sulfate, unspecified form	binds	JCHAIN
Cholic Acid	binds	COX5B
Stavudine	binds	SLC28A1
Vericiguat	binds	GUCY1B1
Diamorphine	binds	CES1
Zinc sulfate, unspecified form	binds	PARP1
Zinc	binds	KRT9
Istradefylline	binds	ALB
Zinc	binds	HDAC1
Ferrous fumarate	binds	HDAC8
Amitriptyline	binds	KCNH2
Lovastatin	binds	SLCO2B1
Flavin adenine dinucleotide	binds	hmp
Zidovudine	binds	SLC22A2
Vandetanib	binds	ALB
Methadone	binds	ORM1
Remimazolam	binds	ALB
Guanfacine	binds	ADRA2B
Quetiapine	binds	HTR7
Zidovudine	binds	SLC29A2
Amiodarone	binds	ADRB1
Flavin mononucleotide	binds	frp
Fludiazepam	binds	GABRB1
Dexamethasone	binds	ALB
Lithium carbonate	binds	SCNN1A
Artemether	binds	ATP1A1
Ascorbic acid	binds	OGFOD2
Meperidine	binds	ALB
Zinc acetate	binds	ASPA
Zinc sulfate, unspecified form	binds	MT1A
Estradiol acetate	binds	GPER1
Zinc acetate	binds	VTN
Interferon alfa-2a	binds	IFNAR1
Doxepin	binds	ORM1
Heparin	binds	FGFR4
Calcium citrate	binds	NUCB1
Zinc acetate	binds	AGT
Propranolol	binds	HTR1A
Ibrexafungerp	binds	ALB
Zinc acetate	binds	SIVA1
Ascorbic acid	binds	PLOD3
Zinc sulfate, unspecified form	binds	SEMG1
Ergotamine	binds	ADRA2C
Didanosine	binds	SLC29A2
Insulin degludec	binds	ALB
Tinzaparin	binds	SERPINC1
Doxepin	binds	ALB
Cyproterone acetate	binds	KLK3
Flurazepam	binds	GABRA1
Zinc	binds	KRT1
Vismodegib	binds	ALB
Dyclonine	binds	SCN5A
Zinc acetate	binds	GLRA1
Meprobamate	binds	PRKCE
Sulopenem etzadroxil	binds	dacA
Felodipine	binds	TNNC2
Relugolix	binds	CYP2B6
Zinc acetate	binds	F2
Fludiazepam	binds	GABRR2
Desipramine	binds	HTR2C
Zinc acetate	binds	CPE
Nilvadipine	binds	CACNA1C
Zinc acetate	binds	ORM2
Sodium phosphate, dibasic	binds	SLC34A3
Lithium carbonate	binds	GSK3B
Quetiapine	binds	CHRM5
Sapropterin	binds	TPH1
Ferrous ascorbate	binds	FEN1
Zinc acetate	binds	C1S
Ripretinib	binds	ALB
Zinc acetate	binds	SERPINA6
Argatroban	binds	ORM1
Zinc	binds	HPR
Raloxifene	binds	ALB
Saquinavir	binds	ORM1
Apalutamide	binds	ALB
Flavin mononucleotide	binds	onr
Ketazolam	binds	ALB
Felodipine	binds	TNNC1
Sapropterin	binds	PAH
Bromazepam	binds	GABRA1
Mecasermin	binds	IGF1
Zinc	binds	MT1A
Heparin	binds	SERPINC1
Alfacalcidol	binds	RXRA
Tamsulosin	binds	ORM1
Zinc	binds	TP53
Iron	binds	HDAC8
Mitotane	binds	SERPINA6
Flavin mononucleotide	binds	nfsA
Loxapine	binds	HTR7
Tinzaparin	binds	CXCL12
Iron	binds	AHSP
Cocarboxylase	binds	budB
Crizotinib	binds	ORM1
Isoniazid	binds	inhA
Flavin adenine dinucleotide	binds	putA
Ferric cation	binds	CALR
Amoxicillin	binds	ALB
Flavin adenine dinucleotide	binds	mrsD
Sirolimus	binds	ALB
Estradiol valerate	binds	BECN1
Topiramate	binds	ALB
Chlordiazepoxide	binds	GABRA1
Zinc acetate	binds	EEF1A1
Amitriptyline	binds	HTR1B
Etonogestrel	binds	ALB
Ferulic acid	binds	xynZ
Zinc	binds	SERPINA6
Zinc sulfate, unspecified form	binds	PSPH
Ketazolam	binds	GABRA1
Mecasermin	binds	IGFBP5
Zinc sulfate, unspecified form	binds	SELENOP
Cabazitaxel	binds	GPIHBP1
Ascorbic acid	binds	KDM5D
Zinc	binds	APOE
Ethinylestradiol	binds	ALB
Flavin adenine dinucleotide	binds	CYB5R3
Vitamin E	binds	PLTP
Chlorcyclizine	binds	ALB
Thiothixene	binds	SLC22A1
Zinc	binds	MT3
Alprazolam	binds	GABRA1
Cholic Acid	binds	COX7B
Zopiclone	binds	GABRA3
Zinc	binds	ASPA
Zinc	binds	IGHM
Doxycycline	binds	ALB
Zinc acetate	binds	C1QC
Galcanezumab	binds	CALCA
Fludiazepam	binds	GABRD
Prednisolone phosphate	binds	ALB
Nevirapine	binds	ALB
Oxazepam	binds	GABRA1
Piroxicam	binds	ALB
Octreotide	binds	ALB
Ibuprofen	binds	ALB
Nateglinide	binds	ALB
Naloxone	binds	CES1
Cyclosporine	binds	PPIF
Calcium citrate	binds	S100A6
Ferrous ascorbate	binds	HDAC8
Alprazolam	binds	ORM1
Lamotrigine	binds	SCN11A
Calcium citrate	binds	CALR3
Rilpivirine	binds	ALB
Secobarbital	binds	GABRA5
Zinc acetate	binds	TP53
Quinapril	binds	ALB
Zinc acetate	binds	HDAC8
Montelukast	binds	ALOX5
Zinc acetate	binds	MGMT
Paroxetine	binds	DRD1
Stavudine	binds	ALB
Abiraterone	binds	ALB
Clorazepic acid	binds	GABRA1
Flavin mononucleotide	binds	aroC
Estradiol acetate	binds	SLC22A8
Niacin	binds	QPRT
Flavin mononucleotide	binds	RPS6KA4
Acetohexamide	binds	ALB
Etodolac	binds	RXRA
Rosuvastatin	binds	SLCO1B3
Pregabalin	binds	SLC1A1
Cyanocobalamin	binds	ABCC1
Abrocitinib	binds	ALB
Pemetrexed	binds	ALB
Ferrous ascorbate	binds	EGLN1
Vortioxetine	binds	SLC6A2
Loxapine	binds	HRH1
Levocarnitine	binds	SLC25A20
Zinc acetate	binds	UTRN
Exenatide	binds	ALB
Cabergoline	binds	ADRA1A
Brigatinib	binds	INSR
Lithium citrate	binds	IMPA1
Quetiapine	binds	HTR1B
Zinc sulfate, unspecified form	binds	ESR1
Zopiclone	binds	GABRA5
Trimipramine	binds	DRD1
Zinc	binds	SEMG1
Magnesium	binds	TRPM6
Estrone	binds	AR
Quetiapine	binds	DRD5
Ascorbic acid	binds	EGLN1
Etacrynic acid	binds	LEF1
Zinc acetate	binds	C3
Zinc acetate	binds	IL3
Clozapine	binds	SLC22A2
Zinc acetate	binds	INS
Estradiol acetate	binds	FABP2
Zinc acetate	binds	HDAC1
Fludiazepam	binds	GABRG3
Flavin adenine dinucleotide	binds	FDXR
Quetiapine	binds	DRD3
Magnesium	binds	SLC41A1
Aripiprazole	binds	ABCG2
Chloramphenicol	binds	CD55
Flavin adenine dinucleotide	binds	phrB
Enasidenib	binds	ALB
Clozapine	binds	DRD5
Aprocitentan	binds	ALB
Zinc	binds	TTR
Glycopyrronium	binds	ALB
Methionine	binds	BHMT
Lorazepam	binds	GABRA1
Levothyroxine	binds	ALB
Loxapine	binds	ADRA2B
Zinc acetate	binds	SERPINA1
Estradiol valerate	binds	SHBG
Zinc	binds	C8A
Phenytoin	binds	ALB
Warfarin	binds	ORM1
Azilsartan medoxomil	binds	ALB
Promethazine	binds	ALB
Flavin mononucleotide	binds	SGK1
Dabrafenib	binds	ALB
Ascorbic acid	binds	PLOD2
Zinc	binds	FCN3
Zinc acetate	binds	ADH1C
Phenylpropanolamine	binds	ADRA2A
Quetiapine	binds	DRD4
Estradiol valerate	binds	FABP2
Mipomersen	binds	APOB
Meloxicam	binds	ABCC4
Quetiapine	binds	HTR1E
Zinc acetate	binds	KLKB1
Loxapine	binds	SLC6A4
Flavin adenine dinucleotide	binds	fpr
Lithium carbonate	binds	SCNN1G
Zinc acetate	binds	C4BPA
Dasatinib	binds	FRK
Calcium citrate	binds	PEF1
Calcium citrate	binds	CIB1
Flavin mononucleotide	binds	epiD
Telbivudine	binds	P
Zinc sulfate, unspecified form	binds	S100A9
Meperidine	binds	SLC6A4
Valproic acid	binds	CDKN1A
Sodium phosphate, dibasic	binds	SLC34A1
Lithium citrate	binds	GSK3B
Estradiol acetate	binds	SLCO1C1
Calcium citrate	binds	RGN
Zinc	binds	KNG1
Primidone	binds	GABRA5
Cisplatin	binds	MPG
Prednisolone	binds	SERPINA6
Phenindamine	binds	ALB
Edaravone	binds	ALB
Budesonide	binds	SERPINA6
Flavin adenine dinucleotide	binds	ifcA
Spironolactone	binds	ALB
Chloroquine	binds	ORM1
Methotrexate	binds	SLCO4C1
Zinc acetate	binds	A2M
Glipizide	binds	ALB
Selumetinib	binds	ORM1
Diltiazem	binds	CACNG1
Promazine	binds	CHRM5
Ketamine	binds	OPRM1
Pretomanid	binds	efpA
Ascorbic acid	binds	EGLN2
Zinc sulfate, unspecified form	binds	S100A7
Letrozole	binds	ALB
Vitamin E	binds	SEC14L2
Calcium citrate	binds	CASQ1
Cannabidiol	binds	GPX1
Vinorelbine	binds	BCL2
Vortioxetine	binds	ADRB1
Lansoprazole	binds	SLC22A2
Potassium chloride	binds	SLC12A7
Zinc sulfate, unspecified form	binds	HDAC1
Levocarnitine	binds	CROT
Omega-3-carboxylic acids	binds	ECHS1
Verapamil	binds	SLC6A4
Desipramine	binds	CYP1A2
(R)-warfarin	binds	ALB
Flurbiprofen	binds	ALB
Maprotiline	binds	DRD2
Nitrazepam	binds	SCN1A
Zinc sulfate, unspecified form	binds	TP53
Glimepiride	binds	ABCC9
Polatuzumab vedotin	binds	CD79B
Abciximab	binds	VTN
Sirolimus	binds	SLC47A1
Dasatinib	binds	MAP3K20
Biotin	binds	PCCB
Isoniazid	binds	folA
Isoniazid	binds	ALB
Pirfenidone	binds	ALB
Flecainide	binds	ORM1
Zinc acetate	binds	SOD1
Aripiprazole	binds	ADRB1
Trimipramine	binds	CHRM1
Progesterone	binds	ORM1
Zinc	binds	KRT14
Aripiprazole	binds	CHRM2
Medroxyprogesterone acetate	binds	ALB
Ethinylestradiol	binds	SHBG
Estradiol cypionate	binds	SLCO1B3
Ferrous ascorbate	binds	AHSP
Dextroamphetamine	binds	SLC6A3
Omega-3-carboxylic acids	binds	PEBP1
Zaleplon	binds	GABRA1
Cenobamate	binds	ALB
Dutasteride	binds	Slc18a2
Zinc	binds	IL3
Zinc sulfate, unspecified form	binds	HP
Zidovudine	binds	ALB
Flavin adenine dinucleotide	binds	benC
Zinc acetate	binds	CPN2
Zinc	binds	C8G
Drotrecogin alfa	binds	PROS1
Fostemsavir	binds	ALB
Naproxen	binds	ALB
Zinc	binds	C1QC
Naproxen	binds	pab
Zinc sulfate, unspecified form	binds	APOB
Zinc	binds	C3
Paroxetine	binds	ADRA2A
Prazosin	binds	ADRA2B
Pimavanserin	binds	SIGMAR1
Periciazine	binds	AR
Riluzole	binds	SCN11A
Dolutegravir	binds	ALB
Aripiprazole	binds	HRH2
Zinc sulfate, unspecified form	binds	MT2A
Amitriptyline	binds	HRH2
Ferrous gluconate	binds	EGLN1
Nortriptyline	binds	PGRMC1
Vinblastine	binds	JUN
Flavin mononucleotide	binds	nox
Zinc acetate	binds	KRT9
Ziftomenib	binds	ALB
Tretinoin	binds	CRABP1
Imipramine	binds	ALB
Iron	binds	FXN
Saquinavir	binds	ALB
Naloxone	binds	ALB
Phenprocoumon	binds	ALB
Cladribine	binds	SLC29A1
Praziquantel	binds	ALB
Sildenafil	binds	CD274
Zinc acetate	binds	CFH
Methyldopa	binds	ALB
Cisplatin	binds	ALB
Zinc	binds	HDAC4
Magnesium	binds	ALB
Lumacaftor	binds	ALB
Clozapine	binds	GSTP1
Iron	binds	CP
Diltiazem	binds	CACNA2D1
Solriamfetol	binds	SLC22A4
Meclofenamic acid	binds	KCNQ2
Remimazolam	binds	GABRA1
Olaparib	binds	ORM1
Trimipramine	binds	ADRA2B
Liothyronine	binds	ALB
Bedaquiline	binds	ORM1
Methionine	binds	MTRR
Flavin adenine dinucleotide	binds	murB
Zinc	binds	S100A7
Cannabidiol	binds	HMGCR
Irbesartan	binds	ALB
Aripiprazole	binds	HTR1E
Flavin adenine dinucleotide	binds	trxB
Abemaciclib	binds	ORM1
Atazanavir	binds	ALB
Lithium carbonate	binds	SCNN1B
Calcium citrate	binds	CAPS
Hydralazine	binds	ALB
Testosterone undecanoate	binds	ALB
Diosmin	binds	ALB
Sertraline	binds	ALB
Tolazamide	binds	KCNJ10
Zinc sulfate, unspecified form	binds	SERPINA1
Zinc sulfate, unspecified form	binds	CA2
Buspirone	binds	ORM1
Amifampridine	binds	KCNA1
Sodium bicarbonate	binds	CACNA1H
Imipramine	binds	DRD2
Octreotide	binds	SSTR2
Zinc acetate	binds	PDCD6
Flavin adenine dinucleotide	binds	ACAD8
Clozapine	binds	ALB
Zinc	binds	TPI1
Ripretinib	binds	ORM1
Iloprost	binds	PLAT
Asenapine	binds	ORM1
Pipotiazine	binds	SLC22A1
Zinc sulfate, unspecified form	binds	HPX
Ferrous gluconate	binds	AHSP
Zinc acetate	binds	KRT5
Raloxifene	binds	TFF1
Opium	binds	ALB
Suzetrigine	binds	SCN10A
Aripiprazole	binds	CHRM5
Aripiprazole	binds	HTR5A
Zinc acetate	binds	AHSG
Zinc	binds	GSN
Procainamide	binds	DNMT1
Vitamin E	binds	TTPA
Colchicine	binds	ALB
Magnesium	binds	CLDN16
Aripiprazole	binds	HRH3
Roxadustat	binds	ALB
Risperidone	binds	ALB
Zinc sulfate, unspecified form	binds	HRG
Levocarnitine	binds	CRAT
Gatifloxacin	binds	ALB
Zinc	binds	AHSG
Levodopa	binds	SLC7A8
Flavin adenine dinucleotide	binds	lpdA
Zinc sulfate, unspecified form	binds	MGMT
Iloprost	binds	ALB
Dutasteride	binds	Slc6a3
Deutivacaftor	binds	ALB
Flavin adenine dinucleotide	binds	DLD
Zinc	binds	GLRA1
Duloxetine	binds	ALB
Zinc	binds	SERPINA3
Acalabrutinib	binds	ALB
Pretomanid	binds	lsr2
Ferrous gluconate	binds	POLB
Pindolol	binds	ORM1
Zinc acetate	binds	MPG
Magnesium	binds	MRS2
Zinc sulfate, unspecified form	binds	IDE
Cysteamine	binds	SST
Cocarboxylase	binds	ceaS
Nifedipine	binds	ALB
Flunitrazepam	binds	GABRA1
Sirolimus	binds	APOA1
Disopyramide	binds	ORM1
Lansoprazole	binds	SLC22A1
Cocarboxylase	binds	tktA
Dabigatran etexilate	binds	ALB
Levocarnitine	binds	CPT2
Aripiprazole	binds	HRH4
Imipramine	binds	HTR6
Zinc acetate	binds	C4BPB
Zinc	binds	APOA2
Etodolac	binds	ALB
Zinc	binds	FN1
Zinc	binds	KRT10
Cloxazolam	binds	GABRA1
Prednisolone	binds	ALB
Estradiol cypionate	binds	SLCO1C1
Cholic Acid	binds	ESRRG
Acetylsalicylic acid	binds	CCND1
Zinc acetate	binds	BDKRB1
Zinc acetate	binds	FN1
Buspirone	binds	ALB
Sodium phosphate, monobasic, unspecified form	binds	SLC34A3
Loxapine	binds	ADRB1
Zinc	binds	C4B
Loxapine	binds	HTR5A
Lithium citrate	binds	IMPA2
Clobazam	binds	UGT1A1
Amobarbital	binds	GABRA6
Flavin mononucleotide	binds	pyrD
Mecasermin rinfabate	binds	IGF2R
Flavin mononucleotide	binds	RFK
Glyburide	binds	ABCC8
Oxycodone	binds	ALB
Estradiol valerate	binds	SLCO1B3
Risperidone	binds	ORM1
Ivacaftor	binds	CFTR
Palbociclib	binds	ALB
Ascorbic acid	binds	P3H3
Loxapine	binds	DRD4
Zinc	binds	KRT5
Estradiol acetate	binds	HSD17B2
Zinc	binds	P4HB
Meclofenamic acid	binds	KCNQ3
Secobarbital	binds	GABRA1
Flavin mononucleotide	binds	POR
Clofazimine	binds	ALB
Imatinib	binds	ALB
Zinc sulfate, unspecified form	binds	ORM2
Zinc acetate	binds	APLP2
Lithium carbonate	binds	GRIA3
Valganciclovir	binds	SLC15A1
Diosmin	binds	SLCO2B1
Zopiclone	binds	GABRA2
Flavin adenine dinucleotide	binds	MAOB
Levocarnitine	binds	SLC22A4
Zinc sulfate, unspecified form	binds	ALB
Alfacalcidol	binds	CYP27B1
Zinc	binds	C4BPA
Flavin adenine dinucleotide	binds	camA
Selumetinib	binds	UGT1A3
Alteplase	binds	SERPINE1
Cholic Acid	binds	COX8A
Polythiazide	binds	ALB
Loxapine	binds	ADRA2A
Ibuprofen	binds	FABP2
Hydroflumethiazide	binds	ALB
Ketoconazole	binds	ALB
Terfenadine	binds	CHRM2
Zinc	binds	AGT
Methionine	binds	METAP2
Flavin mononucleotide	binds	HAO1
Zinc acetate	binds	ITIH3
Zinc sulfate, unspecified form	binds	ITIH2
Vonoprazan	binds	ALB
Tetraferric tricitrate decahydrate	binds	TFRC
Cinolazepam	binds	GABRA1
Ferric cation	binds	fhuD
Digitoxin	binds	ALB
Atorvastatin	binds	NR1I3
Dextrothyroxine	binds	SLCO1C1
Amlodipine	binds	CACNA2D1
Relugolix	binds	ALB
Memantine	binds	SLC22A4
Rosuvastatin	binds	SLCO1A2
Zinc sulfate, unspecified form	binds	ADH1C
Carvedilol	binds	GJA1
Zinc sulfate, unspecified form	binds	CFH
Diltiazem	binds	ALB
Zinc sulfate, unspecified form	binds	ITIH1
Protirelin	binds	TRHR
Zinc	binds	ALDOA
Brivaracetam	binds	SV2A
Propranolol	binds	ORM1
Didanosine	binds	SLC29A1
Zinc	binds	MT2A
Vitamin D	binds	GC
Flavin adenine dinucleotide	binds	NDUFA9
Zinc	binds	F13B
Hydroxyzine	binds	ALB
Zinc acetate	binds	HRNR
Zinc sulfate, unspecified form	binds	TUFM
Vitamin E	binds	PRKCB
Ezogabine	binds	KCNQ5
Dacarbazine	binds	POLA2
Dacomitinib	binds	ALB
Zinc acetate	binds	KRT16
Cyanocobalamin	binds	LRP2
Obeticholic acid	binds	CYP1A2
Ezogabine	binds	KCNQ2
Abemaciclib	binds	ALB
Sufentanil	binds	OPRK1
Diltiazem	binds	ORM1
Ascorbic acid	binds	PHYH
Potassium chloride	binds	SLC12A6
Phenylbutyric acid	binds	tyrB
Rifampin	binds	ALB
Zinc acetate	binds	MT1A
Iron	binds	FEN1
Vitamin E	binds	NR1I2
Liraglutide	binds	ALB
Amitriptyline	binds	OPRM1
Zinc	binds	NME1
Zinc	binds	APLP2
Flavin adenine dinucleotide	binds	CYB5R1
Hydroxychloroquine	binds	ORM1
Terbinafine	binds	ORM1
Sulfadoxine	binds	folP
Estradiol acetate	binds	SLCO1B3
Zinc sulfate, unspecified form	binds	C5
Pexidartinib	binds	ALB
Zinc	binds	CPN2
Loxapine	binds	SLC6A2
Zinc	binds	PRDX1
Zalcitabine	binds	SLC29A2
Estrone sulfate	binds	ALB
Zinc acetate	binds	CP
Teriparatide	binds	PTH1R
Hydrochlorothiazide	binds	ALB
Ferrous fumarate	binds	FEN1
Cisplatin	binds	ATOX1
Methysergide	binds	HTR1F
Atomoxetine	binds	ALB
Meperidine	binds	ORM1
Oxazepam	binds	ALB
Zinc sulfate, unspecified form	binds	CP
Calcium citrate	binds	FBN3
Furosemide	binds	ALB
Flavin adenine dinucleotide	binds	ahpF
Loxapine	binds	ADRA1A
Liotrix	binds	TTR
Ivermectin	binds	glc-2
Encorafenib	binds	ALB
Tepotinib	binds	ALB
Cannabidiol	binds	AANAT
Ferrous fumarate	binds	HBA1
Ferrous ascorbate	binds	POLB
Zinc sulfate, unspecified form	binds	PDIA3
Adefovir dipivoxil	binds	P
Quizartinib	binds	ALB
Atomoxetine	binds	GRIN1
Sulopenem etzadroxil	binds	dacB
Sulopenem etzadroxil	binds	ftsI
Ritlecitinib	binds	GSTM1
Estradiol cypionate	binds	ALB
Zalcitabine	binds	SLC29A1
Paroxetine	binds	ADRA1A
Ascorbic acid	binds	P4HTM
Acetylsalicylic acid	binds	CASP3
Zinc	binds	F12
Sulodexide	binds	SERPINC1
Pexidartinib	binds	ORM1
Zinc sulfate, unspecified form	binds	INS
Cortisone acetate	binds	SERPINA6
Reteplase	binds	SERPINE1
Zidovudine	binds	SLC22A11
Chlorthalidone	binds	ALB
Flavin mononucleotide	binds	NOS1
Methoxsalen	binds	CYP2A6
Esomeprazole	binds	DDAH1
Zidovudine	binds	SLC28A1
Amitriptyline	binds	CHRM1
Acalabrutinib	binds	ORM1
Tolazamide	binds	ABCC8
Pemetrexed	binds	ABCG2
Cannabidiol	binds	CRYZ
Prednisone	binds	SERPINA6
Zinc acetate	binds	KNG1
Clozapine	binds	ORM1
Zinc acetate	binds	APOL1
Ivacaftor	binds	ORM1
Methysergide	binds	HTR1E
Macitentan	binds	ALB
Estrone sulfate	binds	SHBG
Azathioprine	binds	ALB
Iron	binds	TFRC
Atrasentan	binds	ALB
Norgestimate	binds	SHBG
Zinc	binds	CCS
Zinc	binds	TP73
Aripiprazole	binds	DRD5
Flavin adenine dinucleotide	binds	pox5
Zinc acetate	binds	APP
Ergotamine	binds	HTR2B
Dimethyl fumarate	binds	KEAP1
Ferrous fumarate	binds	AHSP
Doxercalciferol	binds	VDR
Ferulic acid	binds	xynY
Fludiazepam	binds	GABRA1
Zinc acetate	binds	KRT14
Flavin mononucleotide	binds	isiB
Loxapine	binds	CHRM2
Tetracycline	binds	ALB
Methadone	binds	ALB
Glycopyrronium	binds	CYP2C9
Flavin mononucleotide	binds	tmd
Tetraferric tricitrate decahydrate	binds	CALR
Duloxetine	binds	ORM1
Raloxifene	binds	SERPINB9
Butalbital	binds	GABRA3
Nafamostat	binds	TNF
Tibolone	binds	ALB
Ingenol mebutate	binds	PRKCD
Etonogestrel	binds	SHBG
Zinc	binds	TF
Mecasermin	binds	IGFBP2
Dicoumarol	binds	ALB
Zinc sulfate, unspecified form	binds	CCS
Loxapine	binds	HTR6
Zinc	binds	IGLV3-21
Oxcarbazepine	binds	SCN11A
Aminosalicylic acid	binds	PLA2G2E
Valaciclovir	binds	SLC22A6
Nifedipine	binds	ORM1
Zinc	binds	TUFM
Zinc	binds	ITIH2
Zinc	binds	DSP
Metronidazole	binds	rdxA
Nebivolol	binds	ALB
Insulin pork	binds	INSR
Levonorgestrel	binds	SHBG
Zinc	binds	SERPIND1
Zinc acetate	binds	FCN3
Omega-3-carboxylic acids	binds	LPL
Ampicillin	binds	SLC15A1
Estradiol acetate	binds	MT-ATP6
Acetylsalicylic acid	binds	MYC
Vanzacaftor	binds	ABCB5
Butalbital	binds	GABRA5
Sildenafil	binds	ODC1
Diflunisal	binds	ALB
Ampicillin	binds	SLC15A2
Flavin adenine dinucleotide	binds	metF
Estradiol valerate	binds	MT-ATP6
Cyclosporine	binds	CAMLG
Ramelteon	binds	MTNR1B
Vinblastine	binds	TUBE1
Zopiclone	binds	GABRA1
Nitrofurantoin	binds	nfsA
Hydrocodone	binds	SIGMAR1
Thiopental	binds	GABRA1
Zinc sulfate, unspecified form	binds	C3
Sucralfate	binds	FGA
Zonisamide	binds	GABRA1
Isavuconazonium	binds	ALB
Flavin adenine dinucleotide	binds	IVD
Zinc acetate	binds	ITIH2
Asenapine	binds	ALB
Zinc acetate	binds	CCS
Emtricitabine	binds	ALB
Zinc	binds	KRT2
Zinc acetate	binds	APOA4
Estrone	binds	ESR2
Diclofenac	binds	ALOX5
Mazindol	binds	SLC18A2
Ferrous sulfate anhydrous	binds	HBA1
Zinc acetate	binds	JUP
Flavin adenine dinucleotide	binds	cysJ
Zinc acetate	binds	C4B
Loxapine	binds	CHRM4
Methoxyflurane	binds	MT-ND1
Diclofenac	binds	ALB
Zinc acetate	binds	PSPH
Loxapine	binds	DRD3
Apomorphine	binds	CYP3A4
Potassium chloride	binds	SLC12A4
Imlunestrant	binds	ESR1
Temozolomide	binds	ALB
Zinc	binds	A1BG
Estradiol cypionate	binds	ESRRG
Nefazodone	binds	ADRA1B
Orlistat	binds	ALB
Flavin mononucleotide	binds	PNPO
Zinc acetate	binds	C8B
Liotrix	binds	ALB
Tolbutamide	binds	ABCC9
Flavin adenine dinucleotide	binds	phr
Flavin mononucleotide	binds	DHODH
Zinc	binds	HBA1
Quetiapine	binds	HTR2C
Cobimetinib	binds	ORM1
Rifamycin	binds	rpoB
Doxorubicin	binds	TERT
Esketamine	induces	CYP3A4
Vitamin E	induces	HMOX1
Cefaclor	induces	MPO
Spironolactone	induces	CYP11B1
Oxcarbazepine	induces	CYP3A4
Primaquine	induces	CYP1A1
Phenobarbital	induces	UGT1A1
Lemborexant	induces	CYP3A4
Ursodeoxycholic acid	induces	ABCB11
Vitamin E	induces	GCLC
Brensocatib	induces	CYP3A5
Idelalisib	induces	CYP2B6
Apalutamide	induces	ABCG2
Prednisolone phosphate	induces	CYP2C8
Meperidine	induces	CYP1A2
Tipranavir	induces	ABCB1
Sparsentan	induces	CYP3A4
Levoketoconazole	induces	CYP3A4
Vorasidenib	induces	CYP2B6
Tramadol	induces	ADRA2A
Pemetrexed	induces	DCK
Phenobarbital	induces	CYP3A7
Erdafitinib	induces	CYP3A4
Oxcarbazepine	induces	CYP3A5
Aprocitentan	induces	CYP3A4
Rifampin	induces	CYP3A5
Rifampin	induces	CYP2A6
Lumacaftor	induces	CYP2C8
Albendazole	induces	CYP1A2
Enzalutamide	induces	CYP2C19
Palovarotene	induces	CYP3A4
Isavuconazole	induces	CYP2B6
Hydrocortisone	induces	CYP2C8
Bexarotene	induces	CYP3A4
Primaquine	induces	CYP1A2
Prednisolone acetate	induces	CYP3A4
Zinc sulfate, unspecified form	induces	PON1
Pralsetinib	induces	CYP2C9
Pralsetinib	induces	CYP3A5
Atazanavir	induces	ABCB1
Avacopan	induces	CYP3A4
Tamoxifen	induces	SERPINA7
Carbamazepine	induces	CYP3A5
Nevirapine	induces	CYP2B6
Mitapivat	induces	UGT1A1
Isavuconazonium	induces	CYP3A4
Fluvastatin	induces	CYP1A1
Lansoprazole	induces	CYP1A1
Nifedipine	induces	ABCC2
Alpelisib	induces	CYP2C9
Fexinidazole	induces	CYP2B6
Midostaurin	induces	CYP3A5
Probenecid	induces	CYP3A4
Warfarin	induces	CYP2C9
Apalutamide	induces	ABCB1
Fingolimod	induces	SLC1A3
Progesterone	induces	SLCO1B3
Modafinil	induces	CYP3A4
Norgestimate	induces	CYP3A4
Vorasidenib	induces	CYP3A4
Cisplatin	induces	CYP4A11
Tenofovir disoproxil	induces	CKB
Debrisoquine	induces	SLC6A2
Ivermectin	induces	ABCB1
Prednisolone phosphate	induces	CYP3A4
Primidone	induces	CYP3A4
Phenobarbital	induces	ABCC1
Osimertinib	induces	CYP1A2
Letermovir	induces	CYP2C19
Nilotinib	induces	CYP2B6
Zidovudine	induces	UGT1A1
Hydrocortisone	induces	ABCB1
Ritonavir	induces	CYP2C9
Rosiglitazone	induces	CYP3A4
Furosemide	induces	SLC22A6
Obeticholic acid	induces	ABCB11
Pirtobrutinib	induces	CYP2B6
Hydrocortisone	induces	CYP2B6
Rosiglitazone	induces	CYP2B6
Meperidine	induces	CYP3A4
Urokinase	induces	SERPINE1
Apalutamide	induces	CYP3A4
Cholic Acid	induces	ABCB11
Glutethimide	induces	CYP2D6
Phenobarbital	induces	CYP4B1
Primaquine	induces	CYP1B1
Cariprazine	induces	CYP3A4
Deflazacort	induces	CYP3A4
Donepezil	induces	HTR2A
Enzalutamide	induces	CYP3A4
Levoketoconazole	induces	CYP1A2
Remibrutinib	induces	CYP2C9
Omeprazole	induces	ABCC3
Spironolactone	induces	ABCB1
Reserpine	induces	CYP3A5
Tamoxifen	induces	ABCB1
Nifedipine	induces	ABCC3
Etravirine	induces	CYP3A4
Fluoxetine	induces	CYP2B
Prednisolone phosphate	induces	CYP2C9
Pralsetinib	induces	CYP3A4
Nifedipine	induces	CYP2C9
Colchicine	induces	ABCB1
Testosterone undecanoate	induces	SLCO1A2
Rifampin	induces	CYP2C9
Drospirenone	induces	PTGS2
Pralsetinib	induces	CYP2C8
Sparsentan	induces	CYP2C19
Phenytoin	induces	CYP2C19
Flupentixol	induces	DDC
Lansoprazole	induces	CYP1B1
Prednisone	induces	CYP1B1
Dexamethasone	induces	CYP2C19
Apalutamide	induces	CYP2C19
Insulin glulisine	induces	CYP1A2
Budesonide	induces	CYP2C9
Rifampin	induces	CYP3A4
Tamoxifen	induces	CYP3A4
Cholic Acid	induces	SLC10A2
Vinblastine	induces	CYP3A4
Remibrutinib	induces	CYP1A2
Aprepitant	induces	CYP2C9
Efavirenz	induces	CYP2B6
Stiripentol	induces	CYP1A2
Prednisolone phosphate	induces	CYP3A5
Rucaparib	induces	CYP1A2
Vitamin E	induces	CYP3A4
Ethinylestradiol	induces	UGT1A1
Rifamycin	induces	CYP3A4
Nirogacestat	induces	CYP2C8
Hydroflumethiazide	induces	ATP1A1
Epoprostenol	induces	PTGIS
Fosaprepitant	induces	CYP2C9
Topiramate	induces	CYP3A4
Minoxidil	induces	PTGS1
Isavuconazole	induces	CYP2C9
Phenobarbital	induces	CYP1A2
Ticagrelor	induces	CYP2B6
Clavulanic acid	induces	SLC5A1
Stiripentol	induces	CYP3A4
Urokinase	induces	SERPINB2
Tovorafenib	induces	CYP2C19
Dexamethasone	induces	ABCB11
Olaparib	induces	CYP2B6
Rifabutin	induces	CYP3A4
Nifedipine	induces	CYP2B6
Rifapentine	induces	CYP2C19
Rifampin	induces	CYP3A7
Artemether	induces	CYP3A4
Encorafenib	induces	CYP3A4
Encorafenib	induces	CYP2C9
Phenytoin	induces	CYP2B6
Albendazole	induces	CYP1A1
Stiripentol	induces	CYP2B6
Doxycycline	induces	ABCB5
Fomepizole	induces	CYP2E1
Cerivastatin	induces	CYP2B6
Modafinil	induces	CYP1A2
Asunaprevir	induces	CYP3A4
Avacopan	induces	CYP2B6
Zinc sulfate, unspecified form	induces	VTN
Ritonavir	induces	CYP1A2
Mitapivat	induces	CYP2C9
Vamorolone	induces	CYP3A4
Carbamazepine	induces	CYP2C8
Synthetic Conjugated Estrogens, B	induces	SERPINA7
Efavirenz	induces	CYP3A4
Testosterone undecanoate	induces	MAOA
Lubiprostone	induces	CLCN2
Telotristat ethyl	induces	CYP3A4
Prednisone	induces	CYP2A6
Carbocisteine	induces	ST3GAL5
Cholic Acid	induces	ABCB1
Inavolisib	induces	CYP3A4
Diosmin	induces	CYP1A1
Indinavir	induces	ABCB1
Prednisone	induces	CYP2C8
Bumetanide	induces	PTGS2
Dexamethasone	induces	CYP3A4
Defactinib	induces	CYP2B6
Aprepitant	induces	CYP3A4
Phenobarbital	induces	ABCC3
Ethinylestradiol	induces	ABCC2
Tamoxifen	induces	SHBG
Phenobarbital	induces	CYP1A1
Dabrafenib	induces	CYP3A4
Phenobarbital	induces	CYP2C9
Pirtobrutinib	induces	CYP2C19
Budesonide	induces	CYP1B1
Phenytoin	induces	CYP3A5
Suzetrigine	induces	CYP2C9
Sucralfate	induces	FGF2
Rifampin	induces	ABCB1
Dronabinol	induces	CYP2C9
Insulin detemir	induces	CYP1A2
Rifabutin	induces	CYP2C9
Dexamethasone	induces	ABCC2
Cariprazine	induces	CYP3A5
Itraconazole	induces	CYP1A1
Lumacaftor	induces	CYP2C9
Doxorubicin	induces	ABCB1
Vadadustat	induces	UGT1A1
Nirogacestat	induces	CYP2C9
Perampanel	induces	CYP3A4
Prednisolone phosphate	induces	CYP2C19
Midostaurin	induces	CYP3A7
Rifampin	induces	CYP2B6
Chlorpromazine	induces	CYP3A4
Brensocatib	induces	CYP3A4
Eletriptan	induces	CYP2A6
Methylprednisolone	induces	CYP2B6
Avatrombopag	induces	CYP2C9
Budesonide	induces	CYP2C19
Efavirenz	induces	CYP3A7
Rabeprazole	induces	CYP1A2
Lesinurad	induces	CYP3A4
Enzalutamide	induces	CYP3A5
Phenytoin	induces	CYP1A2
Secobarbital	induces	CYP2C19
Lopinavir	induces	CYP2C9
Dextroamphetamine	induces	SLC18A2
Nevirapine	induces	CYP3A4
Mifepristone	induces	ABCB1
Cortisone acetate	induces	ANXA1
Enasidenib	induces	CYP2B6
Isavuconazonium	induces	CYP2B6
Fingolimod	induces	ABCC1
Theophylline	induces	ADA
Givinostat	induces	CYP2B6
Sulfinpyrazone	induces	CYP3A4
Nefazodone	induces	ABCB1
Phenytoin	induces	UGT1A1
Suzetrigine	induces	CYP2C19
Repotrectinib	induces	CYP2C19
Pexidartinib	induces	CYP2B6
Ivosidenib	induces	CYP2B6
Cisplatin	induces	ABCC5
Levamlodipine	induces	NOS2
Atrasentan	induces	CYP3A4
Remibrutinib	induces	CYP3A5
Armodafinil	induces	CYP2B6
Repotrectinib	induces	CYP2B6
Warfarin	induces	CYP3A4
Ivosidenib	induces	CYP2C9
Clofibrate	induces	CYP4A11
Cyclophosphamide	induces	CYP2B6
Methylprednisolone	induces	CYP1B1
Iloprost	induces	PDE4C
Lansoprazole	induces	CYP2C9
Cisplatin	induces	ABCC3
Digoxin	induces	ABCB1
Palovarotene	induces	CYP2B6
Olutasidenib	induces	CYP2C8
Acetaminophen	induces	CYP3A4
Spironolactone	induces	ABCC2
Modafinil	induces	CYP3A5
Phenobarbital	induces	CYP3A5
Phenobarbital	induces	ABCC2
Amantadine	induces	DDC
Sotorasib	induces	CYP2C8
Letermovir	induces	CYP2B6
Isavuconazole	induces	CYP2C8
Carbamazepine	induces	CYP1A2
Dabrafenib	induces	CYP2C9
Methylprednisolone	induces	CYP2C8
Dabrafenib	induces	CYP2C19
Streptokinase	induces	PLA2G4A
Olutasidenib	induces	CYP2C9
Enasidenib	induces	CYP3A4
Methylprednisolone	induces	CYP2C19
Cholic Acid	induces	ABCC2
Fingolimod	induces	SLC1A2
Prednisolone	induces	CYP3A4
Guanethidine	induces	SLC6A2
Donepezil	induces	IL1B
Sotorasib	induces	CYP2B6
Phenobarbital	induces	CYP2B6
Delafloxacin	induces	CYP2C9
Iloprost	induces	PDE4B
Vemurafenib	induces	CYP3A4
Mitotane	induces	CYP3A7
Phenelzine	induces	CYP2E1
Tipranavir	induces	UGT1A1
Cimetidine	induces	ABCB1
Insulin human	induces	CYP1A2
Progesterone	induces	CYP2A6
Rifapentine	induces	CYP3A4
Sparsentan	induces	CYP2B6
Ritonavir	induces	ABCB1
Nifedipine	induces	CYP3A4
Zanubrutinib	induces	CYP2B6
Perampanel	induces	CYP2B6
Zinc sulfate, unspecified form	induces	CLU
Prednisolone phosphate	induces	CYP2B6
Nelfinavir	induces	CYP2C9
Phenobarbital	induces	CYP2C8
Suzetrigine	induces	CYP3A4
Phenytoin	induces	CYP3A4
Tovorafenib	induces	CYP2C9
Trametinib	induces	CYP3A4
Nicotine	induces	CYP2E1
Methylprednisolone	induces	CYP2A6
Nevirapine	induces	CYP2C9
Armodafinil	induces	CYP3A4
Doxorubicin	induces	CYP1B1
Delafloxacin	induces	CYP3A4
Pitolisant	induces	CYP3A4
Metyrapone	induces	CYP3A4
Fosaprepitant	induces	CYP3A4
Clozapine	induces	CYP3A4
Pentaerythritol tetranitrate	induces	NOS3
Clofibrate	induces	CYP1A1
Cortisone acetate	induces	CYP3A5
Budesonide	induces	CYP2C8
Secobarbital	induces	CYP1A2
Testosterone undecanoate	induces	SLC22A7
Benzphetamine	induces	SLC18A2
Paclitaxel	induces	CYP3A4
Telotristat ethyl	induces	UGT2B4
Vorasidenib	induces	CYP2C19
Omaveloxolone	induces	CYP3A4
Ursodeoxycholic acid	induces	CYP3A4
Lemborexant	induces	CYP2B6
Rofecoxib	induces	CYP3A4
Prednisone	induces	CYP3A5
Phenobarbital	induces	UGT2B7
Taletrectinib	induces	CYP1A2
Tecovirimat	induces	CYP3A4
Risedronic acid	induces	PTGS2
Cisplatin	induces	ABCC2
Rifamycin	induces	CYP2B6
Rifampin	induces	CYP2C8
Mitapivat	induces	CYP2C19
Ritonavir	induces	UGT1A1
Repotrectinib	induces	CYP2C9
Levothyroxine	induces	ABCB1
Progesterone	induces	CYP3A4
Vinblastine	induces	ABCC1
Esterified estrogens	induces	SERPINA7
Rifaximin	induces	CYP2C8
Remibrutinib	induces	CYP3A4
Rifampin	induces	CYP2E1
Artemether	induces	CYP2C19
Probenecid	induces	CYP2C8
Lenvatinib	induces	CYP3A4
Vitamin E	induces	GSTM3
Asunaprevir	induces	CYP3A5
Ziftomenib	induces	CYP1A2
Ritonavir	induces	CYP2C19
Mavorixafor	induces	CYP1A2
Rifampin	induces	UGT1A1
Zinc sulfate, unspecified form	induces	APOBR
Givinostat	induces	CYP3A4
Rifabutin	induces	CYP2C8
Mitotane	induces	CYP3A4
Quinine	induces	CYP1A1
Midostaurin	induces	CYP2C19
Rifabutin	induces	ABCB1
Sotagliflozin	induces	CYP3A4
Eslicarbazepine acetate	induces	CYP3A4
Phenylbutazone	induces	CYP3A4
Ketamine	induces	CYP3A4
Defactinib	induces	CYP1A2
Conjugated estrogens	induces	SERPINA7
Primidone	induces	CYP1A2
Sirolimus	induces	ABCB1
Cenobamate	induces	CYP2C8
Acetylsalicylic acid	induces	ABCB1
Prednisolone phosphate	induces	ABCB1
Pyridostigmine	induces	CYP3A4
Nafcillin	induces	CYP3A4
Rifaximin	induces	CYP2C19
Artemether	induces	CYP2B6
Dexamethasone	induces	CYP2E1
Rifampin	induces	CYP1A2
Rabeprazole	induces	CYP1A1
Donepezil	induces	BCHE
Cortisone acetate	induces	CYP3A4
Norethisterone	induces	CYP2C19
Testosterone undecanoate	induces	SLC47A1
Insulin degludec	induces	CYP1A2
Cisplatin	induces	MPO
Trazodone	induces	ABCB1
Hydrocortisone	induces	CYP2C9
Nicotine	induces	CYP1A1
Vigabatrin	induces	CYP2C9
Phenobarbital	induces	CYP2E1
Hydrocortisone	induces	CYP2A6
Vemurafenib	induces	CYP2B6
Fexinidazole	induces	CYP1A2
Mitotane	induces	CYP11B1
Tovorafenib	induces	CYP1A2
Phenytoin	induces	CYP3A7
Prednisolone phosphate	induces	CYP2A6
Methylprednisolone	induces	ABCB1
Flucloxacillin	induces	CYP3A4
Sumatriptan	induces	SLCO1A2
Cerivastatin	induces	CYP3A4
Paclitaxel	induces	NR1I2
Armodafinil	induces	CYP1A2
Progesterone	induces	ABCG2
Phenobarbital	induces	CYP2C19
Apomorphine	induces	SLC18A2
Acetylsalicylic acid	induces	TP53
Terbinafine	induces	CYP3A4
Hydralazine	induces	HIF1A
Bosentan	induces	CYP2C9
Tezacaftor	induces	CYP3A4
Delafloxacin	induces	CYP2E1
Ursodeoxycholic acid	induces	SLCO1A2
Brensocatib	induces	CYP3A7
Estradiol valerate	induces	CYP3A4
Carbamazepine	induces	UGT1A7
Remibrutinib	induces	CYP2B6
Hydroflumethiazide	induces	KCNMA1
Givinostat	induces	CYP1A2
Fingolimod	induces	CYP4F2
Zinc sulfate, unspecified form	induces	TTR
Mebendazole	induces	CYP1A1
Dexamethasone	induces	CYP2A6
Tecovirimat	induces	CYP2C8
Vinblastine	induces	ABCC2
Dordaviprone	induces	CYP2B6
Deferasirox	induces	CYP3A4
Telotristat ethyl	induces	UGT2B7
Pitolisant	induces	CYP1A2
Dexamethasone	induces	CYP3A43
Tovorafenib	induces	CYP3A4
Liothyronine	induces	ABCB1
Cannabidiol	induces	CYP2B6
Avatrombopag	induces	CYP2C8
Nilotinib	induces	CYP2C8
Prednisone	induces	ABCB1
Nirogacestat	induces	CYP2B6
Omeprazole	induces	CYP1B1
Ketoconazole	induces	CYP1A1
Ibuprofen	induces	S100A7
Ursodeoxycholic acid	induces	ABCC2
Scopolamine	induces	CHRNB2
Isavuconazole	induces	CYP3A4
Carbamazepine	induces	UGT1A6
Atorvastatin	induces	CYP2B6
Mifepristone	induces	CYP3A4
Amiodarone	induces	ABCB1
Nifedipine	induces	ABCB1
Tovorafenib	induces	CYP2B6
Rifampin	induces	CYP3A43
Levamlodipine	induces	NOS3
Carbamazepine	induces	CYP2B6
Metformin	induces	PRKAB1
Modafinil	induces	CYP2B6
Ivosidenib	induces	CYP2C8
Primidone	induces	UGT1A1
Cenobamate	induces	CYP2B6
Bezafibrate	induces	CYP1A1
Topiramate	induces	PRKAA1
Tacrolimus	induces	ABCB1
Venlafaxine	induces	ABCG2
Vorasidenib	induces	UGT1A4
Phenytoin	induces	CYP2C9
Quinine	induces	CYP3A4
Aminoglutethimide	induces	CYP3A4
Hydrocortisone	induces	CYP3A4
Donepezil	induces	NOS1
Nicotine	induces	CYP1A2
Cholic Acid	induces	ABCC1
Avacopan	induces	CYP1A2
Ritonavir	induces	CYP2C8
Estrone	induces	ABCB1
Methoxyflurane	induces	KCNA1
Rifabutin	induces	CYP2C19
Phenobarbital	induces	ABCB11
Midostaurin	induces	CYP3A43
Pirtobrutinib	induces	CYP3A5
Primidone	induces	CYP2C19
Dexamethasone	induces	CYP2C8
Encorafenib	induces	CYP2B6
Tiratricol	induces	CYP3A4
Apalutamide	induces	CYP2C9
Isavuconazonium	induces	CYP2C9
Ibuprofen	induces	THBD
Nelfinavir	induces	UGT1A1
Inavolisib	induces	CYP2B6
Etoposide	induces	CYP3A4
Cyclophosphamide	induces	CYP2C8
Pacritinib	induces	CYP1A2
Fosphenytoin	induces	CYP2B6
Sunvozertinib	induces	CYP3A4
Clofibrate	induces	CYP3A4
Cisplatin	induces	XDH
Phenobarbital	induces	SLCO2A1
Bosentan	induces	CYP3A4
Esketamine	induces	CYP2B6
Griseofulvin	induces	CYP1A2
Dexamethasone	induces	CYP1A1
Dexamethasone	induces	CYP2B6
Armodafinil	induces	CYP3A5
Dexamethasone	induces	CYP4A11
Dexamethasone	induces	CYP3A7
Cholic Acid	induces	SLCO1A2
Carbamazepine	induces	CYP3A4
Clofibrate	induces	SERPINA7
Dextroamphetamine	induces	ADRA1A
Rifampin	induces	CYP2C19
Cladribine	induces	PARP1
Rilpivirine	induces	CYP3A4
Sapropterin	induces	PTGS2
Omeprazole	induces	CYP1A2
Relugolix	induces	CYP3A4
Clobazam	induces	CYP3A4
Phenobarbital	induces	ABCB1
Cholic Acid	induces	SLCO1B1
Olmesartan	induces	ABCC2
Sucralfate	induces	EGF
Brigatinib	induces	CYP3A4
Taletrectinib	induces	CYP3A4
Peginterferon alfa-2b	induces	CYP2C9
Acetylsalicylic acid	induces	CYP2C19
Cefradine	induces	CYP3A4
Nelfinavir	induces	CYP2C19
Iloprost	induces	PDE4A
Isavuconazonium	induces	CYP2C8
Nirogacestat	induces	CYP2C19
Methadone	induces	CYP2B6
Vorasidenib	induces	CYP2C8
Midostaurin	induces	CYP2C9
Suzetrigine	induces	CYP2C8
Osimertinib	induces	CYP3A4
Lamotrigine	induces	GABRA1
Midostaurin	induces	CYP1A2
Indomethacin	induces	EIF2AK2
Atrasentan	induces	CYP2B6
Lumacaftor	induces	ABCB1
Bendroflumethiazide	induces	KCNMA1
Dabrafenib	induces	CYP2B6
Omaveloxolone	induces	CYP2C8
Riluzole	induces	SLC7A11
Ritonavir	induces	ABCC1
Nylidrin	induces	COMT
Opicapone	induces	CYP2C19
Terazosin	induces	TGFB1
Efavirenz	induces	CYP3A5
Diclofenac	induces	ABCB1
Rifamycin	induces	CYP2C9
Lorlatinib	induces	CYP3A4
Amprenavir	induces	ABCB1
Lumacaftor	induces	CYP3A4
Apalutamide	induces	SLCO1B1
Omeprazole	induces	CYP3A4
Ritonavir	induces	CYP2B6
Tecovirimat	induces	CYP2B6
Progesterone	induces	ABCB1
Budesonide	induces	CYP3A5
Pacritinib	induces	CYP3A4
Rufinamide	induces	CYP3A4
Pitolisant	induces	CYP2B6
Griseofulvin	induces	CYP3A4
Testosterone undecanoate	induces	CYP3A4
Pirtobrutinib	induces	CYP3A4
Eprosartan	induces	ABCC2
Modafinil	induces	CYP2C9
Repotrectinib	induces	CYP2C8
Momelotinib	induces	UGT1A1
Ticagrelor	induces	CYP2C9
Deflazacort	induces	CYP3A5
Lopinavir	induces	ABCB1
Dexamethasone	induces	CYP3A5
Zinc sulfate, unspecified form	induces	APOA1
Midostaurin	induces	CYP2B6
Cladribine	inhibits	RRM2
Acacetin	inhibits	Cytochrome P450 1A1
Fomepizole	inhibits	CYP2A6
Bortezomib	inhibits	CYP2C9
Ivacaftor	inhibits	CYP3A5
Mefenamic acid	inhibits	PTGS1
Oxoglaucine	inhibits	Cytochrome P450 2D6
Aripiprazole	inhibits	ADRA1B
Brexanolone	inhibits	GABRD
Daidzein	inhibits	Cytochrome P450 2C19
Rifamycin	inhibits	CYP3A4
Opicapone	inhibits	CYP2B6
Dasatinib	inhibits	ABCG2
QUIZARTINIB	inhibits	Receptor-type tyrosine-protein kinase FLT3
Colchicine	inhibits	CYP2C8
Dordaviprone	inhibits	SLC47A2
Tipranavir	inhibits	SLCO2B1
Simeprevir	inhibits	SLC10A1
Estradiol acetate	inhibits	SLCO1B1
Lonafarnib	inhibits	SLCO1B1
Thalidomide	inhibits	TNF
1-(3,4-Dimethoxyphenyl)-4-decen-3-one	inhibits	Cytochrome P450 2B6
Sulindac	inhibits	AKR1B10
Levofloxacin	inhibits	SLC47A2
ABIVERTINIB	inhibits	Tyrosine-protein kinase BTK
3,8''-Biapigenin	inhibits	Cytochrome P450 3A4
Dasatinib	inhibits	YES1
Nilotinib	inhibits	SLCO1B1
Valdecoxib	inhibits	Solute carrier organic anion transporter family member 1B1
Rolapitant	inhibits	ABCB1
Cannabidiol	inhibits	ALOX5
Lenvatinib	inhibits	RET
Dronedarone	inhibits	THRA
Chloramphenicol	inhibits	CYP2C19
Fluconazole	inhibits	ERG11
Flurbiprofen	inhibits	UGT1A1
Meperidine	inhibits	GRIN1
Cysteamine	inhibits	Cytochrome P450 3A4
Vorinostat	inhibits	HDAC6
CFI-400945	inhibits	Serine/threonine-protein kinase PLK4
Dordaviprone	inhibits	DRD2
Xanthotoxin	inhibits	Cytochrome P450 3A4
Chrysin	inhibits	Cytochrome P450 1B1
Istradefylline	inhibits	SLC47A2
Fd&c yellow no. 5, calcium lake	inhibits	Solute carrier organic anion transporter family member 1B1
Estradiol valerate	inhibits	CYP1A2
Methylergometrine	inhibits	CYP3A4
Regorafenib	inhibits	KDR
Defactinib	inhibits	SLC47A2
Nirmatrelvir	inhibits	ABCB1
Midostaurin	inhibits	FLT3
Apigenin	inhibits	Cytochrome P450 2C19
Fenoprofen	inhibits	PTGS1
Zonisamide	inhibits	MAOB
Atazanavir	inhibits	pol
Ritonavir	inhibits	CYP3A5
Rifampin	inhibits	SLCO1A2
Lenvatinib	inhibits	SLC22A6
Drospirenone	inhibits	NR3C2
Gabapentin	inhibits	CACNA2D2
Tetracycline	inhibits	SLC22A8
Pioglitazone	inhibits	SLCO1B1
Biochanin A	inhibits	Cytochrome P450 2C9
Estradiol cypionate	inhibits	CYP1A2
Tipranavir	inhibits	CYP2D6
Doxylamine	inhibits	CHRM1
Paritaprevir	inhibits	NS3/4A
Estradiol valerate	inhibits	SLCO2B1
Palbociclib	inhibits	CDK6
Desipramine	inhibits	SLC6A2
Fexinidazole	inhibits	SLCO1B1
Yamogenin	inhibits	Solute carrier organic anion transporter family member 1B1
Erythromycin	inhibits	CYP3A5
Ivosidenib	inhibits	SLC22A8
Fostamatinib	inhibits	NTRK2
cholest-5-en-3-one	inhibits	Solute carrier organic anion transporter family member 1B1
Thiopental	inhibits	CHRNA4
Toremifene	inhibits	SHBG
Hydroquinone	inhibits	Solute carrier organic anion transporter family member 1B3
Fostamatinib	inhibits	DCLK2
Melezitose	inhibits	Solute carrier organic anion transporter family member 1B3
MIRANSERTIB	inhibits	Serine/threonine-protein kinase AKT
Rilzabrutinib	inhibits	SLCO1B3
Asunaprevir	inhibits	SLCO2B1
Osilodrostat	inhibits	SLC22A2
Zonisamide	inhibits	CACNA1I
Cenobamate	inhibits	CYP3A4
Methyl dihydroepijasmonate	inhibits	Solute carrier organic anion transporter family member 1B1
Cefadroxil	inhibits	SLC22A8
Lenvatinib	inhibits	SLC22A2
Risperidone	inhibits	ADRA1B
Methadone	inhibits	UGT2B4
Telithromycin	inhibits	SLCO1B1
Glyburide	inhibits	ABCC2
Encorafenib	inhibits	CYP3A7
Rosuvastatin	inhibits	SLCO1B1
Cimetidine	inhibits	SLC22A11
Defactinib	inhibits	ABCG2
[6]-Shogaol	inhibits	Cytochrome P450 3A4
Ciprofloxacin	inhibits	TOP2A
Simeprevir	inhibits	NS3/4A
Atrasentan	inhibits	SLCO1B1
Dihydroclusin	inhibits	Cytochrome P450 3A4
Selegiline	inhibits	TACR1
Cimetidine	inhibits	SLC22A2
SCH-900776	inhibits	Serine/threonine-protein kinase Chk1
Fostamatinib	inhibits	RIOK3
Carvedilol	inhibits	KCNH2
Chlorpheniramine	inhibits	SLC6A2
Oxcarbazepine	inhibits	CYP3A5
Haloperidol	inhibits	HTR6
Paliperidone	inhibits	ABCB1
Nelfinavir	inhibits	CYP3A7
Delavirdine	inhibits	CYP3A7
Fostamatinib	inhibits	EPHA2
Cefadroxil	inhibits	penA
Pexidartinib	inhibits	FLT3
Benzamide	inhibits	Cytochrome P450 3A4
beta-Amyrin acetate	inhibits	Solute carrier organic anion transporter family member 1B3
Procarbazine	inhibits	MAOA
Cyclosporine	inhibits	PPP3CA
Fostamatinib	inhibits	TNIK
Ceftibuten	inhibits	SLC15A1
Bumetanide	inhibits	SLC22A11
Cyclobenzaprine	inhibits	HTR2B
salicyl alcohol	inhibits	Solute carrier organic anion transporter family member 1B3
Pinostrobin chalcone	inhibits	Cytochrome P450 2C9
Rofecoxib	inhibits	ABCC4
L-Canavanine	inhibits	Cytochrome P450 3A4
LINIFANIB	inhibits	Receptor-type tyrosine-protein kinase FLT3
Taletrectinib	inhibits	SLCO1B1
Gilteritinib	inhibits	ALK
Astemizole	inhibits	ABCB1
Fostamatinib	inhibits	IRAK4
Digitoxin	inhibits	ATP1A2
Furosemide	inhibits	SLC22A8
BAY-1217389	inhibits	Dual specificity protein kinase TTK
Apiumetrin	inhibits	Solute carrier organic anion transporter family member 1B1
Atropine	inhibits	CHRM2
Lisinopril	inhibits	ACE
Olaparib	inhibits	PARP1
Dextropropoxyphene	inhibits	CYP2D6
Lemborexant	inhibits	HCRTR2
Nilotinib	inhibits	ABCB1
Tolnaftate	inhibits	Cytochrome P450 2C19
Primidone	inhibits	TRPM3
Etoposide	inhibits	ABCB1
Eltrombopag	inhibits	UGT1A1
Capsaicin	inhibits	Cytochrome P450 2D6
MASOPROCOL	inhibits	Receptor tyrosine-protein kinase erbB-2
Deutivacaftor	inhibits	ABCG2
MG(18:0e/0:0/0:0)	inhibits	Solute carrier organic anion transporter family member 1B3
Regorafenib	inhibits	TEK
AVUTOMETINIB	inhibits	Dual specificity mitogen-activated protein kinase kinase 2
Myricetin 3-digalactoside	inhibits	Cytochrome P450 3A4
Cefaclor	inhibits	SLC22A8
Quinidine	inhibits	CYP2B6
Voxilaprevir	inhibits	ABCB1
Quetiapine	inhibits	HRH1
Fostamatinib	inhibits	PIK3C2B
Zafirlukast	inhibits	CYP2C19
Salicin	inhibits	Solute carrier organic anion transporter family member 1B3
Trimipramine	inhibits	ADRA2A
Nifedipine	inhibits	CACNA1D
Nadroparin	inhibits	FOS
Ribavirin	inhibits	L
Quinidine	inhibits	SLCO1A2
Nabilone	inhibits	CYP2E1
Methotrimeprazine	inhibits	ADRA1B
Dabrafenib	inhibits	SLCO1B1
Ulipristal	inhibits	NR3C1
Furosemide	inhibits	PGD
trans-Caffeic acid	inhibits	Solute carrier organic anion transporter family member 1B3
Estramustine	inhibits	ABCB1
Doxorubicin	inhibits	ABCC10
Pirfenidone	inhibits	CYP2D6
Emodin	inhibits	Cytochrome P450 1B1
Nintedanib	inhibits	SLC22A1
Chlorpromazine	inhibits	ABCB1
Minocycline	inhibits	rpsD
Linamarin	inhibits	Solute carrier organic anion transporter family member 1B3
Omeprazole	inhibits	ABCB1
Bergamottin	inhibits	Cytochrome P450 3A4
Antipyrine	inhibits	PTGS2
Nisoldipine	inhibits	CACNA2D1
Lansoprazole	inhibits	CYP2C9
Dofetilide	inhibits	KCNK2
Encorafenib	inhibits	ABCG2
Tirucallol	inhibits	Solute carrier organic anion transporter family member 1B3
Lefamulin	inhibits	rplV
Pipotiazine	inhibits	DRD2
Gemfibrozil	inhibits	CYP2C19
Periciazine	inhibits	ADRA1B
Macitentan	inhibits	EDNRB
Sulfasalazine	inhibits	IKBKB
Tolnaftate	inhibits	Cytochrome P450 3A4
Nintedanib	inhibits	ABCB1
EX-527	inhibits	NAD-dependent protein deacetylase sirtuin-1
Methotrimeprazine	inhibits	CHRM1
Rifampin	inhibits	SLC22A6
Clindamycin	inhibits	rplA
Fostemsavir	inhibits	SLCO1B3
RAVOXERTINIB	inhibits	Mitogen-activated protein kinase 3
AFATINIB DIMALEATE	inhibits	Receptor tyrosine-protein kinase erbB-4
Acacetin 7-diglucoside	inhibits	Cytochrome P450 1A2
Escitalopram	inhibits	HRH1
BOSUTINIB	inhibits	Tyrosine-protein kinase Lyn
Zonisamide	inhibits	SCN2B
Istradefylline	inhibits	POU2F2
Lurasidone	inhibits	HTR2A
Azelaic acid	inhibits	Solute carrier organic anion transporter family member 1B3
Xanthoxylin	inhibits	Solute carrier organic anion transporter family member 1B3
Telotristat ethyl	inhibits	CYP2C8
Flunarizine	inhibits	CACNA1H
Cholic Acid	inhibits	FECH
Oleanolic acid	inhibits	Solute carrier organic anion transporter family member 1B3
[8]-Shogaol	inhibits	Cytochrome P450 2C9
Levetiracetam	inhibits	HTR3A
Bupropion	inhibits	SLC6A4
Ripretinib	inhibits	KDR
CEP-2563 DIHYDROCHLORIDE	inhibits	Proto-oncogene tyrosine-protein kinase receptor Ret
Ethambutol	inhibits	CYP2C19
[6]-Paradol	inhibits	Cytochrome P450 2C8
Olutasidenib	inhibits	ABCG2
Fluvoxamine	inhibits	CYP2C9
Luteolin	inhibits	Cytochrome P450 1A2
Pindolol	inhibits	HTR1A
Fostamatinib	inhibits	TYK2
Apalutamide	inhibits	GABRA1
Galangin	inhibits	Cytochrome P450 1A2
Cyproheptadine	inhibits	HTR2B
Anastrozole	inhibits	CYP1A2
Asenapine	inhibits	HTR2A
Primaquine	inhibits	ABCB1
L-Acetylleucine	inhibits	ABCB11
Lomefloxacin	inhibits	SLC22A5
Idelalisib	inhibits	PIK3CD
hederagenin	inhibits	Solute carrier organic anion transporter family member 1B1
Ribociclib	inhibits	CDK4
Cariprazine	inhibits	CYP2C19
PAZOPANIB HYDROCHLORIDE	inhibits	Tyrosine-protein kinase ITK/TSK
Avocadene 1-acetate	inhibits	Solute carrier organic anion transporter family member 1B3
SAMOTOLISIB	inhibits	Serine/threonine-protein kinase mTOR
Aminosalicylic acid	inhibits	MPO
Piroxicam	inhibits	PTGS2
Clozapine	inhibits	HTR1D
Brigatinib	inhibits	SLC47A2
Aminosalicylic acid	inhibits	CHUK
Moclobemide	inhibits	MAOB
Flutamide	inhibits	AR
Stiripentol	inhibits	LDHA
Atrasentan	inhibits	SLCO1B3
Liotrix	inhibits	SLC22A8
Paliperidone	inhibits	DRD1
6-Hydroxyluteolin 6,7,3',4'-tetramethyl ether	inhibits	Cytochrome P450 2D6
REBASTINIB	inhibits	Tyrosine-protein kinase ABL1
Avutometinib	inhibits	RAF1
Deferasirox	inhibits	UGT1A9
Ofloxacin	inhibits	ABCC2
Capivasertib	inhibits	SLC47A1
Nelfinavir	inhibits	CYP3A4
hydroquinone-O-β-D-glucopyranoside	inhibits	Solute carrier organic anion transporter family member 1B3
Zonisamide	inhibits	CA3
ZOSUQUIDAR	inhibits	ATP-dependent translocase ABCB1
Apalutamide	inhibits	AR
Dasatinib	inhibits	ABL1
Paromomycin	inhibits	rpsJ
Dacomitinib	inhibits	ERBB2
Gabexate	inhibits	PRSS1
Saquinavir	inhibits	ABCG2
Mavorixafor	inhibits	CYP1A2
Palbociclib	inhibits	CDK4
Kaempferide	inhibits	Cytochrome P450 1A2
Camostat	inhibits	PRSS1
Lenalidomide	inhibits	CDH5
Fexinidazole	inhibits	CYP2D6
Modafinil	inhibits	SLC6A3
Procaine	inhibits	Cytochrome P450 2D6
Sildenafil	inhibits	CYP2E1
Cariprazine	inhibits	CYP1A2
Ranolazine	inhibits	SLC47A1
Rofecoxib	inhibits	CYP2C8
Larotrectinib	inhibits	NTRK3
4-aminobenzoate	inhibits	Solute carrier organic anion transporter family member 1B1
Fostamatinib	inhibits	CASK
Fingolimod	inhibits	ABCC1
R-406	inhibits	Tyrosine-protein kinase SYK
Yohimbine	inhibits	ADRA2B
Propantheline	inhibits	CHRM1
Sunitinib	inhibits	ABCC4
Nintedanib	inhibits	FLT3
Remibrutinib	inhibits	ABCG2
Plumbagin	inhibits	Cytochrome P450 1A2
Mirtazapine	inhibits	CYP3A4
p,p'-DDE	inhibits	Cytochrome P450 3A4
Oxycodone	inhibits	CACNA1B
Fedratinib	inhibits	JAK2
Gentisic acid	inhibits	Solute carrier organic anion transporter family member 1B3
Triacetin	inhibits	Solute carrier organic anion transporter family member 1B3
Bepridil	inhibits	KCNQ1
Fostamatinib	inhibits	TNK2
Isorhamnetin	inhibits	Cytochrome P450 1B1
Oxtriphylline	inhibits	PDE4A
Isocarboxazid	inhibits	MAOB
Eplerenone	inhibits	CYP11B2
Cannabidiol	inhibits	CNR2
Lamotrigine	inhibits	OPRK1
Canagliflozin	inhibits	ABCB1
Captopril	inhibits	ACE
Difenoxin	inhibits	OPRM1
Diosmin	inhibits	SLCO1B1
OBATOCLAX MESYLATE	inhibits	Bcl-2-like protein 10
Perphenazine	inhibits	DRD1
Selegiline	inhibits	CYP2D6
Atazanavir	inhibits	SLCO1B1
2,4-Diamino-6-hydroxypyrimidine	inhibits	Cytochrome P450 3A4
3-Benzylisothiocyanate	inhibits	Solute carrier organic anion transporter family member 1B3
Isopimpinellin	inhibits	Solute carrier organic anion transporter family member 1B1
Hydrochlorothiazide	inhibits	SLC12A3
Fesoterodine	inhibits	CHRM2
Zolpidem	inhibits	Solute carrier organic anion transporter family member 1B3
Metyrapone	inhibits	CYP3A4
Benzocaine	inhibits	Solute carrier organic anion transporter family member 1B3
Amiodarone	inhibits	CYP1A2
Lenalidomide	inhibits	TNFSF11
Atorvastatin	inhibits	CYP2C19
Rhodinyl acetate	inhibits	Solute carrier organic anion transporter family member 1B3
Sunvozertinib	inhibits	EGFR
Entrectinib	inhibits	ABCB1
Mastic gum	inhibits	Solute carrier organic anion transporter family member 1B3
METYRAPONE	inhibits	Cytochrome P450 11B1, mitochondrial
Flupentixol	inhibits	CHRM1
Valsartan	inhibits	SLCO1B1
Estradiol cypionate	inhibits	SLCO1B1
Rifamycin	inhibits	rpoC
Glyburide	inhibits	SLCO1A2
Ubrogepant	inhibits	SLC22A2
Ifosfamide	inhibits	CYP3A4
Glipizide	inhibits	ABCC8
Safinamide	inhibits	MAOB
Crofelemer	inhibits	ANO1
Rucaparib	inhibits	SLC22A8
2,4-Dimethylquinoline	inhibits	Cytochrome P450 1A2
Taletrectinib	inhibits	NTRK3
Asenapine	inhibits	ADRA2A
Tazemetostat	inhibits	EZH1
Dalfampridine	inhibits	KCNA5
Fostamatinib	inhibits	CDK17
Diclofenac	inhibits	SLCO1C1
Levofloxacin	inhibits	CYP2C9
Phenelzine	inhibits	CYP2C8
Fostamatinib	inhibits	STK10
Ibuprofen	inhibits	Solute carrier organic anion transporter family member 1B3
Xanthoxylin	inhibits	Solute carrier organic anion transporter family member 1B1
Atazanavir	inhibits	CYP3A5
Fostamatinib	inhibits	MARK4
Fostamatinib	inhibits	OXSR1
ONO-2952	inhibits	Translocator protein
Estrone sulfate	inhibits	SLC10A1
Metoprolol	inhibits	ADRB2
Myricetin	inhibits	Cytochrome P450 2C19
Vinblastine	inhibits	CYP2D6
Pirtobrutinib	inhibits	BTK
Chlorprothixene	inhibits	ABCB1
Ethoxyquin	inhibits	Cytochrome P450 2C19
CC-115	inhibits	DNA-dependent protein kinase catalytic subunit
Naloxegol	inhibits	CYP2C19
Brincidofovir	inhibits	CYP2B6
Pipotiazine	inhibits	CYP2D6
5beta-Cholestane	inhibits	Solute carrier organic anion transporter family member 1B3
Cerivastatin	inhibits	CYP2C9
Pacritinib	inhibits	CYP2C19
Zinc sulfate, unspecified form	inhibits	GLRA1
L-glutamine	inhibits	Cytochrome P450 3A4
Epicatechin 3-gallate	inhibits	Solute carrier organic anion transporter family member 1B1
Clopidogrel	inhibits	SLC22A1
3,4,5-Trimethoxycinnamic acid	inhibits	Solute carrier organic anion transporter family member 1B1
Fostamatinib	inhibits	MYO3A
Bosentan	inhibits	ABCB11
Zoliflodacin	inhibits	SLCO1B3
Crizotinib	inhibits	ABCB1
Asunaprevir	inhibits	SLCO1B3
Elexacaftor	inhibits	CYP2C8
17-Hydroxyprogesterone	inhibits	Solute carrier organic anion transporter family member 1B3
2,3-Dihydroxybenzoic acid	inhibits	Solute carrier organic anion transporter family member 1B1
Ethyl linilenate	inhibits	Cytochrome P450 3A4
Scutellarein	inhibits	Cytochrome P450 1B1
APITOLISIB	inhibits	Serine/threonine-protein kinase mTOR
Acetazolamide	inhibits	CA4
Propiverine	inhibits	CHRM2
Peginterferon alfa-2a	inhibits	CYP1A2
Etravirine	inhibits	pol
Vinblastine	inhibits	TUBB2A
Nifedipine	inhibits	CALM1
Methotrexate	inhibits	SLC22A6
Indinavir	inhibits	pol
Orcein	inhibits	Cytochrome P450 2C19
Phenelzine	inhibits	MAOB
Fostamatinib	inhibits	PTK6
Capivasertib	inhibits	SLCO1B3
Fostamatinib	inhibits	KIT
Miglitol	inhibits	MGAM
Regorafenib	inhibits	EPHA2
Theophylline	inhibits	ADORA2B
Lorlatinib	inhibits	CYP3A4
Bosutinib	inhibits	SRC
PIMASERTIB	inhibits	Dual specificity mitogen-activated protein kinase kinase 2
Lomefloxacin	inhibits	parC
Paroxetine	inhibits	CYP2B6
Zonisamide	inhibits	CA10
TEMUTERKIB	inhibits	Mitogen-activated protein kinase; ERK1/ERK2
SETOGEPRAM	inhibits	G-protein coupled receptor 84
Chloroquine	inhibits	GSTA2
Rosiglitazone	inhibits	Cytochrome P450 3A4
Acetylsalicylic acid	inhibits	CASP3
Cobicistat	inhibits	ABCB1
Celiprolol	inhibits	ADRA2B
Topiramate	inhibits	CYP2C19
Flurbiprofen	inhibits	PTGS1
Candesartan cilexetil	inhibits	ABCB1
Gefitinib	inhibits	CYP2C19
Midostaurin	inhibits	PRKCG
Medroxyprogesterone acetate	inhibits	CYP2C9
Dalfampridine	inhibits	KCNC3
Amantadine	inhibits	GRIN3A
Infigratinib	inhibits	SLC22A2
Fostamatinib	inhibits	STK26
Aminophylline	inhibits	PDE3A
Methotrexate	inhibits	PGD
Dronedarone	inhibits	SLC22A2
Amitriptyline	inhibits	ADRA1B
Fostamatinib	inhibits	RIPK1
Ficus Latex peptide 1	inhibits	Solute carrier organic anion transporter family member 1B1
Ruxolitinib	inhibits	TYK2
Isavuconazole	inhibits	ABCG2
Simeprevir	inhibits	SLCO1B1
Naltrexone	inhibits	OPRK1
L-Glutamic acid hydrochloride	inhibits	Cytochrome P450 2D6
Fostamatinib	inhibits	NEK1
Sulfasalazine	inhibits	PTGS2
Secobarbital	inhibits	CHRNA4
Indomethacin	inhibits	PTGS1
Niraparib	inhibits	PARP2
Diphenhydramine	inhibits	SLC22A2
Nelfinavir	inhibits	SLCO1A2
Butabarbital	inhibits	GRIK5
Brincidofovir	inhibits	ABCC2
PIRTOBRUTINIB	inhibits	Tyrosine-protein kinase BTK
Fexinidazole	inhibits	SLC47A2
Fosnetupitant	inhibits	TACR1
Cloxacillin	inhibits	dacA
TOZASERTIB	inhibits	Serine/threonine-protein kinase Aurora
17alpha-ethynylestradiol	inhibits	Solute carrier organic anion transporter family member 1B3
Atorvastatin	inhibits	SLCO1B1
Nonivamide	inhibits	Cytochrome P450 3A4
Pexidartinib	inhibits	CYP3A4
Amiloride	inhibits	SLC22A4
Ticagrelor	inhibits	CYP3A4
Methionine	inhibits	MTHFR
Indomethacin	inhibits	GLO1
Cisplatin	inhibits	BCHE
Enasidenib	inhibits	CYP2C9
Fostamatinib	inhibits	RIPK2
Bepridil	inhibits	CACNA1A
Acetylsalicylic acid	inhibits	AKR1C1
beta-Carotene	inhibits	Solute carrier organic anion transporter family member 1B3
NERATINIB MALEATE	inhibits	Receptor tyrosine-protein kinase erbB-4
AZM-475271	inhibits	Tyrosine-protein kinase ABL1
Revumenib	inhibits	SLC47A1
Haloperidol	inhibits	HTR2C
Verapamil	inhibits	SLC22A4
Isavuconazonium	inhibits	CYP2C9
Dacomitinib	inhibits	ABCB1
Nicardipine	inhibits	CHRM3
Norharman	inhibits	Solute carrier organic anion transporter family member 1B3
Fluoxetine	inhibits	CYP2C19
Brompheniramine	inhibits	HRH1
Selpercatinib	inhibits	ABCB1
Fostamatinib	inhibits	AURKA
Amprenavir	inhibits	CYP2B6
Butabarbital	inhibits	GRIA3
Phenylhydrazine	inhibits	Cytochrome P450 2D6
Dasatinib	inhibits	CYP3A4
Rilpivirine	inhibits	CYP2C9
CANERTINIB DIHYDROCHLORIDE	inhibits	Receptor tyrosine-protein kinase erbB-4
Mycophenolic acid	inhibits	IMPDH1
Azelaic acid	inhibits	SRD5A3
Capivasertib	inhibits	AKT2
Misoprostol	inhibits	PTGIR
Rilpivirine	inhibits	CYP2B6
beta-Caryophyllene	inhibits	Solute carrier organic anion transporter family member 1B1
Progesterone	inhibits	SLC22A2
Progesterone	inhibits	ABCG2
Nilvadipine	inhibits	CACNA2D3
Candesartan cilexetil	inhibits	AGTR1
Hesperetin	inhibits	Cytochrome P450 3A4
Deutivacaftor	inhibits	ABCB5
Ponatinib	inhibits	TEK
Protopine	inhibits	Cytochrome P450 2C19
Brincidofovir	inhibits	CYP4F2
Fostamatinib	inhibits	ROS1
Pseudoephedrine	inhibits	ATF1
PEMETREXED	inhibits	Trifunctional purine biosynthetic protein adenosine-3
Meloxicam	inhibits	PTGS2
Triamterene	inhibits	SCNN1A
Rifamycin	inhibits	ABCB1
Amoxapine	inhibits	DRD4
Dordaviprone	inhibits	SLC22A8
Butabarbital	inhibits	GRIK2
Fostamatinib	inhibits	HCK
Iloperidone	inhibits	ADRA2B
Suzetrigine	inhibits	CYP2C9
Maprotiline	inhibits	CHRM5
Lignans	inhibits	Solute carrier organic anion transporter family member 1B3
Clozapine	inhibits	DRD4
Safrole	inhibits	Solute carrier organic anion transporter family member 1B1
Xanthurenic acid	inhibits	Solute carrier organic anion transporter family member 1B1
Conjugated estrogens	inhibits	CYP1A2
Fisetin	inhibits	Solute carrier organic anion transporter family member 1B1
2-Amino-4-hydroxy-6-pteridinecarboxylic acid	inhibits	Solute carrier organic anion transporter family member 1B1
Latex	inhibits	Solute carrier organic anion transporter family member 1B3
Benzyl benzoate	inhibits	Solute carrier organic anion transporter family member 1B1
Cimetidine	inhibits	SLC22A1
Umbralisib	inhibits	ABCB1
ITX-5061	inhibits	Mitogen-activated protein kinase 14
Phellopterin	inhibits	Cytochrome P450 2D6
Cisapride	inhibits	CYP2C19
Quinethazone	inhibits	SLC12A3
Lisinopril	inhibits	SLC15A1
Rhapontin	inhibits	Solute carrier organic anion transporter family member 1B1
Amlodipine	inhibits	ABCB1
Pseudoephedrine	inhibits	IL2
Fostamatinib	inhibits	MAPK10
Bosutinib	inhibits	CYP2C8
Taletrectinib	inhibits	SLC47A2
Haloperidol	inhibits	ADRA2A
VALSPODAR	inhibits	ATP-dependent translocase ABCB1
Chrysoeriol	inhibits	Cytochrome P450 1A2
Fostamatinib	inhibits	ADORA3
Aprepitant	inhibits	CYP2C9
Fleroxacin	inhibits	gyrA
3-Methylxanthine	inhibits	Solute carrier organic anion transporter family member 1B3
Diclofenac	inhibits	SLC22A6
(-)-Gossypol	inhibits	Solute carrier organic anion transporter family member 1B1
Fostamatinib	inhibits	CDKL1
Tipranavir	inhibits	SLCO1B3
Pizotifen	inhibits	HTR2B
Chlorthalidone	inhibits	SLC12A1
Chlorpheniramine	inhibits	SLC6A4
Methotrimeprazine	inhibits	CYP2D6
Luteolin 7-(caffeoylglucoside)	inhibits	Cytochrome P450 1A1
Antipyrine	inhibits	PTGS1
Fruquintinib	inhibits	FLT4
Ketamine	inhibits	SLC6A2
Capivasertib	inhibits	SLCO1B1
Flucloxacillin	inhibits	pbpA
Lenvatinib	inhibits	CYP2D6
CAPIVASERTIB	inhibits	Serine/threonine-protein kinase AKT
AZD-7624	inhibits	Mitogen-activated protein kinase 14
Paliperidone	inhibits	HTR2C
Glyburide	inhibits	ABCB1
Pilocarpine	inhibits	CYP3A4
Fostamatinib	inhibits	TLK1
Alexomycin	inhibits	Solute carrier organic anion transporter family member 1B3
Amitriptyline	inhibits	HTR7
Verapamil	inhibits	KCNJ11
Stiripentol	inhibits	ABCG2
Dasatinib	inhibits	BTK
Givinostat	inhibits	SLC22A2
Gemfibrozil	inhibits	SLCO1B1
Emodin	inhibits	Cytochrome P450 2C19
Silodosin	inhibits	ADRA1A
Estradiol valerate	inhibits	SLCO1B1
Itraconazole	inhibits	ABCG2
Flavin adenine dinucleotide	inhibits	NOS1
Acetaminophen	inhibits	Cytochrome P450 2D6
Cedorol	inhibits	Solute carrier organic anion transporter family member 1B3
Isokobusone	inhibits	Solute carrier organic anion transporter family member 1B1
Cannabidiol	inhibits	SLC29A1
Ropinirole	inhibits	ADRA1A
Bergapten	inhibits	Cytochrome P450 3A4
Theobromine	inhibits	Solute carrier organic anion transporter family member 1B1
Dacomitinib	inhibits	ERBB4
Propranolol	inhibits	Cytochrome P450 2C19
Probenecid	inhibits	SLC22A5
Lopinavir	inhibits	CYP2B6
Bictegravir	inhibits	SLC47A1
Glasdegib	inhibits	SMO
Ethionamide	inhibits	NFE2L2
quinolinate	inhibits	Solute carrier organic anion transporter family member 1B1
Perindopril	inhibits	ACE
Elbasvir	inhibits	ABCB1
Ombitasvir	inhibits	UGT1A1
Dexamethasone	inhibits	CYP17A1
Duloxetine	inhibits	SLC6A2
Clarithromycin	inhibits	SLC22A7
Acetylsalicylic acid	inhibits	SLC22A8
Saquinavir	inhibits	SLCO1B1
Terazosin	inhibits	KCNH2
MK-1496	inhibits	Serine/threonine-protein kinase PLK1
Trazodone	inhibits	ADRA1A
Tropisetron	inhibits	HTR3A
Lumateperone	inhibits	HTR2A
Phenylbutazone	inhibits	SLC22A6
Promethazine	inhibits	ABCC4
Ruxolitinib	inhibits	JAK3
Nilvadipine	inhibits	CYP2C8
TAK-733	inhibits	Dual specificity mitogen-activated protein kinase kinase 1
Fostamatinib	inhibits	PIM3
Ivermectin	inhibits	SLCO1B1
Imipramine	inhibits	KCND3
Malonoben	inhibits	Cytochrome P450 3A4
CANERTINIB DIHYDROCHLORIDE	inhibits	Receptor tyrosine-protein kinase erbB-2
Nilotinib	inhibits	CYP2C9
Bosutinib	inhibits	HCK
Acetaminophen	inhibits	SLC6A2
Sulfinpyrazone	inhibits	ABCC2
Nicardipine	inhibits	CHRM4
Asenapine	inhibits	DRD1
Clarithromycin	inhibits	SLCO1B1
Tranylcypromine	inhibits	CYP2A6
Mesoridazine	inhibits	HTR2A
Nicardipine	inhibits	CHRM5
Bergaptol	inhibits	Cytochrome P450 3A4
Valproic acid	inhibits	CYP2C9
Clobazam	inhibits	GABRA1
Daprodustat	inhibits	EGLN1
Topiramate	inhibits	GRIK1
Cefoperazone	inhibits	SLC22A6
Tamoxifen	inhibits	ABCB1
Levothyroxine	inhibits	CYP2C8
Nifedipine	inhibits	CACNA1G
Amiloride	inhibits	ASIC2
Ginkgo biloba	inhibits	GLRA1
Selegiline	inhibits	CYP2B6
Isavuconazole	inhibits	UGT1A8
trans-Ferulic acid	inhibits	Solute carrier organic anion transporter family member 1B3
GEDATOLISIB	inhibits	Serine/threonine-protein kinase mTOR
5alpha-Cholestanone	inhibits	Solute carrier organic anion transporter family member 1B3
Zanubrutinib	inhibits	TEC
CEP-1347	inhibits	Mitogen-activated protein kinase kinase kinase 13
Rucaparib	inhibits	SLCO1B1
2-Indolecarboxylic acid	inhibits	Solute carrier organic anion transporter family member 1B1
Regorafenib	inhibits	RAF1
Gibberellins	inhibits	Solute carrier organic anion transporter family member 1B3
Efavirenz	inhibits	SLC22A1
Lisinopril	inhibits	Solute carrier organic anion transporter family member 1B3
Betaxolol	inhibits	ADRB2
Pipotiazine	inhibits	HTR1A
Dextropropoxyphene	inhibits	GRIN1
Sulphadimethoxine	inhibits	Solute carrier organic anion transporter family member 1B3
Quinine	inhibits	Solute carrier organic anion transporter family member 1B1
Glycerol phenylbutyrate	inhibits	CYP2D6
Acetohydroxamic acid	inhibits	ureC
Pizotifen	inhibits	HTR1B
Arachidonic acid	inhibits	Solute carrier organic anion transporter family member 1B1
Terfenadine	inhibits	CYP3A4
Mercaptopurine	inhibits	IMPDH1
DACOMITINIB ANHYDROUS	inhibits	Receptor tyrosine-protein kinase erbB-2
Propranolol	inhibits	CYP1A1
Tramadol	inhibits	TACR1
Lercanidipine	inhibits	CYP3A4
Zonisamide	inhibits	CA2
Roxarsone	inhibits	Solute carrier organic anion transporter family member 1B1
Sulfadiazine	inhibits	Solute carrier organic anion transporter family member 1B3
Clodronic acid	inhibits	SLC25A6
Cannabidiol	inhibits	UGT1A9
Fostamatinib	inhibits	MAP4K5
Acebutolol	inhibits	CYP2D6
Vardenafil	inhibits	CYP2C9
Trimipramine	inhibits	HTR2C
Paltusotine	inhibits	SLC47A2
Abemaciclib	inhibits	SLC22A2
Hyperin	inhibits	Cytochrome P450 2D6
Furosemide	inhibits	SLC22A6
Lamotrigine	inhibits	ADRA1A
Protopine	inhibits	Cytochrome P450 2D6
4-Phenylbutanoic acid	inhibits	Solute carrier organic anion transporter family member 1B3
Simethicone	inhibits	F10
Dipyridamole	inhibits	SLCO1B1
Telaprevir	inhibits	SLCO1B1
Dronedarone	inhibits	CYP3A5
Bepotastine	inhibits	HRH1
Ligusticide	inhibits	Solute carrier organic anion transporter family member 1B3
Yohimbine	inhibits	DRD2
Chlorprothixene	inhibits	CHRM4
BALAMAPIMOD	inhibits	Dual specificity mitogen-activated protein kinase kinase 2
Acamprosate	inhibits	GABBR1
Isavuconazole	inhibits	KCNA5
trans-resveratrol	inhibits	Solute carrier organic anion transporter family member 1B3
Sunitinib	inhibits	FLT1
Coumarin	inhibits	CA9
3-Methylsalicylic acid	inhibits	Solute carrier organic anion transporter family member 1B1
Cyclosporine	inhibits	SLC10A1
Yohimbine	inhibits	HTR2B
Mefloquine	inhibits	ABCB1
Adagrasib	inhibits	KRAS
Butabarbital	inhibits	GRIA4
Dextropropoxyphene	inhibits	UGT2B4
Fostamatinib	inhibits	NEK2
Fenofibrate	inhibits	MMP25
Carbamazepine	inhibits	CYP1A2
Fostamatinib	inhibits	PDGFRB
Tecovirimat	inhibits	OPG057
XL-281	inhibits	Serine/threonine-protein kinase B-raf
Loracarbef	inhibits	SLC15A1
Prilocaine	inhibits	SCN5A
Warfarin	inhibits	CYP2C19
Selumetinib	inhibits	MAP2K2
GUSACITINIB	inhibits	Tyrosine-protein kinase SYK
Isavuconazole	inhibits	ERG11
Capmatinib	inhibits	CYP1A2
Doxepin	inhibits	CHRM1
Ketoconazole	inhibits	ABCB11
Velpatasvir	inhibits	ABCG2
Perphenazine	inhibits	CYP2D6
PRALSETINIB	inhibits	Proto-oncogene tyrosine-protein kinase receptor Ret
Regorafenib	inhibits	FGFR1
Nortriptyline	inhibits	HRH1
Danazol	inhibits	CYP3A4
Rivastigmine	inhibits	ACHE
Remibrutinib	inhibits	CYP2C19
4,8,5'-Trimethylpsoralen	inhibits	Cytochrome P450 3A4
Tamoxifen	inhibits	ESR2
Etoposide	inhibits	CYP3A4
Rifampin	inhibits	SLC22A8
Dabrafenib	inhibits	CYP1A2
Asenapine	inhibits	HTR7
Fosaprepitant	inhibits	CYP3A4
Hesperetin	inhibits	Cytochrome P450 1B1
Amlodipine	inhibits	CACNB1
Nerandomilast	inhibits	PDE4B
1-Methylxanthine	inhibits	Solute carrier organic anion transporter family member 1B3
Azithromycin	inhibits	CYP3A4
6-Hydroxyluteolin 6,7,3',4'-tetramethyl ether	inhibits	Cytochrome P450 2C19
Piroxicam	inhibits	SLC22A6
Glyburide	inhibits	ABCA1
Betulin	inhibits	Solute carrier organic anion transporter family member 1B1
Chrysin	inhibits	Cytochrome P450 1A2
DABRAFENIB MESYLATE	inhibits	Serine/threonine-protein kinase B-raf
Torasemide	inhibits	SLC12A1
Reserpine	inhibits	SLCO2B1
Gepotidacin	inhibits	gyrA
Sparsentan	inhibits	AGTR1
Diclofenac	inhibits	SLCO1B1
Erythromycin	inhibits	CYP3A4
Lopinavir	inhibits	CYP3A4
Amitriptyline	inhibits	GSTA1
Atogepant	inhibits	SLCO1B1
Elinzanetant	inhibits	TACR3
Camostat	inhibits	CCK
Ethambutol	inhibits	embB
Sulindac	inhibits	SLC22A6
Cenobamate	inhibits	CYP3A5
Quinethazone	inhibits	SLC12A1
Azelaic acid	inhibits	Solute carrier organic anion transporter family member 1B1
GW-813893	inhibits	F10
Enzalutamide	inhibits	CYP2B6
Vincristine	inhibits	SLCO1B3
Benzonatate	inhibits	SCN5A
Lenvatinib	inhibits	ABCB11
Lepirudin	inhibits	F2
Azelastine	inhibits	CYP2C19
Lamotrigine	inhibits	GABRA1
Abemaciclib	inhibits	CYP2B6
Lisinopril	inhibits	Solute carrier organic anion transporter family member 1B1
Rucaparib	inhibits	SLCO1B3
Trovafloxacin	inhibits	CYP1A2
Ranitidine	inhibits	HRH2
Cefdinir	inhibits	MPO
Armodafinil	inhibits	CYP2C9
Paltusotine	inhibits	CYP2C19
Nifedipine	inhibits	CACNA1S
Ziftomenib	inhibits	UGT1A9
Encorafenib	inhibits	SLCO1B1
Encorafenib	inhibits	STK36
Fostamatinib	inhibits	CDK16
Repotrectinib	inhibits	SLC47A2
Rosiglitazone	inhibits	CYP2C9
Methylphenidate	inhibits	SLC6A2
Hydroflumethiazide	inhibits	SLC22A6
Benazepril	inhibits	ACE
Cisapride	inhibits	CYP2D6
Acetylsalicylic acid	inhibits	SLC22A6
Quetiapine	inhibits	DRD2
Apiole	inhibits	Solute carrier organic anion transporter family member 1B3
PEXMETINIB	inhibits	Mitogen-activated protein kinase 14
Ritonavir	inhibits	pol
shikimate	inhibits	Solute carrier organic anion transporter family member 1B1
Diethylpropion	inhibits	SLC6A2
Brexpiprazole	inhibits	HTR2A
Cloxacillin	inhibits	SLC15A1
Mavorixafor	inhibits	CXCR4
Amprenavir	inhibits	SLCO1B1
Resmetirom	inhibits	ABCG2
RG-1530	inhibits	Receptor-type tyrosine-protein kinase FLT3
Norfloxacin	inhibits	TOP2A
(2S)-pinocembrin	inhibits	Solute carrier organic anion transporter family member 1B1
FORETINIB	inhibits	Receptor-type tyrosine-protein kinase FLT3
Phloretin	inhibits	Solute carrier organic anion transporter family member 1B3
Lenvatinib	inhibits	CYP2B6
Hydrocotarnine	inhibits	Cytochrome P450 2D6
Remibrutinib	inhibits	ABCB1
Abacavir	inhibits	pol
Interferon alfa-2b	inhibits	CYP1A2
Acoramidis	inhibits	CYP2C9
Lymecycline	inhibits	rpsD
Ceftibuten	inhibits	mrcB
Epirubicin	inhibits	PLA2G4A
Delafloxacin	inhibits	gyrA
Gossypol	inhibits	Cytochrome P450 2C19
Fluoxymesterone	inhibits	NR3C1
Drospirenone	inhibits	AR
Etoposide	inhibits	TOP2A
Tolterodine	inhibits	CHRM3
FENEBRUTINIB	inhibits	Tyrosine-protein kinase BTK
Mazindol	inhibits	SLC6A3
Benzocaine	inhibits	Solute carrier organic anion transporter family member 1B1
Curcumin	inhibits	Cytochrome P450 2C9
Venlafaxine	inhibits	SLC6A2
Hesperidin	inhibits	Solute carrier organic anion transporter family member 1B3
Progesterone	inhibits	CYP3A7
Quercetin	inhibits	Cytochrome P450 2C9
Fluphenazine	inhibits	CALM1
Prazosin	inhibits	KCNH2
WHI-P131	inhibits	Tyrosine-protein kinase JAK3
Pexidartinib	inhibits	SLCO2B1
Lomefloxacin	inhibits	TOP2B
AZM-475271	inhibits	Proto-oncogene tyrosine-protein kinase Src
Baricitinib	inhibits	TYK2
EVOBRUTINIB	inhibits	Tyrosine-protein kinase BTK
Melatonin	inhibits	Solute carrier organic anion transporter family member 1B1
Dapagliflozin	inhibits	SLC5A2
Topiramate	inhibits	CA4
Bicalutamide	inhibits	CYP2C19
Pyridostigmine	inhibits	BCHE
Fostamatinib	inhibits	CAMK2B
Safrole	inhibits	Cytochrome P450 1A2
Pacritinib	inhibits	CYP1A2
Imipramine	inhibits	SLC6A3
Orphenadrine	inhibits	GRIN3B
Boldione	inhibits	Solute carrier organic anion transporter family member 1B3
Vortioxetine	inhibits	SLC6A4
Trihexyphenidyl	inhibits	CHRM1
Palovarotene	inhibits	SLC22A1
Fostamatinib	inhibits	MAP3K10
Theasinensin D	inhibits	Solute carrier organic anion transporter family member 1B3
Fostamatinib	inhibits	DAPK1
Niacin	inhibits	CYP3A4
Deoxyadenosine	inhibits	Solute carrier organic anion transporter family member 1B3
Encorafenib	inhibits	CCND1
Verapamil	inhibits	CACNA1H
Orlistat	inhibits	PNLIP
Etravirine	inhibits	ABCB4
Aripiprazole	inhibits	HTR6
Revumenib	inhibits	CYP3A4
Asunaprevir	inhibits	gag-pol
Sulfaquinoxaline	inhibits	Cytochrome P450 2C9
Genistein	inhibits	Cytochrome P450 2C9
Levoketoconazole	inhibits	SLC22A2
Nilvadipine	inhibits	CYP3A4
Ivermectin	inhibits	SLCO1B3
Bedaquiline	inhibits	atpE
Hydroxychloroquine	inhibits	SLCO1A2
S-sulfo-L-cysteine	inhibits	Cytochrome P450 2C19
Tianeptine	inhibits	SLC6A4
FILGOTINIB	inhibits	Tyrosine-protein kinase JAK3
Zanubrutinib	inhibits	ERBB2
N-Acetyl-L-phenylalanine	inhibits	Solute carrier organic anion transporter family member 1B1
Indinavir	inhibits	SLC22A1
Nafamostat	inhibits	F2
ACUMAPIMOD	inhibits	Mitogen-activated protein kinase 14
Amoxapine	inhibits	HRH1
Estradiol valerate	inhibits	SLCO1A2
FAMITINIB	inhibits	Receptor-type tyrosine-protein kinase FLT3
Imlunestrant	inhibits	CYP2B6
Lofexidine	inhibits	ABCB5
Doxazosin	inhibits	ADRA1A
L-Acetylleucine	inhibits	SLC22A6
Fostamatinib	inhibits	DYRK1B
Idelalisib	inhibits	UGT1A4
Ribitol	inhibits	Solute carrier organic anion transporter family member 1B3
Lopinavir	inhibits	SLCO1B3
Cefaclor	inhibits	pbpA
Fostamatinib	inhibits	TGFBR1
Ertugliflozin	inhibits	UGT1A4
Dronabinol	inhibits	CYP2D6
Oxybutynin	inhibits	CHRM3
Fusidic acid	inhibits	cat3
Ketoprofen	inhibits	PTGS1
Fenugrin E	inhibits	Solute carrier organic anion transporter family member 1B3
Pazopanib	inhibits	FGF1
Valbenazine	inhibits	SLC18A2
Tamoxifen	inhibits	CYP2C8
Levoketoconazole	inhibits	CYP51A1
Diosmetin	inhibits	Cytochrome P450 1A1
Cyproheptadine	inhibits	HTR2A
Na-Formyl-1-methyl-b-carboline	inhibits	Solute carrier organic anion transporter family member 1B3
Lopinavir	inhibits	CYP1A2
Fostamatinib	inhibits	RIPK4
Brincidofovir	inhibits	POLE2
Imidazole	inhibits	Cytochrome P450 3A4
Letermovir	inhibits	ABCB11
Berotralstat	inhibits	ABCB1
Guaifenesin	inhibits	GRIN1
PF-03715455	inhibits	Mitogen-activated protein kinase 14
Paritaprevir	inhibits	SLCO1B1
Pizotifen	inhibits	CHRM3
Menadione	inhibits	Cytochrome P450 2D6
Tolbutamide	inhibits	SLCO1A2
Ketoprofen	inhibits	ABCC4
Solifenacin	inhibits	CHRM5
Epirubicin	inhibits	TOP2A
Clofarabine	inhibits	RRM2B
Buspirone	inhibits	ABCB1
Fludarabine	inhibits	ADA
Olutasidenib	inhibits	SLCO1B3
Nintedanib	inhibits	FLT4
Daphnetin	inhibits	Cytochrome P450 2D6
Methotrexate	inhibits	SLC22A8
Scopoletin	inhibits	Solute carrier organic anion transporter family member 1B1
Pyrimethamine	inhibits	CYP2C8
Elacestrant	inhibits	ABCG2
4',5,7-Trimethylapigenin	inhibits	ATP-dependent translocase ABCB1
Diclofenac	inhibits	ASIC1
Venlafaxine	inhibits	ABCB1
Fostamatinib	inhibits	EPHA3
Spironolactone	inhibits	AR
Fostamatinib	inhibits	PRKCI
Sulfasalazine	inhibits	SLC10A1
Nabilone	inhibits	CYP2C8
Fostamatinib	inhibits	FAAH
Nifedipine	inhibits	CYP2E1
Charantin	inhibits	Solute carrier organic anion transporter family member 1B1
Tigogenin	inhibits	Solute carrier organic anion transporter family member 1B1
Quinidine	inhibits	KCNK1
Promethazine	inhibits	ABCC3
Lamotrigine	inhibits	DRD2
Aminosalicylic acid	inhibits	PTGS2
Nonate	inhibits	Solute carrier organic anion transporter family member 1B3
Primidone	inhibits	GRIA2
Nefazodone	inhibits	SLCO1B3
Ganciclovir	inhibits	SLC22A6
Trimipramine	inhibits	ADRA1B
Leniolisib	inhibits	SLCO1B1
BELZUTIFAN	inhibits	Endothelial PAS domain-containing protein 1
Oxybutynin	inhibits	CHRM2
Cefprozil	inhibits	pbpX
PANULISIB	inhibits	Serine/threonine-protein kinase mTOR
Gemfibrozil	inhibits	SLC22A8
Nortriptyline	inhibits	HTR2C
Cefadroxil	inhibits	SLC22A6
Graveoline	inhibits	Cytochrome P450 2C19
Ferulic acid	inhibits	CA12
Niraparib	inhibits	PARP1
Raloxifene	inhibits	CYP19A1
1,4-Dimethylnapthalene	inhibits	Cytochrome P450 1A2
N-Acetylleucine	inhibits	Solute carrier organic anion transporter family member 1B3
Infigratinib	inhibits	FGFR3
Fusidic acid	inhibits	CYP2D6
1,3-Benzenediol	inhibits	Solute carrier organic anion transporter family member 1B3
Nefazodone	inhibits	CYP2B
Graveoline	inhibits	Cytochrome P450 3A4
D-Glycero-D-manno-heptitol	inhibits	Solute carrier organic anion transporter family member 1B3
Flumazenil	inhibits	GABRG2
Moxifloxacin	inhibits	parC
Fostamatinib	inhibits	PLK1
Grepafloxacin	inhibits	gyrA
Trospium	inhibits	CHRM1
Escitalopram	inhibits	HTR2A
Fostamatinib	inhibits	PIK3C2G
Midostaurin	inhibits	CYP2C9
Hydroxyzine	inhibits	CYP2D6
Loperamide	inhibits	ATP-dependent translocase ABCB1
Chalconaringenin	inhibits	Cytochrome P450 3A4
Ciprofloxacin	inhibits	CYP1A2
Fostamatinib	inhibits	PIP4K2B
Dronabinol	inhibits	CYP1A2
Cefixime	inhibits	SLC15A2
Vortioxetine	inhibits	HTR7
Lesinurad	inhibits	SLC22A12
Stiripentol	inhibits	CYP2C19
Tioguanine	inhibits	ABCC4
Fingolimod	inhibits	ABCB1
Olaparib	inhibits	ABCG2
Apigenin	inhibits	Cytochrome P450 2C9
Nalidixic acid	inhibits	CYP1A2
Betamipron	inhibits	Solute carrier organic anion transporter family member 1B1
Rilpivirine	inhibits	CYP2E1
Patulin	inhibits	Solute carrier organic anion transporter family member 1B1
Fostamatinib	inhibits	MARK2
Tetracycline	inhibits	rpsC
trans-resveratrol	inhibits	Cytochrome P450 2C19
Amiloride	inhibits	SLC22A2
Lovastatin	inhibits	SLCO1A2
Enkephalin L	inhibits	Solute carrier organic anion transporter family member 1B1
Lactulose	inhibits	Solute carrier organic anion transporter family member 1B3
Regorafenib	inhibits	FLT1
Desipramine	inhibits	ADRB2
Vimseltinib	inhibits	SLCO1B3
Mobocertinib	inhibits	ABCB1
Guaifenesin	inhibits	Solute carrier organic anion transporter family member 1B1
beta-Sitosterol	inhibits	Solute carrier organic anion transporter family member 1B1
Kynurenic acid	inhibits	Solute carrier organic anion transporter family member 1B3
OSILODROSTAT PHOSPHATE	inhibits	Cytochrome P450 11B1, mitochondrial
Perampanel	inhibits	GRIA1
Kaempferol	inhibits	Cytochrome P450 1B1
Haloperidol	inhibits	HRH1
Clotrimazole	inhibits	ATP-dependent translocase ABCB1
Asenapine	inhibits	DRD3
Raloxifene	inhibits	CYP2C8
Elacestrant	inhibits	ESR1
4'-Methoxychalcone	inhibits	Solute carrier organic anion transporter family member 1B1
Panobinostat	inhibits	HDAC1
Belumosudil	inhibits	ABCG2
Sulfadimidine	inhibits	Solute carrier organic anion transporter family member 1B1
Lenvatinib	inhibits	PDGFRA
Sirolimus	inhibits	ABCB1
Pibrentasvir	inhibits	NS5A
Olutasidenib	inhibits	SLC22A8
Tranylcypromine	inhibits	MAOA
Enzalutamide	inhibits	AR
Tenofovir alafenamide	inhibits	rt
Abiraterone	inhibits	CYP17A1
Plumbagin	inhibits	Cytochrome P450 2D6
ARQ-736	inhibits	Serine/threonine-protein kinase B-raf
Nicotine	inhibits	SLC22A4
Suvorexant	inhibits	HCRTR2
Rifamycin	inhibits	rpoB
Levofloxacin	inhibits	gyrA
Theasinensin D	inhibits	Solute carrier organic anion transporter family member 1B1
Tetrabenazine	inhibits	SLC18A2
Sulfinpyrazone	inhibits	CYP2C9
Loratadine	inhibits	Cytochrome P450 3A4
Nitrazepam	inhibits	CYP2E1
Ziprasidone	inhibits	CHRM3
Sitagliptin	inhibits	DPP4
Ursodeoxycholic acid	inhibits	SLC10A1
Ritonavir	inhibits	CYP2C8
Estradiol cypionate	inhibits	SLC22A11
Celastrol	inhibits	Solute carrier organic anion transporter family member 1B3
Saquinavir	inhibits	ABCB1
Peucedanin	inhibits	Solute carrier organic anion transporter family member 1B1
Binimetinib	inhibits	MAP2K2
Gelatin	inhibits	Cytochrome P450 3A4
Hyoscyamine	inhibits	ADCY1
Fostamatinib	inhibits	CAMK2A
Enasidenib	inhibits	IDH3A
Velpatasvir	inhibits	SLCO1B1
Imipramine	inhibits	ADRA1A
Fostamatinib	inhibits	FER
Nevirapine	inhibits	CYP1A2
Gemfibrozil	inhibits	SLCO1B3
Sparsentan	inhibits	ABCG2
Meperidine	inhibits	GRIN2B
CERALASERTIB	inhibits	Serine/threonine-protein kinase ATR
Indomethacin	inhibits	ABCC6
Cabergoline	inhibits	ADRA2B
Acoramidis	inhibits	SLC22A8
Ertugliflozin	inhibits	SLC5A2
Rifamycin	inhibits	CYP2C8
Clonidine	inhibits	SLC22A3
Cannabidiol	inhibits	CYP2E1
Ganciclovir	inhibits	SLC22A7
Flecainide	inhibits	SCN5A
Baloxavir marboxil	inhibits	ABCB1
Nalmefene	inhibits	OPRD1
2,3-Dihydroxybenzoic acid	inhibits	Solute carrier organic anion transporter family member 1B3
Imperatorin	inhibits	Solute carrier organic anion transporter family member 1B1
Lindane	inhibits	GABRR1
Umbralisib	inhibits	PIK3CD
Lovastatin	inhibits	SLCO1B1
Clavulanic acid	inhibits	blaZ
Fostamatinib	inhibits	EPHB2
Ziprasidone	inhibits	HTR6
Netupitant	inhibits	CYP3A4
Aprocitentan	inhibits	EDNRA
Lignans	inhibits	Cytochrome P450 3A4
Asenapine	inhibits	DRD2
Fostamatinib	inhibits	FLT4
MARIMASTAT	inhibits	Matrix metalloproteinase-9
KW-2449	inhibits	Tyrosine-protein kinase ABL1
Probenecid	inhibits	SLC10A1
Bepridil	inhibits	CACNA2D2
(±)-Isomenthone	inhibits	Solute carrier organic anion transporter family member 1B3
Cariprazine	inhibits	HRH1
Doxorubicin	inhibits	ABCC3
Flurazepam	inhibits	CYP2E1
Felodipine	inhibits	CYP2D6
Rhamnoisoliquiritin	inhibits	Cytochrome P450 2C19
Myricetin 3-digalactoside	inhibits	Cytochrome P450 1B1
Trimebutine	inhibits	CHRM4
(+)-Isomenthone	inhibits	Solute carrier organic anion transporter family member 1B3
Doxepin	inhibits	HRH1
Ethylenediaminetetraacetic acid	inhibits	Solute carrier organic anion transporter family member 1B1
Triclabendazole	inhibits	CYP2A6
Ubrogepant	inhibits	SLCO1B1
Isavuconazole	inhibits	SCN5A
Desipramine	inhibits	SLC22A5
Oxatomide	inhibits	HRH1
Brigatinib	inhibits	SLC47A1
Zonisamide	inhibits	SCN2A
Omega-3-acid ethyl esters	inhibits	SOAT1
Temsirolimus	inhibits	MTOR
Zinc sulfate, unspecified form	inhibits	APOE
Betaine	inhibits	BCHE
LS-104	inhibits	Tyrosine-protein kinase JAK2
Alfuzosin	inhibits	ADRA1B
Fostamatinib	inhibits	CAMK1G
Dofetilide	inhibits	KCNH2
Cabozantinib	inhibits	KDR
Succinylacetone	inhibits	Solute carrier organic anion transporter family member 1B1
Serotonin	inhibits	Cytochrome P450 2D6
2,4,5-Trimethoxybenzaldehyde	inhibits	Solute carrier organic anion transporter family member 1B3
Astemizole	inhibits	HRH1
Buprenorphine	inhibits	ABCG2
Selpercatinib	inhibits	FLT4
Biperiden	inhibits	CHRM1
Tivozanib	inhibits	FLT4
Nafcillin	inhibits	SLC22A6
Safinamide	inhibits	CYP3A5
Asenapine	inhibits	HTR6
Sorafenib	inhibits	CYP3A4
Sorafenib	inhibits	FGFR1
Minocycline	inhibits	SLC22A6
Atorvastatin	inhibits	CYP2D6
Kynurenine	inhibits	Solute carrier organic anion transporter family member 1B1
Fostamatinib	inhibits	DAPK2
Apiole	inhibits	Cytochrome P450 3A4
Isoniazid	inhibits	CYP2E1
Nilotinib	inhibits	UGT1A1
Dasatinib	inhibits	NR4A3
Pyrimethamine	inhibits	DHFR
Fenofibrate	inhibits	CYP2C9
Remibrutinib	inhibits	CYP2B6
Bergapten	inhibits	Cytochrome P450 1A1
Tolnaftate	inhibits	Cytochrome P450 2C9
Antithrombin Alfa	inhibits	F2
Pacritinib	inhibits	FLT3
Phenylhydrazine	inhibits	Cytochrome P450 1A2
AT-9283	inhibits	Tyrosine-protein kinase JAK3
Naproxen	inhibits	SLC22A6
Rose oxide (cis)	inhibits	Solute carrier organic anion transporter family member 1B3
Fostamatinib	inhibits	IRAK3
Tazemetostat	inhibits	SLC47A2
Carvedilol	inhibits	VEGFA
Acarbose	inhibits	AMY2A
Asenapine	inhibits	HTR2B
TARIQUIDAR	inhibits	ATP-dependent translocase ABCB1
Dexfenfluramine	inhibits	CYP2E1
Verapamil	inhibits	SLC47A2
LOSMAPIMOD	inhibits	Mitogen-activated protein kinase 11
Atenolol	inhibits	Solute carrier organic anion transporter family member 1B3
Acetylsalicylic acid	inhibits	HMGCR
Aprepitant	inhibits	CYP2C19
Cannabidiol	inhibits	VDAC1
Zonisamide	inhibits	MAOA
Cholic Acid	inhibits	SLC22A7
Anastrozole	inhibits	CYP19A1
Fluvoxamine	inhibits	KCNH2
Ibuprofen	inhibits	ABCC1
Paclitaxel	inhibits	CYP19A1
Zonisamide	inhibits	SCN9A
N-Methylnicotinamide	inhibits	Solute carrier organic anion transporter family member 1B1
Diltiazem	inhibits	CYP3A5
Methadone	inhibits	CHRNB2
Metronidazole	inhibits	ABCB1
MOTESANIB	inhibits	Proto-oncogene tyrosine-protein kinase receptor Ret
FEDRATINIB HYDROCHLORIDE	inhibits	Tyrosine-protein kinase JAK2
Nicotinic acid	inhibits	Solute carrier organic anion transporter family member 1B1
Methazolamide	inhibits	CA7
Etravirine	inhibits	ABCB1
FIBOFLAPON SODIUM	inhibits	Arachidonate 5-lipoxygenase-activating protein
Trofinetide	inhibits	SLCO1B1
Cannabidiol	inhibits	CNR1
Pretomanid	inhibits	cmaA2
Norfloxacin	inhibits	parC
Dronedarone	inhibits	CACNA1C
Dronabinol	inhibits	CYP2C19
Pentoxyverine	inhibits	OPRM1
CERDULATINIB	inhibits	Tyrosine-protein kinase SYK
Ketoconazole	inhibits	CYP19A1
Hydrochlorothiazide	inhibits	Solute carrier organic anion transporter family member 1B1
Duloxetine	inhibits	CYP3A4
BMS-911543	inhibits	Tyrosine-protein kinase JAK2
Ribavirin	inhibits	PB1
PRALSETINIB	inhibits	Kinesin-1 heavy chain/ Tyrosine-protein kinase receptor RET
Dextromethorphan	inhibits	CYBA
PEXIDARTINIB	inhibits	Receptor-type tyrosine-protein kinase FLT3
KW-2449	inhibits	Receptor-type tyrosine-protein kinase FLT3
Oxytetracycline	inhibits	rpsI
Promethazine	inhibits	HRH2
Lenvatinib	inhibits	FLT4
Sapropterin	inhibits	ABCB1
Aminoglutethimide	inhibits	CYP11A1
Saccharin, ammonium salt	inhibits	Solute carrier organic anion transporter family member 1B3
Sparsentan	inhibits	EDNRA
Fd&c blue no. 1, calcium lake	inhibits	Solute carrier organic anion transporter family member 1B1
Nortriptyline	inhibits	HTR1A
Sulfinpyrazone	inhibits	ABCC4
Ofloxacin	inhibits	SLC22A4
Fostamatinib	inhibits	EPHA1
Imipramine	inhibits	CYP2C19
Regorafenib	inhibits	CYP2C19
Fostamatinib	inhibits	MET
Tenofovir	inhibits	pol
Brigatinib	inhibits	ERBB4
Donepezil	inhibits	IL1B
Riluzole	inhibits	SCN5A
3-Hydroxyflavone	inhibits	Solute carrier organic anion transporter family member 1B3
Cortisone acetate	inhibits	SLCO1A2
Rucaparib	inhibits	CYP3A5
Paltusotine	inhibits	UGT1A1
Domperidone	inhibits	HTR2A
Clozapine	inhibits	HTR1B
Phloretin	inhibits	Cytochrome P450 2C19
Dexchlorpheniramine maleate	inhibits	SLC22A1
Pinostrobin chalcone	inhibits	Cytochrome P450 2C19
Doxepin	inhibits	CYP2D6
Sunitinib	inhibits	PDGFRB
6,7-Dimethylscutellarein	inhibits	Cytochrome P450 1B1
Treprostinil	inhibits	P2RY12
Fostamatinib	inhibits	CSNK1A1
Dimethyl fumarate	inhibits	RELA
Felbamate	inhibits	CYP2C9
Chlorpromazine	inhibits	ADRA1B
Fostamatinib	inhibits	EPHA6
Fexinidazole	inhibits	SLC22A2
Brivaracetam	inhibits	SCN1A
Azatadine	inhibits	HRH1
Nicotine	inhibits	SLC22A1
Rifamycin	inhibits	SLCO2A1
Regorafenib	inhibits	RET
REGORAFENIB	inhibits	Mitogen-activated protein kinase 11
ROPSACITINIB	inhibits	Non-receptor tyrosine-protein kinase TYK2
Brigatinib	inhibits	MET
Rhamnoisoliquiritin	inhibits	Cytochrome P450 2C9
Entecavir	inhibits	rt
Vincristine	inhibits	TUBB
Fluphenazine	inhibits	AR
Miglitol	inhibits	GANAB
Fostamatinib	inhibits	MAPKAPK5
Baloxavir marboxil	inhibits	CYP3A4
Febuxostat	inhibits	ABCG2
Ibuprofen	inhibits	CFTR
Vandetanib	inhibits	ABCG2
Boceprevir	inhibits	NS3/4A
2-alpha-hydroxy-3-beta-{[(2Z)-3-phenyl-1-oxo-2-propenyl]oxy}olean-12-en-28-oic acid	inhibits	Solute carrier organic anion transporter family member 1B3
Chrysoeriol 7-triglucuronide	inhibits	Cytochrome P450 1A2
DEURUXOLITINIB PHOSPHATE	inhibits	Tyrosine-protein kinase JAK2
3-(3,4-Dimethoxyphenyl)-2-propenoic acid	inhibits	Solute carrier organic anion transporter family member 1B3
Fosamprenavir	inhibits	pol
Fostamatinib	inhibits	SRMS
beta-Ionone	inhibits	Cytochrome P450 3A4
Palbociclib	inhibits	ABCG2
Ivosidenib	inhibits	ABCB1
Doxepin	inhibits	ADRA1A
(-)-Isomenthone	inhibits	Solute carrier organic anion transporter family member 1B1
Pralsetinib	inhibits	CYP3A5
PELITREXOL	inhibits	Trifunctional purine biosynthetic protein adenosine-3
Paroxetine	inhibits	SLC6A2
Isoliquiritigenin	inhibits	Solute carrier organic anion transporter family member 1B1
ALECTINIB HYDROCHLORIDE	inhibits	Proto-oncogene tyrosine-protein kinase receptor Ret
Catechin	inhibits	Solute carrier organic anion transporter family member 1B1
Cerivastatin	inhibits	CYP2C8
Pentazocine	inhibits	OPRM1
Chlorthalidone	inhibits	CA1
Linagliptin	inhibits	DPP4
(R)-Heraclenol	inhibits	Cytochrome P450 1A1
Risperidone	inhibits	CYP2D6
Tranylcypromine	inhibits	CYP2C9
Fostamatinib	inhibits	FGFR3
Diclofenamide	inhibits	CA2
Simvastatin	inhibits	HDAC2
Brexpiprazole	inhibits	CHRM1
Gemfibrozil	inhibits	UGT1A1
alpha-Mangostin	inhibits	Cytochrome P450 2C9
Glyburide	inhibits	SLC22A7
Clofenotane	inhibits	Solute carrier organic anion transporter family member 1B3
alpha-Catechin	inhibits	Solute carrier organic anion transporter family member 1B1
Cerivastatin	inhibits	HMGCR
Enasidenib	inhibits	IDH2
Apalutamide	inhibits	SLC47A1
Flunitrazepam	inhibits	UGT1A1
Escitalopram	inhibits	Cytochrome P450 2C19
Ranitidine	inhibits	ABCB1
Caffeine	inhibits	Solute carrier organic anion transporter family member 1B3
Estradiol acetate	inhibits	CYP1A2
Paclitaxel	inhibits	CYP1B1
Sulfasalazine	inhibits	NFKB1
Benzgalantamine	inhibits	BCHE
Docetaxel	inhibits	CYP3A4
Fostamatinib	inhibits	BMPR2
Tetrahydrocortisone	inhibits	Solute carrier organic anion transporter family member 1B1
Pizotifen	inhibits	CHRM2
Vimseltinib	inhibits	ABCB11
Tramadol	inhibits	GRIN1
Fluspirilene	inhibits	DRD2
(-)-alpha-Narcotine	inhibits	Cytochrome P450 2C9
Psoralen	inhibits	Cytochrome P450 2D6
[6]-Shogaol	inhibits	Cytochrome P450 2C8
Estrone	inhibits	ABCG2
Velpatasvir	inhibits	SLCO2B1
Ketoconazole	inhibits	CYP3A4
Imatinib	inhibits	CYP3A7
Vardenafil	inhibits	PDE5A
Theophylline	inhibits	ADA
Flupentixol	inhibits	DRD3
Fluoxetine	inhibits	KCNH2
Cerivastatin	inhibits	CYP2D6
Omeprazole	inhibits	CYP2D6
Milnacipran	inhibits	GRIN1
Rhoifolin	inhibits	Solute carrier organic anion transporter family member 1B3
Itraconazole	inhibits	SLCO2B1
Vadadustat	inhibits	EGLN3
Trimipramine	inhibits	SLC6A4
Remibrutinib	inhibits	CYP1A2
Amoxapine	inhibits	HTR2A
Asciminib	inhibits	ABL1
Viloxazine	inhibits	SLC6A2
Fomepizole	inhibits	CYP2E1
Stanozolol	inhibits	Cytochrome P450 2C9
p,p'-DDE	inhibits	Solute carrier organic anion transporter family member 1B1
Epigallocatechin 3,5-digallate	inhibits	Solute carrier organic anion transporter family member 1B3
Menadione	inhibits	Cytochrome P450 2C9
Solifenacin	inhibits	CHRM3
Tiotropium	inhibits	CHRM1
Brexpiprazole	inhibits	HTR7
RIPASUDIL	inhibits	Rho-associated protein kinase
Fostamatinib	inhibits	TNNI3K
AC-480	inhibits	Receptor tyrosine-protein kinase erbB-2
Vorasidenib	inhibits	IDH3B
3-O-Caffeoyl-muco-quinic acid	inhibits	Solute carrier organic anion transporter family member 1B1
Metoprolol	inhibits	ADRB1
Imipramine	inhibits	KCNH1
Tinzaparin	inhibits	ADAMTS4
Estrone sulfate	inhibits	Solute carrier organic anion transporter family member 1B1
Ethinylestradiol	inhibits	CYP2C19
Ponatinib	inhibits	KIT
Cladribine	inhibits	POLA1
beta-Amyrin	inhibits	Solute carrier organic anion transporter family member 1B1
Legumelin	inhibits	Cytochrome P450 2C19
Zanubrutinib	inhibits	LCK
Rhamnoisoliquiritin	inhibits	Solute carrier organic anion transporter family member 1B1
Pirtobrutinib	inhibits	CYP1A2
Azelastine	inhibits	CYP2A6
Physcion	inhibits	Solute carrier organic anion transporter family member 1B3
Droxidopa	inhibits	SLC16A10
Regorafenib	inhibits	FRK
Brigatinib	inhibits	ERBB2
Regorafenib	inhibits	NTRK1
Naringin	inhibits	Solute carrier organic anion transporter family member 1B1
Sparsentan	inhibits	SLC22A8
Eugenyl benzoate	inhibits	Cytochrome P450 3A4
Morin	inhibits	Cytochrome P450 2C9
Tovorafenib	inhibits	CYP2C8
Celecoxib	inhibits	Solute carrier organic anion transporter family member 1B1
Ginkgolide A	inhibits	Solute carrier organic anion transporter family member 1B3
Ciprofloxacin	inhibits	parE
Fostamatinib	inhibits	MAP3K3
Tivozanib	inhibits	FLT1
Bumetanide	inhibits	SLC12A2
GSK2982772	inhibits	Receptor-interacting serine/threonine-protein kinase 1
Encorafenib	inhibits	SLC22A8
Bumetanide	inhibits	SLC22A8
Drospirenone	inhibits	PTGS2
Ziprasidone	inhibits	CHRM2
Celecoxib	inhibits	ABCC4
Enasidenib	inhibits	SLCO1B1
4-Methylthio-3-butenyl isothiocyanate	inhibits	Solute carrier organic anion transporter family member 1B3
Flavoxate	inhibits	CHRM2
Desipramine	inhibits	CYP2E1
Atovaquone	inhibits	CYP2C9
Coumarin	inhibits	CA12
CERDULATINIB	inhibits	Tyrosine-protein kinase JAK3
Fostamatinib	inhibits	FLT3
Chlorprothixene	inhibits	DRD2
5,7-Dimethylchrysin	inhibits	Solute carrier organic anion transporter family member 1B3
Verapamil	inhibits	ADRA1B
Roxadustat	inhibits	EGLN1
Acetylsalicylic acid	inhibits	NEU1
Citalopram	inhibits	CYP2D6
Nootkatone	inhibits	Cytochrome P450 2C19
AZD-8330	inhibits	Dual specificity mitogen-activated protein kinase kinase 1
Chrysoeriol	inhibits	Cytochrome P450 1A1
Ritlecitinib	inhibits	TXK
Ceritinib	inhibits	ALK
Chlorpromazine	inhibits	HTR2C
Phenelzine	inhibits	CYP2D6
Methotrimeprazine	inhibits	CHRM3
Ofloxacin	inhibits	parC
Isavuconazole	inhibits	CYP2C19
Doravirine	inhibits	gag-pol
Orlistat	inhibits	PLA2G4A
Fostamatinib	inhibits	PI4KB
Luteolin 7-rhamnosylglucoside	inhibits	Cytochrome P450 1B1
Atrasentan	inhibits	CYP3A4
Celecoxib	inhibits	CDH11
Momelotinib	inhibits	FLT3
Orphenadrine	inhibits	CYP1A2
Phenelzine	inhibits	AOC3
Conjugated estrogens	inhibits	SLC10A1
Felodipine	inhibits	ABCB1
Fostamatinib	inhibits	STK3
TUCATINIB	inhibits	Receptor tyrosine-protein kinase erbB-2
Estradiol cypionate	inhibits	SLC22A3
Creatinine	inhibits	Solute carrier organic anion transporter family member 1B3
Abiraterone	inhibits	CYP2C8
Romidepsin	inhibits	HDAC1
Quinethazone	inhibits	CA2
SAPITINIB	inhibits	Receptor tyrosine-protein kinase erbB-2
Cefixime	inhibits	SLC22A7
Scopolamine	inhibits	SI
MK-8353	inhibits	Mitogen-activated protein kinase 1
Aripiprazole	inhibits	HTR1B
Aminosalicylic acid	inhibits	ALOX5
Amobarbital	inhibits	GRIK2
Aminocaproic acid	inhibits	PLG
Sertraline	inhibits	CYP2B6
Amlodipine	inhibits	CYP3A5
Bictegravir	inhibits	pol
Methscopolamine bromide	inhibits	CHRM1
Lurasidone	inhibits	DRD2
Atazanavir	inhibits	ABCC1
Dicoumarol	inhibits	Cyp2c11
Trimipramine	inhibits	ADRA1A
Paclitaxel	inhibits	TUBB1
Fenugrin A	inhibits	Solute carrier organic anion transporter family member 1B3
SELPERCATINIB	inhibits	Proto-oncogene tyrosine-protein kinase receptor Ret
Cabozantinib	inhibits	AXL
Amiodarone	inhibits	CACNA1I
Fosphenytoin	inhibits	SCN5A
Osilodrostat	inhibits	CYP11B2
Dronabinol	inhibits	CYP2B6
BI-2536	inhibits	Serine/threonine-protein kinase PLK1
Fostamatinib	inhibits	PIP4K2C
Digoxin	inhibits	ATP1B2
Cloxacillin	inhibits	SLC22A8
Desipramine	inhibits	CHRM2
Chlorpromazine	inhibits	HTR7
Rimegepant	inhibits	SLC47A1
Loxoprofen	inhibits	PTGS2
RG-7602	inhibits	Serine/threonine-protein kinase Chk1
all-trans-retinyl palmitate	inhibits	Solute carrier organic anion transporter family member 1B3
Imatinib	inhibits	CYP3A4
Encorafenib	inhibits	SLC22A2
Luteolin	inhibits	Cytochrome P450 3A4
Drotrecogin alfa	inhibits	F8
Quinidine	inhibits	CYP2D6
Dicoumarol	inhibits	Cytochrome P450 2C9
Fostamatinib	inhibits	CTSL
Gefitinib	inhibits	EGFR
MOMELOTINIB DIHYDROCHLORIDE MONOHYDRATE	inhibits	Tyrosine-protein kinase JAK1
Zonisamide	inhibits	SCN1B
Levamlodipine	inhibits	SLC22A5
Mavorixafor	inhibits	CYP2C9
Chloramphenicol	inhibits	CYP3A7
Bortezomib	inhibits	CYP2C19
Nafamostat	inhibits	ICAM1
Ergoloid mesylate	inhibits	HTR1A
Ampicillin	inhibits	pbp1b
Levocarnitine	inhibits	SLCO1B1
Infigratinib	inhibits	FGFR4
Zafirlukast	inhibits	SLC10A1
Cis-5-Caffeoylquinic acid	inhibits	Solute carrier organic anion transporter family member 1B3
Pibrentasvir	inhibits	SLCO1B1
CEP-1347	inhibits	Mitogen-activated protein kinase kinase kinase 10
Lapatinib	inhibits	CYP2C8
Dronabinol	inhibits	ABCB1
Dipyridamole	inhibits	ABCC5
Conjugated estrogens	inhibits	SLCO1A2
Rilzabrutinib	inhibits	ABCB1
Vimseltinib	inhibits	ABCG2
Reserpine	inhibits	SLC18A1
Remibrutinib	inhibits	CYP2D6
Nirmatrelvir	inhibits	rep
Yohimbine	inhibits	KCNJ1
Nicotine	inhibits	SLC22A5
GANDOTINIB	inhibits	Tyrosine-protein kinase JAK2
Ziprasidone	inhibits	ADRA2B
Sulfasalazine	inhibits	PTGS1
Azelastine	inhibits	CYP2B6
Citalopram	inhibits	ABCB1
Ritonavir	inhibits	ABCB1
Pralsetinib	inhibits	SLC47A2
Brexanolone	inhibits	GABRB2
Naloxone	inhibits	ESR1
OBATOCLAX MESYLATE	inhibits	Bcl-2-like protein 2
Leniolisib	inhibits	SLCO1B3
Avacopan	inhibits	CYP2C9
Crizotinib	inhibits	CYP3A5
Amoxapine	inhibits	ADRA2A
3-Hydroxyflavone	inhibits	Cytochrome P450 1B1
Alendronic acid	inhibits	PTPRE
AZD-1236	inhibits	Matrix metalloproteinase-9
Formononetin	inhibits	Cytochrome P450 2C9
Lathosterol	inhibits	Solute carrier organic anion transporter family member 1B3
5alpha-Cholestane	inhibits	Solute carrier organic anion transporter family member 1B1
Dextromethorphan	inhibits	GRIN3A
ROCACETRAPIB	inhibits	Cholesteryl ester transfer protein
Gepotidacin	inhibits	TOP2B
Dexamethasone	inhibits	ABCG2
Lipoic acid	inhibits	Solute carrier organic anion transporter family member 1B3
Interferon gamma-1b	inhibits	CYP1A2
Rucaparib	inhibits	CYP3A7
Clomipramine	inhibits	CYP2D6
Papaverine	inhibits	Cytochrome P450 3A4
Lenvatinib	inhibits	SLCO1B1
Cladribine	inhibits	ADA
DACOMITINIB	inhibits	Receptor tyrosine-protein kinase erbB-4
N-Acetylarylamine	inhibits	Solute carrier organic anion transporter family member 1B3
loganin	inhibits	Solute carrier organic anion transporter family member 1B3
Isavuconazole	inhibits	ABCB1
Asciminib	inhibits	ABCG2
Suzetrigine	inhibits	SLCO1B3
Bupropion	inhibits	SLC22A2
Tamoxifen	inhibits	CYP2C9
Ximelagatran	inhibits	F2
Amiodarone	inhibits	CYP2J2
Protoporphyrin	inhibits	Cytochrome P450 2C19
6,7-Dimethylscutellarein	inhibits	Cytochrome P450 1A1
Vismodegib	inhibits	CYP2C19
Sertraline	inhibits	SLC6A2
1,5-bis(4-hydroxy-3-methoxyphenyl)-1,4-pentadien-3-one	inhibits	Cytochrome P450 2D6
OBATOCLAX MESYLATE	inhibits	Bcl-2-related protein A1
Quetiapine	inhibits	ADRA2B
Zonisamide	inhibits	SCN4B
Famotidine	inhibits	Solute carrier organic anion transporter family member 1B1
Luteolin 7-diglucoside	inhibits	Cytochrome P450 1A1
Ospemifene	inhibits	CYP2D6
trans-resveratrol	inhibits	Solute carrier organic anion transporter family member 1B1
Vismodegib	inhibits	CYP2C8
Voriconazole	inhibits	CYP2B6
Daidzein	inhibits	Cytochrome P450 2C9
Nintedanib	inhibits	LCK
Fostamatinib	inhibits	EPHB1
Arginine	inhibits	Cytochrome P450 2C19
Orlistat	inhibits	CNR1
POSELTINIB	inhibits	Tyrosine-protein kinase BTK
Nimodipine	inhibits	CACNB4
Carvedilol	inhibits	VCAM1
Tianeptine	inhibits	HTR1A
QUIZARTINIB DIHYDROCHLORIDE	inhibits	Receptor-type tyrosine-protein kinase FLT3
Dexchlorpheniramine maleate	inhibits	CYP2D6
SNS-314	inhibits	Serine/threonine-protein kinase Aurora
CC-401	inhibits	Mitogen-activated protein kinase 8
Zinc sulfate, unspecified form	inhibits	NME1
Fostamatinib	inhibits	CIT
Elexacaftor	inhibits	CYP1A2
Lenvatinib	inhibits	CYP2C8
(E)-3-(4-Hydroxyphenyl)-2-propenal	inhibits	Solute carrier organic anion transporter family member 1B1
SNX 5422	inhibits	Heat shock protein HSP90
Ketamine	inhibits	BCHE
Tramadol	inhibits	HTR2C
Velpatasvir	inhibits	NS5A
Methionine	inhibits	SLC16A10
(Z)-Resveratrol	inhibits	Cytochrome P450 2D6
Probenecid	inhibits	SLC16A7
Fluoxymesterone	inhibits	ESR1
Levoketoconazole	inhibits	CYP2C8
COBIMETINIB	inhibits	Dual specificity mitogen-activated protein kinase kinase 1
Dextromethorphan	inhibits	CHRNB4
Biochanin A	inhibits	Solute carrier organic anion transporter family member 1B1
Ponatinib	inhibits	FGFR3
Dipyridamole	inhibits	ABCC4
Ibuprofen	inhibits	SLC22A11
Doxepin	inhibits	ADRA1B
N-Acetyl-L-aspartic acid	inhibits	Solute carrier organic anion transporter family member 1B3
Triazolam	inhibits	CYP2C8
Gemifloxacin	inhibits	CYP1A2
Bromocriptine	inhibits	ADRA1A
Rose oxide (cis)	inhibits	Solute carrier organic anion transporter family member 1B1
NAVITOCLAX	inhibits	Bcl-2-like protein 2
Apigenin 7-O-beta-D-rutinoside	inhibits	Solute carrier organic anion transporter family member 1B3
Amoxicillin	inhibits	CYP2C8
Buprenorphine	inhibits	CYP3A4
Asunaprevir	inhibits	SLCO1B1
Levofloxacin	inhibits	SLC22A2
Acetazolamide	inhibits	SLC22A6
Encorafenib	inhibits	ABCB1
Tenapanor	inhibits	SLC9A3
Butabarbital	inhibits	GABRA1
Trimipramine	inhibits	HRH1
Genistein	inhibits	Cytochrome P450 2C19
Baloxavir marboxil	inhibits	CYP2C8
Taurodeoxycholic acid	inhibits	Solute carrier organic anion transporter family member 1B1
Enasidenib	inhibits	ABCB1
Afatinib	inhibits	ABCB1
Infigratinib	inhibits	ABCG2
Hydroquinone	inhibits	Cytochrome P450 3A4
Isavuconazole	inhibits	CYP3A5
Quinidine	inhibits	ADRA1D
Amantadine	inhibits	M
Zonisamide	inhibits	SCN3A
Apalutamide	inhibits	SLC22A8
Piperine	inhibits	Solute carrier organic anion transporter family member 1B3
Istradefylline	inhibits	ABCG2
Fujiglucon	inhibits	Solute carrier organic anion transporter family member 1B3
Humulene-alpha	inhibits	Solute carrier organic anion transporter family member 1B1
Fostamatinib	inhibits	FRK
Orlistat	inhibits	LIPF
cis-Caffeic acid	inhibits	Solute carrier organic anion transporter family member 1B3
Aficamten	inhibits	MYH7
Pentoxifylline	inhibits	NT5E
Acetaminophen	inhibits	Solute carrier organic anion transporter family member 1B1
Glutethimide	inhibits	CYP11A1
Viloxazine	inhibits	ADRB2
Delavirdine	inhibits	CYP3A4
Ketorolac	inhibits	PTGS2
Flunarizine	inhibits	CACNA1A
Osthol	inhibits	Cytochrome P450 2D6
Fd&c yellow no. 5, calcium lake	inhibits	Solute carrier organic anion transporter family member 1B3
Ponatinib	inhibits	FGFR1
Verapamil	inhibits	ABCC10
Bepridil	inhibits	PDE1B
Lindane	inhibits	ESR1
Palovarotene	inhibits	ABCB11
Captopril	inhibits	SLC15A1
Pegaspargase	inhibits	SERPINA7
Losartan	inhibits	CYP2C19
Ketazolam	inhibits	CYP3A4
Probenecid	inhibits	SLC2A9
Fostamatinib	inhibits	CDC42BPG
LY-2584702	inhibits	Ribosomal protein S6 kinase beta-1
Minocycline	inhibits	rpsI
Dibutyl phthalate	inhibits	Solute carrier organic anion transporter family member 1B1
Rilzabrutinib	inhibits	ABCG2
3-O-Methylkaempferol	inhibits	Cytochrome P450 2D6
Droxidopa	inhibits	PAH
Zanubrutinib	inhibits	EGFR
Conjugated estrogens	inhibits	ABCC3
Xanthotoxin	inhibits	Cytochrome P450 1A2
Viloxazine	inhibits	CHRM2
Dronedarone	inhibits	KCNQ1
Sparsentan	inhibits	CYP3A4
Zanubrutinib	inhibits	JAK3
Aripiprazole	inhibits	DRD2
Meclofenamic acid	inhibits	SLCO1C1
Clozapine	inhibits	GABRB1
Captopril	inhibits	LTA4H
Dabrafenib	inhibits	RAF1
Tepotinib	inhibits	SLC47A1
Estradiol acetate	inhibits	SLC22A1
Tovorafenib	inhibits	ARAF
Dronabinol	inhibits	CYP3A4
Ergotamine	inhibits	CYP3A4
Sildenafil	inhibits	Cytochrome P450 3A4
Atorvastatin	inhibits	Solute carrier organic anion transporter family member 1B3
MIDOSTAURIN	inhibits	Receptor-type tyrosine-protein kinase FLT3
Elagolix	inhibits	ABCB1
Diethylcarbamazine	inhibits	PTGS1
Sphondin	inhibits	Solute carrier organic anion transporter family member 1B3
Gabexate	inhibits	PLG
Tegaserod	inhibits	HTR4
Lonafarnib	inhibits	FNTB
Viloxazine	inhibits	CHRM4
Furosemide	inhibits	SLCO2A1
Fostamatinib	inhibits	EPHB6
Lamotrigine	inhibits	HRH1
Deuruxolitinib	inhibits	ABCG2
Ketamine	inhibits	NOS1
GANETESPIB	inhibits	Heat shock protein HSP90
Daphnetin	inhibits	Solute carrier organic anion transporter family member 1B3
Omeprazole	inhibits	CYP3A4
Promazine	inhibits	DRD2
Raloxifene	inhibits	CYP2B6
Mifepristone	inhibits	CYP2C8
hederagenin	inhibits	Solute carrier organic anion transporter family member 1B3
Propranolol	inhibits	Cytochrome P450 2D6
Atenolol	inhibits	Solute carrier organic anion transporter family member 1B1
Fexinidazole	inhibits	CYP2B6
Fluconazole	inhibits	CYP2C19
Dacomitinib	inhibits	CYP2D6
Duvelisib	inhibits	PIK3CG
Dalfampridine	inhibits	KCNA7
Oxymorphone	inhibits	OPRD1
Sucralfate	inhibits	PGA5
Efavirenz	inhibits	pol
Naloxone	inhibits	TLR4
16-F1-phytoprostane	inhibits	Solute carrier organic anion transporter family member 1B3
Maralixibat	inhibits	CYP3A4
Creatinine	inhibits	Solute carrier organic anion transporter family member 1B1
Iloperidone	inhibits	ADRB2
Avocadyne	inhibits	Solute carrier organic anion transporter family member 1B1
ALRIZOMADLIN	inhibits	Tumour suppressor p53/oncoprotein Mdm2
Tenofovir	inhibits	gag-pol
Nadroparin	inhibits	SELP
AVUTOMETINIB	inhibits	Dual specificity mitogen-activated protein kinase kinase 1
Fluoxetine	inhibits	CHRNB4
Brincidofovir	inhibits	CYP2C8
Metyrapone	inhibits	CYP2E1
Felodipine	inhibits	CYP2C9
Ferulic acid	inhibits	Solute carrier organic anion transporter family member 1B1
Kaempferide 3-[glucopyranosyl-(1->?)-glucopyranoside]	inhibits	Cytochrome P450 1A2
Labetalol	inhibits	ADRA1A
Aripiprazole	inhibits	HTR7
REGORAFENIB	inhibits	RAF proto-oncogene serine/threonine-protein kinase
Cyclobenzaprine	inhibits	SLC6A4
Olanzapine	inhibits	GABRA1
Atazanavir	inhibits	CYP2C8
Zafirlukast	inhibits	CYP3A4
Oxtriphylline	inhibits	ADORA2A
Valdecoxib	inhibits	CA3
Chrysoeriol 7-(2''-glucuronylglucuronide)	inhibits	Cytochrome P450 1B1
Rilpivirine	inhibits	SLCO1B1
Topiramate	inhibits	SCN1A
Amitriptyline	inhibits	HTR6
Nabumetone	inhibits	PTGS1
Danazol	inhibits	Cytochrome P450 2C9
Minocycline	inhibits	NOS2
NEFLAMAPIMOD	inhibits	Mitogen-activated protein kinase 14
Methyldopa	inhibits	DDC
Nafamostat	inhibits	KLK1
Mavorixafor	inhibits	CYP2D6
Tepotinib	inhibits	CYP2C9
Fostamatinib	inhibits	CHEK1
Zinc acetate	inhibits	CPE
Imatinib	inhibits	ABCC1
6-Methylscutellarein	inhibits	Cytochrome P450 1A1
Sparsentan	inhibits	AGTR2
Diclofenac	inhibits	ABCC1
Pyrazinamide	inhibits	inhA
Ponatinib	inhibits	ABL1
Loratadine	inhibits	Cytochrome P450 2C9
Trazodone	inhibits	CYP2D6
Topiramate	inhibits	Solute carrier organic anion transporter family member 1B3
Eprosartan	inhibits	AGTR1
Fostamatinib	inhibits	STK38L
Clozapine	inhibits	CHRM3
FILGOTINIB MALEATE	inhibits	Tyrosine-protein kinase JAK2
Amprenavir	inhibits	CYP2C19
Infigratinib	inhibits	SLC22A1
Fostamatinib	inhibits	STK38
Felbamate	inhibits	CYP2C19
Nicardipine	inhibits	ADRA1A
Cyclobenzaprine	inhibits	HTR2A
Trifluoperazine	inhibits	ADRA1A
Rifamycin	inhibits	CYP2B6
Ampicillin	inhibits	SLC15A1
Linzagolix	inhibits	SLCO1B3
Brincidofovir	inhibits	ABCG2
Riboflavine	inhibits	Solute carrier organic anion transporter family member 1B1
Trihexyphenidyl	inhibits	CHRM3
Darexaban	inhibits	F10
Fedratinib	inhibits	JAK1
Terbinafine	inhibits	ERG1
Estradiol acetate	inhibits	ABCG2
trans-Ferulic acid	inhibits	Solute carrier organic anion transporter family member 1B1
Fostamatinib	inhibits	TNK1
Eslicarbazepine acetate	inhibits	SCN1A
Lazertinib	inhibits	ABCG2
Ribitol	inhibits	Solute carrier organic anion transporter family member 1B1
Leflunomide	inhibits	DHODH
Trandolapril	inhibits	ACE
Pibrentasvir	inhibits	UGT1A1
Ledipasvir	inhibits	NS5A
Imipramine	inhibits	SLC6A2
Fosphenytoin	inhibits	UGT1A6
Ranolazine	inhibits	CACNA1C
Teniposide	inhibits	CYP3A4
Spironolactone	inhibits	NR3C1
Labetalol	inhibits	ADRB2
Ketoconazole	inhibits	UGT1A1
7-Methylchrysin	inhibits	Cytochrome P450 2C19
Defactinib	inhibits	UGT1A1
4-Methylaesculetin	inhibits	Solute carrier organic anion transporter family member 1B1
Tolmetin	inhibits	SLC22A6
Fenoprofen	inhibits	PTGS2
TRAMETINIB DIMETHYL SULFOXIDE	inhibits	Dual specificity mitogen-activated protein kinase kinase 2
Phloretin	inhibits	Solute carrier organic anion transporter family member 1B1
REGORAFENIB	inhibits	Tyrosine-protein kinase FRK
Methyldopa	inhibits	Solute carrier organic anion transporter family member 1B1
Etoricoxib	inhibits	CYP2D6
AZENOSERTIB	inhibits	Wee1-like protein kinase
Medroxyprogesterone acetate	inhibits	GABRA1
Mevastatin	inhibits	CES1
Nifedipine	inhibits	CYP2C9
Desipramine	inhibits	SLC22A3
Trazodone	inhibits	HTR2A
Trazodone	inhibits	ADRA2A
Valdecoxib	inhibits	CA2
Hypoxanthine	inhibits	Solute carrier organic anion transporter family member 1B1
CI-1040	inhibits	Dual specificity mitogen-activated protein kinase kinase 1
Lenacapavir	inhibits	CYP3A4
1H-Indole-3-methanol	inhibits	Solute carrier organic anion transporter family member 1B1
Sitaxentan	inhibits	EDNRB
Flutamide	inhibits	NR1I2
Cholic Acid	inhibits	ABCC4
Tamoxifen	inhibits	KCNH2
Eslicarbazepine acetate	inhibits	CYP2C19
Quercetin 3-O-rhamnosyl-galactoside	inhibits	Cytochrome P450 3A4
Menadione	inhibits	Solute carrier organic anion transporter family member 1B3
Avapritinib	inhibits	KIT
NINGETINIB	inhibits	Receptor-type tyrosine-protein kinase FLT3
Safinamide	inhibits	CYP2C19
Probenecid	inhibits	CYP2C9
Ginkgo biloba	inhibits	CYP1B1
Disulfiram	inhibits	ALDH2
Tenoxicam	inhibits	PTGS2
Tofacitinib	inhibits	TYK2
L-Phosphoserine	inhibits	Cytochrome P450 3A4
Fenoldopam	inhibits	ADRA1B
Sertraline	inhibits	ABCB1
Spermine	inhibits	Cytochrome P450 2C19
Saquinavir	inhibits	CYP2D6
Encorafenib	inhibits	MAP2K4
REFAMETINIB	inhibits	Dual specificity mitogen-activated protein kinase kinase 2
Edoxaban	inhibits	F10
Belumosudil	inhibits	ABCB1
alpha-Allocryptopine	inhibits	Cytochrome P450 2D6
2,6-Dimethoxy-1,4-benzoquinone	inhibits	Solute carrier organic anion transporter family member 1B3
Chlorpropamide	inhibits	SLC15A2
Phenylhydrazine	inhibits	Cytochrome P450 2C9
Ritlecitinib	inhibits	BMX
Amoxapine	inhibits	HTR2B
Liotrix	inhibits	SLC16A10
Chinese tannin	inhibits	Cytochrome P450 1A2
Grazoprevir	inhibits	CYP3A4
Cabergoline	inhibits	ADRA2A
RUPITASERTIB	inhibits	RAC-gamma serine/threonine-protein kinase
2'-Deoxyguanosine	inhibits	Solute carrier organic anion transporter family member 1B3
Fostamatinib	inhibits	MARK3
Perampanel	inhibits	GRIA3
Phloretin	inhibits	Cytochrome P450 3A4
Methotrimeprazine	inhibits	DRD2
Pemigatinib	inhibits	SLC47A1
Rucaparib	inhibits	ABCB1
C.I. Acid Green 50	inhibits	Cytochrome P450 3A4
SOVLEPLENIB	inhibits	Tyrosine-protein kinase SYK
Dapsone	inhibits	folP2
Flupentixol	inhibits	DRD4
Danazol	inhibits	Solute carrier organic anion transporter family member 1B1
Ritlecitinib	inhibits	ITK
Cephalexin	inhibits	pbp2a
Chloroquine	inhibits	GSTM1
Tenoxicam	inhibits	SLC22A8
Pazopanib	inhibits	SH2B3
Estrogen	inhibits	Solute carrier organic anion transporter family member 1B1
Ofloxacin	inhibits	ABCC1
Cycloserine	inhibits	alr
Dabrafenib	inhibits	BRAF
Propranolol	inhibits	ADRB1
Cisapride	inhibits	CYP2C9
Cephalexin	inhibits	SLC22A5
Etidronic acid	inhibits	SLC25A4
Eslicarbazepine acetate	inhibits	CACNA1G
AZD-4877	inhibits	Kinesin-like protein KIF11
Nicotine	inhibits	CYP19A1
Sildenafil	inhibits	CYP2C19
Cholic Acid	inhibits	ABCB11
Oxaprozin	inhibits	PTGS1
Gemfibrozil	inhibits	CYP1A2
Xanthotoxin	inhibits	Cytochrome P450 2C19
Ondansetron	inhibits	HTR3A
Dabrafenib	inhibits	ABCG2
Nintedanib	inhibits	FGFR1
Chlorpromazine	inhibits	CYP2E1
alpha-Tocopherol acetate	inhibits	Solute carrier organic anion transporter family member 1B3
Phosphatidylcholine O-34:2	inhibits	Solute carrier organic anion transporter family member 1B3
ENMD-2076	inhibits	Receptor-type tyrosine-protein kinase FLT3
Bendroflumethiazide	inhibits	CA4
Mastic gum	inhibits	Cytochrome P450 3A4
Ketamine	inhibits	GRIN3A
Sorafenib	inhibits	KIT
Promazine	inhibits	HRH1
Estrone	inhibits	Solute carrier organic anion transporter family member 1B1
Fostamatinib	inhibits	STK17B
Revumenib	inhibits	MEN1
Losartan	inhibits	AGTR1
Verapamil	inhibits	ADRA1A
Chavicine	inhibits	Solute carrier organic anion transporter family member 1B1
Iloperidone	inhibits	HTR6
Dihydroergotamine	inhibits	CYP3A4
Flavonoids	inhibits	Solute carrier organic anion transporter family member 1B3
cholest-5-en-3-one	inhibits	Solute carrier organic anion transporter family member 1B3
Baicalein	inhibits	Cytochrome P450 3A4
Progesterone	inhibits	Cytochrome P450 2C9
Viloxazine	inhibits	CYP2D6
Atrasentan	inhibits	CYP2B6
Halofantrine	inhibits	CYP2D6
Cycloserine	inhibits	Cytochrome P450 3A4
Nisoldipine	inhibits	CACNA1S
Grepafloxacin	inhibits	SLC22A5
L-Asparagine	inhibits	Cytochrome P450 3A4
Rilpivirine	inhibits	pol
Nilvadipine	inhibits	CACNA1I
Anagrelide	inhibits	CYP1A2
Fenoldopam	inhibits	ADRA1A
Asenapine	inhibits	HTR1A
Sildenafil	inhibits	ABCC5
Rosiglitazone	inhibits	CYP2D6
L-Ascorbic acid	inhibits	Solute carrier organic anion transporter family member 1B1
BAFETINIB	inhibits	Tyrosine-protein kinase ABL1
Atazanavir	inhibits	CYP3A7
Liotrix	inhibits	SLCO4A1
Sildenafil	inhibits	ABCC4
Lemborexant	inhibits	CYP3A4
KO-947	inhibits	Mitogen-activated protein kinase; ERK1/ERK2
L-Ascorbic acid	inhibits	Solute carrier organic anion transporter family member 1B3
Cortisone	inhibits	Solute carrier organic anion transporter family member 1B3
Zonisamide	inhibits	CA8
Quinine	inhibits	Cytochrome P450 2D6
trans-resveratrol	inhibits	Cytochrome P450 1B1
Fleroxacin	inhibits	parC
Abiraterone	inhibits	SLCO1B1
Mifepristone	inhibits	ABCC1
Pexidartinib	inhibits	SLCO1B1
Solifenacin	inhibits	CHRM2
Rifampin	inhibits	ABCC1
17-Hydroxyprogesterone	inhibits	Solute carrier organic anion transporter family member 1B1
Cephalexin	inhibits	pbpA
(+)-Isomenthone	inhibits	Solute carrier organic anion transporter family member 1B1
beta-Carotene	inhibits	Solute carrier organic anion transporter family member 1B1
Acacetin 7-diglucoside	inhibits	Cytochrome P450 1A1
Lamotrigine	inhibits	CACNA1E
Lamotrigine	inhibits	DHFR
Testosterone undecanoate	inhibits	ABCB1
Dronabinol	inhibits	CYP3A7
Ubrogepant	inhibits	SLCO1B3
Ethyl biscoumacetate	inhibits	GLUL
Chrysophanol	inhibits	Solute carrier organic anion transporter family member 1B1
Fostamatinib	inhibits	FGFR2
Sorafenib	inhibits	RAF1
Asenapine	inhibits	HTR2C
Escitalopram	inhibits	ADRA1A
Vemurafenib	inhibits	ABCC1
Clopidogrel	inhibits	CYP2B6
Nonivamide	inhibits	Cytochrome P450 2C19
Heraclenol	inhibits	Cytochrome P450 1A1
Fluoxetine	inhibits	HTR2C
Melagatran	inhibits	PRSS1
Retinol palmitate	inhibits	Solute carrier organic anion transporter family member 1B3
Dasabuvir	inhibits	UGT1A1
Valproic acid	inhibits	HDAC1
Rifamycin	inhibits	SLCO1B3
Zafirlukast	inhibits	CYP2C9
Scopolamine	inhibits	CHRNB2
Fenofibrate	inhibits	CYP2A6
Kaempferol	inhibits	Cytochrome P450 1A1
Ribociclib	inhibits	CDK6
L-Acetylleucine	inhibits	ABCG2
Clofedanol	inhibits	HRH1
Desipramine	inhibits	SLC22A4
Celecoxib	inhibits	PTGS2
Danazol	inhibits	Cytochrome P450 2C8
Sorafenib	inhibits	UGT1A9
Trimethadione	inhibits	CACNA1G
Sertraline	inhibits	Cytochrome P450 2C9
Niacin	inhibits	CYP2D6
Telaprevir	inhibits	CYP3A4
Omeprazole	inhibits	ATP4A
Myricetin	inhibits	Cytochrome P450 3A4
Trametinib	inhibits	CYP2C8
Mexiletine	inhibits	SCN5A
Brincidofovir	inhibits	SLCO1B1
Baicalein	inhibits	Cytochrome P450 1B1
Fd&c red no. 40, aluminum lake	inhibits	Solute carrier organic anion transporter family member 1B3
Isochavicine	inhibits	Solute carrier organic anion transporter family member 1B3
Fostamatinib	inhibits	MAPK4
Cimetidine	inhibits	SLC47A1
Leucylalanine	inhibits	Solute carrier organic anion transporter family member 1B3
Procainamide	inhibits	SLC22A1
Spinosad	inhibits	CHRNA7
Enzalutamide	inhibits	ABCB1
Progesterone	inhibits	Solute carrier organic anion transporter family member 1B1
Mesalazine	inhibits	CHUK
Metyrapone	inhibits	CYP11B1
Asenapine	inhibits	HRH1
Methazolamide	inhibits	CA3
Methyl dihydroepijasmonate	inhibits	Solute carrier organic anion transporter family member 1B3
Fluphenazine	inhibits	CYP2E1
Propranolol	inhibits	Cytochrome P450 2C9
Lansoprazole	inhibits	SLC22A8
Flunitrazepam	inhibits	UGT1A3
Olmesartan	inhibits	AGTR1
Diosgenin	inhibits	Solute carrier organic anion transporter family member 1B1
Sulfasalazine	inhibits	ALOX5
Dronabinol	inhibits	CYP2A6
Imipramine	inhibits	CYP1A2
RUXOLITINIB PHOSPHATE	inhibits	Tyrosine-protein kinase JAK1
Cladribine	inhibits	RRM1
Fidaxomicin	inhibits	sigA1
Norethisterone	inhibits	ABCB1
Avanafil	inhibits	PDE5A
Lansoprazole	inhibits	ATP4A
Paroxetine	inhibits	CYP1A2
Pachyrrhizin	inhibits	Solute carrier organic anion transporter family member 1B1
Ciprofloxacin	inhibits	SLC47A2
Meperidine	inhibits	SLC6A2
Fostamatinib	inhibits	NTRK3
Bumetanide	inhibits	SLC22A6
ENTOSPLETINIB	inhibits	Tyrosine-protein kinase SYK
Taletrectinib	inhibits	ABCG2
Spironolactone	inhibits	CACNA1C
Theobromine	inhibits	Solute carrier organic anion transporter family member 1B3
Sulfinpyrazone	inhibits	ABCC3
Fostamatinib	inhibits	FES
Rucaparib	inhibits	SLC47A1
Rifampin	inhibits	CYP2C8
Vorasidenib	inhibits	IDH3A
Clarithromycin	inhibits	KCNH2
Verapamil	inhibits	SLCO1A2
Promazine	inhibits	HTR2A
Clozapine	inhibits	ADRA1B
Acetazolamide	inhibits	AQP1
Flecainide	inhibits	SLC47A1
LIFIRAFENIB	inhibits	Serine/threonine-protein kinase B-raf
Nilvadipine	inhibits	CACNA1S
Clofazimine	inhibits	CYP2C8
Zonisamide	inhibits	CA4
Urea	inhibits	Solute carrier organic anion transporter family member 1B1
Imipramine	inhibits	SLC22A3
Ziprasidone	inhibits	HRH1
Juglone	inhibits	Solute carrier organic anion transporter family member 1B3
Imipramine	inhibits	HTR2A
AZD-1480	inhibits	Tyrosine-protein kinase JAK2
REBIMASTAT	inhibits	Matrix metalloproteinase-9
Nizatidine	inhibits	HRH2
Hesperetin	inhibits	Solute carrier organic anion transporter family member 1B1
Rufinamide	inhibits	CYP2E1
Ketamine	inhibits	HTR1A
Losartan	inhibits	SLC2A9
Fostamatinib	inhibits	EIF2AK1
Fostamatinib	inhibits	TAOK2
Belumosudil	inhibits	ROCK2
Fluvoxamine	inhibits	SLC6A4
Sunitinib	inhibits	CYP3A4
Dronedarone	inhibits	ADRA2B
Ibuprofen	inhibits	ABCC4
Methoxyflurane	inhibits	ATP2C1
Fusidic acid	inhibits	CYP3A4
Tegaserod	inhibits	CYP2E1
Nortriptyline	inhibits	ADRA1B
Cenobamate	inhibits	SCN1A
Dacarbazine	inhibits	PGD
Propafenone	inhibits	CYP1A2
Amphetamine	inhibits	CYP2A6
Brexpiprazole	inhibits	ADRA1A
Drotrecogin alfa	inhibits	F5
Clopidogrel	inhibits	CYP2C9
Vemurafenib	inhibits	CYP1A2
Viloxazine	inhibits	MAOB
Olutasidenib	inhibits	SLC47A1
Bosutinib	inhibits	TEC
Fluvastatin	inhibits	SLCO1B1
Sulfasalazine	inhibits	SLCO1B1
trans-caffeate	inhibits	Solute carrier organic anion transporter family member 1B3
CERDULATINIB	inhibits	Tyrosine-protein kinase JAK1
Simvastatin	inhibits	CES1
Dordaviprone	inhibits	CYP2C19
Sevabertinib	inhibits	SLC47A1
Cedorol	inhibits	Solute carrier organic anion transporter family member 1B1
Chrysin	inhibits	Cytochrome P450 2C19
Sorafenib	inhibits	CYP2C19
Thioproperazine	inhibits	DRD2
ELIMUSERTIB	inhibits	Serine/threonine-protein kinase ATR
Clofazimine	inhibits	ABCB1
4-Nonylphenol	inhibits	Solute carrier organic anion transporter family member 1B1
Darunavir	inhibits	ABCB1
Lamotrigine	inhibits	SCN1A
FEDRATINIB	inhibits	Receptor-type tyrosine-protein kinase FLT3
Nortriptyline	inhibits	ADRB1
Reserpine	inhibits	ABCB11
Alendronic acid	inhibits	PTPN4
Biperiden	inhibits	CYP2D6
Entrectinib	inhibits	NTRK2
Cetirizine	inhibits	ABCB1
Atrasentan	inhibits	CYP2C8
Itraconazole	inhibits	ABCB1
AFATINIB DIMALEATE	inhibits	Receptor tyrosine-protein kinase erbB-2
Cholic Acid	inhibits	PLA2G1B
Chlorpropamide	inhibits	ABCC8
Ziprasidone	inhibits	HTR2A
Diclofenac	inhibits	SLC22A8
Ketoconazole	inhibits	UGT1A7
Tramadol	inhibits	CHRM3
Flupentixol	inhibits	DRD2
Chlorpromazine	inhibits	DRD1
Vinblastine	inhibits	CYP3A4
Dabrafenib	inhibits	CYP2C9
Gabapentin	inhibits	CACNA2D1
Thiopental	inhibits	CHRNA7
Sertraline	inhibits	CYP2D6
Iloperidone	inhibits	DRD3
Lindane	inhibits	PGR
Legumelin	inhibits	Solute carrier organic anion transporter family member 1B3
Nilotinib	inhibits	DDR2
Olanzapine	inhibits	CHRM1
Deoxycholic acid glycine conjugate	inhibits	Solute carrier organic anion transporter family member 1B3
Mefloquine	inhibits	ACHE
Famotidine	inhibits	Solute carrier organic anion transporter family member 1B3
Metolazone	inhibits	SLC12A3
Periciazine	inhibits	ADRA2A
(9Z)-beta,beta-Carotene	inhibits	Solute carrier organic anion transporter family member 1B1
Verapamil	inhibits	ABCC3
Emodin	inhibits	Cytochrome P450 1A2
Crizotinib	inhibits	MET
Fomepizole	inhibits	ADH1C
Alosetron	inhibits	HTR3A
Isopiperine	inhibits	Solute carrier organic anion transporter family member 1B3
Dronedarone	inhibits	CYP2J2
Phenprocoumon	inhibits	VKORC1
Mecamylamine	inhibits	CHRNA7
3H-1,2-Dithiole-3-thione	inhibits	Cytochrome P450 3A4
Obeticholic acid	inhibits	CYP1A2
Clotrimazole	inhibits	Cytochrome P450 2C8
Sertraline	inhibits	CYP3A4
Tegaserod	inhibits	HTR2C
Oxytetracycline	inhibits	Solute carrier organic anion transporter family member 1B3
Apiole	inhibits	Solute carrier organic anion transporter family member 1B1
Maprotiline	inhibits	ADRA2A
Dextromethorphan	inhibits	CHRNA4
Prasugrel	inhibits	P2RY12
L-Citrulline	inhibits	Solute carrier organic anion transporter family member 1B3
Hyoscyamine	inhibits	CHRM3
(S)-Naringenin	inhibits	Solute carrier organic anion transporter family member 1B1
Ceftibuten	inhibits	mrdA
Cirsiliol	inhibits	Cytochrome P450 1A1
Indomethacin	inhibits	PLA2G2A
Fluvoxamine	inhibits	CYP1A1
Sevabertinib	inhibits	ERBB2
Cannabidiol	inhibits	ALOX15
Piperazine	inhibits	Solute carrier organic anion transporter family member 1B3
Valproic acid	inhibits	CYP3A4
Iloperidone	inhibits	DRD4
Haloperidol	inhibits	CYP3A4
[8]-Shogaol	inhibits	Cytochrome P450 1A2
Toremifene	inhibits	CYP3A4
Ubrogepant	inhibits	UGT1A1
Aprocitentan	inhibits	UGT1A1
Quercetin	inhibits	Cytochrome P450 1A1
Acepromazine	inhibits	DRD1
Dordaviprone	inhibits	SLC22A1
Isoginkgetin	inhibits	Cytochrome P450 3A4
Etoposide	inhibits	ABCC3
AZD-8330	inhibits	Dual specificity mitogen-activated protein kinase kinase 2
Dasatinib	inhibits	LYN
Phospholipase	inhibits	Cytochrome P450 2C19
Rilzabrutinib	inhibits	ABCB11
Amitriptyline	inhibits	ADRA1A
Levoketoconazole	inhibits	CYP3A5
Scopolamine	inhibits	CHRNA4
Nifedipine	inhibits	CYP1A1
REPOTRECTINIB	inhibits	Proto-oncogene tyrosine-protein kinase ROS
Cyclosporine	inhibits	SLCO1B3
Momelotinib	inhibits	CYP2B6
Methotrexate	inhibits	SLC46A1
Obeticholic acid	inhibits	ABCB11
COBIMETINIB FUMARATE	inhibits	Dual specificity mitogen-activated protein kinase kinase 2
Zileuton	inhibits	ALOX5
trans-Caffeic acid	inhibits	Solute carrier organic anion transporter family member 1B1
Grepafloxacin	inhibits	parC
Encorafenib	inhibits	UGT1A1
Fostamatinib	inhibits	HIPK3
Diclofenac	inhibits	PTGS2
Doxycycline	inhibits	SLC22A6
Levodopa	inhibits	SLC16A10
Cefoperazone	inhibits	ponB
Oxprenolol	inhibits	ADRB1
Pralsetinib	inhibits	PDGFRB
Pemigatinib	inhibits	SLC22A2
Lenvatinib	inhibits	FGFR4
Tepotinib	inhibits	MET
Pravastatin	inhibits	SLC22A8
Roxarsone	inhibits	Solute carrier organic anion transporter family member 1B3
Naringenin fructoside	inhibits	Cytochrome P450 3A4
Clozapine	inhibits	HRH1
Ubrogepant	inhibits	CYP2C8
Glasdegib	inhibits	SLC47A1
24-Ethylcholesterol	inhibits	Solute carrier organic anion transporter family member 1B3
Butabarbital	inhibits	GRIK3
Acepromazine	inhibits	HTR2A
Lipoic acid	inhibits	Solute carrier organic anion transporter family member 1B1
Tapentadol	inhibits	SLC6A4
Fostamatinib	inhibits	CHEK2
Berotralstat	inhibits	CYP3A4
Cobimetinib	inhibits	CYP3A4
Isavuconazole	inhibits	KCNJ11
Dasatinib	inhibits	EPHA5
Ritlecitinib	inhibits	CYP3A4
Midostaurin	inhibits	CYP3A4
Aceclofenac	inhibits	PTGS2
Ethchlorvynol	inhibits	GABRA1
Indomethacin	inhibits	ABCB1
Fostamatinib	inhibits	RET
PLIXORAFENIB	inhibits	Serine/threonine-protein kinase B-raf
Chlorpromazine	inhibits	CALM1
Phentermine	inhibits	NPY
Estradiol acetate	inhibits	SLC22A3
Mastic gum	inhibits	Cytochrome P450 2D6
Baicalein	inhibits	Cytochrome P450 2C9
PD-0166285 HYDROCHLORIDE	inhibits	Proto-oncogene tyrosine-protein kinase Src
Amitriptyline	inhibits	KCNQ3
Topiramate	inhibits	CA2
Pivampicillin	inhibits	pbpA
Probenecid	inhibits	TAS2R16
Bepridil	inhibits	ATP1A1
Oxtriphylline	inhibits	SLC22A7
Phenobarbital	inhibits	GRIK2
Dordaviprone	inhibits	CYP2B6
Fostamatinib	inhibits	CDKL2
Ticlopidine	inhibits	CYP2D6
Nalbuphine	inhibits	OPRM1
Propranolol	inhibits	Cytochrome P450 1A2
Isoniazid	inhibits	CYP2C9
Dronedarone	inhibits	KCNH2
Fostamatinib	inhibits	ABL1
Genkwanin	inhibits	Solute carrier organic anion transporter family member 1B1
Fostamatinib	inhibits	IKBKE
Fostamatinib	inhibits	ROCK2
ALDUMASTAT	inhibits	A disintegrin and metalloproteinase with thrombospondin motifs 5
Balsalazide	inhibits	PTGS1
Coumarin	inhibits	CA4
FEDRATINIB HYDROCHLORIDE	inhibits	Receptor-type tyrosine-protein kinase FLT3
Indinavir	inhibits	CYP2D6
FILGOTINIB	inhibits	Non-receptor tyrosine-protein kinase TYK2
Friedelin	inhibits	Solute carrier organic anion transporter family member 1B1
Escitalopram	inhibits	SLC6A3
OBICETRAPIB	inhibits	Cholesteryl ester transfer protein
Sotagliflozin	inhibits	ABCB1
Fostamatinib	inhibits	NEK4
Fostamatinib	inhibits	MAPK9
Clonidine	inhibits	AOC3
Clodronic acid	inhibits	PTGS2
Momelotinib	inhibits	JAK1
Rifampin	inhibits	UGT1A9
EVACETRAPIB	inhibits	Cholesteryl ester transfer protein
Tivozanib	inhibits	KIT
Sorafenib	inhibits	SLCO1B1
Salsalate	inhibits	PTGS1
Lumiracoxib	inhibits	PTGS2
Luteolin 7-(2''-glucuronylglucuronide) 4'-glucuronide	inhibits	Cytochrome P450 1A1
TAS0612	inhibits	Serine/threonine-protein kinase AKT
Lindane	inhibits	GLRA2
Ranitidine	inhibits	SLC22A1
Pemigatinib	inhibits	FGFR2
Cimetidine	inhibits	CYP11B1
Diosmetin	inhibits	Solute carrier organic anion transporter family member 1B1
Finasteride	inhibits	Cytochrome P450 3A4
Ampicillin	inhibits	penA
Pazopanib	inhibits	KIT
Glyburide	inhibits	KCNJ11
Luteolin 7-(2''-glucuronylglucuronide) 4'-glucuronide	inhibits	Cytochrome P450 1A2
Nilotinib	inhibits	ABCG2
Fedratinib	inhibits	FLT3
Warfarin	inhibits	VKORC1
Hesperetin	inhibits	Cytochrome P450 2C9
Roxadustat	inhibits	SLCO1B1
TANESPIMYCIN	inhibits	Heat shock protein HSP90
Astemizole	inhibits	CYP3A4
JNJ-26483327	inhibits	Tyrosine-protein kinase Yes
Phenelzine	inhibits	GPT
Dolutegravir	inhibits	SLC22A6
BGT-226	inhibits	Serine/threonine-protein kinase mTOR
Acarbose	inhibits	SI
Celecoxib	inhibits	Solute carrier organic anion transporter family member 1B3
Pseudoephedrine	inhibits	MAOA
Fostamatinib	inhibits	TESK1
Gefapixant	inhibits	P2RX3
Cyproheptadine	inhibits	CHRM1
Fostamatinib	inhibits	PRKACA
Isradipine	inhibits	CACNA1D
SLX-4090	inhibits	Microsomal triglyceride transfer protein
AT-9283	inhibits	Tyrosine-protein kinase JAK2
Axitinib	inhibits	SLCO1B1
SELUMETINIB	inhibits	Dual specificity mitogen-activated protein kinase kinase 2
Tacrolimus	inhibits	PPP3CA
Saccharin, ammonium salt	inhibits	Solute carrier organic anion transporter family member 1B1
Triamterene	inhibits	SCNN1D
RABUSERTIB	inhibits	Serine/threonine-protein kinase Chk1
Ponatinib	inhibits	BCR
Chlorprothixene	inhibits	CHRM5
Paltusotine	inhibits	ABCB11
Maprotiline	inhibits	SLC6A2
Melatonin	inhibits	Cytochrome P450 2D6
Vorasidenib	inhibits	IDH1
2,6-Dimethylquinoline	inhibits	Cytochrome P450 1A2
Cannabidiol	inhibits	CYP2C8
(-)-Gossypol	inhibits	Cytochrome P450 2C19
JNJ-26483327	inhibits	Tyrosine-protein kinase Fyn
Demeclocycline	inhibits	AVPR2
Atomoxetine	inhibits	SLC6A2
Fostamatinib	inhibits	PAK4
Ellagic acid	inhibits	Solute carrier organic anion transporter family member 1B1
cis-Caffeic acid	inhibits	Solute carrier organic anion transporter family member 1B1
Doxorubicin	inhibits	CYP3A4
Vismodegib	inhibits	SMO
R-348	inhibits	Tyrosine-protein kinase SYK
Fostamatinib	inhibits	GSK3A
Paeonol	inhibits	Solute carrier organic anion transporter family member 1B3
Acamprosate	inhibits	GRM5
Saquinavir	inhibits	CYP2C8
Naldemedine	inhibits	OPRK1
Isoniazid	inhibits	nat
Indinavir	inhibits	CYP3A7
Mavorixafor	inhibits	ABCB1
Felbamate	inhibits	GRIN2B
Sotorasib	inhibits	KRAS
Vadadustat	inhibits	SLC22A8
Tivozanib	inhibits	FLT3
Lonafarnib	inhibits	CYP3A5
Darifenacin	inhibits	CHRM3
Leniolisib	inhibits	CYP1A2
Fenoldopam	inhibits	ADRA2B
Isavuconazole	inhibits	KCNJ6
Hydroflumethiazide	inhibits	CA2
[6]-Shogaol	inhibits	Cytochrome P450 1A2
Imipramine	inhibits	CHRM1
Halofantrine	inhibits	KCNH2
Fruquintinib	inhibits	KDR
Ferulic acid	inhibits	CA2
Betulin	inhibits	Solute carrier organic anion transporter family member 1B3
Endrin	inhibits	Solute carrier organic anion transporter family member 1B1
Pitavastatin	inhibits	HMGCR
Fostamatinib	inhibits	MELK
Pexidartinib	inhibits	SLC47A2
Fd&c red no. 3, calcium lake	inhibits	Solute carrier organic anion transporter family member 1B1
BIRICODAR	inhibits	ATP-dependent translocase ABCB1
Indomethacin	inhibits	PTGS2
Dipyridamole	inhibits	SLCO2B1
E-6201	inhibits	Dual specificity mitogen-activated protein kinase kinase 1
L-Citrulline	inhibits	Solute carrier organic anion transporter family member 1B1
Ziprasidone	inhibits	ADRA2C
PACRITINIB CITRATE	inhibits	Receptor-type tyrosine-protein kinase FLT3
Defactinib	inhibits	PTK2
Prochlorperazine	inhibits	ADRA1A
Asenapine	inhibits	HTR1B
Dronedarone	inhibits	KCNK2
Fostamatinib	inhibits	YES1
Ivermectin	inhibits	ABCC1
Belumosudil	inhibits	ROCK1
Vincristine	inhibits	ABCC1
Baricitinib	inhibits	SLC22A6
Indomethacin	inhibits	SLCO1A2
Cyclobenzaprine	inhibits	AOX1
Luteolin 7-(caffeoylglucoside)	inhibits	Cytochrome P450 3A4
Chloroquine	inhibits	TNF
Vandetanib	inhibits	EGFR
2'-Deoxyguanosine	inhibits	Solute carrier organic anion transporter family member 1B1
Isopimpinellin	inhibits	Cytochrome P450 1B1
Prochlorperazine	inhibits	DRD2
Loxapine	inhibits	DRD1
Orphenadrine	inhibits	CYP2D6
Doxepin	inhibits	KCNH2
Ponatinib	inhibits	ABCB1
Rifabutin	inhibits	rpoA
Macitentan	inhibits	EDNRA
Pinaverium	inhibits	CACNA1S
Sulindac	inhibits	MAPK3
Cholic Acid	inhibits	SLC22A8
Abiraterone	inhibits	CYP2C9
Diltiazem	inhibits	CYP3A7
Lansoprazole	inhibits	Cytochrome P450 1A2
SARACATINIB	inhibits	Proto-oncogene tyrosine-protein kinase Src
Fostamatinib	inhibits	MYLK
[8]-Shogaol	inhibits	Cytochrome P450 3A4
Amoxicillin	inhibits	SLC22A6
Pivmecillinam	inhibits	pbpA
Imatinib	inhibits	BCR
Clopidogrel	inhibits	Cytochrome P450 2B6
Baloxavir marboxil	inhibits	ABCG2
Fostamatinib	inhibits	CAMKK1
Upadacitinib	inhibits	SLCO1B1
Buprenorphine	inhibits	CYP2C19
Idelalisib	inhibits	ABCB1
Loratadine	inhibits	Solute carrier organic anion transporter family member 1B3
Fluconazole	inhibits	CYP2C9
Niacin	inhibits	SLCO2B1
Amitriptyline	inhibits	ADRA1D
Dicloxacillin	inhibits	SLC15A2
Primidone	inhibits	GRIK2
Cisplatin	inhibits	CYP2C9
Etoricoxib	inhibits	CYP2C9
Chloramphenicol	inhibits	draA
Norgestrel	inhibits	SRD5A1
Raltegravir	inhibits	pol
Enasidenib	inhibits	IDH3B
Fluoxetine	inhibits	CYP2C9
Isradipine	inhibits	CACNA1H
VANDETANIB	inhibits	Proto-oncogene tyrosine-protein kinase receptor Ret
Atropine	inhibits	CHRM5
Pralsetinib	inhibits	SLCO1B1
TOMIVOSERTIB	inhibits	MAP kinase-interacting serine/threonine-protein kinase 1/2
Vinblastine	inhibits	SLCO1B1
Clomipramine	inhibits	HTR2C
Olanzapine	inhibits	HRH1
Montelukast	inhibits	CYSLTR1
Sulindac	inhibits	PTGS1
Tolvaptan	inhibits	AVPR1A
Promethazine	inhibits	DRD2
Vonoprazan	inhibits	ATP4A
REFAMETINIB	inhibits	Dual specificity mitogen-activated protein kinase kinase 1
Fostamatinib	inhibits	PRKCE
Ponatinib	inhibits	FGFR2
Tolterodine	inhibits	CHRM4
Lasmiditan	inhibits	ABCB1
Avocadyne	inhibits	Solute carrier organic anion transporter family member 1B3
Amlodipine	inhibits	CYP2D6
Secnidazole	inhibits	CYP3A4
Rifampin	inhibits	ABCB11
Olanzapine	inhibits	HTR3A
UCN-01	inhibits	Serine/threonine-protein kinase Chk1
Bivalirudin	inhibits	MPO
Ziprasidone	inhibits	HTR3A
Bergapten	inhibits	Cytochrome P450 1A2
Valdecoxib	inhibits	CYP2C9
Risperidone	inhibits	Cytochrome P450 2D6
Phenoxymethylpenicillin	inhibits	pbpA
Acarbose	inhibits	GAA
Olutasidenib	inhibits	SLC47A2
Fostamatinib	inhibits	ULK2
Bepridil	inhibits	CYP2D6
Levoketoconazole	inhibits	CYP17A1
Amantadine	inhibits	CHRNA4
Glyburide	inhibits	SLC15A1
Gelatin	inhibits	Solute carrier organic anion transporter family member 1B1
Nelfinavir	inhibits	ABCG2
Carbadox	inhibits	Solute carrier organic anion transporter family member 1B3
Venetoclax	inhibits	SLCO1B1
Brincidofovir	inhibits	SLC22A8
Fostamatinib	inhibits	LYN
Aprocitentan	inhibits	EDNRB
kaempferol 3-rhamnoside-7-glucoside	inhibits	Cytochrome P450 3A4
Valyltryptophan	inhibits	Solute carrier organic anion transporter family member 1B1
Dextropropoxyphene	inhibits	CYP3A4
Bivalirudin	inhibits	F2
Abrocitinib	inhibits	JAK3
Vandetanib	inhibits	RET
Osthol	inhibits	Cytochrome P450 2C19
Norgestimate	inhibits	ABCC2
Taletrectinib	inhibits	ABCB1
Ofloxacin	inhibits	gyrA
Levoketoconazole	inhibits	CYP19A1
PEMETREXED TROMETHAMINE	inhibits	Trifunctional purine biosynthetic protein adenosine-3
Acacetin 7-diglucoside	inhibits	Cytochrome P450 3A4
Methazolamide	inhibits	CA4
Cefixime	inhibits	dacA
Leflunomide	inhibits	CYP2C9
Esterase	inhibits	Solute carrier organic anion transporter family member 1B3
Levamlodipine	inhibits	CACNA1D
Fostamatinib	inhibits	MYLK2
Encorafenib	inhibits	MAPK8
Imperatorin	inhibits	Solute carrier organic anion transporter family member 1B3
UPROSERTIB	inhibits	Serine/threonine-protein kinase AKT
MK-8033	inhibits	Macrophage-stimulating protein receptor
Sofosbuvir	inhibits	NS5b
Stiripentol	inhibits	CYP2D6
Fostamatinib	inhibits	UGT1A1
Trimipramine	inhibits	SLC6A2
Tofacitinib	inhibits	JAK2
Diosmetin	inhibits	Cytochrome P450 1B1
3-Hydroxycoumarin	inhibits	Solute carrier organic anion transporter family member 1B1
Diazepam	inhibits	CYP3A4
Viloxazine	inhibits	CYP3A4
Methionine	inhibits	GLUL
Dronedarone	inhibits	SLCO1B3
Propylthiouracil	inhibits	TPO
Chlorprothixene	inhibits	DRD3
Pibrentasvir	inhibits	ABCB1
Methscopolamine bromide	inhibits	CHRM2
2-Methylthioribosyl-trans-zeatin	inhibits	Cytochrome P450 2D6
FILGOTINIB MALEATE	inhibits	Tyrosine-protein kinase JAK3
Lenvatinib	inhibits	CYP2C19
Elexacaftor	inhibits	CYP3A4
Duloxetine	inhibits	CYP2C19
Oxcarbazepine	inhibits	CYP2C19
Ethosuximide	inhibits	CACNA1G
Cisapride	inhibits	KCNH2
Nebivolol	inhibits	ADRB1
cis-Chlorogenic acid	inhibits	Solute carrier organic anion transporter family member 1B1
Acetaminophen	inhibits	PTGS2
Propafenone	inhibits	KCNH2
Ripretinib	inhibits	SLC47A1
Vincristine	inhibits	SLCO1B1
Fostamatinib	inhibits	PRKACB
Dalfampridine	inhibits	KCNC2
Cannabidiol	inhibits	PTGS1
Methysergide	inhibits	HTR2C
Velpatasvir	inhibits	SLCO1B3
Loracarbef	inhibits	SLC15A2
Amoxapine	inhibits	GABRA1
Sotalol	inhibits	ADRB1
Xanthurenic acid	inhibits	Solute carrier organic anion transporter family member 1B3
Chloroquine	inhibits	GST
17-beta-Estradiol glucuronide	inhibits	Solute carrier organic anion transporter family member 1B1
Plumbagin	inhibits	Cytochrome P450 3A4
Nilvadipine	inhibits	CACNA1H
Mirtazapine	inhibits	ADRA1A
Cabozantinib	inhibits	MERTK
Cefotetan	inhibits	pbp3
Dronedarone	inhibits	ADRA2A
Niacin	inhibits	CYP2E1
Sulpiride	inhibits	CA2
Olanzapine	inhibits	HTR1A
Rosuvastatin	inhibits	SLC22A8
Elexacaftor	inhibits	CYP2B6
Bicalutamide	inhibits	ABCB1
Resmetirom	inhibits	UGT1A9
Vinblastine	inhibits	ABCC6
Tolbutamide	inhibits	SLC22A6
Psoralen	inhibits	Cytochrome P450 1A1
Sulfadoxine	inhibits	MAOB
Enasidenib	inhibits	SLC22A6
[6]-Paradol	inhibits	Cytochrome P450 2B6
Nafamostat	inhibits	F10
Doxorubicin	inhibits	TOP1
Cabotegravir	inhibits	SLC22A8
Midostaurin	inhibits	PDGFRA
4-aminobutanoate	inhibits	Solute carrier organic anion transporter family member 1B1
Lamivudine	inhibits	P
Imipramine	inhibits	CYP2D6
Amlodipine	inhibits	CACNA2D3
Paritaprevir	inhibits	gag-pol
IBRUTINIB	inhibits	Tyrosine-protein kinase BTK
Erythromycin	inhibits	ABCB1
Fusidic acid	inhibits	fusA
Aesculetin	inhibits	Solute carrier organic anion transporter family member 1B1
Dicoumarol	inhibits	Cyp2c6
Sorafenib	inhibits	CYP2C8
Chlorpromazine	inhibits	DRD2
Remibrutinib	inhibits	SLC22A2
Tazemetostat	inhibits	SLC47A1
Chalcone	inhibits	Cytochrome P450 3A4
2-Amino-4-hydroxy-6-pteridinecarboxylic acid	inhibits	Solute carrier organic anion transporter family member 1B3
Ferulic acid	inhibits	CA9
Fostamatinib	inhibits	MAP3K12
Alosetron	inhibits	CYP2E1
Isradipine	inhibits	CACNA1S
Glyburide	inhibits	SLC15A2
Methazolamide	inhibits	CA1
Sorafenib	inhibits	UGT1A1
Dexlansoprazole	inhibits	DDAH1
Aripiprazole	inhibits	DRD1
Midostaurin	inhibits	CYP2C8
UCN-01	inhibits	3-phosphoinositide-dependent protein kinase 1
Capmatinib	inhibits	ABCB1
Doxorubicin	inhibits	CYP1B1
Triamterene	inhibits	SCNN1G
Imidacloprid	inhibits	Solute carrier organic anion transporter family member 1B1
Abacavir	inhibits	gag-pol
Isosafrole	inhibits	Solute carrier organic anion transporter family member 1B1
2'-Hydroxy-4',6'-dimethoxychalcone	inhibits	Solute carrier organic anion transporter family member 1B3
Sulfasalazine	inhibits	CHUK
Dipyridamole	inhibits	RCAN1
Tamarixetin	inhibits	Cytochrome P450 1B1
Darolutamide	inhibits	SLCO1B3
Momelotinib	inhibits	ABCG2
Stiripentol	inhibits	ABCB1
Olaparib	inhibits	AKR1C3
Bosentan	inhibits	EDNRA
Hydroflumethiazide	inhibits	CA4
(Z)-Resveratrol	inhibits	Cytochrome P450 2C19
Selpercatinib	inhibits	FGFR3
Ubrogepant	inhibits	CYP2D6
Levoketoconazole	inhibits	ABCB1
Bemiparin	inhibits	SERPIND1
Givinostat	inhibits	JAK2
Amlodipine	inhibits	CYP2C8
Estradiol cypionate	inhibits	ABCG2
Imipramine	inhibits	CHRM4
PIMASERTIB	inhibits	Dual specificity mitogen-activated protein kinase kinase 1
Digitoxin	inhibits	ATP1A3
Buprenorphine	inhibits	ABCB1
Vardenafil	inhibits	CYP2C19
Etravirine	inhibits	CYP2C19
Zalcitabine	inhibits	gag-pol
Lamivudine	inhibits	ABCC1
Retinol palmitate	inhibits	Solute carrier organic anion transporter family member 1B1
Cefadroxil	inhibits	SLC15A2
Neratinib	inhibits	KDR
Tucatinib	inhibits	ERBB3
(E)-Aconitic acid	inhibits	Solute carrier organic anion transporter family member 1B3
Regorafenib	inhibits	CYP2B6
Fostamatinib	inhibits	LRRK2
ABIVERTINIB MALEATE	inhibits	Tyrosine-protein kinase BTK
Vinorelbine	inhibits	CYP2D6
Brigatinib	inhibits	IGF1R
Norgestrel	inhibits	CYP19A1
Dalfampridine	inhibits	KCNA6
Zonisamide	inhibits	CA14
Methotrimeprazine	inhibits	HRH1
Nicardipine	inhibits	PDE1A
Dicoumarol	inhibits	CRYZ
Escitalopram	inhibits	HTR2C
Aprocitentan	inhibits	CYP2C18
Brigatinib	inhibits	ABL1
Guanidine	inhibits	Solute carrier organic anion transporter family member 1B3
TAK-733	inhibits	Dual specificity mitogen-activated protein kinase kinase 2
Carbamazepine	inhibits	SCN1A
L-Acetylleucine	inhibits	ABCB1
Lenvatinib	inhibits	FGFR2
Imipramine	inhibits	SLC6A4
Asenapine	inhibits	DRD4
Tenofovir disoproxil	inhibits	P
Kynuramine	inhibits	Solute carrier organic anion transporter family member 1B1
trans-5-O-caffeoyl-D-quinate	inhibits	Solute carrier organic anion transporter family member 1B1
Rucaparib	inhibits	ABCG2
Asenapine	inhibits	HTR5A
LITRONESIB	inhibits	Kinesin-like protein KIF11
Diclofenamide	inhibits	CA3
Letermovir	inhibits	TRM1
Alfuzosin	inhibits	ADRA1A
Heparin	inhibits	SELP
Linzagolix	inhibits	GNRHR
Phenelzine	inhibits	GAD65
Minocycline	inhibits	SLC22A7
Nalidixic acid	inhibits	gyrA
Enoxaparin	inhibits	F10
Fosaprepitant	inhibits	TACR1
Estradiol	inhibits	Solute carrier organic anion transporter family member 1B1
African-2(6)-ene	inhibits	Cytochrome P450 2D6
Encorafenib	inhibits	LIMK1
Pitavastatin	inhibits	ITGAL
Rilpivirine	inhibits	CYP2D6
Ceritinib	inhibits	CYP2C9
TANZISERTIB	inhibits	Mitogen-activated protein kinase 8
Fostamatinib	inhibits	NEK5
Myricetin	inhibits	Cytochrome P450 1B1
Mazindol	inhibits	SLC6A4
Boceprevir	inhibits	CYP3A5
Cerivastatin	inhibits	SLCO1B1
Diosmin	inhibits	CYP2E1
Hydrochlorothiazide	inhibits	Solute carrier organic anion transporter family member 1B3
Ampicillin	inhibits	pbp3
Zinc sulfate, unspecified form	inhibits	KLKB1
Grazoprevir	inhibits	NS3/4A
Mirtazapine	inhibits	HTR2A
Gatifloxacin	inhibits	gyrA
Glimepiride	inhibits	KCNJ11
Valproic acid	inhibits	CYP2C19
XL-281	inhibits	RAF proto-oncogene serine/threonine-protein kinase
Glecaprevir	inhibits	NS3/4A
ZANUBRUTINIB	inhibits	Tyrosine-protein kinase BTK
Atorvastatin	inhibits	CYP2C9
Teniposide	inhibits	TOP2A
Repotrectinib	inhibits	ABCB1
Memantine	inhibits	CYP2A6
Fluspirilene	inhibits	CACNG1
ANACETRAPIB	inhibits	Cholesteryl ester transfer protein
OPC	inhibits	ATP-dependent translocase ABCB1
Cefditoren	inhibits	pbpA
Sennoside A	inhibits	Solute carrier organic anion transporter family member 1B3
Paraxanthine	inhibits	Solute carrier organic anion transporter family member 1B1
Diethylstilbesterol	inhibits	Cytochrome P450 3A4
Telaprevir	inhibits	ABCB1
Indomethacin	inhibits	SLC22A6
Vismodegib	inhibits	CYP2C9
Maribavir	inhibits	ABCG2
Quinidine	inhibits	SLC22A5
Cannabidiol	inhibits	AANAT
Cannabidiol	inhibits	GPR55
(-)-alpha-Narcotine	inhibits	Cytochrome P450 2C19
Raloxifene	inhibits	CYP3A4
Posaconazole	inhibits	ABCB1
Dordaviprone	inhibits	SLC22A6
Pioglitazone	inhibits	CYP2C8
Amitriptyline	inhibits	ADRA2A
Ixazomib	inhibits	PSMB5
Promethazine	inhibits	GRIN1
Cefoperazone	inhibits	SLC22A7
Amoxycillin	inhibits	Solute carrier organic anion transporter family member 1B3
Atazanavir	inhibits	CYP2C9
Vorasidenib	inhibits	IDH3G
Nicardipine	inhibits	CACNA1D
Lindane	inhibits	GLRB
Theophylline	inhibits	ADORA2A
Brincidofovir	inhibits	POLD4
Lomitapide	inhibits	MTTP
Sennosides	inhibits	AQP3
Methadone	inhibits	CYP3A4
Kaempferol	inhibits	Cytochrome P450 1A2
Verapamil	inhibits	CACNA1A
Luteolin 7-rhamnosylglucoside	inhibits	Cytochrome P450 1A2
Amoxapine	inhibits	ADRA1A
Dextromethorphan	inhibits	CHRNA3
Pralsetinib	inhibits	SLC22A6
Avapritinib	inhibits	CYP2C9
Fostamatinib	inhibits	ANKK1
Vemurafenib	inhibits	ABCG2
Melatonin	inhibits	ESR1
Pergolide	inhibits	CYP3A4
Etoricoxib	inhibits	CYP3A4
Acetaminophen	inhibits	PTGES3
Acacetin	inhibits	Cytochrome P450 1B1
CYC-116	inhibits	Serine/threonine-protein kinase Aurora
Efavirenz	inhibits	CYP2C9
Propiverine	inhibits	CACNA1C
Triclabendazole	inhibits	CYP2D6
Sarecycline	inhibits	ABCB1
Lemborexant	inhibits	HCRTR1
Rolapitant	inhibits	CYP2D6
Fostamatinib	inhibits	FYN
Fostamatinib	inhibits	PRKCG
Asenapine	inhibits	ADRB2
Duloxetine	inhibits	CYP1A2
(-)-Gossypol	inhibits	Solute carrier organic anion transporter family member 1B3
Neratinib	inhibits	ABCB1
Abemaciclib	inhibits	ABCG2
NAD+	inhibits	Solute carrier organic anion transporter family member 1B1
Brigatinib	inhibits	FLT3
Regorafenib	inhibits	FLT4
Erythromycin	inhibits	ABCB11
Lumefantrine	inhibits	CYP2D6
Arachidonic acid	inhibits	Cytochrome P450 3A4
Pacritinib	inhibits	CYP3A4
Omaveloxolone	inhibits	SLC22A6
Etodolac	inhibits	SLC22A6
Zongertinib	inhibits	ERBB2
ALVESPIMYCIN	inhibits	Heat shock protein HSP90
Ramipril	inhibits	BCHE
Zonisamide	inhibits	CYP2C19
Poly(divinylbenzene-co-trimethyl(vinylbenzyl)ammonium chloride)	inhibits	Cytochrome P450 3A4
Amantadine	inhibits	SLC22A1
Repaglinide	inhibits	HRH1
Pioglitazone	inhibits	MAOB
Darolutamide	inhibits	PGR
Nelfinavir	inhibits	CYP3A5
Acetylsalicylic acid	inhibits	Solute carrier organic anion transporter family member 1B3
Nirogacestat	inhibits	PSEN2
Aprocitentan	inhibits	CYP2C9
Tangeritin	inhibits	Solute carrier organic anion transporter family member 1B1
LGH-447	inhibits	Serine/threonine-protein kinase PIM
Indomethacin	inhibits	UGT1A1
Flibanserin	inhibits	ABCB1
Palonosetron	inhibits	HTR3A
Mirtazapine	inhibits	HTR2C
Osilodrostat	inhibits	CYP1A2
Gelatin	inhibits	ATP-dependent translocase ABCB1
Ketoconazole	inhibits	CYP1A1
Schisantherin A	inhibits	Cytochrome P450 3A4
Acacetin 7-diglucoside	inhibits	Cytochrome P450 2C19
Resmetirom	inhibits	SLCO1B1
Loracarbef	inhibits	pbpA
Fostamatinib	inhibits	CDPK1
Alvimopan	inhibits	OPRM1
Amoxapine	inhibits	HTR1B
Fostamatinib	inhibits	CLK2
Chrysoeriol 7-(2''-glucuronylglucuronide)	inhibits	Cytochrome P450 1A2
Cannabidiol	inhibits	UGT2B7
Methoxsalen	inhibits	CYP1A2
Nirogacestat	inhibits	PSEN1
D-Glutamic acid	inhibits	Cytochrome P450 2D6
Cimetidine	inhibits	SLC22A7
Darolutamide	inhibits	SLCO1B1
Nerandomilast	inhibits	ABCB1
Vadadustat	inhibits	EGLN1
Olaparib	inhibits	UGT1A1
Formononetin	inhibits	Cytochrome P450 1B1
Dronedarone	inhibits	SLCO1B1
Orphenadrine	inhibits	SCN10A
Methotrimeprazine	inhibits	ADRA2C
Nebivolol	inhibits	ADRB2
Pralsetinib	inhibits	SLCO1B3
Etodolac	inhibits	PTGS1
Tiludronic acid	inhibits	ATP6V0A1
Isoniazid	inhibits	Cytochrome P450 3A4
Esomeprazole	inhibits	CYP2C19
Tegaserod	inhibits	CYP2C8
Nicardipine	inhibits	CACNB2
Atropine	inhibits	CHRM1
Sphondin	inhibits	Solute carrier organic anion transporter family member 1B1
JNJ-26483327	inhibits	Tyrosine-protein kinase Lck
Nerandomilast	inhibits	SLC47A2
Rabeprazole	inhibits	ATP4A
Encorafenib	inhibits	CYP3A5
Zileuton	inhibits	CYP1A2
Acyclovir	inhibits	SLC22A1
Humulene-alpha	inhibits	Solute carrier organic anion transporter family member 1B3
Bepridil	inhibits	ABCB1
Atazanavir	inhibits	SLCO2B1
Olanzapine	inhibits	HTR2A
Dexmethylphenidate	inhibits	SLC6A2
Acetyl-L-carnitine	inhibits	Solute carrier organic anion transporter family member 1B3
Phenelzine	inhibits	CYP3A5
Danazol	inhibits	CCL2
Clozapine	inhibits	HTR2C
Ivosidenib	inhibits	IDH1
Furosemide	inhibits	SLC22A11
Ethambutol	inhibits	CYP1A2
Doxepin	inhibits	ADRA1D
Fluvastatin	inhibits	CYP2C9
Ethinylestradiol	inhibits	CYP2C8
Ivacaftor	inhibits	ABCB1
Dabigatran etexilate	inhibits	F2
Pemigatinib	inhibits	FGFR1
Exemestane	inhibits	CYP19A1
Sildenafil	inhibits	PDE6G
Na-Formyl-1-methyl-b-carboline	inhibits	Cytochrome P450 3A4
Tetracycline	inhibits	SLC22A6
Hydrocortisone	inhibits	SLCO1A2
Leucyl-Alanine	inhibits	Solute carrier organic anion transporter family member 1B1
Ibuprofen	inhibits	PTGS1
24-Ethylcholesterol	inhibits	Solute carrier organic anion transporter family member 1B1
Balsalazide	inhibits	PTGS2
Trofinetide	inhibits	UGT2B7
Procyclidine	inhibits	CHRM2
Amoxapine	inhibits	HTR1A
Lumateperone	inhibits	SLC6A4
Ivermectin	inhibits	ABCB1
Fostamatinib	inhibits	TEC
Dofetilide	inhibits	KCNJ12
Eluxadoline	inhibits	OPRD1
Phenoxymethylpenicillin	inhibits	dacB
Norfloxacin	inhibits	CYP3A4
Furosemide	inhibits	ABCC2
Rifaximin	inhibits	rpoB
Estradiol cypionate	inhibits	ABCC10
MOMELOTINIB	inhibits	Tyrosine-protein kinase JAK2
Fosamprenavir	inhibits	gag-pol
VELIFLAPON	inhibits	Arachidonate 5-lipoxygenase-activating protein
Omadacycline	inhibits	rpsC
Cycloserine	inhibits	DDC
Genistein	inhibits	Solute carrier organic anion transporter family member 1B1
Hydroxychloroquine	inhibits	TLR9
Safinamide	inhibits	MAOA
Cannabidiol	inhibits	CYP3A4
ULIXERTINIB	inhibits	Mitogen-activated protein kinase 1
Formononetin	inhibits	Solute carrier organic anion transporter family member 1B1
Emodin	inhibits	Solute carrier organic anion transporter family member 1B1
Diazepam	inhibits	CYP2C19
Levofloxacin	inhibits	SLCO4C1
Paritaprevir	inhibits	SLCO1B3
Afatinib	inhibits	ABCG2
Rifamycin	inhibits	SLCO2B1
Dicyclomine	inhibits	CHRM3
Pimozide	inhibits	CALM1
3-Methylsalicylic acid	inhibits	Solute carrier organic anion transporter family member 1B3
Mifepristone	inhibits	SLCO1B3
Arachidonic acid	inhibits	Solute carrier organic anion transporter family member 1B3
Darifenacin	inhibits	CHRM4
Fostamatinib	inhibits	RPS6KA1
Selegiline	inhibits	MAOB
Interferon beta-1a	inhibits	CYP1A2
Interferon alfa-n1	inhibits	CYP1A2
Methysergide	inhibits	HTR2A
Adenosine	inhibits	Solute carrier organic anion transporter family member 1B1
TRICETAMIDE	inhibits	Tyrosine-protein kinase JAK1
(2S)-pinocembrin	inhibits	Cytochrome P450 1A2
Gallocatechin-(4alpha->8)-gallocatechin-(4alpha->8)-gallocatechin	inhibits	Solute carrier organic anion transporter family member 1B3
Istradefylline	inhibits	SLCO1B1
Curcumin	inhibits	ATP-dependent translocase ABCB1
Topiramate	inhibits	CACNA1E
Gepotidacin	inhibits	parC
Clozapine	inhibits	HTR2A
Imatinib	inhibits	KIT
Metoclopramide	inhibits	CYP2D6
Fostamatinib	inhibits	BTK
Olaparib	inhibits	CYP3A5
Citrullin	inhibits	Solute carrier organic anion transporter family member 1B1
Progesterone	inhibits	ABCC1
PKI-179	inhibits	Serine/threonine-protein kinase mTOR
Ixabepilone	inhibits	TUBB3
Ketoconazole	inhibits	CYP4F2
Fostamatinib	inhibits	GSK3B
Progesterone	inhibits	ABCB11
Selpercatinib	inhibits	FGFR1
Phenylhydrazine	inhibits	Cytochrome P450 3A4
Tegaserod	inhibits	CYP2D6
Sphondin	inhibits	Cytochrome P450 3A4
Enasidenib	inhibits	CYP2C8
Fostamatinib	inhibits	NEK9
Ursodeoxycholic acid	inhibits	ABCB11
Vorinostat	inhibits	HDAC8
Selegiline	inhibits	ABCB1
Loperamide	inhibits	Cytochrome P450 3A4
Dihydrocodeine	inhibits	OPRM1
(2S)-pinocembrin	inhibits	Solute carrier organic anion transporter family member 1B3
Fostamatinib	inhibits	NTRK1
Entrectinib	inhibits	NTRK1
Lindane	inhibits	GABRB3
Triamterene	inhibits	SCNN1B
Verapamil	inhibits	CYP3A4
[6]-Shogaol	inhibits	Cytochrome P450 2B6
Bortezomib	inhibits	PSMB1
Efavirenz	inhibits	CYP2D6
Glasdegib	inhibits	ABCB1
Daprodustat	inhibits	CYP2C8
Zafirlukast	inhibits	CYP1A2
Taurodeoxycholic acid	inhibits	Solute carrier organic anion transporter family member 1B3
Voxilaprevir	inhibits	ABCG2
Fostamatinib	inhibits	PTK2
Acitretin	inhibits	STAT3
Curcumin	inhibits	Solute carrier organic anion transporter family member 1B1
Axitinib	inhibits	FLT4
Sunitinib	inhibits	PDGFRA
Lorlatinib	inhibits	NTRK3
Binimetinib	inhibits	MAP2K1
Butabarbital	inhibits	CHRNA10
Charantin	inhibits	Solute carrier organic anion transporter family member 1B3
Liothyronine	inhibits	SLCO1C1
Cyclobenzaprine	inhibits	TLR4
Pravastatin	inhibits	SLC22A6
Mefloquine	inhibits	ADORA2A
Dicloxacillin	inhibits	pbp3
Chlorpromazine	inhibits	HTR6
Pibrentasvir	inhibits	SLCO1B3
Promethazine	inhibits	CHRM5
Serdexmethylphenidate	inhibits	SLC6A2
Atropine	inhibits	CHRM3
Sulfinpyrazone	inhibits	ABCC6
Teniposide	inhibits	CYP2C9
Dronedarone	inhibits	KCND3
Felodipine	inhibits	CACNA1C
Bazedoxifene	inhibits	ESR1
Glutathione	inhibits	Solute carrier organic anion transporter family member 1B3
4-Methylaesculetin	inhibits	Solute carrier organic anion transporter family member 1B3
Etoposide	inhibits	TOP2B
Cyclobenzaprine	inhibits	HTR2C
Hydralazine	inhibits	AOC3
SF-1126	inhibits	Serine/threonine-protein kinase mTOR
Mirabegron	inhibits	ABCB1
Ketoconazole	inhibits	CYP2A6
Fostamatinib	inhibits	SNRK
Nimodipine	inhibits	CACNA1S
Pralsetinib	inhibits	CYP2C8
Fexofenadine	inhibits	HRH1
Pyridostigmine	inhibits	F10
Isavuconazole	inhibits	UGT1A9
Encorafenib	inhibits	CYP2C9
Metformin	inhibits	GPD1
Nintedanib	inhibits	PDGFRA
N-Acetyl-L-cysteine	inhibits	Solute carrier organic anion transporter family member 1B3
Idelalisib	inhibits	CYP2C8
Clonazepam	inhibits	CYP2E1
Cefadroxil	inhibits	pbp3
cis-Chlorogenic acid	inhibits	Solute carrier organic anion transporter family member 1B3
Flavin adenine dinucleotide	inhibits	MAOA
Perindopril	inhibits	SFRP4
Betahistine	inhibits	HRH3
Dexamethasone	inhibits	CYP11B1
Remibrutinib	inhibits	SLC22A1
Acetaminophen	inhibits	PTGS1
Oenanthetol acetate	inhibits	Solute carrier organic anion transporter family member 1B3
DIMETHYL FUMARATE	inhibits	Kelch-like ECH-associated protein 1
Indinavir	inhibits	gag-pol
AMP	inhibits	Solute carrier organic anion transporter family member 1B3
Quetiapine	inhibits	HTR1A
Nylidrin	inhibits	CACNA1I
Quercetin	inhibits	Cytochrome P450 2C8
Glycyrrhetic acid	inhibits	Solute carrier organic anion transporter family member 1B3
Ticagrelor	inhibits	P2RY12
Norfloxacin	inhibits	CYP1A2
Eltrombopag	inhibits	ABCG2
Doxepin	inhibits	SLC6A4
Ibuprofen	inhibits	CXCR2
LESTAURTINIB	inhibits	Receptor-type tyrosine-protein kinase FLT3
Gilteritinib	inhibits	AXL
Fostamatinib	inhibits	EPHA5
OBATOCLAX MESYLATE	inhibits	Induced myeloid leukemia cell differentiation protein Mcl-1
Betaine	inhibits	PRODH
Riboflavine	inhibits	Solute carrier organic anion transporter family member 1B3
Meloxicam	inhibits	PGD
Risperidone	inhibits	ADRA2C
Clozapine	inhibits	ADRA1A
Galangin	inhibits	Cytochrome P450 1A1
Quinine	inhibits	CYP2C19
Dabigatran	inhibits	F2
Dalfampridine	inhibits	KCNA3
Protoporphyrin	inhibits	Cytochrome P450 2C9
Rucaparib	inhibits	PARP1
Fostamatinib	inhibits	STK36
Taurochenodesoxycholic acid	inhibits	Solute carrier organic anion transporter family member 1B3
Flavin adenine dinucleotide	inhibits	GSR
Oxtriphylline	inhibits	ADORA1
Fingolimod	inhibits	DRD3
Quinethazone	inhibits	SLC12A2
Cyclosporine	inhibits	ABCB11
α-tocopherol	inhibits	Solute carrier organic anion transporter family member 1B3
Amprenavir	inhibits	CYP3A4
Pazopanib	inhibits	ITK
Naltrexone	inhibits	SIGMAR1
Duloxetine	inhibits	SLC6A3
TRAMETINIB DIMETHYL SULFOXIDE	inhibits	Dual specificity mitogen-activated protein kinase kinase 1
Clozapine	inhibits	ADRA2C
4-Aminohippuric acid	inhibits	Solute carrier organic anion transporter family member 1B3
Tenoxicam	inhibits	PTGS1
Diclofenamide	inhibits	CA1
AT-9283	inhibits	Tyrosine-protein kinase ABL1
Fluoxetine	inhibits	CKS1B
Dronedarone	inhibits	CACNB4
Tiaprofenic acid	inhibits	PTGS2
Nicardipine	inhibits	CACNA2D1
Osilodrostat	inhibits	CYP3A5
Bupropion	inhibits	SLC6A2
Dutasteride	inhibits	SRD5A2
Nilutamide	inhibits	AR
Ziprasidone	inhibits	CHRM5
Diosmetin	inhibits	Cytochrome P450 1A2
Tramadol	inhibits	CHRNA7
Sildenafil	inhibits	SLCO1B1
Rifamycin	inhibits	CYP2C19
Elexacaftor	inhibits	CYP2C19
Valaciclovir	inhibits	SLC15A2
Desipramine	inhibits	CHRM4
MIRDAMETINIB	inhibits	Dual specificity mitogen-activated protein kinase kinase 1
Tegaserod	inhibits	CYP1A2
Pseudoephedrine	inhibits	NFKB1
7-Ketocholesterol	inhibits	Solute carrier organic anion transporter family member 1B3
Fostamatinib	inhibits	MERTK
Estradiol acetate	inhibits	ABCC10
Famotidine	inhibits	HRH2
Nizatidine	inhibits	BCHE
Monopotassium glutamate	inhibits	Cytochrome P450 2D6
Lapatinib	inhibits	ERBB2
Diclofenac	inhibits	PTGS1
Bromocriptine	inhibits	ADRA1B
Bexagliflozin	inhibits	SLC5A2
Etoricoxib	inhibits	CYP2E1
Triamterene	inhibits	Cytochrome P450 2D6
Lansoprazole	inhibits	ABCG2
Tovorafenib	inhibits	CYP2C19
1-Acetoxy-2-hydroxy-16-heptadecyn-4-one	inhibits	Solute carrier organic anion transporter family member 1B1
Rucaparib	inhibits	PARP3
Indomethacin	inhibits	ABCC3
Galantamine	inhibits	ACHE
Cabazitaxel	inhibits	SLCO1B3
Cannabidiol	inhibits	CYP1A1
Rabeprazole	inhibits	CYP3A4
Alvimopan	inhibits	OPRD1
Tazemetostat	inhibits	EZH2
Mercenene	inhibits	Solute carrier organic anion transporter family member 1B3
Palbociclib	inhibits	ABCB1
Sulfinpyrazone	inhibits	ABCC1
Fostamatinib	inhibits	SIK1
Spironolactone	inhibits	NR3C2
Olsalazine	inhibits	TPMT
Tolterodine	inhibits	CHRM2
Sorafenib	inhibits	BRAF
Alloxan	inhibits	Solute carrier organic anion transporter family member 1B1
Ketoprofen	inhibits	SLC22A7
Finerenone	inhibits	NR3C2
Sunitinib	inhibits	KIT
Fostamatinib	inhibits	STK32A
Fostamatinib	inhibits	EIF2AK2
RITLECITINIB TOSYLATE	inhibits	Tyrosine-protein kinase JAK3
Tovorafenib	inhibits	ABCG2
Ponatinib	inhibits	PDGFRA
Losartan	inhibits	CYP3A4
Fluoxetine	inhibits	CHRNA2
Chloramphenicol	inhibits	CYP3A5
Ponatinib	inhibits	SRC
Aripiprazole	inhibits	HTR1E
Trofinetide	inhibits	UGT2B15
Lenvatinib	inhibits	FGFR3
Nifedipine	inhibits	CYP2C8
N-Acetyltryptophan	inhibits	Cytochrome P450 3A4
Bumetanide	inhibits	SLC10A1
Apalutamide	inhibits	SLC47A2
Everolimus	inhibits	ABCB1
Bicalutamide	inhibits	CYP2D6
Peucedanin	inhibits	Solute carrier organic anion transporter family member 1B3
LANRAPLENIB	inhibits	Tyrosine-protein kinase SYK
Diclofenac	inhibits	SLC22A11
Imperatorin	inhibits	Cytochrome P450 1B1
Amiodarone	inhibits	CYP2C19
Lovastatin	inhibits	HMGCR
Fedratinib	inhibits	SLC47A2
Capivasertib	inhibits	AKT3
Cloxacillin	inhibits	SLC15A2
Fostamatinib	inhibits	CYP3A4
Eliglustat	inhibits	ABCB1
Plumbagin	inhibits	Cytochrome P450 2C19
Dicloxacillin	inhibits	penA
Nalidixic acid	inhibits	TDO2
Acenocoumarol	inhibits	VKORC1
Menadione	inhibits	Cytochrome P450 2C19
Cabozantinib	inhibits	FLT1
Relugolix	inhibits	ABCG2
Baloxavir marboxil	inhibits	CYP2B6
Glasdegib	inhibits	MTOR
Asenapine	inhibits	ADRA1A
Isobergapten	inhibits	Solute carrier organic anion transporter family member 1B3
Sulpiride	inhibits	CA3
BMS-986142	inhibits	Tyrosine-protein kinase BTK
VODOBATINIB	inhibits	Bcr/Abl fusion protein
Clobazam	inhibits	UGT1A6
Kojic acid	inhibits	Solute carrier organic anion transporter family member 1B1
Fostamatinib	inhibits	MAP3K2
Tepotinib	inhibits	SLC22A1
Lomefloxacin	inhibits	ABCC2
Selpercatinib	inhibits	ABCG2
Digitoxin	inhibits	SLCO1A2
Sotagliflozin	inhibits	ABCG2
Vemurafenib	inhibits	CYP2C8
Fostamatinib	inhibits	ACVR1B
Lisinopril	inhibits	REN
Scopolamine	inhibits	CHRM1
Tolmetin	inhibits	TDO2
Nelfinavir	inhibits	SLCO1B1
Amoxicillin	inhibits	SLC15A2
Testosterone undecanoate	inhibits	SLCO1A2
SELUMETINIB SULFATE	inhibits	Dual specificity mitogen-activated protein kinase kinase; MEK1/2
Ergoloid mesylate	inhibits	DRD1
Ginkgo biloba	inhibits	CYP1A2
Bortezomib	inhibits	SLCO1B3
Rosiglitazone	inhibits	SLC10A1
Cefixime	inhibits	SLC15A1
Vemurafenib	inhibits	ABCB1
Erlotinib	inhibits	ABCB1
Phenoxymethylpenicillin	inhibits	mecA
Fostamatinib	inhibits	MATK
Nimodipine	inhibits	CACNA1C
Chlorpromazine	inhibits	SMPD1
Axitinib	inhibits	ABL1
Fesoterodine	inhibits	CHRM3
N-Methyl-D-aspartic acid	inhibits	Solute carrier organic anion transporter family member 1B1
Meperidine	inhibits	SLC6A3
Maprotiline	inhibits	HTR7
Amiloride	inhibits	SCNN1B
Amoxicillin	inhibits	PBP1
Gimeracil	inhibits	DPYD
Dolutegravir	inhibits	pol
Fostamatinib	inhibits	FGFR1
Verapamil	inhibits	CACNA1C
Etoposide	inhibits	ABCC2
Cannabidiol	inhibits	PTGS2
Cedarwood oil alcohols	inhibits	Solute carrier organic anion transporter family member 1B1
Nicardipine	inhibits	CACNA1G
Atorvastatin	inhibits	DPP4
Atrasentan	inhibits	CYP2C9
GSK-461364	inhibits	Serine/threonine-protein kinase PLK1
Amiodarone	inhibits	CYP3A4
Dantrolene	inhibits	RYR1
Glyburide	inhibits	CPT1A
ULIXERTINIB	inhibits	Mitogen-activated protein kinase 3
PYROTINIB	inhibits	Receptor tyrosine-protein kinase erbB-2
Lamotrigine	inhibits	ADORA1
Ketoconazole	inhibits	CYP1B1
Peginterferon alfa-2b	inhibits	CYP1A2
Cannabidiol	inhibits	CYP1A2
Fd&c blue no. 2, calcium lake	inhibits	Solute carrier organic anion transporter family member 1B1
Ubrogepant	inhibits	CYP2C19
BIIB021	inhibits	Heat shock protein HSP90
Gabexate	inhibits	C1R
Asciminib	inhibits	SLC22A1
cis-Ferulic acid	inhibits	Solute carrier organic anion transporter family member 1B3
Conidendrin	inhibits	Cytochrome P450 3A4
Felodipine	inhibits	CYP2C8
Ziprasidone	inhibits	CHRM1
alpha-Mangostin	inhibits	Cytochrome P450 2C19
Mitapivat	inhibits	ABCB1
Lonafarnib	inhibits	CYP2C19
Asenapine	inhibits	CYP2D6
Cimetidine	inhibits	CYP2C9
Danazol	inhibits	Cytochrome P450 2D6
Fenoldopam	inhibits	ADRA1D
Saquinavir	inhibits	gag-pol
Quinidine	inhibits	SCN5A
PREXASERTIB	inhibits	Serine/threonine-protein kinase Chk1
(S,E)-Zearalenone	inhibits	Cytochrome P450 3A4
Tovorafenib	inhibits	CYP3A4
Dalfampridine	inhibits	KCNA4
Ritonavir	inhibits	CYP3A7
N-acetyl-L-glutamate	inhibits	Solute carrier organic anion transporter family member 1B3
Cannabidiol	inhibits	CYP2C19
Tecovirimat	inhibits	CYP2C19
Etacrynic acid	inhibits	GSTP1
Methotrexate	inhibits	ABCC1
Amiodarone	inhibits	ADRB1
Topiramate	inhibits	Solute carrier organic anion transporter family member 1B1
3-Benzylisothiocyanate	inhibits	Solute carrier organic anion transporter family member 1B1
SAPITINIB	inhibits	Receptor tyrosine-protein kinase erbB-3
Flupentixol	inhibits	HTR2A
Crizotinib	inhibits	CYP3A4
GILTERITINIB	inhibits	Tyrosine-protein kinase receptor UFO
Epigallocatechin 3,5-digallate	inhibits	Solute carrier organic anion transporter family member 1B1
SELONSERTIB	inhibits	Mitogen-activated protein kinase kinase kinase 5
(-)-alpha-Narcotine	inhibits	Cytochrome P450 3A4
Morin	inhibits	Solute carrier organic anion transporter family member 1B3
3-O-Caffeoyl-muco-quinic acid	inhibits	Solute carrier organic anion transporter family member 1B3
Ketoprofen	inhibits	CYP2C9
Clomipramine	inhibits	SLC6A4
Xanomeline	inhibits	ABCB1
Nirmatrelvir	inhibits	CYP3A4
Bisoprolol	inhibits	ABCB1
Pazopanib	inhibits	SLCO1B1
Valproic acid	inhibits	HGF
cis-[6]-Shogaol	inhibits	Cytochrome P450 3A4
Melatonin	inhibits	MPO
Repaglinide	inhibits	ABCC8
Trimebutine	inhibits	CACNA1C
Bilastine	inhibits	HRH1
Isavuconazonium	inhibits	ABCB1
Procainamide	inhibits	KCNH2
Atrasentan	inhibits	ABCB1
Sorafenib	inhibits	ABCG2
Aliskiren	inhibits	REN
Haloperidol	inhibits	SLC18A2
Mastic gum	inhibits	ATP-dependent translocase ABCB1
RO-3201195	inhibits	Mitogen-activated protein kinase 14
Amoxapine	inhibits	CHRM1
Zalcitabine	inhibits	pol
Fostamatinib	inhibits	MUSK
Tranylcypromine	inhibits	CYP2D6
Ritonavir	inhibits	ABCG2
Fedratinib	inhibits	SLC47A1
Cefoperazone	inhibits	SLC22A8
Olanzapine	inhibits	ADRA1B
Risperidone	inhibits	HTR2A
Bupropion	inhibits	CHRNA3
Ketoconazole	inhibits	CYP2C19
Sotagliflozin	inhibits	SLCO1B1
Cannabidiol	inhibits	CACNA1I
Cefoperazone	inhibits	mrdA
Naldemedine	inhibits	OPRM1
Fenoldopam	inhibits	ADRA2C
Remibrutinib	inhibits	CYP2C9
Fluoxetine	inhibits	SLC6A4
Alpelisib	inhibits	CYP2C19
Abemaciclib	inhibits	CDK6
Chlorpheniramine	inhibits	CYP2D6
AKN-028	inhibits	Receptor-type tyrosine-protein kinase FLT3
Etacrynic acid	inhibits	SLC22A6
Memantine	inhibits	GRIN1
Olanzapine	inhibits	DRD5
Pentoxyverine	inhibits	SCN1A
Fludrocortisone	inhibits	AR
Pralsetinib	inhibits	NTRK1
Viloxazine	inhibits	ADRA1B
Tovorafenib	inhibits	RAF1
Coumarin	inhibits	CA6
Atogepant	inhibits	SLC47A1
Vincristine	inhibits	ABCC2
Tolnaftate	inhibits	Solute carrier organic anion transporter family member 1B3
BMS-863233	inhibits	Cell division cycle 7-related protein kinase
Furosemide	inhibits	SLC12A1
Fluoxetine	inhibits	CYP1A2
Atorvastatin	inhibits	ABCB1
Progesterone	inhibits	NR3C2
Fostamatinib	inhibits	PRKG2
Bumetanide	inhibits	SLC12A4
Chavicine	inhibits	Solute carrier organic anion transporter family member 1B3
L-Histidine	inhibits	Cytochrome P450 3A4
Probenecid	inhibits	ABCC3
1-(3,4-Dimethoxyphenyl)-4-decen-3-one	inhibits	Cytochrome P450 2C9
Dicloxacillin	inhibits	pbpA
Glycosides	inhibits	Solute carrier organic anion transporter family member 1B1
Clomipramine	inhibits	SLC6A2
Oxprenolol	inhibits	ADRB2
Phellopterin	inhibits	Cytochrome P450 3A4
Buprenorphine	inhibits	OPRD1
Fexinidazole	inhibits	SLC22A6
Azithromycin	inhibits	ABCB1
Finasteride	inhibits	SRD5A2
Escitalopram	inhibits	DRD2
Eugenol	inhibits	Solute carrier organic anion transporter family member 1B1
Cefaclor	inhibits	SLC15A2
Cefadroxil	inhibits	SLC22A5
Donepezil	inhibits	Cytochrome P450 3A4
Berberine	inhibits	Cytochrome P450 1B1
Fluconazole	inhibits	CYP3A5
Fostemsavir	inhibits	SLCO1B1
Atorvastatin	inhibits	Solute carrier organic anion transporter family member 1B1
Propiverine	inhibits	ADRA1A
Liothyronine	inhibits	SLC22A8
Eflornithine	inhibits	ODC1
Genistein	inhibits	Solute carrier organic anion transporter family member 1B3
Ampicillin	inhibits	SLC15A2
Fostamatinib	inhibits	WEE1
Pravastatin	inhibits	HDAC2
Dabrafenib	inhibits	CYP3A4
Berotralstat	inhibits	KLKB1
Dextroamphetamine	inhibits	ADRA1A
Erdafitinib	inhibits	SLC22A2
Cannabidiol	inhibits	SOD1
Isavuconazole	inhibits	CACNA1C
Terbinafine	inhibits	CYP2D6
Nelfinavir	inhibits	CYP2D6
Avocadene	inhibits	Solute carrier organic anion transporter family member 1B1
Fosnetupitant	inhibits	CYP3A4
Digitoxin	inhibits	SLCO4C1
Donepezil	inhibits	ATP-dependent translocase ABCB1
Catechin	inhibits	Solute carrier organic anion transporter family member 1B3
Rosiglitazone	inhibits	RXRA
Fostamatinib	inhibits	SRC
Bromazepam	inhibits	CYP2E1
Tadalafil	inhibits	PDE11A
FORIGERIMOD ACETATE	inhibits	Heat shock cognate 71 kDa protein
Doxorubicin	inhibits	ABCC1
Celecoxib	inhibits	Cytochrome P450 2D6
Nalidixic acid	inhibits	SLC22A6
Lasmiditan	inhibits	ABCG2
Piperonyl acetate	inhibits	Cytochrome P450 3A4
Pyrimethamine	inhibits	HEXB
Delavirdine	inhibits	CYP2C19
Regorafenib	inhibits	ABCB1
Ticlopidine	inhibits	CYP2C19
Avocadene	inhibits	Solute carrier organic anion transporter family member 1B3
Glecaprevir	inhibits	SLCO1B3
Isavuconazonium	inhibits	ABCG2
Trospium	inhibits	CHRM5
DACTOLISIB	inhibits	Serine/threonine-protein kinase mTOR
MK-6592	inhibits	Serine/threonine-protein kinase Aurora
Phenylbutazone	inhibits	CYP2C9
Acoramidis	inhibits	SLC22A6
Aripiprazole	inhibits	HTR1D
Propranolol	inhibits	MAOA
Fostamatinib	inhibits	PRKCD
Osthol	inhibits	Solute carrier organic anion transporter family member 1B1
Bilirubin	inhibits	Solute carrier organic anion transporter family member 1B3
Caffeine	inhibits	Solute carrier organic anion transporter family member 1B1
Fluspirilene	inhibits	HTR2A
Hypoxanthine	inhibits	Solute carrier organic anion transporter family member 1B3
Acyclovir	inhibits	SLC22A6
Erlotinib	inhibits	UGT1A1
Amantadine	inhibits	CHRNA3
Amlodipine	inhibits	SMPD1
Astemizole	inhibits	KCNH2
Fostamatinib	inhibits	BMPR1B
Gefapixant	inhibits	P2RX2
Zonisamide	inhibits	SCN1A
Genistein	inhibits	Cytochrome P450 3A4
Bergapten	inhibits	Solute carrier organic anion transporter family member 1B1
Salsalate	inhibits	PTGS2
Cyclosporine	inhibits	CYP3A4
Dimethyl sulfone	inhibits	Solute carrier organic anion transporter family member 1B3
Moexipril	inhibits	ACE
Saquinavir	inhibits	SLCO1A2
Phenytoin	inhibits	SCN3A
Valproic acid	inhibits	GSK3A
beta-Amryin	inhibits	Solute carrier organic anion transporter family member 1B1
RWJ-67657	inhibits	Mitogen-activated protein kinase 11
hydroquinone-O-β-D-glucopyranoside	inhibits	Solute carrier organic anion transporter family member 1B1
Topotecan	inhibits	TOP1MT
Encorafenib	inhibits	CYP2C8
cis-[6]-Shogaol	inhibits	Cytochrome P450 1A2
Mastic gum	inhibits	Cytochrome P450 2C19
Regorafenib	inhibits	PDGFRB
ZOTIRACICLIB	inhibits	Tyrosine-protein kinase JAK2
Rimegepant	inhibits	SLC22A2
Isradipine	inhibits	CACNB2
Ferulic acid	inhibits	MAOB
Clopidogrel	inhibits	CYP2C8
Cannabidiol	inhibits	CES1
Indomethacin	inhibits	AKR1C3
Kaempferide 3-[glucopyranosyl-(1->?)-glucopyranoside]	inhibits	Cytochrome P450 1A1
AV-412	inhibits	Receptor tyrosine-protein kinase erbB-2
Tepotinib	inhibits	ABCB11
BERZOSERTIB	inhibits	Serine/threonine-protein kinase ATR
Nicardipine	inhibits	CYP2C19
Phenytoin	inhibits	SCN2A
Ketoconazole	inhibits	CYP2C8
Gefitinib	inhibits	CYP2C9
Defactinib	inhibits	ABCB5
Estrone sulfate	inhibits	CYP2C9
Nicotine	inhibits	SLC22A3
Pemetrexed	inhibits	GART
Cannabidiol	inhibits	ABCB1
Cannabidiol	inhibits	IDO1
DASATINIB ANHYDROUS	inhibits	Bcr/Abl fusion protein
Vadadustat	inhibits	ABCG2
Carbamazepine	inhibits	CHRNA4
Carnosin 44A	inhibits	Solute carrier organic anion transporter family member 1B3
Trospium	inhibits	CYP2D6
Clonidine	inhibits	SLC22A5
Trovafloxacin	inhibits	TOP2A
Orlistat	inhibits	FASN
Pemigatinib	inhibits	ABCB1
XL-418	inhibits	Serine/threonine-protein kinase AKT
Tovorafenib	inhibits	BRAF
Cannabidiol	inhibits	CACNA1G
Farnesol	inhibits	Solute carrier organic anion transporter family member 1B1
Insulin human	inhibits	IGFBP7
Phenobarbital	inhibits	CHRNA7
Methadone	inhibits	CYP2D6
Cefixime	inhibits	mrdA
Valdecoxib	inhibits	Solute carrier organic anion transporter family member 1B3
Alfuzosin	inhibits	ADRA1D
Acepromazine	inhibits	HTR1A
Quinidine	inhibits	ADRA1A
Paliperidone	inhibits	DRD3
Topotecan	inhibits	SLC47A1
Pentoxifylline	inhibits	ADORA1
Amitriptyline	inhibits	HTR1A
Quinine	inhibits	ABCB1
Kaempferide	inhibits	Cytochrome P450 1B1
Ketoprofen	inhibits	CYP2C8
Tannase	inhibits	Solute carrier organic anion transporter family member 1B3
Iloperidone	inhibits	HTR1A
Clozapine	inhibits	DRD1
Plumbagin	inhibits	Cytochrome P450 1B1
Gemfibrozil	inhibits	SLCO2B1
Imatinib	inhibits	ABCB1
Pitolisant	inhibits	CYP2D6
Mirtazapine	inhibits	ADRA2A
Naltrexone	inhibits	OPRM1
Naringin	inhibits	Solute carrier organic anion transporter family member 1B3
FILGOTINIB	inhibits	Tyrosine-protein kinase JAK2
Procainamide	inhibits	SLC22A5
Flavin adenine dinucleotide	inhibits	XDH
Paliperidone	inhibits	HTR1A
Mexiletine	inhibits	CYP1A2
Brexpiprazole	inhibits	ADRA1B
Ketoprofen	inhibits	PTGS2
Rucaparib	inhibits	CYP2C9
Pimozide	inhibits	KCNH2
Tetracycline	inhibits	rpsS
Escitalopram	inhibits	CHRM1
Bupropion	inhibits	SLC6A3
DORAMAPIMOD	inhibits	Mitogen-activated protein kinase 14
Tucatinib	inhibits	SLC22A2
Fenugrin A	inhibits	Solute carrier organic anion transporter family member 1B1
Mavorixafor	inhibits	SLC47A1
Posaconazole	inhibits	CYP3A4
Isradipine	inhibits	CACNA2D2
Selegiline	inhibits	CYP2A6
Sulfasalazine	inhibits	SLCO1B3
Mifepristone	inhibits	NR3C1
Secobarbital	inhibits	GRIA2
Fostamatinib	inhibits	LATS1
Flavonoids	inhibits	Solute carrier organic anion transporter family member 1B1
Myricetin	inhibits	Cytochrome P450 2C9
Flavin adenine dinucleotide	inhibits	DPYD
Glyburide	inhibits	ABCC1
(2S)-pinocembrin	inhibits	Cytochrome P450 1A1
Patulin	inhibits	Solute carrier organic anion transporter family member 1B3
Tamsulosin	inhibits	ADRA1A
Acetaminophen	inhibits	SLC6A4
Pyrimethamine	inhibits	SLC47A2
DEURUXOLITINIB PHOSPHATE	inhibits	Tyrosine-protein kinase JAK1
Trihexyphenidyl	inhibits	CHRM5
Cephalexin	inhibits	pbp3
Sotorasib	inhibits	ABCG2
Estradiol valerate	inhibits	SLC22A11
Mesalazine	inhibits	ALOX5
Asenapine	inhibits	HRH2
Chrysin	inhibits	Cytochrome P450 1A1
Ketoprofen	inhibits	SLC22A6
Saquinavir	inhibits	CYP3A5
Caffeic acid	inhibits	Solute carrier organic anion transporter family member 1B1
Isavuconazonium	inhibits	CYP2C8
Nitrendipine	inhibits	KCNMA1
Disulfiram	inhibits	DBH
Isavuconazole	inhibits	SLC22A2
Rucaparib	inhibits	SLC22A1
Eupatorin	inhibits	Solute carrier organic anion transporter family member 1B1
Voriconazole	inhibits	CYP3A4
Oteseconazole	inhibits	ABCG2
VISTUSERTIB	inhibits	Serine/threonine-protein kinase mTOR
Paromomycin	inhibits	RPSA
Citalopram	inhibits	CYP2C19
Octreotide	inhibits	CYP3A4
Phenols	inhibits	Cytochrome P450 1A2
(S)-Isocorydine	inhibits	Solute carrier organic anion transporter family member 1B3
Tepotinib	inhibits	CYP3A4
Deuruxolitinib	inhibits	TYK2
Glasdegib	inhibits	SLC47A2
Risperidone	inhibits	HTR2C
Doxorubicin	inhibits	NOLC1
Nefazodone	inhibits	ABCB1
Cimetidine	inhibits	SLC47A2
Flurbiprofen	inhibits	ABCC4
Gabexate	inhibits	F2
Carbenicillin	inhibits	PLA2G4A
Bromocriptine	inhibits	HTR7
Cabergoline	inhibits	HTR7
Ethambutol	inhibits	CYP2E1
Progesterone	inhibits	ESR1
Digoxin	inhibits	ATP1B3
PEMETREXED MONOHYDRATE	inhibits	Trifunctional purine biosynthetic protein adenosine-3
Inavolisib	inhibits	PIK3CG
Acacetin	inhibits	Cytochrome P450 2C19
Ficus Latex peptide 2	inhibits	Solute carrier organic anion transporter family member 1B1
L-DOPA	inhibits	Solute carrier organic anion transporter family member 1B1
Linezolid	inhibits	SLC22A8
Gabexate	inhibits	C1S
Quetiapine	inhibits	ADRA2A
Pemetrexed	inhibits	TYMS
Meperidine	inhibits	GRIN2D
REGORAFENIB	inhibits	Tyrosine-protein kinase ABL1
Phenylhydrazine	inhibits	Cytochrome P450 2C19
Sodium fluoride	inhibits	eno
Mepyramine	inhibits	CYP2D6
Fenofibric acid	inhibits	FABP1
Azelaic acid	inhibits	trxB
Repotrectinib	inhibits	SLCO1B1
Clodronic acid	inhibits	SLC25A4
Risedronic acid	inhibits	FDPS
Dabrafenib	inhibits	CYP2C19
Isavuconazole	inhibits	KCNQ1
Boceprevir	inhibits	CYP3A4
Gefitinib	inhibits	CYP1A1
AS-602868	inhibits	Receptor-type tyrosine-protein kinase FLT3
Mercaptopurine	inhibits	HPRT1
Dasatinib	inhibits	PDGFRB
Carvedilol	inhibits	NDUFC2
R-112	inhibits	Tyrosine-protein kinase SYK
Roflumilast	inhibits	PDE4A
Olutasidenib	inhibits	IDH1
(R)-Glabridin	inhibits	Cytochrome P450 3A4
Imatinib	inhibits	CSF1R
Hypericin	inhibits	Cytochrome P450 3A4
Quinine	inhibits	SLC22A4
Yohimbine	inhibits	ADRA2A
Diphenhydramine	inhibits	SLC22A5
Vigabatrin	inhibits	ABAT
Tolmetin	inhibits	PTGS2
Cimetidine	inhibits	CYP2E1
Butalbital	inhibits	GRIK2
Chloramphenicol	inhibits	rplP
Risperidone	inhibits	ADRA1A
Lazertinib	inhibits	CYP3A4
Teriflunomide	inhibits	SLCO1B1
Rilpivirine	inhibits	SLCO1B3
RILZABRUTINIB	inhibits	Tyrosine-protein kinase BTK
Oenanthetol acetate	inhibits	Solute carrier organic anion transporter family member 1B1
Formononetin	inhibits	Cytochrome P450 2C19
Phenylalanyltyrosine	inhibits	Solute carrier organic anion transporter family member 1B3
Enalapril	inhibits	SLC22A7
4,8,5'-Trimethylpsoralen	inhibits	Solute carrier organic anion transporter family member 1B3
Pexidartinib	inhibits	SLC47A1
Fluvastatin	inhibits	CYP2C19
Pantoprazole	inhibits	ABCG2
Clobazam	inhibits	CYP2D6
Sirolimus	inhibits	SLCO1B1
Cefradine	inhibits	SLC15A1
Ketoconazole	inhibits	SLCO1B1
Lomefloxacin	inhibits	gyrA
3b,5a,6b-Cholestanetriol	inhibits	Solute carrier organic anion transporter family member 1B1
Melagatran	inhibits	F10
Simvastatin	inhibits	SLCO1A2
BAY-1125976	inhibits	RAC-alpha serine/threonine-protein kinase
Cefoperazone	inhibits	SLC22A11
Tadalafil	inhibits	PDE6G
Vorinostat	inhibits	HDAC1
Citrullin	inhibits	Solute carrier organic anion transporter family member 1B3
SOLCITINIB	inhibits	Tyrosine-protein kinase JAK1
Desvenlafaxine	inhibits	CYP2D6
Galantamine	inhibits	ABCB1
Atazanavir	inhibits	CYP1A2
Vitamin E	inhibits	GSTO1
Cobicistat	inhibits	ABCG2
1-aminocyclopropane-1-carboxylate	inhibits	Solute carrier organic anion transporter family member 1B1
UPADACITINIB HEMIHYDRATE	inhibits	Tyrosine-protein kinase JAK2
Tiludronic acid	inhibits	PTPRE
Lenvatinib	inhibits	SLCO1B3
Amiodarone	inhibits	THRA
Fostamatinib	inhibits	RPS6KA3
Risperidone	inhibits	DRD1
Conjugated estrogens	inhibits	SLC22A8
Oxprenolol	inhibits	SLC22A2
Haloperidol	inhibits	HTR1A
Brincidofovir	inhibits	OPG071
Alendronic acid	inhibits	ATP6V1A
GLESATINIB	inhibits	Macrophage-stimulating protein receptor
Stavudine	inhibits	gag-pol
Metronidazole	inhibits	CYP2C8
Lonafarnib	inhibits	SLCO1B3
Ritonavir	inhibits	CYP2D6
Quinine	inhibits	CYP2D6
Enoxaparin	inhibits	F2
Flavin adenine dinucleotide	inhibits	NQO1
Phenytoin	inhibits	SLCO1C1
Fluvoxamine	inhibits	CYP2B6
Mesalazine	inhibits	NOS2
Nitrendipine	inhibits	ABCB1
Telotristat ethyl	inhibits	TPH1
Butalbital	inhibits	GRIA2
Quetiapine	inhibits	CHRM1
Cimetidine	inhibits	CYP3A5
Secobarbital	inhibits	GRIK2
6-Hydroxyluteolin 6,7,3',4'-tetramethyl ether	inhibits	Cytochrome P450 2C9
Cefadroxil	inhibits	SLC15A1
Amoxapine	inhibits	HTR2C
Flunarizine	inhibits	CACNA1I
6-hydroxy-1-methyl-1,2,3,4-tetrahydro-beta-carboline	inhibits	ATP-dependent translocase ABCB1
Dimethyl sulfone	inhibits	Solute carrier organic anion transporter family member 1B1
Nimodipine	inhibits	CACNB1
Oxcarbazepine	inhibits	CYP3A4
Glycopyrronium	inhibits	CHRM4
Ligusticide	inhibits	Solute carrier organic anion transporter family member 1B1
Tetracycline	inhibits	SLC22A7
Idelalisib	inhibits	CYP3A5
Atropine	inhibits	GLRA1
Fluoxetine	inhibits	CYP2D6
Tipranavir	inhibits	CYP3A4
Linonin	inhibits	Solute carrier organic anion transporter family member 1B3
Selegiline	inhibits	CYP1A2
Clofazimine	inhibits	CYP3A4
Dextropropoxyphene	inhibits	OPRK1
Glyburide	inhibits	CYP2C9
Bupropion	inhibits	Cytochrome P450 2C19
Rucaparib	inhibits	CYP1A2
Carvedilol	inhibits	ADRA1D
FASUDIL	inhibits	Rho-associated protein kinase
Ferulic acid	inhibits	CA6
Atomoxetine	inhibits	KCNJ3
Desloratadine	inhibits	HRH1
Deucravacitinib	inhibits	TYK2
Quinidine	inhibits	CYP1A2
Theophylline	inhibits	PDE4B
Rabeprazole	inhibits	CYP2C19
Crizotinib	inhibits	ROS1
Nimodipine	inhibits	CACNA1F
Paritaprevir	inhibits	ABCG2
Erlotinib	inhibits	CYP3A4
Zuclopenthixol	inhibits	ADRA2A
Na-Formyl-1-methyl-b-carboline	inhibits	Cytochrome P450 2D6
Elagolix	inhibits	GNRHR
Dronedarone	inhibits	CYP3A4
Paclitaxel	inhibits	ABCB1
Quinidine	inhibits	ABCB1
Hydrocotarnine	inhibits	Solute carrier organic anion transporter family member 1B1
Fexinidazole	inhibits	SLC47A1
Copanlisib	inhibits	SLC47A2
Plumbagin	inhibits	Cytochrome P450 2C9
Nabilone	inhibits	CYP2C9
Aripiprazole	inhibits	HTR2C
Belumosudil	inhibits	CYP2D6
SARACATINIB	inhibits	Tyrosine-protein kinase ABL1
MOMELOTINIB DIHYDROCHLORIDE MONOHYDRATE	inhibits	Tyrosine-protein kinase JAK2
Linzagolix	inhibits	SLC22A8
Ziprasidone	inhibits	ADRA2A
Tramadol	inhibits	SCN2A
Octreotide	inhibits	ABCC2
Fostamatinib	inhibits	PIM1
Metronidazole	inhibits	CYP3A4
ARRY-797	inhibits	Mitogen-activated protein kinase 14
RUPITASERTIB	inhibits	Ribosomal protein S6 kinase (P70S6K)
Tezacaftor	inhibits	CYP2D6
Bicalutamide	inhibits	AR
Vimseltinib	inhibits	SLC22A2
Raloxifene	inhibits	AOX1
Methylnaltrexone	inhibits	OPRM1
Mifepristone	inhibits	SLCO1B1
RAVOXERTINIB	inhibits	Mitogen-activated protein kinase 1
Promethazine	inhibits	ABCB1
Tricetin	inhibits	Solute carrier organic anion transporter family member 1B3
Nabumetone	inhibits	PTGS2
Diclofenac	inhibits	PLA2G2A
Bisacodyl	inhibits	ATP1A1
Amitriptyline	inhibits	HRH1
Ferulic acid	inhibits	CA14
Canagliflozin	inhibits	SLC5A2
Tedizolid phosphate	inhibits	MAOA
Probenecid	inhibits	SLC22A8
Rifamycin	inhibits	SLC47A1
Methotrimeprazine	inhibits	DRD4
Imatinib	inhibits	ABCG2
Nimodipine	inhibits	CACNB2
LORECIVIVINT	inhibits	Dual specificity protein kinase CLK2
NINGETINIB	inhibits	Tyrosine-protein kinase receptor UFO
Dronedarone	inhibits	ABCB1
Zafirlukast	inhibits	CYSLTR1
Ripretinib	inhibits	CYP2C8
Infigratinib	inhibits	FGFR2
Stanozolol	inhibits	Cytochrome P450 2D6
Diflunisal	inhibits	PTGS1
Gilteritinib	inhibits	SLC22A1
Encorafenib	inhibits	MAPK10
Nalidixic acid	inhibits	gyrB
Hydroflumethiazide	inhibits	SLC12A1
Imipramine	inhibits	ADRA1D
Fluconazole	inhibits	CYP3A4
Ranitidine	inhibits	CYP1A2
Rosuvastatin	inhibits	HMGCR
Vincristine	inhibits	ABCB1
Delavirdine	inhibits	CYP2C9
Trospium	inhibits	CHRM3
Colchicine	inhibits	TUBB
Probenecid	inhibits	SLCO1C1
Hydroxychloroquine	inhibits	TLR7
Tezacaftor	inhibits	CYP2B6
Guanidine	inhibits	Solute carrier organic anion transporter family member 1B1
Imipramine	inhibits	CHRM3
Olanzapine	inhibits	CYP3A4
Tipranavir	inhibits	SLCO1B1
(E)-3-(4-Hydroxyphenyl)-2-propenal	inhibits	Solute carrier organic anion transporter family member 1B3
Etidronic acid	inhibits	PTPRS
Desvenlafaxine	inhibits	SLC6A4
Acetylsalicylic acid	inhibits	PTGS2
Istradefylline	inhibits	ADORA1
AST-487	inhibits	Proto-oncogene tyrosine-protein kinase receptor Ret
Rucaparib	inhibits	CYP3A4
Pralsetinib	inhibits	CYP3A4
Proguanil	inhibits	CYP2D6
Thiopental	inhibits	GRIA2
Tranylcypromine	inhibits	MAOB
Paritaprevir	inhibits	UGT1A1
Flumazenil	inhibits	GABRA5
Stiripentol	inhibits	CYP2B6
Disopyramide	inhibits	CHRM2
Fluoxetine	inhibits	CYP3A4
Fluoxetine	inhibits	CHRNA3
Doxepin	inhibits	CHRM4
Everolimus	inhibits	SLCO1B1
Acetaminophen	inhibits	ABCB1
Abiraterone	inhibits	CYP3A4
Epifriedelin	inhibits	Solute carrier organic anion transporter family member 1B1
Luteolin 7-(2''-glucuronylglucuronide) 4'-glucuronide	inhibits	Cytochrome P450 1B1
Chalcone	inhibits	Cytochrome P450 1B1
Avacopan	inhibits	C5AR1
Lumacaftor	inhibits	CYP2C9
Brincidofovir	inhibits	CYP1A2
Thiotepa	inhibits	CYP2B6
Valaciclovir	inhibits	SLC15A1
Lenalidomide	inhibits	TNF
Diclofenac	inhibits	ABCC4
Liothyronine	inhibits	SLCO4A1
Tamarixetin	inhibits	Cytochrome P450 1A2
Celiprolol	inhibits	ADRA2A
Tannase	inhibits	Cytochrome P450 3A4
Nicotine	inhibits	CHAT
Phenindione	inhibits	VKORC1
5,7-Dimethoxyisoflavone	inhibits	Solute carrier organic anion transporter family member 1B1
PEMETREXED DISODIUM	inhibits	Trifunctional purine biosynthetic protein adenosine-3
Saquinavir	inhibits	SLC22A1
Abciximab	inhibits	ITGB3
Benserazide	inhibits	DDC
Telmisartan	inhibits	CYP2C19
Propafenone	inhibits	SCN5A
Methyl dihydrojasmonate	inhibits	Solute carrier organic anion transporter family member 1B1
CRENOLANIB	inhibits	Receptor-type tyrosine-protein kinase FLT3
Dexmethylphenidate	inhibits	SLC6A4
Glycopyrronium	inhibits	CHRM2
Cannabidiol	inhibits	ACAT1
Estriol	inhibits	Solute carrier organic anion transporter family member 1B3
Ziftomenib	inhibits	MEN1
Zonisamide	inhibits	SCN11A
Asciminib	inhibits	CYP3A4
AT-13148	inhibits	MAP kinase-activated protein kinase 2
Loratadine	inhibits	Cytochrome P450 2C8
Escitalopram	inhibits	CYP2D6
Zinc sulfate, unspecified form	inhibits	C3
Doxorubicin	inhibits	ABCB1
Paclitaxel	inhibits	ABCC1
Doxazosin	inhibits	KCNH2
Piroxicam	inhibits	PTGS1
Abrocitinib	inhibits	TYK2
Alpelisib	inhibits	PIK3CA
Acetaminophen	inhibits	Cytochrome P450 3A4
Lercanidipine	inhibits	CYP2D6
Ponatinib	inhibits	ABCG2
Benzatropine	inhibits	SLC6A3
5-Aminopentanoic acid	inhibits	Cytochrome P450 2D6
Lithocholyltaurine	inhibits	Solute carrier organic anion transporter family member 1B1
Deucravacitinib	inhibits	SLCO1B3
Naloxone	inhibits	OPRM1
Acetazolamide	inhibits	CA1
Desvenlafaxine	inhibits	CYP3A4
Nirogacestat	inhibits	ABCB1
Apigenin	inhibits	Solute carrier organic anion transporter family member 1B3
Fedratinib	inhibits	SLCO1B3
Methotrexate	inhibits	ABCC2
Chrysoeriol	inhibits	Cytochrome P450 1B1
Progesterone	inhibits	Solute carrier organic anion transporter family member 1B3
Crofelemer	inhibits	CFTR
Oxybutynin	inhibits	CYP2C8
Prazosin	inhibits	ABCB1
Brincidofovir	inhibits	POLD1
Ticagrelor	inhibits	CYP2C9
BREPOCITINIB	inhibits	Non-receptor tyrosine-protein kinase TYK2
6-Hydroxyluteolin 6,7,3',4'-tetramethyl ether	inhibits	Cytochrome P450 1A1
Acacetin	inhibits	Cytochrome P450 1A2
Fostamatinib	inhibits	EIF2AK4
Fostamatinib	inhibits	SIK3
4-Nonylphenol	inhibits	Solute carrier organic anion transporter family member 1B3
Mirdametinib	inhibits	MAP2K1
Enalapril	inhibits	SLC22A6
Stiripentol	inhibits	CYP1A2
Carvedilol	inhibits	SELE
Grepafloxacin	inhibits	ABCB1
Nelfinavir	inhibits	SLC22A1
Ranitidine	inhibits	CYP2D6
Atazanavir	inhibits	CYP3A4
Etidronic acid	inhibits	SLC25A6
Albendazole	inhibits	TUBA1A
OMIPALISIB	inhibits	Serine/threonine-protein kinase mTOR
Vardenafil	inhibits	CYP2C8
Atorvastatin	inhibits	CYP2C8
Relugolix	inhibits	GNRHR
Nicardipine	inhibits	CYP2C9
CEP-1347	inhibits	Mitogen-activated protein kinase kinase kinase 12
Relugolix	inhibits	ABCB1
Argatroban	inhibits	F2
Quetiapine	inhibits	HTR6
Haloperidol	inhibits	ABCB1
Capecitabine	inhibits	TMP1
Lithium carbonate	inhibits	GSK3A
Probenecid	inhibits	SLC22A2
Ranolazine	inhibits	SCN1A
Nelfinavir	inhibits	ABCB1
Flavoxate	inhibits	CHRM5
Sitaxentan	inhibits	EDNRA
Acamprosate	inhibits	GRIN1
quinolinate	inhibits	Solute carrier organic anion transporter family member 1B3
Gallocatechin-(4alpha->8)-gallocatechin-(4alpha->8)-gallocatechin	inhibits	Solute carrier organic anion transporter family member 1B1
Celiprolol	inhibits	ADRB1
Chloroquine	inhibits	HMGB1
Nimodipine	inhibits	CACNB3
ENCORAFENIB	inhibits	Serine/threonine-protein kinase B-raf
Ruxolitinib	inhibits	PLAUR
Nortriptyline	inhibits	CYP2E1
Deferasirox	inhibits	CYP2C8
Osilodrostat	inhibits	SLC22A6
Demethylnobiletin	inhibits	Cytochrome P450 3A4
Osilodrostat	inhibits	CYP2E1
Pralsetinib	inhibits	FGFR2
(2E,6E)-Farnesol	inhibits	Solute carrier organic anion transporter family member 1B1
Apigenin	inhibits	Solute carrier organic anion transporter family member 1B1
RG-1530	inhibits	Serine/threonine-protein kinase PLK4
Butabarbital	inhibits	GRIA1
Chloroquine	inhibits	TLR9
Gatifloxacin	inhibits	parE
Escitalopram	inhibits	ADRA2A
Valproic acid	inhibits	SLC22A6
Chrysin	inhibits	Cytochrome P450 3A4
Interferon beta-1b	inhibits	CYP1A2
Brompheniramine	inhibits	CHRM3
Glimepiride	inhibits	KCNJ1
Iloperidone	inhibits	ADRB1
Trazodone	inhibits	Htr2c
Fd&c red no. 40, calcium lake	inhibits	Solute carrier organic anion transporter family member 1B1
Carvedilol	inhibits	XDH
Desipramine	inhibits	CHRM1
Fostamatinib	inhibits	DDR1
Azelaic acid	inhibits	AKR1D1
Dronedarone	inhibits	ADRA1B
PEMETREXED DIPOTASSIUM	inhibits	Trifunctional purine biosynthetic protein adenosine-3
Brexpiprazole	inhibits	SLC47A2
Rolapitant	inhibits	TACR1
AMP	inhibits	Solute carrier organic anion transporter family member 1B1
Albendazole	inhibits	fccA
Simvastatin	inhibits	CYP2B6
Fingolimod	inhibits	HDAC1
Aprepitant	inhibits	CYP3A4
Fostamatinib	inhibits	MAP2K3
Imipramine	inhibits	Cytochrome P450 2D6
Procainamide	inhibits	SLC22A2
Flecainide	inhibits	RYR2
Kinetin	inhibits	Solute carrier organic anion transporter family member 1B1
Milnacipran	inhibits	SLC6A2
Vardenafil	inhibits	CYP3A4
Lazertinib	inhibits	SLC22A1
Nobiletin	inhibits	Solute carrier organic anion transporter family member 1B3
Brincidofovir	inhibits	POLB
Ketoconazole	inhibits	CYP1A2
Spinacetin 3-O-glucosyl-(1->6)-[apiosyl(1->2)]-glucoside	inhibits	Solute carrier organic anion transporter family member 1B1
Propafenone	inhibits	ADRB1
Saquinavir	inhibits	pol
Mifepristone	inhibits	CYP3A4
Bosutinib	inhibits	LYN
Fd&c green no. 3, aluminum lake	inhibits	Solute carrier organic anion transporter family member 1B3
Bromocriptine	inhibits	ABCB1
Osilodrostat	inhibits	CYP3A4
Prednisone	inhibits	SLCO1A2
Maprotiline	inhibits	CHRM4
Desvenlafaxine	inhibits	SLC6A3
Selpercatinib	inhibits	CYP2C8
Enkephalin L	inhibits	Solute carrier organic anion transporter family member 1B3
Sertraline	inhibits	Cytochrome P450 2D6
Pacritinib	inhibits	SLC22A2
Lamotrigine	inhibits	ADORA2A
Amoxapine	inhibits	CYP2D6
DASATINIB	inhibits	Bcr/Abl fusion protein
Luteolin 7-(caffeoylglucoside)	inhibits	Cytochrome P450 1B1
Gemifloxacin	inhibits	parC
Orphenadrine	inhibits	HRH1
Estradiol acetate	inhibits	SLCO2B1
Diosmin	inhibits	ABCB1
IMATINIB MESYLATE	inhibits	Tyrosine-protein kinase ABL1
Ziprasidone	inhibits	DRD4
Melagatran	inhibits	F2
Acepromazine	inhibits	DRD2
Clomipramine	inhibits	ABCB1
MK-8353	inhibits	Mitogen-activated protein kinase 3
Neratinib	inhibits	EGFR
Escitalopram	inhibits	Cytochrome P450 3A4
Naloxone	inhibits	SLCO1A2
Imatinib	inhibits	CYP2C9
Fostamatinib	inhibits	PKN2
LOMITAPIDE MESYLATE	inhibits	Microsomal triglyceride transfer protein
Prednisolone	inhibits	SLCO1A2
Meloxicam	inhibits	PTGS1
Romidepsin	inhibits	SLCO1B3
Nateglinide	inhibits	SLC22A6
BATOPROTAFIB	inhibits	Tyrosine-protein phosphatase non-receptor type 11
Entrectinib	inhibits	NTRK3
Valproic acid	inhibits	SLC22A5
Thioproperazine	inhibits	DRD1
Elafibranor	inhibits	ABCB11
Cefoperazone	inhibits	mrcB
Fostamatinib	inhibits	PAK2
Propafenone	inhibits	CYP2D6
Medroxyprogesterone acetate	inhibits	CYP2C8
Dronedarone	inhibits	CACNA1S
JNJ-26483327	inhibits	Proto-oncogene tyrosine-protein kinase Src
Butabarbital	inhibits	GRIK1
Fostamatinib	inhibits	CSF1R
Fostamatinib	inhibits	PLK2
Paeonol	inhibits	Cytochrome P450 3A4
Tolbutamide	inhibits	SLC15A1
alpha-Sitosterol	inhibits	Solute carrier organic anion transporter family member 1B3
Azelastine	inhibits	CYP2C9
Darunavir	inhibits	CYP3A4
7-Ketocholesterol	inhibits	Solute carrier organic anion transporter family member 1B1
Chrysoeriol 7-triglucuronide	inhibits	Cytochrome P450 1B1
Terazosin	inhibits	ABCB1
Bicalutamide	inhibits	CYP3A4
(9Z)-beta,beta-Carotene	inhibits	Solute carrier organic anion transporter family member 1B3
N-Acetylarylamine	inhibits	Solute carrier organic anion transporter family member 1B1
Fluconazole	inhibits	ABCB1
Imidacloprid	inhibits	Solute carrier organic anion transporter family member 1B3
Baricitinib	inhibits	ABCG2
Letermovir	inhibits	ABCG2
3,4',7-Trihydroxyflavone	inhibits	Cytochrome P450 2C9
Fedratinib	inhibits	CYP2D6
Nalmefene	inhibits	OPRM1
Zanubrutinib	inhibits	BTK
Clofazimine	inhibits	KCNA3
Terbinafine	inhibits	SQLE
Amisulpride	inhibits	DRD2
Prochlorperazine	inhibits	HRH1
Nicardipine	inhibits	CHRM2
CRIZOTINIB	inhibits	Macrophage-stimulating protein receptor
Fostamatinib	inhibits	SYK
Alogliptin	inhibits	DPP4
Clindamycin	inhibits	CYP3A4
Cimetidine	inhibits	SLC22A5
Epismilagenin	inhibits	Solute carrier organic anion transporter family member 1B3
Tafenoquine	inhibits	SLC47A2
Bergapten	inhibits	Cytochrome P450 2C19
NERATINIB MALEATE	inhibits	Receptor tyrosine-protein kinase erbB-2
Tranexamic acid	inhibits	PLG
Colchicine	inhibits	CYP2B6
Dipyridamole	inhibits	PDE5A
Camostat	inhibits	ST14
CRIZOTINIB	inhibits	Proto-oncogene tyrosine-protein kinase ROS
Tomatine	inhibits	Solute carrier organic anion transporter family member 1B1
Nitrofurantoin	inhibits	rpsJ
Sulphadimethoxine	inhibits	Solute carrier organic anion transporter family member 1B1
Famotidine	inhibits	SLC22A8
Kojic acid	inhibits	Solute carrier organic anion transporter family member 1B3
Vemurafenib	inhibits	CYP2D6
Diflunisal	inhibits	SLC22A6
Quinapril	inhibits	ACE
Dronabinol	inhibits	CYP1B1
Lenalidomide	inhibits	CRBN
Medroxyprogesterone acetate	inhibits	ABCB1
Ethinylestradiol	inhibits	ABCB11
BRIMAPITIDE, C-TERMINAL ACID	inhibits	Mitogen-activated protein kinase 10
Copanlisib	inhibits	PIK3CG
Citalopram	inhibits	CYP3A4
Ethinylestradiol	inhibits	ABCC2
Fostamatinib	inhibits	ERBB2
Vamorolone	inhibits	NR3C2
Desipramine	inhibits	CYP2D6
Haloperidol	inhibits	HTR7
Amoxapine	inhibits	SLC6A2
Lenvatinib	inhibits	CYP3A4
Nortriptyline	inhibits	Htr2c
Capivasertib	inhibits	SLC22A2
Remibrutinib	inhibits	SLCO1B1
Rifampin	inhibits	SLCO1B3
Levofloxacin	inhibits	SLC47A1
Abemaciclib	inhibits	CYP1A2
Osilodrostat	inhibits	SLCO1B1
Brentuximab vedotin	inhibits	CYP3A4
Doxorubicin	inhibits	ABCC6
Avapritinib	inhibits	ABCG2
Ampicillin	inhibits	pbpA
Danazol	inhibits	SHBG
Simeprevir	inhibits	CYP1A2
Rilpivirine	inhibits	CYP3A4
Mitapivat	inhibits	CYP19A1
Ribavirin	inhibits	IMPDH1
Brexanolone	inhibits	GABRG2
Cimetidine	inhibits	CYP2D6
Glycopyrronium	inhibits	CHRM1
Tezacaftor	inhibits	ABCB1
Oxyphenbutazone	inhibits	SLC22A6
Norharman	inhibits	Solute carrier organic anion transporter family member 1B1
Cyclosporine	inhibits	ABCC2
Abemaciclib	inhibits	SLC47A1
Ziprasidone	inhibits	DRD3
Clotrimazole	inhibits	Cytochrome P450 2C19
Abciximab	inhibits	ITGA2B
Levamlodipine	inhibits	SLC10A2
Fostamatinib	inhibits	MYLK4
Chinese tannin	inhibits	Solute carrier organic anion transporter family member 1B3
Fostamatinib	inhibits	PDGFRA
Ranitidine	inhibits	ACHE
4E,15Z-Bilirubin IXa	inhibits	Solute carrier organic anion transporter family member 1B3
Mavorixafor	inhibits	SLC22A2
Sertraline	inhibits	SLC29A4
Cefuroxime	inhibits	pbpA
GSK-690693	inhibits	cAMP-dependent protein kinase (PKA)
Quercitrin	inhibits	Solute carrier organic anion transporter family member 1B1
Paroxetine	inhibits	CHRM1
Sevabertinib	inhibits	ABCB1
Ezetimibe	inhibits	SOAT1
Pimpinellidine	inhibits	Cytochrome P450 3A4
Darolutamide	inhibits	ABCG2
Nicotine	inhibits	CYP2A6
Zuclopenthixol	inhibits	DRD2
Estriol	inhibits	Solute carrier organic anion transporter family member 1B1
Avelumab	inhibits	CD274
Haloperidol	inhibits	HTR2A
Voriconazole	inhibits	CYP3A7
Epifriedelin	inhibits	Solute carrier organic anion transporter family member 1B3
Pindolol	inhibits	HTR1B
Cyclobenzaprine	inhibits	HTR7
Perindopril	inhibits	BCHE
Tegafur	inhibits	TYMS
Indomethacin	inhibits	SLC22A11
Lenvatinib	inhibits	SLC22A8
Dexchlorpheniramine maleate	inhibits	HRH1
Propranolol	inhibits	CYP2D6
Ritonavir	inhibits	CYP3A4
Regorafenib	inhibits	CSF1R
Ursodeoxycholic acid	inhibits	SLCO1A2
Acetazolamide	inhibits	CA14
Procainamide	inhibits	SLC22A4
Gatifloxacin	inhibits	gyrB
Tipiracil	inhibits	TYMP
Melatonin	inhibits	CYP19A1
(Z)-Resveratrol	inhibits	Cytochrome P450 3A4
TORCETRAPIB	inhibits	Cholesteryl ester transfer protein
Desipramine	inhibits	SLC22A2
Ivermectin	inhibits	ABCC2
Levofloxacin	inhibits	SLC22A1
Doxepin	inhibits	HRH2
Isopimpinellin	inhibits	Cytochrome P450 2C19
Paliperidone	inhibits	HTR7
Acetylsalicylic acid	inhibits	TNFAIP6
Methyldopa	inhibits	Solute carrier organic anion transporter family member 1B3
Legumelin	inhibits	Cytochrome P450 2D6
Deoxyadenosine	inhibits	Solute carrier organic anion transporter family member 1B1
Stiripentol	inhibits	LDHB
Abemaciclib	inhibits	CYP2C9
Bosutinib	inhibits	CAMK2G
Mercaptopurine	inhibits	PPAT
Opicapone	inhibits	COMT
Tenofovir disoproxil	inhibits	ABCB1
Fostamatinib	inhibits	CTSS
Flumazenil	inhibits	TSPO
Istradefylline	inhibits	SLC22A6
AZD-6703	inhibits	Mitogen-activated protein kinase 14
Sertraline	inhibits	Cytochrome P450 2C19
Melatonin	inhibits	NQO2
Clomifene	inhibits	CYP17A1
Voclosporin	inhibits	PPP3CA
Dalfampridine	inhibits	KCND3
Paroxetine	inhibits	CYP3A4
Mefenamic acid	inhibits	CYP1A2
Perphenazine	inhibits	CALM1
Gepotidacin	inhibits	SLC47A2
Nilotinib	inhibits	ABL1
Momelotinib	inhibits	UGT1A9
Darifenacin	inhibits	CHRM5
Disopyramide	inhibits	CHRM3
Thioridazine	inhibits	KCNH2
Ginkgo biloba	inhibits	CYP2C9
IDASANUTLIN	inhibits	Tumour suppressor p53/oncoprotein Mdm2
Sildenafil	inhibits	ABCC10
Procyclidine	inhibits	CHRM5
Apigenin	inhibits	Cytochrome P450 1B1
Viloxazine	inhibits	HRH1
Verapamil	inhibits	CACNG1
Remibrutinib	inhibits	CYP2C8
Haloperidol	inhibits	CHRM3
Protein S human	inhibits	F5
Fostamatinib	inhibits	SIK2
1-(3,4-Dimethoxyphenyl)-4-decen-3-one	inhibits	Cytochrome P450 1A2
Diclofenamide	inhibits	CA7
Clozapine	inhibits	CHRM5
Hydroxychloroquine	inhibits	ABCB1
Dexamethasone	inhibits	CYP1A1
Hyoscyamine	inhibits	CHRM4
Risperidone	inhibits	HTR7
Flupentixol	inhibits	HTR2C
Pazopanib	inhibits	CYP2D6
Bosutinib	inhibits	MAP3K2
Luteolin 7-diglucoside	inhibits	Cytochrome P450 3A4
Aripiprazole	inhibits	ABCB1
Encorafenib	inhibits	CYP3A4
1-aminocyclopropane-1-carboxylate	inhibits	Solute carrier organic anion transporter family member 1B3
Cannabidiol	inhibits	FAAH
Opicapone	inhibits	CYP2C9
Cyclandelate	inhibits	CACNA2D1
(13Z)-beta-Carotene	inhibits	Solute carrier organic anion transporter family member 1B3
Buspirone	inhibits	DRD4
Regorafenib	inhibits	KIT
Fostamatinib	inhibits	MAP2K5
Cefadroxil	inhibits	pbpA
MK-2206	inhibits	Serine/threonine-protein kinase AKT
Momelotinib	inhibits	JAK2
Pantoprazole	inhibits	DDAH1
Luteolin 7-(caffeoylglucoside)	inhibits	Cytochrome P450 1A2
Cannabidiol	inhibits	CYP2A6
Indomethacin	inhibits	ABCC2
Isoliquiritigenin	inhibits	Cytochrome P450 3A4
Fostamatinib	inhibits	TAOK1
Brensocatib	inhibits	SLC47A1
Phenelzine	inhibits	CYP3A4
Norfloxacin	inhibits	CYP1A1
Bupropion	inhibits	Solute carrier organic anion transporter family member 1B3
Chlorpheniramine	inhibits	SLC22A2
Maraviroc	inhibits	CCR5
LY-3009120	inhibits	Serine/threonine-protein kinase A-Raf
(R)-Methysticin	inhibits	Cytochrome P450 3A4
TANZISERTIB	inhibits	Mitogen-activated protein kinase 10
Viloxazine	inhibits	HRH2
Dexamethasone	inhibits	SLCO1A2
BOSUTINIB MONOHYDRATE	inhibits	Bcr/Abl fusion protein
ABROCITINIB	inhibits	Tyrosine-protein kinase JAK1
Midostaurin	inhibits	KDR
Rimegepant	inhibits	SLC22A8
Azelastine	inhibits	CYP1A1
Erdafitinib	inhibits	FGFR1
Nicardipine	inhibits	CYP3A4
PEXIDARTINIB HYDROCHLORIDE	inhibits	Receptor-type tyrosine-protein kinase FLT3
Baricitinib	inhibits	SLC47A2
PERHEXILINE MALEATE	inhibits	Serine/threonine-protein kinase mTOR
Clozapine	inhibits	HTR7
Monoammonium glutamate	inhibits	Cytochrome P450 2D6
Nitrendipine	inhibits	CACNA1C
Probenecid	inhibits	SLCO1A2
Fenfluramine	inhibits	CYP2D6
Orphenadrine	inhibits	SLC6A2
Pazopanib	inhibits	FLT4
Apigenin	inhibits	Cytochrome P450 3A4
Gibberellins	inhibits	Solute carrier organic anion transporter family member 1B1
Vismodegib	inhibits	ABCG2
Glycyrrhetic acid	inhibits	Solute carrier organic anion transporter family member 1B1
Atazanavir	inhibits	UGT1A1
Enasidenib	inhibits	IDH1
p,p'-DDE	inhibits	Solute carrier organic anion transporter family member 1B3
Brexpiprazole	inhibits	HTR2B
Methotrimeprazine	inhibits	ADRA2B
Dronedarone	inhibits	KCNJ3
Terfenadine	inhibits	CYP2D6
Hesperetin	inhibits	Cytochrome P450 2D6
Mecasermin	inhibits	IGFBP3
Olanzapine	inhibits	DRD4
Ergoloid mesylate	inhibits	ADRA1A
Fondaparinux	inhibits	F10
Fostamatinib	inhibits	MAP3K13
Lonafarnib	inhibits	ABCG2
Ketoconazole	inhibits	KCNH2
Yamogenin	inhibits	Solute carrier organic anion transporter family member 1B3
Trifluoperazine	inhibits	DRD2
Zongertinib	inhibits	ABCG2
Phenindamine	inhibits	HRH1
Sulfamethizole	inhibits	folP
Rimegepant	inhibits	SLCO1B1
Pralsetinib	inhibits	DDR1
Fostamatinib	inhibits	TGFBR2
(S)-Laudanosine	inhibits	Solute carrier organic anion transporter family member 1B1
Flumazenil	inhibits	GABRA1
Chlorzoxazone	inhibits	CYP3A4
Pretomanid	inhibits	pcaA
Indomethacin	inhibits	ABCC4
[6]-Paradol	inhibits	Cytochrome P450 2C19
Tipranavir	inhibits	ABCB11
Miglitol	inhibits	GANC
Fostamatinib	inhibits	MAP4K4
Betrixaban	inhibits	KCNH2
Capsaicin	inhibits	Cytochrome P450 2C19
Nefazodone	inhibits	CYP2D6
Pomalidomide	inhibits	PTGS2
Aripiprazole	inhibits	HRH1
Regorafenib	inhibits	ABCG2
Hydrochlorothiazide	inhibits	Cytochrome P450 2C9
Topotecan	inhibits	TOP1
Biochanin A	inhibits	Cytochrome P450 2C19
Zoliflodacin	inhibits	SLC22A6
Carbamazepine	inhibits	CYP2C19
Baicalein	inhibits	Cytochrome P450 1A1
Pralsetinib	inhibits	JAK2
Tamoxifen	inhibits	CES1
Linezolid	inhibits	MAOA
Paliperidone	inhibits	DRD2
Esomeprazole	inhibits	ABCB1
Methotrexate	inhibits	ATIC
Nafcillin	inhibits	penA
Alectinib	inhibits	ALK
SUNITINIB	inhibits	Proto-oncogene tyrosine-protein kinase receptor Ret
Proguanil	inhibits	PDF
ferulate	inhibits	Solute carrier organic anion transporter family member 1B3
Atorvastatin	inhibits	HMGCR
Citalopram	inhibits	CYP1A2
CT-1578	inhibits	Tyrosine-protein kinase JAK2
Cabozantinib	inhibits	TEK
Rhamnoisoliquiritin	inhibits	Cytochrome P450 3A4
Deoxycholic acid glycine conjugate	inhibits	Solute carrier organic anion transporter family member 1B1
Fostamatinib	inhibits	NEK3
Fostamatinib	inhibits	MST1R
Hydroflumethiazide	inhibits	CA1
Tetrahydrocortisone	inhibits	Solute carrier organic anion transporter family member 1B3
Pazopanib	inhibits	UGT1A1
Fexinidazole	inhibits	SLCO1B3
Diosmetin	inhibits	Solute carrier organic anion transporter family member 1B3
Methotrimeprazine	inhibits	HTR2C
Thioridazine	inhibits	CYP2E1
Atrasentan	inhibits	EDNRA
Probenecid	inhibits	ABCC11
BINIMETINIB	inhibits	Dual specificity mitogen-activated protein kinase kinase 2
Ibrexafungerp	inhibits	RHO1
Estrone	inhibits	SLCO1A2
Pirfenidone	inhibits	CYP3A4
MONOMETHYL FUMARATE	inhibits	Kelch-like ECH-associated protein 1
Darunavir	inhibits	CYP2D6
Coumarin	inhibits	CA14
FOSTAMATINIB DISODIUM	inhibits	Tyrosine-protein kinase SYK
Kaempferol	inhibits	Cytochrome P450 2D6
Dasatinib	inhibits	STAT5B
Tucatinib	inhibits	SLC47A2
Ketoconazole	inhibits	CYP17A1
Probenecid	inhibits	SLC22A7
BOSUTINIB	inhibits	Tyrosine-protein kinase ABL1
Fd&c blue no. 2, calcium lake	inhibits	Solute carrier organic anion transporter family member 1B3
4-Methylphenol	inhibits	Solute carrier organic anion transporter family member 1B3
Atogepant	inhibits	SLC22A1
Sorafenib	inhibits	RET
BMS-582949	inhibits	Mitogen-activated protein kinase 14
Tezacaftor	inhibits	CYP2C19
Olanzapine	inhibits	ADRB1
Omadacycline	inhibits	rpsN
Emtricitabine	inhibits	pol
Voclosporin	inhibits	PPP3R2
Isoniazid	inhibits	CYP2A6
Edetic acid	inhibits	PON3
Nortriptyline	inhibits	CYP2D6
Lomefloxacin	inhibits	CYP1A2
Lignans	inhibits	Solute carrier organic anion transporter family member 1B1
Valproic acid	inhibits	SCN1A
Tolterodine	inhibits	CHRM1
Lovastatin	inhibits	HDAC2
Fostamatinib	inhibits	CSNK2A2
Isorhamnetin	inhibits	Cytochrome P450 1A1
Abemaciclib	inhibits	SLC47A2
Sorafenib	inhibits	ABCC2
Pralsetinib	inhibits	NTRK3
Larotrectinib	inhibits	NTRK2
Oseltamivir	inhibits	NEU1
Gemfibrozil	inhibits	CYP2C8
Selpercatinib	inhibits	FGFR2
Yohimbine	inhibits	ADRA2C
Isavuconazole	inhibits	CYP2D6
Paroxetine	inhibits	CYP2C9
Dronabinol	inhibits	CYP3A5
Tiratricol	inhibits	SLC10A1
loganin	inhibits	Solute carrier organic anion transporter family member 1B1
Acalabrutinib	inhibits	CYP3A4
Ceftibuten	inhibits	mrcA
Primaquine	inhibits	CYP3A4
Cefaclor	inhibits	pbp3
Tepotinib	inhibits	SLC47A2
Ponatinib	inhibits	FLT3
TAS0612	inhibits	Ribosomal protein S6 kinase (P70S6K)
Methadone	inhibits	CHRNA4
Fostamatinib	inhibits	STK35
Fostamatinib	inhibits	TYRO3
Bendroflumethiazide	inhibits	TPMT
Brincidofovir	inhibits	SLC22A6
SELPERCATINIB	inhibits	Kinesin-1 heavy chain/ Tyrosine-protein kinase receptor RET
VODOBATINIB	inhibits	Tyrosine-protein kinase ABL1
Duloxetine	inhibits	SLC6A4
Gilteritinib	inhibits	SLC47A1
Betrixaban	inhibits	F10
Probenecid	inhibits	ABCC1
Memantine	inhibits	CHRNA7
Fluphenazine	inhibits	CYP2D6
Afatinib	inhibits	ERBB4
Diethylpropion	inhibits	SLC6A4
Luteolin 7-disulfoglucoside	inhibits	Cytochrome P450 1A1
Doxorubicin	inhibits	TOP2A
PF-03758309	inhibits	Serine/threonine-protein kinase PAK 4
NAPORAFENIB	inhibits	B-raf/RAF proto-oncogene serine/threonine-protein kinase
Balsalazide	inhibits	ALOX5
Progesterone	inhibits	SLCO1B1
Asenapine	inhibits	ADRB1
Ripretinib	inhibits	PDGFRB
Entacapone	inhibits	CYP2D6
Capivasertib	inhibits	AKT1
Dacomitinib	inhibits	EGFR
Quinidine	inhibits	CYP3A4
Chlorzoxazone	inhibits	CYP2E1
Lenvatinib	inhibits	CYP2C9
Saquinavir	inhibits	SLCO2B1
Olsalazine	inhibits	XDH
Ibuprofen	inhibits	Solute carrier organic anion transporter family member 1B1
Remibrutinib	inhibits	BTK
Protein S human	inhibits	F10
[6]-Shogaol	inhibits	Cytochrome P450 2C9
Fumitremorgin C	inhibits	ATP-dependent translocase ABCB1
Eugenol	inhibits	Cytochrome P450 3A4
Sitaxentan	inhibits	CYP3A4
Sulfasalazine	inhibits	ABCG2
Prochlorperazine	inhibits	ADRA2A
Poly(divinylbenzene-co-trimethyl(vinylbenzyl)ammonium chloride)	inhibits	Solute carrier organic anion transporter family member 1B3
Pexidartinib	inhibits	SLCO1B3
Fostamatinib	inhibits	PRP4K
Mepyramine	inhibits	HRH1
Piperazine	inhibits	Solute carrier organic anion transporter family member 1B1
Ziprasidone	inhibits	DRD5
Fludarabine	inhibits	POLA1
Conjugated estrogens	inhibits	ABCC1
Verapamil	inhibits	SLC22A1
Chinese tannin	inhibits	Solute carrier organic anion transporter family member 1B1
Vincristine	inhibits	ABCC3
1H-Indole-3-methanol	inhibits	Solute carrier organic anion transporter family member 1B3
Ezetimibe	inhibits	CYP2C8
Cabotegravir	inhibits	SLC22A6
MUBRITINIB	inhibits	Receptor tyrosine-protein kinase erbB-2
Aminopterin	inhibits	Solute carrier organic anion transporter family member 1B1
Iloperidone	inhibits	DRD2
Pirtobrutinib	inhibits	CYP2C9
Nateglinide	inhibits	ABCC8
Ferulic acid	inhibits	CA4
ONATASERTIB	inhibits	Serine/threonine-protein kinase mTOR
BAFETINIB	inhibits	Tyrosine-protein kinase Lyn
Fexinidazole	inhibits	CYP2C19
Sparsentan	inhibits	ABCB1
Desipramine	inhibits	HTR2A
Oteseconazole	inhibits	ERG11
Methotrimeprazine	inhibits	ADRA1D
Rifamycin	inhibits	CYP2D6
Lasmiditan	inhibits	SLC22A1
Hydralazine	inhibits	CYP3A4
Fostamatinib	inhibits	CAMKK2
Tenapanor	inhibits	SLCO2B1
Chlorprothixene	inhibits	CHRM2
VOLASERTIB	inhibits	Serine/threonine-protein kinase PLK1
Torasemide	inhibits	SLC12A2
Avocadyne 1-acetate	inhibits	Solute carrier organic anion transporter family member 1B1
N-acetyl-serotonin	inhibits	Solute carrier organic anion transporter family member 1B3
Melatonin	inhibits	SLC22A8
Naloxegol	inhibits	OPRM1
Pirfenidone	inhibits	CYP2C19
Fluphenazine	inhibits	HTR2C
Fostamatinib	inhibits	NUAK1
Azelaic acid	inhibits	TYR
Melezitose	inhibits	Solute carrier organic anion transporter family member 1B1
Belzutifan	inhibits	SLC47A2
Levoketoconazole	inhibits	CYP7A1
Amitriptyline	inhibits	HTR2C
Cariprazine	inhibits	CYP3A4
Telmisartan	inhibits	ABCC2
Niraparib	inhibits	SLC47A2
Methotrexate	inhibits	ABCC10
Pilocarpine	inhibits	CYP2A6
Ripretinib	inhibits	BRAF
Nintedanib	inhibits	KDR
Fluvastatin	inhibits	CYP3A4
Dronedarone	inhibits	ADRA1D
L-Acetylleucine	inhibits	SLC22A8
Avapritinib	inhibits	ABCB11
Cabozantinib	inhibits	MET
Zidovudine	inhibits	SLC22A8
Pirtobrutinib	inhibits	CYP2D6
Selegiline	inhibits	MAOA
LESTAURTINIB	inhibits	Proto-oncogene tyrosine-protein kinase receptor Ret
Letermovir	inhibits	ABCB1
Mavorixafor	inhibits	CYP2C19
Thiodiacetic acid	inhibits	Cytochrome P450 2D6
4E,15Z-Bilirubin IXa	inhibits	Solute carrier organic anion transporter family member 1B1
Pantoprazole	inhibits	ATP4A
Iloperidone	inhibits	ADRA2A
Amitriptyline	inhibits	SLC6A4
Omadacycline	inhibits	rpsH
Methysergide	inhibits	HTR7
SAR-407899	inhibits	Rho-associated protein kinase
Xanthyletin	inhibits	Solute carrier organic anion transporter family member 1B1
Coumarin	inhibits	CA2
4-aminobenzoate	inhibits	Solute carrier organic anion transporter family member 1B3
Pseudoephedrine	inhibits	Cytochrome P450 2C19
Pyridostigmine	inhibits	ACHE
Isoniazid	inhibits	Solute carrier organic anion transporter family member 1B3
Dihydrojasmonic acid	inhibits	Solute carrier organic anion transporter family member 1B3
Hydroxyurea	inhibits	RRM1
Cannabidiol	inhibits	CYP3A7
Mebendazole	inhibits	TUBA1A
Amitriptyline	inhibits	CYP2C19
Ketoconazole	inhibits	ABCB1
Roxadustat	inhibits	ABCG2
Efavirenz	inhibits	CYP2C8
Deuruxolitinib	inhibits	SLC47A2
Fusidic acid	inhibits	ABCC2
Amiodarone	inhibits	CYP2A6
Doxepin	inhibits	CHRM3
Pseudoephedrine	inhibits	SLC6A3
Teriflunomide	inhibits	HMGCR
Chlorpromazine	inhibits	DRD5
(E)-Urocanic acid	inhibits	Cytochrome P450 3A4
Nilvadipine	inhibits	CACNA1G
Loxapine	inhibits	HTR2C
Cefamandole	inhibits	pbpA
Apremilast	inhibits	PDE4
Memantine	inhibits	CYP2C19
Maprotiline	inhibits	HRH1
CP-724714	inhibits	Receptor tyrosine-protein kinase erbB-2
Cefpodoxime	inhibits	ftsI
Levocetirizine	inhibits	HRH1
Glucokinin	inhibits	Solute carrier organic anion transporter family member 1B1
Flunarizine	inhibits	HRH1
Dronabinol	inhibits	CYP2C9
Pemigatinib	inhibits	FGFR3
Idelalisib	inhibits	CYP2C19
Etravirine	inhibits	CYP2C9
Bepridil	inhibits	PDE1A
Fostamatinib	inhibits	EGFR
VX-702	inhibits	Mitogen-activated protein kinase 14
ONALESPIB	inhibits	Heat shock protein HSP90
Sunitinib	inhibits	FLT3
Promethazine	inhibits	CHRM3
Amisulpride	inhibits	SLC47A2
Digoxin	inhibits	ATP1A3
Nitrendipine	inhibits	CACNB2
Glecaprevir	inhibits	ABCB1
Duvelisib	inhibits	PIK3CD
Azelastine	inhibits	CYP2D6
Pizotifen	inhibits	HTR2C
Dexfenfluramine	inhibits	SLC6A4
Nicardipine	inhibits	CYP2D6
Chrysophanol	inhibits	Solute carrier organic anion transporter family member 1B3
Phosphatidylcholine O-34:2	inhibits	Solute carrier organic anion transporter family member 1B1
Scopolamine	inhibits	CHRM4
Olanzapine	inhibits	CYP2C9
Quinine	inhibits	CYP3A4
Enalapril	inhibits	ABCB1
Topiramate	inhibits	CA3
Vadadustat	inhibits	CYP2C8
Levoketoconazole	inhibits	CYP2B6
Cannabidiol	inhibits	CAT
Dacomitinib	inhibits	ABCG2
Piroxicam	inhibits	SLC22A11
Maprotiline	inhibits	CHRM2
Quizartinib	inhibits	FLT3
Nadolol	inhibits	ADRB2
Naloxone	inhibits	OPRK1
Lopinavir	inhibits	ABCB11
Hydroxyzine	inhibits	KCNH2
(S)-N-methylcoclaurine	inhibits	Solute carrier organic anion transporter family member 1B3
cis-b,b-Carotene	inhibits	Solute carrier organic anion transporter family member 1B3
Nilvadipine	inhibits	CACNA1C
AMG-548	inhibits	Mitogen-activated protein kinase 14
Levofloxacin	inhibits	ABCB1
Telaprevir	inhibits	NS3/4A
CC-115	inhibits	Serine/threonine-protein kinase mTOR
Teriflunomide	inhibits	DHODH
Vardenafil	inhibits	PDE6G
Flavoxate	inhibits	CHRM1
Ponatinib	inhibits	RET
Promethazine	inhibits	CHRM1
Coenzyme Q	inhibits	Solute carrier organic anion transporter family member 1B3
Triflusal	inhibits	PDE10A
Felodipine	inhibits	PDE1A
Benzamide	inhibits	Cytochrome P450 2C19
Letermovir	inhibits	SLCO1B3
3b,5a,6b-Cholestanetriol	inhibits	Solute carrier organic anion transporter family member 1B3
Maprotiline	inhibits	CHRM3
Desipramine	inhibits	CHRM3
Deferasirox	inhibits	UGT1A3
Taletrectinib	inhibits	CYP3A4
Risperidone	inhibits	HTR1A
Methylxanthoxylin	inhibits	Cytochrome P450 3A4
Desipramine	inhibits	HRH1
Flunarizine	inhibits	CALM1
Sunitinib	inhibits	ABCB1
Oleanolic acid	inhibits	Solute carrier organic anion transporter family member 1B1
Berotralstat	inhibits	CYP2D6
N-Acetyl-L-cysteine	inhibits	Solute carrier organic anion transporter family member 1B1
Fostamatinib	inhibits	ALK
Pazopanib	inhibits	CYP3A4
Eslicarbazepine acetate	inhibits	P2RX4
Tetracycline	inhibits	SLC22A11
LB-100	inhibits	Serine/threonine-protein phosphatase 2A catalytic subunit beta isoform
Fostamatinib	inhibits	TAOK3
Brigatinib	inhibits	ABCB5
TAK-960	inhibits	Serine/threonine-protein kinase PLK1
AFURESERTIB	inhibits	Serine/threonine-protein kinase AKT
Ketamine	inhibits	HTR2A
Nelfinavir	inhibits	SLCO2B1
Linamarin	inhibits	Solute carrier organic anion transporter family member 1B1
Fostamatinib	inhibits	CDK4
Bosutinib	inhibits	FGR
Pazopanib	inhibits	FLT1
Ethoxyquin	inhibits	Cytochrome P450 2C9
Quinidine	inhibits	SLC22A1
Tepotinib	inhibits	ABCB1
Estradiol valerate	inhibits	SLC22A2
Cannabidiol	inhibits	NAAA
Romidepsin	inhibits	SLC22A2
Ciprofloxacin	inhibits	gyrA
Cromoglicic acid	inhibits	HSP90AA1
Nitrendipine	inhibits	CACNA2D1
Ethambutol	inhibits	CYP3A4
Paltusotine	inhibits	UGT1A9
Dicloxacillin	inhibits	pbp1b
Imipramine	inhibits	SLC22A2
Xanthotoxin	inhibits	Cytochrome P450 2D6
OLVEREMBATINIB	inhibits	Bcr/Abl fusion protein
Deferasirox	inhibits	CYP1A2
Fd&c green no. 3, calcium lake	inhibits	Solute carrier organic anion transporter family member 1B1
NG,NG-Dimethyl-L-arginine	inhibits	Cytochrome P450 2C19
Scopolamine	inhibits	CHRM2
Lonafarnib	inhibits	ABCB1
Ruxolitinib	inhibits	JAK2
Lopinavir	inhibits	ABCB1
Pazopanib	inhibits	CYP2C8
Tivozanib	inhibits	MET
Propafenone	inhibits	ADRB2
Chlorprothixene	inhibits	DRD1
Tegaserod	inhibits	HTR2B
Bendroflumethiazide	inhibits	SLC12A3
Tranylcypromine	inhibits	CYP1A2
ORELABRUTINIB	inhibits	Tyrosine-protein kinase BTK
Bupropion	inhibits	Solute carrier organic anion transporter family member 1B1
Haloperidol	inhibits	CYP2D6
Imipramine	inhibits	HTR7
Tetracycline	inhibits	rpsN
Cyproterone acetate	inhibits	CYP3A4
Adagrasib	inhibits	CYP2D6
PACRITINIB	inhibits	Receptor-type tyrosine-protein kinase FLT3
Fluvastatin	inhibits	HMGCR
Felbamate	inhibits	GRIN2A
Clozapine	inhibits	HTR6
Cefoperazone	inhibits	ftsI
Aripiprazole	inhibits	DRD4
Captopril	inhibits	MMP2
Phellopterin	inhibits	Cytochrome P450 1A2
Tannase	inhibits	Solute carrier organic anion transporter family member 1B1
Norfloxacin	inhibits	CYP3A7
Diphenhydramine	inhibits	HNMT
African-2(6)-ene	inhibits	Solute carrier organic anion transporter family member 1B3
Imatinib	inhibits	SLC22A2
Nintedanib	inhibits	PDGFRB
Eupatorin	inhibits	Cytochrome P450 1A1
Quercetin	inhibits	Cytochrome P450 1B1
Liotrix	inhibits	SLC16A2
Cabozantinib	inhibits	ROS1
Opicapone	inhibits	CYP2C8
Biochanin A	inhibits	Solute carrier organic anion transporter family member 1B3
Nimodipine	inhibits	NR3C2
Clodronic acid	inhibits	SLC25A5
Amantadine	inhibits	SLC22A2
Viloxazine	inhibits	CYP1A2
Trimipramine	inhibits	HTR1A
Dutasteride	inhibits	SRD5A3
Diethylcarbamazine	inhibits	BCHE
Zoliflodacin	inhibits	gyrB
Paeoniflorin	inhibits	Solute carrier organic anion transporter family member 1B3
L-Glutamine	inhibits	CTPS1
Labetalol	inhibits	CYP2D6
Amoxapine	inhibits	DRD2
Regorafenib	inhibits	BRAF
Oxybutynin	inhibits	CYP3A4
RIPASUDIL HYDROCHLORIDE DIHYDRATE	inhibits	Rho-associated protein kinase
Acetylsalicylic acid	inhibits	RPS6KA3
Mercenene	inhibits	Solute carrier organic anion transporter family member 1B1
Venlafaxine	inhibits	CYP2D6
Cyproheptadine	inhibits	HTR2C
Ethchlorvynol	inhibits	GABRB2
Sorafenib	inhibits	ABCB1
Momelotinib	inhibits	ACVR1
Rucaparib	inhibits	PARP2
Esterase	inhibits	Solute carrier organic anion transporter family member 1B1
Zonisamide	inhibits	CA5A
Indapamide	inhibits	SLC12A3
Meclofenamic acid	inhibits	ALOX5
Epismilagenin	inhibits	Solute carrier organic anion transporter family member 1B1
Colchicine	inhibits	CYP3A4
6-hydroxy-1-methyl-1,2,3,4-tetrahydro-beta-carboline	inhibits	Cytochrome P450 3A4
Abrocitinib	inhibits	ABCB1
Quetiapine	inhibits	CHRM3
Elbasvir	inhibits	NS5A
Telotristat ethyl	inhibits	CYP2C19
Piroxicam	inhibits	SLCO2B1
Ginkgo biloba	inhibits	SLC6A2
Dronedarone	inhibits	CACNA1F
Etoricoxib	inhibits	CYP2C19
Dronabinol	inhibits	CYP2J2
Diflunisal	inhibits	PTGS2
Azithromycin	inhibits	PADI4
Safinamide	inhibits	CYP2D6
Vortioxetine	inhibits	HTR3A
Tamoxifen	inhibits	CYP1B1
Repotrectinib	inhibits	NTRK3
Tivozanib	inhibits	KDR
Pizotifen	inhibits	ADRA1D
Vandetanib	inhibits	VEGFA
Cannabidiol	inhibits	CYP17A1
Azathioprine	inhibits	PPAT
Prazosin	inhibits	SLC22A3
Fleroxacin	inhibits	TOP2A
EDRALBRUTINIB	inhibits	Tyrosine-protein kinase BTK
Sertraline	inhibits	CYP2C19
Isavuconazonium	inhibits	ERG11
Anethole trithione	inhibits	TGM2
Boceprevir	inhibits	ABCB1
Metyrapone	inhibits	CYP2A6
Dronedarone	inhibits	ADRB1
Fostamatinib	inhibits	ABL2
Gabexate	inhibits	KLKB1
Digoxin	inhibits	SLCO1B1
Everolimus	inhibits	SLCO1A2
Ranolazine	inhibits	ADRA1A
Imlunestrant	inhibits	ABCG2
Sotagliflozin	inhibits	ABCC2
Amprenavir	inhibits	gag-pol
Imatinib	inhibits	RET
Genkwanin	inhibits	Solute carrier organic anion transporter family member 1B3
Maralixibat	inhibits	SLC10A1
Vardenafil	inhibits	PDE6H
Brincidofovir	inhibits	POLG
Copanlisib	inhibits	PIK3CA
Iloperidone	inhibits	HRH1
Myricetin	inhibits	Cytochrome P450 1A1
Fostamatinib	inhibits	FLT1
Zidovudine	inhibits	TERT
Amoxapine	inhibits	HTR7
Aminophylline	inhibits	ADORA1
LY-3009120	inhibits	RAF proto-oncogene serine/threonine-protein kinase
Fostamatinib	inhibits	CSNK2A1
Dronedarone	inhibits	SLC22A1
Nifedipine	inhibits	KCND3
Fostamatinib	inhibits	ACVR1
Bupropion	inhibits	CYP2D6
Fluphenazine	inhibits	DRD2
(S)-N-methylcoclaurine	inhibits	Solute carrier organic anion transporter family member 1B1
Quercitrin	inhibits	Solute carrier organic anion transporter family member 1B3
alpha-Mangostin	inhibits	Solute carrier organic anion transporter family member 1B3
Safinamide	inhibits	CYP1A1
Momelotinib	inhibits	TYK2
Glucokinin	inhibits	Solute carrier organic anion transporter family member 1B3
Allopregnanolone	inhibits	Solute carrier organic anion transporter family member 1B3
C.I. Acid Green 50	inhibits	Cytochrome P450 2D6
Elexacaftor	inhibits	ABCB1
Simvastatin	inhibits	SLCO1B1
Nalbuphine	inhibits	OPRD1
Palovarotene	inhibits	SLCO1B3
Lamotrigine	inhibits	ADRA2A
Isradipine	inhibits	CYP3A4
Vonoprazan	inhibits	CYP2C19
Diclofenac	inhibits	SCN4A
Doxazosin	inhibits	ADRA1B
Apiumetrin	inhibits	Solute carrier organic anion transporter family member 1B3
ONVANSERTIB	inhibits	Serine/threonine-protein kinase PLK1
Nintedanib	inhibits	LYN
Cefdinir	inhibits	pbp3
(3S,3'S)-Astaxanthin	inhibits	Solute carrier organic anion transporter family member 1B1
Dalteparin	inhibits	SELP
Phenytoin	inhibits	UGT1A9
Gemfibrozil	inhibits	UGT1A3
Mycophenolate mofetil	inhibits	IMPDH1
Fostamatinib	inhibits	PTK2B
Lindane	inhibits	GABRB1
MITOTANE	inhibits	Cytochrome P450 11B1, mitochondrial
Methotrimeprazine	inhibits	CHRM4
Pargyline	inhibits	MAOA
Rhein	inhibits	Cytochrome P450 3A4
3,4-Dimethoxybenzoic acid	inhibits	Solute carrier organic anion transporter family member 1B1
Capsaicin	inhibits	Cytochrome P450 2C9
Fostamatinib	inhibits	CSN3
Naproxen	inhibits	Solute carrier organic anion transporter family member 1B3
Thymoquinone	inhibits	Solute carrier organic anion transporter family member 1B1
Lomitapide	inhibits	ABCB1
Mecamylamine	inhibits	CHRNB2
Procyclidine	inhibits	CHRM3
Dronedarone	inhibits	CACNB3
Melagatran	inhibits	PLG
Indomethacin	inhibits	SLC22A8
beta-Sitosterol	inhibits	Solute carrier organic anion transporter family member 1B3
ALLITINIB	inhibits	Receptor tyrosine-protein kinase erbB-2
Corticosterone	inhibits	Cytochrome P450 3A4
Alexomycin	inhibits	Solute carrier organic anion transporter family member 1B1
Naproxen	inhibits	SLCO1A2
Baricitinib	inhibits	SLC22A8
Olanzapine	inhibits	CHRM3
Ozanimod	inhibits	MAOB
Peginterferon alfa-2b	inhibits	CYP2D6
Digitoxin	inhibits	ATP1A1
Indinavir	inhibits	SLCO1A2
Fostamatinib	inhibits	ULK1
Cannabidiol	inhibits	CYP2C9
Isavuconazonium	inhibits	CYP2C19
Fostamatinib	inhibits	PIK3CG
Alosetron	inhibits	CYP1A2
Friedooleanan-3-one	inhibits	Solute carrier organic anion transporter family member 1B1
2-Indolecarboxylic acid	inhibits	Solute carrier organic anion transporter family member 1B3
Zonisamide	inhibits	SCN5A
Carbocisteine	inhibits	PLCXD3
Rabeprazole	inhibits	CYP2D6
Celastrol	inhibits	Solute carrier organic anion transporter family member 1B1
Monodehydro-L-ascorbic acid	inhibits	Solute carrier organic anion transporter family member 1B3
Cyproterone acetate	inhibits	AR
Allantoin	inhibits	Solute carrier organic anion transporter family member 1B1
Verapamil	inhibits	ATP-dependent translocase ABCB1
Octreotide	inhibits	MPO
Cyproheptadine	inhibits	HRH1
Pseudoephedrine	inhibits	NFATC1
Vandetanib	inhibits	KDR
FIBOFLAPON	inhibits	Arachidonate 5-lipoxygenase-activating protein
Glecaprevir	inhibits	CYP3A4
Nitrendipine	inhibits	CACNA2D2
gamma-Sitosterol	inhibits	Solute carrier organic anion transporter family member 1B3
Chrysoeriol 7-(2''-glucuronylglucuronide)	inhibits	Cytochrome P450 1A1
Olanzapine	inhibits	HTR6
Bisoprolol	inhibits	ADRB2
Fostamatinib	inhibits	PAK5
Fosinopril	inhibits	ACE
TABIMORELIN	inhibits	Cytochrome P450 3A4
Letrozole	inhibits	CYP19A1
Enasidenib	inhibits	CYP1A2
VOXTALISIB	inhibits	Serine/threonine-protein kinase mTOR
Tivozanib	inhibits	ABCG2
DANUSERTIB	inhibits	Serine/threonine-protein kinase Aurora
Amantadine	inhibits	MAOB
Cucurbita maxima Trysin inhibitor III	inhibits	ATP-dependent translocase ABCB1
Isoimperatorin	inhibits	Cytochrome P450 1B1
Pitolisant	inhibits	SLC22A1
Elinzanetant	inhibits	TACR1
Aripiprazole	inhibits	DRD3
Midostaurin	inhibits	CYP2C19
Tucatinib	inhibits	SLC47A1
Pyrrol-2-methylketone	inhibits	Solute carrier organic anion transporter family member 1B1
Alendronic acid	inhibits	PTPRS
Futibatinib	inhibits	ABCB1
Doravirine	inhibits	pol
Rifapentine	inhibits	rpoC
Asciminib	inhibits	SLCO1B1
Cycloserine	inhibits	ddlA
Viloxazine	inhibits	CYP3A5
Zuclopenthixol	inhibits	DRD5
Esketamine	inhibits	GRIN1
Thioproperazine	inhibits	ADRA1B
Dordaviprone	inhibits	CYP1A2
Methylergometrine	inhibits	DRD1
Risdiplam	inhibits	SLC47A2
Brincidofovir	inhibits	CYP2C19
Arimoclomol	inhibits	SLC22A2
Abiraterone	inhibits	CYP2C19
Fostamatinib	inhibits	TXK
cis-[6]-Shogaol	inhibits	Cytochrome P450 2C8
Sodium phosphate, dibasic	inhibits	CA4
Trifluoperazine	inhibits	CALM2
Moxifloxacin	inhibits	PON1
Pralsetinib	inhibits	ABCB1
5alpha-Cholestane	inhibits	Solute carrier organic anion transporter family member 1B3
Amoxapine	inhibits	HTR3A
Diethylcarbamazine	inhibits	ALOX5
Inavolisib	inhibits	CYP3A4
Thymoquinone	inhibits	Solute carrier organic anion transporter family member 1B3
Palovarotene	inhibits	SLCO1B1
Coenzyme Q	inhibits	Solute carrier organic anion transporter family member 1B1
1,2-Benzenediol	inhibits	Cytochrome P450 3A4
Fostamatinib	inhibits	MAP3K20
Vinflunine	inhibits	TUBB
Thiothixene	inhibits	CYP2D6
Dibutyl phthalate	inhibits	Solute carrier organic anion transporter family member 1B3
Ritlecitinib	inhibits	CYP1A2
Ubiquinone 10	inhibits	Solute carrier organic anion transporter family member 1B3
Osilodrostat	inhibits	CYP11B1
Irbesartan	inhibits	AGTR1
Cobicistat	inhibits	CYP3A5
Indinavir	inhibits	ABCC1
Amobarbital	inhibits	GRIA2
Paltusotine	inhibits	UGT1A3
Tivozanib	inhibits	PDGFRA
Paromomycin	inhibits	RPL10L
Selinexor	inhibits	SLCO1B3
Ritonavir	inhibits	gag-pol
Aprocitentan	inhibits	SLC10A1
RUXOLITINIB PHOSPHATE	inhibits	Tyrosine-protein kinase JAK2
Maprotiline	inhibits	ADRA1A
Desipramine	inhibits	ABCB1
Fostamatinib	inhibits	MARK1
Triethylenetetramine	inhibits	CA14
GILTERITINIB FUMARATE	inhibits	Tyrosine-protein kinase receptor UFO
Amlodipine	inhibits	ATP-dependent translocase ABCB1
Romosozumab	inhibits	SOST
SIREMADLIN	inhibits	Tumour suppressor p53/oncoprotein Mdm2
Pexidartinib	inhibits	UGT1A1
Mastic gum	inhibits	Solute carrier organic anion transporter family member 1B1
Sonidegib	inhibits	SMO
Kaempferol 3-(p-coumaroyl-glucoside)	inhibits	Cytochrome P450 3A4
Isavuconazole	inhibits	KCNH2
Repotrectinib	inhibits	UGT1A1
Darifenacin	inhibits	CHRM2
Ondansetron	inhibits	CYP1A2
Lumacaftor	inhibits	CYP2C8
5,6-dimethyl-8-isopropenylbicyclo[4.4.0]dec-1-en-3-one	inhibits	Cytochrome P450 2C19
Elafibranor	inhibits	ABCC3
Dasabuvir	inhibits	NS5b
Capmatinib	inhibits	SLC47A1
Ketoprofen	inhibits	SLC22A8
Orphenadrine	inhibits	GRIN3A
Doxorubicin	inhibits	CYP2D6
Dabigatran etexilate	inhibits	NQO2
Clopidogrel	inhibits	SLC22A2
Indomethacin	inhibits	ABCC11
Terfenadine	inhibits	CYP2C8
Capsaicin	inhibits	Cytochrome P450 3A4
Kaempferol	inhibits	Cytochrome P450 2C19
LAPATINIB DITOSYLATE	inhibits	Receptor tyrosine-protein kinase erbB-2
Clozapine	inhibits	GABRG1
Desipramine	inhibits	SMPD1
Tipranavir	inhibits	ABCB1
Acetohydroxamic acid	inhibits	MMP12
Eupatorin	inhibits	Cytochrome P450 1B1
cis-b,b-Carotene	inhibits	Solute carrier organic anion transporter family member 1B1
Tacrine	inhibits	ACHE
Encorafenib	inhibits	RAF1
Fostamatinib	inhibits	LIMK2
Abemaciclib	inhibits	CYP3A4
Azithromycin	inhibits	ABCC2
Phenylbutyric acid	inhibits	HDAC1
Dasatinib	inhibits	FYN
Propranolol	inhibits	Cytochrome P450 2C8
Dronedarone	inhibits	CACNB2
Quercetin	inhibits	Cytochrome P450 3A4
AT-9283	inhibits	Receptor-type tyrosine-protein kinase FLT3
Ketoconazole	inhibits	CYP3A5
Trametinib	inhibits	MAP2K2
Loxapine	inhibits	DRD2
5-Methoxytryptamine	inhibits	Solute carrier organic anion transporter family member 1B1
Cefdinir	inhibits	SLC15A2
Nilvadipine	inhibits	CACNA2D1
Voxilaprevir	inhibits	NS3/4A
Ketoconazole	inhibits	NR1I3
1-Methylxanthine	inhibits	Solute carrier organic anion transporter family member 1B1
Viloxazine	inhibits	MAOA
Propylthiouracil	inhibits	DIO1
Brompheniramine	inhibits	CHRM5
Verapamil	inhibits	SLCO1B1
Fostamatinib	inhibits	JAK3
Enasidenib	inhibits	CYP2C19
Sunitinib	inhibits	ABCG2
Tamoxifen	inhibits	EBP
Saquinavir	inhibits	CYP3A4
Di-2-propenyl-sulfane	inhibits	Solute carrier organic anion transporter family member 1B1
Lithocholyltaurine	inhibits	Solute carrier organic anion transporter family member 1B3
Trimebutine	inhibits	CHRM1
Netupitant	inhibits	ABCB1
Viloxazine	inhibits	CYP2B6
Etacrynic acid	inhibits	GSTA2
Endrin	inhibits	Solute carrier organic anion transporter family member 1B3
Idelalisib	inhibits	CYP3A4
Carvedilol	inhibits	ADRB1
BOSUTINIB	inhibits	Tyrosine-protein kinase HCK
Sotagliflozin	inhibits	CYP2D6
Diosmin	inhibits	CYP2C9
NAVITOCLAX	inhibits	Bcl-2-like protein 1
Topiramate	inhibits	CA1
Modafinil	inhibits	CYP2B6
Apigenin	inhibits	Cytochrome P450 1A1
Amoxycillin	inhibits	Solute carrier organic anion transporter family member 1B1
Practolol	inhibits	ADRB1
Digoxin	inhibits	ATP1A1
BAY-1161909	inhibits	Dual specificity protein kinase TTK
Paliperidone	inhibits	HTR1D
Allopurinol	inhibits	CYP1A2
Bumetanide	inhibits	SLC12A1
(±)-Menthone	inhibits	Solute carrier organic anion transporter family member 1B1
Zanubrutinib	inhibits	JAK2
JNJ-26483327	inhibits	Receptor tyrosine-protein kinase erbB-2
Lonafarnib	inhibits	FNTA
Progesterone	inhibits	CYP2C19
Oxytetracycline	inhibits	Solute carrier organic anion transporter family member 1B1
Clidinium	inhibits	CHRM1
Nifedipine	inhibits	ABCB11
Fostamatinib	inhibits	TSSK1B
Ketorolac	inhibits	PTGS1
TAK-715	inhibits	Mitogen-activated protein kinase 14
Emodin	inhibits	Solute carrier organic anion transporter family member 1B3
Bergapten	inhibits	Solute carrier organic anion transporter family member 1B3
Lactulose	inhibits	Solute carrier organic anion transporter family member 1B1
Nicardipine	inhibits	CYP3A5
Terfenadine	inhibits	HRH1
Ibrexafungerp	inhibits	CYP2C8
Azelaic acid	inhibits	polA
Opicapone	inhibits	SLCO1B1
p-Mentha-1,8-dien-7-ol	inhibits	Cytochrome P450 1B1
Cyclobenzaprine	inhibits	ADRA2C
CI-1040	inhibits	Dual specificity mitogen-activated protein kinase kinase 2
Acetazolamide	inhibits	CA3
Zolpidem	inhibits	Solute carrier organic anion transporter family member 1B1
Chlorprothixene	inhibits	CHRM3
Sulfinpyrazone	inhibits	ABCC5
Doxepin	inhibits	HTR1A
Estradiol valerate	inhibits	SLC22A1
Benzgalantamine	inhibits	ABCB1
Phenylbutazone	inhibits	PTGIS
Tangeritin	inhibits	Solute carrier organic anion transporter family member 1B3
Acyclovir	inhibits	SLC22A8
Olanzapine	inhibits	CYP2C19
Nefazodone	inhibits	CYP3A4
Cladribine	inhibits	POLE2
Erlotinib	inhibits	ABCG2
Cyproheptadine	inhibits	CHRM2
Bemiparin	inhibits	F10
Simvastatin	inhibits	CYP2C8
Grepafloxacin	inhibits	ABCC2
Cabozantinib	inhibits	RET
UMBRALISIB TOSYLATE	inhibits	Tyrosine-protein kinase ABL1
Dicloxacillin	inhibits	pbp2a
Brincidofovir	inhibits	POLG2
Pirtobrutinib	inhibits	CYP2C8
Everolimus	inhibits	CYP2D6
Lansoprazole	inhibits	CYP2D6
Nilotinib	inhibits	KIT
TIRABRUTINIB	inhibits	Tyrosine-protein kinase BTK
Eliglustat	inhibits	UGCG
Etidronic acid	inhibits	SLC25A5
Dalfampridine	inhibits	KCNA10
Encorafenib	inhibits	BRAF
Istradefylline	inhibits	ADORA2A
Carotene	inhibits	Solute carrier organic anion transporter family member 1B3
Phenylbutazone	inhibits	SLC22A8
Fd&c red no. 40, aluminum lake	inhibits	Solute carrier organic anion transporter family member 1B1
Methadone	inhibits	ABCB1
LY-3009120	inhibits	Serine/threonine-protein kinase B-raf
Atorvastatin	inhibits	HDAC2
Bacampicillin	inhibits	dacA
SORAFENIB TOSYLATE	inhibits	Serine/threonine-protein kinase B-raf
Clobazam	inhibits	UGT1A4
Acetylsalicylic acid	inhibits	CASP1
Zidovudine	inhibits	gag-pol
Flunarizine	inhibits	CACNA1G
Mifepristone	inhibits	CYP2C9
Fostamatinib	inhibits	SLC29A1
Cefoperazone	inhibits	dacB
Irbesartan	inhibits	CYP2C8
Brincidofovir	inhibits	CYP2D6
BELUMOSUDIL MESYLATE	inhibits	Rho-associated protein kinase
Enasidenib	inhibits	ABCG2
Safinamide	inhibits	CYP1A2
Quinine	inhibits	CYP2C8
VEROSUDIL	inhibits	Rho-associated protein kinase
Baricitinib	inhibits	JAK1
Rivaroxaban	inhibits	F10
Doxepin	inhibits	CHRM5
Resmetirom	inhibits	CYP2C8
Lurasidone	inhibits	HTR1A
Methotrexate	inhibits	DHFR
Linezolid	inhibits	SLC22A6
Niacin	inhibits	SERPINA7
Butalbital	inhibits	CHRNA4
Umbralisib	inhibits	CSNK1E
Zonisamide	inhibits	ABCB1
Danicopan	inhibits	ABCG2
(S)-Naringenin	inhibits	Cytochrome P450 1B1
Bosutinib	inhibits	MAP2K2
Upadacitinib	inhibits	ABCB1
Lorcaserin	inhibits	CYP2D6
Sorafenib	inhibits	KDR
Sevabertinib	inhibits	CYP2C8
Thiopental	inhibits	GRIK2
Zanubrutinib	inhibits	PTK6
Loratadine	inhibits	Cytochrome P450 2C19
Bortezomib	inhibits	PSMB5
Idelalisib	inhibits	SLCO1B3
Pibrentasvir	inhibits	ABCG2
FIC	inhibits	Solute carrier organic anion transporter family member 1B3
XL-228	inhibits	Tyrosine-protein kinase ABL1
Terfenadine	inhibits	ABCB1
Flunitrazepam	inhibits	UGT2B7
Vadadustat	inhibits	CYP2C9
Probucol	inhibits	ABCA1
Fostamatinib	inhibits	BRAF
Aprocitentan	inhibits	UGT2B7
Secobarbital	inhibits	CHRNA7
Tenofovir	inhibits	rt
Disopyramide	inhibits	CHRM1
Lansoprazole	inhibits	ABCB1
Olomoucine	inhibits	Cytochrome P450 2D6
Diflunisal	inhibits	UGT1A9
Fostamatinib	inhibits	DCLK1
Iloperidone	inhibits	DRD5
Terfenadine	inhibits	CHRM3
Valproic acid	inhibits	ALDH5A1
Anastrozole	inhibits	CYP2C8
Itraconazole	inhibits	CYP3A5
Fostamatinib	inhibits	MINK1
Primaquine	inhibits	CYP2D6
Ciprofloxacin	inhibits	KCNH2
Rucaparib	inhibits	CYP2C19
Methyldopa	inhibits	SLC15A1
(2E,6E)-Farnesol	inhibits	Solute carrier organic anion transporter family member 1B3
Vimseltinib	inhibits	SLCO1B1
Cloxacillin	inhibits	pbpX
Voriconazole	inhibits	CYP2C9
Bepridil	inhibits	CACNA1H
Doxorubicin	inhibits	TOP2B
Triclabendazole	inhibits	CYP2C19
Mefloquine	inhibits	CYP3A4
Sulfasalazine	inhibits	NFKB2
VECABRUTINIB	inhibits	Tyrosine-protein kinase BTK
Citalopram	inhibits	SLC6A4
Hydroflumethiazide	inhibits	CA9
Methohexital	inhibits	GABRA1
Nortriptyline	inhibits	DRD2
Stavudine	inhibits	pol
Theophylline	inhibits	NT5E
Yohimbine	inhibits	HTR2C
Sitaxentan	inhibits	CYP2C19
Simeprevir	inhibits	ABCC2
Elexacaftor	inhibits	CYP2C9
Voclosporin	inhibits	PPP3R1
Fomepizole	inhibits	CAT
Moxifloxacin	inhibits	gyrA
ZANDATRIGINE	inhibits	Sodium channel protein type 8 subunit alpha
Tepotinib	inhibits	SLC22A2
Eravacycline	inhibits	rpsD
Domperidone	inhibits	DRD2
ILORASERTIB	inhibits	Serine/threonine-protein kinase Aurora
Tezacaftor	inhibits	SLC22A6
Cortisone	inhibits	Solute carrier organic anion transporter family member 1B1
Trifluoperazine	inhibits	CALY
Berberine	inhibits	Cytochrome P450 2D6
Ospemifene	inhibits	ESR1
Cannabidiol	inhibits	CYP2J2
Elvitegravir	inhibits	CYP3A4
Dordaviprone	inhibits	DRD3
Azelastine	inhibits	HRH2
Butorphanol	inhibits	OPRM1
Flunitrazepam	inhibits	CYP2E1
Phenytoin	inhibits	SCN1B
PACRITINIB	inhibits	Tyrosine-protein kinase JAK2
Dronedarone	inhibits	SLC8A1
BIRICODAR	inhibits	Multidrug resistance-associated protein 1
Methotrimeprazine	inhibits	ADRA1A
BRIMAPITIDE	inhibits	Mitogen-activated protein kinase 10
BRANEBRUTINIB	inhibits	Tyrosine-protein kinase BTK
Trimebutine	inhibits	CHRM2
Tolbutamide	inhibits	KCNJ1
Rhoifolin	inhibits	Solute carrier organic anion transporter family member 1B1
Fostamatinib	inhibits	TBK1
Lamotrigine	inhibits	CHRNA1
5,7-Dimethylchrysin	inhibits	Solute carrier organic anion transporter family member 1B1
Gefitinib	inhibits	CYP2D6
Dordaviprone	inhibits	SLCO1B3
Vandetanib	inhibits	SLC22A2
Mirabegron	inhibits	CYP2D6
Butabarbital	inhibits	GRIK4
Formononetin	inhibits	Cytochrome P450 2D6
Quinine	inhibits	SLCO1B1
Duloxetine	inhibits	ABCB1
Melatonin	inhibits	CYP1B1
Nefazodone	inhibits	KCNH2
Trifluoperazine	inhibits	CALM1
CEP-32496	inhibits	Serine/threonine-protein kinase B-raf
Paroxetine	inhibits	HRH1
Sotagliflozin	inhibits	CYP3A4
Granisetron	inhibits	CYP1A1
Capmatinib	inhibits	ABCG2
Tramadol	inhibits	SLC6A4
Isopimpinellin	inhibits	Cytochrome P450 1A1
Milnacipran	inhibits	SLC6A4
Lathosterol	inhibits	Solute carrier organic anion transporter family member 1B1
Fosamprenavir	inhibits	CYP3A4
Voriconazole	inhibits	CYP2C19
Diethylpropion	inhibits	SLC6A3
Naproxen	inhibits	PNLIP
Dextromethorphan	inhibits	CHRNA2
Adagrasib	inhibits	ABCB1
R-343	inhibits	Tyrosine-protein kinase SYK
Fostamatinib	inhibits	MAPK7
Adagrasib	inhibits	CYP2C9
Gepotidacin	inhibits	ACHE
Selpercatinib	inhibits	FLT1
Betamipron	inhibits	Solute carrier organic anion transporter family member 1B3
Ticlopidine	inhibits	CYP1A2
Scopoletin	inhibits	Solute carrier organic anion transporter family member 1B3
DECERNOTINIB	inhibits	Tyrosine-protein kinase JAK3
BMS-690514	inhibits	Receptor tyrosine-protein kinase erbB-4
Fostamatinib	inhibits	PIK3CD
Myricetin 3-digalactoside	inhibits	Cytochrome P450 1A1
Nifedipine	inhibits	CACNB2
Ketoprofen	inhibits	SLC22A11
Elvitegravir	inhibits	pol
Estradiol	inhibits	Cytochrome P450 3A4
Labetalol	inhibits	ADRB1
Acetylsalicylic acid	inhibits	HSPA5
Sitaxentan	inhibits	CYP2C9
Amlodipine	inhibits	CACNA1B
Cis-5-Caffeoylquinic acid	inhibits	Solute carrier organic anion transporter family member 1B1
Brensocatib	inhibits	CTSC
Sodium fluoride	inhibits	ENOPH1
Dipyridamole	inhibits	ABCB1
Fostamatinib	inhibits	NEK11
Ciprofloxacin	inhibits	TMP1
Ethinylestradiol	inhibits	SLC10A1
Afatinib	inhibits	ERBB2
Tacrolimus	inhibits	ABCB1
Rilpivirine	inhibits	ABCB1
Sulindac	inhibits	PTGDR2
NERATINIB	inhibits	Receptor tyrosine-protein kinase erbB-4
Methazolamide	inhibits	SLC22A6
VS-5584	inhibits	Serine/threonine-protein kinase mTOR
Avutometinib	inhibits	MAP2K1
Methotrimeprazine	inhibits	CYP2E1
Bromocriptine	inhibits	CYP3A4
Fluphenazine	inhibits	ABCB1
Fostamatinib	inhibits	IKBKB
Doxycycline	inhibits	CYP3A4
Sorafenib	inhibits	ABCC4
Olaparib	inhibits	PARP2
Delavirdine	inhibits	pol
Fidaxomicin	inhibits	CYP3A4
Clobazam	inhibits	UGT2B4
Sarsasapogenin	inhibits	Solute carrier organic anion transporter family member 1B1
FILGOTINIB MALEATE	inhibits	Non-receptor tyrosine-protein kinase TYK2
L-Tryptophan	inhibits	Solute carrier organic anion transporter family member 1B1
Pirfenidone	inhibits	CYP1A2
Cariprazine	inhibits	CYP2D6
Quinidine	inhibits	KCNK6
Tenofovir disoproxil	inhibits	pol
Amlodipine	inhibits	CACNA1I
Clozapine	inhibits	CYP3A4
Antithrombin Alfa	inhibits	F10
Talazoparib	inhibits	PARP2
Prazosin	inhibits	ADRA1B
Epigallocatechin	inhibits	Solute carrier organic anion transporter family member 1B1
Rucaparib	inhibits	ABCC4
Avatrombopag	inhibits	SLC22A8
Cefaclor	inhibits	SLC15A1
Ruxolitinib	inhibits	JAK1
N-acetyl-L-glutamate	inhibits	Solute carrier organic anion transporter family member 1B1
Valsartan	inhibits	AGTR1
Zanubrutinib	inhibits	BMX
Cyproheptadine	inhibits	CHRM3
Mazindol	inhibits	SLC6A2
gamma-Sitosterol	inhibits	Solute carrier organic anion transporter family member 1B1
Amiloride	inhibits	SCNN1G
Levoketoconazole	inhibits	CYP11A1
Vildagliptin	inhibits	DPP4
Finasteride	inhibits	SRD5A1
Aripiprazole	inhibits	ADRA2C
Hesperetin	inhibits	Cytochrome P450 2C19
Oxytetracycline	inhibits	SLC22A11
Theophylline	inhibits	SLC22A7
SU-014813	inhibits	Receptor-type tyrosine-protein kinase FLT3
Caffeic acid ester	inhibits	Solute carrier organic anion transporter family member 1B3
Disulfiram	inhibits	CYP2E1
Anastrozole	inhibits	CYP3A4
Tolbutamide	inhibits	ABCC8
Flupentixol	inhibits	ADRA1A
Everolimus	inhibits	SLCO1B3
Voxilaprevir	inhibits	SLCO1B1
Ziprasidone	inhibits	DRD1
Imatinib	inhibits	CYP2D6
Letaxaban	inhibits	F10
Probenecid	inhibits	SLC22A11
Amitriptyline	inhibits	CYP2C8
Repotrectinib	inhibits	CYP3A5
Fostamatinib	inhibits	MAP3K4
Trimebutine	inhibits	KCNMA1
Fluvastatin	inhibits	SLC15A1
Propiverine	inhibits	CHRM3
Fostamatinib	inhibits	PRKCQ
Dabrafenib	inhibits	LIMK1
Doxepin	inhibits	CHRM2
Linzagolix	inhibits	SLC22A6
Cefuroxime	inhibits	SLC15A2
5,7-Dihydroxyisoflavone	inhibits	Solute carrier organic anion transporter family member 1B3
Diferuloylspermine	inhibits	Cytochrome P450 2C19
Nicardipine	inhibits	CHRM1
Taurochenodesoxycholic acid	inhibits	Solute carrier organic anion transporter family member 1B1
Fostamatinib	inhibits	CSK
Stiripentol	inhibits	CYP2C9
Dacomitinib	inhibits	SLC22A1
Cefprozil	inhibits	penA
Clomipramine	inhibits	GSTP1
Pizotifen	inhibits	ADRA1A
Viloxazine	inhibits	CHRM3
Dicoumarol	inhibits	Cytochrome P450 3A4
Etoposide	inhibits	ABCC6
Omadacycline	inhibits	rpsG
Liothyronine	inhibits	SLC16A10
Promazine	inhibits	HTR2C
Melatonin	inhibits	CALM1
Voriconazole	inhibits	ERG11
Atazanavir	inhibits	SLCO1B3
Methotrexate	inhibits	TYMS
Pirtobrutinib	inhibits	CYP3A4
trans-5-O-caffeoyl-D-quinate	inhibits	Solute carrier organic anion transporter family member 1B3
Tezacaftor	inhibits	CYP1A2
Safinamide	inhibits	ABCG2
Sorafenib	inhibits	FLT1
Butabarbital	inhibits	GRIA2
Moclobemide	inhibits	CYP2D6
1-Acetoxy-2-hydroxy-16-heptadecyn-4-one	inhibits	Solute carrier organic anion transporter family member 1B3
Dasatinib	inhibits	CSK
Rilzabrutinib	inhibits	SLCO1B1
GILTERITINIB	inhibits	Receptor-type tyrosine-protein kinase FLT3
Thioridazine	inhibits	CYP2D6
Lorlatinib	inhibits	NTRK1
Hydrocotarnine	inhibits	Solute carrier organic anion transporter family member 1B3
Mitotane	inhibits	PGR
Gepotidacin	inhibits	TOP2A
Gallic acid	inhibits	Solute carrier organic anion transporter family member 1B3
BMS-690514	inhibits	Receptor tyrosine-protein kinase erbB-2
Tezacaftor	inhibits	SLC22A8
Pralsetinib	inhibits	ABCB11
NILOTINIB HYDROCHLORIDE MONOHYDRATE	inhibits	Tyrosine-protein kinase ABL1
4SC-203	inhibits	Receptor-type tyrosine-protein kinase FLT3
Nateglinide	inhibits	SLC15A2
Dabrafenib	inhibits	CYP2C8
Ligustilide	inhibits	Solute carrier organic anion transporter family member 1B3
Isoginkgetin	inhibits	Solute carrier organic anion transporter family member 1B3
Chlorprothixene	inhibits	HTR1A
Dronedarone	inhibits	KCNJ12
Amiodarone	inhibits	ABCB1
Isavuconazole	inhibits	KCNJ9
Ethinylestradiol	inhibits	SLCO1A2
Amiodarone	inhibits	CACNA1C
Famotidine	inhibits	SLC47A1
Lansoprazole	inhibits	Solute carrier organic anion transporter family member 1B1
Armodafinil	inhibits	SLC6A3
Clonidine	inhibits	SLC22A4
Ficus Latex peptide 2	inhibits	Solute carrier organic anion transporter family member 1B3
Triclabendazole	inhibits	CYP3A4
Mifepristone	inhibits	ABCB1
Vitamin E	inhibits	GSTP1
Remibrutinib	inhibits	CYP3A5
Trifluoperazine	inhibits	ABCB1
Cobimetinib	inhibits	CYP2D6
Probenecid	inhibits	SLC22A6
Alendronic acid	inhibits	FDPS
Ganciclovir	inhibits	SLC22A8
Momelotinib	inhibits	JAK3
Lamotrigine	inhibits	SLC22A2
Letermovir	inhibits	CYP3A4
Promethazine	inhibits	CHRM4
SUNITINIB	inhibits	Receptor-type tyrosine-protein kinase FLT3
Desipramine	inhibits	SLC22A1
Pomalidomide	inhibits	TNF
Fostamatinib	inhibits	CLK4
Fenofibrate	inhibits	CYP2C8
Tezacaftor	inhibits	SLC22A2
Quinine	inhibits	SLC22A5
Flavin adenine dinucleotide	inhibits	TXNRD1
Psoralen	inhibits	Cytochrome P450 2C19
Fd&c red no. 3, calcium lake	inhibits	Solute carrier organic anion transporter family member 1B3
Fusidic acid	inhibits	SLCO1B1
Cariprazine	inhibits	CYP2C9
Regorafenib	inhibits	MAPK11
17alpha-ethynylestradiol	inhibits	Cytochrome P450 2B6
beta-Caryophyllene alcohol	inhibits	Solute carrier organic anion transporter family member 1B3
Pimozide	inhibits	ABCB1
Phenytoin	inhibits	KCNH2
ACALABRUTINIB MALEATE	inhibits	Tyrosine-protein kinase BTK
Benzatropine	inhibits	SLC6A4
Primidone	inhibits	CHRNA4
Ergotamine	inhibits	ABCB1
Benzatropine	inhibits	HRH1
beta-Thujaplicin	inhibits	Cytochrome P450 3A4
Paroxetine	inhibits	SLC6A4
SGI-1776	inhibits	Serine/threonine-protein kinase PIM
Cisplatin	inhibits	PTGS2
Azelaic acid	inhibits	SRD5A2
Lercanidipine	inhibits	CACNG1
TRICETAMIDE	inhibits	Tyrosine-protein kinase JAK3
Bosentan	inhibits	EDNRB
Rifampin	inhibits	rpoB
Ginkgo biloba	inhibits	NOS2
Phellopterin	inhibits	Cytochrome P450 2C9
Brigatinib	inhibits	ALK
Pipotiazine	inhibits	DRD1
Granisetron	inhibits	HTR3B
Phenylbutazone	inhibits	SLC22A11
Levocarnitine	inhibits	SLC22A4
Remibrutinib	inhibits	SLC47A1
Mirtazapine	inhibits	SLC6A4
MG(18:0e/0:0/0:0)	inhibits	Solute carrier organic anion transporter family member 1B1
Fosfomycin	inhibits	murA
Nicotinic acid	inhibits	Solute carrier organic anion transporter family member 1B3
Ethambutol	inhibits	CYP2C9
Cefoperazone	inhibits	dacA
SORAFENIB TOSYLATE	inhibits	Proto-oncogene tyrosine-protein kinase receptor Ret
Remibrutinib	inhibits	SLC22A8
(S)-Naringenin	inhibits	Cytochrome P450 3A4
Fd&c yellow no. 6, calcium lake	inhibits	Solute carrier organic anion transporter family member 1B3
IPATASERTIB	inhibits	Serine/threonine-protein kinase AKT
Pseudoephedrine	inhibits	SLC6A2
Naloxone	inhibits	CYP3A4
Docetaxel	inhibits	TUBB1
Thiothixene	inhibits	DRD2
Ertugliflozin	inhibits	UGT1A1
Fostamatinib	inhibits	INSRR
Glycocholic acid	inhibits	Solute carrier organic anion transporter family member 1B1
Verapamil	inhibits	CACNA1G
Propranolol	inhibits	Cytochrome P450 3A4
Cimetidine	inhibits	CYP2C8
Herniarin	inhibits	Solute carrier organic anion transporter family member 1B1
cis-[6]-Shogaol	inhibits	Cytochrome P450 2C9
Quinidine	inhibits	CYP1A1
Deuruxolitinib	inhibits	SLC22A8
Norfloxacin	inhibits	SLC22A5
Amiodarone	inhibits	SLC22A2
Propranolol	inhibits	ADRB3
Graveoline	inhibits	Cytochrome P450 2D6
N-Acetylleucine	inhibits	Solute carrier organic anion transporter family member 1B1
Fluvoxamine	inhibits	ABCB1
Pyrazinamide	inhibits	fas
Valproic acid	inhibits	CYP1A2
Molindone	inhibits	HTR2A
Ziprasidone	inhibits	ADRA1B
Tolterodine	inhibits	CHRM5
Estradiol cypionate	inhibits	SLC22A1
Bosutinib	inhibits	SLK
Promethazine	inhibits	SCN1A
Cariprazine	inhibits	HTR2C
Ethionamide	inhibits	inhA
VARLITINIB	inhibits	Receptor tyrosine-protein kinase erbB-2
Daridorexant	inhibits	HCRTR1
Fostamatinib	inhibits	ERN1
Arginine	inhibits	Cytochrome P450 3A4
N-acetyl-serotonin	inhibits	Cytochrome P450 3A4
Episarsasapogenin	inhibits	Solute carrier organic anion transporter family member 1B1
Tamoxifen	inhibits	ABCB11
Clarithromycin	inhibits	SLCO1B3
3-(Dimethylaminomethyl)indole	inhibits	Cytochrome P450 2D6
Vimseltinib	inhibits	ABCB1
Chlorpropamide	inhibits	SLC22A6
Isopimpinellin	inhibits	Cytochrome P450 2D6
Fostamatinib	inhibits	MAP4K2
Vardenafil	inhibits	CYP2D6
Paclitaxel	inhibits	BCL2
Itraconazole	inhibits	CYP2B6
Prazosin	inhibits	ADRA1D
Rimegepant	inhibits	CYP3A4
Ibuprofen	inhibits	SLCO1A2
Erdafitinib	inhibits	ABCB1
Aceclofenac	inhibits	PTGS1
Chrysoeriol 7-disulfoglucoside	inhibits	Cytochrome P450 1B1
Nortriptyline	inhibits	HTR2A
VEMURAFENIB	inhibits	Serine/threonine-protein kinase B-raf
Nabumetone	inhibits	MPO
Estrone	inhibits	Cytochrome P450 3A4
Fujiglucon	inhibits	Solute carrier organic anion transporter family member 1B1
Ranolazine	inhibits	CYP2D6
Sorafenib	inhibits	CYP2B6
Epigallocatechin	inhibits	Solute carrier organic anion transporter family member 1B3
Olanzapine	inhibits	DRD3
Dimethylarsinate	inhibits	Solute carrier organic anion transporter family member 1B1
Fostamatinib	inhibits	BMP2K
Isavuconazole	inhibits	CYP2C8
Isoliquiritigenin	inhibits	Solute carrier organic anion transporter family member 1B3
Esomeprazole	inhibits	SLC22A8
Acacetin 7-diglucoside	inhibits	Cytochrome P450 2C9
ENCEQUIDAR	inhibits	ATP-dependent translocase ABCB1
Cobimetinib	inhibits	MAP2K1
Dabrafenib	inhibits	NEK11
Antipyrine	inhibits	SLC22A6
Carvedilol	inhibits	ABCB1
Bismuth subcitrate potassium	inhibits	clpX
Levamisole	inhibits	ALPG
Infigratinib	inhibits	SLC47A2
2,6-Dimethoxy-1,4-benzoquinone	inhibits	Solute carrier organic anion transporter family member 1B1
Nortriptyline	inhibits	SLC6A4
Ibuprofen	inhibits	PTGS2
Chlorpromazine	inhibits	DRD3
Amoxapine	inhibits	DRD1
Quinidine	inhibits	SLC22A4
Nicardipine	inhibits	PDE1B
17-beta-Estradiol glucuronide	inhibits	Solute carrier organic anion transporter family member 1B3
Clofarabine	inhibits	RRM2
Cabazitaxel	inhibits	ABCG2
Flurazepam	inhibits	ABCB1
Ritlecitinib	inhibits	BTK
Folic acid	inhibits	Solute carrier organic anion transporter family member 1B3
Diazepam	inhibits	Solute carrier organic anion transporter family member 1B1
Tafenoquine	inhibits	SLC22A2
Papaverine	inhibits	Cytochrome P450 2C19
Resmetirom	inhibits	UGT1A4
Lovastatin	inhibits	ABCB1
Chlorpromazine	inhibits	HTR1A
Luteolin	inhibits	Cytochrome P450 1A1
Levoketoconazole	inhibits	CYP21A2
Ticlopidine	inhibits	CYP2B6
PREXASERTIB	inhibits	Serine/threonine-protein kinase Chk2
Ziprasidone	inhibits	ADRA1A
Latex	inhibits	Solute carrier organic anion transporter family member 1B1
Adefovir dipivoxil	inhibits	SLC22A6
Lansoprazole	inhibits	CYP3A4
Fesoterodine	inhibits	CHRM4
Cefradine	inhibits	mrcA
Fleroxacin	inhibits	TOP2B
Avanafil	inhibits	ABCG2
Lorlatinib	inhibits	ROS1
Salicin	inhibits	Solute carrier organic anion transporter family member 1B1
Polythiazide	inhibits	SLC12A3
SORAFENIB TOSYLATE	inhibits	RAF proto-oncogene serine/threonine-protein kinase
Sorafenib	inhibits	FLT4
Montelukast	inhibits	CYP2C8
Ramipril	inhibits	ACE
1,3,5-Trimethoxybenzene	inhibits	Solute carrier organic anion transporter family member 1B1
Cabozantinib	inhibits	TYRO3
Cyproheptadine	inhibits	HRH2
Ethoxyquin	inhibits	Solute carrier organic anion transporter family member 1B3
Lorlatinib	inhibits	PTK2
Nerol	inhibits	Solute carrier organic anion transporter family member 1B1
Sertraline	inhibits	SLC6A3
Cefradine	inhibits	SLC22A6
NILOTINIB HYDROCHLORIDE MONOHYDRATE	inhibits	Bcr/Abl fusion protein
Aminophylline	inhibits	ADORA3
Encorafenib	inhibits	CYP1A2
Phenylpropanolamine	inhibits	TERT
Dexfenfluramine	inhibits	CYP2D6
BALAMAPIMOD	inhibits	Dual specificity mitogen-activated protein kinase kinase 1
Linonin	inhibits	Solute carrier organic anion transporter family member 1B1
Chlorpheniramine	inhibits	SLC22A1
Ceritinib	inhibits	CYP3A4
Fostamatinib	inhibits	DDR2
Vinblastine	inhibits	ABCB1
Dutasteride	inhibits	SRD5A1
Romidepsin	inhibits	SLC22A6
Diethylstilbesterol	inhibits	Solute carrier organic anion transporter family member 1B1
Dexmethylphenidate	inhibits	SLC6A3
CEP-32496	inhibits	Proto-oncogene tyrosine-protein kinase receptor Ret
Dihydrocapsaicin	inhibits	Cytochrome P450 2C19
Olanzapine	inhibits	DRD2
Lenacapavir	inhibits	gag-pol
Tiopronin	inhibits	MPO
Grepafloxacin	inhibits	SLC22A2
Amoxapine	inhibits	SLC6A4
AZD-0424	inhibits	Tyrosine-protein kinase ABL1
Rifamycin	inhibits	CYP2C9
Desipramine	inhibits	ADRA1A
Cholic Acid	inhibits	SLC10A2
Zoliflodacin	inhibits	ABCB1
Buspirone	inhibits	DRD2
Viloxazine	inhibits	SLC47A1
Paclitaxel	inhibits	ABCB11
Levoketoconazole	inhibits	CYP11B2
Fluvastatin	inhibits	CYP2C8
Asenapine	inhibits	ADRA2B
ARQ-736	inhibits	RAF proto-oncogene serine/threonine-protein kinase
Progesterone	inhibits	SLC22A3
Ceftibuten	inhibits	ftsI
Clomifene	inhibits	ESR2
Cefradine	inhibits	SLC22A5
Osimertinib	inhibits	EGFR
Trovafloxacin	inhibits	gyrA
Cabazitaxel	inhibits	TUBB1
Episarsasapogenin	inhibits	Solute carrier organic anion transporter family member 1B3
Kaempferide 3-[glucopyranosyl-(1->?)-glucopyranoside]	inhibits	Cytochrome P450 1B1
Rosiglitazone	inhibits	CYP1A2
Brensocatib	inhibits	ABCG2
Levothyroxine	inhibits	SLC16A2
6-Hydroxyluteolin 6,7,3',4'-tetramethyl ether	inhibits	Cytochrome P450 3A4
Nefazodone	inhibits	HTR2C
Carbenicillin	inhibits	dacA
Thiothixene	inhibits	DRD1
Eltrombopag	inhibits	UGT1A9
Ciprofloxacin	inhibits	CYP3A7
3-(3,4-Dimethoxyphenyl)-2-propenoic acid	inhibits	Solute carrier organic anion transporter family member 1B1
Haloperidol	inhibits	ADRA2C
Glyburide	inhibits	CFTR
Fostamatinib	inhibits	PKMYT1
3-Hydroxyflavone	inhibits	Solute carrier organic anion transporter family member 1B1
Olaparib	inhibits	ABCB1
Aesculetin	inhibits	Solute carrier organic anion transporter family member 1B3
Fexinidazole	inhibits	CYP3A5
Nefazodone	inhibits	ADRA2A
Protoporphyrin	inhibits	Solute carrier organic anion transporter family member 1B3
Parathion	inhibits	Cytochrome P450 3A4
Succinylacetone	inhibits	Solute carrier organic anion transporter family member 1B3
Acetohexamide	inhibits	KCNJ1
Fostamatinib	inhibits	AAK1
Tafamidis	inhibits	SLC22A8
SPEBRUTINIB BESYLATE	inhibits	Tyrosine-protein kinase BTK
Pazopanib	inhibits	KDR
Imipramine	inhibits	ADRA1B
Kinetin	inhibits	Solute carrier organic anion transporter family member 1B3
Pacritinib	inhibits	SLC22A1
XL-999	inhibits	Receptor-type tyrosine-protein kinase FLT3
Telotristat ethyl	inhibits	CYP3A4
Cyproheptadine	inhibits	SLC22A1
Selpercatinib	inhibits	RET
Donepezil	inhibits	NFKB2
Glyburide	inhibits	TRPM4
Epigallocatechin-3-gallate	inhibits	ATP-dependent translocase ABCB1
NINGETINIB	inhibits	Tyrosine-protein kinase Mer
Fluoxymesterone	inhibits	HSD11B2
Cyclosporine	inhibits	CYP2C19
Osthol	inhibits	Solute carrier organic anion transporter family member 1B3
Friedelin	inhibits	Solute carrier organic anion transporter family member 1B3
Theasinensin B	inhibits	Solute carrier organic anion transporter family member 1B3
Tiagabine	inhibits	SLC6A1
Testosterone undecanoate	inhibits	CYP3A4
Trihexyphenidyl	inhibits	CHRM2
Thalidomide	inhibits	CRBN
Quinidine	inhibits	SLC22A2
Encorafenib	inhibits	MAPK9
Cedazuridine	inhibits	CDA
XL-019	inhibits	Tyrosine-protein kinase JAK2
Leflunomide	inhibits	PTK2B
Mobocertinib	inhibits	EGFR
Pimozide	inhibits	CYP2D6
Nifedipine	inhibits	CYP2D6
Chlorpromazine	inhibits	CHRM1
Pizotifen	inhibits	ADRA1B
Rufinamide	inhibits	GRM5
Myricetin 3-digalactoside	inhibits	Cytochrome P450 2C19
Terazosin	inhibits	ADRA1A
Darifenacin	inhibits	CYP2D6
Trofinetide	inhibits	CYP3A4
Copanlisib	inhibits	PIK3CD
Pacritinib	inhibits	ABCB1
Defactinib	inhibits	SLCO1B1
Ofloxacin	inhibits	CYP1A2
Fluvoxamine	inhibits	CYP1A2
AZD-7762	inhibits	Serine/threonine-protein kinase Chk1
AMG-900	inhibits	Serine/threonine-protein kinase Aurora
Fostamatinib	inhibits	AURKB
Fostamatinib	inhibits	COQ8A
Celecoxib	inhibits	PDPK1
Fostamatinib	inhibits	SBK3
Velpatasvir	inhibits	ABCB1
Estradiol cypionate	inhibits	SLC22A2
Tiludronic acid	inhibits	PTPN6
ASN007	inhibits	Mitogen-activated protein kinase; ERK1/ERK2
Ibrutinib	inhibits	BTK
Kynurenic acid	inhibits	Solute carrier organic anion transporter family member 1B1
Lurasidone	inhibits	ADRA2A
Tenofovir alafenamide	inhibits	gag-pol
Istradefylline	inhibits	ABCB1
Ketoconazole	inhibits	NR1I2
Ziprasidone	inhibits	HTR5A
Phentermine	inhibits	SLC6A4
Lopinavir	inhibits	CYP2C9
Reserpine	inhibits	SLC22A1
Sinensetin	inhibits	ATP-dependent translocase ABCB1
Trigonelline	inhibits	Solute carrier organic anion transporter family member 1B3
Cyclosporine	inhibits	CYP2D6
Diclofenamide	inhibits	CA4
Cannabidiol	inhibits	CYP2D6
Miglitol	inhibits	GAA
Felodipine	inhibits	CACNA2D1
Resmetirom	inhibits	SLC22A8
Tezacaftor	inhibits	SLCO1B3
alpha-Mangostin	inhibits	Solute carrier organic anion transporter family member 1B1
Bexarotene	inhibits	CYP2C8
Nintedanib	inhibits	FGFR3
Vorasidenib	inhibits	IDH2
Enasidenib	inhibits	UGT1A1
M4344	inhibits	Serine/threonine-protein kinase ATR
Phenobarbital	inhibits	GRIA2
Sorafenib	inhibits	CYP2D6
Adenosine	inhibits	Solute carrier organic anion transporter family member 1B3
JNJ-26483327	inhibits	Tyrosine-protein kinase Lyn
Anagrelide	inhibits	PDE3A
Methotrexate	inhibits	ABCC3
Nisoldipine	inhibits	CACNA1D
Tipranavir	inhibits	CYP2C19
Crinecerfont	inhibits	CRHR1
Quinine	inhibits	SLCO1A2
Benzphetamine	inhibits	SLC6A3
Stiripentol	inhibits	CYP3A4
Rifampin	inhibits	SLCO2B1
Perphenazine	inhibits	DRD2
Benzgalantamine	inhibits	ACHE
Saxagliptin	inhibits	DPP4
Stiripentol	inhibits	CYP2C8
Zafirlukast	inhibits	CYP2D6
salicyl alcohol	inhibits	Solute carrier organic anion transporter family member 1B1
Lesinurad	inhibits	SLC22A11
Gatifloxacin	inhibits	parC
Tafamidis	inhibits	ABCG2
Paliperidone	inhibits	ADRA1A
Ticlopidine	inhibits	CYP2C9
Glyburide	inhibits	ABCB11
Bilastine	inhibits	SLCO2B1
Yohimbine	inhibits	HTR2A
RAF-265	inhibits	Serine/threonine-protein kinase B-raf
Clofarabine	inhibits	POLA1
Glecaprevir	inhibits	ABCG2
Resmetirom	inhibits	SLCO1B3
Conjugated estrogens	inhibits	SLCO1C1
3alpha,7beta,12alpha-Trihydroxyoxocholanylglycine	inhibits	Solute carrier organic anion transporter family member 1B1
4-[(6,7-Dihydroxy-3,7-dimethyl-2-octenyl)oxy]-7H-furo[3,2-g][1]benzopyran-7-one	inhibits	Cytochrome P450 3A4
Clofazimine	inhibits	ABCG2
Oxybutynin	inhibits	CYP2D6
Imatinib	inhibits	DDR2
Metronidazole	inhibits	CYP2C9
Olanzapine	inhibits	HTR2C
Methotrimeprazine	inhibits	CHRM5
Sildenafil	inhibits	PDE6H
Levodopa	inhibits	SLC15A1
Aripiprazole	inhibits	ADRA2B
Paclitaxel	inhibits	ABCC10
Lansoprazole	inhibits	Solute carrier organic anion transporter family member 1B3
Isokobusone	inhibits	Cytochrome P450 3A4
Paroxetine	inhibits	ADRB1
Rimegepant	inhibits	CALCRL
Theophylline	inhibits	PDE4A
MIVAVOTINIB CITRATE	inhibits	Tyrosine-protein kinase SYK
RADOTINIB	inhibits	Bcr/Abl fusion protein
Celecoxib	inhibits	CYP2D6
Ripretinib	inhibits	ABCB1
Verapamil	inhibits	CYP2C9
Iloperidone	inhibits	HTR7
Futibatinib	inhibits	FGFR4
trans-resveratrol	inhibits	Cytochrome P450 1A2
Camostat	inhibits	TMPRSS2
Sulfamethizole	inhibits	CYP2C9
Dalfampridine	inhibits	KCNA2
Tivozanib	inhibits	PDGFRB
Tamoxifen	inhibits	CYP19A1
Pexidartinib	inhibits	PDGFRB
SORAFENIB TOSYLATE	inhibits	Receptor-type tyrosine-protein kinase FLT3
4-aminobutanoate	inhibits	Solute carrier organic anion transporter family member 1B3
Phenelzine	inhibits	CYP2C19
Na-Formyl-1-methyl-b-carboline	inhibits	Solute carrier organic anion transporter family member 1B1
Roxarsone	inhibits	Cytochrome P450 2C19
Cyproheptadine	inhibits	HTR7
Encorafenib	inhibits	CYP2B6
Apalutamide	inhibits	SLC22A2
Fostamatinib	inhibits	CAMK2G
Imperatorin	inhibits	Cytochrome P450 1A1
(13Z)-beta-Carotene	inhibits	Solute carrier organic anion transporter family member 1B1
Encorafenib	inhibits	CYP2D6
Tamsulosin	inhibits	ADRA1B
Methotrimeprazine	inhibits	DRD1
AMUVATINIB	inhibits	Receptor-type tyrosine-protein kinase FLT3
4'-Methoxychalcone	inhibits	Solute carrier organic anion transporter family member 1B3
Isobergapten	inhibits	Solute carrier organic anion transporter family member 1B1
Lanosterol	inhibits	Solute carrier organic anion transporter family member 1B3
Lasmiditan	inhibits	SLC47A1
Butabarbital	inhibits	SLC2A1
Nefazodone	inhibits	SLC6A4
Doxepin	inhibits	HTR2B
Chrysin	inhibits	Solute carrier organic anion transporter family member 1B3
Digitoxin	inhibits	ATP1B1
Paliperidone	inhibits	DRD4
Elafibranor	inhibits	UGT1A6
Rofecoxib	inhibits	PTGS2
Doxazosin	inhibits	ADRA1D
Esketamine	inhibits	GRIN2B
MIRDAMETINIB	inhibits	Dual specificity mitogen-activated protein kinase kinase 2
Rucaparib	inhibits	CYP3A43
BELUMOSUDIL	inhibits	Rho-associated protein kinase 2
Daclatasvir	inhibits	SLCO1B3
Bempedoic acid	inhibits	SLCO1B3
Charantin	inhibits	Cytochrome P450 3A4
6-hydroxy-1-methyl-1,2,3,4-tetrahydro-beta-carboline	inhibits	Solute carrier organic anion transporter family member 1B3
Myristicin	inhibits	Cytochrome P450 3A4
Aprocitentan	inhibits	CYP2C8
Abrocitinib	inhibits	JAK2
Daprodustat	inhibits	EGLN2
beta-Amyrin	inhibits	Solute carrier organic anion transporter family member 1B3
Phenelzine	inhibits	ABAT
Menadione	inhibits	Solute carrier organic anion transporter family member 1B1
Ticlopidine	inhibits	P2RY12
Amoxicillin	inhibits	SLC15A1
Linagliptin	inhibits	SLC22A1
Atazanavir	inhibits	ABCB1
Modafinil	inhibits	CYP2C9
Fostamatinib	inhibits	MTOR
Linezolid	inhibits	MAOB
Isopimpinellin	inhibits	Cytochrome P450 2C9
AR-12	inhibits	3-phosphoinositide-dependent protein kinase 1
Niraparib	inhibits	SLC47A1
Cladribine	inhibits	RRM2B
Diltiazem	inhibits	CYP3A4
Deutivacaftor	inhibits	CYP2C9
NAD+	inhibits	Solute carrier organic anion transporter family member 1B3
Azelastine	inhibits	LTC4S
Elexacaftor	inhibits	CYP2D6
Dicloxacillin	inhibits	SLC15A1
Quizartinib	inhibits	UGT1A1
Temsirolimus	inhibits	ABCB1
Danicopan	inhibits	CFD
Triacetin	inhibits	Solute carrier organic anion transporter family member 1B1
Hyoscyamine	inhibits	CHRM1
Fostamatinib	inhibits	ITK
Abemaciclib	inhibits	CYP2D6
NAVTEMADLIN	inhibits	Tumour suppressor p53/oncoprotein Mdm2
Chinese tannin	inhibits	Cytochrome P450 2C9
Flecainide	inhibits	KCNH2
Cariprazine	inhibits	HTR2B
Eltrombopag	inhibits	CYP2C8
Osilodrostat	inhibits	SLC22A8
Clozapine	inhibits	HTR1E
Pretomanid	inhibits	cmaA1
Tezacaftor	inhibits	CYP2C8
Tigogenin	inhibits	Solute carrier organic anion transporter family member 1B3
Friedooleanan-3-one	inhibits	Solute carrier organic anion transporter family member 1B3
dihydrosphingosine	inhibits	Cytochrome P450 2D6
Pralsetinib	inhibits	KDR
Ziprasidone	inhibits	HTR7
Mefenamic acid	inhibits	PTGS2
Mirtazapine	inhibits	HRH1
Paltusotine	inhibits	CYP2D6
RIDAFOROLIMUS	inhibits	Serine/threonine-protein kinase mTOR
Ripretinib	inhibits	TEK
Zidovudine	inhibits	pol
Probenecid	inhibits	PANX1
Pachyrrhizin	inhibits	Solute carrier organic anion transporter family member 1B3
Sulindac	inhibits	CYP1A1
Digoxin	inhibits	ATP1A2
Sulfasalazine	inhibits	ACAT1
Risperidone	inhibits	DRD2
Gentisic acid	inhibits	Solute carrier organic anion transporter family member 1B1
[6]-Paradol	inhibits	Cytochrome P450 1A2
Plumbagin	inhibits	Cytochrome P450 1A1
Levoglutamide	inhibits	Cytochrome P450 3A4
Cloxacillin	inhibits	pbpA
Cannabidiol	inhibits	ABCC1
Trimebutine	inhibits	CHRM3
Diphenhydramine	inhibits	Cytochrome P450 2D6
QUIZARTINIB	inhibits	Proto-oncogene tyrosine-protein kinase receptor Ret
Aminopterin	inhibits	Solute carrier organic anion transporter family member 1B3
Cyclosporine	inhibits	SLC10A2
Isradipine	inhibits	CACNA1C
Scopolamine	inhibits	CHRM3
Phenylpropanolamine	inhibits	MAOA
Promazine	inhibits	ADRA1A
Sulthiame	inhibits	CA2
Dacomitinib	inhibits	UGT1A1
Pizotifen	inhibits	ADRA2A
Propranolol	inhibits	SLC22A2
Isavuconazole	inhibits	KCND3
Sulpiride	inhibits	DRD4
Fostamatinib	inhibits	DYRK1A
Ranolazine	inhibits	CYP3A4
Ethambutol	inhibits	CYP2A6
Fluvoxamine	inhibits	CYP3A4
Safrole	inhibits	Cytochrome P450 3A4
Zuclopenthixol	inhibits	DRD1
Losartan	inhibits	SLC22A12
Fenthion	inhibits	Solute carrier organic anion transporter family member 1B3
Nifedipine	inhibits	CYP1A2
Terazosin	inhibits	ADRA1D
Tirucallol	inhibits	Solute carrier organic anion transporter family member 1B1
Fenfluramine	inhibits	SIGMAR1
Niraparib	inhibits	ABCG2
Cefamandole	inhibits	SLC22A11
beta-Amyrin acetate	inhibits	Solute carrier organic anion transporter family member 1B1
Suzetrigine	inhibits	SLCO1B1
N-Acetyltryptophan	inhibits	Solute carrier organic anion transporter family member 1B3
Cefadroxil	inhibits	pbp1b
Glutamic acid	inhibits	Cytochrome P450 2D6
Umbralisib	inhibits	ABL1
Lazertinib	inhibits	EGFR
Cefdinir	inhibits	penA
Rucaparib	inhibits	SLC22A6
Pizotifen	inhibits	ADRA2B
Nicardipine	inhibits	CYP2C8
Gabapentin	inhibits	GABBR2
Fostamatinib	inhibits	AXL
Interferon alfa-2a	inhibits	CYP1A2
Morin	inhibits	Solute carrier organic anion transporter family member 1B1
Olutasidenib	inhibits	SLC22A2
Conjugated estrogens	inhibits	SLCO1B1
Amisulpride	inhibits	DRD3
alpha-Humulene	inhibits	Solute carrier organic anion transporter family member 1B1
Glycosides	inhibits	Solute carrier organic anion transporter family member 1B3
Quinidine	inhibits	ADRA1B
Clofibrate	inhibits	GSTA2
Amphetamine	inhibits	SLC18A2
Felodipine	inhibits	CACNA1S
BARICITINIB	inhibits	Tyrosine-protein kinase JAK1
Nerol	inhibits	Solute carrier organic anion transporter family member 1B3
Levonorgestrel	inhibits	SHBG
Vilazodone	inhibits	SLC6A4
Azilsartan medoxomil	inhibits	AGTR1
Fostamatinib	inhibits	CLK3
Nortriptyline	inhibits	ADRA2A
Lopinavir	inhibits	SLCO1B1
Dabrafenib	inhibits	SLC22A8
Estrogen	inhibits	Cytochrome P450 3A4
Enasidenib	inhibits	CYP3A4
Imlunestrant	inhibits	ABCB1
Odevixibat	inhibits	SLC10A2
Levoketoconazole	inhibits	CYP11B1
Fostamatinib	inhibits	NIM1K
Fosphenytoin	inhibits	UGT1A9
Dronabinol	inhibits	PTGS1
Fenofibrate	inhibits	CYP2C19
Cyclosporine	inhibits	PPP3R2
Sennoside A	inhibits	Solute carrier organic anion transporter family member 1B1
Rifabutin	inhibits	rpoB
Frusemide	inhibits	Solute carrier organic anion transporter family member 1B1
Bergapten	inhibits	Cytochrome P450 2C9
Sildenafil	inhibits	CYP2C9
Venetoclax	inhibits	ABCG2
Dolutegravir	inhibits	SLC22A8
Ibuprofen	inhibits	CXCR1
Samidorphan	inhibits	OPRM1
Cabazitaxel	inhibits	ABCB1
GLPG-0259	inhibits	MAP kinase-activated protein kinase 5
Lenvatinib	inhibits	FGFR1
Tibolone	inhibits	ESR1
Quinidine	inhibits	ABCB11
Terazosin	inhibits	ADRA1B
Dextromethorphan	inhibits	CYP19A1
Naproxen	inhibits	PTGS1
Tramadol	inhibits	CHRM1
Clomipramine	inhibits	HTR2B
Pitavastatin	inhibits	SLCO1B1
Clozapine	inhibits	HTR1A
Sodium citrate	inhibits	CA4
Pimozide	inhibits	DRD2
Ethambutol	inhibits	CYP2D6
TRICIRIBINE PHOSPHATE	inhibits	Serine/threonine-protein kinase AKT
Dextromethorphan	inhibits	CHRNB2
Finasteride	inhibits	Cytochrome P450 2C19
Tetracycline	inhibits	PRNP
Promethazine	inhibits	HRH1
cholate	inhibits	Solute carrier organic anion transporter family member 1B1
Maralixibat	inhibits	SLC10A2
Amlodipine	inhibits	CYP2C9
Fostamatinib	inhibits	COQ8B
Futibatinib	inhibits	FGFR3
Valproic acid	inhibits	ABAT
Belumosudil	inhibits	CYP1A2
Primidone	inhibits	CHRNA7
Telotristat ethyl	inhibits	CYP2C9
Luteolin 7-disulfoglucoside	inhibits	Cytochrome P450 1B1
Doxazosin	inhibits	ABCB1
Resmetirom	inhibits	ABCB11
Telithromycin	inhibits	CYP3A4
Selumetinib	inhibits	MAP2K1
SIMUROSERTIB	inhibits	Cell division cycle 7-related protein kinase
HMN-214	inhibits	Serine/threonine-protein kinase PLK1
4-Aminobenzoic acid	inhibits	Solute carrier organic anion transporter family member 1B1
Asciminib	inhibits	CYP2C9
Ixabepilone	inhibits	ABCB1
Famotidine	inhibits	SLC22A2
Semaglutide	inhibits	LPL
Cefdinir	inhibits	SLC22A5
Amiodarone	inhibits	ABCB11
Ubrogepant	inhibits	CALCRL
Osilodrostat	inhibits	SLC22A1
Dicoumarol	inhibits	VKORC1
Sorafenib	inhibits	FLT3
Apixaban	inhibits	F10
Fluphenazine	inhibits	DRD1
Reserpine	inhibits	SLCO1B1
Nisoldipine	inhibits	ABCB1
REBIMASTAT	inhibits	Matrix metalloproteinase-14
Clofarabine	inhibits	RRM1
Solifenacin	inhibits	CHRM1
Testosterone undecanoate	inhibits	CYP11A1
Armodafinil	inhibits	CYP2C19
Rebamipide	inhibits	FPR1
Promethazine	inhibits	CYP2D6
Risperidone	inhibits	Cytochrome P450 2C19
Fostamatinib	inhibits	LCK
GSK-690693	inhibits	Serine/threonine-protein kinase AKT
FIC	inhibits	Solute carrier organic anion transporter family member 1B1
Propylthiouracil	inhibits	MPO
Haloperidol	inhibits	MCHR1
Acetazolamide	inhibits	CA2
Pralsetinib	inhibits	CYP2C9
Erythromycin	inhibits	SLCO1B3
Dicoumarol	inhibits	Cytochrome P450 2C19
Fostamatinib	inhibits	MKNK2
Fostamatinib	inhibits	MAP3K1
Maltol	inhibits	Solute carrier organic anion transporter family member 1B1
Xanthotoxin	inhibits	Cytochrome P450 1A1
Isoniazid	inhibits	CYP2C8
Rilpivirine	inhibits	gag-pol
UPADACITINIB HEMIHYDRATE	inhibits	Tyrosine-protein kinase JAK3
Urocanic acid	inhibits	Cytochrome P450 3A4
Axitinib	inhibits	ABCB1
Roxadustat	inhibits	EGLN3
Rabeprazole	inhibits	CYP1A2
Rucaparib	inhibits	UGT1A1
Eupatorin	inhibits	Solute carrier organic anion transporter family member 1B3
Palbociclib	inhibits	SLC22A1
Indinavir	inhibits	CYP3A5
Neotigonenin	inhibits	Solute carrier organic anion transporter family member 1B3
Nitazoxanide	inhibits	por
Enasidenib	inhibits	SLC22A8
Chlorpheniramine	inhibits	HRH1
Fostamatinib	inhibits	MAP3K15
Ritlecitinib	inhibits	TEC
Umbelliferone	inhibits	Solute carrier organic anion transporter family member 1B3
Tolmetin	inhibits	MPO
Vanzacaftor	inhibits	ABCG2
Dolasetron	inhibits	HTR3A
Zonisamide	inhibits	CA7
7-Isopropyl-1,4-dimethylazulene	inhibits	Solute carrier organic anion transporter family member 1B3
Dasatinib	inhibits	EPHB4
Carvedilol	inhibits	ADRA1A
Simeprevir	inhibits	ABCB1
Benzatropine	inhibits	CHRM1
Dihydrocinchonine	inhibits	Cytochrome P450 2D6
Ketoprofen	inhibits	SLCO1A2
Isradipine	inhibits	CACNA2D1
Aprocitentan	inhibits	CYP2C19
Acalabrutinib	inhibits	BTK
Loracarbef	inhibits	pbp3
trans-resveratrol	inhibits	Cytochrome P450 3A4
Fedratinib	inhibits	POU2F2
Cobicistat	inhibits	CYP3A7
Paraxanthine	inhibits	Solute carrier organic anion transporter family member 1B3
Triclabendazole	inhibits	CYP2C8
Dalteparin	inhibits	VEGFA
Paltusotine	inhibits	SLC47A1
Fostamatinib	inhibits	STK17A
Daclatasvir	inhibits	ABCG2
Olutasidenib	inhibits	SLCO1B1
Belumosudil	inhibits	UGT1A1
Benzhydrocodone	inhibits	OPRM1
C.I. Acid Green 50	inhibits	Cytochrome P450 2C9
Nevirapine	inhibits	pol
Bosutinib	inhibits	CYP3A4
Baricitinib	inhibits	JAK2
Dienogest	inhibits	AR
Lomefloxacin	inhibits	TOP2A
Letrozole	inhibits	CYP2A6
Dronabinol	inhibits	ABCC1
Zonisamide	inhibits	CA9
Formononetin	inhibits	Solute carrier organic anion transporter family member 1B3
Latex	inhibits	Cytochrome P450 2C19
Belumosudil	inhibits	CYP2C19
Emodin	inhibits	Cytochrome P450 2C9
Lacosamide	inhibits	SCN11A
Allantoin	inhibits	Solute carrier organic anion transporter family member 1B3
Atorvastatin	inhibits	Cytochrome P450 3A4
AZD-1208	inhibits	Serine/threonine-protein kinase PIM
Rilpivirine	inhibits	SCN10A
Periciazine	inhibits	DRD1
Crizotinib	inhibits	CYP2B6
Cholic Acid	inhibits	SLC10A1
Trihexyphenidyl	inhibits	CHRM4
Gossypol	inhibits	Solute carrier organic anion transporter family member 1B3
Finasteride	inhibits	AKR1D1
Quetiapine	inhibits	ADRA1A
Carbinoxamine	inhibits	HRH1
Stanozolol	inhibits	Cytochrome P450 2C19
Losartan	inhibits	CYP2C8
cholate	inhibits	Solute carrier organic anion transporter family member 1B3
Erythromycin	inhibits	KCNH2
Salbutamol	inhibits	Cytochrome P450 2D6
Nicotine	inhibits	MAOA
Fostamatinib	inhibits	CAMK1
Methacholine	inhibits	SLC22A5
Pentosan polysulfate	inhibits	FGF4
Cenobamate	inhibits	CYP2C19
Amlodipine	inhibits	CYP2B6
trans-Neochlorogenic acid	inhibits	Solute carrier organic anion transporter family member 1B1
Bezafibrate	inhibits	CYP2C8
Milnacipran	inhibits	CYP3A4
Ceftibuten	inhibits	SLC15A2
Entrectinib	inhibits	ALK
Tedizolid phosphate	inhibits	MAOB
Lumiracoxib	inhibits	PTGS1
Nefazodone	inhibits	SLC6A3
Cephalexin	inhibits	SLC15A2
Spironolactone	inhibits	CYP11B2
Probenecid	inhibits	ABCC4
2-Methylthioribosyl-trans-zeatin	inhibits	Cytochrome P450 3A4
Tezacaftor	inhibits	ABCG2
CEP-1347	inhibits	Mitogen-activated protein kinase kinase kinase 11
Estradiol valerate	inhibits	SLC22A3
Desloratadine	inhibits	ABCB1
Ficus Latex peptide 1	inhibits	Solute carrier organic anion transporter family member 1B3
Amlodipine	inhibits	CYP3A4
Chrysin	inhibits	Cytochrome P450 2C9
Clemastine	inhibits	HRH1
cis-[6]-Shogaol	inhibits	Cytochrome P450 2B6
Pemigatinib	inhibits	FGFR4
Taletrectinib	inhibits	NTRK1
Probenecid	inhibits	ABCC5
Rasagiline	inhibits	MAOB
Prednisolone acetate	inhibits	SLCO1A2
Amiloride	inhibits	PLAU
Romidepsin	inhibits	SLCO1B1
Mitotane	inhibits	AR
Nicardipine	inhibits	CACNA1I
Cannabidiol	inhibits	CYP3A5
Cyclobenzaprine	inhibits	SLC6A2
Simeprevir	inhibits	SLCO1B3
Lapatinib	inhibits	EEF2K
Amitriptyline	inhibits	SLC6A2
Acetylsalicylic acid	inhibits	EDNRA
Enalapril	inhibits	SLC15A1
Polyethylene glycol	inhibits	ABCB1
Danazol	inhibits	Solute carrier organic anion transporter family member 1B3
Bromotheophylline	inhibits	ADORA1
Glutathione	inhibits	Solute carrier organic anion transporter family member 1B1
LB-100	inhibits	Serine/threonine-protein phosphatase 5
Ranolazine	inhibits	SLC47A2
Sulfadiazine	inhibits	Solute carrier organic anion transporter family member 1B1
Luteolin 7-diglucoside	inhibits	Cytochrome P450 1A2
Cefprozil	inhibits	ponA
Baicalein	inhibits	Cytochrome P450 2C19
Isoliquiritigenin	inhibits	Cytochrome P450 2C19
Cannabidiol	inhibits	ABCG2
Fentanyl	inhibits	ABCB1
Eliglustat	inhibits	CYP2D6
CERDULATINIB	inhibits	Non-receptor tyrosine-protein kinase TYK2
Iloperidone	inhibits	HTR2C
Vimseltinib	inhibits	SLC47A1
Haloperidol	inhibits	GRIN2B
Simvastatin	inhibits	CES2
Nifedipine	inhibits	CACNA1C
Fostamatinib	inhibits	RPS6KA6
Fostamatinib	inhibits	MAPK13
Lamotrigine	inhibits	HTR3A
Stigmasterol	inhibits	Solute carrier organic anion transporter family member 1B3
Progesterone	inhibits	CYP2C9
Cimetidine	inhibits	CYP1A2
6-hydroxy-1-methyl-1,2,3,4-tetrahydro-beta-carboline	inhibits	Solute carrier organic anion transporter family member 1B1
Fexinidazole	inhibits	SLC22A8
Minocycline	inhibits	MAPK1
ferulate	inhibits	Solute carrier organic anion transporter family member 1B1
Itraconazole	inhibits	CYP3A7
Cefoperazone	inhibits	dacC
Buprenorphine	inhibits	CYP2D6
Phentermine	inhibits	SLC6A2
Genkwanin	inhibits	Cytochrome P450 1B1
Lamotrigine	inhibits	DRD1
Suzetrigine	inhibits	CYP2C8
Nicotine	inhibits	SLC22A2
Pentoxyverine	inhibits	KCNH2
Ibrexafungerp	inhibits	GSC2
Brexpiprazole	inhibits	ADRA1D
Herniarin	inhibits	Solute carrier organic anion transporter family member 1B3
Methotrimeprazine	inhibits	DRD3
Olanzapine	inhibits	ADRA1A
Vinblastine	inhibits	ABCC2
Linagliptin	inhibits	CYP3A4
XL-418	inhibits	Ribosomal protein S6 kinase (P70S6K)
Isoniazid	inhibits	CYP3A4
Clarithromycin	inhibits	CYP3A5
Dimenhydrinate	inhibits	HRH1
BINIMETINIB	inhibits	Dual specificity mitogen-activated protein kinase kinase 1
Aminoglutethimide	inhibits	CYP19A1
Letermovir	inhibits	CYP2C8
Deferasirox	inhibits	UGT1A1
Leniolisib	inhibits	PIK3CD
Fostamatinib	inhibits	CDK1
Caffeic acid	inhibits	Solute carrier organic anion transporter family member 1B3
Mavorixafor	inhibits	CYP3A5
Nintedanib	inhibits	SRC
Gefitinib	inhibits	CYP3A4
Clarithromycin	inhibits	ABCB1
Bosutinib	inhibits	MAP2K1
Propafenone	inhibits	ABCB1
Domperidone	inhibits	DRD3
Promethazine	inhibits	CHRM2
Reserpine	inhibits	ABCC2
Fenugrin E	inhibits	Solute carrier organic anion transporter family member 1B1
Digitoxin	inhibits	ATP1B2
Disopyramide	inhibits	KCND3
Reserpine	inhibits	ABCB1
(-)-Arctigenin	inhibits	Cytochrome P450 2C19
Tenofovir alafenamide	inhibits	pol
Sulpiride	inhibits	DRD2
Verapamil	inhibits	ABCC4
Chlorpromazine	inhibits	ADRA2A
Elinzanetant	inhibits	CYP3A4
Nilvadipine	inhibits	CYP2A6
Desipramine	inhibits	CHRM5
Orcein	inhibits	Cytochrome P450 2C9
Regorafenib	inhibits	ABL1
2,4-Dichlorophenoxyacetic acid	inhibits	Solute carrier organic anion transporter family member 1B1
6-Hydroxyluteolin 6,7,3',4'-tetramethyl ether	inhibits	Cytochrome P450 1A2
Omadacycline	inhibits	rpsS
Carminic acid	inhibits	Solute carrier organic anion transporter family member 1B3
ISPINESIB	inhibits	Kinesin-like protein KIF11
Fostamatinib	inhibits	MAP3K9
Delavirdine	inhibits	CYP2D6
Elafibranor	inhibits	ABCG2
Metoclopramide	inhibits	DRD2
Imatinib	inhibits	PDGFRB
Estradiol cypionate	inhibits	SLCO2B1
17alpha-ethynylestradiol	inhibits	Cytochrome P450 3A4
Linagliptin	inhibits	SLC22A2
Lapatinib	inhibits	CYP3A4
DIROXIMEL FUMARATE	inhibits	Kelch-like ECH-associated protein 1
Axitinib	inhibits	KDR
Chlorpromazine	inhibits	KCNH2
Eplerenone	inhibits	NR3C2
Phlorizin	inhibits	Solute carrier organic anion transporter family member 1B3
Brensocatib	inhibits	SLCO1B1
Linzagolix	inhibits	CYP2C8
Olanzapine	inhibits	Cytochrome P450 2D6
Rosuvastatin	inhibits	ITGAL
Felodipine	inhibits	NR3C2
Luteolin 7-rhamnosylglucoside	inhibits	Cytochrome P450 1A1
Escitalopram	inhibits	Cytochrome P450 2C9
Dronedarone	inhibits	SCN5A
Ginkgo biloba	inhibits	PLA2G2A
Omeprazole, BAN, INN, JAN, USA	inhibits	Cytochrome P450 3A4
Sotorasib	inhibits	ABCB1
Enzalutamide	inhibits	CYP2C8
Ebastine	inhibits	HRH1
Olaparib	inhibits	CYP3A4
Zafirlukast	inhibits	ABCG2
Emodin	inhibits	Cytochrome P450 3A4
Diltiazem	inhibits	ABCB1
Erdafitinib	inhibits	FGFR2
Ritonavir	inhibits	SLCO1B3
Digoxin	inhibits	CYP11A1
Isosafrole	inhibits	Solute carrier organic anion transporter family member 1B3
L-Quebrachitol	inhibits	Solute carrier organic anion transporter family member 1B1
Pacritinib	inhibits	JAK2
Nilvadipine	inhibits	CACNB2
Monodehydro-L-ascorbic acid	inhibits	Solute carrier organic anion transporter family member 1B1
Propylthiouracil	inhibits	DBH
DEURUXOLITINIB PHOSPHATE	inhibits	Tyrosine-protein kinase JAK3
cis-Ferulic acid	inhibits	Solute carrier organic anion transporter family member 1B1
Donepezil	inhibits	TNFAIP6
Cortisone	inhibits	Cytochrome P450 3A4
Levoketoconazole	inhibits	SLC47A1
Pemetrexed	inhibits	TMP1
Fostamatinib	inhibits	MAP4K3
Ligustilide	inhibits	Solute carrier organic anion transporter family member 1B1
Istradefylline	inhibits	SLC47A1
Quinine	inhibits	SLC22A2
Abiraterone	inhibits	ABCC1
Finasteride	inhibits	Cytochrome P450 2C9
Guaifenesin	inhibits	Solute carrier organic anion transporter family member 1B3
Flurbiprofen	inhibits	SLC22A6
Nilotinib	inhibits	CSF3R
Gabapentin	inhibits	BCAT1
ASCIMINIB HYDROCHLORIDE	inhibits	Bcr/Abl fusion protein
Itraconazole	inhibits	CYP3A4
Belumosudil	inhibits	UGT1A9
2-alpha-hydroxy-3-beta-{[(2Z)-3-phenyl-1-oxo-2-propenyl]oxy}olean-12-en-28-oic acid	inhibits	Solute carrier organic anion transporter family member 1B1
Brompheniramine	inhibits	CHRM1
SELPERCATINIB	inhibits	Coiled-coil domain-containing protein 6/Tyrosine-protein kinase receptor RET
Tryptamine	inhibits	Solute carrier organic anion transporter family member 1B1
Arabinan	inhibits	Solute carrier organic anion transporter family member 1B1
Tapentadol	inhibits	SLC6A2
Phellopterin	inhibits	Cytochrome P450 2C19
Solifenacin	inhibits	CHRM4
Verapamil	inhibits	ABCC1
Cyclosporine	inhibits	ABCG2
Ponatinib	inhibits	KDR
Pizotifen	inhibits	CHRM1
Dalfampridine	inhibits	KCND2
Clozapine	inhibits	ADRA2B
Olsalazine	inhibits	ATP1A1
Valdecoxib	inhibits	PTGS2
Progesterone	inhibits	Cytochrome P450 3A4
Tomatine	inhibits	Solute carrier organic anion transporter family member 1B3
Tiotropium	inhibits	CHRM2
Givinostat	inhibits	HDAC1
Vorinostat	inhibits	HDAC2
Erlotinib	inhibits	SLCO2B1
4-Methylphenol	inhibits	Solute carrier organic anion transporter family member 1B1
Pantoprazole	inhibits	CYP2C19
Tolmetin	inhibits	PTGS1
Everolimus	inhibits	MTOR
(3'RS,3'SR)-Astaxanthin	inhibits	Solute carrier organic anion transporter family member 1B3
Olmesartan	inhibits	ABCB11
Letermovir	inhibits	SLC22A8
Zanubrutinib	inhibits	TXK
Alpelisib	inhibits	ABCB1
Saccharin	inhibits	Solute carrier organic anion transporter family member 1B1
Mefloquine	inhibits	CYP19A1
Ceftibuten	inhibits	SLC22A8
Brincidofovir	inhibits	CYP2C9
Stigmasterol	inhibits	Solute carrier organic anion transporter family member 1B1
Darolutamide	inhibits	AR
Vandetanib	inhibits	TEK
BEMCENTINIB	inhibits	Tyrosine-protein kinase receptor UFO
Verapamil	inhibits	KCNH2
1,2,3,4-Tetrahydro-beta-carboline	inhibits	Solute carrier organic anion transporter family member 1B1
Tetracycline	inhibits	rpsH
Vimseltinib	inhibits	SLC47A2
N-Methyl-D-aspartic acid	inhibits	Solute carrier organic anion transporter family member 1B3
Fostamatinib	inhibits	LIMK1
Abrocitinib	inhibits	JAK1
Stigmasta-4-22-dien-3-one	inhibits	Solute carrier organic anion transporter family member 1B3
Daidzein	inhibits	Solute carrier organic anion transporter family member 1B1
Hydroflumethiazide	inhibits	CA12
Abemaciclib	inhibits	ABCB1
Brexpiprazole	inhibits	ADRA2C
Dasatinib	inhibits	LCK
Rhapontin	inhibits	Solute carrier organic anion transporter family member 1B3
2'-Hydroxy-4',6'-dimethoxychalcone	inhibits	Solute carrier organic anion transporter family member 1B1
Ubiquinone 10	inhibits	Solute carrier organic anion transporter family member 1B1
Miltefosine	inhibits	PLA2G1B
Iloperidone	inhibits	HTR2A
Rucaparib	inhibits	CYP2C8
Quinine	inhibits	SLC22A1
Bemiparin	inhibits	SERPINC1
Flupentixol	inhibits	DRD1
Fostamatinib	inhibits	EPHA8
Heparin	inhibits	F10
Kinetin	inhibits	Cytochrome P450 3A4
Carvedilol	inhibits	KCNJ2
Ibuprofen	inhibits	SLC22A8
Prazosin	inhibits	ADRA1A
Valproic acid	inhibits	SLCO2B1
Infigratinib	inhibits	SLC47A1
Rosiglitazone	inhibits	CYP2C8
Phenytoin	inhibits	SCN1A
Zonisamide	inhibits	SCN3B
RITLECITINIB	inhibits	Tyrosine-protein kinase JAK3
Osilodrostat	inhibits	CYP2D6
Verapamil	inhibits	SLC47A1
RAZUPROTAFIB	inhibits	Receptor-type tyrosine-protein phosphatase beta
Enalapril	inhibits	ACE
Irbesartan	inhibits	CYP3A4
Venetoclax	inhibits	BCL2
Clotrimazole	inhibits	Cytochrome P450 1A2
Fostamatinib	inhibits	DAPK3
Entacapone	inhibits	COMT
Cariprazine	inhibits	ADRA1A
Etoricoxib	inhibits	PTGS2
Oxtriphylline	inhibits	PDE3A
Etoposide	inhibits	ABCC1
Nilvadipine	inhibits	CACNA1D
(3S,3'S)-Astaxanthin	inhibits	Solute carrier organic anion transporter family member 1B3
Cabazitaxel	inhibits	SLCO1B1
Fostamatinib	inhibits	CAMK2D
Olaparib	inhibits	PARP3
Fostamatinib	inhibits	PLK4
Xanthotoxin	inhibits	Solute carrier organic anion transporter family member 1B3
Doxepin	inhibits	SLC6A2
Spironolactone	inhibits	SLCO1A2
Bumetanide	inhibits	CFTR
Pralsetinib	inhibits	ABCG2
Tranylcypromine	inhibits	CYP3A4
Dextromethorphan	inhibits	CHRNA7
Telotristat ethyl	inhibits	CYP2D6
Tepotinib	inhibits	NISCH
Abiraterone	inhibits	CYP1A2
Venlafaxine	inhibits	SLC6A4
Regorafenib	inhibits	UGT1A9
Dipyridamole	inhibits	SLCO1B3
Oxytetracycline	inhibits	SLC22A6
(3'RS,3'SR)-Astaxanthin	inhibits	Solute carrier organic anion transporter family member 1B1
Cannabidiol	inhibits	HTR3A
Gilteritinib	inhibits	FLT3
Sennosides	inhibits	pol
Varenicline	inhibits	SLC22A2
Legumelin	inhibits	Solute carrier organic anion transporter family member 1B1
Modafinil	inhibits	CYP2C19
Nortriptyline	inhibits	SLC6A2
Nicardipine	inhibits	ADRA1B
Dasatinib	inhibits	ABCB1
Phenytoin	inhibits	CACNA1C
Sunitinib	inhibits	KDR
Carvedilol	inhibits	ADRA2B
alpha-Humulene	inhibits	Solute carrier organic anion transporter family member 1B3
Didanosine	inhibits	gag-pol
Propranolol	inhibits	ADRB2
Dronedarone	inhibits	CACNA1D
Fostamatinib	inhibits	ULK3
Diosmin	inhibits	CYP3A4
Pirtobrutinib	inhibits	ABCG2
Infigratinib	inhibits	ABCB11
Loxapine	inhibits	HTR2A
Amisulpride	inhibits	HTR2A
Bilirubin	inhibits	Solute carrier organic anion transporter family member 1B1
Ticlopidine	inhibits	CYP2E1
Pantoprazole	inhibits	Solute carrier organic anion transporter family member 1B3
Fostamatinib	inhibits	PAK6
Romidepsin	inhibits	HDAC6
Nonivamide	inhibits	Cytochrome P450 2C9
Nitrazepam	inhibits	GABRA1
Fostamatinib	inhibits	PHKG1
Disopyramide	inhibits	SLC22A2
7-Methylchrysin	inhibits	Cytochrome P450 3A4
Estradiol acetate	inhibits	SLCO1A2
Imatinib	inhibits	ABL1
Viloxazine	inhibits	HTR2B
Regorafenib	inhibits	CYP2C9
Sphondin	inhibits	Cytochrome P450 1A1
Arabinan	inhibits	Solute carrier organic anion transporter family member 1B3
Rifamycin	inhibits	SLCO1A2
Nilotinib	inhibits	CYP2C8
Omaveloxolone	inhibits	KEAP1
Dipyridamole	inhibits	PDE10A
Fostamatinib	inhibits	LTK
Lazertinib	inhibits	UGT1A1
Cabergoline	inhibits	ADRA2C
Nerandomilast	inhibits	SLC47A1
Indomethacin	inhibits	PTGR2
Metformin	inhibits	SLC22A2
Silodosin	inhibits	ADRA1D
Ampicillin	inhibits	pbp2a
VANDETANIB	inhibits	Proto-oncogene tyrosine-protein kinase Src
Mercaptopurine	inhibits	SLC22A8
Phenobarbital	inhibits	CHRNA4
Vindesine	inhibits	TUBB1
Ketoconazole	inhibits	CYP11B1
Chlorpromazine	inhibits	ADRA1A
Amiodarone	inhibits	CYP2D6
7-Methylchrysin	inhibits	Cytochrome P450 2C9
Voclosporin	inhibits	ABCB1
DOVITINIB	inhibits	Receptor-type tyrosine-protein kinase FLT3
Cabotegravir	inhibits	pol
FEDRATINIB	inhibits	Tyrosine-protein kinase JAK2
Dasabuvir	inhibits	ABCG2
trans-2-Methoxycinnamic acid	inhibits	Solute carrier organic anion transporter family member 1B1
Dexamethasone	inhibits	CYP3A4
Pimpinellidine	inhibits	Solute carrier organic anion transporter family member 1B3
Verapamil	inhibits	ADRA1D
Sunitinib	inhibits	CSF1R
Ketamine	inhibits	CHRNA7
Temsirolimus	inhibits	CYP2D6
Fostamatinib	inhibits	MAPK15
Chlorpromazine	inhibits	HTR2A
Dexlansoprazole	inhibits	CYP2C19
Desipramine	inhibits	CYP2B6
Ivacaftor	inhibits	CYP3A4
Encorafenib	inhibits	LIMK2
MEPAZINE ACETATE	inhibits	Mucosa-associated lymphoid tissue lymphoma translocation protein 1
Fluvoxamine	inhibits	CYP2C19
Encorafenib	inhibits	SLCO1B3
Lenvatinib	inhibits	FLT1
Nobiletin	inhibits	Solute carrier organic anion transporter family member 1B1
Fostamatinib	inhibits	NUAK2
Furosemide	inhibits	SLC22A5
Tamarixetin	inhibits	Cytochrome P450 1A1
Istradefylline	inhibits	SLCO1B3
Fostamatinib	inhibits	MAST1
Fluoxetine	inhibits	ABCB1
Mesalazine	inhibits	IKBKB
Risperidone	inhibits	ADRA2B
(3beta,5beta,8beta,22E,24xi)-Ergosta-6,22-diene-3,5,8-triol	inhibits	ATP-dependent translocase ABCB1
Tecovirimat	inhibits	ABCG2
Cetirizine	inhibits	HRH1
Reserpine	inhibits	SLC18A2
Regorafenib	inhibits	FGFR2
Ursodeoxycholic acid	inhibits	AKR1C2
Bempedoic acid	inhibits	ACLY
Triflusal	inhibits	PTGS1
L-Quebrachitol	inhibits	Solute carrier organic anion transporter family member 1B3
Trazodone	inhibits	HRH1
RUSERONTINIB	inhibits	Receptor-type tyrosine-protein kinase FLT3
Ibuprofen	inhibits	CXCL8
Methazolamide	inhibits	CA2
Midostaurin	inhibits	CYP2D6
Levomilnacipran	inhibits	SLC6A2
Citicoline	inhibits	Solute carrier organic anion transporter family member 1B1
Trametinib	inhibits	MAP2K1
Baricitinib	inhibits	JAK3
Thalidomide	inhibits	CYP2C19
Ritonavir	inhibits	ABCC1
Baricitinib	inhibits	SLC22A2
Memantine	inhibits	DRD2
Lenvatinib	inhibits	CYP1A2
Phenytoin	inhibits	CYP2C9
N-acetyl-β-D-glucosamine	inhibits	Solute carrier organic anion transporter family member 1B3
Tolbutamide	inhibits	SLC15A2
Isorhamnetin	inhibits	Cytochrome P450 1A2
Telmisartan	inhibits	ABCB1
Norfloxacin	inhibits	SLC22A6
Zonisamide	inhibits	CA1
Cannabidiol	inhibits	CYP2B6
Tibolone	inhibits	STS
Fingolimod	inhibits	SPHK1
Sertraline	inhibits	PGRMC1
Tetracycline	inhibits	SLCO2B1
Daclatasvir	inhibits	ABCB1
SUNITINIB MALATE	inhibits	Receptor-type tyrosine-protein kinase FLT3
Indomethacin	inhibits	CYP2C19
Probenecid	inhibits	ABCC2
TALETRECTINIB	inhibits	Proto-oncogene tyrosine-protein kinase ROS
Theophylline	inhibits	PDE5A
Ginkgolide A	inhibits	Solute carrier organic anion transporter family member 1B1
Ethambutol	inhibits	embC
IMATINIB MESYLATE	inhibits	Bcr/Abl fusion protein
Chlorcyclizine	inhibits	HRH1
Venetoclax	inhibits	ABCB1
Isopimpinellin	inhibits	Cytochrome P450 1A2
Sertraline	inhibits	SLC6A4
Triamterene	inhibits	Solute carrier organic anion transporter family member 1B1
DASATINIB ANHYDROUS	inhibits	Tyrosine-protein kinase ABL1
Bumetanide	inhibits	SLC22A7
Ibandronate	inhibits	GGPS1
Fostamatinib	inhibits	STK24
Alvimopan	inhibits	OPRK1
Nicardipine	inhibits	ABCB1
Quinidine	inhibits	KCNH2
Lofexidine	inhibits	SLC47A1
Chloroquine	inhibits	ABCB1
Zonisamide	inhibits	CACNA1G
Liotrix	inhibits	SLCO1C1
Meclofenamic acid	inhibits	PTGS2
Primaquine	inhibits	NQO2
Linzagolix	inhibits	SLCO1B1
Methoxsalen	inhibits	CYP2A6
Rifamycin	inhibits	SLCO1B1
E-6201	inhibits	Mitogen-activated protein kinase kinase kinase 1
Kaempferide	inhibits	Cytochrome P450 1A1
Tacrolimus	inhibits	SLCO1B1
3,4-Dimethoxybenzoic acid	inhibits	Solute carrier organic anion transporter family member 1B3
Atogepant	inhibits	SLCO1B3
Darifenacin	inhibits	CHRM1
Fostamatinib	inhibits	PAK1
N-acetyl-serotonin	inhibits	Solute carrier organic anion transporter family member 1B1
Aripiprazole	inhibits	DRD5
Esomeprazole	inhibits	ATP4A
Fostamatinib	inhibits	TIE1
Sulpiride	inhibits	DRD3
TAK-285	inhibits	Receptor tyrosine-protein kinase erbB-2
Ethoxyquin	inhibits	Cytochrome P450 2D6
Indomethacin	inhibits	UGT2B7
Etacrynic acid	inhibits	SLC12A1
Moxifloxacin	modulates	gyrB
Remimazolam	modulates	GABRA1
Dolutegravir	modulates	gag-pol
Pacritinib	modulates	JAK3
Amphetamine	modulates	SLC6A3
Minocycline	modulates	CASP3
Rilmenidine	modulates	ADRA2C
Nirogacestat	modulates	APH1A
Ganaxolone	modulates	GABRA1
Chlordiazepoxide	modulates	TSPO
Ciprofloxacin	modulates	gyrA
Flumazenil	modulates	GABRG3
Metformin	modulates	SLC47A1
Flumazenil	modulates	GABRA1
Ranolazine	modulates	PLG
Galantamine	modulates	CHRNA7
Aminosalicylic acid	modulates	PTGS1
Vardenafil	modulates	PDE6G
Avutometinib	modulates	RAF1
Chloroquine	modulates	ACE2
Halofantrine	modulates	CALM2
Zinc sulfate, unspecified form	modulates	C1QB
Atazanavir	modulates	gag-pol
Efavirenz	modulates	gag-pol
Zinc sulfate, unspecified form	modulates	C1S
Primidone	modulates	GABRA1
Stiripentol	modulates	GABRA1
Avutometinib	modulates	ARAF
Epirubicin	modulates	TOP2B
Midazolam	modulates	GABRA1
Ezogabine	modulates	KCNQ3
Etrasimod	modulates	S1PR1
Delavirdine	modulates	gag-pol
Vanzacaftor	modulates	CFTR
Nitroglycerin	modulates	GUCY1B1
Gabapentin enacarbil	modulates	CACNA2D2
Mycophenolate mofetil	modulates	PTGER2
Butalbital	modulates	GABRA1
Flumazenil	modulates	GABRA3
Siponimod	modulates	S1PR5
Tianeptine	modulates	GRIA1
Heparin	modulates	PF4
Vinorelbine	modulates	MAP4
Bupropion	modulates	HTR3A
Avapritinib	modulates	ABCG2
Cloxazolam	modulates	GABRA1
Vericiguat	modulates	GUCY2D
Lorazepam	modulates	GABRA1
Clonazepam	modulates	GABRA1
Cortisone acetate	modulates	ESRRG
Minocycline	modulates	CYCS
Dextroamphetamine	modulates	SLC6A3
Danazol	modulates	GNRHR
Lumacaftor	modulates	CFTR
Zinc sulfate, unspecified form	modulates	C4B
Butabarbital	modulates	GABRA1
Toremifene	modulates	ESR1
Flunitrazepam	modulates	GABRA1
Prazepam	modulates	GABRA1
Bromazepam	modulates	GABRA1
Eszopiclone	modulates	GABRA5
Glyburide	modulates	ABCC9
Zuranolone	modulates	GABRG3
Itraconazole	modulates	ERG11
Hydrochlorothiazide	modulates	ACE
Brexanolone	modulates	GABRA1
Cinolazepam	modulates	GABRA1
Zinc sulfate, unspecified form	modulates	C4BPA
Omeprazole	modulates	ATP4B
Flumazenil	modulates	GABRA2
Vardenafil	modulates	PDE6H
Insulin aspart	modulates	INS
Bisacodyl	modulates	AQP3
Interferon alfa-2b	modulates	IFNA2
Tenofovir disoproxil	modulates	gag-pol
Vonoprazan	modulates	ATP4B
Cannabidiol	modulates	OPRM1
Oxazepam	modulates	GABRA1
Glutethimide	modulates	GABRA1
Aripiprazole	modulates	SLC6A3
Elexacaftor	modulates	CFTR
Lamivudine	modulates	gag-pol
Elvitegravir	modulates	gag-pol
Insulin degludec	modulates	INS
Estradiol cypionate	modulates	CHRNA4
Acetohexamide	modulates	ABCC8
Glyburide	modulates	ABCC8
Trovafloxacin	modulates	gyrB
Baclofen	modulates	CXCR4
Nirogacestat	modulates	NCSTN
Insulin human	modulates	CPE
Midazolam	modulates	TSPO
Stiripentol	modulates	GABRG3
Digoxin	modulates	SLCO4C1
Tipranavir	modulates	gag-pol
Carvedilol	modulates	HIF1A
Carbocisteine	modulates	KEAP1
Siponimod	modulates	S1PR1
Quazepam	modulates	TSPO
Prazosin	modulates	ABCB1
Methotrexate	modulates	SLC46A1
Gemifloxacin	modulates	gyrA
Ponesimod	modulates	S1PR1
Hydroxychloroquine	modulates	ACE2
Eptifibatide	modulates	ITGB3
Theophylline	modulates	RIC3
Phendimetrazine	modulates	SLC6A2
Minocycline	modulates	CASP1
Etrasimod	modulates	S1PR5
Fingolimod	modulates	S1PR5
Trovafloxacin	modulates	gyrA
Nitroglycerin	modulates	GUCY1A1
Lorazepam	modulates	TSPO
Cortisone acetate	modulates	ESRRB
Rufinamide	modulates	SCN9A
Emtricitabine	modulates	gag-pol
Esomeprazole	modulates	ATP4B
Teniposide	modulates	TOP2B
Tamoxifen	modulates	MAPK8
Riociguat	modulates	GUCY2D
Ribavirin	modulates	NT5C2
Benzgalantamine	modulates	CHRNA7
Auranofin	modulates	ESRRB
Cenobamate	modulates	GABRA1
Avapritinib	modulates	ABCB1
Norfloxacin	modulates	gyrB
Fingolimod	modulates	S1PR4
Zinc sulfate, unspecified form	modulates	SHBG
Teriparatide	modulates	PTH
Insulin detemir	modulates	INS
Cannabidiol	modulates	CHRNA7
Nadroparin	modulates	F10
Levofloxacin	modulates	gyrA
Alpelisib	modulates	ESR1
Etrasimod	modulates	S1PR4
Ascorbic acid	modulates	SLC23A2
Avutometinib	modulates	BRAF
Ketazolam	modulates	GABRA1
Urokinase	modulates	PLAUR
Phenylbutyric acid	modulates	PRKCA
Ciprofloxacin	modulates	gyrB
Nirogacestat	modulates	PSENEN
Urokinase	modulates	PLAU
Pregabalin	modulates	CACNA2D1
Vonoprazan	modulates	ATP4A
Prazepam	modulates	TSPO
Zoliflodacin	modulates	gyrB
Melatonin	modulates	CALR
Zolpidem	modulates	GABRG3
Dexamethasone	modulates	NOS2
Eptifibatide	modulates	ITGA2B
Flurazepam	modulates	TSPO
Sildenafil	modulates	SERPING1
Methotrexate	modulates	SLC19A1
Nevirapine	modulates	gag-pol
Trifluoperazine	modulates	XDH
Eletriptan	modulates	HTR2B
Fluphenazine	modulates	HTR1B
Eletriptan	modulates	HTR1E
Clozapine	modulates	GABBR1
Danazol	modulates	GNRHR2
Temazepam	modulates	TSPO
Ginkgo biloba	modulates	GABRB2
Ginkgo biloba	modulates	GABRG2
Hydroxyurea	modulates	RRM2
Triazolam	modulates	TSPO
Lenalidomide	modulates	PTGS2
Carisoprodol	modulates	GABRA1
Ioflupane I-123	modulates	SLC6A3
Cannabidiol	modulates	CNR1
Asciminib	modulates	ABL1
Raltegravir	modulates	gag-pol
Ethchlorvynol	modulates	GABRA1
Carisoprodol	modulates	GABRG2
Estradiol valerate	modulates	NCOA2
Eszopiclone	modulates	GABRA1
Cannabidiol	modulates	GLRA1
Finasteride	modulates	Slc12a5
Minocycline	modulates	IL1B
Aminosalicylic acid	modulates	DHFR
Methyprylon	modulates	GABRA1
Levonorgestrel	modulates	PGR
Promethazine	modulates	LPAR4
Carisoprodol	modulates	GABRB2
Carmustine	modulates	GSR
Pirfenidone	modulates	TGFB1
Meprobamate	modulates	GABRA1
Diazepam	modulates	GABRA1
Zuranolone	modulates	GABRA1
Clozapine	modulates	GABBR2
Auranofin	modulates	ESRRA
Bazedoxifene	modulates	ESR2
Avutometinib	modulates	MAP1A
Dextroamphetamine	modulates	SLC6A2
Zinc sulfate, unspecified form	modulates	FN1
Gemifloxacin	modulates	gyrB
Acetylsalicylic acid	modulates	ABCB1
Oxyphenbutazone	modulates	ALB
Fingolimod	modulates	S1PR1
Pyrimethamine	modulates	FOLR1
Moxifloxacin	modulates	gyrA
Peginterferon alfa-2a	modulates	IFNA2
Zinc sulfate, unspecified form	modulates	SERPINA6
Flurazepam	modulates	GABRA1
Peginterferon alfa-2b	modulates	IFNA2
Acoramidis	modulates	TTR
Gabapentin enacarbil	modulates	SLC5A6
Azathioprine	modulates	RAC1
Ofloxacin	modulates	gyrB
Chloroquine	modulates	ACKR1
Nitrazepam	modulates	GABRA1
Eszopiclone	modulates	GABRA2
Grepafloxacin	modulates	gyrA
Cannabidiol	modulates	OPRD1
Cortisone acetate	modulates	ESRRA
Ulipristal	modulates	PGR
Etrasimod	modulates	S1PR3
Gemfibrozil	substrate_of	UGT2B7
Clopidogrel	substrate_of	CYP1A2
Primidone	substrate_of	CYP2E1
Edaravone	substrate_of	SLC22A6
Clofarabine	substrate_of	ABCG2
Acyclovir	substrate_of	SLC22A1
Carvedilol	substrate_of	UGT2B4
Carboplatin	substrate_of	SLC31A2
Risperidone	substrate_of	CYP2D6
Vamorolone	substrate_of	UGT2B17
Nelfinavir	substrate_of	CYP3A4
Ifosfamide	substrate_of	CYP2A6
Ixazomib	substrate_of	CYP2D6
Chlorzoxazone	substrate_of	CYP2A6
Tamoxifen	substrate_of	SULT1A1
Saquinavir	substrate_of	CYP3A7
Dapsone	substrate_of	FMO3
Promazine	substrate_of	CYP3A4
Lansoprazole	substrate_of	ABCB1
Ixazomib	substrate_of	CYP2B6
Sulfasalazine	substrate_of	ABCG2
Mycophenolate mofetil	substrate_of	UGT2B7
Repaglinide	substrate_of	SLCO1B1
Ubrogepant	substrate_of	ABCG2
Riociguat	substrate_of	CYP3A4
Potassium chloride	substrate_of	SLC12A6
Belzutifan	substrate_of	UGT2B17
Calcium citrate	substrate_of	PKD1L3
Cerivastatin	substrate_of	CYP3A7
Benazepril	substrate_of	SLC15A1
Lopinavir	substrate_of	ORM1
Donepezil	substrate_of	CYP3A4
Paltusotine	substrate_of	UGT1A1
Urokinase	substrate_of	SERPINA5
Fexofenadine	substrate_of	ABCB1
Apremilast	substrate_of	CYP2A6
Spirapril	substrate_of	SLC15A1
Modafinil	substrate_of	CYP3A4
Estradiol valerate	substrate_of	CYP3A4
Levothyroxine	substrate_of	SLCO1B1
Docetaxel	substrate_of	ABCC2
Oseltamivir	substrate_of	SLC22A8
Avacopan	substrate_of	CYP3A4
Fingolimod	substrate_of	SPHK1
Acyclovir	substrate_of	GUK1
Clomipramine	substrate_of	CYP3A4
Lumiracoxib	substrate_of	UGT1A9
Doxorubicin	substrate_of	NOS3
Reserpine	substrate_of	SLC22A2
Apomorphine	substrate_of	CYP2C8
Solifenacin	substrate_of	CYP1A1
Trastuzumab emtansine	substrate_of	ABCB1
Cisapride	substrate_of	CYP3A7
Tolbutamide	substrate_of	CYP2C19
Apixaban	substrate_of	CYP1A2
Chloroquine	substrate_of	CYP3A5
Methotrexate	substrate_of	ABCC11
Paroxetine	substrate_of	CYP3A4
Ferrous sulfate anhydrous	substrate_of	CP
Phenobarbital	substrate_of	CYP2E1
Sertraline	substrate_of	CYP2E1
Fruquintinib	substrate_of	CYP2C9
Sertraline	substrate_of	MAOA
Nitrazepam	substrate_of	CYP3A4
Glecaprevir	substrate_of	SLCO1B1
Ritlecitinib	substrate_of	GSTM3
Spirapril	substrate_of	SLC15A2
Delafloxacin	substrate_of	ABCG2
Clindamycin	substrate_of	CYP3A5
Artemether	substrate_of	CYP3A4
Lumateperone	substrate_of	UGT1A1
Leflunomide	substrate_of	CYP2C9
Mercaptopurine	substrate_of	SLC29A2
L-Acetylleucine	substrate_of	SLC22A8
Heparin	substrate_of	HPSE
Cholic Acid	substrate_of	SLCO1B3
Lacosamide	substrate_of	CYP2C9
Methotrexate	substrate_of	SLC36A1
Edaravone	substrate_of	UGT1A6
Haloperidol	substrate_of	CYP3A4
Norethisterone	substrate_of	ALB
Treprostinil	substrate_of	CYP2C9
Ubidecarenone	substrate_of	HMGCR
Lansoprazole	substrate_of	CYP2C19
Carbamazepine	substrate_of	CYP2C8
Clorazepic acid	substrate_of	CYP3A4
Tenofovir disoproxil	substrate_of	SLC22A8
Rosuvastatin	substrate_of	SLCO1B1
Pemetrexed	substrate_of	SLC22A6
Rufinamide	substrate_of	CES1
Deuruxolitinib	substrate_of	ABCG2
Idelalisib	substrate_of	CYP3A5
Cabazitaxel	substrate_of	CYP3A4
Belzutifan	substrate_of	SLCO1B3
Paroxetine	substrate_of	CYP1A2
Leniolisib	substrate_of	CYP3A4
Cisplatin	substrate_of	MT2A
Valproic acid	substrate_of	UGT1A3
Enzalutamide	substrate_of	CYP2C8
Quinine	substrate_of	CYP2C9
Felbamate	substrate_of	CYP3A4
Pexidartinib	substrate_of	CYP3A4
Erythromycin	substrate_of	ABCB1
Methyldopa	substrate_of	PNMT
Pravastatin	substrate_of	SLC22A7
Carvedilol	substrate_of	CYP2D6
Zinc sulfate, unspecified form	substrate_of	SLC39A9
Methadone	substrate_of	CYP2C18
Pirtobrutinib	substrate_of	ABCG2
Doxorubicin	substrate_of	ABCB1
Estradiol cypionate	substrate_of	CYP2C8
Opium	substrate_of	CYP3A4
Aprepitant	substrate_of	CYP3A4
Lonafarnib	substrate_of	CYP2E1
Drospirenone	substrate_of	PON1
Methotrexate	substrate_of	FOLR1
Sevabertinib	substrate_of	CYP3A4
Elafibranor	substrate_of	UGT1A4
Erlotinib	substrate_of	CYP1B1
Triclabendazole	substrate_of	CYP2C9
Risdiplam	substrate_of	CYP3A4
Mirabegron	substrate_of	SLC22A1
Estradiol acetate	substrate_of	CYP2C9
Capivasertib	substrate_of	UGT2B7
Apixaban	substrate_of	CYP3A5
Argatroban	substrate_of	CYP3A5
Elagolix	substrate_of	ABCB1
Brexpiprazole	substrate_of	CYP3A4
Biotin	substrate_of	SLC5A8
Hydroxychloroquine	substrate_of	CYP2C8
Vardenafil	substrate_of	CYP3A4
Lisinopril	substrate_of	SLC15A1
Insulin human	substrate_of	IDE
Gepotidacin	substrate_of	ABCG2
Polythiazide	substrate_of	SLC22A6
Vortioxetine	substrate_of	CYP2B6
Iloprost	substrate_of	SLCO2A1
Ganaxolone	substrate_of	CYP3A4
Samidorphan	substrate_of	CYP2C19
Prednisolone phosphate	substrate_of	SLC22A8
Trifluridine	substrate_of	SLC28A1
Betrixaban	substrate_of	ABCB1
Citalopram	substrate_of	CYP2C19
Hydroxyurea	substrate_of	ureC
Mirtazapine	substrate_of	CYP3A4
Cyclophosphamide	substrate_of	CYP2A6
Febuxostat	substrate_of	UGT1A3
Thiothixene	substrate_of	CYP1A2
Procarbazine	substrate_of	XDH
Etoposide	substrate_of	ABCC3
Acalabrutinib	substrate_of	CYP3A4
Azathioprine	substrate_of	HPRT1
Dapsone	substrate_of	CYP2C9
Norgestrel	substrate_of	CYP3A4
Ethinylestradiol	substrate_of	SULT1E1
Paricalcitol	substrate_of	CYP24A1
Repaglinide	substrate_of	CYP2C8
Esomeprazole	substrate_of	CYP2C19
Asciminib	substrate_of	CYP3A4
Nerandomilast	substrate_of	ABCB1
Mercaptopurine	substrate_of	XDH
Flurbiprofen	substrate_of	UGT1A1
Lamotrigine	substrate_of	ALB
Brentuximab vedotin	substrate_of	ABCB5
Nerandomilast	substrate_of	CYP3A4
Fostemsavir	substrate_of	CYP3A4
Norethisterone	substrate_of	SRD5A1
Liothyronine	substrate_of	SLC10A1
Ketamine	substrate_of	CYP3A4
Torasemide	substrate_of	SLCO1B1
Quizartinib	substrate_of	CYP3A5
Valproic acid	substrate_of	CYP3A5
Tenofovir	substrate_of	SLC22A8
Conjugated estrogens	substrate_of	SLC22A11
Domperidone	substrate_of	CYP3A4
Liotrix	substrate_of	SLCO1B1
Ergotamine	substrate_of	CYP3A4
Amiodarone	substrate_of	ABCB11
Tamoxifen	substrate_of	UGT2B17
Exemestane	substrate_of	CYP3A4
Suvorexant	substrate_of	CYP3A4
Buspirone	substrate_of	CYP2D6
Alogliptin	substrate_of	CYP3A4
Fexofenadine	substrate_of	SLC22A8
Clomipramine	substrate_of	CYP1A2
Proguanil	substrate_of	CYP2C19
Doxepin	substrate_of	CYP2C9
Midazolam	substrate_of	CYP3A5
Fenfluramine	substrate_of	SLC6A4
Atogepant	substrate_of	ABCG2
Esketamine	substrate_of	CYP2C9
Amifampridine	substrate_of	NAT1
Febuxostat	substrate_of	CYP1A2
Morphine	substrate_of	CYP3A4
Abacavir	substrate_of	ADK
Flurazepam	substrate_of	CYP3A4
Stiripentol	substrate_of	CYP1A2
Eplerenone	substrate_of	CYP3A5
Nitrendipine	substrate_of	CYP3A5
Ketoprofen	substrate_of	UGT1A1
Scopolamine	substrate_of	CYP3A4
Ifosfamide	substrate_of	CYP2C18
Aminophylline	substrate_of	CYP2E1
Valproic acid	substrate_of	UGT1A6
Hydrocortisone	substrate_of	CYP11B1
Mirabegron	substrate_of	CYP3A4
Liotrix	substrate_of	SLCO1C1
Stiripentol	substrate_of	CYP3A4
Dexchlorpheniramine maleate	substrate_of	CYP3A4
Brivaracetam	substrate_of	CYP2C9
Conjugated estrogens	substrate_of	SLCO1B1
Citalopram	substrate_of	CYP3A4
Omega-3-carboxylic acids	substrate_of	CYP3A4
Deucravacitinib	substrate_of	CYP2D6
Deucravacitinib	substrate_of	CYP2B6
Naratriptan	substrate_of	MAOA
Isosorbide mononitrate	substrate_of	GSTM1
Lefamulin	substrate_of	ABCB1
Trandolapril	substrate_of	CES1
Prednisone	substrate_of	ALB
Famotidine	substrate_of	SLC22A8
Grazoprevir	substrate_of	ALB
Triazolam	substrate_of	CYP3A5
Fusidic acid	substrate_of	CYP2D6
Chloroquine	substrate_of	CYP2C8
Quinine	substrate_of	ABCB1
Dapsone	substrate_of	CYP2C8
Busulfan	substrate_of	CYP3A4
Naproxen	substrate_of	CYP2C8
Cisplatin	substrate_of	SOD1
Atogepant	substrate_of	SLC22A6
Fomepizole	substrate_of	CYP2E1
Rofecoxib	substrate_of	CYP3A4
Tizanidine	substrate_of	CYP1A2
Dalteparin	substrate_of	HPSE
(R)-warfarin	substrate_of	CYP2C19
Ethinylestradiol	substrate_of	SULT1A3
Elacestrant	substrate_of	SLCO2B1
Saxagliptin	substrate_of	CYP3A5
Maribavir	substrate_of	CYP3A4
Elvitegravir	substrate_of	CYP3A4
Phenytoin	substrate_of	CYP2A6
Bazedoxifene	substrate_of	UGT1A10
Propranolol	substrate_of	CYP3A5
Tacrine	substrate_of	ABCB1
Taletrectinib	substrate_of	CYP3A4
Azelastine	substrate_of	CYP1A1
Acenocoumarol	substrate_of	CYP2C9
Lamivudine	substrate_of	ABCC4
Finasteride	substrate_of	CYP3A5
Oxybutynin	substrate_of	CYP3A5
Zinc sulfate, unspecified form	substrate_of	SLC30A7
Diclofenac	substrate_of	CYP3A4
Phenprocoumon	substrate_of	CYP2C8
Linzagolix	substrate_of	SLCO1B3
Doxorubicin	substrate_of	SLC22A16
Technetium Tc-99m mebrofenin	substrate_of	SLCO1B1
Pantoprazole	substrate_of	ABCG2
Ozanimod	substrate_of	CYP3A4
Ruxolitinib	substrate_of	CYP2C9
Chlorpheniramine	substrate_of	CYP3A4
Linzagolix	substrate_of	ABCG2
Estradiol cypionate	substrate_of	UGT1A1
Quinapril	substrate_of	SLC22A8
Ulipristal	substrate_of	ORM1
Clarithromycin	substrate_of	ABCB11
Methylprednisolone	substrate_of	CYP3A4
Antipyrine	substrate_of	CYP2B6
Cyclophosphamide	substrate_of	CYP2C19
Dolutegravir	substrate_of	UGT1A1
Sulfinpyrazone	substrate_of	CYP3A4
Tucatinib	substrate_of	ABCB1
Anastrozole	substrate_of	UGT1A3
Remimazolam	substrate_of	CES1
Clomipramine	substrate_of	CYP2C19
Ethotoin	substrate_of	SERPINA7
Polatuzumab vedotin	substrate_of	ABCB1
Finerenone	substrate_of	CYP2C8
Trandolapril	substrate_of	SLC15A2
Bosentan	substrate_of	CYP3A4
Nirogacestat	substrate_of	CYP2C19
Temozolomide	substrate_of	ABCG2
Lansoprazole	substrate_of	CYP3A4
Methotrexate	substrate_of	SLCO1C1
Lisdexamfetamine	substrate_of	SLC15A1
Paltusotine	substrate_of	CYP2D6
Edaravone	substrate_of	UGT1A7
Pizotifen	substrate_of	UGT2B10
Deucravacitinib	substrate_of	ABCG2
Doxorubicin	substrate_of	CBR3
Netupitant	substrate_of	CYP2D6
Sulpiride	substrate_of	SLC47A2
Ondansetron	substrate_of	CYP3A5
Calcium citrate	substrate_of	CATSPER1
Gepotidacin	substrate_of	CYP3A4
Imatinib	substrate_of	ABCB11
Atropine	substrate_of	CHRNB2
Macitentan	substrate_of	CYP2C9
Dapagliflozin	substrate_of	CYP2D6
Glycopyrronium	substrate_of	CYP2D6
Propiverine	substrate_of	FMO1
Cyclophosphamide	substrate_of	CYP2B6
Ribociclib	substrate_of	CYP3A4
Grazoprevir	substrate_of	SLCO1B1
Ezetimibe	substrate_of	ABCB11
Pibrentasvir	substrate_of	ABCB1
Paricalcitol	substrate_of	UGT1A4
Mycophenolate mofetil	substrate_of	SLCO1B1
Pazopanib	substrate_of	CYP3A4
Omaveloxolone	substrate_of	CYP3A4
Nefazodone	substrate_of	CYP3A4
Adagrasib	substrate_of	CYP2B6
Montelukast	substrate_of	SLCO2B1
Ivermectin	substrate_of	CYP2D6
Sumatriptan	substrate_of	MAOA
Rifamycin	substrate_of	ALB
Metformin	substrate_of	SLC47A2
Bumetanide	substrate_of	SLC10A1
Lorcaserin	substrate_of	CYP2A6
Thalidomide	substrate_of	PTGS1
Suzetrigine	substrate_of	ABCB1
Temsirolimus	substrate_of	CYP3A4
Zidovudine	substrate_of	CYP3A4
Etonogestrel	substrate_of	CYP3A4
Quazepam	substrate_of	CYP3A4
Methylphenidate	substrate_of	CES1A1a
Sofosbuvir	substrate_of	CMPK1
Amiodarone	substrate_of	CYP2C19
Estetrol	substrate_of	UGT2B7
Quinine	substrate_of	CYP2E1
Brensocatib	substrate_of	CYP3A7
Loxoprofen	substrate_of	UGT2B7
Drospirenone	substrate_of	CYP3A4
Liothyronine	substrate_of	SLCO4C1
Eravacycline	substrate_of	MAOA
Toremifene	substrate_of	CYP3A4
Levofloxacin	substrate_of	SLCO1A2
Potassium bicarbonate	substrate_of	SLC12A2
Zidovudine	substrate_of	ABCB1
Estradiol cypionate	substrate_of	CYP1A1
Indomethacin	substrate_of	CES1
Clobazam	substrate_of	CYP3A4
Lasmiditan	substrate_of	ABCB1
Lomefloxacin	substrate_of	CYP1A2
Ziprasidone	substrate_of	AOX1
Enzalutamide	substrate_of	CYP3A4
Tucatinib	substrate_of	CYP2C8
Azithromycin	substrate_of	ABCC2
Ondansetron	substrate_of	CYP3A4
Fluvastatin	substrate_of	UGT1A1
Zinc sulfate, unspecified form	substrate_of	SLC30A10
Pravastatin	substrate_of	SLCO1B3
Vibegron	substrate_of	CYP3A4
Doxepin	substrate_of	ABCB1
Ascorbic acid	substrate_of	SLC2A4
Flunarizine	substrate_of	CYP1A2
Brivaracetam	substrate_of	CYP2B6
Fluvastatin	substrate_of	CYP2C9
Clopidogrel	substrate_of	CYP3A5
Dapagliflozin	substrate_of	CYP2C9
Niraparib	substrate_of	SLC47A2
Levothyroxine	substrate_of	SLCO1A2
Lofexidine	substrate_of	CYP1A2
Siponimod	substrate_of	CYP3A4
Thiopental	substrate_of	CYP3A4
Rivaroxaban	substrate_of	CYP3A4
Vitamin E	substrate_of	NPC1L1
Desvenlafaxine	substrate_of	CYP2C19
Trimethadione	substrate_of	CYP2C9
Ramipril	substrate_of	SLC15A2
Venlafaxine	substrate_of	CYP2D6
Almotriptan	substrate_of	CYP2C8
Fedratinib	substrate_of	ABCB1
Trifluoperazine	substrate_of	UGT1A4
Nateglinide	substrate_of	CYP2C9
Mexiletine	substrate_of	CYP3A4
Ibrutinib	substrate_of	CYP3A5
Elacestrant	substrate_of	CYP2A6
Valproic acid	substrate_of	SLC16A1
Vinflunine	substrate_of	ABCB1
Ozanimod	substrate_of	CYP2C8
Tezacaftor	substrate_of	ABCB1
Imiquimod	substrate_of	CYP3A4
Netupitant	substrate_of	CYP3A43
Doxercalciferol	substrate_of	CYP27A1
Tegafur	substrate_of	CYP2C8
Empagliflozin	substrate_of	SLCO1B1
Albendazole	substrate_of	ABCB1
Droxidopa	substrate_of	DDC
Benzonatate	substrate_of	BCHE
Hydrocodone	substrate_of	CYP2D6
Celecoxib	substrate_of	CYP2D6
Vitamin E	substrate_of	CYP3A4
Mycophenolic acid	substrate_of	UGT2B7
Rimegepant	substrate_of	ABCG2
Carvedilol	substrate_of	CYP1A2
L-Glutamine	substrate_of	GLS
Azathioprine	substrate_of	ABCB1
Trimipramine	substrate_of	CYP2C19
Valproic acid	substrate_of	UGT1A1
Paritaprevir	substrate_of	CYP3A4
Vardenafil	substrate_of	CYP2C9
Levodopa	substrate_of	DDC
Febuxostat	substrate_of	CYP2C8
Phenytoin	substrate_of	CYP3A7
Biotin	substrate_of	SLC5A6
Grepafloxacin	substrate_of	CYP1A2
Sulpiride	substrate_of	SLC47A1
Tenofovir	substrate_of	SLC22A6
Naltrexone	substrate_of	UGT1A1
Vitamin E	substrate_of	ABCG1
Vancomycin	substrate_of	Hrh1
Nilutamide	substrate_of	CYP2C19
Dronabinol	substrate_of	CYP2C9
Bempedoic acid	substrate_of	SLCO1B3
Adenosine	substrate_of	ADA
Tafenoquine	substrate_of	FNR
Rosuvastatin	substrate_of	ALB
Progesterone	substrate_of	CYP2C9
Sorafenib	substrate_of	ABCG2
Fenofibrate	substrate_of	CES1
Ripretinib	substrate_of	ABCG2
Etodolac	substrate_of	UGT1A3
Vinblastine	substrate_of	ABCC2
Niraparib	substrate_of	SLC47A1
Morphine	substrate_of	UGT1A1
Dordaviprone	substrate_of	CYP2D6
Fludeoxyglucose (18F)	substrate_of	SLC2A6
Elacestrant	substrate_of	CYP3A4
Sumatriptan	substrate_of	ABCB1
Resmetirom	substrate_of	CYP2C8
Ozanimod	substrate_of	AKR1C1
Dasabuvir	substrate_of	CYP3A4
Pipotiazine	substrate_of	CYP2C19
Nefazodone	substrate_of	ABCB11
Pemetrexed	substrate_of	SLC46A1
Pitavastatin	substrate_of	ABCB11
Clarithromycin	substrate_of	ABCB1
Meloxicam	substrate_of	CYP2C9
Gefapixant	substrate_of	ABCG2
Roxadustat	substrate_of	SLC22A8
Doxorubicin	substrate_of	ABCC2
Avanafil	substrate_of	CYP3A4
Midostaurin	substrate_of	CYP3A4
Safinamide	substrate_of	CYP3A4
Quinine	substrate_of	SLC22A1
Lorlatinib	substrate_of	CYP3A4
Tasimelteon	substrate_of	CYP3A4
Ondansetron	substrate_of	CYP2D6
Adenosine	substrate_of	PNP
Levomefolic acid	substrate_of	SLC19A1
Norethisterone	substrate_of	CYP3A4
Febuxostat	substrate_of	CYP2C9
Levofloxacin	substrate_of	SLC47A1
Zinc sulfate, unspecified form	substrate_of	SLC30A8
Acetaminophen	substrate_of	UGT1A6
Estradiol valerate	substrate_of	UGT1A1
Aliskiren	substrate_of	CYP3A4
Terfenadine	substrate_of	CYP3A4
Pravastatin	substrate_of	ABCB11
Hydroxyzine	substrate_of	ABCB1
Abemaciclib	substrate_of	CYP3A4
Cimetidine	substrate_of	SLC47A1
Eluxadoline	substrate_of	SLCO1B1
Telotristat ethyl	substrate_of	ABCB1
Estrone sulfate	substrate_of	CYP2C9
Samidorphan	substrate_of	CYP2C8
Sorafenib	substrate_of	CYP1A2
Sunitinib	substrate_of	CYP3A7
Azathioprine	substrate_of	GSTM1
Fesoterodine	substrate_of	CYP3A4
Ospemifene	substrate_of	CYP2B6
Xanomeline	substrate_of	CYP2B6
Sorafenib	substrate_of	CYP3A5
Calcium citrate	substrate_of	S100G
Rufinamide	substrate_of	ALB
Etrasimod	substrate_of	CYP3A4
Clopidogrel	substrate_of	CYP2B6
Voxilaprevir	substrate_of	CYP2C8
Fenofibrate	substrate_of	UGT1A9
Piroxicam	substrate_of	CYP2C8
Pindolol	substrate_of	SLC22A2
Aripiprazole	substrate_of	CYP3A5
Saquinavir	substrate_of	ABCB11
Ibrexafungerp	substrate_of	CYP3A4
Viloxazine	substrate_of	UGT2B15
Selumetinib	substrate_of	CYP3A4
Pemetrexed	substrate_of	SLC19A1
Pitolisant	substrate_of	CYP2D6
Pitavastatin	substrate_of	CYP2C9
Brensocatib	substrate_of	CYP2D6
Olmesartan	substrate_of	SLCO1B1
Donepezil	substrate_of	CYP2C9
Defactinib	substrate_of	ABCG2
Fexinidazole	substrate_of	FMO3
Voriconazole	substrate_of	CYP3A7
Amprenavir	substrate_of	ABCB1
Lercanidipine	substrate_of	CYP3A4
Fluoxetine	substrate_of	CYP1A2
Nicotine	substrate_of	CYP2C9
Quizartinib	substrate_of	ABCB1
Hydroxyurea	substrate_of	SLCO1A2
Adenosine	substrate_of	NME2
Meperidine	substrate_of	CYP3A4
(S)-Warfarin	substrate_of	CYP3A4
Hydroxyurea	substrate_of	SLC22A4
Neratinib	substrate_of	ORM1
Larotrectinib	substrate_of	ABCG2
Vortioxetine	substrate_of	CYP2C9
Entacapone	substrate_of	UGT1A9
Doxorubicin	substrate_of	XDH
Dolutegravir	substrate_of	UGT1A9
Tegaserod	substrate_of	CYP2D6
Atorvastatin	substrate_of	SLCO1B3
Sertraline	substrate_of	CYP2C9
Docetaxel	substrate_of	ABCC1
Ruxolitinib	substrate_of	CYP3A4
Bupropion	substrate_of	CYP2C9
Cobimetinib	substrate_of	CYP3A4
Abemaciclib	substrate_of	ABCB1
Nateglinide	substrate_of	CYP3A5
Phenytoin	substrate_of	CYP2C8
Carboplatin	substrate_of	GSTT1
Nadolol	substrate_of	SLC47A1
Dextromethorphan	substrate_of	CYP2C19
Mycophenolate mofetil	substrate_of	UGT1A6
Etoposide	substrate_of	CYP3A5
Avatrombopag	substrate_of	ABCB1
Atorvastatin	substrate_of	ABCC5
Zinc sulfate, unspecified form	substrate_of	SLC39A11
Midazolam	substrate_of	UGT2B4
Lefamulin	substrate_of	CYP3A4
Lansoprazole	substrate_of	CYP2C18
Paltusotine	substrate_of	ABCB1
Triclabendazole	substrate_of	CYP1A1
Zoliflodacin	substrate_of	CYP2C19
Meloxicam	substrate_of	CYP3A4
Phenytoin	substrate_of	CYP2D6
Nifedipine	substrate_of	CYP1A2
Enasidenib	substrate_of	UGT2B7
Lorcaserin	substrate_of	CYP1A1
Clozapine	substrate_of	SLC22A1
Ascorbic acid	substrate_of	SLC23A2
Pralsetinib	substrate_of	CYP1A2
Tolazamide	substrate_of	CYP2C9
Pioglitazone	substrate_of	ALB
Erlotinib	substrate_of	CYP3A5
Apremilast	substrate_of	CYP1A2
Mavorixafor	substrate_of	CYP2D6
Selumetinib	substrate_of	CYP2C9
Nelfinavir	substrate_of	ABCB11
Bilastine	substrate_of	SLCO1A2
Delamanid	substrate_of	ORM1
Bortezomib	substrate_of	CYP3A4
Letrozole	substrate_of	CYP3A4
Vericiguat	substrate_of	UGT1A9
Coumarin	substrate_of	CYP2C9
Varenicline	substrate_of	SLC22A2
Romidepsin	substrate_of	CYP3A4
Furosemide	substrate_of	UGT1A1
Candesartan cilexetil	substrate_of	PTGS1
Terbinafine	substrate_of	PTGS1
Dapsone	substrate_of	CYP2C18
Oxymorphone	substrate_of	CYP2D6
Saquinavir	substrate_of	ABCC1
Silodosin	substrate_of	ABCB4
Nortriptyline	substrate_of	SLC6A2
Phenytoin	substrate_of	UGT1A6
Alpelisib	substrate_of	CYP3A4
Haloperidol	substrate_of	CYP1A2
Ritlecitinib	substrate_of	CYP1A2
Valaciclovir	substrate_of	SLC10A2
Pemetrexed	substrate_of	SLC22A8
L-Glutamine	substrate_of	TGM2
Romidepsin	substrate_of	CYP3A5
Tretinoin	substrate_of	UGT2B7
Vadadustat	substrate_of	UGT1A8
Mycophenolate mofetil	substrate_of	UGT1A10
Naproxen	substrate_of	UGT1A3
Prednisolone phosphate	substrate_of	HSD11B2
Selumetinib	substrate_of	UGT1A1
Lofexidine	substrate_of	CYP2D6
Enasidenib	substrate_of	UGT1A9
Diltiazem	substrate_of	CYP3A7
Fenofibrate	substrate_of	ABCB11
Clonidine	substrate_of	CYP3A4
Dabigatran etexilate	substrate_of	ABCB1
Mercaptopurine	substrate_of	SLC28A2
Adefovir dipivoxil	substrate_of	ABCC4
Simeprevir	substrate_of	ABCB1
Ivermectin	substrate_of	CYP3A4
Ombitasvir	substrate_of	ABCG2
Etoposide	substrate_of	ABCB1
Delafloxacin	substrate_of	UGT1A1
Nifedipine	substrate_of	CYP3A4
L-Acetylleucine	substrate_of	SLC22A6
Tiagabine	substrate_of	UGT1A1
Clonidine	substrate_of	CYP3A5
Zongertinib	substrate_of	CYP3A4
Methoxyflurane	substrate_of	CYP2D6
Methylprednisolone	substrate_of	ABCB1
Doravirine	substrate_of	CYP3A4
Cholic Acid	substrate_of	SLCO1A2
Sildenafil	substrate_of	CYP3A4
Telaprevir	substrate_of	ALB
Testosterone undecanoate	substrate_of	CYP1A1
Mycophenolate mofetil	substrate_of	CYP2C8
Isosorbide mononitrate	substrate_of	XDH
Letrozole	substrate_of	ABCB1
Diclofenac	substrate_of	CYP2C8
Ozanimod	substrate_of	NAT2
Tramadol	substrate_of	CYP2D6
Bexagliflozin	substrate_of	CYP2D6
Pitavastatin	substrate_of	ALB
Ceftibuten	substrate_of	SLC15A1
Doxorubicin	substrate_of	AKR1C4
Flunarizine	substrate_of	CYP2D6
Antipyrine	substrate_of	CYP3A4
Ponesimod	substrate_of	CYP3A4
Selegiline	substrate_of	CYP2C19
Darolutamide	substrate_of	ABCG2
Dolutegravir	substrate_of	CYP3A4
Dronabinol	substrate_of	CYP2C19
Metoclopramide	substrate_of	ABCB1
Apixaban	substrate_of	ABCB1
Trimipramine	substrate_of	CYP2C9
Deutetrabenazine	substrate_of	CYP3A4
Propranolol	substrate_of	CYP3A7
Tamoxifen	substrate_of	CYP1B1
Mesalazine	substrate_of	SLCO1B1
Budesonide	substrate_of	SLC22A8
Adenosine	substrate_of	SLC28A2
Nicotine	substrate_of	CYP2B6
Saxagliptin	substrate_of	SLC22A8
Temsirolimus	substrate_of	ABCB1
Epirubicin	substrate_of	ABCC1
Yohimbine	substrate_of	CYP3A4
Testosterone undecanoate	substrate_of	CYP2C19
Azathioprine	substrate_of	CYP1A2
Chlorzoxazone	substrate_of	CYP1A2
Chlorpropamide	substrate_of	CYP2C9
Prednisone	substrate_of	HSD11B1
Desvenlafaxine	substrate_of	UGT2B4
Rosiglitazone	substrate_of	CYP2C9
Canagliflozin	substrate_of	ABCB1
Triclabendazole	substrate_of	CYP2C19
Nalmefene	substrate_of	CYP3A4
Beraprost	substrate_of	CYP2C8
Valbenazine	substrate_of	CYP3A5
Digitoxin	substrate_of	CYP3A4
Rizatriptan	substrate_of	MAOA
Cetirizine	substrate_of	ABCB1
L-Glutamine	substrate_of	KYAT1
Selumetinib	substrate_of	ABCG2
Larotrectinib	substrate_of	CYP3A4
Xanomeline	substrate_of	FMO1
Elexacaftor	substrate_of	CYP3A5
Alfuzosin	substrate_of	ABCB1
Escitalopram	substrate_of	CYP3A4
Dapsone	substrate_of	PTGS1
Lovastatin	substrate_of	ALB
Trifluridine	substrate_of	TYMP
Bisoprolol	substrate_of	CYP3A4
Doxorubicin	substrate_of	NDUFS2
Dexamethasone	substrate_of	CYP3A4
Verapamil	substrate_of	CYP2E1
Omaveloxolone	substrate_of	CYP2J2
Avapritinib	substrate_of	CYP2C9
Testosterone undecanoate	substrate_of	CYP1B1
Cannabidiol	substrate_of	CYP2C8
Sofosbuvir	substrate_of	ABCG2
Azelastine	substrate_of	CYP2A6
Mercaptopurine	substrate_of	SLC28A3
Belumosudil	substrate_of	CYP2C8
Ivacaftor	substrate_of	CYP3A4
Raloxifene	substrate_of	ABCC3
Levocetirizine	substrate_of	SLC22A11
Nirogacestat	substrate_of	CYP2D6
Vamorolone	substrate_of	CYP3A5
Deflazacort	substrate_of	CYP3A4
Ezogabine	substrate_of	UGT1A3
Metoclopramide	substrate_of	CYP3A4
Diclofenac	substrate_of	UGT1A9
Asunaprevir	substrate_of	CYP3A4
Paroxetine	substrate_of	CYP2D6
Selumetinib	substrate_of	CYP2E1
Baricitinib	substrate_of	ABCG2
Tretinoin	substrate_of	CYP2E1
Acetaminophen	substrate_of	UGT1A9
Selumetinib	substrate_of	CYP3A5
Sildenafil	substrate_of	CYP2C9
Lorcaserin	substrate_of	FMO1
Verapamil	substrate_of	CYP2B6
Imlunestrant	substrate_of	UGT1A8
Tegaserod	substrate_of	ABCB1
Tolterodine	substrate_of	CYP2D6
Doxorubicin	substrate_of	ABCC1
Methionine	substrate_of	MSRB1
Nintedanib	substrate_of	UGT1A8
Fluvastatin	substrate_of	UGT1A3
Brexanolone	substrate_of	AKR1B1
Cabazitaxel	substrate_of	CYP2C8
L-Glutamine	substrate_of	GFPT2
Tamoxifen	substrate_of	CYP1A1
Topotecan	substrate_of	SLC47A1
Gefitinib	substrate_of	ALB
Nicardipine	substrate_of	CYP2C8
Antipyrine	substrate_of	CYP2A6
Morphine	substrate_of	UGT2B7
Mifepristone	substrate_of	ABCB11
Ritlecitinib	substrate_of	CYP2C8
Aficamten	substrate_of	CYP2C8
Rosiglitazone	substrate_of	PTGS1
Guanfacine	substrate_of	SLC22A2
Domperidone	substrate_of	CYP1A2
Enalapril	substrate_of	SLCO1A2
Finasteride	substrate_of	CYP3A7
Ferrous sulfate anhydrous	substrate_of	SLC40A1
Dabigatran etexilate	substrate_of	CES1
Dextropropoxyphene	substrate_of	CES1
Vortioxetine	substrate_of	CYP2A6
Etrasimod	substrate_of	CYP2J2
Metoprolol	substrate_of	CYP2D6
Macimorelin	substrate_of	CYP3A4
Clonazepam	substrate_of	NAT2
Cenobamate	substrate_of	CYP3A5
Romidepsin	substrate_of	CYP2C19
Meperidine	substrate_of	ABCB1
Darolutamide	substrate_of	CYP3A4
Amisulpride	substrate_of	SLC47A1
Lamivudine	substrate_of	SLC22A3
Vinflunine	substrate_of	ALB
Escitalopram	substrate_of	MAOA
Lamotrigine	substrate_of	ABCB1
Telaprevir	substrate_of	CYP3A4
Perphenazine	substrate_of	CYP3A4
Vitamin E	substrate_of	SCARB1
Dabrafenib	substrate_of	SLCO1B3
Linagliptin	substrate_of	SLC22A2
Linagliptin	substrate_of	CYP3A4
Tramadol	substrate_of	UGT1A1
Vorapaxar	substrate_of	CYP2J2
Velpatasvir	substrate_of	CYP2C8
Atazanavir	substrate_of	ABCB11
Aficamten	substrate_of	CYP2C19
Bepridil	substrate_of	CYP2D6
Testosterone undecanoate	substrate_of	CYP2C8
Ketamine	substrate_of	CYP2B6
Phenobarbital	substrate_of	CYP2C9
Triazolam	substrate_of	CYP3A7
Dabigatran etexilate	substrate_of	UGT2B7
Vardenafil	substrate_of	ABCB1
Fexinidazole	substrate_of	CYP2D6
Hydrocodone	substrate_of	CYP3A4
Tretinoin	substrate_of	CYP2C9
Doxazosin	substrate_of	CYP2D6
Voclosporin	substrate_of	CYP3A4
Mercaptopurine	substrate_of	AOX1
Lovastatin	substrate_of	PON3
Trimethadione	substrate_of	CYP3A4
Risdiplam	substrate_of	CYP1A1
Disulfiram	substrate_of	CYP3A4
L-Glutamine	substrate_of	SLC7A7
Fluvoxamine	substrate_of	CYP2D6
Mobocertinib	substrate_of	CYP3A5
Ticagrelor	substrate_of	CYP3A4
Zanubrutinib	substrate_of	ABCB1
Ramelteon	substrate_of	CYP3A4
Fluoxetine	substrate_of	ALB
Tamoxifen	substrate_of	CYP2C9
Glycopyrronium	substrate_of	SLC22A2
Imipramine	substrate_of	CYP2D6
Temsirolimus	substrate_of	CYP3A5
Phenytoin	substrate_of	CYP2C18
Dasabuvir	substrate_of	CYP2D6
Apremilast	substrate_of	CYP3A4
Zonisamide	substrate_of	CYP2C19
Granisetron	substrate_of	CYP1A1
Thiopental	substrate_of	CYP2C19
Vonoprazan	substrate_of	CYP2C9
Practolol	substrate_of	CYP2D6
Testosterone undecanoate	substrate_of	CYP3A7
Ripretinib	substrate_of	ABCB1
Mycophenolate mofetil	substrate_of	UGT1A7
Atropine	substrate_of	CHRNA4
Flutamide	substrate_of	CYP3A5
Dapagliflozin	substrate_of	UGT2B7
Mesoridazine	substrate_of	CYP2D6
Pirtobrutinib	substrate_of	UGT1A9
Vancomycin	substrate_of	ALB
Ferrous sulfate anhydrous	substrate_of	TFRC
Anastrozole	substrate_of	ABCB1
Ranitidine	substrate_of	SLC22A2
Quinidine	substrate_of	ABCB1
Vamorolone	substrate_of	UGT1A3
Theophylline	substrate_of	CYP3A4
Doxorubicin	substrate_of	NOS2
Acyclovir	substrate_of	SLC10A2
Methotrexate	substrate_of	FOLR2
Nintedanib	substrate_of	ABCB1
Trazodone	substrate_of	CYP3A5
Osimertinib	substrate_of	ABCB1
Almotriptan	substrate_of	CYP2E1
Elafibranor	substrate_of	UGT1A3
Conjugated estrogens	substrate_of	SLCO1C1
Nateglinide	substrate_of	CYP3A4
Tenofovir	substrate_of	NME2
Ertugliflozin	substrate_of	UGT1A9
Cisapride	substrate_of	CYP3A4
Ritonavir	substrate_of	CYP2D6
Imatinib	substrate_of	ABCC2
Oxcarbazepine	substrate_of	ABCB1
Nafamostat	substrate_of	SLC22A2
Edaravone	substrate_of	UGT2B17
Labetalol	substrate_of	CYP2D6
Ethosuximide	substrate_of	CYP2E1
Safinamide	substrate_of	SLCO3A1
Atomoxetine	substrate_of	CYP2C19
Cyanocobalamin	substrate_of	MMAB
Acenocoumarol	substrate_of	CYP2C19
Methotrexate	substrate_of	SLCO1B1
Everolimus	substrate_of	ABCB1
Vinblastine	substrate_of	ABCB11
Melatonin	substrate_of	ASMT
Escitalopram	substrate_of	MAOB
Gemfibrozil	substrate_of	CYP3A4
Segesterone acetate	substrate_of	CYP3A4
Amprenavir	substrate_of	CYP2C9
Copanlisib	substrate_of	CYP1A1
Odevixibat	substrate_of	ABCB1
Paliperidone	substrate_of	ABCB1
Methionine	substrate_of	MSRA
Tovorafenib	substrate_of	CYP2C19
Doxorubicin	substrate_of	NOS1
Cyanocobalamin	substrate_of	CBLIF
Pitavastatin	substrate_of	SLC10A1
Leniolisib	substrate_of	CYP3A5
Antipyrine	substrate_of	CYP2C19
Methotrexate	substrate_of	SLC22A7
Mercaptopurine	substrate_of	ABCC4
L-Glutamine	substrate_of	SLC38A3
Venlafaxine	substrate_of	CYP2C19
Flecainide	substrate_of	CYP1A2
Dordaviprone	substrate_of	CYP3A4
Erlotinib	substrate_of	ORM1
Carbamazepine	substrate_of	ABCC2
Docetaxel	substrate_of	ABCC10
Colchicine	substrate_of	CYP3A4
Etoposide	substrate_of	PTGS2
Bezafibrate	substrate_of	CYP3A4
Flibanserin	substrate_of	CYP3A4
Progesterone	substrate_of	CYP3A4
Regorafenib	substrate_of	ABCB1
Letermovir	substrate_of	UGT1A1
Diclofenac	substrate_of	CYP1A2
Digitoxin	substrate_of	ABCB1
Doxepin	substrate_of	CYP3A4
Hydrocortisone	substrate_of	SRD5A2
Lumateperone	substrate_of	AKR1E2
Momelotinib	substrate_of	CYP2C19
Semaglutide	substrate_of	DPP4
Edaravone	substrate_of	UGT1A1
Tenofovir alafenamide	substrate_of	SLCO1B1
Empagliflozin	substrate_of	SLCO1B3
Ibrexafungerp	substrate_of	SULT1A1
Mifepristone	substrate_of	CYP3A5
Cisapride	substrate_of	CYP2B6
Flucloxacillin	substrate_of	ABCB11
Fostemsavir	substrate_of	ABCB1
Ubrogepant	substrate_of	SLCO1B1
Atorvastatin	substrate_of	CYP3A7
Fexofenadine	substrate_of	SLCO1B3
Nintedanib	substrate_of	SLC22A1
Deuruxolitinib	substrate_of	CYP2C9
Lapatinib	substrate_of	CYP2C19
Tetraferric tricitrate decahydrate	substrate_of	CYBRD1
Disopyramide	substrate_of	CYP3A4
Acebutolol	substrate_of	ABCB1
Linagliptin	substrate_of	ABCB1
Nitrofurantoin	substrate_of	POR
Tezacaftor	substrate_of	SLCO1B1
Sulfinpyrazone	substrate_of	ABCC2
Tretinoin	substrate_of	CYP4A11
Glipizide	substrate_of	ABCB11
Seladelpar	substrate_of	CYP2C9
Osilodrostat	substrate_of	CYP3A4
Etrasimod	substrate_of	CYP2C8
Clobazam	substrate_of	CYP2C8
Fexofenadine	substrate_of	ABCC2
Rifapentine	substrate_of	CYP3A4
Roxadustat	substrate_of	CYP2C8
Tegafur	substrate_of	CYP2E1
Trifluridine	substrate_of	SLC29A2
Finerenone	substrate_of	CYP3A4
Pitavastatin	substrate_of	UGT1A3
Melatonin	substrate_of	CYP1A1
Roflumilast	substrate_of	CYP1A2
Labetalol	substrate_of	ALB
Ponatinib	substrate_of	ABCG2
L-Glutamine	substrate_of	CAD
Fenfluramine	substrate_of	CYP2B6
Nevirapine	substrate_of	CYP3A7
Ifosfamide	substrate_of	CYP2C9
Clozapine	substrate_of	CYP2A6
Lovastatin	substrate_of	CYP2C8
Imatinib	substrate_of	CYP3A7
Dapsone	substrate_of	CYP3A7
Pimavanserin	substrate_of	CYP3A4
Conjugated estrogens	substrate_of	ABCB1
Elexacaftor	substrate_of	CYP3A4
Erythromycin	substrate_of	CYP3A7
Grazoprevir	substrate_of	ABCB1
Amitriptyline	substrate_of	ABCB1
Clopidogrel	substrate_of	CES1
Vonoprazan	substrate_of	CYP2B6
Dolutegravir	substrate_of	UGT1A3
Febuxostat	substrate_of	UGT2B7
Cyclosporine	substrate_of	SLC22A6
Naproxen	substrate_of	UGT1A8
Felodipine	substrate_of	CYP3A4
Busulfan	substrate_of	GSTA1
Balsalazide	substrate_of	azr
(S)-Warfarin	substrate_of	CYP2C9
Binimetinib	substrate_of	ABCB1
Ospemifene	substrate_of	CYP2C19
Etodolac	substrate_of	CYP2C9
Pyrazinamide	substrate_of	XDH
Pazopanib	substrate_of	ABCB1
Telotristat ethyl	substrate_of	CES2
Ramelteon	substrate_of	CYP2C9
Sodium bicarbonate	substrate_of	SLC4A5
Osimertinib	substrate_of	ABCG2
Chloroquine	substrate_of	CYP1A1
Indomethacin	substrate_of	UGT1A1
Rosuvastatin	substrate_of	ABCC2
Vinflunine	substrate_of	CYP3A4
Naproxen	substrate_of	UGT2B7
Ofloxacin	substrate_of	ABCB11
Cisapride	substrate_of	CYP2A6
Brensocatib	substrate_of	CYP3A4
Tamoxifen	substrate_of	CYP2E1
Pimavanserin	substrate_of	CYP2D6
Phenytoin	substrate_of	CYP2C9
Phentermine	substrate_of	CYP3A4
Ramelteon	substrate_of	CYP1A2
Melatonin	substrate_of	CYP1A2
Tetracycline	substrate_of	CYP3A4
Pirtobrutinib	substrate_of	CYP3A4
Doxorubicin	substrate_of	CYP3A4
Aripiprazole	substrate_of	CYP3A4
Fexofenadine	substrate_of	ORM1
Lovastatin	substrate_of	UGT1A1
Losartan	substrate_of	ABCB1
Enasidenib	substrate_of	UGT1A1
Cladribine	substrate_of	ABCG2
Bexagliflozin	substrate_of	ABCB1
Carboplatin	substrate_of	MT2A
Sulpiride	substrate_of	ABCB1
Nicotine	substrate_of	CYP3A4
Tazemetostat	substrate_of	ABCB1
Nicotine	substrate_of	CYP2D6
Crinecerfont	substrate_of	CYP2C8
Empagliflozin	substrate_of	UGT2B7
Empagliflozin	substrate_of	SLC22A8
Mirabegron	substrate_of	UGT2B7
Ganaxolone	substrate_of	CYP2D6
Tipranavir	substrate_of	CYP2C19
Glasdegib	substrate_of	UGT1A9
Bicalutamide	substrate_of	CYP3A4
Febuxostat	substrate_of	UGT1A1
Cisplatin	substrate_of	NQO1
Phenytoin	substrate_of	UGT1A9
Ritonavir	substrate_of	ALB
Desipramine	substrate_of	CYP2D6
Testosterone undecanoate	substrate_of	CYP3A5
Nicotine	substrate_of	CYP2C8
Risdiplam	substrate_of	CYP2J2
Estradiol acetate	substrate_of	CYP2C8
Verapamil	substrate_of	CYP1A2
Cilazapril	substrate_of	SLC15A2
Amprenavir	substrate_of	CYP3A5
Mitapivat	substrate_of	ABCB1
Palovarotene	substrate_of	CYP2C19
Lonafarnib	substrate_of	CYP2C9
Desvenlafaxine	substrate_of	UGT1A3
Chlorzoxazone	substrate_of	CYP3A4
Paclitaxel	substrate_of	ABCB1
Allopurinol	substrate_of	AOX1
Nilotinib	substrate_of	CYP3A4
Argatroban	substrate_of	CYP3A4
Tenofovir alafenamide	substrate_of	AK1
Eletriptan	substrate_of	PTGS1
Rofecoxib	substrate_of	PTGS1
Benzphetamine	substrate_of	POR
Mirabegron	substrate_of	SLC22A3
Estrone	substrate_of	CYP2B6
Ferrous sulfate anhydrous	substrate_of	CYBRD1
Asunaprevir	substrate_of	ABCB1
Enasidenib	substrate_of	ABCB1
Tepotinib	substrate_of	CYP2C8
Memantine	substrate_of	SLC22A2
Sunvozertinib	substrate_of	ABCG1
Raloxifene	substrate_of	SLCO1B1
Propranolol	substrate_of	CYP1A2
Celecoxib	substrate_of	CYP3A4
Acyclovir	substrate_of	PCK2
Lubiprostone	substrate_of	CBR1
Labetalol	substrate_of	CYP2C19
Chloramphenicol	substrate_of	cat
Potassium chloride	substrate_of	SLC12A4
Lamotrigine	substrate_of	SLC22A1
Imatinib	substrate_of	SLCO1B3
Gefapixant	substrate_of	SLC47A2
Pirfenidone	substrate_of	CYP2E1
Benazepril	substrate_of	SLC15A2
Carboplatin	substrate_of	ABCG2
Clonazepam	substrate_of	CYP3A4
Crinecerfont	substrate_of	CYP3A4
Propafenone	substrate_of	CYP3A4
Acetaminophen	substrate_of	CYP2D6
Adenosine	substrate_of	SLC28A1
Carbamazepine	substrate_of	CYP3A4
Lamivudine	substrate_of	PCYT2
Nadolol	substrate_of	SLC47A2
Desirudin	substrate_of	CPA1
Citalopram	substrate_of	MAOB
Atogepant	substrate_of	CYP3A4
Fluvastatin	substrate_of	ABCC2
Paclitaxel	substrate_of	CYP2C8
Pemetrexed	substrate_of	SLC22A11
Erlotinib	substrate_of	ALB
Cabotegravir	substrate_of	UGT1A1
Vadadustat	substrate_of	SLC22A8
Pirfenidone	substrate_of	CYP2D6
Tenofovir alafenamide	substrate_of	CYP3A4
Tretinoin	substrate_of	ALDH1A1
Theophylline	substrate_of	CYP2E1
Galantamine	substrate_of	CYP2D6
Cyclobenzaprine	substrate_of	CYP2D6
Ritlecitinib	substrate_of	GSTA3
Selumetinib	substrate_of	ABCB1
Melatonin	substrate_of	CYP2C9
Fruquintinib	substrate_of	CYP3A5
Nintedanib	substrate_of	UGT1A7
Valproic acid	substrate_of	CYP2C9
Estradiol valerate	substrate_of	CYP2C19
Calcium citrate	substrate_of	CACNA1G
Tenofovir	substrate_of	ABCC4
Amlodipine	substrate_of	CYP2B6
Hydrochlorothiazide	substrate_of	SLC22A11
Lovastatin	substrate_of	UGT1A3
Ketoprofen	substrate_of	CYP2C9
Nalmefene	substrate_of	CYP3A5
Rofecoxib	substrate_of	CYP1A2
Haloperidol	substrate_of	CYP1A1
Sitagliptin	substrate_of	CYP3A4
Tretinoin	substrate_of	CYP2B6
Zalcitabine	substrate_of	DCK
Milnacipran	substrate_of	CYP3A4
Raloxifene	substrate_of	SLCO1B3
Fenfluramine	substrate_of	CYP1A2
Methionine	substrate_of	MAT2A
Nilvadipine	substrate_of	CYP2E1
Acetohexamide	substrate_of	CBR1
Pantoprazole	substrate_of	ABCB1
Deferasirox	substrate_of	UGT1A1
Tamoxifen	substrate_of	UGT1A10
Tepotinib	substrate_of	ABCB1
Amitriptyline	substrate_of	CYP1A2
Disulfiram	substrate_of	CYP3A5
Liothyronine	substrate_of	SLCO1B3
Sulpiride	substrate_of	ABCG2
Mirdametinib	substrate_of	CES1A1a
Ketamine	substrate_of	PTGS1
Vibegron	substrate_of	ABCB1
Estrone	substrate_of	CYP1A2
Sirolimus	substrate_of	CYP3A7
Hydrocortisone	substrate_of	CYP3A5
Oxytetracycline	substrate_of	SLC22A11
Erdafitinib	substrate_of	CYP3A4
Zonisamide	substrate_of	CYP3A4
Atovaquone	substrate_of	CYP3A4
Brigatinib	substrate_of	CYP2C8
Duloxetine	substrate_of	CYP1A2
Theophylline	substrate_of	CYP1B1
Brivaracetam	substrate_of	CYP2C19
Amphetamine	substrate_of	CYP2D6
Urokinase	substrate_of	SERPINE1
Edaravone	substrate_of	SULT1A1
Risperidone	substrate_of	CYP3A4
Tapentadol	substrate_of	CYP2D6
Darunavir	substrate_of	ABCB1
Cyclosporine	substrate_of	CYP3A4
Tenofovir alafenamide	substrate_of	NME1
Darolutamide	substrate_of	ABCB1
Nicotine	substrate_of	CYP2C19
Phenytoin	substrate_of	CYP3A4
Losartan	substrate_of	UGT1A10
Hydrocodone	substrate_of	CYP2B6
Eszopiclone	substrate_of	CYP3A4
Propiverine	substrate_of	CYP3A4
Pravastatin	substrate_of	SLCO1A2
Methotrexate	substrate_of	SLC16A1
Telotristat ethyl	substrate_of	CES1
Clindamycin	substrate_of	CYP3A4
Bexagliflozin	substrate_of	CYP3A4
Triflusal	substrate_of	ALB
Desvenlafaxine	substrate_of	UGT2B17
Voriconazole	substrate_of	CYP3A4
Allopurinol	substrate_of	SLC22A7
Morphine	substrate_of	UGT1A8
Amiodarone	substrate_of	CYP2C8
Estrone	substrate_of	CYP1B1
Empagliflozin	substrate_of	UGT1A8
Pramipexole	substrate_of	SLC22A1
Imatinib	substrate_of	ABCB1
Zinc sulfate, unspecified form	substrate_of	SLC39A8
Ubidecarenone	substrate_of	ABCB1
Vinblastine	substrate_of	ABCB1
Baloxavir marboxil	substrate_of	ABCB1
Dolasetron	substrate_of	CYP2C9
Irbesartan	substrate_of	CYP2C8
Letermovir	substrate_of	CYP3A4
Nebivolol	substrate_of	CYP3A4
Ranolazine	substrate_of	ABCB1
Zinc sulfate, unspecified form	substrate_of	SLC39A1
Abrocitinib	substrate_of	SLC22A8
Amantadine	substrate_of	SLC22A2
Perampanel	substrate_of	CYP1A2
Ganaxolone	substrate_of	CYP3A5
Vemurafenib	substrate_of	CYP3A4
Pacritinib	substrate_of	CYP3A4
Vincristine	substrate_of	ABCC10
Binimetinib	substrate_of	CYP2C19
Mycophenolate mofetil	substrate_of	ABCG2
Carboplatin	substrate_of	ABCC2
Montelukast	substrate_of	CYP2C8
Duvelisib	substrate_of	CYP3A4
Risdiplam	substrate_of	FMO1
Leniolisib	substrate_of	CYP2D6
Tenofovir alafenamide	substrate_of	CES1
Gefitinib	substrate_of	CYP2D6
Simeprevir	substrate_of	ABCC2
Progesterone	substrate_of	CYP17A1
Tucatinib	substrate_of	CYP3A4
Dexamethasone	substrate_of	CYP3A5
Tamoxifen	substrate_of	ABCG2
Ritonavir	substrate_of	CYP3A5
Valbenazine	substrate_of	CYP2D6
Regorafenib	substrate_of	CYP3A4
Chlordiazepoxide	substrate_of	CYP3A4
Lorlatinib	substrate_of	CYP2C8
Cilostazol	substrate_of	CYP3A5
Digoxin	substrate_of	ABCB11
Osilodrostat	substrate_of	UGT2B10
Voxilaprevir	substrate_of	SLCO1B1
Azathioprine	substrate_of	SLC28A3
Ixazomib	substrate_of	CYP3A4
Methotrexate	substrate_of	cpg2
Upadacitinib	substrate_of	ABCB1
Letrozole	substrate_of	UGT2B7
Adenosine	substrate_of	SLC29A3
Tretinoin	substrate_of	CYP2C8
Domperidone	substrate_of	ABCB1
Brigatinib	substrate_of	ABCG2
Progesterone	substrate_of	CYP2C19
Berotralstat	substrate_of	ABCG2
Silodosin	substrate_of	ABCB1
Apomorphine	substrate_of	CYP2B6
Fludeoxyglucose (18F)	substrate_of	SLC2A12
Crizotinib	substrate_of	ABCB1
Riociguat	substrate_of	CYP1A1
Relugolix	substrate_of	CYP3A4
Sodium citrate	substrate_of	SLC25A21
Elexacaftor	substrate_of	ABCB1
Ponesimod	substrate_of	CYP4F12
Amisulpride	substrate_of	SLC22A1
Vincristine	substrate_of	CYP3A4
Atazanavir	substrate_of	ABCC1
Iodine	substrate_of	SLC26A4
Mifepristone	substrate_of	CYP3A4
Aprepitant	substrate_of	CYP2C19
Fosphenytoin	substrate_of	SERPINA7
Dronedarone	substrate_of	CYP3A5
Debrisoquine	substrate_of	ABCB1
Liotrix	substrate_of	CYP3A4
Liothyronine	substrate_of	SLCO1A2
Nateglinide	substrate_of	SLC16A1
Ledipasvir	substrate_of	ABCB1
Ethinylestradiol	substrate_of	CYP3A4
Alitretinoin	substrate_of	ABCB1
Atorvastatin	substrate_of	UGT1A1
Dabrafenib	substrate_of	CYP3A4
Quetiapine	substrate_of	CYP2C19
Delafloxacin	substrate_of	ALB
Ribavirin	substrate_of	SLC28A3
Ketamine	substrate_of	CYP2C8
Bromazepam	substrate_of	CYP2C19
Sulpiride	substrate_of	SLC22A3
Ziprasidone	substrate_of	CYP3A4
Valdecoxib	substrate_of	CYP3A4
Thioridazine	substrate_of	CYP2D6
Enasidenib	substrate_of	UGT2B15
Busulfan	substrate_of	MGST2
Isotretinoin	substrate_of	CYP3A4
Pitavastatin	substrate_of	ABCB1
Riluzole	substrate_of	CYP1A2
Bumetanide	substrate_of	SLCO1A2
Vinflunine	substrate_of	ORM1
Capmatinib	substrate_of	ABCB1
Testosterone undecanoate	substrate_of	SLC22A4
Acyclovir	substrate_of	NME1
Elafibranor	substrate_of	CYP2J2
Raloxifene	substrate_of	UGT1A1
Cobimetinib	substrate_of	UGT2B7
Ascorbic acid	substrate_of	TXNRD1
Nirogacestat	substrate_of	CYP3A4
Defactinib	substrate_of	CYP2C9
Levonorgestrel	substrate_of	CYP3A4
Fruquintinib	substrate_of	CYP3A4
Calcium citrate	substrate_of	ALB
Vildagliptin	substrate_of	ABCB1
Fludeoxyglucose (18F)	substrate_of	SLC2A10
Olutasidenib	substrate_of	CYP2C9
Pitavastatin	substrate_of	UGT2B7
Mycophenolate mofetil	substrate_of	CYP3A4
Amitriptyline	substrate_of	UGT2B10
Acetaminophen	substrate_of	GSTP1
Sepiapterin	substrate_of	DHFR
Mobocertinib	substrate_of	CYP3A7
Methotrexate	substrate_of	ABCG2
Simeprevir	substrate_of	SLCO1B1
Methionine	substrate_of	MARS2
Nelfinavir	substrate_of	CYP3A5
Olanzapine	substrate_of	ABCB1
Fenofibrate	substrate_of	AKR1C3
Voxilaprevir	substrate_of	ABCB1
Atorvastatin	substrate_of	CYP3A4
Istradefylline	substrate_of	CYP1A2
Thalidomide	substrate_of	CYP2C9
Exenatide	substrate_of	DPP4
Perampanel	substrate_of	CYP3A4
Tetraferric tricitrate decahydrate	substrate_of	SLC11A2
Pitolisant	substrate_of	CYP3A4
Inavolisib	substrate_of	ABCG2
Fludeoxyglucose (18F)	substrate_of	SLC2A2
Pravastatin	substrate_of	ABCC2
Hydrocortisone	substrate_of	HSD11B2
Estradiol acetate	substrate_of	UGT1A1
Thalidomide	substrate_of	CYP3A5
L-Glutamine	substrate_of	NADSYN1
Lopinavir	substrate_of	ALB
Minocycline	substrate_of	ompF
Riluzole	substrate_of	ABCG2
Oxycodone	substrate_of	CYP3A4
Quinine	substrate_of	CYP1A2
Metoclopramide	substrate_of	CYP2D6
Lamivudine	substrate_of	SLC22A1
Anastrozole	substrate_of	UGT1A4
Samidorphan	substrate_of	CYP3A5
Testosterone undecanoate	substrate_of	SRD5A1
Ergoloid mesylate	substrate_of	CYP3A4
Pirfenidone	substrate_of	CYP2C9
Zidovudine	substrate_of	SLC22A6
Acetaminophen	substrate_of	ABCB1
Cyclosporine	substrate_of	ABCB11
Brexpiprazole	substrate_of	ALB
Chlorpropamide	substrate_of	CYP2C19
Asunaprevir	substrate_of	SLCO2B1
Cisplatin	substrate_of	ABCG2
Gemfibrozil	substrate_of	UGT1A9
Lercanidipine	substrate_of	CYP3A5
Fluvastatin	substrate_of	CYP1A1
Clofibrate	substrate_of	CYP4A11
Acenocoumarol	substrate_of	CYP1A2
Hydromorphone	substrate_of	CYP2C9
Fluspirilene	substrate_of	CYP3A4
Estrone sulfate	substrate_of	CYP3A4
Tipranavir	substrate_of	ABCB1
Budesonide	substrate_of	SLCO1A2
Simvastatin	substrate_of	SLCO1B1
Lumefantrine	substrate_of	CYP3A4
Doxycycline	substrate_of	ALB
Clonidine	substrate_of	CYP1A2
Niacin	substrate_of	SLC16A1
Sildenafil	substrate_of	CYP3A7
Cabozantinib	substrate_of	CYP3A4
Voxilaprevir	substrate_of	SLCO1B3
Zafirlukast	substrate_of	PTGS1
Fexinidazole	substrate_of	CYP3A4
Velpatasvir	substrate_of	CYP3A4
Lovastatin	substrate_of	ABCC2
Olanzapine	substrate_of	UGT1A4
Rasagiline	substrate_of	CYP1A2
Pilocarpine	substrate_of	CYP2A6
Baricitinib	substrate_of	ABCB1
Lesinurad	substrate_of	CYP2C9
Lazertinib	substrate_of	CYP3A4
Cimetidine	substrate_of	FMO3
Tamoxifen	substrate_of	SULT1E1
Haloperidol	substrate_of	CYP3A5
Azelastine	substrate_of	CYP3A4
Deutivacaftor	substrate_of	ABCB5
Lovastatin	substrate_of	UGT2B7
Dihydroergotamine	substrate_of	CYP3A4
Trifluoperazine	substrate_of	CYP1A2
Adenosine	substrate_of	SLC29A4
Doxorubicin	substrate_of	POR
Cladribine	substrate_of	DCK
Lenvatinib	substrate_of	AOX1
Amiodarone	substrate_of	CYP3A4
Isavuconazonium	substrate_of	CYP3A4
Vandetanib	substrate_of	FMO3
Maribavir	substrate_of	CYP1A2
Tolvaptan	substrate_of	CYP3A4
Bempedoic acid	substrate_of	SLC27A2
Ramelteon	substrate_of	CYP2C19
Mefenamic acid	substrate_of	CYP1A2
Tenofovir disoproxil	substrate_of	ABCC10
Axitinib	substrate_of	CYP3A5
Cobicistat	substrate_of	CYP2D6
Oxcarbazepine	substrate_of	AKR1C2
Gemfibrozil	substrate_of	UGT2B4
Levomefolic acid	substrate_of	MTR
Lorazepam	substrate_of	UGT2B15
Clofarabine	substrate_of	DCK
Oxycodone	substrate_of	CYP2D6
Anastrozole	substrate_of	CYP3A5
Ezogabine	substrate_of	NAT2
Clarithromycin	substrate_of	CYP3A4
Riociguat	substrate_of	ALB
Vorasidenib	substrate_of	CYP2D6
Methoxyflurane	substrate_of	CYP1A2
Daclatasvir	substrate_of	CYP3A7
Indomethacin	substrate_of	UGT1A9
Moexipril	substrate_of	SLC15A1
Nabumetone	substrate_of	HSD11B1
Vilazodone	substrate_of	CYP3A4
Levamlodipine	substrate_of	ABCB1
Theophylline	substrate_of	CYP1A1
Velpatasvir	substrate_of	CYP2B6
Saquinavir	substrate_of	CYP3A5
Cisplatin	substrate_of	ATP7B
Erdafitinib	substrate_of	CSF1R
Cinacalcet	substrate_of	CYP3A4
Dasatinib	substrate_of	FMO3
Infigratinib	substrate_of	CYP3A4
Brentuximab vedotin	substrate_of	CYP3A4
Mexiletine	substrate_of	CYP1A2
Metformin	substrate_of	SLC29A4
Sertraline	substrate_of	MAOB
Cerivastatin	substrate_of	ABCG2
Glyburide	substrate_of	CYP3A7
Tamsulosin	substrate_of	CYP2D6
Lamivudine	substrate_of	NME1
Carvedilol	substrate_of	CYP2E1
Clarithromycin	substrate_of	CYP3A5
Cyclophosphamide	substrate_of	CYP2C9
Tretinoin	substrate_of	CYP1A1
Metformin	substrate_of	SLC22A1
Diphenhydramine	substrate_of	CYP2D6
Esterified estrogens	substrate_of	CYP3A4
Idelalisib	substrate_of	CYP3A4
Procainamide	substrate_of	SLC47A2
Antipyrine	substrate_of	CYP2D6
L-Glutamine	substrate_of	CTPS1
Estradiol valerate	substrate_of	CYP1B1
Dapsone	substrate_of	CYP3A5
Iloprost	substrate_of	SLCO2B1
Vericiguat	substrate_of	UGT1A1
Conjugated estrogens	substrate_of	ABCC11
Glasdegib	substrate_of	ABCB1
Voriconazole	substrate_of	FMO1
Fosphenytoin	substrate_of	CYP3A4
Benzgalantamine	substrate_of	CYP3A4
Vinflunine	substrate_of	ABCB5
Halofantrine	substrate_of	CYP3A4
Pirfenidone	substrate_of	CYP1A2
Elvitegravir	substrate_of	UGT1A1
Ebastine	substrate_of	CYP3A4
Norethisterone	substrate_of	HSD3B2
Duvelisib	substrate_of	ABCB1
Atorvastatin	substrate_of	SLCO1A2
Ibuprofen	substrate_of	UGT1A9
Valaciclovir	substrate_of	SLC15A2
Ifosfamide	substrate_of	CYP2C19
Flunitrazepam	substrate_of	CYP2C9
Clozapine	substrate_of	CYP1A2
Ganciclovir	substrate_of	TK
Dapagliflozin	substrate_of	CYP3A4
Opicapone	substrate_of	ABCB1
Ibrutinib	substrate_of	ORM1
Selumetinib	substrate_of	CYP2C19
Nirmatrelvir	substrate_of	ABCB1
Lonafarnib	substrate_of	CYP2A6
Capivasertib	substrate_of	CYP3A4
Estradiol cypionate	substrate_of	CYP3A5
Silodosin	substrate_of	UGT2B7
Vardenafil	substrate_of	CYP3A5
Nateglinide	substrate_of	CYP2D6
Imatinib	substrate_of	SLCO1A2
Axitinib	substrate_of	CYP3A4
Relugolix	substrate_of	ABCB1
Tofacitinib	substrate_of	CYP3A4
Vadadustat	substrate_of	UGT1A9
Imlunestrant	substrate_of	UGT1A9
Imatinib	substrate_of	CYP3A5
Nevirapine	substrate_of	CYP3A5
Flunitrazepam	substrate_of	CYP2C19
Levomefolic acid	substrate_of	SLC46A1
Diazepam	substrate_of	CYP2C18
Iodine	substrate_of	TPO
Valproic acid	substrate_of	UGT1A10
Dronabinol	substrate_of	UGT1A9
Methotrexate	substrate_of	ABCB1
Azathioprine	substrate_of	TPMT
Norethisterone	substrate_of	CYP1A2
Ivosidenib	substrate_of	CYP3A4
Sorafenib	substrate_of	CYP2C8
Elbasvir	substrate_of	ABCB1
Indinavir	substrate_of	ABCB11
Lorcaserin	substrate_of	CYP2B6
Bortezomib	substrate_of	CYP2C19
Brexpiprazole	substrate_of	ORM1
Fosphenytoin	substrate_of	CYP2C9
Chlorzoxazone	substrate_of	CYP2D6
Vigabatrin	substrate_of	SLC36A1
Rucaparib	substrate_of	CYP3A4
Copanlisib	substrate_of	CYP3A7
Tetrabenazine	substrate_of	CYP2D6
Indinavir	substrate_of	CYP3A5
Pilocarpine	substrate_of	PON1
Crizotinib	substrate_of	CYP3A5
Chlorambucil	substrate_of	GSTP1
Buprenorphine	substrate_of	CYP3A5
Potassium chloride	substrate_of	SLC12A2
Lenacapavir	substrate_of	ABCB1
Simvastatin	substrate_of	UGT1A3
Midazolam	substrate_of	UGT2B7
Carboplatin	substrate_of	GSTP1
Gefitinib	substrate_of	CYP3A4
Asenapine	substrate_of	UGT1A4
Tipiracil	substrate_of	SLC47A1
Belumosudil	substrate_of	UGT1A9
Cabotegravir	substrate_of	ABCG2
Opicapone	substrate_of	SLCO1B3
Ponatinib	substrate_of	CYP3A4
Isavuconazole	substrate_of	CYP3A5
Sildenafil	substrate_of	ABCB1
Fosnetupitant	substrate_of	CYP3A4
Amlodipine	substrate_of	CYP3A5
Verapamil	substrate_of	CYP2C19
Methoxyflurane	substrate_of	CYP2C9
Cyanocobalamin	substrate_of	AMN
Calcifediol	substrate_of	CYP27B1
Artemether	substrate_of	CYP2B6
Pravastatin	substrate_of	ABCG2
Erdafitinib	substrate_of	KIT
Cefradine	substrate_of	SLC15A1
Trimipramine	substrate_of	CYP2D6
Delamanid	substrate_of	ALB
Cinacalcet	substrate_of	CYP1A2
Pralsetinib	substrate_of	CYP2D6
Minoxidil	substrate_of	UGT1A1
Methyldopa	substrate_of	DBH
Simvastatin	substrate_of	UGT1A1
Indinavir	substrate_of	CYP3A4
Leflunomide	substrate_of	CYP1A2
Primaquine	substrate_of	CYP3A4
Lovastatin	substrate_of	SLCO1B1
Vancomycin	substrate_of	ORM1
Dextromethorphan	substrate_of	CYP3A4
Eltrombopag	substrate_of	UGT1A3
Flurbiprofen	substrate_of	CYP2C9
Azathioprine	substrate_of	NUDT15
Vorapaxar	substrate_of	CYP3A4
Capmatinib	substrate_of	CYP3A4
Dextropropoxyphene	substrate_of	CYP3A4
Lumateperone	substrate_of	UGT2B15
Sodium bicarbonate	substrate_of	SLC4A7
Sparsentan	substrate_of	CYP3A4
Ifosfamide	substrate_of	CYP3A4
Ciprofloxacin	substrate_of	mdtK
Deucravacitinib	substrate_of	UGT1A9
Quinapril	substrate_of	CES1
Metoprolol	substrate_of	CYP3A4
Docetaxel	substrate_of	CYP3A7
Cephalexin	substrate_of	SLC22A6
Bempedoic acid	substrate_of	UGT2B7
Mercaptopurine	substrate_of	TPMT
Nortriptyline	substrate_of	CYP2D6
Nateglinide	substrate_of	UGT1A9
Ivacaftor	substrate_of	CYP3A5
Imlunestrant	substrate_of	UGT1A10
L-Glutamine	substrate_of	TGM6
Vinorelbine	substrate_of	CYP3A4
Ferric maltol	substrate_of	UGT1A6
Acetohexamide	substrate_of	CYP2C9
Oxazepam	substrate_of	UGT1A9
Revumenib	substrate_of	SLC22A8
Futibatinib	substrate_of	CYP2C9
Liothyronine	substrate_of	SERPINA7
Etoricoxib	substrate_of	CYP2C9
Acyclovir	substrate_of	SLC47A1
Zidovudine	substrate_of	ABCC4
Polythiazide	substrate_of	SLC22A8
Norethisterone	substrate_of	CYP2C19
Liotrix	substrate_of	SLCO1B3
Diltiazem	substrate_of	CYP2C8
Bortezomib	substrate_of	CYP2C9
Almotriptan	substrate_of	FMO3
Elafibranor	substrate_of	ABCC2
Remibrutinib	substrate_of	ABCB1
Nafamostat	substrate_of	SLC22A1
Fexofenadine	substrate_of	SLCO1A2
Labetalol	substrate_of	ORM1
Letermovir	substrate_of	SLCO1B1
Erythromycin	substrate_of	SLCO1B3
Quinine	substrate_of	CYP2C19
Telaprevir	substrate_of	ORM1
Phenytoin	substrate_of	COMT
Perphenazine	substrate_of	CYP2C18
Oxcarbazepine	substrate_of	CBR3
Oxprenolol	substrate_of	CYP2D6
Dextromethorphan	substrate_of	UGT2B15
Ethinylestradiol	substrate_of	UGT1A4
Benzphetamine	substrate_of	CYP3A4
Methadone	substrate_of	CYP19A1
Apomorphine	substrate_of	SULT1A3
Daprodustat	substrate_of	ABCG2
Teriflunomide	substrate_of	ABCG2
Ixazomib	substrate_of	ABCB1
Glycopyrronium	substrate_of	CYP2C18
Diphenhydramine	substrate_of	CYP2C9
Lercanidipine	substrate_of	CYP3A7
Ketorolac	substrate_of	CYP2C9
Delavirdine	substrate_of	CYP2D6
Momelotinib	substrate_of	CYP2C9
Zonisamide	substrate_of	CYP3A5
Letermovir	substrate_of	UGT1A3
Dextromethorphan	substrate_of	CYP2D6
Fluoxetine	substrate_of	CYP2D6
Rucaparib	substrate_of	CYP1A2
Niraparib	substrate_of	ABCG2
Upadacitinib	substrate_of	ABCG2
Saxagliptin	substrate_of	SLCO4C1
Cabotegravir	substrate_of	UGT1A9
Fluvastatin	substrate_of	CYP3A5
Mercaptopurine	substrate_of	SLC29A1
Tamoxifen	substrate_of	ABCB1
Dolutegravir	substrate_of	ABCG2
Etoposide	substrate_of	GSTP1
Cabozantinib	substrate_of	CYP2C9
Dextromethorphan	substrate_of	UGT2B4
Tofacitinib	substrate_of	CYP2C19
Prednisolone phosphate	substrate_of	ABCB1
Ezogabine	substrate_of	UGT1A9
Levonorgestrel	substrate_of	CYP3A5
Dapagliflozin	substrate_of	ABCB1
Zafirlukast	substrate_of	CYP3A4
Sorafenib	substrate_of	CYP3A4
Nitroglycerin	substrate_of	ALDH2
Bortezomib	substrate_of	CYP2D6
Vincristine	substrate_of	ABCC2
Diltiazem	substrate_of	ABCB1
Fentanyl	substrate_of	CYP3A4
Brivaracetam	substrate_of	CYP3A4
Bosutinib	substrate_of	ABCB1
Proguanil	substrate_of	CYP2C9
Doxepin	substrate_of	CYP2C19
Amyl Nitrite	substrate_of	ALDH2
Daridorexant	substrate_of	CYP3A4
Bortezomib	substrate_of	CYP1A2
Ixabepilone	substrate_of	CYP3A4
Mefloquine	substrate_of	CYP3A4
Ivermectin	substrate_of	ABCB1
Cilostazol	substrate_of	CYP3A4
Debrisoquine	substrate_of	CYP2D6
Cyanocobalamin	substrate_of	TCN1
Momelotinib	substrate_of	SLCO1B3
Melatonin	substrate_of	MPO
Potassium chloride	substrate_of	SLC12A7
Momelotinib	substrate_of	ABCG2
Levomilnacipran	substrate_of	CYP2D6
Dabigatran etexilate	substrate_of	UGT1A9
Sitagliptin	substrate_of	ABCB1
Raloxifene	substrate_of	ABCC4
L-Glutamine	substrate_of	TGM4
Warfarin	substrate_of	CYP1A2
Celecoxib	substrate_of	ABCB1
Enasidenib	substrate_of	CYP2B6
Busulfan	substrate_of	GSTP1
Deucravacitinib	substrate_of	CES2
Vorasidenib	substrate_of	CYP1A2
Atrasentan	substrate_of	ABCB1
Cyclophosphamide	substrate_of	CYP2C8
Cobicistat	substrate_of	CYP3A5
Atazanavir	substrate_of	ABCB1
Venlafaxine	substrate_of	CYP3A4
Norgestimate	substrate_of	CYP2C9
Vonoprazan	substrate_of	CYP3A5
Atorvastatin	substrate_of	ABCC1
Apalutamide	substrate_of	CYP2C8
Tecovirimat	substrate_of	UGT1A1
Erlotinib	substrate_of	ABCB1
Belumosudil	substrate_of	CYP2D6
Ibrutinib	substrate_of	ALB
Estradiol cypionate	substrate_of	CYP1A2
Acetaminophen	substrate_of	UGT2B15
Nabilone	substrate_of	CYP2C9
Imatinib	substrate_of	ABCA3
Propiverine	substrate_of	FMO3
Acoramidis	substrate_of	SLC22A6
Copanlisib	substrate_of	CYP3A4
Clozapine	substrate_of	CYP2D6
Lopinavir	substrate_of	CYP2D6
Mycophenolic acid	substrate_of	UGT1A1
Omeprazole	substrate_of	CYP2C19
Indomethacin	substrate_of	SLC22A6
Colchicine	substrate_of	ABCB1
Serdexmethylphenidate	substrate_of	CES1A1a
Suzetrigine	substrate_of	CYP3A4
Tenofovir disoproxil	substrate_of	AK4
Taletrectinib	substrate_of	ABCB1
Axitinib	substrate_of	CYP1A2
Imatinib	substrate_of	CYP2C9
Terbinafine	substrate_of	MDR2
Osimertinib	substrate_of	CYP3A4
Osilodrostat	substrate_of	CYP2B6
Haloperidol	substrate_of	CYP2D6
Pentaerythritol tetranitrate	substrate_of	ALDH2
Glasdegib	substrate_of	CYP3A4
Ponesimod	substrate_of	CYP4F3
Darifenacin	substrate_of	CYP3A4
Sevabertinib	substrate_of	CYP1A1
Glyburide	substrate_of	CYP2C19
Tivozanib	substrate_of	CYP3A4
Amphetamine	substrate_of	SLC6A2
Tacrolimus	substrate_of	ALB
Fruquintinib	substrate_of	CYP3A7
Tibolone	substrate_of	HSD3B1
Sodium citrate	substrate_of	SLC25A1
Nicotine	substrate_of	CYP2A6
Cerivastatin	substrate_of	CYP2C8
Acoramidis	substrate_of	UGT1A1
Insulin icodec	substrate_of	IDE
Zongertinib	substrate_of	CYP3A5
Amphetamine	substrate_of	SLC22A5
Dabrafenib	substrate_of	CYP2C9
Mirdametinib	substrate_of	ABCB1
Aficamten	substrate_of	CYP3A4
Norethisterone	substrate_of	AKR1D1
Levothyroxine	substrate_of	SLCO4A1
Tianeptine	substrate_of	CYP3A4
Imatinib	substrate_of	CYP1A2
Quinidine	substrate_of	CYP2E1
Risdiplam	substrate_of	ABCG2
Belzutifan	substrate_of	SLCO1B1
Sertraline	substrate_of	CYP2B6
Estradiol valerate	substrate_of	CYP1A1
Olutasidenib	substrate_of	CYP3A4
Carbamazepine	substrate_of	CYP2B6
Ganaxolone	substrate_of	CYP2B6
Simeprevir	substrate_of	CYP3A4
Cefadroxil	substrate_of	SLC15A1
Apomorphine	substrate_of	SULT1A1
Famotidine	substrate_of	SLC22A6
Fluoxetine	substrate_of	CYP2C19
Cannabidiol	substrate_of	CYP2D6
Adagrasib	substrate_of	CYP2C9
Voxilaprevir	substrate_of	CYP3A4
Aliskiren	substrate_of	ABCB1
Velpatasvir	substrate_of	ABCG2
Zonisamide	substrate_of	UGT1A1
Xanomeline	substrate_of	CYP1A2
Quinidine	substrate_of	CYP3A4
Dexamethasone	substrate_of	CYP3A7
Valdecoxib	substrate_of	CYP2C9
Prasugrel	substrate_of	CYP3A4
Vemurafenib	substrate_of	ALB
Sotagliflozin	substrate_of	CYP3A4
Zileuton	substrate_of	PTGS1
Flurbiprofen	substrate_of	UGT2B4
Etoricoxib	substrate_of	CYP3A4
Atogepant	substrate_of	SLCO1B3
Doravirine	substrate_of	CYP3A5
Ritlecitinib	substrate_of	GSTM5
Afatinib	substrate_of	ABCB1
L-Glutamine	substrate_of	SLC7A8
Lofexidine	substrate_of	CYP2C19
Pralsetinib	substrate_of	CYP3A4
Octreotide	substrate_of	ABCC2
Valdecoxib	substrate_of	UGT1A9
Carboplatin	substrate_of	MT1A
Loxoprofen	substrate_of	CYP3A4
Nicardipine	substrate_of	CYP2E1
Ombitasvir	substrate_of	CYP2C8
Verapamil	substrate_of	CYP2C18
Nifedipine	substrate_of	ABCB1
Delamanid	substrate_of	CYP3A4
Perphenazine	substrate_of	CYP2C9
Ascorbic acid	substrate_of	SLC2A1
Repaglinide	substrate_of	ABCB11
Hydrocodone	substrate_of	CYP2C19
Topotecan	substrate_of	ABCB1
Etoposide	substrate_of	ABCC2
Clozapine	substrate_of	UGT1A4
Selegiline	substrate_of	CYP3A4
Ritonavir	substrate_of	CYP3A7
Lacosamide	substrate_of	CYP2C19
Ranitidine	substrate_of	SLC22A8
Ticagrelor	substrate_of	CYP3A5
Enasidenib	substrate_of	UGT1A3
Bosentan	substrate_of	CYP2C9
Azilsartan medoxomil	substrate_of	CYP2C8
Methyldopa	substrate_of	COMT
Tamoxifen	substrate_of	CYP3A5
Oseltamivir	substrate_of	SLC15A1
Tiotropium	substrate_of	CYP3A4
Polatuzumab vedotin	substrate_of	CYP3A5
Levamlodipine	substrate_of	CYP3A4
Tenofovir alafenamide	substrate_of	AK2
Dantrolene	substrate_of	SERPINA7
Fluvastatin	substrate_of	CYP2D6
Indomethacin	substrate_of	ABCC2
Isoniazid	substrate_of	NAT2
Ferrous sulfate anhydrous	substrate_of	HEPH
Methionine	substrate_of	MAT1A
Linzagolix	substrate_of	CYP2C9
Vortioxetine	substrate_of	CYP2C19
Valproic acid	substrate_of	UGT1A4
Amitriptyline	substrate_of	CYP3A5
Iloperidone	substrate_of	CYP3A4
Verapamil	substrate_of	CYP2C9
Azathioprine	substrate_of	ITPA
Verapamil	substrate_of	ALB
Tacrolimus	substrate_of	CYP3A4
Azathioprine	substrate_of	GSTA1
Anastrozole	substrate_of	CYP2C8
Zinc sulfate, unspecified form	substrate_of	SLC30A2
Solifenacin	substrate_of	CYP3A4
Saquinavir	substrate_of	ABCB1
Raloxifene	substrate_of	UGT1A8
Sotagliflozin	substrate_of	UGT2B7
Defactinib	substrate_of	ABCB5
Mycophenolic acid	substrate_of	UGT1A9
Chlorpromazine	substrate_of	ABCB1
Diltiazem	substrate_of	CYP3A4
Zileuton	substrate_of	CYP1A2
Moclobemide	substrate_of	CYP2C9
Ezetimibe	substrate_of	ABCC2
Erdafitinib	substrate_of	ABCB1
Risdiplam	substrate_of	FMO3
Oxcarbazepine	substrate_of	AKR1C1
Fexofenadine	substrate_of	ABCC3
Naloxegol	substrate_of	CYP3A4
Guanfacine	substrate_of	CYP3A4
Vortioxetine	substrate_of	CYP3A4
Gefapixant	substrate_of	SLC47A1
Fesoterodine	substrate_of	ABCB1
Flurazepam	substrate_of	CYP2A6
Fludrocortisone	substrate_of	HSD11B2
Methionine	substrate_of	MSRB2
Indapamide	substrate_of	EPHX1
Estradiol cypionate	substrate_of	CYP2C19
Abiraterone	substrate_of	SULT2A1
Cortisone acetate	substrate_of	ABCB1
Cimetidine	substrate_of	SLC22A8
Inavolisib	substrate_of	CYP3A4
Etoposide	substrate_of	UGT1A1
Vincristine	substrate_of	ABCB1
Aficamten	substrate_of	CYP2D6
Doxecitine	substrate_of	TK2
Quinine	substrate_of	CYP3A5
Ketamine	substrate_of	CYP2C9
Telmisartan	substrate_of	ABCB11
Testosterone undecanoate	substrate_of	SLCO1B3
Amoxapine	substrate_of	CYP2D6
Sildenafil	substrate_of	CYP2D6
Codeine	substrate_of	SLC22A1
Lumateperone	substrate_of	CYP2C8
Hydroxyurea	substrate_of	SLC22A5
Calcium citrate	substrate_of	CALB1
Grepafloxacin	substrate_of	CYP3A4
Busulfan	substrate_of	GSTM1
Cyclosporine	substrate_of	SLCO1B1
Estradiol acetate	substrate_of	CYP1A2
Tibolone	substrate_of	HSD3B2
Zalcitabine	substrate_of	SLC22A7
Diltiazem	substrate_of	CYP3A5
Cariprazine	substrate_of	CYP3A4
Rosuvastatin	substrate_of	ABCC4
Zolpidem	substrate_of	CYP2C19
Mycophenolic acid	substrate_of	UGT1A8
Cyproheptadine	substrate_of	UGT1A3
L-Glutamine	substrate_of	SLC1A5
Flurbiprofen	substrate_of	UGT2B7
Adefovir dipivoxil	substrate_of	AK2
Idelalisib	substrate_of	ABCG2
Entrectinib	substrate_of	ABCB1
Yohimbine	substrate_of	CYP2D6
Pitavastatin	substrate_of	CYP2C8
Voxelotor	substrate_of	CYP2C9
Azilsartan medoxomil	substrate_of	CYP2C9
Simeprevir	substrate_of	SLCO2B1
Prednisolone phosphate	substrate_of	HSD11B1
Didanosine	substrate_of	SLC22A6
Sunitinib	substrate_of	CYP3A5
Quizartinib	substrate_of	CYP3A4
Azathioprine	substrate_of	IMPDH2
Prazosin	substrate_of	SLC22A1
Flecainide	substrate_of	CYP2D6
Rifampin	substrate_of	SLCO1B3
Amoxicillin	substrate_of	blm
Vonoprazan	substrate_of	CYP2D6
Riociguat	substrate_of	ABCG2
Dextromethorphan	substrate_of	CYP2B6
Nabumetone	substrate_of	AKR1C1
Losartan	substrate_of	UGT2B17
Tretinoin	substrate_of	ALDH1A2
Palbociclib	substrate_of	SULT2A1
Acetaminophen	substrate_of	UGT1A1
Cladribine	substrate_of	SLC28A3
Daprodustat	substrate_of	SLC22A6
Imatinib	substrate_of	CYP3A4
Nortriptyline	substrate_of	CYP3A4
Phenobarbital	substrate_of	CYP2C18
Ritlecitinib	substrate_of	GSTT2
Busulfan	substrate_of	GSTA2
Thioridazine	substrate_of	CYP2C19
Morphine	substrate_of	UGT2B15
Rilpivirine	substrate_of	CYP3A4
Abemaciclib	substrate_of	ABCG2
Theophylline	substrate_of	CYP2D6
Tegafur	substrate_of	CYP1A2
Miltefosine	substrate_of	ABCB1
Dexchlorpheniramine maleate	substrate_of	CYP2D6
Testosterone undecanoate	substrate_of	CYP3A43
Labetalol	substrate_of	UGT1A1
Imlunestrant	substrate_of	CYP3A4
Taletrectinib	substrate_of	CYP2C8
Fluvoxamine	substrate_of	CYP1A2
Cefdinir	substrate_of	SLC15A1
Tenofovir alafenamide	substrate_of	ABCG2
Eltrombopag	substrate_of	CYP2C8
Thalidomide	substrate_of	CYP2B6
Ethinylestradiol	substrate_of	UGT2B7
Ertugliflozin	substrate_of	ABCG2
Phenytoin	substrate_of	UGT1A1
Elagolix	substrate_of	UGT1A1
Cholic Acid	substrate_of	ABCB11
Tramadol	substrate_of	CYP3A4
Darunavir	substrate_of	CYP3A4
Cannabidiol	substrate_of	CYP3A5
Toremifene	substrate_of	ABCB1
Ripretinib	substrate_of	CYP2D6
Promazine	substrate_of	CYP1A2
Ponatinib	substrate_of	CYP2D6
Calcium citrate	substrate_of	TRPV6
Rifaximin	substrate_of	CYP3A4
Azithromycin	substrate_of	CYP3A4
Glyburide	substrate_of	ABCB11
Idelalisib	substrate_of	ABCB1
Diltiazem	substrate_of	CYP2D6
Abacavir	substrate_of	ADH6
Ciprofloxacin	substrate_of	ABCB1
Atazanavir	substrate_of	CYP2C9
Calcium citrate	substrate_of	CACNA1E
Tretinoin	substrate_of	CRABP2
Flurbiprofen	substrate_of	UGT1A9
Phenytoin	substrate_of	NQO1
Nateglinide	substrate_of	PTGS1
Buprenorphine	substrate_of	CYP2C18
Imlunestrant	substrate_of	UGT1A1
Glycopyrronium	substrate_of	CYP2B6
Metronidazole	substrate_of	CYP2A6
Zongertinib	substrate_of	UGT1A4
Ertugliflozin	substrate_of	UGT2B7
Vindesine	substrate_of	CYP3A4
Olanzapine	substrate_of	FMO3
Probenecid	substrate_of	ABCC2
Acebutolol	substrate_of	CYP2D6
Mirabegron	substrate_of	UGT1A8
Ulipristal	substrate_of	CYP3A4
Mercaptopurine	substrate_of	SLC22A8
Zinc sulfate, unspecified form	substrate_of	SLC39A7
Trimebutine	substrate_of	CYP3A4
Methoxyflurane	substrate_of	CYP3A4
Triazolam	substrate_of	CYP3A4
Methotrexate	substrate_of	DHFR
Disopyramide	substrate_of	CYP1A2
Ketotifen	substrate_of	UGT1A3
Fruquintinib	substrate_of	CYP2C19
Levothyroxine	substrate_of	SLCO1C1
Dacarbazine	substrate_of	CYP2E1
Tamoxifen	substrate_of	CYP2C19
Metformin	substrate_of	SLC47A1
Teniposide	substrate_of	CYP3A5
Gilteritinib	substrate_of	CYP3A4
Bepridil	substrate_of	CYP3A4
Levocarnitine	substrate_of	SLC22A16
Cabergoline	substrate_of	CYP3A4
Dacomitinib	substrate_of	ABCG2
Iloperidone	substrate_of	CYP2D6
Citalopram	substrate_of	MAOA
Imatinib	substrate_of	ABCC1
Sevabertinib	substrate_of	ABCG2
Chlorpheniramine	substrate_of	CYP3A5
Norgestimate	substrate_of	CYP3A4
Upadacitinib	substrate_of	CYP2D6
Perphenazine	substrate_of	CYP1A2
Xanomeline	substrate_of	CYP2D6
Arimoclomol	substrate_of	SLC47A1
Pioglitazone	substrate_of	CYP2C8
Disulfiram	substrate_of	ABCB11
Doxorubicin	substrate_of	CYP2D6
Encorafenib	substrate_of	CYP3A4
Ospemifene	substrate_of	CYP2C9
Fexofenadine	substrate_of	SLCO1B1
Buprenorphine	substrate_of	CYP3A7
Mirabegron	substrate_of	SLC22A2
Pazopanib	substrate_of	CYP2C8
Midodrine	substrate_of	CYP2D6
Fedratinib	substrate_of	FMO3
Sparsentan	substrate_of	ABCG2
Siponimod	substrate_of	CYP2C9
Sorafenib	substrate_of	RALBP1
Nifurtimox	substrate_of	ABCG2
Doxorubicin	substrate_of	NDUFS3
Pralsetinib	substrate_of	ABCB1
Thalidomide	substrate_of	CYP1A1
Vemurafenib	substrate_of	ORM1
Ketoconazole	substrate_of	CYP3A4
Celecoxib	substrate_of	CYP2C9
Liothyronine	substrate_of	SLCO1B1
Valproic acid	substrate_of	UGT1A9
Daclatasvir	substrate_of	CYP3A43
Pentoxifylline	substrate_of	CYP1A2
Cortisone acetate	substrate_of	CYP3A4
Valbenazine	substrate_of	CYP3A4
Olmesartan	substrate_of	SLCO1B3
Prazosin	substrate_of	ORM1
Losartan	substrate_of	CYP2C9
Dronabinol	substrate_of	UGT1A1
Lamivudine	substrate_of	NME2
Glyburide	substrate_of	ABCG2
Acetaminophen	substrate_of	GSTM1
Leflunomide	substrate_of	ABCG2
Sofosbuvir	substrate_of	NME1
Budesonide	substrate_of	ABCB1
Eplerenone	substrate_of	CYP3A4
Rolapitant	substrate_of	CYP3A4
L-Glutamine	substrate_of	SLC7A6
Aceclofenac	substrate_of	CYP2C9
Fluvastatin	substrate_of	SLCO1B1
Pretomanid	substrate_of	CYP3A4
Sitagliptin	substrate_of	CYP2C8
Letermovir	substrate_of	ABCB1
Naldemedine	substrate_of	CYP3A4
Estrone sulfate	substrate_of	SLC47A2
Tetrabenazine	substrate_of	CBR1
Cyclophosphamide	substrate_of	CYP3A4
Clonidine	substrate_of	CYP1A1
Granisetron	substrate_of	CYP3A4
Pantoprazole	substrate_of	CYP2C19
Apalutamide	substrate_of	CYP3A4
Ezogabine	substrate_of	UGT1A4
Naproxen	substrate_of	CYP2C9
Tamoxifen	substrate_of	CYP2B6
Tretinoin	substrate_of	CYP3A7
Amlodipine	substrate_of	ABCB1
Ganciclovir	substrate_of	SLC47A1
Tretinoin	substrate_of	CYP26A1
Moclobemide	substrate_of	CYP2C19
Silodosin	substrate_of	ALDH2
Estradiol cypionate	substrate_of	CYP3A4
Levofloxacin	substrate_of	ALB
Pimozide	substrate_of	CYP3A5
Prazosin	substrate_of	ABCB1
Nisoldipine	substrate_of	CYP3A4
Eltrombopag	substrate_of	CYP1A2
Axitinib	substrate_of	ABCB1
Vincristine	substrate_of	CYP3A5
Carbamazepine	substrate_of	UGT2B7
Acetaminophen	substrate_of	SULT1A3
Grazoprevir	substrate_of	CYP3A4
Conjugated estrogens	substrate_of	SLCO3A1
Omaveloxolone	substrate_of	CYP2C8
Isavuconazonium	substrate_of	BCHE
Allopurinol	substrate_of	SLC22A8
Adagrasib	substrate_of	CYP3A4
Ozanimod	substrate_of	ADH5
Dofetilide	substrate_of	SLC22A2
Alfacalcidol	substrate_of	GC
Trametinib	substrate_of	CYP3A4
Repotrectinib	substrate_of	CYP3A4
Flunitrazepam	substrate_of	CYP3A4
Valsartan	substrate_of	SLCO1B3
Pexidartinib	substrate_of	UGT1A4
Capecitabine	substrate_of	TYMP
Hydromorphone	substrate_of	UGT2B7
Sertraline	substrate_of	CYP2D6
Elagolix	substrate_of	CYP2C8
Meclizine	substrate_of	CYP2D6
Codeine	substrate_of	UGT2B4
Prucalopride	substrate_of	CYP3A4
Mexiletine	substrate_of	CYP2E1
Fedratinib	substrate_of	CYP3A4
Ondansetron	substrate_of	CYP2E1
Mirdametinib	substrate_of	ABCG2
Ritonavir	substrate_of	CYP3A4
Brincidofovir	substrate_of	SMPD1
Almotriptan	substrate_of	MAOA
Acamprosate	substrate_of	SLC22A6
Acyclovir	substrate_of	ADSS1
L-Glutamine	substrate_of	F13A1
Nitrofurantoin	substrate_of	ABCG2
Acetaminophen	substrate_of	SULT1A1
Lamivudine	substrate_of	SLC22A6
Tetraferric tricitrate decahydrate	substrate_of	SLC40A1
Nelfinavir	substrate_of	ABCB1
Melatonin	substrate_of	IDO1
Dasatinib	substrate_of	CYP1A2
Avutometinib	substrate_of	ABCG2
Sunvozertinib	substrate_of	CYP3A4
Sunitinib	substrate_of	CYP3A4
Ozanimod	substrate_of	MAOB
Dacomitinib	substrate_of	CYP2D6
Valaciclovir	substrate_of	SLC15A1
Oseltamivir	substrate_of	ABCC4
Levoketoconazole	substrate_of	CYP3A4
Cisplatin	substrate_of	GSTM1
(S)-Warfarin	substrate_of	CYP2C18
Oxycodone	substrate_of	CYP3A5
Nitrofurantoin	substrate_of	ABCB1
Berotralstat	substrate_of	ABCB1
Testosterone undecanoate	substrate_of	CYP2C9
Boceprevir	substrate_of	CYP3A4
Phenytoin	substrate_of	ABCC2
Methadone	substrate_of	CYP3A7
Finasteride	substrate_of	CYP3A4
Imipramine	substrate_of	CYP3A7
Chromium	substrate_of	CYB5A
Clonidine	substrate_of	CYP2D6
Nicotine	substrate_of	CYP2E1
Zileuton	substrate_of	CYP2C9
Fusidic acid	substrate_of	CYP3A4
Candesartan cilexetil	substrate_of	CYP2C9
Conjugated estrogens	substrate_of	SLCO4A1
Indomethacin	substrate_of	ABCB11
Olanzapine	substrate_of	CYP1A2
Astemizole	substrate_of	ABCB11
Deuruxolitinib	substrate_of	CYP1A2
Azelastine	substrate_of	CYP2C8
Romidepsin	substrate_of	CYP1A1
Oxazepam	substrate_of	UGT2B15
Ranolazine	substrate_of	CYP2D6
Nabumetone	substrate_of	AKR1C4
Ranitidine	substrate_of	SLC22A1
Maprotiline	substrate_of	CYP1A2
Lumateperone	substrate_of	CYP1A2
Adagrasib	substrate_of	CYP2C8
Lamivudine	substrate_of	PGK1
Ibuprofen	substrate_of	CYP2C19
Tolterodine	substrate_of	CYP2C9
Cabazitaxel	substrate_of	CYP3A5
Conjugated estrogens	substrate_of	SLC51B
Mitapivat	substrate_of	CYP3A4
Gemfibrozil	substrate_of	UGT2B17
Zidovudine	substrate_of	CYP2A6
Quinidine	substrate_of	CYP2C9
Pyridostigmine	substrate_of	ACHE
Mesalazine	substrate_of	SLCO2B1
Momelotinib	substrate_of	SLCO1B1
Buprenorphine	substrate_of	CYP2C9
Cefdinir	substrate_of	SLC22A6
Olutasidenib	substrate_of	CYP2C8
Zinc sulfate, unspecified form	substrate_of	SLC30A5
Cilostazol	substrate_of	CYP2C19
Acetaminophen	substrate_of	CYP2A6
Adenosine	substrate_of	SLC29A1
Lansoprazole	substrate_of	CYP2C8
Estradiol valerate	substrate_of	CYP2C8
Methotrexate	substrate_of	SLCO1B3
Fidaxomicin	substrate_of	ABCB1
Mycophenolate mofetil	substrate_of	SLCO1B3
Bexagliflozin	substrate_of	UGT1A9
Zinc sulfate, unspecified form	substrate_of	SLC30A1
Chloroquine	substrate_of	CYP2D6
Cobicistat	substrate_of	CYP3A7
Enasidenib	substrate_of	ABCG2
Glyburide	substrate_of	CYP3A5
Bosutinib	substrate_of	CYP3A4
Azelastine	substrate_of	CYP3A5
Amantadine	substrate_of	SLC22A1
L-Glutamine	substrate_of	GMPS
Larotrectinib	substrate_of	ABCB1
Sertraline	substrate_of	CYP3A4
Fluoxetine	substrate_of	CYP3A4
Carbocisteine	substrate_of	PAH
Oseltamivir	substrate_of	CES1
Velpatasvir	substrate_of	ABCB1
Dapsone	substrate_of	NAT2
Epirubicin	substrate_of	UGT2B7
Omeprazole	substrate_of	ABCB1
Daclatasvir	substrate_of	CYP3A5
L-Glutamine	substrate_of	PPAT
Risdiplam	substrate_of	CYP3A7
Cenobamate	substrate_of	CYP2C19
Doxorubicin	substrate_of	ABCC6
Etodolac	substrate_of	UGT1A10
Isoniazid	substrate_of	CYP2E1
Selegiline	substrate_of	CYP1A2
Warfarin	substrate_of	CYP2C8
Ticagrelor	substrate_of	ABCB1
Ifosfamide	substrate_of	CYP3A5
Sorafenib	substrate_of	ABCB1
Selegiline	substrate_of	CYP2A6
Buspirone	substrate_of	CYP3A7
Trifluridine	substrate_of	SLC29A1
Carboplatin	substrate_of	ATP7A
Paliperidone	substrate_of	CYP3A4
L-Glutamine	substrate_of	QARS1
Conjugated estrogens	substrate_of	SLC51A
Pirtobrutinib	substrate_of	ABCB1
Conjugated estrogens	substrate_of	ABCG2
Nisoldipine	substrate_of	CYP3A7
Meloxicam	substrate_of	CYP2C8
Spironolactone	substrate_of	ABCB11
Bortezomib	substrate_of	ABCB1
Levothyroxine	substrate_of	UGT1A1
Everolimus	substrate_of	CYP3A4
Bromotheophylline	substrate_of	CYP1A2
Venlafaxine	substrate_of	CYP2C9
Calcium citrate	substrate_of	RYR2
Tovorafenib	substrate_of	CYP3A4
Methadone	substrate_of	CYP3A4
Spaglumic acid	substrate_of	SLC36A1
Cladribine	substrate_of	ABCB1
Esketamine	substrate_of	CYP3A4
Ezetimibe	substrate_of	UGT1A3
(R)-warfarin	substrate_of	CYP2C18
Nicotine	substrate_of	CYP1A2
Terbinafine	substrate_of	CYP2C8
Zanubrutinib	substrate_of	CYP3A4
Pitavastatin	substrate_of	ABCC2
(R)-warfarin	substrate_of	CYP2C8
Cabotegravir	substrate_of	ABCB1
Progesterone	substrate_of	CYP3A7
Dasabuvir	substrate_of	ABCB1
Nintedanib	substrate_of	UGT1A10
Rofecoxib	substrate_of	CYP2C9
Voriconazole	substrate_of	FMO3
Edaravone	substrate_of	UGT1A9
Paclitaxel	substrate_of	ABCC10
Rosiglitazone	substrate_of	ABCB11
Copanlisib	substrate_of	ABCB1
Deutetrabenazine	substrate_of	CYP2D6
Tegafur	substrate_of	CYP2A6
Perindopril	substrate_of	SLC15A1
Etoposide	substrate_of	CYP3A4
Dapsone	substrate_of	CYP2C19
Nintedanib	substrate_of	CYP3A4
Venetoclax	substrate_of	CYP3A4
Tecovirimat	substrate_of	UGT1A3
Gemfibrozil	substrate_of	UGT1A3
Sulfasalazine	substrate_of	ABCC2
Methionine	substrate_of	MARS1
Cisplatin	substrate_of	ATP7A
Cyclosporine	substrate_of	ABCB1
Primidone	substrate_of	CYP2C19
Propranolol	substrate_of	CYP3A4
Baricitinib	substrate_of	CYP3A4
Pitavastatin	substrate_of	SLCO2B1
Elbasvir	substrate_of	CYP3A7
Ibrutinib	substrate_of	CYP3A4
Ertugliflozin	substrate_of	ABCB1
Ifosfamide	substrate_of	CYP2B6
Alosetron	substrate_of	CYP1A2
Ivabradine	substrate_of	CYP3A4
Tiotropium	substrate_of	CYP2D6
Rucaparib	substrate_of	ABCB1
Pinaverium	substrate_of	CYP3A4
Methotrexate	substrate_of	SLC15A1
Flecainide	substrate_of	SLC47A1
Domperidone	substrate_of	CYP3A7
Tegaserod	substrate_of	SLC6A4
Clindamycin	substrate_of	ORM1
Levetiracetam	substrate_of	ABCB1
Fluvastatin	substrate_of	UGT2B7
Quetiapine	substrate_of	CYP3A5
Pindolol	substrate_of	CYP2D6
Benzphetamine	substrate_of	CYP2B6
Diclofenac	substrate_of	CYP2C9
Vitamin D	substrate_of	CYP2R1
Progesterone	substrate_of	ABCB1
Hydrocortisone	substrate_of	CYP11B2
Telaprevir	substrate_of	ABCB1
Cholic Acid	substrate_of	SLC10A2
Norgestimate	substrate_of	UGT1A1
Raltegravir	substrate_of	UGT1A1
Praziquantel	substrate_of	CYP3A5
Enasidenib	substrate_of	UGT1A4
Primaquine	substrate_of	CYP1A2
Apomorphine	substrate_of	SULT1B1
Oxcarbazepine	substrate_of	CBR1
Emtricitabine	substrate_of	DCK
Delafloxacin	substrate_of	ABCB5
Baloxavir marboxil	substrate_of	CYP3A4
Norethisterone	substrate_of	CYP2A6
Zolmitriptan	substrate_of	CYP1A2
Pramipexole	substrate_of	SLC22A2
Stavudine	substrate_of	SLC22A6
Tenofovir alafenamide	substrate_of	ABCC4
Dipyridamole	substrate_of	ABCB1
Sodium bicarbonate	substrate_of	SLC4A8
Sotagliflozin	substrate_of	UGT1A1
Isradipine	substrate_of	CYP3A4
Ibuprofen	substrate_of	UGT2B7
Canagliflozin	substrate_of	ABCC2
Hydrochlorothiazide	substrate_of	ABCC4
Ondansetron	substrate_of	CYP2C9
Zolpidem	substrate_of	CYP2D6
Apomorphine	substrate_of	UGT1A1
Promazine	substrate_of	CYP2C19
Asenapine	substrate_of	CYP1A2
Rilzabrutinib	substrate_of	ABCB1
Insulin pork	substrate_of	IDE
Lenvatinib	substrate_of	ABCG2
Vemurafenib	substrate_of	ABCG2
Efavirenz	substrate_of	CYP3A4
Asunaprevir	substrate_of	CYP2C19
Levocetirizine	substrate_of	CYP3A4
Rosuvastatin	substrate_of	CYP2C9
Zinc sulfate, unspecified form	substrate_of	SLC39A6
Indomethacin	substrate_of	SLC10A1
Etoposide	substrate_of	GSTT1
Cefixime	substrate_of	SLC15A1
Arimoclomol	substrate_of	SLC47A2
Fludrocortisone	substrate_of	CYP3A4
Artemether	substrate_of	CYP2C9
Dapagliflozin	substrate_of	CYP2A6
Prochlorperazine	substrate_of	CYP2D6
Ezetimibe	substrate_of	UGT2B7
Tafenoquine	substrate_of	CYP2D6
Alpelisib	substrate_of	ABCG2
Eluxadoline	substrate_of	SLC22A8
Hydrocortisone	substrate_of	SLC22A8
Naloxone	substrate_of	CYP2C18
Ethinylestradiol	substrate_of	CYP2C9
Raloxifene	substrate_of	ABCC2
Cyproheptadine	substrate_of	UGT2B10
Esketamine	substrate_of	CYP2C19
Citalopram	substrate_of	ABCB1
Seladelpar	substrate_of	ABCB1
Neratinib	substrate_of	ALB
Clobazam	substrate_of	CYP3A5
Etrasimod	substrate_of	CYP2C19
Copanlisib	substrate_of	ABCG2
Conjugated estrogens	substrate_of	SLCO2B1
Acyclovir	substrate_of	SLC22A8
Trazodone	substrate_of	CYP3A7
Indomethacin	substrate_of	CYP2C9
Methotrexate	substrate_of	CYP3A4
Omeprazole	substrate_of	CYP2C9
Dronabinol	substrate_of	CYP3A4
Atorvastatin	substrate_of	ABCC2
Terfenadine	substrate_of	CYP3A7
Mirabegron	substrate_of	UGT1A3
Estradiol valerate	substrate_of	HSD17B2
Sirolimus	substrate_of	ABCB1
Erdafitinib	substrate_of	KDR
Methotrexate	substrate_of	SLC22A8
Estradiol acetate	substrate_of	CYP3A5
Tolvaptan	substrate_of	ABCB1
Zoliflodacin	substrate_of	CYP2C8
Zolpidem	substrate_of	CYP2C9
Emtricitabine	substrate_of	SLC47A1
Binimetinib	substrate_of	UGT1A1
Methotrexate	substrate_of	SLCO1A2
Valsartan	substrate_of	SLCO1B1
Methotrexate	substrate_of	GGH
Urokinase	substrate_of	LRP2
Avapritinib	substrate_of	CYP3A4
Carboplatin	substrate_of	GSTM1
Rabeprazole	substrate_of	CYP2C19
Indomethacin	substrate_of	UGT2B7
Losartan	substrate_of	UGT2B7
Halofantrine	substrate_of	CYP2C8
Indomethacin	substrate_of	ABCB1
Eletriptan	substrate_of	CYP3A4
Etrasimod	substrate_of	CYP2C9
Clozapine	substrate_of	CYP3A4
Dasabuvir	substrate_of	ABCB5
Trabectedin	substrate_of	CYP2C19
Estradiol valerate	substrate_of	CYP1A2
Betaine	substrate_of	SLC6A12
Anastrozole	substrate_of	UGT2B7
Mesalazine	substrate_of	SLCO1B3
Voriconazole	substrate_of	CYP2C9
Cerivastatin	substrate_of	ABCB11
Ibuprofen	substrate_of	CYP3A4
Riluzole	substrate_of	CYP1A1
Moexipril	substrate_of	SLC15A2
Gefapixant	substrate_of	ABCB1
Doxorubicin	substrate_of	ABCG2
Docetaxel	substrate_of	ABCG2
Brexpiprazole	substrate_of	CYP2D6
Nitrendipine	substrate_of	ABCB11
Sorafenib	substrate_of	CYP3A7
Cisplatin	substrate_of	SLC31A1
Flucloxacillin	substrate_of	CYP3A4
Estradiol cypionate	substrate_of	CYP1B1
Acoramidis	substrate_of	UGT2B7
Empagliflozin	substrate_of	ABCB1
Anastrozole	substrate_of	CYP3A4
Potassium bicarbonate	substrate_of	SLC12A1
Estradiol valerate	substrate_of	ABCB1
Paritaprevir	substrate_of	SLCO1B3
Etoricoxib	substrate_of	CYP1A2
Trabectedin	substrate_of	CYP2E1
Estradiol valerate	substrate_of	CYP3A7
Prednisone	substrate_of	ABCB1
Tenofovir disoproxil	substrate_of	SLC22A6
Xanomeline	substrate_of	FMO3
Nirogacestat	substrate_of	CYP2C9
Tovorafenib	substrate_of	CYP2C8
Cenobamate	substrate_of	CYP2A6
Viloxazine	substrate_of	CYP2D6
Osilodrostat	substrate_of	UGT2B7
Dacomitinib	substrate_of	CYP3A4
Pravastatin	substrate_of	SLC22A8
Paltusotine	substrate_of	CYP3A5
Terbinafine	substrate_of	CYP2C19
Amitriptyline	substrate_of	CYP2C8
Fusidic acid	substrate_of	UGT1A1
L-Glutamine	substrate_of	GATB
Sodium oxybate	substrate_of	ALDH5A1
Levomilnacipran	substrate_of	CYP2J2
Progesterone	substrate_of	CYP3A5
Escitalopram	substrate_of	ABCB1
Dabrafenib	substrate_of	ABCG2
Amitriptyline	substrate_of	UGT1A4
Cyclobenzaprine	substrate_of	UGT1A4
Cenobamate	substrate_of	CYP3A4
Glyburide	substrate_of	SLCO2B1
Enalapril	substrate_of	SLC15A1
Avatrombopag	substrate_of	CYP2C9
Liothyronine	substrate_of	SLCO1C1
Rosiglitazone	substrate_of	CYP2E1
Theophylline	substrate_of	CYP1A2
Flutamide	substrate_of	CYP1A1
Cyproterone acetate	substrate_of	CYP3A4
Artemether	substrate_of	CYP2C19
Paricalcitol	substrate_of	CYP3A4
Raloxifene	substrate_of	ABCB1
Imipramine	substrate_of	CYP2B6
Amprenavir	substrate_of	CYP2D6
Deutetrabenazine	substrate_of	CBR3
Lorlatinib	substrate_of	CYP2C19
Romidepsin	substrate_of	ABCB1
Brimonidine	substrate_of	AOX1
Letermovir	substrate_of	SLCO1B3
Atorvastatin	substrate_of	ABCC4
Paliperidone	substrate_of	CYP3A5
Flutamide	substrate_of	CYP3A4
Lenalidomide	substrate_of	ABCB1
Infigratinib	substrate_of	ABCG2
Mycophenolic acid	substrate_of	UGT1A7
Nabilone	substrate_of	CYP2J2
Fluvastatin	substrate_of	CYP2C8
Glecaprevir	substrate_of	SLCO1B3
Binimetinib	substrate_of	ABCG2
Zolpidem	substrate_of	CYP1A2
Diazepam	substrate_of	PTGS1
Fexinidazole	substrate_of	CYP2C19
Levomilnacipran	substrate_of	CYP2C19
Semaglutide	substrate_of	MME
Carbamazepine	substrate_of	RALBP1
Hydrochlorothiazide	substrate_of	SLC22A8
Brincidofovir	substrate_of	SLCO1B3
Eravacycline	substrate_of	CYP3A4
Edoxaban	substrate_of	ABCB1
Rifamycin	substrate_of	ABCB1
Tiotropium	substrate_of	SLC22A4
Revumenib	substrate_of	SLC22A6
Astemizole	substrate_of	CYP3A4
Adefovir dipivoxil	substrate_of	NME1
Lamotrigine	substrate_of	UGT1A1
Doxorubicin	substrate_of	NDUFS7
Adagrasib	substrate_of	CYP1A2
Paclitaxel	substrate_of	ABCB11
Thymidine	substrate_of	TYMP
Fostamatinib	substrate_of	CYP3A4
Trabectedin	substrate_of	PTGS1
Chloroquine	substrate_of	CYP3A4
Prasugrel	substrate_of	ALB
Tacrolimus	substrate_of	ABCB1
Desvenlafaxine	substrate_of	UGT1A1
Ceritinib	substrate_of	CYP3A4
Ibrexafungerp	substrate_of	UGT1A1
Tivozanib	substrate_of	ABCB1
Acenocoumarol	substrate_of	CYP3A4
Bexagliflozin	substrate_of	CYP2C8
Fludeoxyglucose (18F)	substrate_of	SLC2A5
Upadacitinib	substrate_of	CYP3A4
Leniolisib	substrate_of	ABCB1
L-Glutamine	substrate_of	SLC7A9
Cisapride	substrate_of	CYP2C19
Raloxifene	substrate_of	UGT1A10
Estrone	substrate_of	CYP2C9
Macitentan	substrate_of	CYP3A4
Zafirlukast	substrate_of	CYP2C9
Acyclovir	substrate_of	CKB
L-Glutamine	substrate_of	TGM3
Ganaxolone	substrate_of	CYP2C19
Cabergoline	substrate_of	ABCB1
Asunaprevir	substrate_of	CYP2C9
Tamoxifen	substrate_of	ABCC2
Celiprolol	substrate_of	CYP2D6
Felbamate	substrate_of	CYP2E1
Triclabendazole	substrate_of	CYP2D6
Pomalidomide	substrate_of	CYP1A2
Nicardipine	substrate_of	CYP3A4
Quetiapine	substrate_of	CYP3A4
Crizotinib	substrate_of	CYP3A4
Tenofovir disoproxil	substrate_of	NME1
Adefovir dipivoxil	substrate_of	NME2
Diazepam	substrate_of	CYP2C8
Thymidine	substrate_of	SLC28A3
Pimavanserin	substrate_of	CYP2J2
Etoposide	substrate_of	CYP2E1
Atrasentan	substrate_of	SLCO1B1
Urokinase	substrate_of	ST14
Trimethadione	substrate_of	CYP2C8
Oxymorphone	substrate_of	CYP3A4
Baricitinib	substrate_of	SLC47A2
Doxazosin	substrate_of	CYP3A4
Lumateperone	substrate_of	UGT1A4
Dacomitinib	substrate_of	ABCB1
Fruquintinib	substrate_of	CYP2C8
Adenosine	substrate_of	NME1
Digoxin	substrate_of	SLCO1A2
Dextropropoxyphene	substrate_of	CYP2D6
Zolpidem	substrate_of	CYP3A4
Trastuzumab emtansine	substrate_of	CYP3A4
Adagrasib	substrate_of	CYP2D6
Tamoxifen	substrate_of	FMO3
Esketamine	substrate_of	CYP2B6
Ritlecitinib	substrate_of	MGST3
Encorafenib	substrate_of	CYP2C19
Methotrexate	substrate_of	TYMS
Montelukast	substrate_of	CYP2A6
Clobazam	substrate_of	ABCB1
Vorasidenib	substrate_of	CYP2C19
Clofibrate	substrate_of	CYP3A4
Gabapentin enacarbil	substrate_of	SLC5A8
Losartan	substrate_of	UGT1A3
Piroxicam	substrate_of	CYP2C9
Mycophenolate mofetil	substrate_of	UGT1A9
Bisoprolol	substrate_of	ABCB1
Elagolix	substrate_of	CYP2D6
Canagliflozin	substrate_of	UGT2B4
Fingolimod	substrate_of	CYP4F2
Vonoprazan	substrate_of	CYP2C19
Minocycline	substrate_of	ompC
Pioglitazone	substrate_of	CYP3A4
Elbasvir	substrate_of	CYP3A4
Rimegepant	substrate_of	CYP2C9
Encorafenib	substrate_of	ABCB1
Ursodeoxycholic acid	substrate_of	SLC10A1
Benazepril	substrate_of	MTHFR
Lumiracoxib	substrate_of	CYP1A2
Meperidine	substrate_of	CYP2B6
Cyclosporine	substrate_of	ABCC10
Zidovudine	substrate_of	CYP2C9
Erlotinib	substrate_of	CYP1A1
Adenosine	substrate_of	ADK
Tazemetostat	substrate_of	CYP3A4
Buprenorphine	substrate_of	CYP2C8
Deuruxolitinib	substrate_of	ABCB1
Fludeoxyglucose (18F)	substrate_of	SLC2A11
Prednisolone acetate	substrate_of	CYP3A4
Baricitinib	substrate_of	SLC22A8
Gliclazide	substrate_of	CYP2C19
Sodium oxybate	substrate_of	ADHFE1
Azathioprine	substrate_of	SLC29A2
Ketorolac	substrate_of	CYP2C8
Zoliflodacin	substrate_of	SLCO1B3
Estradiol valerate	substrate_of	CYP2C9
Diphenadione	substrate_of	CYP3A4
Vilazodone	substrate_of	CYP2C19
Iloprost	substrate_of	SLCO3A1
Almotriptan	substrate_of	CYP3A4
Idelalisib	substrate_of	AOX1
Cimetidine	substrate_of	SLC22A1
Sepiapterin	substrate_of	ABCG2
Paltusotine	substrate_of	ABCG2
Phenytoin	substrate_of	CYP2C19
Lapatinib	substrate_of	CYP2C8
Nelfinavir	substrate_of	CYP2C19
Crinecerfont	substrate_of	CYP2C19
Palonosetron	substrate_of	CYP1A2
Elinzanetant	substrate_of	ABCB1
Simvastatin	substrate_of	CYP2C8
Zuclopenthixol	substrate_of	CYP2D6
Quinine	substrate_of	CYP2C8
Pravastatin	substrate_of	SLC16A1
Elbasvir	substrate_of	CYP3A5
Sertraline	substrate_of	CYP2C19
Orphenadrine	substrate_of	CYP3A4
Zaleplon	substrate_of	CYP3A4
Melatonin	substrate_of	CYP1B1
Topiramate	substrate_of	ABCB1
Crinecerfont	substrate_of	CYP2B6
Lenacapavir	substrate_of	CYP3A4
Regorafenib	substrate_of	UGT1A9
Elafibranor	substrate_of	ABCG2
Hydroxyurea	substrate_of	SLCO1B1
Tadalafil	substrate_of	CYP3A4
Etoposide	substrate_of	CYP1A2
Clomipramine	substrate_of	ALB
Dienogest	substrate_of	CYP3A4
Labetalol	substrate_of	UGT1A9
Lemborexant	substrate_of	ABCB1
Paclitaxel	substrate_of	CYP3A7
Lemborexant	substrate_of	CYP3A5
Cimetidine	substrate_of	SLC47A2
Mirtazapine	substrate_of	SLC6A4
Eletriptan	substrate_of	CYP2C9
Seladelpar	substrate_of	CYP2C8
Canagliflozin	substrate_of	CYP3A4
Clindamycin	substrate_of	ABCB1
Cisplatin	substrate_of	SLC22A2
Sonidegib	substrate_of	CYP3A4
Thalidomide	substrate_of	CYP2C19
Estradiol cypionate	substrate_of	CYP2C9
Midazolam	substrate_of	ABCB1
Dolasetron	substrate_of	CYP3A4
Ximelagatran	substrate_of	CYP2C9
Budesonide	substrate_of	CYP3A4
Conjugated estrogens	substrate_of	CYP1A2
Amitriptyline	substrate_of	CYP2C9
Frovatriptan	substrate_of	CYP1A2
Pitavastatin	substrate_of	ORM1
Haloperidol	substrate_of	CYP2C9
Cimetidine	substrate_of	SLC22A3
Lazertinib	substrate_of	GSTM1
Eltrombopag	substrate_of	UGT1A1
Flunitrazepam	substrate_of	CYP2A6
Torasemide	substrate_of	CYP2C9
Chlorzoxazone	substrate_of	CYP2E1
Cholic Acid	substrate_of	SLCO1B1
Cannabidiol	substrate_of	CYP3A4
Umbralisib	substrate_of	CYP3A4
Amlodipine	substrate_of	CYP3A4
Methadone	substrate_of	CYP2C19
Valproic acid	substrate_of	CYP2C19
Sirolimus	substrate_of	CYP3A5
Antipyrine	substrate_of	CYP2C18
Cyclophosphamide	substrate_of	CYP3A5
Simvastatin	substrate_of	ABCB11
Repotrectinib	substrate_of	ABCB1
Fenfluramine	substrate_of	CYP2D6
Oxazepam	substrate_of	UGT2B7
Thymidine	substrate_of	TK2
Zinc sulfate, unspecified form	substrate_of	SLC39A4
Dextroamphetamine	substrate_of	tynA
Fludeoxyglucose (18F)	substrate_of	SLC2A7
Cannabidiol	substrate_of	CYP1A2
Primidone	substrate_of	CYP2C9
Ponesimod	substrate_of	UGT1A1
Tenofovir	substrate_of	AK1
Naproxen	substrate_of	CYP1A2
Triclabendazole	substrate_of	CYP3A4
Mexiletine	substrate_of	CYP2D6
Paritaprevir	substrate_of	ABCB1
Paclitaxel	substrate_of	ABCC2
Dalfampridine	substrate_of	SLC22A2
Brincidofovir	substrate_of	CYP4F2
Saxagliptin	substrate_of	ABCC1
Codeine	substrate_of	CYP3A4
Pyrazinamide	substrate_of	AOX1
Dacomitinib	substrate_of	CYP2C9
Hydrocortisone	substrate_of	HSD11B1
Brigatinib	substrate_of	CYP3A4
Atorvastatin	substrate_of	SLCO2B1
Labetalol	substrate_of	UGT2B7
Leniolisib	substrate_of	ABCG2
Omadacycline	substrate_of	ABCB1
Hydromorphone	substrate_of	UGT1A3
Estrone sulfate	substrate_of	SLC47A1
Estrone	substrate_of	CYP3A5
Fenofibrate	substrate_of	AKR1C1
Verapamil	substrate_of	ORM1
Cefdinir	substrate_of	SLC22A8
Norethisterone	substrate_of	AKR1C4
Cannabidiol	substrate_of	CYP2E1
Avanafil	substrate_of	CYP2C9
Erdafitinib	substrate_of	PDGFRB
Urokinase	substrate_of	SERPINB2
Torasemide	substrate_of	CYP2C8
Sotalol	substrate_of	CYP2D6
Indinavir	substrate_of	ABCC2
Apomorphine	substrate_of	CYP3A5
Diclofenac	substrate_of	UGT2B7
Pindolol	substrate_of	UGT1A1
Vemurafenib	substrate_of	ABCB1
Etoposide	substrate_of	ABCG2
Estrone	substrate_of	CYP1A1
Selpercatinib	substrate_of	CYP3A4
Astemizole	substrate_of	CYP3A7
Dordaviprone	substrate_of	CYP2C9
Mycophenolate mofetil	substrate_of	CES1
Nevirapine	substrate_of	CYP2D6
Cenobamate	substrate_of	UGT2B4
Edetic acid	substrate_of	CYP19A1
Tolbutamide	substrate_of	CYP2C8
Phenytoin	substrate_of	CYP2B6
Ibuprofen	substrate_of	SLCO2B1
Ezetimibe	substrate_of	ABCC3
Zileuton	substrate_of	CYP3A4
Hydroxyzine	substrate_of	CYP3A5
Carbamazepine	substrate_of	CYP3A5
Dexlansoprazole	substrate_of	CYP3A4
Deferiprone	substrate_of	UGT1A6
Zinc sulfate, unspecified form	substrate_of	SLC39A13
Phenobarbital	substrate_of	ABCB1
Acetylsalicylic acid	substrate_of	ABCB1
Ranitidine	substrate_of	CYP1A2
Zoliflodacin	substrate_of	CYP2C9
Acetaminophen	substrate_of	CYP2E1
Dextromethorphan	substrate_of	UGT2B7
Lorcaserin	substrate_of	CYP1A2
Methionine	substrate_of	MAT2B
Ezetimibe	substrate_of	SLCO1B1
Promazine	substrate_of	CYP2C9
Haloperidol	substrate_of	CBR1
Sulopenem etzadroxil	substrate_of	SLC22A8
Azithromycin	substrate_of	ABCB1
Buprenorphine	substrate_of	CYP2D6
Digoxin	substrate_of	ABCB1
Chlorzoxazone	substrate_of	CYP1A1
Methotrexate	substrate_of	SLC19A1
Trifluridine	substrate_of	TK1
Palovarotene	substrate_of	CYP3A4
Elafibranor	substrate_of	UGT2B7
Liotrix	substrate_of	SLCO4A1
Flutamide	substrate_of	CYP1A2
Nabilone	substrate_of	CYP2E1
Ixabepilone	substrate_of	ABCB1
Estradiol acetate	substrate_of	CYP3A7
Riociguat	substrate_of	ORM1
Voxilaprevir	substrate_of	ABCG2
Indomethacin	substrate_of	SLCO1A2
Naldemedine	substrate_of	UGT1A3
Zinc sulfate, unspecified form	substrate_of	SLC30A6
Ulipristal	substrate_of	CYP1A2
Thalidomide	substrate_of	CYP3A4
Vadadustat	substrate_of	UGT2B7
Ethinylestradiol	substrate_of	CYP3A5
Momelotinib	substrate_of	CYP2C8
Dapagliflozin	substrate_of	UGT2B4
Ritlecitinib	substrate_of	CYP3A4
Vismodegib	substrate_of	ABCB1
Imatinib	substrate_of	ABCC4
Alfuzosin	substrate_of	CYP3A4
Picosulfuric acid	substrate_of	assT
Estrone	substrate_of	SLC22A8
Doxazosin	substrate_of	CYP2C9
Darifenacin	substrate_of	CYP2D6
Ritlecitinib	substrate_of	MGST2
Riociguat	substrate_of	CYP2J2
Cerivastatin	substrate_of	CYP3A5
Lorcaserin	substrate_of	CYP2D6
Diclofenac	substrate_of	CYP2C18
Ethinylestradiol	substrate_of	CYP1A2
Technetium Tc-99m mebrofenin	substrate_of	SLCO1B3
Deucravacitinib	substrate_of	SLC22A1
Atazanavir	substrate_of	CYP3A4
Zinc sulfate, unspecified form	substrate_of	SLC39A2
Tamoxifen	substrate_of	CYP2D6
Nitrendipine	substrate_of	CYP3A7
Glycopyrronium	substrate_of	SLC47A1
Ascorbic acid	substrate_of	SLC2A3
Eliglustat	substrate_of	CYP2D6
Hydroxychloroquine	substrate_of	CYP3A4
Ethinylestradiol	substrate_of	UGT1A1
Tretinoin	substrate_of	CRABP1
Neratinib	substrate_of	CYP3A4
Apixaban	substrate_of	CYP2J2
Nevirapine	substrate_of	CYP3A4
Atropine	substrate_of	ABCB11
Vilazodone	substrate_of	CYP2D6
Ubidecarenone	substrate_of	LDLR
L-Glutamine	substrate_of	SLC38A1
Rosuvastatin	substrate_of	ABCG2
Clopidogrel	substrate_of	CYP3A4
Rucaparib	substrate_of	ABCG2
Grepafloxacin	substrate_of	ABCC1
Pravastatin	substrate_of	SLC22A11
Grazoprevir	substrate_of	SLCO1B3
Methadone	substrate_of	CYP1A2
Omeprazole	substrate_of	CYP1A1
Tacrine	substrate_of	CYP1A2
Didanosine	substrate_of	PNP
Bictegravir	substrate_of	CYP3A4
Glasdegib	substrate_of	ABCG2
Idelalisib	substrate_of	UGT1A4
Levomilnacipran	substrate_of	CYP2C8
Pimozide	substrate_of	CYP3A7
Ketotifen	substrate_of	UGT2B10
Dexchlorpheniramine maleate	substrate_of	SLC22A1
Loxoprofen	substrate_of	CBR1
Palbociclib	substrate_of	CYP3A4
Adefovir dipivoxil	substrate_of	SLC22A6
Mirtazapine	substrate_of	CYP2D6
Lusutrombopag	substrate_of	ABCG2
Axitinib	substrate_of	SLCO1B1
Isavuconazole	substrate_of	CYP3A4
Zoliflodacin	substrate_of	CYP3A5
Paclitaxel	substrate_of	CYP3A5
Deucravacitinib	substrate_of	ABCB1
Triclabendazole	substrate_of	CYP1B1
Pirtobrutinib	substrate_of	UGT1A8
Efavirenz	substrate_of	CYP1A2
Simeprevir	substrate_of	SLCO1B3
Ibuprofen	substrate_of	ABCB1
Dextromethorphan	substrate_of	CYP2C9
Dapagliflozin	substrate_of	UGT1A9
Meperidine	substrate_of	CYP2D6
Betaxolol	substrate_of	CYP2D6
Esomeprazole	substrate_of	ABCB1
Cannabidiol	substrate_of	UGT2B7
Methyldopa	substrate_of	SULT1A1
Tinidazole	substrate_of	CYP3A4
Digoxin	substrate_of	SLCO1B1
Pantoprazole	substrate_of	CYP3A4
Verapamil	substrate_of	ABCB1
Cimetidine	substrate_of	FMO1
Omeprazole	substrate_of	CYP3A4
Dextromethorphan	substrate_of	CYP3A7
Boceprevir	substrate_of	CYP3A5
Vadadustat	substrate_of	UGT1A1
Aficamten	substrate_of	CYP2C9
Cyanocobalamin	substrate_of	CUBN
Glycopyrronium	substrate_of	CYP3A4
Vortioxetine	substrate_of	CYP2D6
Phenelzine	substrate_of	MAOA
Ubrogepant	substrate_of	CYP3A4
Imipramine	substrate_of	CYP2C19
Doxorubicin	substrate_of	AKR1B1
Zoliflodacin	substrate_of	ABCG2
Asenapine	substrate_of	CYP3A4
Azathioprine	substrate_of	SLC43A3
Olanzapine	substrate_of	CYP2D6
Umbralisib	substrate_of	CYP2C9
Tezacaftor	substrate_of	CYP3A5
Finerenone	substrate_of	CYP1A1
Buspirone	substrate_of	CYP3A5
Ethinylestradiol	substrate_of	CYP2C8
Ribavirin	substrate_of	SLC29A1
Ozanimod	substrate_of	ALDH3A2
Perphenazine	substrate_of	CYP2C8
Repaglinide	substrate_of	CYP3A4
Selegiline	substrate_of	CYP2C8
Methotrexate	substrate_of	ABCC2
Ethosuximide	substrate_of	CYP3A4
Lacosamide	substrate_of	CYP3A4
Ombitasvir	substrate_of	ABCB1
Teniposide	substrate_of	ABCG2
Ascorbic acid	substrate_of	xylA
Diphenhydramine	substrate_of	PTGS1
Clozapine	substrate_of	CYP2C8
Fexofenadine	substrate_of	ALB
Cerivastatin	substrate_of	ABCC2
Carvedilol	substrate_of	UGT1A1
Propafenone	substrate_of	CYP2D6
Tenofovir disoproxil	substrate_of	ABCB1
Aminocaproic acid	substrate_of	AOX1
Atorvastatin	substrate_of	ABCB11
Ethinylestradiol	substrate_of	COMT
Indomethacin	substrate_of	CYP2C19
L-Glutamine	substrate_of	GLS2
Acyclovir	substrate_of	TK
Cyclobenzaprine	substrate_of	CYP1A2
Zidovudine	substrate_of	ABCC5
Vimseltinib	substrate_of	ABCB1
Etoposide	substrate_of	ABCC6
Brensocatib	substrate_of	CYP3A5
Methadone	substrate_of	CYP2B6
Estradiol acetate	substrate_of	CYP2C19
Vericiguat	substrate_of	ABCG2
Nateglinide	substrate_of	CYP3A7
Mycophenolic acid	substrate_of	CYP3A5
Nebivolol	substrate_of	CYP2D6
Biotin	substrate_of	HLCS
Acyclovir	substrate_of	PGK1
Glecaprevir	substrate_of	ABCB1
Diphenhydramine	substrate_of	CYP2C19
Fostamatinib	substrate_of	UGT1A9
Lorcaserin	substrate_of	CYP3A4
Irbesartan	substrate_of	PTGS1
Sildenafil	substrate_of	CYP3A5
Bictegravir	substrate_of	UGT1A1
Acoramidis	substrate_of	ABCG2
Lumateperone	substrate_of	AKR1C1
Mycophenolate mofetil	substrate_of	CYP3A5
Vincristine	substrate_of	ABCG2
Leniolisib	substrate_of	CYP1A2
Darunavir	substrate_of	ALB
Methsuximide	substrate_of	CYP2C19
Eliglustat	substrate_of	ABCB1
Cyclosporine	substrate_of	CYP3A5
Toremifene	substrate_of	CYP1A1
Nicardipine	substrate_of	ABCB1
Tamoxifen	substrate_of	UGT2B7
Melatonin	substrate_of	CYP2C19
Warfarin	substrate_of	CYP3A4
Tamoxifen	substrate_of	CYP3A7
Clobazam	substrate_of	CYP2C18
Gilteritinib	substrate_of	ABCB1
Tegafur	substrate_of	CYP3A5
Ponesimod	substrate_of	UGT2B7
Nadolol	substrate_of	POU2F1
Osilodrostat	substrate_of	UGT1A4
Piperazine	substrate_of	CYP2D6
Apixaban	substrate_of	ABCG2
Etodolac	substrate_of	UGT1A9
Terfenadine	substrate_of	ABCB11
Clofazimine	substrate_of	ABCB1
Dronabinol	substrate_of	UGT1A10
Ritlecitinib	substrate_of	CYP2C9
Fluvastatin	substrate_of	CYP3A4
Azelastine	substrate_of	CYP2D6
Temazepam	substrate_of	CYP3A4
Oxcarbazepine	substrate_of	ALB
Carvedilol	substrate_of	CYP1A1
Digoxin	substrate_of	SLC51B
Duvelisib	substrate_of	ABCG2
Diazepam	substrate_of	CYP2C9
Conjugated estrogens	substrate_of	COMT
Duloxetine	substrate_of	CYP2C9
Deucravacitinib	substrate_of	CYP1A2
Moclobemide	substrate_of	CYP2D6
Viloxazine	substrate_of	UGT1A9
(S)-Warfarin	substrate_of	CYP2C8
Lonafarnib	substrate_of	ABCB1
Tenoxicam	substrate_of	CYP2C9
Hydroxyurea	substrate_of	SLC14A2
Maraviroc	substrate_of	CYP3A4
Citalopram	substrate_of	CYP2D6
Flunarizine	substrate_of	CYP2C9
Dordaviprone	substrate_of	CYP2C8
Ifosfamide	substrate_of	CYP2C8
Seladelpar	substrate_of	ABCG2
Niraparib	substrate_of	CES1A1a
Droxidopa	substrate_of	SLC6A2
Netupitant	substrate_of	CYP3A4
Levocarnitine	substrate_of	SLC22A4
Tenofovir	substrate_of	ABCB1
Tibolone	substrate_of	SULT1A1
Dexfenfluramine	substrate_of	CYP2D6
Pitavastatin	substrate_of	SLCO1B1
Ezetimibe	substrate_of	UGT2B15
Mirabegron	substrate_of	CYP2D6
Ascorbic acid	substrate_of	SLC23A1
Ceritinib	substrate_of	ABCB1
Osilodrostat	substrate_of	CYP2D6
Cimetidine	substrate_of	SLC22A2
Nilotinib	substrate_of	ABCG2
L-Glutamine	substrate_of	SLC38A2
Leniolisib	substrate_of	CYP1A1
Aprocitentan	substrate_of	UGT1A1
Lurasidone	substrate_of	CYP3A4
Domperidone	substrate_of	CYP3A5
Sparsentan	substrate_of	ABCB1
Panobinostat	substrate_of	ABCB1
Dabigatran etexilate	substrate_of	CES2
Carvedilol	substrate_of	CYP2C9
Fluvastatin	substrate_of	SLC15A1
Mobocertinib	substrate_of	CYP3A4
Progesterone	substrate_of	CYP1B1
Macitentan	substrate_of	CYP2C19
Amiodarone	substrate_of	CYP1A1
Apixaban	substrate_of	CYP3A4
Azelastine	substrate_of	CYP2C9
L-Glutamine	substrate_of	TGM7
Brigatinib	substrate_of	ABCB5
Selumetinib	substrate_of	CYP2C8
Tegaserod	substrate_of	ABCG2
Metoclopramide	substrate_of	CYP1A2
Nilutamide	substrate_of	POR
Cannabidiol	substrate_of	CYP2C9
Belzutifan	substrate_of	CYP3A4
Dapsone	substrate_of	MPO
Cilazapril	substrate_of	SLC15A1
Ketorolac	substrate_of	UGT2B7
Acetaminophen	substrate_of	FAAH
Valaciclovir	substrate_of	TK
Riociguat	substrate_of	ABCB1
Conjugated estrogens	substrate_of	SLC22A6
Atomoxetine	substrate_of	CYP2D6
Palovarotene	substrate_of	CYP2C8
Valproic acid	substrate_of	SLC22A7
Avatrombopag	substrate_of	CYP3A4
Lamivudine	substrate_of	DCK
Paritaprevir	substrate_of	SLCO1B1
Acetylsalicylic acid	substrate_of	CYP2C9
Mycophenolate mofetil	substrate_of	UGT1A1
Valproic acid	substrate_of	PTGS1
Erdafitinib	substrate_of	CYP2C9
Mavorixafor	substrate_of	CYP3A5
Mycophenolate mofetil	substrate_of	CES2
Methotrexate	substrate_of	SLC46A1
Vonoprazan	substrate_of	CYP3A4
Rimegepant	substrate_of	CYP3A4
Enzalutamide	substrate_of	CYP3A5
Bupropion	substrate_of	CYP2B6
Telithromycin	substrate_of	CYP3A4
Simvastatin	substrate_of	ABCC2
Sumatriptan	substrate_of	SLCO1B1
Capecitabine	substrate_of	CES1
Tolterodine	substrate_of	CYP2C19
Rupatadine	substrate_of	CYP2C19
Phenelzine	substrate_of	MAOB
Gabapentin	substrate_of	SLC7A5
Fosinopril	substrate_of	SLC15A1
Felodipine	substrate_of	CYP3A7
Ulipristal	substrate_of	ALB
Pindolol	substrate_of	SULT1A1
Flunarizine	substrate_of	CYP3A4
Apixaban	substrate_of	CYP2C19
Doxazosin	substrate_of	CYP2C19
Fludeoxyglucose (18F)	substrate_of	SLC2A1
Fingolimod	substrate_of	CYP2E1
Cefaclor	substrate_of	ABCB11
Apremilast	substrate_of	ABCB1
Afatinib	substrate_of	ABCG2
Estradiol cypionate	substrate_of	CYP3A7
Nevirapine	substrate_of	CYP2A6
Prednisone	substrate_of	CYP3A4
Empagliflozin	substrate_of	UGT1A3
Sitagliptin	substrate_of	SLC22A8
Prednisolone	substrate_of	ABCB1
Alprazolam	substrate_of	CYP3A5
Grepafloxacin	substrate_of	SLC22A6
Rivaroxaban	substrate_of	CYP3A5
Teniposide	substrate_of	ABCC6
Perampanel	substrate_of	CYP3A5
Carvedilol	substrate_of	CYP3A4
Artemether	substrate_of	CYP3A5
L-Glutamine	substrate_of	TGM5
Rifabutin	substrate_of	CYP3A4
Mirtazapine	substrate_of	CYP1A2
Ketazolam	substrate_of	CYP3A4
Ibuprofen	substrate_of	CYP2C9
Cyclobenzaprine	substrate_of	UGT2B10
Ponesimod	substrate_of	CYP3A5
Rimegepant	substrate_of	ABCB1
Solifenacin	substrate_of	CYP2D6
Zinc sulfate, unspecified form	substrate_of	SLC39A5
Domperidone	substrate_of	CYP2C8
Opium	substrate_of	CYP2D6
Apixaban	substrate_of	CYP2C9
Idelalisib	substrate_of	CYP3A43
Daprodustat	substrate_of	CYP2C8
Clopidogrel	substrate_of	ABCB1
Brensocatib	substrate_of	ABCG2
Ondansetron	substrate_of	CYP1A2
Palbociclib	substrate_of	ABCG2
Apomorphine	substrate_of	COMT
Montelukast	substrate_of	PTGS1
Lovastatin	substrate_of	CYP3A4
Secnidazole	substrate_of	CYP3A4
Tovorafenib	substrate_of	CYP2C9
Cyclandelate	substrate_of	CYP3A4
Adenosine	substrate_of	XDH
Paclitaxel	substrate_of	SLCO1B3
Trazodone	substrate_of	CYP2D6
Polatuzumab vedotin	substrate_of	CYP3A4
Lumiracoxib	substrate_of	CYP2C9
Vismodegib	substrate_of	CYP2C9
Etoposide	substrate_of	PTGS1
Ifosfamide	substrate_of	PTGS1
Gefitinib	substrate_of	ABCB1
Atorvastatin	substrate_of	UGT1A3
Daprodustat	substrate_of	SLC22A8
Momelotinib	substrate_of	CYP1A2
Dextroamphetamine	substrate_of	CYP2D6
Mycophenolate mofetil	substrate_of	ABCB1
Defactinib	substrate_of	CYP3A4
Dolutegravir	substrate_of	ABCB1
Escitalopram	substrate_of	AOX1
Chlorpromazine	substrate_of	CYP1A2
Clozapine	substrate_of	CYP2C19
Tenofovir	substrate_of	NME1
Ubrogepant	substrate_of	SLC22A6
Sevabertinib	substrate_of	ABCB1
Prednisolone	substrate_of	CYP3A4
Hydroxyzine	substrate_of	ALB
Terbinafine	substrate_of	CYP1A2
Amitriptyline	substrate_of	CYP2D6
L-Glutamine	substrate_of	TGM1
Simvastatin	substrate_of	CYP3A4
Methotrexate	substrate_of	SLC22A6
Rupatadine	substrate_of	CYP2C9
Triclabendazole	substrate_of	CYP1A2
Promazine	substrate_of	CYP2D6
Adenosine	substrate_of	GJA1
Fludeoxyglucose (18F)	substrate_of	SLC2A9
Hydrocortisone	substrate_of	AKR1D1
Glecaprevir	substrate_of	ABCG2
Candesartan cilexetil	substrate_of	UGT1A3
Valproic acid	substrate_of	UGT2B15
Abiraterone	substrate_of	CYP3A4
Nateglinide	substrate_of	ABCC4
Anagrelide	substrate_of	CYP1A2
Acetylsalicylic acid	substrate_of	UGT1A6
Aminophylline	substrate_of	CYP1A2
Liraglutide	substrate_of	MME
Omeprazole	substrate_of	CYP2C8
Domperidone	substrate_of	CYP2B6
Belzutifan	substrate_of	CYP2C19
Adenosine	substrate_of	AK1
Conjugated estrogens	substrate_of	ABCC2
Diclofenac	substrate_of	CYP2B6
Flavin mononucleotide	substrate_of	FLAD1
Nicotine	substrate_of	CYP1A1
Diflunisal	substrate_of	UGT1A8
Olutasidenib	substrate_of	CYP2C19
Vitamin D	substrate_of	CYP3A4
Lamivudine	substrate_of	ABCC3
Cerivastatin	substrate_of	ABCB1
Momelotinib	substrate_of	ABCB1
Zaleplon	substrate_of	AOX1
Nabumetone	substrate_of	CYP2C9
Thymidine	substrate_of	TK1
Rabeprazole	substrate_of	CYP3A4
Momelotinib	substrate_of	CYP3A4
Atrasentan	substrate_of	CYP3A4
Rivaroxaban	substrate_of	CYP2J2
Dasatinib	substrate_of	CYP1A1
Donepezil	substrate_of	CYP2D6
Mirabegron	substrate_of	BCHE
Haloperidol	substrate_of	CYP2C19
Nylidrin	substrate_of	CYP3A4
(R)-warfarin	substrate_of	CYP1A1
Dexlansoprazole	substrate_of	CYP2C19
Astemizole	substrate_of	CYP2D6
Sofosbuvir	substrate_of	ABCB1
Elafibranor	substrate_of	CYP2C8
Liothyronine	substrate_of	UGT1A1
Albendazole	substrate_of	CYP3A4
Flecainide	substrate_of	ABCB1
Rosiglitazone	substrate_of	CYP3A4
Mirdametinib	substrate_of	UGT2B7
Dordaviprone	substrate_of	CYP3A5
Ezetimibe	substrate_of	UGT1A1
Panobinostat	substrate_of	CYP3A4
Ivermectin	substrate_of	CYP2E1
Abrocitinib	substrate_of	CYP2C9
Tenofovir disoproxil	substrate_of	CKB
Guanfacine	substrate_of	SLC22A1
Buprenorphine	substrate_of	CYP3A4
Imipramine	substrate_of	CYP2C18
Ferrous sulfate anhydrous	substrate_of	SLC11A2
Alogliptin	substrate_of	CYP2D6
Tacrolimus	substrate_of	CYP3A5
Imatinib	substrate_of	CYP2D6
Medroxyprogesterone acetate	substrate_of	CYP3A4
Paclitaxel	substrate_of	CYP3A4
Venlafaxine	substrate_of	ABCB1
Alosetron	substrate_of	CYP3A4
Pirfenidone	substrate_of	CYP2C19
Riociguat	substrate_of	CYP2C8
Palonosetron	substrate_of	CYP2D6
Mebendazole	substrate_of	CYP3A4
Naproxen	substrate_of	UGT1A6
Ursodeoxycholic acid	substrate_of	ABCB11
Vincristine	substrate_of	CYP3A7
Saquinavir	substrate_of	CYP3A4
Cholic Acid	substrate_of	SLC10A1
Sulpiride	substrate_of	SLC22A2
Nortriptyline	substrate_of	ABCB1
Relugolix	substrate_of	CYP2C8
Lorlatinib	substrate_of	CYP3A5
Warfarin	substrate_of	CYP2C18
Eszopiclone	substrate_of	CYP2C8
Flutamide	substrate_of	CYP1B1
Sildenafil	substrate_of	CYP2E1
Fenfluramine	substrate_of	CYP2C9
Eletriptan	substrate_of	ABCB1
Talazoparib	substrate_of	ABCG2
Temsirolimus	substrate_of	CYP3A7
Amitriptyline	substrate_of	CYP3A4
Vorasidenib	substrate_of	CYP3A4
Cyclophosphamide	substrate_of	CYP2C18
Tolbutamide	substrate_of	SLCO2B1
Bromocriptine	substrate_of	ABCB1
Estrone sulfate	substrate_of	CYP1A2
Oxcarbazepine	substrate_of	AKR1C3
Testosterone undecanoate	substrate_of	CYP3A4
Itraconazole	substrate_of	CYP3A4
Lamivudine	substrate_of	CMPK1
Brensocatib	substrate_of	CYP2C8
Atorvastatin	substrate_of	SLCO1B1
Cortisone acetate	substrate_of	SLC22A8
Sorafenib	substrate_of	UGT1A9
Doxorubicin	substrate_of	ABCB11
Dexfenfluramine	substrate_of	CYP1A2
Nalmefene	substrate_of	UGT1A8
Tamoxifen	substrate_of	CYP1A2
Elinzanetant	substrate_of	CYP3A4
Enasidenib	substrate_of	CYP1A2
Nefazodone	substrate_of	CYP2D6
Voxelotor	substrate_of	CYP3A4
Voxelotor	substrate_of	CYP2B6
Glimepiride	substrate_of	CYP2C9
Midazolam	substrate_of	CYP3A7
Diclofenac	substrate_of	UGT2B4
Urokinase	substrate_of	MMP12
Rivaroxaban	substrate_of	ABCB1
Abrocitinib	substrate_of	CYP2B6
Azelastine	substrate_of	CYP1A2
Montelukast	substrate_of	CYP2C9
Halofantrine	substrate_of	CYP3A5
Indapamide	substrate_of	CYP3A4
Olutasidenib	substrate_of	CYP1A2
Chlorpheniramine	substrate_of	CYP3A7
Clozapine	substrate_of	ABCB1
Tenofovir disoproxil	substrate_of	ABCC2
Erythromycin	substrate_of	SLCO1A2
Selpercatinib	substrate_of	ABCG2
Tecovirimat	substrate_of	UGT1A4
Cisapride	substrate_of	CYP3A5
Docetaxel	substrate_of	SLCO1B3
Valproic acid	substrate_of	UGT1A8
Prazosin	substrate_of	ABCG2
Vorasidenib	substrate_of	CYP2C8
Erlotinib	substrate_of	CYP3A4
Cefradine	substrate_of	SLC47A1
Palonosetron	substrate_of	CYP3A4
Ticlopidine	substrate_of	CYP2D6
Clozapine	substrate_of	CYP2C9
Lamivudine	substrate_of	NT5C
Delamanid	substrate_of	ddn
Ganciclovir	substrate_of	SLC22A1
Dexamethasone	substrate_of	HSD11B2
Cyanocobalamin	substrate_of	TCN2
Celecoxib	substrate_of	ABCG2
Ferulic acid	substrate_of	SLC16A1
Zuclopenthixol	substrate_of	CYP3A4
Deutetrabenazine	substrate_of	CYP1A2
Nabilone	substrate_of	CYP3A4
Clobazam	substrate_of	CYP2B6
Quizartinib	substrate_of	CYP3A7
Linzagolix	substrate_of	CYP3A4
Vericiguat	substrate_of	ABCB1
Erlotinib	substrate_of	CYP2C8
Revumenib	substrate_of	SLC22A1
Lenvatinib	substrate_of	ABCB1
Clozapine	substrate_of	FMO3
Silodosin	substrate_of	AKR1A1
Moxidectin	substrate_of	CYP2B
Istradefylline	substrate_of	CYP2C9
Mitapivat	substrate_of	CYP1A2
Nadolol	substrate_of	ABCB1
Antipyrine	substrate_of	CYP2E1
Delafloxacin	substrate_of	UGT1A3
Cloxacillin	substrate_of	SLC22A8
Phenytoin	substrate_of	EPHX1
Ziftomenib	substrate_of	ABCB1
Naloxone	substrate_of	UGT1A1
Tezacaftor	substrate_of	ABCG2
Benzgalantamine	substrate_of	CYP2D6
Estramustine	substrate_of	CYP3A4
Istradefylline	substrate_of	CYP3A4
Dexamethasone	substrate_of	ABCB1
Zonisamide	substrate_of	AOX1
Pravastatin	substrate_of	SLCO1B1
Vismodegib	substrate_of	CYP3A4
Encorafenib	substrate_of	CYP2D6
Maprotiline	substrate_of	CYP2D6
Zidovudine	substrate_of	UGT1A1
Zopiclone	substrate_of	CYP2C9
Linzagolix	substrate_of	SLCO1B1
Deutetrabenazine	substrate_of	CYP3A5
Glecaprevir	substrate_of	CYP3A4
Perampanel	substrate_of	CYP2B6
Phenytoin	substrate_of	CYP2E1
Adefovir dipivoxil	substrate_of	ABCC5
Amitriptyline	substrate_of	CYP2B6
Clozapine	substrate_of	SLC22A3
Lumiracoxib	substrate_of	CYP2C19
Warfarin	substrate_of	CYP2C9
Acoramidis	substrate_of	UGT1A9
Pitavastatin	substrate_of	SLCO1B3
Cenobamate	substrate_of	CYP2B6
Glipizide	substrate_of	UGT1A1
Sirolimus	substrate_of	CYP3A4
Nabilone	substrate_of	CYP2C8
Prazepam	substrate_of	CYP3A4
Asunaprevir	substrate_of	CYP2A6
Gefitinib	substrate_of	CYP3A5
Vorasidenib	substrate_of	CYP2B6
Triethylenetetramine	substrate_of	SAT1
Simvastatin	substrate_of	CYP3A5
Nitrendipine	substrate_of	CYP3A4
Oxtriphylline	substrate_of	CYP1A2
Insulin detemir	substrate_of	IDE
Flunitrazepam	substrate_of	CYP2B6
Fluvoxamine	substrate_of	CYP3A4
Methotrexate	substrate_of	ABCC3
Tolbutamide	substrate_of	CYP2C9
Pibrentasvir	substrate_of	ABCG2
Saxagliptin	substrate_of	CYP3A4
Lumateperone	substrate_of	CYP3A4
Atorvastatin	substrate_of	CYP2C8
Mefloquine	substrate_of	ABCB1
Tenofovir disoproxil	substrate_of	AK2
Trimethadione	substrate_of	CYP2C19
Methylergometrine	substrate_of	CYP3A4
L-Glutamine	substrate_of	PFAS
Diazepam	substrate_of	CYP3A7
Doxorubicin	substrate_of	RALBP1
Prasugrel	substrate_of	CYP2B6
Pimavanserin	substrate_of	CYP3A5
Simvastatin	substrate_of	CYP2C19
Tacrolimus	substrate_of	ABCA5
Tapentadol	substrate_of	CYP2C19
Istradefylline	substrate_of	CYP2B6
Bexagliflozin	substrate_of	UGT1A1
Topotecan	substrate_of	ABCG2
Fludeoxyglucose (18F)	substrate_of	SLC2A3
Valproic acid	substrate_of	SLC22A8
Nalmefene	substrate_of	UGT2B7
Bazedoxifene	substrate_of	UGT1A4
Asunaprevir	substrate_of	CYP2D6
Remibrutinib	substrate_of	CYP3A4
Betaine	substrate_of	BHMT
Tipiracil	substrate_of	SLC22A2
Dacarbazine	substrate_of	CYP1A1
Cannabidiol	substrate_of	UGT2B17
Prasugrel	substrate_of	CES2
Fluoxetine	substrate_of	CYP3A5
Deutivacaftor	substrate_of	CYP3A4
Lopinavir	substrate_of	CYP1A2
Desvenlafaxine	substrate_of	CYP3A4
Fludrocortisone	substrate_of	SERPINA6
Atorvastatin	substrate_of	CYP3A5
Metronidazole	substrate_of	UGT1A1
Valaciclovir	substrate_of	SLC22A8
Clobazam	substrate_of	CYP3A7
Erythromycin	substrate_of	ABCB11
Levocarnitine	substrate_of	SLC22A8
Tipranavir	substrate_of	CYP3A4
Pomalidomide	substrate_of	ABCB1
Trabectedin	substrate_of	CYP2D6
Famciclovir	substrate_of	AOX1
Sotorasib	substrate_of	CYP3A4
Glycopyrronium	substrate_of	CYP2C19
Quazepam	substrate_of	CYP2C19
Tretinoin	substrate_of	CYP3A4
Tapentadol	substrate_of	CYP2C9
Levofloxacin	substrate_of	ABCB1
Mitapivat	substrate_of	CYP2C8
Propranolol	substrate_of	CYP2C19
Metformin	substrate_of	SLC22A2
Naproxen	substrate_of	UGT1A7
Avacopan	substrate_of	ABCB1
Vemurafenib	substrate_of	ABCC1
Cimetidine	substrate_of	ALB
Terfenadine	substrate_of	CYP2D6
Modafinil	substrate_of	CYP3A5
Letermovir	substrate_of	CYP2D6
Lenvatinib	substrate_of	CYP3A4
Tamoxifen	substrate_of	ALB
Albendazole	substrate_of	CYP2C19
Dabrafenib	substrate_of	SLCO1B1
Calcifediol	substrate_of	CYP24A1
Tiagabine	substrate_of	CYP3A4
Azathioprine	substrate_of	GSTA2
Zaleplon	substrate_of	CYP3A7
Tamoxifen	substrate_of	CYP3A4
Ceftibuten	substrate_of	SLC22A6
Elexacaftor	substrate_of	ALB
Copanlisib	substrate_of	CYP3A5
Simvastatin	substrate_of	UGT2B7
Trimipramine	substrate_of	ABCB1
Estradiol acetate	substrate_of	CYP3A4
Debrisoquine	substrate_of	CYP1A1
Methadone	substrate_of	CYP2C9
Romidepsin	substrate_of	CYP2B6
Imatinib	substrate_of	ABCG2
Haloperidol	substrate_of	ABCB1
Vitamin D	substrate_of	CYP27B1
Ondansetron	substrate_of	CYP3A7
Dasatinib	substrate_of	CYP3A4
Lapatinib	substrate_of	CYP3A5
Rosiglitazone	substrate_of	CYP2C8
Ixazomib	substrate_of	CYP2C8
Ixazomib	substrate_of	CYP2C9
(R)-warfarin	substrate_of	CYP1A2
Umbralisib	substrate_of	CYP1A2
Entrectinib	substrate_of	CYP3A4
Prucalopride	substrate_of	ABCB1
Calcium citrate	substrate_of	PKD2L1
Citalopram	substrate_of	AOX1
Apomorphine	substrate_of	SULT1A2
Pipotiazine	substrate_of	CYP2D6
Calcium citrate	substrate_of	SLC8A1
Pralsetinib	substrate_of	ABCG2
Acyclovir	substrate_of	SLC47A2
Metformin	substrate_of	SLC22A3
Letrozole	substrate_of	CYP2A6
