986	0	180
965	0	1794
1298	0	1791
2588	0	186
1901	0	2860
2385	0	739
880	0	1625
2401	0	1789
420	0	1802
1483	0	1085
1924	0	1876
580	0	1791
574	0	1789
3657	0	1424
1110	0	1268
580	0	178
2377	0	1562
2997	0	729
2162	0	3725
1379	0	3176
420	0	1089
1336	0	1793
1177	0	1088
982	0	2860
1374	0	2790
2679	0	2649
996	0	2648
1926	0	1847
948	0	1876
3032	0	1789
2599	0	735
3032	0	1087
3895	0	178
2617	0	1235
2964	0	2649
3826	0	2328
2431	0	2908
2675	0	194
986	0	183
2461	0	2651
580	0	183
553	0	2862
1923	0	1876
3198	0	175
3207	0	3726
3821	0	1278
1151	0	3726
2405	0	1789
409	0	182
2950	0	1794
1214	0	185
341	0	3118
1214	0	178
553	0	3178
874	0	676
1336	0	1796
894	0	1086
2149	0	3726
2398	0	1086
1336	0	180
398	0	2651
3183	0	186
580	0	1795
392	0	2538
359	0	3177
2136	0	735
2369	0	2548
359	0	791
2578	0	2649
1336	0	1085
1821	0	2648
1145	0	1796
3649	0	2546
585	0	2651
2136	0	4326
3074	0	181
3040	0	2548
2376	0	2649
3203	0	1575
3039	0	2548
2377	0	1565
4033	0	741
3920	0	3118
2966	0	1789
1177	0	1087
891	0	2518
389	0	184
346	0	176
1346	0	3789
1335	0	1789
3591	0	1789
1825	0	1774
3183	0	182
3880	0	856
3879	0	1277
880	0	2862
2361	0	1847
1485	0	186
383	0	2559
1483	0	1089
3017	0	1789
2361	0	1848
880	0	763
587	0	1789
2679	0	2648
2979	0	2546
4028	0	2548
3190	0	467
3655	0	1394
2575	0	2649
1514	0	1088
4104	0	1794
1177	0	1795
409	0	1087
1177	0	1799
1550	0	1790
2988	0	184
591	0	2649
2404	0	1562
2599	0	733
2461	0	2649
420	0	1085
2617	0	2538
3004	0	2862
1520	0	2549
3002	0	184
3183	0	184
3056	0	2549
3581	0	266
1379	0	3118
880	0	3784
3919	0	2912
2963	0	175
3918	0	1789
576	0	181
2997	0	730
3821	0	2546
3893	0	1606
3073	0	1799
2699	0	2649
874	0	652
3891	0	3726
1335	0	184
2377	0	1564
3184	0	1278
3877	0	1087
331	0	184
378	0	1746
420	0	1789
1188	0	1774
867	0	1795
1517	0	1058
3891	0	3725
1339	0	2538
3202	0	2651
2584	0	1791
4060	0	1790
1330	0	2912
3665	0	2546
2597	0	1739
894	0	1087
1103	0	1277
1957	0	3116
1821	0	2649
4104	0	1793
1555	0	1627
341	0	3116
1379	0	3177
965	0	1797
3895	0	2527
3041	0	2548
2414	0	194
3253	0	2862
2041	0	1086
3825	0	2651
534	0	178
3074	0	184
1214	0	182
1336	0	1790
3202	0	2648
2383	0	2878
2371	0	2328
1926	0	2742
1514	0	1789
3934	0	2651
2171	0	1796
1922	0	1847
965	0	1799
2950	0	1795
2136	0	4224
2601	0	2546
3825	0	2649
874	0	2748
880	0	1794
1210	0	763
4104	0	1792
2587	0	2862
524	0	2563
2960	0	1738
1177	0	1796
2630	0	1842
3032	0	1088
3581	0	2790
4104	0	1795
1177	0	1792
580	0	1789
2137	0	2535
1910	0	1789
880	0	1626
1486	0	2648
3183	0	185
2385	0	2648
1379	0	3178
2148	0	2648
1367	0	2546
2568	0	763
4033	0	738
2148	0	2649
552	0	3178
399	0	2825
2568	0	762
552	0	3177
2960	0	1737
1177	0	186
1335	0	178
983	0	1278
409	0	1085
576	0	182
3672	0	1791
3032	0	181
2417	0	178
3026	0	3274
1167	0	2649
3920	0	3119
1481	0	2546
3649	0	1277
1933	0	1841
4105	0	1562
3919	0	2905
2975	0	179
920	0	186
2192	0	2310
3251	0	1086
548	0	728
1336	0	1794
1807	0	1425
1932	0	1841
3918	0	1796
3251	0	1088
3664	0	2862
2599	0	734
1163	0	2790
1189	0	2648
3672	0	1790
420	0	1086
2681	0	185
4038	0	845
359	0	3116
874	0	643
580	0	1794
2383	0	145
409	0	1790
867	0	1791
544	0	1774
1353	0	1278
2954	0	1841
3655	0	2825
3235	0	1672
2402	0	244
3014	0	1776
548	0	730
3911	0	2649
873	0	4005
2406	0	1799
2400	0	2262
1698	0	1789
2366	0	2790
1939	0	1737
1679	0	2011
409	0	181
3664	0	3131
2703	0	3277
3678	0	1277
2671	0	2518
1177	0	1790
3895	0	181
992	0	727
2369	0	2790
2161	0	3725
432	0	194
534	0	181
2417	0	180
1335	0	1085
3229	0	2546
381	0	2860
867	0	1789
2393	0	1562
2417	0	179
1818	0	2548
2966	0	181
2573	0	1616
1817	0	2651
2452	0	179
1214	0	186
1349	0	1278
3938	0	1794
580	0	181
409	0	1088
2377	0	1567
1486	0	2649
1357	0	1277
3002	0	185
1186	0	194
2171	0	1802
992	0	728
4105	0	1574
383	0	2560
2393	0	1608
2599	0	736
1481	0	2860
3032	0	1086
1906	0	2912
2966	0	178
553	0	2861
2366	0	1277
1177	0	1793
1150	0	2648
2966	0	1089
580	0	179
3672	0	1793
409	0	1796
2966	0	1791
1931	0	1842
2599	0	741
2164	0	1606
1955	0	2538
2997	0	731
580	0	1089
4075	0	728
2377	0	1566
2624	0	266
3920	0	3116
3628	0	3471
880	0	174
1142	0	244
1480	0	1795
2138	0	3559
576	0	183
3042	0	2548
4101	0	469
1353	0	1277
431	0	2649
2599	0	737
880	0	3783
383	0	2648
3244	0	1791
1484	0	2862
1103	0	2790
2171	0	181
2157	0	2546
1001	0	1277
580	0	1086
580	0	180
1214	0	181
2700	0	2651
1807	0	1424
1123	0	2548
1298	0	1789
409	0	1789
3033	0	1606
2627	0	2790
1149	0	3343
1336	0	181
2361	0	1876
3919	0	2861
2966	0	1086
1922	0	1876
4066	0	2546
985	0	2546
2180	0	1796
1379	0	3117
369	0	2825
2170	0	1606
3056	0	266
1716	0	1562
3934	0	629
1804	0	1087
381	0	2863
1524	0	3789
3053	0	185
2988	0	1085
1480	0	1796
2362	0	1847
1926	0	1876
2141	0	1088
1340	0	2295
1485	0	185
1330	0	2708
2374	0	1086
3905	0	1562
1157	0	2011
1304	0	2651
1352	0	1278
4105	0	1563
2384	0	727
992	0	1777
1352	0	2546
382	0	2651
1925	0	1847
1351	0	1277
1157	0	2010
1177	0	181
3920	0	3178
3244	0	1790
867	0	1086
4104	0	1789
1298	0	1790
1906	0	2907
2626	0	2790
920	0	185
1154	0	3789
512	0	2862
3569	0	2649
4104	0	1791
2376	0	2651
3244	0	1789
4085	0	1789
986	0	181
1807	0	1423
1924	0	1847
1485	0	184
2385	0	2651
1358	0	1277
3241	0	2546
2171	0	178
3672	0	1789
1480	0	1794
580	0	182
1153	0	2651
2363	0	2547
3090	0	1085
867	0	1089
3654	0	1562
4102	0	1789
867	0	1796
3208	0	2825
1352	0	1623
3582	0	2861
1020	0	2546
2165	0	3679
553	0	2546
1933	0	1842
3920	0	3177
2384	0	729
359	0	3118
2139	0	787
383	0	2649
2371	0	2329
580	0	1790
1956	0	1672
4075	0	731
2409	0	2079
409	0	183
3184	0	1277
894	0	1789
3628	0	1560
1957	0	3118
2162	0	3726
2041	0	2649
880	0	3782
3056	0	1278
420	0	1795
1807	0	1422
1917	0	2862
1821	0	2651
2406	0	727
867	0	1085
1527	0	266
2461	0	2648
4061	0	2539
3826	0	2329
986	0	182
2381	0	2862
1480	0	1789
409	0	1086
3074	0	178
1214	0	184
1932	0	1842
2966	0	1088
2624	0	2548
1153	0	2649
2954	0	1842
3089	0	1789
2141	0	1087
3056	0	1277
983	0	1277
574	0	1086
4101	0	3265
2627	0	266
1303	0	2310
1927	0	1847
1336	0	1789
1122	0	174
1177	0	1791
4108	0	3789
3649	0	2790
2966	0	180
3856	0	266
1931	0	1841
3183	0	179
2606	0	194
548	0	727
1343	0	470
1927	0	1876
1482	0	2546
2998	0	1796
874	0	726
440	0	2310
1177	0	178
2955	0	1842
1693	0	2094
1963	0	1711
583	0	2548
1906	0	2908
2384	0	730
3204	0	2862
364	0	1790
867	0	1794
355	0	4005
3587	0	1606
2384	0	728
1490	0	3711
1122	0	176
3919	0	2908
1177	0	1789
3911	0	2648
4025	0	2861
2966	0	1794
580	0	1087
2399	0	1795
574	0	1087
1361	0	185
2584	0	1789
4085	0	1790
1550	0	1791
4085	0	1791
982	0	2094
2141	0	1086
4101	0	3331
2139	0	788
4075	0	727
346	0	175
992	0	730
3834	0	1799
2658	0	2545
2431	0	2907
2966	0	179
3825	0	2648
1533	0	194
409	0	1794
3033	0	3114
2699	0	2648
867	0	1088
1150	0	2651
2584	0	1790
409	0	1795
1202	0	759
1337	0	2546
1298	0	1793
1911	0	3737
3929	0	2534
1149	0	2648
4033	0	739
2154	0	1674
2998	0	1794
2961	0	3343
2677	0	1799
2997	0	727
3056	0	2548
3040	0	2549
1304	0	2649
1142	0	2548
416	0	3331
3183	0	178
3999	0	3393
2989	0	2546
2188	0	1085
2384	0	731
1353	0	2546
346	0	177
382	0	2648
2699	0	2651
2419	0	2546
3039	0	2549
3056	0	2649
3074	0	185
321	0	2919
1710	0	2862
1482	0	2860
3569	0	2648
335	0	3783
3581	0	2548
1001	0	1278
1336	0	1791
359	0	790
1214	0	180
3911	0	2651
867	0	1790
880	0	3785
341	0	3176
1925	0	1876
2136	0	4324
1358	0	1278
2687	0	1277
1336	0	179
1693	0	2860
2161	0	3726
3202	0	2649
383	0	3343
2141	0	1085
1189	0	2651
3877	0	2651
2599	0	742
346	0	174
2975	0	178
3664	0	3130
2136	0	4325
4104	0	1802
2947	0	4005
4025	0	2862
4075	0	729
3920	0	3117
2115	0	1793
1151	0	3725
3933	0	186
1352	0	1277
3920	0	3176
4040	0	186
880	0	1789
3056	0	2790
3065	0	1395
3998	0	2825
2573	0	1617
553	0	3176
1901	0	2862
1149	0	2649
2398	0	181
3893	0	1601
880	0	3777
2630	0	631
3090	0	1086
1210	0	762
1385	0	1606
3187	0	469
1519	0	3789
1354	0	1277
888	0	2546
1149	0	2651
4104	0	1790
389	0	670
389	0	3480
1364	0	2546
553	0	3177
552	0	3176
420	0	1796
874	0	642
372	0	2821
996	0	2651
1923	0	1847
4050	0	2236
359	0	3117
986	0	179
3918	0	1813
874	0	651
424	0	225
1177	0	1794
538	0	2912
3580	1	1563
356	1	2653
1490	1	1888
1211	1	1980
3029	1	3353
1939	1	2503
996	1	2651
4100	1	2031
4099	1	112
4100	1	2713
3840	1	1562
1319	1	214
1136	1	2825
1507	1	4266
1919	1	254
987	1	214
438	1	2653
386	1	1562
3085	1	1562
1295	1	214
2461	1	214
1209	1	214
2629	1	2653
2583	1	3391
1492	1	779
4099	1	469
3869	1	1565
431	1	1406
2982	1	2653
1481	1	214
1493	1	2503
946	1	169
1507	1	4229
3089	1	728
3933	1	214
3047	1	1564
1028	1	214
1507	1	4154
376	1	2092
3866	1	785
1351	1	1281
1003	1	3528
4100	1	1392
1213	1	3328
1016	1	2327
322	1	1407
2614	1	1562
3089	1	1791
2674	1	1733
940	1	214
1507	1	4202
4096	1	3390
1519	1	1564
2429	1	2212
994	1	856
1915	1	2653
4101	1	1748
4099	1	2765
2367	1	214
949	1	3709
560	1	2263
1710	1	1996
1159	1	214
2449	1	3326
4101	1	3509
2616	1	4332
4100	1	717
4031	1	2653
2699	1	2653
3014	1	214
867	1	185
1507	1	4169
2347	1	3781
1493	1	779
4099	1	1393
3189	1	2653
4099	1	719
2041	1	727
1494	1	1737
2350	1	2653
4025	1	2635
1351	1	3499
3580	1	1565
1939	1	3709
4101	1	3766
900	1	2537
3073	1	214
1490	1	3709
2043	1	3341
2109	1	127
4024	1	3479
3204	1	214
1507	1	4178
3938	1	1791
3641	1	1450
2679	1	456
1508	1	4267
424	1	3740
4101	1	2033
995	1	4280
1349	1	214
2119	1	135
2184	1	1792
1914	1	2798
946	1	4151
2168	1	1636
1493	1	1462
2626	1	214
1910	1	1085
2597	1	2530
2147	1	266
4101	1	2267
4101	1	253
324	1	2653
4100	1	248
1349	1	2653
3633	1	3480
4101	1	502
537	1	650
4100	1	1849
333	1	2653
4100	1	1250
2677	1	1789
3227	1	4296
2149	1	1887
874	1	667
1315	1	2311
356	1	214
1708	1	214
2149	1	1888
1379	1	790
1929	1	1842
2184	1	1777
2158	1	214
2405	1	1790
2062	1	1614
4099	1	262
2183	1	3494
874	1	653
1482	1	2862
390	1	3366
1508	1	1736
1963	1	4208
2412	1	3723
3883	1	214
4099	1	1849
3859	1	4193
4046	1	3794
4046	1	3796
4100	1	783
4100	1	2528
2141	1	3484
2674	1	1244
1910	1	2653
3859	1	3709
4101	1	220
1151	1	3768
4100	1	608
2416	1	175
995	1	4281
4099	1	3270
4099	1	3265
3608	1	3481
867	1	179
1494	1	3711
3920	1	2074
4101	1	2021
2668	1	3378
2677	1	2651
1508	1	488
4100	1	1057
4102	1	2653
4099	1	720
2963	1	3743
1517	1	3406
1508	1	4202
1928	1	1847
4099	1	1892
2184	1	3481
2149	1	3793
4101	1	1250
428	1	2653
1494	1	1461
3898	1	214
4100	1	3805
4101	1	2326
4100	1	1737
3893	1	214
2979	1	1562
420	1	185
1930	1	1842
1557	1	2653
1117	1	2240
986	1	214
1205	1	1777
874	1	3263
2345	1	2653
1016	1	4166
420	1	1790
3630	1	3378
1352	1	3391
383	1	1791
2683	1	214
2696	1	186
1907	1	2266
876	1	135
874	1	747
1508	1	4165
1357	1	832
1507	1	2856
2378	1	3387
2416	1	2653
3850	1	2653
2406	1	2653
1821	1	214
2449	1	1277
2416	1	214
3184	1	2653
1507	1	4270
1149	1	2651
4100	1	2267
420	1	1085
1151	1	3493
2041	1	2648
2674	1	2744
1117	1	139
1507	1	1049
4099	1	2654
4100	1	2303
4053	1	2881
3928	1	214
1915	1	2009
340	1	2741
3029	1	3354
4101	1	254
4100	1	3268
4099	1	2028
1962	1	214
3227	1	4294
2574	1	214
1133	1	2653
2571	1	3330
4100	1	2325
1939	1	1461
3629	1	3436
4100	1	3312
874	1	2494
3038	1	181
3570	1	2535
3186	1	2328
334	1	214
3938	1	184
3852	1	214
868	1	214
874	1	675
1823	1	214
4099	1	259
4099	1	2903
874	1	3770
4100	1	1970
1209	1	2547
2569	1	214
1016	1	2304
4099	1	1860
432	1	214
2161	1	3484
4039	1	214
521	1	214
4099	1	717
3853	1	730
1519	1	1572
1507	1	4191
1920	1	2881
560	1	2264
417	1	214
2120	1	4293
340	1	672
589	1	214
4099	1	3349
386	1	3481
3862	1	2653
4046	1	3801
3839	1	135
4030	1	2653
1507	1	158
1338	1	214
420	1	1791
3938	1	1797
3869	1	1564
1213	1	1393
3633	1	3385
4099	1	597
572	1	3745
4101	1	279
3627	1	214
4099	1	254
4101	1	1421
4101	1	2713
4053	1	2868
976	1	1562
426	1	1991
420	1	2651
2184	1	1085
923	1	214
4099	1	2309
369	1	1430
2449	1	3341
4020	1	1755
3873	1	214
1329	1	3793
1482	1	2302
3047	1	1567
1938	1	1972
3816	1	3793
1028	1	2541
4055	1	2653
3029	1	3357
882	1	849
424	1	2831
1492	1	3711
1717	1	214
2374	1	1643
346	1	214
3089	1	730
560	1	2737
1211	1	214
940	1	1777
1142	1	2544
1352	1	471
590	1	1562
4101	1	1446
583	1	214
3856	1	3341
3041	1	3325
333	1	214
3056	1	1278
4099	1	1421
3200	1	2653
1492	1	2503
2107	1	3295
1824	1	3494
1315	1	3330
880	1	1610
1507	1	1867
1678	1	1393
4099	1	2267
1016	1	2296
1195	1	835
1492	1	1461
359	1	839
3014	1	2653
1507	1	4309
3900	1	214
2664	1	214
2184	1	1791
2139	1	2311
1212	1	2548
874	1	3271
4031	1	214
2139	1	714
3089	1	857
1494	1	779
424	1	464
950	1	821
1899	1	2313
4099	1	1859
950	1	3709
946	1	2545
946	1	772
4099	1	3323
375	1	3480
3047	1	1565
1493	1	2504
4100	1	3269
1351	1	471
4053	1	1069
2140	1	214
867	1	184
3047	1	1562
1960	1	214
1939	1	2842
4100	1	595
2108	1	4180
2363	1	214
2374	1	3490
1519	1	1569
3032	1	3386
1193	1	2654
3008	1	214
1352	1	3499
1007	1	843
346	1	3406
1154	1	214
3668	1	4240
1309	1	214
3847	1	214
4099	1	2303
4100	1	1861
2350	1	1794
4099	1	1875
3662	1	214
4099	1	1889
4099	1	248
1507	1	1591
3040	1	3325
4100	1	1390
2184	1	183
4099	1	603
3630	1	3379
4101	1	2309
2416	1	1562
2184	1	729
1512	1	214
3608	1	3480
435	1	2653
3612	1	214
3586	1	214
4099	1	3509
886	1	214
383	1	2653
4099	1	3341
1222	1	2653
3066	1	2891
4101	1	1586
4025	1	214
1545	1	214
4100	1	1748
2701	1	214
4099	1	252
2668	1	3389
2129	1	633
3668	1	4173
4099	1	3269
2361	1	1852
2361	1	1850
3074	1	1086
420	1	730
1507	1	4311
1492	1	2504
2107	1	3289
4053	1	3309
4104	1	119
3629	1	3378
2184	1	1797
3570	1	3723
890	1	2653
4100	1	1833
2629	1	214
3056	1	3341
2607	1	135
4100	1	1858
1351	1	2493
1213	1	3724
4101	1	262
558	1	214
2957	1	130
2361	1	1853
946	1	1621
3206	1	484
1154	1	1562
1708	1	132
1352	1	3341
990	1	214
3254	1	3350
3044	1	4219
1706	1	214
4100	1	260
4099	1	598
2139	1	3388
4100	1	607
1006	1	214
4020	1	1254
995	1	4233
2402	1	1779
2408	1	214
3869	1	1566
3046	1	2032
1205	1	1801
4100	1	3341
4101	1	782
1349	1	1277
1001	1	214
1352	1	1399
3859	1	1888
4053	1	228
4100	1	111
1351	1	214
946	1	770
2353	1	214
3044	1	4190
2701	1	2818
1507	1	148
2702	1	214
1508	1	4250
1162	1	214
2417	1	3364
966	1	112
3880	1	214
359	1	2900
4100	1	2025
2189	1	287
1482	1	2861
1507	1	4244
2608	1	214
1507	1	4249
962	1	214
420	1	2648
4100	1	2731
2106	1	122
2376	1	714
2139	1	4068
3063	1	214
383	1	1777
1720	1	2653
1486	1	2653
946	1	775
941	1	1996
1353	1	3499
1507	1	4194
3935	1	214
1016	1	2298
2663	1	2653
3226	1	2653
4100	1	1892
3870	1	214
1342	1	3482
386	1	1777
1519	1	1574
385	1	1562
1684	1	647
1555	1	3326
4101	1	3709
4099	1	256
4101	1	1750
4100	1	3793
3633	1	3481
4100	1	2789
976	1	214
2698	1	214
2350	1	1796
912	1	214
4100	1	597
1494	1	2504
3089	1	1797
4100	1	1859
2107	1	3301
340	1	3744
409	1	214
1157	1	3793
1508	1	4129
4101	1	3349
3629	1	3379
4101	1	2303
3036	1	1562
4099	1	261
4099	1	1778
4099	1	2020
1507	1	4328
520	1	214
4101	1	2789
424	1	2710
2362	1	1876
1114	1	214
3590	1	2719
4100	1	760
1353	1	3391
343	1	214
2390	1	214
424	1	2709
4054	1	665
946	1	2320
866	1	4013
4101	1	783
3040	1	214
4066	1	214
2428	1	2653
424	1	1238
3821	1	1281
2686	1	1235
1343	1	2560
2467	1	214
4100	1	2326
1151	1	3499
1507	1	4231
3048	1	214
2374	1	3462
3093	1	2653
4099	1	1277
4100	1	1857
4101	1	2930
1507	1	1594
340	1	1787
1351	1	3341
3093	1	214
4100	1	1586
1494	1	3709
3920	1	2766
2043	1	266
420	1	2649
3853	1	2653
2193	1	214
946	1	1400
420	1	182
995	1	4115
4025	1	690
1364	1	3967
3853	1	727
1186	1	3494
2981	1	3364
933	1	3492
1507	1	4257
2184	1	727
2602	1	214
385	1	1566
1492	1	1462
3623	1	1990
1346	1	1562
995	1	4220
877	1	1864
420	1	1643
4099	1	1047
874	1	3264
4099	1	1973
2610	1	214
529	1	214
1351	1	2546
1508	1	4189
4053	1	3310
1917	1	214
1693	1	214
359	1	1852
416	1	3330
2629	1	1796
4100	1	2024
4096	1	1441
4099	1	2278
2167	1	1871
874	1	2565
874	1	1590
938	1	214
4101	1	3265
1357	1	3341
2184	1	1089
590	1	1563
1519	1	1576
1357	1	214
389	1	1086
3063	1	1790
1959	1	2653
946	1	1398
3989	1	2501
1508	1	4237
1507	1	4269
4099	1	1738
1507	1	4189
2663	1	214
1151	1	3484
1494	1	2503
1213	1	2784
3225	1	1786
4102	1	739
1353	1	1281
426	1	2248
2374	1	1562
1133	1	181
911	1	214
1939	1	1236
1479	1	650
335	1	214
1494	1	1416
1016	1	2332
4099	1	1231
4053	1	2869
3989	1	3307
431	1	2653
1133	1	1086
1493	1	1236
2462	1	1711
1351	1	736
3580	1	1564
874	1	1404
1508	1	4288
3049	1	714
946	1	774
2184	1	731
4100	1	1657
4092	1	214
3047	1	1563
2112	1	3386
4101	1	2874
3941	1	1270
2598	1	650
322	1	1408
590	1	1567
1117	1	1788
2182	1	1268
3041	1	244
1824	1	214
4099	1	2789
3204	1	133
2184	1	1789
1508	1	4195
4100	1	2874
4101	1	1970
946	1	771
3651	1	3404
4039	1	1673
1153	1	714
4101	1	2731
4099	1	2033
1959	1	214
4099	1	1745
1493	1	1750
383	1	1992
2183	1	3497
1507	1	4216
4096	1	3385
4030	1	214
2385	1	2653
3203	1	214
1731	1	182
3089	1	1802
4096	1	3408
381	1	184
1508	1	4203
1519	1	1568
1142	1	214
2167	1	3302
422	1	287
424	1	2638
2376	1	214
4100	1	279
4101	1	2324
1351	1	1623
4100	1	4018
1929	1	1841
1205	1	2653
1807	1	1429
874	1	2564
4100	1	191
3063	1	1789
1898	1	214
4100	1	3349
424	1	2833
4101	1	3319
1336	1	183
1162	1	3408
1923	1	214
3885	1	3330
1205	1	214
1027	1	2019
1530	1	1562
4099	1	2024
4051	1	214
1224	1	3299
4100	1	1608
2377	1	2884
3668	1	4171
1479	1	3751
3200	1	845
4100	1	1393
1519	1	1578
1133	1	1796
4100	1	782
2605	1	625
4100	1	2654
3629	1	3437
2167	1	1656
3089	1	731
3570	1	3764
1492	1	1416
4100	1	598
3236	1	214
4100	1	3325
417	1	2653
4099	1	1769
3184	1	214
3571	1	2653
403	1	214
1508	1	4253
2042	1	214
1479	1	3750
3570	1	2719
579	1	1562
2361	1	1846
4099	1	2324
1807	1	3330
355	1	3176
3822	1	2653
4099	1	3762
1939	1	1750
2449	1	3325
1508	1	4246
2184	1	1802
3885	1	816
1939	1	196
995	1	4145
1011	1	2653
1950	1	4219
1507	1	4282
1490	1	653
387	1	214
1507	1	4241
3617	1	214
1353	1	471
3905	1	214
936	1	1562
4100	1	1231
383	1	1790
1374	1	214
1496	1	4331
4099	1	3325
4101	1	2903
2042	1	1562
2361	1	1854
4101	1	3312
866	1	1624
424	1	2014
4099	1	260
1364	1	214
1507	1	823
4053	1	2834
935	1	214
3873	1	3380
4099	1	2326
368	1	1562
946	1	776
4108	1	1564
4099	1	279
4099	1	1858
1208	1	214
4100	1	596
1684	1	646
1519	1	1571
3041	1	214
2596	1	214
2693	1	1562
3011	1	214
2659	1	214
1901	1	214
2587	1	214
2580	1	714
1022	1	2867
874	1	3267
1492	1	1750
368	1	2653
2110	1	3290
874	1	654
3231	1	214
3580	1	1566
4100	1	3762
3091	1	214
4100	1	1750
2459	1	228
4100	1	2278
2950	1	1085
3651	1	214
324	1	214
988	1	1562
1508	1	4125
1351	1	3391
2597	1	3081
1508	1	3166
337	1	214
1373	1	3176
3254	1	3494
3043	1	3374
1016	1	124
325	1	214
2957	1	214
1492	1	1236
4060	1	3480
2184	1	1774
2139	1	3395
4100	1	3988
1385	1	214
867	1	178
575	1	1876
2168	1	1870
3089	1	1790
4101	1	1277
4108	1	1566
3938	1	1085
4099	1	3319
2347	1	3780
1357	1	266
3089	1	1089
424	1	1236
1360	1	2078
4100	1	599
4100	1	1866
992	1	3385
4100	1	1875
1351	1	1399
4100	1	1745
1519	1	1575
1507	1	1412
3089	1	1087
2347	1	3458
420	1	135
934	1	691
1507	1	4272
1310	1	214
992	1	1089
412	1	214
4099	1	3793
1720	1	214
2387	1	479
2179	1	1562
2149	1	214
2184	1	182
4100	1	3321
1353	1	3341
4099	1	605
2989	1	214
4066	1	2653
452	1	214
3059	1	214
1508	1	3338
1095	1	214
424	1	2832
4099	1	1409
4100	1	169
2988	1	181
3089	1	1088
1353	1	1399
2427	1	257
2373	1	129
3089	1	1792
4100	1	2020
2184	1	3482
1507	1	4201
2167	1	3305
4100	1	601
1117	1	1460
874	1	2769
874	1	746
1508	1	4188
3836	1	2704
4101	1	3270
2376	1	3482
4025	1	705
3629	1	3435
2168	1	1656
1351	1	3495
874	1	3140
4099	1	2021
3047	1	1566
966	1	2309
3039	1	3325
2977	1	214
1289	1	214
583	1	3325
1507	1	4218
3649	1	214
938	1	2653
2390	1	3500
4100	1	112
1710	1	214
3586	1	2653
1179	1	640
3058	1	731
2041	1	2651
3044	1	4182
424	1	1237
4101	1	3268
2133	1	214
4053	1	3308
874	1	674
880	1	1632
4050	1	467
4060	1	184
2112	1	3385
3029	1	3359
4101	1	1745
2139	1	797
2674	1	1227
4038	1	3482
1133	1	834
18	1	214
1531	1	214
2350	1	1086
2614	1	3291
4101	1	3762
1709	1	133
3020	1	692
322	1	4018
3617	1	3462
1117	1	2225
560	1	2739
1950	1	4197
1950	1	214
3010	1	214
1512	1	2653
4100	1	3509
420	1	184
3938	1	727
3056	1	2653
4099	1	2027
420	1	728
2366	1	214
1364	1	3341
1352	1	3494
1492	1	196
1148	1	3481
2674	1	2768
4093	1	1562
922	1	214
1222	1	3621
4099	1	1866
4101	1	1766
4096	1	214
1507	1	4130
4100	1	784
4099	1	607
1213	1	2894
1547	1	214
2583	1	214
4099	1	596
2583	1	4256
4101	1	257
4099	1	599
2950	1	181
3038	1	182
2998	1	3343
2967	1	266
3232	1	3290
1198	1	214
420	1	1775
4101	1	2325
383	1	1775
1494	1	1236
2629	1	2791
4046	1	1972
1508	1	4248
4100	1	2033
4097	1	214
3920	1	790
1910	1	214
1939	1	1462
3571	1	214
2580	1	214
2982	1	214
970	1	3407
3037	1	214
3610	1	690
4100	1	719
2398	1	214
966	1	214
4099	1	1748
2347	1	214
2187	1	214
992	1	1667
1939	1	779
1179	1	633
3633	1	3387
2364	1	2010
3203	1	1562
2664	1	2653
3938	1	182
2161	1	214
520	1	2653
2387	1	2332
1507	1	4243
4099	1	3268
880	1	1762
1938	1	214
420	1	1792
1507	1	4321
323	1	2653
428	1	214
2167	1	3303
874	1	669
1815	1	214
3856	1	214
1186	1	214
3608	1	214
3897	1	1996
4101	1	3321
4101	1	614
587	1	2653
373	1	1975
3623	1	630
1910	1	1086
2659	1	3528
4100	1	2748
1507	1	146
992	1	214
4099	1	3766
3236	1	2653
1906	1	2820
425	1	2653
3008	1	3380
4101	1	1772
1494	1	196
4100	1	2030
3184	1	3710
2679	1	214
3676	1	3289
420	1	731
420	1	1800
4100	1	195
4099	1	1657
3050	1	1079
4053	1	3792
999	1	214
2347	1	754
420	1	1776
3256	1	214
3239	1	214
4101	1	1773
2139	1	792
1689	1	214
4099	1	195
2141	1	3487
1507	1	4228
4101	1	2278
1906	1	214
1222	1	3622
1141	1	214
1507	1	1077
4099	1	1608
1221	1	214
4099	1	3322
328	1	214
3044	1	4230
1494	1	2842
3002	1	2653
4100	1	2309
2347	1	2312
4101	1	1833
1028	1	3527
995	1	4152
2601	1	214
1524	1	1562
3617	1	254
1193	1	2653
2112	1	3380
995	1	4312
1094	1	214
2139	1	789
420	1	1777
1910	1	1801
4100	1	602
4099	1	255
1373	1	214
4099	1	1446
4099	1	2025
991	1	1562
3039	1	214
1352	1	3495
946	1	1281
340	1	687
4100	1	469
4100	1	1446
587	1	214
3630	1	3437
2184	1	184
4099	1	600
2184	1	1800
2168	1	1871
976	1	3965
385	1	1567
1508	1	4283
2362	1	1848
1508	1	3136
1717	1	132
2699	1	214
1353	1	3494
3239	1	2653
1962	1	722
2936	1	214
424	1	2711
2184	1	1088
4099	1	2030
1351	1	1782
4099	1	2713
2364	1	2011
3580	1	1562
1508	1	2856
979	1	214
1907	1	214
4101	1	2654
4100	1	253
2167	1	1636
4024	1	3364
1186	1	3497
4108	1	1563
1507	1	2204
2139	1	3387
4101	1	214
355	1	841
4099	1	601
1507	1	4147
3586	1	3967
369	1	3332
946	1	778
3023	1	214
2184	1	181
1901	1	1399
1820	1	214
2043	1	214
3853	1	728
4099	1	191
2387	1	2274
1508	1	1735
4100	1	1891
4101	1	1890
4055	1	214
3859	1	3711
961	1	1562
1490	1	4193
1171	1	214
432	1	2547
1151	1	3495
384	1	633
3200	1	214
2374	1	3387
3254	1	3492
4101	1	169
900	1	1602
4101	1	719
1179	1	214
4101	1	1889
3067	1	3773
4099	1	220
578	1	3559
3063	1	2653
1162	1	3407
4099	1	2325
4052	1	1589
1507	1	2496
4099	1	1392
1825	1	214
4100	1	1778
4101	1	3805
4053	1	2882
1387	1	2013
1096	1	2841
1098	1	214
4100	1	2028
1016	1	2095
2658	1	834
1387	1	2010
323	1	214
3658	1	2649
1179	1	2653
424	1	2794
3029	1	3358
2986	1	4323
3226	1	214
4100	1	2324
1939	1	1416
4053	1	2546
2164	1	214
383	1	2651
4099	1	2528
4099	1	253
1507	1	822
1823	1	2653
3852	1	2653
3661	1	4198
1351	1	3494
4101	1	603
2971	1	214
4099	1	784
2184	1	3480
4099	1	2874
4092	1	3408
1358	1	214
4100	1	779
3855	1	2919
1816	1	214
1493	1	1416
966	1	285
2405	1	1793
431	1	214
2376	1	2653
2693	1	214
4101	1	779
874	1	1405
1555	1	214
1507	1	4116
2184	1	178
2162	1	3793
1963	1	4209
1311	1	214
3850	1	214
880	1	114
1493	1	1737
1492	1	2842
4101	1	2765
345	1	2704
3095	1	214
431	1	1643
3668	1	4172
3668	1	4204
3240	1	1663
1352	1	214
4092	1	3407
2950	1	178
424	1	2714
340	1	673
4099	1	1390
3667	1	3330
2971	1	2653
4101	1	1875
1006	1	3325
3208	1	3332
4096	1	3382
943	1	214
1508	1	2533
2392	1	843
1345	1	1062
4096	1	3404
383	1	727
328	1	2653
3897	1	132
2957	1	135
880	1	798
3042	1	3325
4100	1	2021
992	1	2653
4100	1	261
1962	1	2653
2405	1	1792
2345	1	214
1358	1	3341
449	1	214
1939	1	3711
434	1	214
2626	1	3341
4099	1	689
4099	1	3763
420	1	1089
1507	1	4281
4100	1	262
1336	1	1795
1181	1	2016
1493	1	196
1206	1	4005
1496	1	4330
1519	1	1562
4100	1	2027
1508	1	4221
2184	1	728
3858	1	214
2385	1	214
1720	1	849
1508	1	4313
3859	1	653
1221	1	2653
3184	1	3329
590	1	1564
2572	1	3743
3879	1	214
1920	1	2883
1374	1	3341
4099	1	3709
2361	1	1851
1160	1	214
4101	1	689
2184	1	1801
4099	1	1861
2694	1	3290
380	1	2818
4021	1	3389
2601	1	2653
4099	1	3805
4099	1	1890
4099	1	1090
2410	1	4286
2588	1	214
1928	1	1876
2147	1	3341
4099	1	3331
4100	1	1409
2674	1	2094
390	1	3364
1351	1	2318
340	1	2337
4031	1	122
590	1	1566
3610	1	2635
1170	1	214
390	1	3365
1507	1	4236
1353	1	2318
1022	1	665
3186	1	2329
4046	1	3802
4108	1	1562
2616	1	4246
1817	1	3343
3869	1	1562
4101	1	599
3657	1	1421
4107	1	1562
1941	1	214
1507	1	1896
4100	1	1890
425	1	214
4100	1	689
1308	1	214
4099	1	2029
4100	1	256
1357	1	1278
1157	1	228
2358	1	3372
1495	1	1737
4100	1	1973
1507	1	4170
4100	1	600
2184	1	730
2393	1	2323
1157	1	214
4100	1	2903
2184	1	1087
409	1	854
3029	1	3356
1912	1	1277
3841	1	214
4099	1	111
1352	1	1281
2589	1	179
2682	1	214
1508	1	2839
4100	1	606
2162	1	214
3898	1	133
1507	1	4271
1508	1	1072
4099	1	1737
3089	1	1796
994	1	2653
3227	1	4295
1207	1	3706
1343	2	854
4053	2	1764
905	2	2311
3649	2	829
2694	2	854
3046	2	833
2979	2	3965
2123	2	854
3999	2	120
4053	2	1592
571	2	856
1902	2	845
403	2	135
3041	2	848
2376	2	834
3890	2	119
3642	2	854
2144	2	854
4057	2	845
3911	2	181
2957	2	1058
2979	2	857
1334	2	854
2694	2	856
412	2	854
3226	2	856
3226	2	843
2187	2	848
351	2	834
1319	2	847
2939	2	854
1940	2	845
1818	2	848
552	2	854
3046	2	834
3040	2	854
4101	2	2853
3031	2	849
3031	2	856
428	2	119
437	2	854
3821	2	3326
888	2	856
2596	2	845
2432	2	3965
1941	2	854
1534	2	833
2112	2	833
2601	2	127
367	2	849
1498	2	845
2418	2	856
3048	2	854
4066	2	849
403	2	119
1505	2	3376
3056	2	3494
2452	2	854
2626	2	854
4057	2	854
966	2	858
3848	2	750
1118	2	3480
1963	2	119
3041	2	854
3047	2	854
2979	2	124
2686	2	834
2132	2	847
2603	2	845
4096	2	3965
1818	2	119
3241	2	849
3253	2	854
1555	2	3389
2658	2	120
3012	2	845
1818	2	845
3253	2	845
2376	2	854
3998	2	3332
403	2	854
946	2	120
1716	2	850
2979	2	859
3046	2	835
894	2	854
1123	2	854
1200	2	1794
1319	2	854
2144	2	834
3201	2	849
2675	2	128
3649	2	119
3206	2	856
3821	2	119
2601	2	128
1378	2	854
1526	2	844
3041	2	849
3031	2	854
2601	2	849
999	2	119
3856	2	3492
3226	2	849
1212	2	2917
3031	2	848
3642	2	847
2989	2	847
1528	2	1063
2112	2	835
3042	2	835
1142	2	847
403	2	847
1925	2	834
583	2	849
3226	2	854
3821	2	854
946	2	3351
4046	2	854
3201	2	834
411	2	849
1292	2	845
3654	2	834
3041	2	856
3258	2	834
4053	2	854
1364	2	3965
3227	2	854
2610	2	848
1820	2	287
1330	2	2913
1541	2	849
3905	2	854
2426	2	2916
1940	2	849
2979	2	834
3880	2	845
972	2	3472
3654	2	854
3998	2	3327
3909	2	847
1142	2	120
2664	2	845
3225	2	854
2601	2	845
3228	2	847
3226	2	857
422	2	854
1311	2	854
1311	2	849
2989	2	845
351	2	833
3654	2	845
1208	2	122
1537	2	851
925	2	845
2452	2	834
427	2	854
437	2	845
4101	2	4018
3241	2	834
2432	2	849
4028	2	854
888	2	848
3678	2	3326
1292	2	854
3856	2	2203
2186	2	753
3839	2	854
3042	2	843
891	2	3530
946	2	119
1914	2	854
1186	2	833
1916	2	119
3042	2	848
584	2	2917
1142	2	854
1119	2	845
411	2	854
2979	2	128
1364	2	127
3821	2	3341
2979	2	833
1095	2	854
2979	2	849
3012	2	847
583	2	835
2989	2	856
3676	2	849
3657	2	1424
3226	2	119
1210	2	849
1924	2	834
3225	2	849
1142	2	127
894	2	856
1960	2	833
2187	2	849
1207	2	119
4020	2	3965
2610	2	849
2965	2	854
3041	2	847
2418	2	857
3226	2	845
940	2	854
571	2	854
1298	2	843
2402	2	845
440	2	849
583	2	847
1292	2	857
3182	2	834
2130	2	854
1319	2	856
2989	2	834
3580	2	847
2176	2	849
1148	2	3372
2596	2	854
2419	2	119
1006	2	244
1310	2	845
1941	2	845
1505	2	124
3866	2	163
1705	2	845
3665	2	854
2589	2	119
2989	2	3965
3676	2	847
3205	2	847
2971	2	845
1964	2	845
966	2	130
2137	2	2534
434	2	854
3201	2	856
421	2	845
3205	2	845
4066	2	854
1964	2	849
982	2	858
1020	2	845
2402	2	835
1906	2	2757
2112	2	849
966	2	128
1172	2	119
2939	2	845
2669	2	848
335	2	854
3649	2	127
2452	2	856
2979	2	856
2979	2	127
371	2	1063
3640	2	848
2132	2	845
1940	2	848
888	2	834
1095	2	849
2402	2	848
1095	2	847
3655	2	2819
2669	2	849
1310	2	854
2402	2	847
946	2	127
1505	2	3375
3039	2	854
1730	2	3480
1200	2	1864
3640	2	845
2979	2	845
1124	2	849
1906	2	2756
4035	2	854
2449	2	857
2976	2	851
3890	2	3965
959	2	119
1926	2	834
3056	2	843
3228	2	854
3642	2	845
3241	2	119
2601	2	854
4094	2	845
2965	2	845
4101	2	760
3041	2	845
2590	2	849
2979	2	848
3676	2	854
2989	2	854
3909	2	849
3912	2	854
2599	2	851
2402	2	843
2596	2	849
421	2	854
1207	2	835
1124	2	854
3014	2	854
2411	2	854
1541	2	854
992	2	854
2960	2	2535
982	2	833
1006	2	856
583	2	848
3580	2	834
3856	2	3390
534	2	3372
2932	2	854
3839	2	3976
4057	2	847
2671	2	854
3999	2	854
2123	2	845
3245	2	854
3042	2	856
2979	2	3977
3819	2	834
3831	2	854
3238	2	2917
966	2	127
3227	2	845
3226	2	848
2432	2	847
3241	2	3965
3205	2	849
2149	2	119
3056	2	854
4046	2	124
1348	2	3326
3229	2	848
3201	2	854
3226	2	851
422	2	847
3048	2	848
2127	2	854
4053	2	1664
427	2	856
4097	2	834
3241	2	847
2357	2	834
3226	2	3965
4101	2	259
1705	2	854
3225	2	848
2449	2	854
3094	2	833
2418	2	847
3225	2	119
3638	2	854
1344	2	854
2985	2	854
2041	2	854
1119	2	834
1001	2	3326
3047	2	834
3617	2	119
922	2	848
340	2	119
3041	2	119
3077	2	854
2574	2	854
3229	2	847
422	2	845
1142	2	851
3226	2	834
3182	2	833
1200	2	466
1006	2	854
2624	2	847
3856	2	3462
1923	2	834
966	2	2311
3918	2	119
1818	2	849
2599	2	833
4041	2	849
2979	2	851
1818	2	843
4035	2	845
1498	2	834
2449	2	829
3909	2	834
2989	2	857
3041	2	843
2402	2	119
1515	2	854
3672	2	3492
925	2	854
2932	2	2546
421	2	834
3056	2	135
2979	2	847
409	2	3372
340	2	3762
3852	2	854
1815	2	1755
569	2	849
3861	2	854
1124	2	851
3999	2	3492
571	2	857
1353	2	854
888	2	3970
3201	2	845
1820	2	2007
1705	2	834
1505	2	861
4101	2	3793
2359	2	833
1142	2	843
3831	2	848
4046	2	127
1202	2	845
1120	2	854
3839	2	3977
3014	2	834
1142	2	855
3909	2	854
2161	2	119
880	2	845
440	2	848
2603	2	848
3042	2	119
2610	2	845
2675	2	835
2043	2	833
1901	2	3268
3999	2	127
3576	2	741
1940	2	854
888	2	3969
432	2	845
2419	2	854
381	2	119
2601	2	119
3909	2	845
3226	2	855
2137	2	2535
888	2	845
2383	2	2878
2452	2	845
1964	2	848
3047	2	3965
922	2	845
553	2	833
3905	2	2877
3814	2	119
4037	2	135
4057	2	3968
2989	2	849
3094	2	854
377	2	854
1818	2	854
1200	2	2533
2599	2	834
946	2	124
437	2	834
3241	2	848
1357	2	119
2393	2	1975
3225	2	847
2979	2	120
2418	2	855
3012	2	856
3047	2	847
1142	2	848
1311	2	845
3891	2	854
403	2	849
1941	2	849
1901	2	3724
2590	2	3965
1914	2	845
1375	2	854
1020	2	848
2933	2	834
1545	2	845
3674	2	854
982	2	854
966	2	4068
2979	2	3496
569	2	854
1343	2	845
1728	2	834
1142	2	833
1142	2	845
421	2	856
1142	2	858
1142	2	857
946	2	3492
888	2	854
982	2	3326
1148	2	178
3226	2	847
970	2	2731
3231	2	854
3570	2	2917
2675	2	834
3200	2	854
976	2	854
2979	2	119
946	2	3493
2666	2	127
3657	2	1234
575	2	854
3819	2	854
2955	2	849
340	2	847
915	2	854
2590	2	847
1906	2	2755
1941	2	848
2610	2	847
2385	2	845
4057	2	848
2418	2	849
3676	2	848
2686	2	854
2110	2	1562
2418	2	834
1917	2	1240
434	2	845
2187	2	119
526	2	2007
1095	2	845
2671	2	848
3232	2	3483
3241	2	124
2630	2	766
2678	2	847
3851	2	3713
1292	2	856
1157	2	119
3227	2	849
2181	2	854
391	2	119
2187	2	854
403	2	3493
2675	2	854
3241	2	845
3831	2	845
3056	2	119
583	2	856
2933	2	854
3259	2	854
3014	2	845
1728	2	854
3856	2	854
3012	2	854
1331	2	127
2452	2	849
3205	2	848
2455	2	3965
3880	2	849
1123	2	856
2176	2	119
1142	2	856
4101	2	254
2418	2	845
970	3	3170
326	3	1030
1537	3	843
568	3	849
1962	3	856
2367	3	2916
2695	3	1037
420	3	179
573	3	1571
1099	3	1034
3227	3	854
2678	3	845
1117	3	135
3082	3	3196
999	3	848
1202	3	3463
3890	3	3497
3612	3	3350
1351	3	3493
2174	3	3493
3862	3	3743
35	3	1033
3666	3	204
2142	3	3463
136	3	3948
61	3	1038
1117	3	4083
2603	3	3493
4023	3	3634
3247	3	119
880	3	228
2127	3	3134
1211	3	3725
934	3	847
1516	3	1274
1531	3	3965
2376	3	1643
1028	3	1038
4059	3	1749
721	3	3602
1202	3	1086
4076	3	1038
951	3	1032
1959	3	3463
1474	3	3634
1353	3	834
2399	3	854
3199	3	2015
1119	3	3463
2609	3	119
2418	3	1441
404	3	1034
1484	3	2916
4107	3	2204
428	3	4276
3241	3	856
3226	3	3492
2127	3	3389
1212	3	2549
1679	3	634
3858	3	3391
3004	3	3493
559	3	1036
1352	3	834
3890	3	850
1209	3	727
2948	3	2553
1353	3	3497
2936	3	702
1133	3	3480
1498	3	3493
4084	3	3634
1340	3	856
1964	3	3391
1546	3	2560
4156	3	3634
3869	3	736
3908	3	3341
1822	3	3635
1546	3	1060
2372	3	3635
2284	3	3593
3233	3	3494
427	3	3497
2685	3	3385
4107	3	631
922	3	854
2396	3	3634
906	3	3391
2127	3	3385
3239	3	179
2385	3	3976
3837	3	3493
1717	3	127
1311	3	857
3254	3	3493
959	3	3382
1119	3	135
4112	3	1038
962	3	3757
3612	3	2553
434	3	3493
1175	3	1038
3583	3	3681
959	3	3385
3287	3	3597
1546	3	3147
900	3	1992
939	3	3480
2694	3	856
1804	3	1801
2937	3	119
2590	3	857
1126	3	857
1546	3	1256
906	3	4268
2971	3	1441
528	3	1038
4133	3	3635
3052	3	2203
1022	3	2870
1546	3	3747
916	3	3364
584	3	3382
1019	3	1795
4306	3	3635
3003	3	1036
3245	3	129
2058	3	1038
2086	3	3196
3819	3	3493
1701	3	223
426	3	119
1546	3	1881
1171	3	288
1555	3	3391
463	3	1219
407	3	3634
435	3	728
2166	3	153
2664	3	2731
1150	3	850
2123	3	1744
2603	3	119
3901	3	1034
3047	3	3778
1375	3	119
1303	3	3965
885	3	1037
2256	3	3192
1141	3	135
2276	3	3635
3199	3	3704
306	3	1216
2470	3	1038
905	3	3391
3093	3	845
4063	3	119
3089	3	1774
1546	3	2796
4091	3	847
3566	3	3635
3938	3	181
2601	3	626
2571	3	1455
3219	3	2054
3093	3	3492
2568	3	851
2391	3	179
1095	3	3493
3992	3	2548
1555	3	2787
4316	3	3635
1354	3	119
1207	3	125
3010	3	850
1306	3	1032
2607	3	3380
940	3	119
2425	3	4298
2156	3	3635
2675	3	119
540	3	1038
400	3	2917
2611	3	633
2112	3	849
1196	3	2005
1311	3	135
3892	3	3635
2120	3	4293
3008	3	1086
1693	3	847
2967	3	179
2345	3	1229
3664	3	1862
3901	3	1038
2607	3	119
1285	3	2486
2391	3	727
3226	3	3389
975	3	4289
1547	3	3494
3120	3	2437
189	3	3194
327	3	1031
1342	3	1774
498	3	3957
4107	3	3294
1959	3	2859
2191	3	1794
450	3	3635
4078	3	3635
3839	3	848
1523	3	630
946	3	1413
2665	3	3635
4113	3	1036
2138	3	1797
586	3	3482
3236	3	2015
710	3	3070
1362	3	847
4111	3	1035
2669	3	135
1535	3	849
2194	3	1031
3002	3	1789
1546	3	3808
403	3	1562
1682	3	1031
1026	3	1795
394	3	834
425	3	1794
3046	3	119
2055	3	120
2172	3	3388
1902	3	2800
4215	3	3634
3221	3	701
894	3	847
2734	3	3952
443	3	3635
3278	3	3603
380	3	2311
3011	3	2917
992	3	1791
575	3	3463
380	3	744
2451	3	2204
1533	3	266
3654	3	2075
434	3	3494
2162	3	3391
2937	3	1085
102	3	1037
3125	3	3947
446	3	3110
1120	3	3972
2662	3	127
883	3	3462
2590	3	854
4217	3	3635
4107	3	615
4089	3	286
403	3	266
1117	3	138
2949	3	4302
1098	3	1270
1681	3	2896
3571	3	135
2357	3	834
2936	3	701
2036	3	1031
875	3	2896
2125	3	696
1498	3	850
2452	3	3481
3051	3	1037
3610	3	851
894	3	834
3189	3	3462
3245	3	848
2114	3	2561
86	3	3634
1546	3	671
1505	3	124
3100	3	3959
4085	3	182
3061	3	727
3673	3	129
2607	3	1441
3201	3	135
3019	3	1031
2430	3	854
4254	3	1038
2699	3	624
1477	3	1968
1697	3	3635
3921	3	3635
537	3	2009
1546	3	3749
1953	3	1032
2697	3	2755
1943	3	2204
1328	3	830
880	3	763
2110	3	2649
876	3	119
886	3	153
1168	3	2651
1186	3	3493
2631	3	516
2969	3	1085
3583	3	850
428	3	3493
48	3	1038
64	3	3635
1951	3	3634
1816	3	3355
1497	3	728
4105	3	3635
2411	3	854
532	3	3635
381	3	834
2125	3	3746
432	3	847
3217	3	3635
3674	3	1235
1318	3	119
2354	3	3635
2275	3	1029
1528	3	727
4026	3	3493
1352	3	3493
3227	3	4296
1717	3	3492
3991	3	3385
1904	3	854
1710	3	132
3563	3	2204
1012	3	242
3258	3	3391
50	3	1031
3819	3	2561
425	3	181
3829	3	1286
1100	3	1980
1546	3	700
1157	3	3495
2142	3	849
2976	3	848
1546	3	3533
1901	3	3635
4078	3	3634
428	3	856
1546	3	2253
1546	3	2657
2643	3	3915
1358	3	3350
2408	3	185
2469	3	1034
4046	3	850
3012	3	506
942	3	119
1368	3	1034
682	3	1078
2579	3	847
577	3	845
3008	3	850
99	3	3635
925	3	849
2933	3	847
4101	3	1608
2067	3	1038
1320	3	3634
987	3	3380
59	3	3634
1546	3	2343
569	3	120
4103	3	3494
1011	3	119
427	3	3494
1299	3	848
40	3	3635
46	3	3634
1370	3	1038
3578	3	1032
251	3	3603
336	3	616
3062	3	728
2954	3	834
1378	3	4276
4046	3	3798
2601	3	650
2390	3	3389
1916	3	4276
2680	3	1034
2976	3	2204
1546	3	2922
883	3	3494
1546	3	2017
2421	3	2277
3199	3	1256
3866	3	176
2181	3	854
570	3	3520
2805	3	1216
2172	3	4258
2950	3	845
4107	3	609
3705	3	2448
3334	3	1558
938	3	1661
3253	3	1038
340	3	673
993	3	119
920	3	182
3905	3	847
1531	3	2916
878	3	119
1691	3	847
2418	3	2885
2366	3	849
1100	3	1987
371	3	1648
1919	3	3385
1546	3	3538
378	3	2753
2390	3	2787
1211	3	3385
383	3	179
1546	3	3150
1500	3	3634
3261	3	3808
1940	3	135
3612	3	3493
2581	3	2649
2061	3	1037
1546	3	2505
3664	3	2917
3580	3	736
1917	3	2916
2608	3	2732
1188	3	3385
2590	3	3492
589	3	1642
577	3	127
2808	3	3948
1498	3	3463
1544	3	3681
990	3	4171
3761	3	3595
42	3	3635
432	3	3493
2622	3	1038
2971	3	854
374	3	3387
3880	3	854
2387	3	2327
1917	3	1605
966	3	466
1310	3	849
1546	3	3151
537	3	623
340	3	205
4134	3	3635
2513	3	3194
319	3	3947
3210	3	3462
1804	3	1796
4038	3	3387
1941	3	849
1098	3	119
2598	3	729
2628	3	3635
1526	3	847
582	3	1774
3585	3	119
1546	3	300
391	3	845
589	3	1636
2987	3	1037
1117	3	854
3231	3	849
666	3	3194
2467	3	1872
450	3	3523
883	3	212
2431	3	2912
3231	3	845
4135	3	3634
3056	3	3385
3056	3	135
2605	3	635
878	3	192
1810	3	1038
1141	3	122
3025	3	3704
3071	3	1034
577	3	861
1546	3	3162
3074	3	283
2771	3	3930
2373	3	2917
3922	3	3302
3227	3	119
386	3	1088
1202	3	3391
589	3	1639
1546	3	1741
1905	3	182
3676	3	849
2350	3	731
2151	3	3635
992	3	1088
3564	3	3634
4079	3	3634
1001	3	834
1506	3	3634
53	3	3634
2116	3	3635
535	3	3634
959	3	3380
3994	3	119
1895	3	2436
2972	3	1037
965	3	847
3092	3	3355
2166	3	3364
3213	3	3634
384	3	119
3074	3	1865
1546	3	2237
570	3	848
3819	3	3463
1804	3	181
4000	3	286
952	3	1031
1546	3	177
411	3	849
1513	3	4213
68	3	3635
1157	3	3389
2	3	3634
1546	3	703
3890	3	3494
3017	3	1795
943	3	3353
939	3	3482
2391	3	850
2196	3	1030
400	3	2916
1551	3	1442
2041	3	3480
883	3	3493
1515	3	4263
2127	3	850
668	3	3593
314	3	2436
2937	3	1796
1717	3	119
2997	3	854
1546	3	3734
354	3	3635
383	3	1802
4038	3	1997
3654	3	135
1117	3	506
1705	3	3385
1693	3	3493
1306	3	1034
3611	3	178
1353	3	3493
1960	3	135
1507	3	2533
335	3	1037
904	3	3635
1948	3	3634
880	3	3407
3251	3	178
541	3	1038
3865	3	3634
1098	3	1272
3063	3	1034
3048	3	3388
2176	3	845
555	3	3462
1706	3	3503
1365	3	2518
4285	3	3634
2968	3	153
1297	3	119
2672	3	3965
1142	3	831
1221	3	3480
971	3	3390
340	3	3391
3571	3	3493
3851	3	1992
2288	3	3601
3918	3	178
3941	3	1797
2188	3	1794
2985	3	3389
3059	3	129
3261	3	1969
2605	3	848
3685	3	1215
1546	3	2804
1963	3	3493
1910	3	1990
2348	3	1038
666	3	3192
2603	3	849
570	3	1741
335	3	3480
3665	3	127
2598	3	730
425	3	1085
971	3	3493
3916	3	843
2382	3	1794
2598	3	731
542	3	1038
4025	3	849
976	3	1562
1108	3	1236
3905	3	1638
911	3	3389
3821	3	119
2149	3	848
2601	3	629
374	3	275
1703	3	1608
3583	3	845
1940	3	3971
4317	3	3635
1593	3	3603
98	3	3635
4094	3	3703
709	3	2444
3258	3	3493
54	3	3634
3199	3	3110
1700	3	3635
1292	3	3380
2166	3	3635
547	3	185
3008	3	1789
1150	3	1643
3669	3	3635
3094	3	3634
1718	3	850
338	3	4327
3017	3	1790
415	3	3634
3853	3	854
2379	3	1872
1044	3	3192
3063	3	833
3911	3	3681
2129	3	854
4107	3	614
3257	3	3634
3659	3	3635
977	3	3400
880	3	3972
1546	3	2235
331	3	850
4032	3	849
3938	3	1796
2940	3	3463
323	3	3385
1828	3	1037
1555	3	3389
2110	3	178
3071	3	1037
84	3	3635
3613	3	1388
1190	3	3493
3835	3	3493
1211	3	856
536	3	1774
2152	3	3635
4085	3	1086
942	3	730
458	3	1216
329	3	1560
1940	3	1980
4320	3	3635
3673	3	1440
1007	3	622
67	3	3634
1022	3	3350
4085	3	1795
2368	3	119
344	3	2023
589	3	1637
1150	3	3976
1546	3	2507
1481	3	2302
888	3	834
1546	3	2764
3831	3	2646
4071	3	3596
2177	3	3364
3045	3	3299
4066	3	847
3586	3	2212
1677	3	3959
1940	3	1274
884	3	834
1205	3	727
2043	3	120
4034	3	135
2969	3	850
2873	3	3070
3199	3	1426
2629	3	1774
1103	3	854
3243	3	155
3201	3	847
77	3	1038
3821	3	1278
1375	3	854
3226	3	3391
1095	3	834
425	3	1802
1541	3	854
1810	3	1032
384	3	636
2592	3	2756
37	3	3635
453	3	854
102	3	1034
3011	3	3389
1717	3	116
550	3	3634
951	3	1031
1042	3	3596
3907	3	3353
3206	3	3497
1699	3	4213
3642	3	192
1157	3	3493
1340	3	854
2176	3	854
383	3	1660
430	3	3493
1301	3	3682
875	3	684
1362	3	4184
3666	3	3389
922	3	856
3092	3	3353
450	3	3634
1678	3	1388
1319	3	845
4047	3	3494
533	3	3299
2127	3	120
2128	3	1393
451	3	847
2110	3	1562
323	3	845
2166	3	3634
3258	3	3494
3943	3	834
3188	3	1775
908	3	2311
421	3	849
2940	3	847
2601	3	632
4097	3	3972
1311	3	3493
1311	3	3543
1546	3	699
3205	3	3463
3253	3	849
2401	3	3480
1820	3	3389
525	3	153
965	3	850
340	3	3389
3089	3	1086
406	3	3635
2779	3	2436
3241	3	4276
4307	3	3634
1165	3	3480
574	3	1794
990	3	3364
2357	3	820
391	3	3493
3207	3	135
3137	3	3196
2625	3	3757
7	3	3634
1453	3	3196
2990	3	3635
2127	3	845
1819	3	1037
3201	3	119
320	3	4276
1930	3	834
342	3	849
2200	3	4298
916	3	4239
1325	3	2819
1124	3	4213
1723	3	1034
1527	3	2548
1212	3	266
1375	3	3757
3902	3	729
1417	3	3948
2358	3	3481
532	3	3634
1015	3	1036
4037	3	3480
1811	3	3635
3056	3	857
3086	3	1036
1529	3	650
3038	3	1992
4065	3	3955
2971	3	3497
2172	3	3758
319	3	3069
513	3	3808
1284	3	3948
2371	3	3634
1106	3	3473
3905	3	616
554	3	847
3077	3	466
1546	3	660
3564	3	1031
2933	3	834
1910	3	3481
2683	3	1649
567	3	3635
4060	3	3482
3933	3	727
2939	3	3380
1546	3	2218
3864	3	3635
1546	3	1051
2597	3	854
1131	3	3635
1311	3	687
4038	3	630
2682	3	2836
1378	3	121
420	3	1801
3210	3	854
427	3	4206
3663	3	1036
1695	3	1036
2144	3	3385
2605	3	854
1963	3	3494
520	3	4127
1823	3	3492
3262	3	1034
3877	3	3482
1436	3	3955
4094	3	1270
2474	3	3634
1916	3	3380
2572	3	1393
160	3	2436
386	3	1774
1353	3	3492
1401	3	3196
1912	3	845
2171	3	122
1203	3	178
2055	3	3389
1546	3	1092
1902	3	3968
3220	3	3635
2176	3	3494
905	3	4263
1546	3	3714
1338	3	3968
1210	3	850
2698	3	729
1556	3	4150
2044	3	2916
1489	3	3635
2952	3	1422
4022	3	3372
3821	3	848
2144	3	863
1185	3	1030
1026	3	1794
2567	3	3635
2176	3	834
1546	3	3152
577	3	2846
1909	3	1038
2132	3	120
543	3	119
1729	3	1643
2781	3	2436
2948	3	3493
3017	3	729
2375	3	1037
3898	3	3492
2044	3	129
3632	3	731
1325	3	3757
978	3	3171
587	3	119
1517	3	163
2669	3	3494
2607	3	1442
1107	3	1037
2390	3	3391
3577	3	3634
3078	3	848
1294	3	135
75	3	286
1157	3	274
4037	3	119
1546	3	1257
3649	3	266
1546	3	2886
3664	3	3350
2568	3	848
1546	3	1397
2601	3	851
929	3	3634
3882	3	3634
3093	3	2004
3059	3	128
2110	3	1086
380	3	2917
2621	3	3635
3047	3	1635
2589	3	3494
1688	3	3389
3938	3	179
2126	3	3493
475	3	1312
2698	3	728
914	3	4264
2729	3	3603
1693	3	3391
2629	3	1796
906	3	3389
1725	3	1034
1496	3	611
2608	3	2731
3184	3	832
33	3	1031
2476	3	3635
1919	3	1428
1556	3	850
32	3	3635
2589	3	844
1725	3	1038
1041	3	3635
1522	3	1574
2463	3	4258
1546	3	2827
1727	3	4213
3942	3	727
1342	3	1794
1546	3	2797
2418	3	849
1825	3	850
2175	3	286
927	3	1038
962	3	834
1546	3	2806
1210	3	834
910	3	3365
4060	3	1802
2130	3	3383
3654	3	847
3886	3	129
1505	3	119
2664	3	135
404	3	1036
2577	3	834
546	3	3634
3231	3	851
2951	3	3634
1546	3	2251
3858	3	4297
4320	3	1034
374	3	3385
2183	3	3492
1314	3	3634
2108	3	3635
3199	3	1440
1133	3	185
4045	3	3494
2450	3	119
1729	3	3634
4139	3	3634
2052	3	3635
2656	3	1029
2965	3	1634
2038	3	1032
1804	3	1774
989	3	286
425	3	1087
3184	3	848
1294	3	1277
76	3	3634
2941	3	1745
521	3	135
3660	3	3634
2127	3	2763
3617	3	119
2995	3	2554
2669	3	3391
3916	3	2203
1319	3	266
3847	3	4305
324	3	831
3019	3	1037
269	3	3596
2599	3	3387
3675	3	1744
3227	3	4295
2142	3	4213
3864	3	3634
3857	3	3372
3665	3	849
2178	3	1038
2614	3	851
4102	3	729
3618	3	1082
3999	3	3350
3241	3	848
1352	3	3382
918	3	3635
3571	3	119
2970	3	3634
558	3	2212
1692	3	1038
1826	3	166
1546	3	659
1310	3	1836
4034	3	3493
1910	3	178
1546	3	1418
2596	3	834
1693	3	3494
3642	3	135
2376	3	1645
712	3	3594
1917	3	131
867	3	182
342	3	3391
1338	3	3473
3227	3	848
986	3	3386
880	3	851
1688	3	3390
1512	3	3299
511	3	119
2578	3	2648
46	3	3635
1913	3	3634
2157	3	1577
3994	3	2800
2183	3	3493
972	3	4142
1546	3	1264
4102	3	1801
2595	3	854
412	3	1228
2151	3	1038
425	3	1086
1546	3	1442
2249	3	2356
2034	3	3947
3048	3	3350
537	3	634
27	3	3635
894	3	1774
1207	3	128
1530	3	851
1479	3	850
3212	3	1034
2470	3	1032
3934	3	730
0	3	3635
1205	3	1774
1371	3	3634
3925	3	843
3991	3	3493
1940	3	3299
1133	3	3388
2692	3	1774
575	3	3462
4107	3	3293
2673	3	3508
3842	3	2330
4101	3	260
545	3	466
2097	3	3954
356	3	179
1546	3	658
1196	3	1992
869	3	2015
3656	3	3634
3607	3	1037
47	3	3635
426	3	1774
585	3	135
3585	3	1442
561	3	727
3894	3	1442
2574	3	3389
3563	3	856
425	3	1801
3637	3	854
3637	3	1426
2425	3	3389
432	3	850
2053	3	3634
1546	3	1052
406	3	1038
1950	3	851
2603	3	3965
1117	3	2550
3078	3	1071
1481	3	849
3201	3	845
541	3	1030
3901	3	1036
401	3	1393
2933	3	1441
2987	3	1031
282	3	3955
2583	3	3389
3252	3	3635
1546	3	1880
3829	3	3463
900	3	4007
330	3	239
425	3	1795
3696	3	286
1145	3	851
4038	3	3463
2091	3	2435
429	3	3635
340	3	1762
411	3	847
880	3	4004
4107	3	2203
946	3	3390
394	3	832
1535	3	1992
1901	3	124
2932	3	832
4107	3	3301
2479	3	3634
1179	3	856
2385	3	741
2410	3	119
2308	3	3070
1415	3	3954
2600	3	3634
2386	3	620
1378	3	119
1433	3	414
3940	3	3493
880	3	762
3044	3	4164
2625	3	4258
1211	3	625
1210	3	847
2964	3	2651
713	3	3959
2043	3	832
1816	3	3634
1221	3	854
495	3	3954
3219	3	2735
2873	3	2047
1149	3	824
2777	3	3196
2034	3	3196
2702	3	4301
3059	3	1775
2127	3	1442
3570	3	119
377	3	828
3562	3	3635
3642	3	1228
1467	3	3634
2629	3	1789
3665	3	129
2662	3	3387
1546	3	1255
1910	3	847
3199	3	847
1546	3	2273
3846	3	4276
575	3	1272
1200	3	1864
3232	3	3299
66	3	3635
1006	3	3492
3258	3	856
2940	3	3965
1199	3	1794
992	3	1790
2990	3	1034
1144	3	3380
3003	3	1034
1205	3	850
3673	3	2764
101	3	1032
3919	3	2708
1546	3	803
1181	3	3130
1478	3	849
940	3	179
1546	3	1260
1498	3	3385
578	3	3291
448	3	1774
2599	3	3380
3227	3	3496
3199	3	3134
3128	3	2435
3160	3	2620
575	3	2273
3212	3	1036
1317	3	4305
4047	3	3796
1529	3	266
2421	3	1582
1546	3	2247
511	3	854
1476	3	135
1901	3	722
4030	3	135
566	3	2553
56	3	3635
955	3	1031
1067	3	3954
62	3	3635
1540	3	4276
1546	3	3526
4138	3	1038
2936	3	135
1964	3	119
1205	3	178
3	3	3634
3031	3	856
2770	3	3930
2950	3	3480
1949	3	3634
222	3	3070
901	3	3634
925	3	848
2961	3	2651
943	3	608
2155	3	1082
16	3	1030
3239	3	850
3916	3	849
1546	3	1428
1158	3	614
3614	3	1746
574	3	727
1693	3	3965
4121	3	1036
1717	3	3390
981	3	3635
4119	3	3634
925	3	1762
1310	3	1835
403	3	3462
1524	3	3965
1342	3	1034
3188	3	119
872	3	3635
1351	3	834
2932	3	835
3664	3	2519
530	3	466
1195	3	854
1546	3	491
3860	3	3634
3017	3	728
4045	3	120
3911	3	1643
1532	3	1086
4	3	1036
3075	3	1037
4112	3	1035
1357	3	135
4034	3	3497
2043	3	854
1907	3	857
4032	3	2759
3866	3	163
1528	3	1087
1526	3	1992
925	3	850
2675	3	850
2423	3	1643
3218	3	3635
1960	3	3497
4020	3	1238
3938	3	3482
3201	3	834
386	3	1794
423	3	138
4044	3	3480
1537	3	851
3650	3	1036
4254	3	3634
1323	3	3635
2375	3	1036
3632	3	729
3888	3	727
574	3	1802
3148	3	3215
1546	3	3752
142	3	3192
4057	3	1837
69	3	3634
2408	3	184
1910	3	1991
3885	3	164
1358	3	3634
1364	3	847
3025	3	2017
970	3	2840
4132	3	3634
2122	3	1034
4094	3	2073
3212	3	3634
3012	3	834
451	3	843
2994	3	3635
1214	3	3367
3199	3	1460
575	3	1270
3199	3	2559
2586	3	3634
3642	3	3391
1381	3	1038
2460	3	1036
3909	3	848
919	3	3634
1704	3	3635
962	3	4259
1546	3	2226
3894	3	1440
584	3	3354
1654	3	3195
1311	3	3391
584	3	3391
1212	3	2917
4102	3	728
919	3	129
1310	3	3493
82	3	3635
1511	3	728
1133	3	851
433	3	849
1007	3	611
713	3	3955
1546	3	1441
942	3	1086
94	3	3635
4038	3	179
3256	3	1236
340	3	2515
967	3	850
2623	3	1034
317	3	1215
952	3	1030
3240	3	3806
924	3	223
940	3	1796
2976	3	850
2391	3	729
2662	3	4258
1940	3	847
1201	3	4206
2682	3	2819
1546	3	2795
2199	3	1032
434	3	854
919	3	695
2455	3	1441
2683	3	834
2976	3	246
1001	3	3350
1479	3	119
1546	3	3539
3804	3	3192
1352	3	3386
1009	3	3635
324	3	848
3249	3	1745
3092	3	614
3280	3	3192
910	3	3390
3576	3	3342
2292	3	2433
420	3	1790
380	3	228
385	3	1639
376	3	2825
3608	3	845
384	3	856
555	3	4276
2394	3	727
2191	3	1086
428	3	124
1160	3	1023
3938	3	178
2932	3	3797
1488	3	3635
3315	3	3070
869	3	307
381	3	631
1545	3	3299
2685	3	830
1210	3	845
481	3	3601
1546	3	2807
1172	3	291
990	3	3391
1133	3	728
940	3	1802
3234	3	3462
2185	3	2917
3138	3	3597
4117	3	3635
1907	3	854
1311	3	3385
2194	3	1038
1213	3	1396
3093	3	850
1160	3	1036
1546	3	812
1691	3	1235
2306	3	3953
4107	3	3292
2137	3	3388
2357	3	849
934	3	857
568	3	847
2572	3	1831
1335	3	1789
390	3	4260
2139	3	3493
1919	3	1429
4091	3	3350
964	3	3635
2995	3	3493
709	3	2441
2113	3	848
1210	3	119
1190	3	130
1001	3	3492
3233	3	119
4045	3	135
3206	3	3371
3201	3	850
2609	3	4287
4085	3	1995
2599	3	3388
1584	3	3954
4102	3	182
3664	3	2916
451	3	845
967	3	119
3241	3	119
3031	3	3463
573	3	1569
2580	3	1277
2631	3	517
2126	3	3494
437	3	849
1011	3	856
386	3	181
66	3	1032
353	3	2926
310	3	2356
1539	3	1036
2117	3	3635
97	3	3634
1149	3	1648
3157	3	945
1699	3	3758
1142	3	135
2163	3	3635
1934	3	834
3258	3	857
984	3	850
2943	3	1038
2127	3	3493
970	3	163
1043	3	3194
2475	3	3635
4226	3	3635
1940	3	119
423	3	135
3676	3	3494
586	3	3385
3821	3	849
4081	3	1393
381	3	852
3072	3	1034
101	3	1030
4051	3	847
3608	3	3480
34	3	1037
2631	3	518
3089	3	182
4107	3	3298
1465	3	3634
2197	3	1030
2687	3	850
4320	3	3634
4051	3	848
4058	3	845
1099	3	1036
2607	3	2073
1546	3	1263
418	3	1034
2682	3	762
2857	3	3948
2606	3	639
900	3	4003
3877	3	1789
3083	3	3196
1144	3	850
3506	3	3595
683	3	2438
4101	3	2528
1546	3	749
1299	3	834
2127	3	848
12	3	3634
3507	3	1806
2041	3	466
3911	3	1796
4034	3	2554
2387	3	3367
25	3	1037
3048	3	3370
1527	3	1277
2144	3	848
764	3	1215
1149	3	743
559	3	3634
3025	3	1428
1190	3	129
1901	3	3382
1205	3	179
2472	3	3635
3923	3	848
1694	3	834
580	3	178
3252	3	3634
2491	3	517
405	3	3635
387	3	848
585	3	854
427	3	3493
2142	3	3385
336	3	3389
1311	3	119
3843	3	3491
589	3	1562
3938	3	1774
1695	3	1034
511	3	848
3828	3	3634
1310	3	119
348	3	119
1919	3	135
1822	3	1038
1940	3	856
3093	3	180
371	3	2201
4107	3	3295
403	3	3391
3006	3	3635
1959	3	135
1553	3	3635
1814	3	3634
1546	3	1460
2682	3	2087
4157	3	3635
349	3	2338
2963	3	2558
335	3	3634
1716	3	828
4044	3	185
1126	3	854
2045	3	2917
1523	3	623
2688	3	1037
1474	3	3635
3025	3	1426
4038	3	125
537	3	2752
2157	3	1277
2939	3	120
886	3	3364
2953	3	3326
2182	3	847
2042	3	854
3048	3	3422
1546	3	694
2102	3	3224
2425	3	4301
1156	3	3634
3233	3	135
70	3	1037
1214	3	2719
4094	3	1235
1001	3	128
4076	3	1031
4044	3	728
1211	3	2009
3642	3	854
4094	3	1969
420	3	1086
2364	3	3495
992	3	1568
886	3	2098
1095	3	3110
3850	3	3462
1351	3	3380
3909	3	268
1210	3	854
1336	3	854
3610	3	1038
432	3	3635
2282	3	3196
1296	3	119
1164	3	2916
3644	3	3635
1681	3	2825
3834	3	1799
2174	3	1449
4044	3	730
1555	3	3496
1546	3	1266
2110	3	1774
1139	3	135
2041	3	2533
1585	3	1806
1107	3	3635
2675	3	854
3058	3	1086
3184	3	845
2419	3	848
4215	3	3635
3063	3	1037
429	3	3634
1498	3	845
1516	3	847
1098	3	850
1223	3	2801
1100	3	1982
2700	3	2648
3657	3	2786
1292	3	4276
2580	3	3736
39	3	3635
2351	3	854
1009	3	3634
1905	3	185
444	3	3634
231	3	3946
3846	3	4206
2571	3	3314
306	3	1215
1526	3	743
577	3	848
2411	3	851
1479	3	849
1496	3	3634
2037	3	1031
2106	3	178
420	3	1802
3128	3	3107
1019	3	3482
2663	3	1562
428	3	848
4091	3	854
2697	3	175
4023	3	615
953	3	1032
3231	3	3493
3905	3	3291
383	3	1801
2569	3	2916
1103	3	1036
2425	3	2534
2502	3	2436
2398	3	1063
2572	3	2018
2357	3	850
3850	3	849
1546	3	724
4100	3	782
1907	3	124
103	3	1030
3642	3	193
1157	3	124
3076	3	4219
3025	3	138
2178	3	1036
3918	3	850
3905	3	3635
1331	3	192
1546	3	3545
992	3	729
1437	3	3954
391	3	847
1919	3	3380
1546	3	3544
1478	3	847
2598	3	178
1019	3	1794
3927	3	178
3227	3	845
390	3	3364
2160	3	3494
577	3	135
3222	3	3634
3933	3	729
1111	3	1388
1477	3	1967
3852	3	1273
1351	3	135
4317	3	3634
1546	3	3748
1344	3	3291
2118	3	135
3220	3	3634
2121	3	1072
3913	3	153
2995	3	3965
2119	3	2554
1910	3	3480
1545	3	3969
3189	3	625
3845	3	854
3649	3	2548
2106	3	185
2043	3	3965
109	3	1034
1119	3	3965
80	3	3634
3900	3	3389
1484	3	2917
3772	3	1216
2990	3	3634
3128	3	3949
2398	3	3634
1376	3	850
318	3	4067
2366	3	1562
2413	3	714
2601	3	849
1133	3	3386
3918	3	1794
3918	3	181
4023	3	614
1829	3	3634
745	3	1215
2124	3	854
43	3	3634
3619	3	1229
1533	3	2546
946	3	129
3821	3	1992
1344	3	847
3087	3	1038
2375	3	3635
439	3	2017
2526	3	3196
3563	3	847
3048	3	849
1703	3	835
1194	3	217
3849	3	2917
3896	3	3808
2064	3	1038
1483	3	179
3608	3	119
3643	3	1034
3571	3	850
1311	3	2214
3127	3	1216
1291	3	1388
521	3	119
4118	3	1037
51	3	3635
941	3	3365
2987	3	1036
3240	3	497
386	3	1795
2162	3	3367
932	3	1031
1726	3	854
867	3	181
3172	3	3104
44	3	3635
1546	3	2252
2965	3	1636
2990	3	1038
2391	3	1086
2958	3	3462
3258	3	119
594	3	1038
3513	3	3959
1109	3	4200
1528	3	1088
1103	3	3634
3240	3	1893
923	3	4261
938	3	1663
3849	3	3391
2952	3	3340
1356	3	3634
2662	3	124
1021	3	4124
1095	3	500
3063	3	184
965	3	849
923	3	3388
1372	3	3398
1344	3	629
312	3	2048
2599	3	832
3610	3	847
946	3	120
2691	3	2916
1693	3	834
4076	3	1034
2677	3	1797
1095	3	135
2607	3	1426
940	3	851
4123	3	3635
2992	3	3635
1248	3	3196
526	3	616
2354	3	1038
2041	3	1648
3637	3	2017
3058	3	1774
1357	3	3634
1546	3	3536
3210	3	2270
2182	3	192
4038	3	178
930	3	3634
1905	3	1801
1177	3	854
1510	3	3635
4156	3	3635
510	3	1038
3056	3	1036
4044	3	850
434	3	845
1803	3	850
1021	3	1038
2611	3	632
1727	3	3388
2057	3	1038
3231	3	4276
2605	3	631
393	3	834
1483	3	178
425	3	1789
3610	3	130
3253	3	850
2056	3	3634
457	3	3947
428	3	857
2162	3	3499
3610	3	129
2123	3	854
2022	3	2448
2056	3	3635
1005	3	3635
4107	3	621
3094	3	1037
4320	3	1032
1513	3	4258
324	3	3493
2419	3	124
2971	3	3493
3632	3	728
3226	3	124
40	3	3634
923	3	4263
0	3	3634
4134	3	3634
327	3	1030
2110	3	627
2110	3	1071
3856	3	119
1210	3	857
3991	3	3494
1369	3	1614
956	3	3634
1546	3	1427
3637	3	3110
425	3	1796
1342	3	178
4035	3	124
987	3	845
2622	3	1034
1808	3	1030
1526	3	1796
2370	3	2896
3209	3	3635
1116	3	3965
4025	3	1745
3227	3	3494
4091	3	849
3576	3	741
1481	3	843
2038	3	1030
3221	3	702
2055	3	135
980	3	1774
1133	3	3387
919	3	2917
1103	3	1035
3637	3	3972
3936	3	629
3608	3	1036
2597	3	850
3835	3	854
2675	3	294
2469	3	1038
3912	3	848
2414	3	3299
577	3	3493
510	3	1032
1472	3	3635
1944	3	3635
1546	3	2243
959	3	3462
2135	3	3635
3050	3	3380
3646	3	739
1319	3	119
3056	3	3634
2381	3	744
2411	3	829
425	3	1774
2386	3	615
2396	3	3635
1529	3	851
3063	3	1036
2112	3	3391
1524	3	3967
2666	3	192
1184	3	3634
3664	3	228
1210	3	843
1910	3	834
3174	3	3953
970	3	3169
1502	3	4308
2624	3	119
438	3	2759
2112	3	294
2950	3	834
2931	3	3634
962	3	3463
2376	3	3480
1546	3	2561
584	3	3389
1252	3	3959
3819	3	135
3649	3	625
3865	3	3635
3665	3	128
1546	3	1419
3258	3	3462
3226	3	848
4057	3	1836
971	3	1992
4038	3	3492
3058	3	1794
992	3	179
336	3	264
1512	3	3462
2083	3	3596
2605	3	632
979	3	848
4107	3	616
3996	3	3634
1910	3	3386
4102	3	1774
1974	3	3635
1910	3	1794
311	3	3954
3126	3	2356
2618	3	1775
1810	3	3634
3259	3	851
2041	3	1789
2182	3	3422
1546	3	1239
1546	3	3693
521	3	3159
1535	3	3482
3673	3	854
1211	3	182
1901	3	129
2393	3	293
1556	3	854
3834	3	851
2629	3	179
922	3	3291
1096	3	2787
3060	3	834
389	3	843
574	3	178
1213	3	1395
987	3	849
4035	3	834
4044	3	2204
2669	3	3462
570	3	3703
1534	3	3493
3664	3	3493
4319	3	3635
713	3	3953
3614	3	714
1202	3	847
3609	3	3462
904	3	3634
951	3	1034
3637	3	847
3870	3	1086
1242	3	3594
979	3	119
83	3	3634
1115	3	119
2110	3	3291
1414	3	3196
2629	3	184
3206	3	120
353	3	2924
561	3	850
1318	3	2560
926	3	119
434	3	848
1960	3	119
189	3	3192
946	3	2816
941	3	132
4102	3	1794
1157	3	3391
2043	3	3970
3911	3	729
1528	3	1086
940	3	1085
4046	3	854
1095	3	849
1679	3	633
3869	3	739
3608	3	850
1905	3	1087
2157	3	2790
2122	3	3635
2603	3	1065
2663	3	727
1132	3	3635
2368	3	155
1465	3	3635
2407	3	3355
2967	3	181
11	3	3634
4038	3	128
1306	3	1031
1011	3	2273
1537	3	169
366	3	1797
1952	3	3635
1211	3	852
2982	3	4012
2360	3	739
72	3	1038
2658	3	834
989	3	1035
3608	3	854
3834	3	1796
2702	3	3635
406	3	3634
2350	3	181
1149	3	736
3034	3	2708
2059	3	3635
1826	3	729
22	3	3634
916	3	4240
963	3	1030
1917	3	2817
1535	3	833
3609	3	1270
880	3	227
3005	3	3635
4025	3	854
1905	3	1088
1804	3	854
4113	3	1031
3908	3	854
3991	3	3965
412	3	3965
3086	3	1030
334	3	1085
1202	3	3380
1946	3	1038
1375	3	128
317	3	1216
1117	3	2105
2993	3	1034
3233	3	120
383	3	178
2144	3	856
3576	3	736
2601	3	833
3133	3	3068
1022	3	3494
2455	3	845
2390	3	3461
2658	3	120
765	3	1216
4098	3	228
4316	3	3634
1727	3	4258
1311	3	3965
1546	3	1758
1157	3	2917
1208	3	3389
2141	3	3367
911	3	4279
2696	3	184
3031	3	2764
2958	3	3385
2127	3	1429
3850	3	2273
3035	3	3391
3257	3	3635
2585	3	1038
992	3	1774
3991	3	848
1706	3	3462
57	3	3635
589	3	1640
334	3	1794
2163	3	3634
3825	3	3482
1546	3	725
543	3	854
994	3	854
1940	3	1997
1117	3	1259
3240	3	854
2418	3	854
332	3	2917
1363	3	1562
1917	3	119
1546	3	3134
2826	3	3596
940	3	650
2983	3	2540
1351	3	3386
2354	3	1037
510	3	1036
2747	3	3069
383	3	2011
3905	3	614
3015	3	4263
3048	3	3698
537	3	287
2697	3	3390
2979	3	1639
1202	3	845
1546	3	704
3881	3	850
2575	3	2651
3063	3	1031
1950	3	849
1211	3	1992
1546	3	138
1696	3	3634
1546	3	1863
1546	3	3159
221	3	110
512	3	2916
1007	3	616
1415	3	3196
1916	3	850
1436	3	2620
1548	3	3634
1342	3	3481
2632	3	945
3638	3	119
1546	3	2509
1546	3	2246
986	3	246
977	3	2917
2455	3	1967
3226	3	3972
1283	3	945
3894	3	2017
3637	3	3493
3568	3	2916
2190	3	2917
2195	3	1030
3697	3	3593
2157	3	1609
3188	3	3380
2958	3	1427
959	3	829
1185	3	3634
1503	3	1038
390	3	4268
2952	3	2017
1717	3	1997
2195	3	1031
2603	3	135
1477	3	1441
4066	3	4012
1810	3	1036
3256	3	3493
3690	3	1806
426	3	854
1971	3	3960
2976	3	1630
1198	3	3389
478	3	3603
330	3	3342
919	3	3635
3074	3	2203
1546	3	3708
1690	3	2706
1026	3	727
1546	3	2879
1958	3	626
3502	3	2415
282	3	3954
447	3	3493
3316	3	1216
3814	3	2870
3562	3	3634
3922	3	3304
3101	3	3597
3025	3	468
942	3	731
2940	3	120
2350	3	3480
2371	3	1037
4057	3	1834
52	3	1031
880	3	848
2	3	1034
1971	3	3950
1127	3	305
431	3	3480
1546	3	2723
1302	3	3634
4157	3	3634
1207	3	854
4051	3	3503
3099	3	3959
1546	3	1655
2935	3	3635
329	3	1650
3571	3	848
2576	3	2649
1950	3	4245
1916	3	857
2357	3	119
1478	3	1645
3640	3	2023
4020	3	3391
3894	3	1441
2174	3	856
1113	3	729
2126	3	834
1483	3	182
1940	3	2002
1820	3	614
4112	3	1031
1910	3	727
1803	3	1992
1551	3	2015
1496	3	614
550	3	3635
1313	3	3634
3013	3	1762
1546	3	2269
2971	3	3463
1471	3	3634
485	3	286
1917	3	2917
1190	3	3497
1225	3	1215
2059	3	3634
4102	3	183
2717	3	3196
1119	3	2920
3054	3	178
425	3	1790
1211	3	2005
1546	3	4083
1963	3	124
521	3	3158
4047	3	124
513	3	3389
1917	3	3492
1019	3	247
2196	3	1038
938	3	3743
4030	3	1235
44	3	3634
1951	3	1032
3054	3	1086
2184	3	1085
2683	3	850
1205	3	1992
3025	3	119
3225	3	4294
2345	3	1228
3001	3	632
3666	3	2242
946	3	3391
324	3	849
1179	3	857
2112	3	1031
3282	3	3069
1546	3	2339
4113	3	1038
387	3	3389
3016	3	4263
1907	3	468
987	3	1033
511	3	135
1546	3	663
3995	3	3493
585	3	847
1902	3	119
2178	3	3635
1516	3	849
2597	3	3497
383	3	180
1159	3	3365
3047	3	1639
966	3	849
1376	3	849
934	3	4179
2627	3	3521
3185	3	4276
1310	3	1837
1526	3	849
1958	3	630
4001	3	3070
435	3	731
3031	3	3493
3754	3	2207
4046	3	3493
984	3	1796
2663	3	1774
2459	3	865
3666	3	2916
3903	3	304
3059	3	1086
4055	3	294
3127	3	1215
1546	3	2884
3025	3	1427
3902	3	730
2115	3	119
444	3	3635
384	3	850
3579	3	854
3226	3	120
2663	3	1797
3963	3	3597
565	3	2311
4102	3	1797
541	3	1031
4023	3	849
3239	3	1037
2981	3	4263
330	3	1559
2669	3	3463
1546	3	3981
537	3	850
2144	3	831
371	3	736
1717	3	3364
1692	3	3634
2590	3	135
887	3	3635
4036	3	3493
577	3	3391
1546	3	2105
412	3	1229
4222	3	1038
4027	3	3634
1150	3	854
565	3	1393
325	3	1969
4030	3	3134
2688	3	1034
2626	3	127
3819	3	119
2662	3	4213
2144	3	832
2775	3	3930
327	3	1038
2386	3	616
910	3	4171
2121	3	849
1347	3	3635
2137	3	626
1546	3	2340
1311	3	2245
1913	3	3635
3987	3	3593
2291	3	2346
3631	3	2555
3654	3	850
1546	3	3965
3938	3	3480
3896	3	1968
1185	3	1032
65	3	3634
1154	3	854
4044	3	854
2387	3	1614
1211	3	3494
3064	3	3768
942	3	1087
2995	3	119
2394	3	728
55	3	1037
1437	3	3955
2127	3	847
1299	3	854
1221	3	847
2694	3	847
1366	3	629
965	3	1992
2588	3	184
4158	3	3634
335	3	2917
3060	3	1992
3236	3	3462
4047	3	3493
1546	3	2880
1100	3	1986
880	3	2916
2405	3	1796
4034	3	3494
2177	3	3365
386	3	1562
3639	3	184
4079	3	3635
938	3	1659
41	3	3634
3019	3	1038
2605	3	630
2430	3	178
869	3	2272
912	3	4262
1211	3	181
2597	3	851
3670	3	614
2663	3	1789
3254	3	3391
1299	3	845
554	3	119
3207	3	3972
4046	3	131
3898	3	3389
3075	3	1030
3661	3	2204
1310	3	3389
4111	3	1033
2572	3	1388
1207	3	3755
868	3	3391
2418	3	2763
87	3	3634
2109	3	2704
1910	3	850
384	3	635
2948	3	4206
1830	3	3948
1340	3	119
1556	3	4205
347	3	3634
1160	3	1024
3637	3	848
940	3	1086
3201	3	3385
3829	3	3462
928	3	1038
53	3	3635
1496	3	622
1546	3	2220
366	3	851
1958	3	632
1717	3	3365
2386	3	608
3637	3	3965
1146	3	1062
420	3	1085
2418	3	848
3963	3	71
884	3	119
1207	3	835
3922	3	3305
1908	3	3634
320	3	4206
1954	3	3634
45	3	3635
3664	3	744
1190	3	3124
3820	3	1032
1114	3	3494
2455	3	135
3654	3	119
2664	3	207
569	3	1228
1820	3	616
25	3	1034
3585	3	1428
3991	3	850
2144	3	119
523	3	3331
1705	3	1968
384	3	848
1352	3	135
1910	3	730
2805	3	1215
1171	3	289
585	3	119
4032	3	847
1378	3	847
4092	3	4206
2109	3	124
3209	3	3634
906	3	3365
2593	3	2015
3945	3	1271
13	3	3635
3199	3	845
1546	3	2096
137	3	3948
4050	3	850
575	3	1847
2627	3	832
1100	3	1981
4107	3	613
2391	3	1774
2598	3	2751
1160	3	798
1342	3	1796
412	3	846
575	3	138
1732	3	3635
3685	3	1216
888	3	3291
2055	3	119
2127	3	1427
1910	3	3482
425	3	1088
3848	3	2704
2051	3	3634
4315	3	3634
3258	3	135
425	3	1800
2088	3	2048
1158	3	615
2132	3	3776
356	3	178
1807	3	3314
2160	3	1616
2976	3	1580
2425	3	3390
2577	3	4213
1315	3	1388
1541	3	3681
1350	3	3634
350	3	1037
1311	3	2084
3013	3	1886
3231	3	850
924	3	849
3691	3	2438
1546	3	2510
2469	3	1032
2358	3	3482
566	3	856
925	3	3493
1186	3	851
1816	3	3635
390	3	4262
4101	3	2020
1726	3	2553
2430	3	1794
1689	3	4213
1709	3	1997
4025	3	847
4071	3	3107
1707	3	2553
4087	3	3948
432	3	849
3845	3	3757
3205	3	119
2374	3	843
1532	3	640
240	3	945
2645	3	286
909	3	4263
3588	3	3635
2945	3	3634
1166	3	1038
3835	3	119
1917	3	3389
4051	3	849
2353	3	135
3093	3	3388
880	3	114
880	3	1628
4	3	1034
3184	3	854
3027	3	119
1202	3	3389
3004	3	848
383	3	181
1966	3	2902
3059	3	1643
911	3	3390
388	3	3635
428	3	849
4057	3	1838
2598	3	626
2157	3	1611
3866	3	175
577	3	2844
2173	3	2333
3589	3	265
2385	3	854
2038	3	1031
4038	3	623
2199	3	1031
386	3	178
1149	3	735
3031	3	3389
439	3	849
1546	3	241
4035	3	135
2371	3	1277
2966	3	854
1376	3	854
335	3	2911
326	3	1032
826	3	3595
1292	3	849
3062	3	625
3925	3	850
3572	3	119
2123	3	1743
3247	3	850
1546	3	1463
1546	3	2885
425	3	185
1221	3	834
2	3	3635
2593	3	119
323	3	135
2485	3	3634
575	3	1441
3199	3	1442
1340	3	120
2189	3	850
415	3	1038
2933	3	854
2671	3	3389
1373	3	3389
4106	3	1270
232	3	1806
3187	3	466
4107	3	847
3021	3	1038
371	3	3380
3204	3	1774
3004	3	2204
1114	3	2790
2590	3	856
340	3	3635
2610	3	2898
412	3	849
3823	3	3634
2082	3	3600
1917	3	3965
1514	3	119
2938	3	1797
2430	3	1796
2685	3	834
1692	3	286
2043	3	833
3575	3	1038
327	3	1034
3207	3	3493
2177	3	4263
1546	3	707
370	3	2651
386	3	1790
1546	3	756
953	3	1031
880	3	3977
2392	3	834
2610	3	2897
1039	3	1037
959	3	3390
1114	3	3493
2592	3	119
4020	3	1236
2664	3	3965
1539	3	1032
1211	3	3493
2683	3	3289
2391	3	183
2588	3	185
3031	3	3494
1373	3	2916
3883	3	296
1950	3	1038
1345	3	847
3834	3	848
2598	3	637
435	3	727
3644	3	3634
1971	3	3956
2592	3	3463
3182	3	294
1311	3	856
4098	3	834
343	3	3380
1814	3	3635
537	3	119
428	3	3497
2663	3	1794
1147	3	3480
339	3	3635
2976	3	856
1103	3	685
992	3	1796
1964	3	1834
1555	3	3382
1362	3	834
1205	3	180
1534	3	849
1364	3	848
1962	3	119
1094	3	1393
2958	3	1426
1384	3	832
3610	3	2760
2567	3	1038
3858	3	3389
1818	3	3492
2134	3	3634
1901	3	2916
57	3	3634
512	3	2917
3940	3	3977
3055	3	728
386	3	1789
2188	3	3482
1963	3	119
1546	3	3703
1196	3	1998
1304	3	2648
2981	3	4172
2625	3	854
1555	3	127
3229	3	4295
1352	3	125
2305	3	3954
1540	3	4206
4008	3	414
2670	3	4297
1021	3	1063
1695	3	3634
1823	3	3739
3563	3	2203
880	3	854
3979	3	2433
1539	3	3634
1306	3	3634
1154	3	847
2142	3	3500
2948	3	3494
348	3	135
3227	3	3497
1161	3	729
2999	3	650
67	3	3635
2419	3	3494
415	3	3635
1113	3	730
1546	3	3164
3583	3	2204
1932	3	834
1931	3	834
2405	3	1794
346	3	3634
3774	3	3953
7	3	1031
1686	3	3635
1959	3	3493
1015	3	286
3905	3	627
1699	3	4258
992	3	1794
1907	3	2017
2406	3	850
1546	3	506
2664	3	856
969	3	3634
3056	3	124
2811	3	3603
1965	3	3799
2043	3	861
1546	3	1656
3056	3	120
3585	3	1426
2987	3	1038
3834	3	850
3644	3	1038
1310	3	848
1546	3	2511
3999	3	120
4059	3	1750
3583	3	119
2175	3	1038
1176	3	2651
7	3	3635
1546	3	2559
1318	3	2559
2157	3	1570
3922	3	3303
4038	3	854
4112	3	1033
568	3	2901
1292	3	850
1706	3	119
1108	3	848
4091	3	834
3828	3	3635
4063	3	135
1546	3	2920
341	3	3531
1015	3	3634
447	3	1442
3673	3	2763
2181	3	2561
558	3	2211
589	3	733
929	3	3635
2161	3	3495
1019	3	3736
3035	3	3389
2368	3	175
1159	3	4262
940	3	1801
2995	3	3494
3059	3	731
3591	3	3480
435	3	729
3665	3	131
3845	3	849
1211	3	1990
1479	3	625
514	3	1277
1715	3	3635
80	3	3635
1375	3	3758
1019	3	1796
1815	3	246
3335	3	3603
2428	3	119
2043	3	843
1546	3	3505
2606	3	632
3031	3	848
1499	3	1774
3077	3	1388
1940	3	3972
1311	3	849
2383	3	1622
2607	3	2763
2473	3	3635
1902	3	848
985	3	851
906	3	4262
4158	3	3635
1507	3	2203
2968	3	3336
544	3	1776
1142	3	829
3201	3	3380
335	3	2916
2661	3	3635
1074	3	2040
1916	3	4206
237	3	3635
3089	3	1789
2630	3	631
3086	3	1035
1722	3	3635
3880	3	2708
2625	3	834
1303	3	135
1205	3	3482
1901	3	819
2080	3	3196
1701	3	307
1546	3	1259
2631	3	1918
545	3	2893
3222	3	3635
2373	3	2787
3239	3	183
992	3	178
1682	3	1030
3094	3	847
1093	3	1393
1100	3	1978
3072	3	1036
3258	3	2731
1546	3	3543
3827	3	3635
1507	3	1658
2697	3	174
1505	3	1087
3092	3	3354
1022	3	120
4333	3	3635
391	3	854
2952	3	1893
2581	3	3343
1221	3	3481
3772	3	1215
992	3	183
79	3	3635
3849	3	2916
1158	3	608
282	3	3947
1526	3	751
1211	3	639
3878	3	2917
2598	3	633
2685	3	856
586	3	3480
1222	3	3522
2604	3	266
4102	3	731
1185	3	1031
3911	3	739
3610	3	3493
3227	3	847
1299	3	847
4021	3	3365
1133	3	730
2285	3	1215
3834	3	834
3074	3	2519
108	3	3635
1546	3	2272
1351	3	125
1465	3	1775
2618	3	466
2458	3	1037
2113	3	1270
1157	3	2916
580	3	179
551	3	3473
1376	3	851
3922	3	1037
2112	3	135
3909	3	847
36	3	3634
3258	3	2733
1917	3	128
1683	3	155
866	3	3494
880	3	833
3182	3	854
370	3	2648
3829	3	1287
2380	3	3635
2936	3	119
3665	3	124
1546	3	3344
3649	3	2549
2668	3	3767
3902	3	728
3637	3	500
363	3	3634
2044	3	3390
1504	3	2549
3673	3	2017
1546	3	3540
1546	3	1240
3154	3	3955
3909	3	135
3025	3	2763
2182	3	854
1526	3	734
934	3	856
3025	3	3520
420	3	1792
3940	3	3974
2127	3	1428
2601	3	848
2477	3	1038
584	3	3350
403	3	3463
1383	3	119
554	3	850
2970	3	3635
2069	3	3959
1157	3	3382
1913	3	1032
381	3	847
2183	3	1762
1477	3	3463
883	3	213
990	3	3365
1546	3	854
1300	3	119
3019	3	1034
1159	3	4268
2577	3	3702
333	3	4012
2375	3	1034
869	3	1440
3200	3	135
511	3	845
1706	3	2330
425	3	178
1942	3	3635
3670	3	615
496	3	3948
4014	3	519
976	3	3969
2050	3	3634
1546	3	2224
3850	3	3380
2172	3	127
3585	3	135
1171	3	3492
3638	3	135
4035	3	848
1546	3	162
2166	3	3132
3576	3	727
3900	3	3702
2590	3	3493
387	3	3365
3856	3	3492
3317	3	1217
1335	3	1085
1703	3	834
568	3	3494
3253	3	3350
910	3	3364
4035	3	119
1337	3	119
2981	3	4235
1546	3	2261
2606	3	625
940	3	3504
447	3	138
1497	3	729
2478	3	3634
2376	3	3481
2350	3	1802
374	3	3303
387	3	2736
1702	3	1083
1198	3	4276
1546	3	1426
4038	3	625
1375	3	127
880	3	2917
902	3	3634
2598	3	629
432	3	1082
434	3	849
1652	3	3601
381	3	854
1105	3	3179
1717	3	787
3979	3	2437
2929	3	3192
2110	3	174
2043	3	835
2955	3	834
880	3	834
1468	3	3634
3991	3	847
482	3	1806
1681	3	597
423	3	3380
4159	3	3635
1000	3	1038
1479	3	848
4102	3	727
4121	3	1034
2432	3	119
2174	3	847
425	3	850
959	3	849
1103	3	1037
1483	3	180
3571	3	4206
3093	3	3299
2876	3	3597
24	3	1038
3909	3	854
1100	3	1979
3241	3	857
2480	3	3635
880	3	847
3831	3	847
1360	3	1667
2390	3	124
381	3	184
3905	3	3634
64	3	3634
3280	3	3193
1528	3	1794
1011	3	854
1599	3	3961
1323	3	3634
3313	3	2445
4	3	1038
2460	3	3635
69	3	3635
2044	3	849
984	3	3482
4075	3	119
2609	3	854
564	3	119
2952	3	3493
4025	3	1754
4160	3	1038
2371	3	2311
3204	3	132
3934	3	625
556	3	1774
1941	3	119
3050	3	1992
434	3	119
3637	3	135
358	3	3132
1804	3	3372
2354	3	286
3155	3	2436
386	3	727
4092	3	4276
1546	3	2335
3916	3	850
3241	3	135
1477	3	3462
911	3	3391
2663	3	179
3239	3	1794
586	3	735
2043	3	847
3638	3	3493
880	3	631
911	3	4240
2576	3	2651
1483	3	183
3201	3	849
1526	3	3482
367	3	847
323	3	702
939	3	850
201	3	3196
1360	3	3389
2374	3	1643
2663	3	1089
2964	3	3291
1520	3	266
3031	3	2559
4044	3	179
3909	3	3110
1007	3	619
430	3	3462
4047	3	127
3901	3	3635
494	3	921
1555	3	3353
1526	3	834
432	3	119
3056	3	2549
1546	3	2889
584	3	3356
930	3	3635
2063	3	1038
3048	3	128
35	3	1036
1159	3	4263
1721	3	3634
984	3	3480
2696	3	185
2972	3	1038
585	3	2648
1498	3	3389
453	3	119
1503	3	3522
1342	3	1086
1380	3	3634
905	3	3365
906	3	3388
1200	3	1038
539	3	1032
1516	3	856
1547	3	3493
432	3	3634
3062	3	178
2161	3	3391
1293	3	2635
1695	3	3635
390	3	3365
1546	3	4064
3035	3	1746
1095	3	854
543	3	2020
1148	3	178
1334	3	3385
880	3	3509
1940	3	625
3852	3	850
2590	3	850
442	3	3634
1544	3	854
1171	3	3500
1200	3	286
901	3	3635
3253	3	3176
1546	3	3520
579	3	851
3815	3	2750
1454	3	1805
1207	3	124
919	3	1037
2577	3	3389
2115	3	135
3007	3	1038
3078	3	1753
1126	3	847
3199	3	119
3881	3	847
442	3	3635
1707	3	3494
1941	3	135
3942	3	731
1045	3	3603
2290	3	3595
2985	3	849
342	3	3389
420	3	1791
3063	3	2203
1546	3	2883
2688	3	3634
557	3	3635
872	3	3634
1532	3	1794
1829	3	3635
343	3	3389
1337	3	3965
371	3	735
384	3	3504
426	3	1992
1546	3	490
1690	3	2705
4107	3	3291
1695	3	1038
541	3	3634
3568	3	2917
1022	3	854
1182	3	3635
2453	3	153
3571	3	3492
2989	3	3295
4025	3	1655
4131	3	3634
3175	3	2435
4217	3	3634
3906	3	3756
1311	3	848
4160	3	1031
2354	3	1034
3199	3	2764
4090	3	3954
3234	3	3385
1958	3	637
1496	3	2204
987	3	848
880	3	714
1917	3	207
2037	3	1030
303	3	3192
3850	3	120
477	3	3594
2598	3	847
2989	3	3293
2043	3	848
1691	3	849
1119	3	122
1358	3	849
2599	3	3386
2957	3	1587
880	3	119
880	3	1839
1055	3	519
4020	3	135
888	3	736
898	3	3635
3942	3	850
986	3	3388
3943	3	3757
2682	3	1402
2958	3	119
4072	3	3593
3909	3	500
880	3	629
1466	3	3634
1926	3	1856
2979	3	739
2385	3	850
910	3	4240
4023	3	3635
356	3	180
334	3	1789
3093	3	178
2937	3	1087
3906	3	3462
2963	3	174
383	3	1789
3094	3	119
2036	3	1032
2044	3	848
3824	3	3635
1905	3	1789
992	3	1085
3019	3	1032
1693	3	3497
1907	3	119
3014	3	850
2430	3	181
2581	3	2651
2586	3	3635
1436	3	3954
3050	3	3388
1507	3	4068
2937	3	1789
2414	3	834
574	3	179
2044	3	2917
3258	3	849
2999	3	1992
3858	3	4304
1342	3	727
586	3	3481
1080	3	2436
3945	3	3385
1488	3	3634
2357	3	3462
3027	3	854
1958	3	634
3583	3	843
3664	3	3494
2419	3	2548
3580	3	1635
1546	3	2071
1510	3	3634
2469	3	1036
1507	3	1083
1717	3	124
7	3	1030
2951	3	3635
3822	3	178
335	3	3482
3078	3	3463
1067	3	3953
3933	3	731
923	3	4262
3640	3	135
1353	3	3382
2381	3	228
425	3	1775
951	3	1030
2044	3	3389
3571	3	856
870	3	3634
1941	3	848
2615	3	2007
1194	3	1056
1940	3	3385
3258	3	3380
1382	3	3634
4058	3	854
2690	3	135
4011	3	3603
2949	3	3168
967	3	847
2659	3	854
2980	3	1031
19	3	3635
3850	3	854
1139	3	3808
1706	3	3463
3239	3	1796
1207	3	2532
2589	3	119
959	3	3463
1531	3	129
1681	3	1393
889	3	2819
580	3	1802
867	3	1802
1362	3	851
3056	3	1277
1172	3	292
2774	3	3930
1914	3	2801
326	3	1034
1501	3	3634
2060	3	3634
2158	3	3391
1681	3	598
3089	3	181
2957	3	3810
2376	3	1647
3128	3	3947
2987	3	1034
3626	3	4186
2378	3	850
1482	3	1398
450	3	4321
3205	3	3493
977	3	3398
3238	3	1410
1095	3	847
1940	3	2009
566	3	854
1691	3	833
271	3	3196
2379	3	1770
1117	3	2764
900	3	2497
3096	3	3959
3246	3	2755
2669	3	1834
15	3	1038
1907	3	799
1827	3	1038
3094	3	3387
4085	3	181
1188	3	3388
4041	3	115
3900	3	2917
959	3	851
590	3	1639
934	3	4292
3239	3	178
2118	3	854
3854	3	3493
3231	3	3494
3144	3	3948
2661	3	3634
1539	3	1034
2984	3	3635
1309	3	3390
77	3	3635
2971	3	3462
1534	3	847
2942	3	135
976	3	850
3617	3	3493
915	3	3364
2043	3	3493
2172	3	4213
74	3	3634
2370	3	1388
3614	3	3492
461	3	3102
911	3	3382
3815	3	2760
4059	3	1745
969	3	3635
3510	3	3953
1137	3	850
1683	3	119
428	3	834
4053	3	1666
993	3	135
38	3	3634
3984	3	3954
3883	3	2926
2127	3	3494
381	3	3725
1546	3	3165
3239	3	1085
1001	3	3391
2696	3	3385
1804	3	1789
577	3	2647
353	3	297
1604	3	2346
3651	3	4206
2410	3	848
2174	3	3494
3241	3	850
3094	3	850
1315	3	1393
1507	3	2542
2989	3	3495
1535	3	845
2381	3	2534
2615	3	119
3839	3	3764
590	3	1635
3089	3	727
959	3	856
3580	3	1639
102	3	1036
906	3	3364
386	3	1796
1523	3	631
104	3	286
1182	3	3634
2606	3	636
2694	3	854
1720	3	730
2152	3	3634
3858	3	3390
1902	3	856
435	3	1608
1526	3	850
3890	3	854
2159	3	3635
3583	3	834
979	3	854
1150	3	2649
1717	3	849
586	3	1034
3258	3	834
900	3	180
1403	3	3215
1496	3	619
431	3	2000
1135	3	1774
1138	3	3808
3093	3	834
3866	3	2756
3182	3	847
1011	3	3162
2606	3	628
2948	3	135
1337	3	854
4109	3	181
2567	3	1037
1296	3	1616
1211	3	854
2932	3	119
3093	3	119
1819	3	3634
1498	3	3462
1002	3	3463
3019	3	1036
2568	3	849
420	3	1796
521	3	850
3282	3	3947
2306	3	3954
2160	3	3391
4102	3	181
3911	3	3293
2659	3	127
1546	3	2803
2410	3	854
270	3	2436
3172	3	3223
3861	3	850
554	3	266
4045	3	3385
3184	3	247
2400	3	2651
2419	3	3493
3120	3	2433
3059	3	119
3924	3	3635
2569	3	2917
1157	3	2817
562	3	287
383	3	1774
1496	3	613
876	3	3473
3832	3	2203
3048	3	3391
3227	3	3462
2391	3	1088
1907	3	135
2606	3	637
2090	3	1218
2526	3	3961
1211	3	119
4091	3	865
3236	3	848
1919	3	1427
3650	3	1037
1170	3	2916
1701	3	3380
1311	3	2237
2577	3	4214
1820	3	3353
1910	3	180
1516	3	854
3188	3	834
3254	3	1762
4047	3	119
1126	3	849
3942	3	729
999	3	3796
3048	3	3495
1823	3	3737
3861	3	845
1732	3	3634
1910	3	729
2663	3	854
3890	3	3493
12	3	3635
1372	3	2927
1137	3	3482
340	3	2917
1959	3	174
280	3	3070
3258	3	854
3031	3	854
3057	3	850
3869	3	1635
3916	3	2204
2948	3	3965
1522	3	1566
3654	3	845
1193	3	728
1526	3	854
1526	3	735
1205	3	730
1383	3	3493
335	3	119
324	3	854
1321	3	3634
2195	3	1032
928	3	1032
437	3	604
2187	3	849
577	3	834
3872	3	845
4021	3	3364
2125	3	3743
1157	3	129
2161	3	3499
3820	3	1031
920	3	181
3824	3	1038
2599	3	723
2978	3	4012
93	3	3634
2773	3	3930
3571	3	3380
322	3	1888
527	3	1063
3838	3	847
3060	3	3299
2397	3	3634
794	3	3196
1147	3	3482
1720	3	728
880	3	152
1355	3	3635
4097	3	2270
4107	3	3290
423	3	854
281	3	2205
2178	3	1035
1342	3	850
4101	3	599
1207	3	119
2932	3	124
1203	3	1992
3011	3	2916
325	3	3808
367	3	2798
335	3	1038
2129	3	850
3025	3	135
529	3	3481
95	3	1037
2169	3	3634
1138	3	3494
2580	3	2651
336	3	608
1137	3	854
2610	3	119
404	3	3635
1477	3	3494
2390	3	127
952	3	1032
3056	3	3635
1012	3	722
2698	3	848
3038	3	119
577	3	2843
3880	3	849
503	3	2620
102	3	1030
326	3	1031
1546	3	1241
1546	3	3346
83	3	3635
2429	3	2211
1309	3	3389
3654	3	834
900	3	3311
1727	3	119
2590	3	3380
3188	3	850
428	3	854
1372	3	3400
351	3	3794
2640	3	3603
4032	3	848
432	3	848
3200	3	1616
2598	3	849
709	3	2443
3200	3	119
417	3	1393
3089	3	1801
1804	3	119
882	3	3741
2167	3	1655
3048	3	3385
3189	3	3291
2590	3	119
1511	3	731
3619	3	1228
329	3	1643
4285	3	3635
1686	3	3634
920	3	184
938	3	1761
2606	3	638
1247	3	3596
3261	3	2822
2629	3	851
1120	3	848
2685	3	3389
1129	3	1038
2685	3	851
3031	3	1427
6	3	3634
404	3	3634
3137	3	3602
589	3	1634
938	3	3739
1689	3	4259
1342	3	181
4025	3	3389
951	3	1038
1933	3	834
582	3	729
1709	3	1995
1905	3	184
3918	3	1813
1473	3	3634
900	3	4068
1133	3	727
1546	3	1064
450	3	209
1211	3	179
2772	3	3930
574	3	3463
3247	3	3681
237	3	3634
351	3	4191
3614	3	845
1505	3	1745
411	3	854
1546	3	2213
1910	3	1037
3050	3	3385
1512	3	3180
2049	3	3634
2423	3	3480
4032	3	854
2118	3	3380
2619	3	3635
577	3	2842
2043	3	834
3645	3	3634
3060	3	184
3571	3	4276
2419	3	854
570	3	2105
1469	3	3635
580	3	119
2685	3	854
3042	3	3492
2350	3	730
1137	3	3481
3585	3	848
1314	3	3635
3608	3	1037
2933	3	3385
2110	3	175
386	3	850
1054	3	519
2196	3	1032
1694	3	4258
2683	3	1774
1351	3	3497
1186	3	119
1869	3	3947
4102	3	1088
2370	3	1393
334	3	1086
984	3	119
2292	3	2437
2593	3	1235
1342	3	1038
2580	3	3492
1907	3	849
1546	3	2815
2089	3	2415
3039	3	3492
2373	3	2916
3249	3	3494
2587	3	3389
460	3	3962
1318	3	2561
4025	3	3388
3870	3	1085
1295	3	120
911	3	4239
1546	3	2721
3060	3	850
2366	3	848
1211	3	632
1971	3	3069
589	3	1638
1546	3	799
1546	3	2828
2935	3	1038
3898	3	3364
4122	3	3635
451	3	849
1115	3	854
108	3	3634
955	3	1032
3851	3	119
554	3	854
11	3	3635
2475	3	3634
1516	3	119
1908	3	3635
513	3	135
2132	3	135
58	3	1036
1477	3	850
2578	3	2651
4094	3	506
979	3	1978
3852	3	3518
382	3	1086
3054	3	1774
2598	3	728
796	3	2346
1546	3	3560
365	3	1082
975	3	854
959	3	3388
1327	3	3635
3817	3	3463
541	3	1034
2513	3	3192
3914	3	2825
999	3	845
1190	3	2759
875	3	3529
796	3	3068
3904	3	3634
2616	3	4302
3669	3	3634
1465	3	3391
2050	3	3635
4035	3	850
1170	3	3389
3091	3	153
1210	3	835
2125	3	793
2366	3	119
1364	3	120
505	3	2434
1002	3	2801
967	3	854
1364	3	127
1546	3	1270
4028	3	2549
1133	3	850
1804	3	1802
386	3	3480
2127	3	854
2629	3	1813
883	3	3385
3201	3	3493
3226	3	3494
2142	3	3462
323	3	834
2685	3	3493
572	3	854
1207	3	131
439	3	135
390	3	4263
1103	3	3341
3612	3	834
3231	3	854
2432	3	832
3219	3	1872
573	3	1574
959	3	850
1720	3	727
3861	3	119
2701	3	3389
2628	3	3634
1022	3	127
323	3	3462
4102	3	1087
989	3	1034
322	3	1884
2137	3	3351
1546	3	2342
932	3	3635
1546	3	2763
3188	3	155
88	3	3635
2357	3	3385
3608	3	3410
917	3	4263
1653	3	4146
3088	3	3634
2950	3	727
3609	3	119
1386	3	3508
3000	3	1038
1114	3	135
2599	3	843
4109	3	1086
1355	3	3634
441	3	690
1804	3	1794
4058	3	857
1321	3	3635
3002	3	1790
1019	3	1802
2968	3	466
3833	3	3810
1917	3	3382
2127	3	3391
1144	3	1774
3063	3	850
3241	3	854
3199	3	799
3999	3	3492
336	3	613
3050	3	3387
1689	3	4214
3889	3	3809
2371	3	832
25	3	1038
3759	3	945
1133	3	3385
1963	3	127
2142	3	3380
1205	3	1775
1951	3	1034
2937	3	1802
340	3	3744
2398	3	3635
2122	3	1037
1131	3	3634
3654	3	2076
323	3	849
570	3	662
2379	3	2864
2678	3	766
3848	3	119
1546	3	813
1522	3	3789
1959	3	3389
313	3	2436
3608	3	1034
2371	3	2543
983	3	831
4054	3	2870
1100	3	1990
2950	3	854
2367	3	834
2969	3	650
1699	3	3463
2603	3	138
2455	3	3972
1113	3	731
1193	3	729
3871	3	1992
1703	3	849
1832	3	3946
3610	3	125
3055	3	731
404	3	1032
4044	3	1774
4038	3	640
3201	3	848
1804	3	729
3066	3	1395
1546	3	3345
35	3	1031
1158	3	620
992	3	731
1823	3	119
1142	3	833
1826	3	730
3239	3	1802
1528	3	1796
2952	3	850
570	3	2224
2197	3	1038
420	3	119
1311	3	854
38	3	3635
880	3	1397
2678	3	849
1017	3	633
5	3	3635
587	3	1088
3199	3	2017
1546	3	2215
906	3	4263
2289	3	3593
2455	3	1968
2942	3	1062
2196	3	1031
880	3	843
1917	3	127
1949	3	1038
1546	3	3692
571	3	3462
2976	3	854
2625	3	833
586	3	3635
939	3	3385
2352	3	688
2103	3	3592
17	3	1038
3691	3	2434
4044	3	1775
1142	3	3492
499	3	519
140	3	3953
2418	3	2015
3234	3	3391
451	3	833
1334	3	1426
2598	3	854
2778	3	3196
513	3	3463
2776	3	3603
992	3	1802
2456	3	1037
2615	3	625
3048	3	3492
1480	3	850
2683	3	3480
2952	3	1442
404	3	1038
1700	3	3634
4051	3	135
1722	3	3634
428	3	3965
1310	3	1834
4254	3	3635
574	3	1795
2391	3	182
1211	3	2000
3853	3	850
1810	3	1037
2361	3	1852
2663	3	1088
1335	3	178
1538	3	1388
1546	3	2221
2174	3	135
2043	3	1992
4084	3	3635
3927	3	1086
4106	3	135
2977	3	1774
3662	3	4198
3234	3	3493
3031	3	1064
1546	3	3715
20	3	3634
1522	3	1562
944	3	854
3044	3	4265
1917	3	129
4111	3	1034
3890	3	120
2421	3	1583
1546	3	2234
549	3	1992
885	3	1034
2589	3	850
3024	3	2917
420	3	1774
3199	3	135
1816	3	1036
3906	3	3755
559	3	1034
4103	3	3389
888	3	847
510	3	1030
3031	3	1968
3821	3	714
2158	3	2203
2937	3	1086
1345	3	119
2390	3	284
2574	3	4268
352	3	223
3557	3	3070
3057	3	2762
4192	3	3635
432	3	1762
967	3	834
807	3	3954
869	3	3704
3212	3	1038
1132	3	3634
1546	3	2508
1546	3	2317
1820	3	608
3860	3	3635
2952	3	3965
1498	3	3494
1185	3	3635
2391	3	1796
3871	3	851
434	3	1228
3048	3	126
483	3	1216
1898	3	3141
1357	3	3492
3010	3	854
2307	3	2040
1115	3	850
1007	3	613
1457	3	3959
2038	3	1037
1117	3	3532
3945	3	3463
2043	3	831
3048	3	3390
498	3	3947
1468	3	3635
81	3	3635
430	3	3380
3637	3	3134
492	3	2436
3861	3	847
2663	3	184
2670	3	4303
1308	3	4276
4054	3	2872
1950	3	843
1290	3	2854
2629	3	850
2172	3	834
2151	3	3634
4025	3	3291
3902	3	727
2183	3	1746
1546	3	806
1953	3	1030
323	3	3463
3637	3	127
3031	3	2561
2114	3	2560
2684	3	2515
1693	3	848
3585	3	1427
4085	3	183
1940	3	850
2950	3	849
1210	3	856
3891	3	3350
4226	3	3634
328	3	854
916	3	4238
3046	3	854
905	3	4262
3850	3	3463
3025	3	1441
3697	3	3223
2385	3	736
1546	3	3542
1546	3	3812
526	3	3767
577	3	3389
3315	3	2047
4014	3	3947
1221	3	3482
1701	3	3462
549	3	1388
3048	3	124
2374	3	739
1529	3	850
348	3	1272
1165	3	3482
2198	3	1030
1207	3	3757
2782	3	3599
2488	3	455
512	3	228
3056	3	3493
425	3	184
3236	3	2764
1316	3	850
883	3	211
1098	3	1235
3093	3	854
944	3	851
2127	3	849
3571	3	3497
2668	3	4068
1901	3	3634
3201	3	506
3066	3	1388
4112	3	1036
1554	3	286
1380	3	1038
3619	3	854
3664	3	135
3054	3	181
3021	3	3635
2971	3	3494
1546	3	2895
2378	3	1774
3005	3	3634
4102	3	1089
1517	3	2840
1001	3	124
4038	3	3380
932	3	3634
4047	3	128
43	3	3635
1386	3	848
868	3	3389
2334	3	3192
379	3	3634
1905	3	1086
3012	3	849
2587	3	132
1496	3	616
2642	3	3603
457	3	3957
1498	3	847
3642	3	119
1133	3	1794
2690	3	1274
2391	3	180
3227	3	850
2115	3	3380
1815	3	854
1546	3	664
3843	3	3497
942	3	728
4015	3	3601
3907	3	3354
445	3	3634
2481	3	3635
2371	3	3391
2579	3	2651
3010	3	847
1529	3	1796
1546	3	2562
450	3	3811
2372	3	3634
522	3	3463
2144	3	864
383	3	1796
894	3	854
3838	3	127
2608	3	3463
2390	3	125
2997	3	843
3236	3	500
2607	3	2015
1534	3	854
1211	3	180
2055	3	3391
439	3	120
869	3	2273
4096	3	3391
3012	3	850
3583	3	2203
2080	3	3070
2132	3	119
2357	3	847
3868	3	1037
88	3	3634
2942	3	294
1905	3	181
383	3	3482
2670	3	4300
2405	3	1802
3281	3	3215
4080	3	3634
1007	3	614
86	3	3635
3074	3	1034
3077	3	155
1950	3	3635
1178	3	3635
1824	3	3169
880	3	857
2359	3	3794
383	3	847
2043	3	119
3256	3	135
1292	3	848
1139	3	3463
1556	3	127
381	3	843
1205	3	729
3074	3	3481
3854	3	1762
940	3	1089
14	3	1038
2605	3	629
2184	3	1796
907	3	4263
410	3	2754
2374	3	847
2350	3	1774
780	3	3192
913	3	4204
2140	3	1774
1712	3	3634
1523	3	1774
1210	3	849
2958	3	1428
1902	3	847
1378	3	849
537	3	2751
1546	3	1235
4019	3	2436
2641	3	1806
3673	3	1441
3059	3	729
382	3	3463
1172	3	289
2615	3	637
1707	3	119
1223	3	2800
451	3	850
3017	3	1796
1145	3	3482
2598	3	850
956	3	3635
2992	3	3634
3576	3	730
2663	3	849
3094	3	854
1309	3	119
3905	3	615
4020	3	848
2144	3	845
880	3	677
1098	3	135
3011	3	3382
2350	3	728
3095	3	1441
2570	3	185
2580	3	2649
2176	3	120
1825	3	1992
21	3	3635
4161	3	3635
2605	3	625
234	3	2436
2142	3	119
3835	3	2553
682	3	3603
3854	3	1072
4032	3	2760
1511	3	727
3025	3	3134
3059	3	727
997	3	3635
3929	3	2749
1479	3	2751
528	3	1034
2132	3	3494
74	3	3635
2350	3	729
1133	3	729
1120	3	3967
3819	3	854
3239	3	1789
2403	3	1038
1133	3	1774
1523	3	650
3673	3	119
2665	3	3634
543	3	850
2473	3	3634
1546	3	223
2952	3	854
1344	3	2707
3858	3	3382
2072	3	3605
1546	3	3694
575	3	122
3686	3	3601
190	3	3593
2041	3	1794
2590	3	3497
2156	3	3634
1546	3	701
570	3	1431
2952	3	1440
1368	3	1036
3093	3	3380
3850	3	119
1353	3	3385
880	3	2483
3249	3	3385
962	3	4213
1013	3	1785
2615	3	633
1362	3	854
2940	3	3972
1159	3	4260
1910	3	3385
4076	3	1037
2639	3	519
1120	3	834
1470	3	3634
2522	3	1034
3576	3	728
2174	3	119
3261	3	1968
2176	3	119
2952	3	848
3894	3	2273
3060	3	185
942	3	1085
3834	3	1795
526	3	3355
3916	3	834
2652	3	3948
586	3	3634
1804	3	850
1910	3	1802
3858	3	4303
1027	3	854
344	3	850
2716	3	3196
1534	3	1762
1478	3	1644
992	3	1801
911	3	4204
420	3	1088
886	3	2301
2972	3	1031
3824	3	3634
2625	3	857
1188	3	1765
350	3	3635
1907	3	3385
2607	3	2764
1382	3	1030
3086	3	1032
2162	3	3368
869	3	3162
2678	3	848
559	3	3635
2606	3	2549
977	3	3399
371	3	3385
4044	3	834
3938	3	1789
1222	3	3523
1164	3	466
4103	3	4214
2934	3	3635
2062	3	808
2106	3	850
386	3	1086
3199	3	500
2698	3	854
3149	3	3215
340	3	3165
2380	3	3634
4037	3	850
1026	3	1796
1363	3	1569
3637	3	119
2455	3	161
3258	3	2732
1347	3	3634
4107	3	617
1915	3	3355
2364	3	228
1327	3	3634
999	3	854
104	3	1038
325	3	119
3089	3	729
1297	3	2554
3839	3	847
3011	3	3497
1703	3	3480
1211	3	628
1376	3	847
1210	3	852
1170	3	2917
453	3	2718
3563	3	850
4060	3	1797
3821	3	835
3205	3	2561
3894	3	2015
3017	3	180
4030	3	4007
880	3	831
449	3	2864
3038	3	3386
1513	3	3757
1230	3	3948
3608	3	847
1941	3	1274
396	3	3717
566	3	119
2411	3	843
1211	3	184
1546	3	139
1681	3	2020
1172	3	3493
1383	3	3492
3189	3	178
1912	3	135
3638	3	127
391	3	4206
1907	3	3134
1696	3	3635
2351	3	3350
4032	3	2761
577	3	2849
1002	3	2798
1905	3	1774
2469	3	1030
1546	3	1440
4096	3	3706
386	3	1802
378	3	174
2103	3	3107
1546	3	805
1211	3	3380
2601	3	1990
1546	3	161
586	3	850
1529	3	1086
21	3	3634
3088	3	3635
4121	3	3635
3563	3	833
2455	3	3808
1712	3	3635
361	3	3635
594	3	1037
1299	3	119
3614	3	3493
2575	3	2648
2939	3	3494
2110	3	181
1958	3	854
4055	3	847
1157	3	3297
1203	3	179
407	3	3635
2644	3	3601
2607	3	2105
908	3	4262
9	3	3634
1101	3	3314
2989	3	3972
1693	3	3967
2466	3	1872
1546	3	2921
2157	3	1568
2286	3	1029
2391	3	730
2946	3	2203
3214	3	1038
60	3	3634
885	3	1036
1546	3	802
2583	3	3635
3875	3	3634
2173	3	119
2360	3	741
3055	3	729
1211	3	638
2370	3	2825
1917	3	3391
4139	3	3635
226	3	3192
1004	3	1038
354	3	3634
2583	3	3492
513	3	3391
2663	3	729
2703	3	2204
2955	3	850
1171	3	287
1916	3	3492
1546	3	3980
880	3	849
1941	3	847
1546	3	2801
366	3	834
1549	3	3634
54	3	3635
4107	3	3299
891	3	2823
3182	3	850
918	3	3634
2457	3	3635
1027	3	266
360	3	3634
4038	3	286
2659	3	2311
1026	3	1774
3074	3	2517
4030	3	2015
1432	3	414
1707	3	854
2615	3	634
4207	3	3635
953	3	1030
2663	3	1801
564	3	185
1546	3	2724
1543	3	153
3680	3	1038
2133	3	832
1310	3	834
4016	3	3603
3894	3	135
1048	3	3595
371	3	2204
1014	3	286
1947	3	1032
3014	3	3380
1301	3	3681
420	3	1087
2418	3	847
3945	3	3462
3079	3	3634
353	3	2927
1557	3	119
1201	3	4276
3228	3	4296
423	3	3493
1021	3	4174
4044	3	856
4109	3	1089
1343	3	1643
3870	3	179
1202	3	834
2399	3	1085
3237	3	3463
577	3	847
419	3	3385
324	3	847
1546	3	3806
4160	3	1035
3629	3	616
3927	3	651
2463	3	2853
3031	3	119
97	3	3635
386	3	1797
1164	3	228
1914	3	854
3875	3	3635
2939	3	3493
997	3	3634
30	3	1038
1546	3	2225
4049	3	3796
3873	3	850
1156	3	3635
3240	3	834
3990	3	3635
2685	3	829
1938	3	192
993	3	856
1916	3	124
385	3	1635
2940	3	3967
3894	3	2763
2949	3	3163
3584	3	3494
3241	3	4206
412	3	3350
3174	3	3954
2350	3	178
1133	3	119
1546	3	2250
3926	3	613
1600	3	3961
384	3	286
3250	3	3512
3348	3	3946
2971	3	3965
2354	3	3634
3636	3	3503
2039	3	1038
1940	3	1992
3205	3	3965
1113	3	728
2677	3	834
2187	3	848
90	3	1034
1295	3	128
1116	3	2555
884	3	3462
2044	3	3391
2683	3	1648
1207	3	850
1094	3	2543
987	3	3385
1917	3	126
3853	3	848
885	3	1038
2038	3	1034
2070	3	3192
992	3	1573
1133	3	3504
3890	3	119
338	3	2300
1382	3	1032
4161	3	3634
3813	3	155
1311	3	3110
1546	3	2085
323	3	854
453	3	127
2986	3	1745
1117	3	1463
3063	3	1035
1211	3	637
3086	3	1038
282	3	3196
2043	3	856
3912	3	2212
2184	3	1086
96	3	3634
908	3	3365
2605	3	633
4063	3	2553
2043	3	2547
37	3	3634
4044	3	2203
3064	3	1075
582	3	731
4038	3	3493
1546	3	1969
1310	3	847
3673	3	135
3821	3	1226
3571	3	854
1152	3	3634
2169	3	3635
3934	3	727
2595	3	119
4044	3	845
1360	3	1661
1313	3	3635
1902	3	854
900	3	184
498	3	3951
3638	3	850
1186	3	849
2491	3	515
3905	3	608
2452	3	845
404	3	1030
388	3	3634
3030	3	184
1172	3	287
462	3	1219
2937	3	1791
362	3	834
584	3	3353
28	3	3634
4094	3	1968
1971	3	3192
2174	3	1448
3056	3	847
2702	3	3634
974	3	727
2601	3	120
1546	3	3790
2045	3	2916
3684	3	2436
1306	3	3635
541	3	3635
2108	3	3634
2598	3	856
3853	3	1774
1898	3	848
450	3	4277
2678	3	3493
4255	3	1032
1019	3	183
745	3	1216
336	3	615
4105	3	3634
942	3	729
3665	3	130
1205	3	1789
1353	3	3380
530	3	119
2985	3	2913
3823	3	3635
343	3	3391
2663	3	847
2589	3	854
970	3	2846
1337	3	135
1026	3	728
523	3	1388
3614	3	848
1727	3	127
869	3	3134
3983	3	3947
1159	3	4261
577	3	2850
3012	3	848
1383	3	850
2112	3	850
2603	3	2017
3729	3	3948
1300	3	3964
1372	3	3399
1100	3	1976
1311	3	500
1959	3	175
899	3	3635
2985	3	3391
1472	3	3634
2385	3	119
2103	3	3596
432	3	1746
507	3	4171
3511	3	3596
976	3	3968
340	3	672
4096	3	4206
1523	3	629
2419	3	849
1546	3	3407
911	3	4172
1938	3	848
577	3	850
473	3	3215
1310	3	135
3563	3	834
3094	3	848
4010	3	3215
513	3	1967
3242	3	1388
1205	3	731
3207	3	848
2191	3	1789
2390	3	1071
2158	3	3389
2597	3	3326
590	3	736
3994	3	804
4107	3	119
1104	3	135
22	3	1032
570	3	2212
3995	3	119
2180	3	850
3637	3	2015
3609	3	848
3869	3	1639
4094	3	2922
2178	3	1034
568	3	2902
1902	3	3494
2995	3	135
1434	3	3635
4070	3	3947
3853	3	119
1524	3	3977
4020	3	849
3049	3	116
1546	3	500
412	3	3977
3580	3	739
3846	3	4305
1193	3	727
2112	3	119
2667	3	1037
1170	3	3972
1546	3	1059
1905	3	1089
3853	3	729
4025	3	219
394	3	848
1960	3	856
1546	3	2283
3046	3	850
962	3	1992
3258	3	847
2398	3	3364
6	3	3635
4045	3	3493
990	3	4264
4058	3	849
537	3	630
1207	3	3758
3925	3	847
2368	3	854
3664	3	2520
4006	3	3948
967	3	3482
1820	3	622
2389	3	1562
2629	3	1086
3651	3	4276
3866	3	2558
4085	3	1796
3619	3	847
3612	3	127
1299	3	849
4054	3	2871
1537	3	677
2463	3	4213
4086	3	3624
3850	3	3385
1333	3	4298
1199	3	1086
1868	3	3595
3861	3	3389
1005	3	3634
3927	3	655
539	3	1037
2687	3	1277
880	3	852
1305	3	854
1202	3	1087
451	3	1775
591	3	2651
1524	3	851
2989	3	3292
2716	3	3954
1211	3	3489
485	3	2465
2391	3	178
504	3	2434
501	3	3948
3934	3	728
3898	3	1995
3218	3	3634
1546	3	3699
2110	3	732
94	3	3634
1691	3	850
1202	3	3494
4030	3	3385
2428	3	850
589	3	1641
1539	3	1037
3094	3	3493
1221	3	119
2371	3	835
2589	3	1992
3927	3	650
711	3	3596
2950	3	1774
3638	3	854
1724	3	833
884	3	135
3911	3	3482
1951	3	1030
2423	3	3482
2117	3	3634
1540	3	854
4058	3	847
1165	3	3481
2583	3	2836
1149	3	734
344	3	119
3098	3	3959
1546	3	2244
344	3	849
1699	3	155
3585	3	1440
546	3	3635
3881	3	834
3577	3	3635
1066	3	3955
493	3	3194
1546	3	2800
2470	3	1030
2601	3	637
2044	3	3382
1305	3	4276
1350	3	1038
2106	3	184
340	3	1787
3619	3	849
384	3	624
964	3	3634
571	3	811
3626	3	1251
1190	3	119
1546	3	2506
962	3	3741
1364	3	3350
348	3	1270
3814	3	119
3231	3	119
3666	3	2906
2512	3	3194
2386	3	3389
4017	3	3603
446	3	2211
2391	3	851
580	3	854
1529	3	119
1546	3	1862
1208	3	854
3637	3	129
2664	3	2732
1126	3	4276
1502	3	854
976	3	3976
3573	3	3634
1437	3	2620
2066	3	3634
3010	3	834
894	3	850
3093	3	2006
3848	3	4276
384	3	631
992	3	854
401	3	1388
3818	3	2732
3038	3	179
1322	3	3634
3258	3	129
440	3	3391
905	3	3364
3261	3	1967
2480	3	3634
4026	3	192
4094	3	497
1026	3	729
2358	3	3480
4207	3	3634
374	3	3305
2144	3	828
4043	3	1082
1503	3	3521
420	3	183
1810	3	1034
2702	3	3382
3866	3	3390
3549	3	3196
871	3	3635
1194	3	851
394	3	854
3898	3	132
1528	3	178
1383	3	3494
4063	3	3493
4102	3	1085
1907	3	850
2131	3	1388
3048	3	3382
383	3	848
3205	3	856
1546	3	2227
3934	3	2007
1534	3	3364
3062	3	729
1546	3	2887
1095	3	2084
1205	3	728
2160	3	3389
917	3	3365
91	3	3635
1169	3	1034
2598	3	727
3827	3	3634
1546	3	801
3654	3	849
1098	3	3380
914	3	4268
984	3	1667
3017	3	178
4044	3	729
1160	3	1038
1375	3	131
2670	3	4299
2161	3	3367
3058	3	1796
2371	3	650
4058	3	1274
428	3	3494
2390	3	3810
3012	3	854
4315	3	3635
3861	3	834
3563	3	135
3637	3	1440
589	3	1635
2451	3	850
36	3	3635
1117	3	801
3233	3	3493
1599	3	3196
3871	3	850
2181	3	2559
1819	3	3635
2449	3	2790
1699	3	3757
1685	3	3635
493	3	3192
3861	3	3391
3031	3	120
2524	3	3947
89	3	3196
2587	3	3365
1095	3	848
2153	3	3635
1946	3	3635
942	3	1789
1211	3	1998
381	3	119
1940	3	2003
1364	3	3492
381	3	625
1465	3	3462
2112	3	3634
421	3	3481
986	3	3387
1501	3	3635
3925	3	854
2419	3	119
4053	3	1667
3201	3	856
3927	3	119
994	3	850
3048	3	3389
353	3	1410
1688	3	3391
2455	3	1969
2110	3	3385
2132	3	854
3059	3	730
3557	3	3196
1133	3	3380
3024	3	3743
1546	3	758
1481	3	848
3861	3	3385
3094	3	3388
1507	3	3807
3075	3	1034
1471	3	3635
1556	3	3493
894	3	849
3199	3	2238
42	3	1033
4136	3	3635
2999	3	119
2989	3	1992
151	3	3948
529	3	3482
3047	3	736
1336	3	119
529	3	1774
4140	3	1038
2950	3	3482
3337	3	3600
966	3	2917
450	3	3522
2129	3	640
3774	3	3955
569	3	1229
3226	3	4295
1703	3	2534
2972	3	1036
575	3	223
3008	3	1085
1724	3	1798
2985	3	3382
2139	3	3387
3201	3	3462
2430	3	3482
2276	3	3634
1542	3	4242
2600	3	3635
1362	3	849
911	3	4171
3511	3	3070
3201	3	3391
22	3	1038
1475	3	3635
1878	3	3593
3074	3	3480
2580	3	854
1195	3	3797
3873	3	1086
1338	3	3965
1546	3	1877
1719	3	3634
4038	3	629
3063	3	1038
959	3	848
1809	3	3634
4160	3	1036
3093	3	833
1139	3	3391
2625	3	3388
381	3	3385
3063	3	186
1725	3	1037
2476	3	3634
1535	3	119
3076	3	4190
4025	3	834
2454	3	1794
4102	3	179
3902	3	731
1352	3	3380
570	3	3501
3059	3	3291
894	3	1796
1365	3	4219
4002	3	3192
1112	3	1743
1546	3	1275
418	3	1038
2481	3	1038
1326	3	3634
3821	3	120
971	3	3494
63	3	1037
4045	3	119
941	3	3389
1951	3	1037
1546	3	2232
4032	3	850
2932	3	467
1960	3	845
3038	3	180
3234	3	854
1901	3	3492
1334	3	119
332	3	2916
954	3	1032
2629	3	1794
4009	3	3596
2569	3	2311
1357	3	1038
1553	3	3634
3189	3	850
3637	3	845
1322	3	3635
2663	3	1087
1183	3	3634
1546	3	489
1940	3	848
1949	3	3635
1345	3	3391
327	3	1036
1246	3	286
994	3	2211
1095	3	2506
400	3	3389
900	3	119
563	3	4162
2136	3	229
1919	3	3463
51	3	3634
2629	3	3482
1901	3	2917
940	3	1087
386	3	1085
3093	3	3387
2598	3	2752
41	3	3635
978	3	3170
866	3	135
1530	3	119
3240	3	506
1536	3	3635
1154	3	3634
3817	3	3385
2943	3	1034
3207	3	3968
2183	3	119
940	3	1789
2194	3	1030
2144	3	836
3881	3	845
2876	3	3598
4102	3	178
2116	3	3634
345	3	3389
2112	3	854
1497	3	730
915	3	4238
1513	3	3758
438	3	135
2181	3	3162
3566	3	3634
3023	3	3355
3511	3	3107
3637	3	1442
2459	3	848
3187	3	153
31	3	3634
869	3	3812
1026	3	1775
1368	3	3635
2181	3	2920
2594	3	3634
3608	3	3481
915	3	3389
2524	3	519
378	3	177
1311	3	834
2988	3	3706
1145	3	850
458	3	1215
2159	3	3634
939	3	3380
924	3	854
1546	3	1065
4046	3	119
1222	3	3521
3249	3	3389
1166	3	3634
1147	3	3481
711	3	3070
1173	3	1034
2663	3	1086
2124	3	4206
3887	3	2311
1727	3	3385
386	3	3482
308	3	3947
3227	3	849
1133	3	178
946	3	3351
4103	3	119
587	3	1086
4044	3	3462
2932	3	120
2144	3	830
1534	3	848
425	3	182
269	3	3107
3056	3	3386
916	3	4204
983	3	1278
915	3	3388
2686	3	1235
3943	3	4213
866	3	3797
1326	3	3635
2037	3	1032
3253	3	834
571	3	135
2149	3	3368
102	3	1038
2589	3	1796
889	3	4171
3873	3	1085
1303	3	3972
962	3	857
62	3	3634
1804	3	183
1717	3	722
1546	3	2813
66	3	3634
2664	3	119
347	3	3635
1498	3	856
2589	3	181
3072	3	3635
2944	3	1038
3656	3	3635
337	3	1995
1546	3	113
3816	3	3391
3515	3	3948
2952	3	2015
1910	3	179
2049	3	3635
2933	3	3380
4073	3	3196
3839	3	854
1026	3	3380
3585	3	3134
1200	3	2520
1717	3	3779
1324	3	286
2526	3	3958
1527	3	1780
1022	3	847
2688	3	3635
1548	3	3635
3863	3	3635
3876	3	3477
3856	3	854
3933	3	728
3862	3	793
3093	3	3385
1311	3	2246
903	3	693
4069	3	3954
2121	3	2921
2450	3	1235
2999	3	850
2601	3	850
940	3	727
3017	3	179
3259	3	1650
2470	3	1034
3851	3	178
1113	3	850
3940	3	854
1002	3	2800
2933	3	119
1119	3	3493
2662	3	834
1535	3	834
315	3	3597
235	3	3595
1546	3	301
1546	3	767
919	3	2767
1546	3	3285
4034	3	119
1352	3	3385
3883	3	2925
277	3	2448
1900	3	506
2052	3	3634
2191	3	181
3847	3	4206
1959	3	119
2043	3	2546
4102	3	1800
2983	3	3482
2176	3	849
3206	3	3380
3615	3	286
3931	3	3635
1022	3	850
1158	3	616
880	3	850
2421	3	1559
1479	3	633
3207	3	3391
3861	3	3494
4121	3	3634
552	3	848
2607	3	1428
4057	3	1835
1310	3	3965
2202	3	3594
2979	3	1635
3637	3	850
346	3	3635
1971	3	3957
393	3	2753
2390	3	128
2611	3	626
3890	3	847
1010	3	795
3094	3	3492
534	3	3481
3654	3	854
3226	3	3497
2969	3	1086
530	3	155
3574	3	1082
3654	3	848
4091	3	850
4306	3	3634
2130	3	3382
1689	3	4258
3816	3	135
2937	3	178
3881	3	849
1717	3	120
556	3	3497
4085	3	1794
3109	3	3596
978	3	2840
1707	3	135
3207	3	3494
1001	3	3495
73	3	3634
85	3	1038
979	3	135
2698	3	850
1907	3	1065
2410	3	849
2663	3	1796
2391	3	731
3610	3	2761
2141	3	3364
420	3	182
2932	3	125
2112	3	3635
1948	3	1038
2950	3	184
3234	3	649
3866	3	2755
2287	3	3959
3106	3	519
919	3	850
3236	3	119
4038	3	849
1905	3	1802
1557	3	1429
4320	3	1031
875	3	3742
3662	3	849
1100	3	1977
3894	3	2764
3821	3	832
2971	3	2764
3511	3	3196
87	3	3635
2976	3	847
2567	3	3634
3257	3	1034
1026	3	1802
1311	3	845
403	3	3385
1546	3	662
1913	3	1030
5	3	3634
1311	3	850
3822	3	179
2391	3	1085
238	3	3196
76	3	3635
1942	3	3634
2111	3	3635
2115	3	3462
589	3	3411
2589	3	3482
1205	3	1795
951	3	3635
1171	3	290
2937	3	1088
1295	3	3969
3245	3	2917
1203	3	180
1343	3	1645
2285	3	1216
3258	3	855
472	3	3216
1097	3	3494
524	3	3494
929	3	1038
104	3	3635
2471	3	1038
412	3	848
325	3	1968
1108	3	1237
4132	3	3635
2976	3	115
2375	3	3634
3881	3	2708
387	3	3364
2155	3	3380
428	3	119
2452	3	849
1546	3	2330
2158	3	2204
1951	3	1036
267	3	71
2608	3	3462
970	3	3171
1179	3	854
1141	3	849
2485	3	3635
451	3	2099
1299	3	850
1159	3	3364
3095	3	3965
3842	3	119
1104	3	718
3921	3	3634
1826	3	727
1546	3	1893
323	3	850
2492	3	3946
932	3	1036
1512	3	1992
894	3	1795
1303	3	848
2685	3	3391
992	3	1792
3044	3	4163
3861	3	848
3882	3	3635
1549	3	3635
4176	3	1037
3031	3	2015
4102	3	1802
2367	3	2917
2430	3	1774
2940	3	850
3143	3	3603
3236	3	3704
4096	3	4276
3048	3	2730
2931	3	3635
3666	3	833
1172	3	288
3664	3	152
3239	3	1086
1697	3	3634
4111	3	1031
3019	3	1030
2143	3	1038
990	3	4263
880	3	124
3934	3	729
1188	3	1037
3082	3	3070
379	3	3635
1022	3	3351
1958	3	625
3576	3	729
2988	3	2203
3058	3	178
3671	3	614
1098	3	3965
3017	3	181
3063	3	3385
1940	3	1990
3670	3	1088
1546	3	1091
3189	3	854
1362	3	843
1535	3	854
3564	3	1038
4109	3	1085
2182	3	3383
1487	3	3635
2601	3	834
3851	3	180
3892	3	3634
1480	3	3343
2608	3	135
907	3	3382
4133	3	3634
3676	3	3493
2477	3	3635
906	3	4260
1714	3	1037
3994	3	138
2118	3	1235
908	3	4268
3258	3	3389
3017	3	182
2598	3	848
1679	3	1561
1546	3	307
1929	3	834
2460	3	3634
2669	3	3385
1001	3	3493
382	3	1087
4120	3	3634
1721	3	3635
3093	3	179
982	3	1661
389	3	3372
1479	3	632
459	3	3953
2594	3	3635
2147	3	3341
4042	3	3482
452	3	192
1546	3	757
2629	3	181
2176	3	3493
1095	3	3391
1356	3	1038
1310	3	854
1912	3	119
2660	3	3351
2144	3	829
1546	3	2525
1545	3	3972
1210	3	2916
1481	3	847
1022	3	2872
3588	3	3634
3225	3	4295
1552	3	3634
541	3	1036
3610	3	849
4036	3	135
1198	3	3391
1901	3	818
3569	3	2651
866	3	119
1607	3	2206
2127	3	1426
3879	3	1277
3093	3	120
3851	3	179
1149	3	832
2583	3	2916
3911	3	727
984	3	1795
3013	3	3493
992	3	1789
3625	3	616
2999	3	1086
1362	3	850
3775	3	3593
1149	3	741
1503	3	1034
3858	3	2890
3059	3	1774
4155	3	3634
2351	3	3351
384	3	849
1546	3	768
1557	3	1428
4025	3	115
521	3	834
3047	3	739
3839	3	849
2198	3	1032
1203	3	119
3207	3	120
3837	3	854
3586	3	2211
3347	3	921
1763	3	3601
78	3	3634
423	3	849
1965	3	119
1465	3	3385
3587	3	2094
908	3	3388
381	3	120
3991	3	649
2685	3	3380
1160	3	4012
3637	3	1441
408	3	1388
1529	3	1085
3206	3	3493
2611	3	119
3126	3	2355
978	3	3169
3632	3	727
3856	3	828
421	3	847
3191	3	1459
3059	3	850
3239	3	1034
1546	3	2073
1653	3	3593
1434	3	3634
3064	3	2311
1804	3	2265
336	3	614
3031	3	849
1340	3	3494
1160	3	1034
1546	3	2294
1546	3	2217
2349	3	3634
4076	3	1030
1950	3	848
3231	3	4206
3984	3	3955
3997	3	1038
447	3	119
3256	3	1238
3182	3	834
3258	3	3965
1382	3	3635
2936	3	3380
1916	3	856
2591	3	3635
2612	3	4280
1310	3	3391
939	3	1774
1546	3	2222
3240	3	3703
3993	3	3635
3900	3	2311
4031	3	135
1197	3	1797
4107	3	620
107	3	3635
1117	3	1265
900	3	178
3612	3	119
529	3	727
1174	3	1037
2044	3	3492
1958	3	633
412	3	847
328	3	506
2177	3	4262
4320	3	1038
1477	3	2859
993	3	857
2945	3	3635
3925	3	848
1101	3	4007
2940	3	3462
1546	3	3535
1097	3	135
2669	3	3493
521	3	3965
531	3	2651
594	3	1036
2596	3	4276
570	3	854
513	3	1968
1163	3	266
2172	3	3757
2133	3	843
1210	3	124
4107	3	622
1539	3	3635
2116	3	1034
521	3	847
1306	3	1036
2107	3	3290
360	3	3635
432	3	1038
309	3	3600
3231	3	3289
2967	3	1085
1011	3	845
946	3	3350
3933	3	730
1723	3	3635
1503	3	209
3089	3	178
890	3	1774
3650	3	1034
2182	3	848
4155	3	3635
1340	3	1992
3565	3	1037
2599	3	2203
1546	3	656
2384	3	3388
2962	3	1425
922	3	847
384	3	845
4318	3	3634
553	3	848
2423	3	854
916	3	3365
1318	3	223
3832	3	2204
2190	3	2916
2589	3	3481
923	3	3365
3649	3	830
3048	3	129
55	3	1038
3861	3	135
709	3	2442
1353	3	3386
1135	3	119
1500	3	3635
384	3	854
951	3	1036
973	3	1774
4160	3	1033
2958	3	1429
3819	3	2559
3048	3	130
3190	3	2204
3040	3	3492
374	3	2821
3249	3	3493
2449	3	266
2598	3	631
880	3	856
1019	3	3480
3612	3	3494
2113	3	1233
383	3	3480
340	3	1228
1309	3	3364
3022	3	119
1103	3	3635
581	3	174
1715	3	3634
2072	3	3606
3189	3	3463
3659	3	3634
2197	3	1031
914	3	4278
510	3	1034
1949	3	1034
880	3	135
1486	3	119
1300	3	850
713	3	2620
1905	3	1796
4045	3	3462
1804	3	1645
3614	3	716
2601	3	625
1546	3	3167
1546	3	2239
2110	3	1797
3653	3	3635
3056	3	849
959	3	834
104	3	3634
1498	3	3391
2425	3	2236
4192	3	3634
1960	3	857
911	3	4173
585	3	850
2983	3	3480
1696	3	1032
2110	3	1085
3676	3	848
2599	3	3385
2964	3	1992
1898	3	1651
574	3	180
1809	3	3635
2391	3	1087
2663	3	178
4046	3	127
2155	3	854
4072	3	3223
1950	3	854
971	3	856
1180	3	1774
483	3	1215
377	3	832
2132	3	848
1120	3	3965
2126	3	2800
1546	3	697
870	3	3635
2357	3	856
2607	3	3520
1691	3	854
971	3	119
570	3	2211
3060	3	119
1199	3	1087
3059	3	728
3206	3	127
1489	3	3634
1171	3	291
1193	3	1990
3206	3	119
1	3	1034
3847	3	4276
3670	3	1086
4038	3	129
940	3	181
1301	3	854
2605	3	843
1133	3	731
2680	3	1036
3199	3	138
49	3	3634
102	3	1031
2670	3	4304
896	3	3635
1882	3	2048
1546	3	2229
1126	3	850
1295	3	135
2406	3	1086
1907	3	2764
1352	3	3497
42	3	1038
2155	3	3385
2113	3	854
1076	3	2040
447	3	2015
940	3	1992
1328	3	2549
2991	3	3635
571	3	3493
2160	3	848
2663	3	1037
3254	3	1886
1479	3	2549
2199	3	1030
1342	3	1036
1211	3	3299
1703	3	2817
2676	3	1038
3640	3	119
1319	3	848
1288	3	1774
2664	3	854
4091	3	135
1306	3	1038
1179	3	119
1334	3	1427
3241	3	3494
1172	3	828
1954	3	3635
2065	3	3634
2933	3	1968
2605	3	637
2457	3	3634
3064	3	1056
1067	3	3955
4159	3	3634
1200	3	3744
1005	3	1038
2144	3	3462
2957	3	3741
1546	3	2233
2153	3	3634
1959	3	3462
3094	3	3385
324	3	124
1503	3	1036
1729	3	3635
1531	3	3389
2603	3	800
1679	3	465
273	3	519
1960	3	854
521	3	3972
56	3	3634
582	3	727
3315	3	998
3944	3	3634
413	3	3634
3825	3	3480
2972	3	1034
3632	3	730
4038	3	124
1022	3	135
3025	3	2015
3017	3	727
1100	3	1989
992	3	182
2668	3	287
4023	3	2917
3056	3	1038
3904	3	3635
3888	3	728
1705	3	1745
4059	3	1746
1337	3	3497
81	3	3634
2942	3	847
3900	3	2916
1383	3	2330
8	3	3635
2666	3	120
2132	3	3391
4094	3	3806
367	3	119
3561	3	3634
2368	3	832
916	3	3391
577	3	849
3653	3	3634
1114	3	266
4030	3	3704
476	3	3961
4038	3	1992
29	3	3634
3858	3	4300
4045	3	3463
2478	3	3635
1546	3	2084
325	3	1967
3652	3	3635
1099	3	3634
1820	3	611
323	3	119
574	3	183
1117	3	2073
3213	3	3635
45	3	3634
3990	3	3634
2424	3	2816
1905	3	1794
3258	3	848
3094	3	3380
523	3	3330
1528	3	1085
1546	3	1262
1807	3	1388
2049	3	1038
900	3	1999
1901	3	3391
3038	3	178
4025	3	3497
1919	3	3462
3253	3	848
2989	3	3291
4107	3	3296
3153	3	3955
2685	3	850
4038	3	3462
3121	3	3197
1309	3	153
1938	3	854
4036	3	467
989	3	1031
1546	3	1053
1316	3	766
894	3	178
1376	3	2917
2697	3	2753
1375	3	124
2605	3	626
9	3	3635
866	3	3493
1546	3	661
2664	3	2733
1546	3	2830
4076	3	3635
1205	3	3480
3649	3	3492
584	3	722
3031	3	135
3916	3	854
1149	3	739
3839	3	850
3850	3	2527
324	3	834
4037	3	3482
3199	3	3972
1190	3	3494
2702	3	3389
8	3	3634
880	3	1797
1701	3	1441
3589	3	4276
4033	3	3385
2122	3	3634
2452	3	847
2629	3	3480
2598	3	179
1117	3	119
2989	3	625
3673	3	2015
900	3	182
4120	3	3635
1162	3	4206
3063	3	185
1211	3	626
1546	3	3982
1186	3	854
3012	3	135
1919	3	120
2184	3	1794
382	3	1794
557	3	3634
3881	3	851
2942	3	3635
1546	3	2725
3249	3	1749
2622	3	1036
2614	3	1562
1546	3	2793
1193	3	3385
109	3	1038
1351	3	3492
1907	3	138
4044	3	1795
3199	3	849
3644	3	1030
413	3	3635
3227	3	3492
2603	3	848
2671	3	2016
1190	3	2749
1546	3	2100
2118	3	3965
867	3	183
2592	3	3462
1917	3	2915
2383	3	3385
3611	3	180
390	3	4261
4001	3	3069
2379	3	3391
2979	3	736
4048	3	3797
2043	3	829
940	3	178
381	3	850
109	3	1036
4054	3	119
1081	3	3196
868	3	4276
1414	3	3954
1116	3	135
4314	3	3634
1142	3	854
3000	3	3635
4038	3	180
3673	3	799
2041	3	739
3842	3	850
1546	3	2241
940	3	1794
1146	3	847
1133	3	845
1962	3	854
1311	3	2085
2271	3	2464
1535	3	847
1311	3	3494
2127	3	1440
2619	3	3634
1546	3	2563
1555	3	3388
3820	3	1030
1959	3	3494
1546	3	2257
1526	3	119
2381	3	1862
3239	3	182
10	3	286
3831	3	135
926	3	1774
3206	3	3372
3199	3	1427
3999	3	206
524	3	157
3929	3	2916
2065	3	3635
3918	3	1774
3173	3	3196
1901	3	817
2386	3	614
2418	3	850
2146	3	3480
968	3	3634
3912	3	2211
513	3	1969
3862	3	847
3241	3	124
513	3	3385
2374	3	1086
2127	3	834
2989	3	849
2482	3	3635
3898	3	3365
1953	3	1031
3838	3	119
2625	3	3389
4107	3	608
880	3	845
3879	3	3547
1505	3	3516
3608	3	2791
3858	3	3497
1097	3	119
3558	3	3196
1917	3	847
3048	3	127
3687	3	3068
3866	3	2759
1704	3	3634
1362	3	4185
1869	3	519
935	3	1774
4036	3	119
1951	3	1031
3608	3	3482
3922	3	3634
1055	3	3947
584	3	3390
1897	3	1597
1546	3	3537
370	3	2649
2598	3	119
3093	3	1992
2171	3	3462
938	3	119
4107	3	629
2162	3	3495
2364	3	2917
3046	3	2543
2160	3	3493
2392	3	843
3227	3	3493
1225	3	2440
2036	3	1030
3814	3	3493
60	3	3635
430	3	3494
1113	3	727
1546	3	2720
2481	3	3634
420	3	1089
1345	3	294
1546	3	3727
3670	3	1087
3683	3	3192
1368	3	1037
1917	3	3977
1360	3	3353
2463	4	4214
3203	4	1562
1198	4	4206
2933	4	1969
389	4	3481
2425	4	673
3230	4	183
2610	4	249
1687	4	1562
936	4	3789
962	4	4213
1522	4	1575
2383	4	3462
1522	4	1562
3189	4	2825
1683	4	739
380	4	2916
4032	4	2760
446	4	3110
938	4	154
1803	4	651
4101	4	595
428	4	4206
1292	4	4206
4101	4	598
3047	4	1562
3654	4	1562
446	4	268
1325	4	3758
2416	4	1562
1387	4	2011
1377	4	3274
1126	4	4206
4031	4	722
2617	4	1673
1680	4	634
2466	4	2908
590	4	1562
1522	4	1564
3616	4	3277
3877	4	1634
1807	4	2784
4050	4	2230
586	4	1797
439	4	135
991	4	1562
4039	4	1675
2179	4	1562
985	4	1562
1006	4	1281
2425	4	827
1148	4	3481
1103	4	1616
2187	4	722
4101	4	600
589	4	1562
3908	4	1277
1524	4	1562
3036	4	1562
579	4	1562
1359	4	1566
1717	4	133
4110	4	1575
1960	4	1274
1816	4	153
573	4	1562
961	4	1562
4101	4	601
2675	4	295
1522	4	1563
4032	4	2761
1922	4	1875
562	4	265
1930	4	1840
3848	4	4206
4055	4	295
880	4	2651
2693	4	1562
1716	4	1562
420	4	3481
1299	4	722
2109	4	4206
1305	4	4206
1923	4	1875
1352	4	736
337	4	132
1717	4	132
3943	4	4214
509	4	820
2610	4	2495
1926	4	782
2416	4	3789
3654	4	1575
1172	4	3500
3890	4	4206
900	4	1755
891	4	2016
3616	4	3274
3085	4	3789
3038	4	119
2390	4	3461
1694	4	4213
3026	4	3274
1823	4	154
1332	4	1888
3866	4	3142
2975	4	3480
2425	4	672
1377	4	3277
1505	4	3277
3943	4	4213
2617	4	1671
2179	4	3789
1006	4	1280
3259	4	3301
1308	4	4206
1345	4	295
3845	4	3758
3821	4	2245
3235	4	1675
3219	4	2557
530	4	739
436	4	1280
922	4	1562
439	4	119
2625	4	4214
1505	4	3276
4101	4	3341
3855	4	2918
1924	4	1875
880	4	739
2571	4	1388
2142	4	4213
367	4	1277
1377	4	3276
424	4	3393
446	4	500
2042	4	1562
3998	4	2822
2986	4	2881
962	4	4214
2610	4	2899
3998	4	2821
3043	4	633
4055	4	294
3036	4	3789
4103	4	4214
2371	4	653
4105	4	1575
1142	4	2534
1332	4	1884
1530	4	3789
3610	4	3333
2390	4	3373
2596	4	4206
3927	4	4068
1298	4	1795
1529	4	1790
1298	4	1792
992	4	1560
1103	4	1617
3840	4	3789
1703	4	1569
1703	4	1574
1824	4	3170
3923	4	3789
2125	4	2917
895	4	1562
1936	4	3481
880	4	762
423	4	138
3185	4	4206
1363	4	1562
895	4	1574
1353	4	2493
1359	4	1562
880	4	1608
1503	4	3620
2425	4	1864
380	4	1071
2404	4	1562
2147	4	2790
3059	4	2093
895	4	1569
897	4	1658
3010	4	3713
2377	4	1562
1154	4	1562
4110	4	1562
992	4	1561
436	4	1279
514	4	1278
446	4	2208
1148	4	3480
4101	4	1446
1694	4	4214
340	4	119
2701	4	214
1505	4	3274
3078	4	1451
2463	4	4213
2954	4	1840
4101	4	3325
1530	4	1562
2955	4	1840
342	4	3793
1680	4	3475
449	4	3105
2662	4	4214
938	4	156
2614	4	1562
1359	4	1563
1727	4	4213
880	4	2648
1006	4	1279
3992	4	2790
1377	4	3275
1693	5	3977
987	5	834
3047	5	851
1289	5	3389
978	5	135
343	5	3380
900	5	3976
892	5	3434
3239	5	850
4028	5	3975
2590	5	854
1904	5	843
1966	5	850
944	5	843
3821	5	3551
3571	5	857
1109	5	1445
3058	5	854
2112	5	119
1966	5	845
3664	5	135
2466	5	3977
3204	5	3493
3991	5	135
3235	5	854
3029	5	3358
522	5	3975
874	5	2809
925	5	857
525	5	3364
2176	5	2653
1200	5	854
2940	5	3965
3998	5	3324
1499	5	119
410	5	843
3648	5	3364
2452	5	854
1353	5	854
2149	5	3493
1195	5	127
2684	5	3391
437	5	854
1505	5	3516
343	5	1676
984	5	854
2190	5	3972
1207	5	2535
3206	5	3385
409	5	848
3632	5	833
3917	5	119
965	5	857
3898	5	847
408	5	834
938	5	856
2390	5	126
2950	5	854
1495	5	779
2979	5	851
3608	5	851
1551	5	849
3608	5	2203
2614	5	854
1707	5	3493
3240	5	1664
3648	5	3365
1124	5	135
975	5	856
422	5	854
2188	5	3965
2121	5	849
2379	5	3408
2055	5	3391
1807	5	1771
946	5	3494
2107	5	849
2390	5	3438
1289	5	3969
1804	5	854
2624	5	214
3919	5	849
3989	5	1762
2112	5	847
888	5	848
988	5	854
3848	5	3391
3254	5	3493
2957	5	3389
3259	5	714
1139	5	135
1902	5	856
866	5	854
522	5	3494
2950	5	834
2126	5	854
966	5	2325
4025	5	3967
1319	5	848
3094	5	849
1478	5	854
2971	5	854
1340	5	119
2398	5	2837
3035	5	3390
900	5	850
4101	5	3456
2385	5	846
3012	5	135
1207	5	119
1352	5	848
2679	5	854
411	5	854
2174	5	851
1212	5	2853
2390	5	1451
3609	5	854
1295	5	3968
1337	5	835
3925	5	849
3237	5	854
2428	5	3380
1351	5	849
883	5	3977
408	5	856
417	5	856
1296	5	119
574	5	854
560	5	3476
1823	5	848
4032	5	854
2166	5	3364
1926	5	1833
1699	5	135
3023	5	3389
4060	5	845
1906	5	3496
1687	5	854
3569	5	847
3041	5	3391
3928	5	3404
549	5	119
967	5	847
1824	5	4327
2430	5	854
1020	5	843
1476	5	3967
3873	5	834
3052	5	4068
1375	5	128
328	5	854
449	5	1770
1109	5	849
2627	5	854
1364	5	3555
2947	5	837
3204	5	848
1345	5	847
423	5	854
2592	5	119
2379	5	4068
1531	5	3965
2110	5	214
572	5	122
2592	5	854
1547	5	854
2624	5	3521
2161	5	3350
2041	5	854
3907	5	3493
3095	5	856
4025	5	856
3846	5	3391
1001	5	3382
1199	5	854
2162	5	3493
1336	5	854
381	5	120
3821	5	3975
1384	5	854
3675	5	854
587	5	850
365	5	854
1499	5	3391
984	5	834
3057	5	847
1205	5	849
2416	5	856
1480	5	3482
430	5	135
1343	5	849
373	5	2489
1476	5	834
2461	5	854
320	5	173
1530	5	854
3654	5	834
1328	5	856
2615	5	856
2044	5	3965
3576	5	854
1904	5	846
378	5	851
4025	5	3969
1818	5	829
2428	5	854
2162	5	3495
3654	5	854
1144	5	854
578	5	849
1001	5	3493
967	5	854
2674	5	854
1138	5	850
1138	5	845
2584	5	2203
1956	5	1663
2120	5	119
3913	5	714
3042	5	214
1465	5	3391
1726	5	214
3923	5	856
1556	5	850
938	5	848
3094	5	119
1109	5	848
588	5	854
2583	5	848
966	5	3509
430	5	3389
1537	5	851
3245	5	854
3895	5	834
1101	5	1771
18	5	847
1364	5	3553
1294	5	3497
3574	5	856
2353	5	854
1305	5	854
2989	5	843
514	5	3966
3063	5	856
3813	5	119
3819	5	854
451	5	833
333	5	849
2109	5	129
1503	5	856
2698	5	856
4101	5	3430
1157	5	854
2982	5	848
2160	5	3494
1207	5	3384
3830	5	3493
2942	5	135
2703	5	854
3261	5	849
939	5	854
2160	5	135
1352	5	3965
3091	5	3391
3992	5	2653
971	5	120
2402	5	854
400	5	845
1020	5	847
1198	5	3965
3665	5	854
3945	5	119
394	5	3967
3203	5	714
984	5	847
1367	5	3326
3020	5	119
1504	5	848
3913	5	3365
569	5	854
2610	5	847
3841	5	135
2112	5	854
2390	5	3495
2165	5	3364
2940	5	850
1289	5	3970
3017	5	3973
1138	5	135
1207	5	681
2595	5	850
3670	5	3463
2677	5	856
874	5	678
1699	5	854
1907	5	120
435	5	741
2345	5	849
1106	5	850
1720	5	850
3062	5	1444
1020	5	845
3221	5	854
1726	5	3493
1386	5	120
2995	5	119
2947	5	3968
2466	5	3493
2952	5	854
2671	5	854
2589	5	854
344	5	845
2459	5	3497
1963	5	850
3672	5	2203
3227	5	214
2383	5	3463
584	5	3350
2180	5	843
3862	5	2916
3676	5	119
3842	5	854
4096	5	854
1374	5	854
3085	5	854
2401	5	715
3631	5	761
381	5	847
1349	5	3977
3094	5	851
571	5	857
2185	5	3977
1212	5	854
2161	5	3500
1333	5	2203
3908	5	854
2142	5	3492
3028	5	3354
4096	5	119
1352	5	833
1917	5	714
976	5	854
2115	5	119
2172	5	834
4102	5	247
1319	5	854
3945	5	848
453	5	127
2677	5	854
1534	5	3965
4101	5	3424
3035	5	3494
4040	5	854
1205	5	119
424	5	3417
1523	5	834
578	5	845
1534	5	849
987	5	856
1106	5	849
2608	5	3463
2149	5	3492
2171	5	834
3616	5	854
3869	5	854
3242	5	854
4053	5	2536
1137	5	847
3936	5	849
3187	5	3365
4037	5	850
364	5	848
1477	5	119
3927	5	3968
2587	5	849
2414	5	854
1900	5	856
1294	5	843
4025	5	3366
4049	5	119
2703	5	848
3861	5	119
1911	5	854
2595	5	855
1206	5	840
3833	5	848
1307	5	3493
351	5	119
1214	5	1063
533	5	466
1817	5	850
919	5	850
4053	5	854
2467	5	3977
3234	5	135
900	5	834
2062	5	1612
449	5	119
3938	5	847
4025	5	3965
2948	5	854
4032	5	849
2141	5	1063
1476	5	848
2989	5	857
560	5	3475
1727	5	834
3670	5	3462
3846	5	3389
2581	5	3965
4053	5	134
4029	5	1812
2604	5	847
1210	5	849
524	5	3494
346	5	163
3817	5	1447
3254	5	214
3056	5	849
3637	5	135
1481	5	714
3236	5	135
1373	5	3967
4046	5	127
2608	5	3462
2461	5	3965
1202	5	850
1518	5	3419
1294	5	854
3672	5	119
3207	5	848
2703	5	205
1116	5	854
3008	5	847
2589	5	120
2957	5	3461
3013	5	120
971	5	119
2373	5	849
1690	5	135
3256	5	3391
1207	5	127
438	5	854
2418	5	854
3563	5	854
3094	5	3380
2181	5	854
3826	5	854
2677	5	850
346	5	2838
2145	5	3373
2624	5	854
1476	5	849
2142	5	3462
4101	5	3431
335	5	3969
1353	5	3965
358	5	854
3853	5	854
3035	5	120
1825	5	119
323	5	854
959	5	3462
1304	5	3493
3839	5	119
1358	5	849
3569	5	848
3637	5	834
3673	5	857
449	5	1663
1497	5	854
2687	5	845
4075	5	845
3637	5	856
874	5	3272
3259	5	214
1377	5	854
987	5	845
4063	5	848
1481	5	3972
3011	5	848
3002	5	3385
420	5	856
3571	5	120
1898	5	854
4044	5	3974
3586	5	854
2957	5	3373
3014	5	850
3013	5	849
571	5	850
2666	5	3493
1200	5	849
1119	5	135
1498	5	1445
4058	5	857
391	5	119
2129	5	854
1526	5	834
2599	5	849
3095	5	119
1824	5	3492
346	5	2529
2376	5	854
23	5	854
1824	5	3387
2593	5	2653
2114	5	135
4060	5	849
1316	5	3972
1207	5	4068
1198	5	3972
3834	5	850
432	5	3494
3608	5	849
1195	5	124
3261	5	854
586	5	849
994	5	854
323	5	119
2587	5	856
2989	5	848
892	5	1668
2570	5	3462
1149	5	847
2466	5	3969
1375	5	856
440	5	119
432	5	130
4101	5	3445
2416	5	3976
2120	5	854
2112	5	846
2940	5	119
3925	5	833
4103	5	847
2373	5	854
2989	5	850
2601	5	834
1310	5	3977
2180	5	833
992	5	3380
424	5	3393
3031	5	834
3897	5	849
3004	5	214
1337	5	856
410	5	834
2357	5	850
3586	5	849
2590	5	120
556	5	3492
1125	5	2653
568	5	854
2133	5	854
4039	5	3972
1007	5	849
4033	5	3385
3249	5	854
1555	5	3965
878	5	2916
3852	5	2916
1109	5	846
2700	5	850
3571	5	124
3611	5	121
2629	5	3480
2989	5	3969
367	5	854
1804	5	834
3240	5	834
4021	5	3351
2957	5	3391
2062	5	3717
3249	5	856
3920	5	3977
4020	5	3971
2466	5	3966
2583	5	3967
3041	5	1780
3586	5	3965
2171	5	850
1310	5	3972
1179	5	857
1481	5	120
986	5	854
1094	5	119
2379	5	3405
345	5	129
3612	5	119
1963	5	854
2672	5	135
1375	5	119
1124	5	3965
2601	5	854
2055	5	3389
3876	5	3965
986	5	856
4106	5	854
2393	5	850
2402	5	119
1201	5	854
946	5	3492
3610	5	854
3835	5	214
3856	5	833
2466	5	848
1956	5	4068
2133	5	119
1157	5	848
2703	5	2490
3911	5	850
551	5	850
3013	5	214
916	5	3364
1207	5	208
1523	5	850
400	5	854
3026	5	854
3583	5	847
1114	5	135
1198	5	854
1210	5	847
2406	5	119
408	5	119
3938	5	849
1140	5	854
3063	5	857
3821	5	835
2381	5	3493
583	5	3391
346	5	3405
2599	5	845
3574	5	3391
3842	5	119
1325	5	124
4085	5	854
3856	5	847
449	5	834
944	5	834
941	5	849
3042	5	1779
1137	5	3976
3253	5	849
876	5	119
3925	5	847
2578	5	854
538	5	848
4022	5	856
1171	5	854
3244	5	2203
926	5	119
2062	5	2035
3586	5	135
2114	5	854
4075	5	1444
1299	5	856
356	5	119
1342	5	854
1109	5	2916
2183	5	214
3928	5	3809
564	5	854
1207	5	2498
1142	5	854
4038	5	851
2671	5	852
439	5	849
3856	5	835
880	5	848
3631	5	135
451	5	843
2379	5	3406
521	5	848
1962	5	854
3184	5	128
2140	5	3382
2610	5	850
4028	5	856
1123	5	854
1387	5	3967
2406	5	854
1157	5	3972
427	5	854
2950	5	850
3586	5	851
513	5	135
3920	5	851
335	5	3972
3586	5	856
3610	5	849
2180	5	1444
4038	5	845
1912	5	3971
3834	5	119
3902	5	850
1207	5	124
2387	5	2315
2607	5	3971
1534	5	3967
573	5	203
866	5	848
2062	5	1595
3821	5	833
3906	5	3462
1691	5	214
2598	5	848
400	5	843
2461	5	3977
2419	5	120
3240	5	848
349	5	848
3253	5	2916
1731	5	3385
1199	5	834
1309	5	3492
1503	5	857
1495	5	3457
1094	5	714
1150	5	714
4060	5	843
1377	5	852
2408	5	850
2344	5	854
985	5	2490
922	5	856
3249	5	847
2376	5	119
1114	5	854
382	5	3462
2109	5	3386
4049	5	214
1342	5	2203
2110	5	119
3835	5	854
2969	5	854
4053	5	3286
1095	5	3494
2155	5	3385
2155	5	854
3911	5	3965
4056	5	852
4034	5	848
428	5	120
349	5	847
537	5	850
3856	5	848
2041	5	845
2979	5	849
3923	5	857
1094	5	3977
4032	5	119
1498	5	850
1817	5	854
3920	5	849
1203	5	850
4054	5	854
2379	5	247
2183	5	2854
3936	5	854
3237	5	833
1194	5	854
2062	5	3486
1535	5	850
2450	5	856
3880	5	854
4094	5	119
3186	5	854
1526	5	214
3821	5	849
1720	5	3385
1910	5	850
3842	5	856
2989	5	846
1116	5	850
410	5	854
4107	5	847
1724	5	833
3869	5	847
4055	5	849
3030	5	850
3856	5	857
3236	5	119
2466	5	3970
435	5	736
1533	5	856
1106	5	3977
2382	5	850
3012	5	3972
4029	5	214
1495	5	3711
394	5	119
3188	5	3385
3093	5	119
4028	5	3967
3866	5	854
1207	5	2534
343	5	3351
2390	5	1452
2607	5	119
3918	5	856
2686	5	119
364	5	851
1295	5	3967
1001	5	3495
2587	5	854
3846	5	2529
1338	5	3972
965	5	854
3241	5	850
1907	5	127
2694	5	119
2572	5	3385
1289	5	3975
2106	5	850
1366	5	851
3563	5	3498
431	5	847
1016	5	2297
333	5	847
2390	5	3493
1383	5	119
4046	5	120
2371	5	276
1342	5	2204
1693	5	854
3581	5	854
391	5	849
1002	5	833
2660	5	119
2937	5	119
2387	5	2314
3909	5	847
1207	5	2533
1016	5	679
3013	5	3350
2126	5	856
400	5	847
2390	5	3390
2379	5	129
2062	5	3442
4037	5	847
1512	5	834
1202	5	854
1337	5	2653
888	5	127
1195	5	125
999	5	854
1375	5	2917
553	5	854
1514	5	854
3056	5	854
3199	5	119
2132	5	3965
1157	5	834
1171	5	119
1205	5	854
1818	5	3522
2188	5	210
2455	5	847
3587	5	1082
1289	5	3965
3847	5	3493
1307	5	3494
1898	5	3551
2419	5	856
965	5	845
1515	5	120
1547	5	119
3991	5	3493
432	5	857
1499	5	3494
2607	5	3380
1139	5	849
2113	5	847
3859	5	825
1193	5	854
331	5	119
2155	5	119
2616	5	2856
3861	5	3493
3665	5	127
3920	5	858
1710	5	120
3582	5	849
2685	5	854
1377	5	848
976	5	848
1499	5	127
3228	5	854
3256	5	848
3833	5	851
3928	5	3408
1504	5	854
3013	5	3967
2371	5	833
3246	5	834
2106	5	214
3025	5	135
2062	5	641
1480	5	845
2596	5	857
1904	5	849
992	5	843
2183	5	848
1907	5	857
1109	5	857
2998	5	854
1001	5	119
1299	5	854
1340	5	857
1726	5	119
383	5	119
987	5	714
4055	5	845
1198	5	3967
1476	5	3977
1022	5	3389
2583	5	3971
1479	5	854
588	5	1660
512	5	4129
23	5	849
558	5	119
2687	5	847
1373	5	849
3076	5	4068
2952	5	119
3839	5	716
3186	5	849
3623	5	3466
2686	5	135
938	5	833
1917	5	3965
3254	5	127
4049	5	854
2583	5	3977
2662	5	120
965	5	843
571	5	854
3821	5	851
2998	5	850
2989	5	849
2983	5	854
3186	5	834
2371	5	834
3858	5	854
3012	5	854
1207	5	854
420	5	854
1499	5	2653
2183	5	3965
2182	5	119
1310	5	3965
970	5	135
551	5	119
892	5	2325
3670	5	119
2599	5	854
3829	5	119
2599	5	850
1010	5	848
1307	5	3977
1307	5	3391
2428	5	3977
1687	5	850
3890	5	847
1706	5	3972
554	5	854
1476	5	3965
966	5	2542
2989	5	3972
3241	5	214
1133	5	850
3856	5	856
2599	5	848
3237	5	852
1351	5	848
4038	5	834
957	5	3365
391	5	856
2432	5	119
2939	5	847
2174	5	849
1137	5	3967
944	5	854
2932	5	119
362	5	247
2603	5	854
417	5	854
3847	5	198
1298	5	2916
3245	5	2916
534	5	2856
2428	5	3386
1357	5	845
1495	5	825
427	5	119
1310	5	119
3850	5	848
2374	5	3385
3674	5	134
3184	5	3493
3063	5	834
919	5	854
343	5	2740
2186	5	680
2106	5	847
934	5	4149
3029	5	3356
2110	5	3380
1907	5	3494
1690	5	3463
3010	5	851
525	5	3365
892	5	135
985	5	854
1010	5	854
3060	5	854
335	5	850
346	5	3404
888	5	854
2109	5	2746
2570	5	3463
1134	5	781
967	5	2204
430	5	854
1534	5	127
2932	5	848
2957	5	3382
1337	5	214
868	5	3965
4020	5	3391
3010	5	850
3847	5	854
3920	5	215
3866	5	851
1683	5	850
1019	5	850
3240	5	1662
3586	5	119
2371	5	849
1551	5	856
2607	5	3970
4025	5	849
1353	5	847
874	5	629
3846	5	129
384	5	845
1816	5	3382
2183	5	3967
2044	5	849
2578	5	856
3245	5	834
1804	5	833
3618	5	854
3920	5	845
4092	5	1058
2423	5	854
3184	5	3494
1480	5	834
2387	5	2259
2605	5	851
337	5	680
2942	5	119
1120	5	3965
3821	5	3966
3850	5	119
383	5	834
1194	5	856
2161	5	3494
3670	5	135
2429	5	715
2041	5	2916
4040	5	119
1357	5	834
3617	5	857
1818	5	856
2702	5	3382
1334	5	854
4107	5	854
433	5	854
575	5	848
1221	5	834
3866	5	835
578	5	847
389	5	850
3998	5	3332
1289	5	3551
3239	5	854
3825	5	850
1115	5	119
1022	5	854
3847	5	2528
1114	5	119
2599	5	847
2989	5	854
2182	5	3966
1817	5	845
1359	5	854
3062	5	854
3035	5	3492
2390	5	3366
3839	5	714
975	5	854
551	5	854
3929	5	214
1137	5	3975
4058	5	854
362	5	3390
2461	5	3971
381	5	848
1357	5	835
1307	5	3971
3032	5	3380
1907	5	119
4101	5	3455
3989	5	119
4046	5	119
511	5	119
1197	5	849
1938	5	848
2132	5	854
2588	5	854
3189	5	119
4101	5	3443
325	5	3391
371	5	3385
2965	5	834
1687	5	856
4035	5	854
2933	5	854
4047	5	125
558	5	847
2466	5	135
892	5	127
2459	5	848
1223	5	854
3237	5	1444
2126	5	850
3847	5	714
1691	5	850
3612	5	127
3056	5	831
3945	5	854
1142	5	856
3821	5	135
3241	5	856
4022	5	850
3199	5	854
936	5	854
2181	5	848
958	5	856
1172	5	120
2685	5	3973
4063	5	3493
449	5	3406
1966	5	854
2390	5	4168
3995	5	119
2133	5	3977
346	5	3409
3920	5	848
1199	5	119
575	5	135
3056	5	847
543	5	135
3611	5	119
409	5	845
1518	5	3414
1011	5	119
3235	5	833
3200	5	854
3625	5	3396
1299	5	119
3026	5	860
382	5	3380
4047	5	854
428	5	124
1935	5	3402
2419	5	854
411	5	847
1545	5	3326
1211	5	856
1118	5	119
2162	5	854
2161	5	3492
2587	5	3366
2119	5	119
1364	5	854
359	5	119
432	5	3965
1095	5	854
3089	5	847
1124	5	214
3219	5	3406
2041	5	848
579	5	847
3670	5	3386
4102	5	854
4023	5	854
3871	5	850
1310	5	3974
588	5	2280
1957	5	854
3013	5	119
3232	5	834
584	5	3492
4049	5	2653
884	5	119
3856	5	3387
343	5	2528
1295	5	852
3184	5	3965
994	5	3977
424	5	3807
2610	5	854
1119	5	849
2147	5	854
1551	5	854
874	5	214
4043	5	119
1518	5	3412
2669	5	849
3013	5	3977
2466	5	854
383	5	3973
335	5	1667
3590	5	1071
2450	5	857
2390	5	135
3612	5	3493
2387	5	2255
2590	5	856
2663	5	119
1481	5	207
4063	5	119
432	5	854
1959	5	834
3862	5	849
1385	5	1082
2965	5	854
3859	5	3352
3014	5	854
1914	5	135
1518	5	3415
3035	5	127
1818	5	1780
1351	5	3965
3862	5	856
2062	5	2487
2176	5	214
2425	5	4252
3232	5	135
2699	5	854
3094	5	834
2406	5	850
2109	5	3380
394	5	3968
3569	5	856
3856	5	3521
1335	5	854
3010	5	849
4096	5	3389
335	5	119
1022	5	120
574	5	214
941	5	847
427	5	3497
966	5	135
1693	5	3972
2129	5	856
1534	5	833
982	5	858
333	5	834
1821	5	849
1532	5	854
1358	5	854
3890	5	119
583	5	3492
3614	5	3493
2189	5	854
1208	5	214
986	5	834
2597	5	3366
3610	5	857
869	5	854
4063	5	3494
4091	5	2916
1498	5	854
4034	5	854
2183	5	127
2663	5	3968
3190	5	834
2997	5	843
513	5	119
2130	5	849
2118	5	854
959	5	1445
3821	5	3555
1804	5	856
451	5	854
1141	5	122
2183	5	3977
1177	5	854
3927	5	834
346	5	3410
1207	5	2856
970	5	1058
2127	5	247
381	5	854
1941	5	854
4030	5	1445
2353	5	834
3903	5	854
524	5	3403
3186	5	847
2367	5	834
3848	5	125
447	5	856
993	5	850
2694	5	206
1693	5	3976
2145	5	2331
2179	5	3974
978	5	1058
2699	5	850
394	5	856
1387	5	2490
971	5	854
3235	5	214
4057	5	850
2393	5	834
1097	5	857
1917	5	3972
2453	5	3364
2569	5	1779
4042	5	854
2137	5	119
3866	5	833
4034	5	845
3571	5	856
966	5	299
1334	5	799
960	5	854
1117	5	1445
1919	5	854
572	5	854
2414	5	834
2383	5	3410
3608	5	2204
925	5	135
1717	5	857
3822	5	850
2109	5	2528
900	5	851
971	5	856
1020	5	849
3920	5	833
2383	5	3380
1188	5	850
1348	5	854
1902	5	854
3050	5	3463
400	5	850
2062	5	808
1353	5	835
1109	5	856
1906	5	3497
4039	5	3965
1001	5	126
1706	5	119
4058	5	1444
1545	5	854
530	5	854
4049	5	122
1803	5	854
3010	5	834
1305	5	3965
1288	5	854
2624	5	1784
1223	5	119
432	5	3492
1901	5	3972
4021	5	3365
1904	5	847
1524	5	849
992	5	834
1688	5	3731
1106	5	854
2678	5	119
1900	5	2653
3586	5	847
2609	5	119
2174	5	843
883	5	854
1352	5	856
3611	5	3977
4032	5	856
2587	5	850
1907	5	3492
447	5	854
3200	5	119
3896	5	854
4020	5	3972
1912	5	3972
1907	5	856
2596	5	856
1524	5	847
2145	5	3461
1154	5	846
1935	5	3768
4025	5	3966
1210	5	3972
2390	5	119
449	5	3767
2624	5	834
1964	5	854
3637	5	848
1297	5	119
1916	5	120
2180	5	845
568	5	847
574	5	2653
1545	5	849
944	5	850
4041	5	3438
3258	5	854
1002	5	857
3857	5	850
1916	5	856
2997	5	2853
1011	5	856
933	5	1667
585	5	856
3029	5	3354
2124	5	119
3614	5	3967
2416	5	3977
892	5	1667
1691	5	854
425	5	3968
3889	5	3462
521	5	3972
868	5	135
2678	5	3494
3025	5	854
1940	5	856
3610	5	119
1544	5	854
384	5	856
4038	5	847
2393	5	849
1016	5	236
873	5	841
422	5	845
3035	5	135
1334	5	2017
915	5	3364
3938	5	850
1125	5	214
960	5	834
3031	5	850
2426	5	3965
2398	5	1056
3614	5	3965
1916	5	854
2121	5	834
3046	5	854
2183	5	3493
4029	5	2653
1149	5	854
1303	5	3967
1531	5	849
449	5	2566
4056	5	854
884	5	854
1150	5	854
2188	5	3974
3623	5	3467
3642	5	854
1904	5	854
962	5	4234
1138	5	3972
3091	5	714
2408	5	854
1195	5	857
923	5	3389
524	5	3977
2379	5	3767
2629	5	850
2587	5	3972
1962	5	856
1912	5	3966
2062	5	3721
4050	5	854
1491	5	3969
337	5	849
2693	5	3972
3210	5	3391
1557	5	849
2161	5	3326
1376	5	849
343	5	3462
4096	5	129
3023	5	3391
2624	5	847
2162	5	3494
1179	5	848
568	5	849
364	5	1445
1295	5	127
3201	5	119
2572	5	3380
1499	5	3492
2106	5	2653
2132	5	3493
1340	5	3494
3094	5	847
3835	5	2653
2989	5	766
2969	5	846
2694	5	681
2696	5	850
1149	5	3974
1364	5	3968
534	5	854
2385	5	832
409	5	3553
1108	5	135
3854	5	135
1966	5	119
1720	5	846
1188	5	849
2129	5	857
2045	5	849
1126	5	850
2455	5	849
4107	5	856
2132	5	3967
1149	5	850
1526	5	850
3258	5	834
2608	5	135
3995	5	135
3574	5	3500
868	5	3972
1534	5	856
2379	5	3407
3821	5	119
1198	5	135
1375	5	1667
869	5	849
1149	5	3976
3896	5	847
3041	5	119
1387	5	3972
2147	5	856
1106	5	119
4091	5	854
3637	5	854
2617	5	217
568	5	850
4047	5	127
1179	5	119
1486	5	854
578	5	854
570	5	119
3057	5	849
1205	5	847
392	5	217
1112	5	854
568	5	834
1965	5	854
2368	5	854
1963	5	119
958	5	854
1118	5	850
1016	5	3700
2455	5	3494
2371	5	2311
3029	5	3359
2455	5	135
2146	5	850
1094	5	3972
3618	5	119
3184	5	129
2062	5	3719
4066	5	834
919	5	119
1310	5	845
588	5	1667
1138	5	716
4057	5	834
434	5	119
1020	5	848
993	5	856
428	5	119
4037	5	854
2626	5	849
4055	5	856
432	5	124
403	5	848
3831	5	3965
1337	5	119
521	5	850
1900	5	214
1352	5	834
335	5	3974
2568	5	849
1907	5	117
3062	5	1445
342	5	3389
1002	5	854
992	5	850
2176	5	850
2467	5	3965
2675	5	847
1917	5	3389
999	5	119
3591	5	715
3676	5	854
3848	5	200
3819	5	119
447	5	834
1907	5	849
3852	5	2268
2686	5	854
2685	5	845
1804	5	850
2960	5	217
1706	5	854
3026	5	862
1113	5	854
3609	5	833
1717	5	847
3894	5	854
389	5	3480
3814	5	214
1551	5	857
3879	5	1783
3625	5	3394
2599	5	843
925	5	848
342	5	3965
1927	5	1833
4106	5	856
389	5	3388
1095	5	849
2429	5	119
349	5	854
2624	5	209
2149	5	3499
3877	5	854
1907	5	834
3093	5	851
3237	5	135
522	5	3493
3608	5	845
1353	5	833
2669	5	854
888	5	845
1687	5	845
3612	5	854
906	5	3364
409	5	3551
1465	5	3389
1526	5	847
880	5	850
344	5	849
4063	5	854
358	5	119
4034	5	135
4107	5	3965
4075	5	834
3093	5	854
1142	5	857
4023	5	849
3034	5	854
4035	5	214
3638	5	854
4098	5	2916
1531	5	3976
1376	5	854
430	5	3494
1201	5	856
3240	5	1665
348	5	119
2062	5	3487
2171	5	847
3031	5	854
2659	5	127
4023	5	3972
892	5	2324
2185	5	854
2598	5	851
2672	5	848
4038	5	846
2601	5	119
1125	5	854
2969	5	849
424	5	3411
3204	5	120
1817	5	847
3906	5	119
1375	5	127
992	5	3968
3583	5	854
3241	5	857
2107	5	847
3188	5	3391
3880	5	856
1310	5	3967
569	5	849
452	5	848
2398	5	766
3821	5	856
2684	5	3364
3888	5	854
3020	5	856
2137	5	854
3847	5	199
1105	5	3326
1534	5	850
1917	5	127
1950	5	2490
1495	5	1752
2387	5	2258
2160	5	849
4060	5	847
4025	5	3968
383	5	856
1905	5	854
4038	5	849
449	5	1894
4038	5	214
3814	5	854
449	5	1660
394	5	848
4101	5	3425
3632	5	854
3571	5	119
3184	5	3971
3638	5	3977
1119	5	122
2467	5	3972
940	5	119
1179	5	854
4098	5	834
2451	5	849
1386	5	127
1334	5	119
3237	5	1445
2694	5	205
1499	5	128
2579	5	854
1731	5	854
4060	5	854
1690	5	3462
1497	5	119
1530	5	843
1520	5	1780
2387	5	2316
1915	5	1267
1352	5	847
324	5	3556
1006	5	119
959	5	3391
1914	5	854
1375	5	3965
4047	5	119
349	5	850
1204	5	3733
3094	5	856
2041	5	849
3838	5	120
3856	5	3494
386	5	850
3610	5	850
996	5	3380
2188	5	848
1824	5	3388
874	5	644
1727	5	854
588	5	1663
1022	5	3493
1351	5	834
3879	5	1784
4092	5	3390
1179	5	856
894	5	854
3254	5	129
4105	5	847
2467	5	3971
1026	5	3967
2062	5	3377
1531	5	3977
345	5	199
1902	5	135
1318	5	119
4085	5	850
3013	5	848
4062	5	849
452	5	849
3612	5	3497
3041	5	1779
1162	5	3389
3673	5	856
3095	5	854
449	5	1873
3038	5	3380
1512	5	850
3226	5	3494
387	5	4143
4055	5	850
3235	5	135
1149	5	845
2569	5	205
2182	5	3975
3920	5	216
2936	5	3556
335	5	3965
970	5	3406
1108	5	3389
1907	5	854
2629	5	854
2979	5	846
3240	5	1669
588	5	1661
3871	5	847
2461	5	3974
3231	5	854
323	5	135
3866	5	850
3833	5	834
2424	5	119
1144	5	850
3856	5	855
2106	5	3965
1912	5	854
3819	5	848
1535	5	834
908	5	3364
3847	5	135
1303	5	848
3862	5	845
1364	5	3977
1338	5	135
2989	5	3965
1296	5	3965
946	5	120
3911	5	854
1115	5	854
880	5	856
3908	5	119
3236	5	850
3058	5	834
3025	5	850
874	5	3788
3229	5	854
453	5	854
1717	5	120
1902	5	119
1179	5	850
320	5	171
962	5	119
428	5	849
874	5	627
3920	5	791
1531	5	3972
2989	5	2542
2587	5	2916
585	5	846
1912	5	3965
1720	5	845
2410	5	843
4106	5	3968
1338	5	3977
4048	5	854
2663	5	1445
3048	5	127
331	5	850
2428	5	3971
3992	5	854
2379	5	3391
4101	5	3454
3934	5	854
2393	5	854
3923	5	854
2390	5	1071
1193	5	834
2046	5	3967
1551	5	847
2149	5	3495
1096	5	851
3821	5	847
2383	5	3462
3845	5	856
1701	5	854
537	5	854
2139	5	3384
867	5	854
1098	5	135
1905	5	850
967	5	2203
1907	5	124
3609	5	135
939	5	856
2626	5	854
3995	5	850
2969	5	834
4075	5	850
419	5	3462
3004	5	848
1194	5	120
1207	5	850
1311	5	854
2687	5	849
1499	5	3493
585	5	857
2428	5	3385
2952	5	848
2417	5	850
1477	5	1445
3642	5	135
3616	5	849
3637	5	3111
2602	5	135
1207	5	2499
3031	5	119
3862	5	833
4035	5	2653
2043	5	854
919	5	849
2161	5	3493
4025	5	3972
1097	5	855
2963	5	834
1006	5	854
4022	5	854
2666	5	3494
3038	5	2653
2182	5	849
1210	5	3965
2109	5	2529
1717	5	135
335	5	1663
2121	5	135
3631	5	2528
583	5	119
1328	5	854
3247	5	854
2062	5	3485
332	5	849
1534	5	3493
3044	5	854
3618	5	848
2132	5	119
2576	5	854
1358	5	3463
3857	5	680
1020	5	854
986	5	833
1724	5	854
2942	5	847
403	5	854
1387	5	3968
2583	5	849
3821	5	845
3920	5	857
384	5	119
1688	5	3462
3920	5	838
2451	5	847
3611	5	217
1352	5	854
2142	5	214
2999	5	856
3038	5	119
2611	5	854
1303	5	834
447	5	119
4047	5	856
888	5	3977
335	5	3553
1726	5	854
1001	5	3498
2671	5	848
1941	5	466
362	5	3391
344	5	854
2703	5	170
1196	5	3385
355	5	1589
3912	5	854
3205	5	854
1524	5	854
4026	5	3494
2971	5	3968
882	5	3809
1821	5	3977
3608	5	850
1296	5	848
2363	5	850
996	5	3976
3073	5	854
2414	5	851
1477	5	854
2677	5	851
2429	5	135
3241	5	854
577	5	3504
364	5	2203
329	5	3389
343	5	187
2062	5	1391
2616	5	135
335	5	3551
2109	5	3389
3859	5	3457
2590	5	119
2371	5	1839
1117	5	834
446	5	135
3674	5	854
3673	5	854
2703	5	2204
1098	5	850
4021	5	3364
2684	5	129
2144	5	854
966	5	1663
23	5	846
2699	5	856
2616	5	119
543	5	119
3856	5	849
566	5	854
2989	5	127
2385	5	857
1503	5	854
1910	5	857
949	5	821
986	5	850
2599	5	851
4098	5	849
1556	5	854
878	5	849
1001	5	3499
1917	5	120
2663	5	834
426	5	120
1139	5	834
451	5	848
3249	5	833
2693	5	3974
3189	5	850
2569	5	208
3188	5	3380
2350	5	834
2188	5	834
344	5	848
2109	5	2788
1901	5	847
3902	5	849
866	5	856
1001	5	3470
2432	5	854
1693	5	3975
4096	5	843
3093	5	849
3077	5	155
2381	5	3497
2455	5	3493
585	5	849
908	5	3389
2669	5	848
4101	5	3428
958	5	847
335	5	843
346	5	3407
2112	5	848
1353	5	848
2390	5	3494
1502	5	119
2466	5	3494
551	5	3972
4101	5	3423
938	5	850
993	5	857
1310	5	135
1717	5	856
570	5	854
451	5	856
371	5	3380
2062	5	1615
2114	5	119
3608	5	854
1526	5	854
891	5	2719
2684	5	714
4034	5	119
1109	5	2490
1325	5	3977
2675	5	119
1097	5	856
2062	5	2864
3237	5	857
922	5	847
1207	5	131
1373	5	3966
1950	5	851
3583	5	834
4066	5	848
3880	5	119
1904	5	856
3637	5	119
3583	5	843
587	5	857
3928	5	3407
892	5	298
2937	5	854
2062	5	3080
1001	5	3469
3012	5	119
1001	5	135
2611	5	857
2373	5	848
3649	5	120
568	5	119
2149	5	3965
1383	5	854
581	5	834
4037	5	849
874	5	3180
3909	5	854
2385	5	854
3641	5	3438
970	5	119
1343	5	854
1386	5	3967
18	5	846
2599	5	834
3852	5	848
4094	5	854
3013	5	127
18	5	848
868	5	119
3056	5	857
1116	5	119
2607	5	3966
3245	5	849
4058	5	1445
1289	5	3972
2932	5	125
3253	5	120
1002	5	119
1140	5	850
3833	5	843
2968	5	3364
1375	5	854
1109	5	847
2607	5	854
4036	5	854
3831	5	3967
1693	5	3967
3664	5	127
2387	5	2254
966	5	298
1022	5	119
3047	5	847
3063	5	854
513	5	854
3013	5	3497
1297	5	857
1900	5	854
1338	5	119
1904	5	845
366	5	834
1961	5	854
3888	5	850
3258	5	119
3001	5	854
2390	5	3364
1512	5	3462
1199	5	857
3834	5	3482
975	5	2653
2138	5	119
1534	5	3977
3089	5	856
3002	5	850
534	5	845
1157	5	849
4052	5	853
3056	5	119
1818	5	830
3835	5	119
946	5	3351
2626	5	3965
3185	5	3965
3037	5	856
1310	5	3968
3046	5	834
409	5	3554
2694	5	680
1308	5	1058
1124	5	122
511	5	854
2624	5	843
4104	5	834
3032	5	3385
3651	5	3389
3847	5	129
1190	5	119
3623	5	3468
3638	5	3965
1958	5	854
1901	5	3977
876	5	127
1816	5	129
2677	5	849
4105	5	850
409	5	3965
3058	5	847
425	5	834
3233	5	119
1928	5	1833
2127	5	135
4035	5	135
1292	5	854
427	5	847
2140	5	854
3254	5	849
4101	5	3453
1917	5	3350
1375	5	1668
910	5	3364
419	5	3463
1520	5	854
422	5	849
1106	5	843
3054	5	850
1386	5	3977
3817	5	850
367	5	135
1304	5	3391
1818	5	3391
2580	5	846
1364	5	849
3184	5	127
1026	5	3973
1343	5	847
967	5	119
3582	5	119
2593	5	214
976	5	856
1377	5	847
1002	5	135
1001	5	3497
343	5	3391
3918	5	857
1917	5	849
2390	5	854
2675	5	849
1210	5	854
432	5	127
3853	5	857
2428	5	3967
1353	5	1782
3617	5	119
1334	5	2015
2390	5	3391
1351	5	856
3903	5	119
4103	5	848
4105	5	849
1308	5	3462
558	5	3965
2390	5	3492
4026	5	3493
2390	5	1596
3998	5	2095
439	5	854
892	5	1663
3182	5	847
1917	5	3977
2182	5	3977
1803	5	848
1917	5	119
1298	5	854
1377	5	849
992	5	854
1116	5	122
3910	5	847
1353	5	834
545	5	3478
394	5	3977
2381	5	3494
4058	5	849
925	5	120
1901	5	854
3232	5	833
2453	5	3365
1690	5	119
1207	5	135
1195	5	135
574	5	850
2615	5	120
3637	5	857
966	5	3433
1515	5	854
1352	5	835
342	5	3977
1307	5	119
394	5	854
3028	5	3353
1353	5	119
2948	5	3494
1376	5	834
3910	5	851
1353	5	857
3042	5	119
3848	5	3389
4075	5	1445
2610	5	849
3909	5	848
922	5	843
4044	5	850
2685	5	3977
1098	5	854
3035	5	3391
2940	5	856
3852	5	847
383	5	848
1556	5	3965
2062	5	1588
3628	5	219
2146	5	852
3056	5	856
1342	5	119
1095	5	135
383	5	3968
1019	5	3968
922	5	854
1717	5	3497
1309	5	3364
440	5	849
2161	5	3495
3253	5	851
3866	5	834
1533	5	833
1027	5	854
422	5	847
2947	5	854
3184	5	119
1910	5	845
391	5	850
1140	5	681
2181	5	847
3249	5	119
576	5	247
2132	5	3494
432	5	129
2937	5	856
1533	5	854
2125	5	119
1919	5	135
2467	5	3970
2568	5	852
1534	5	848
1707	5	3494
558	5	135
4105	5	834
1154	5	2916
1498	5	847
2146	5	847
3587	5	2299
888	5	3111
1816	5	3391
577	5	3494
1333	5	854
1291	5	119
3227	5	119
3888	5	3387
3210	5	3389
426	5	854
345	5	2528
2110	5	3965
1207	5	2500
344	5	834
2932	5	120
3874	5	3809
1546	5	854
3910	5	2916
938	5	854
3034	5	214
3814	5	119
1137	5	3965
924	5	854
1898	5	3965
3894	5	119
333	5	854
551	5	848
1518	5	3418
3995	5	854
2126	5	119
2062	5	3488
965	5	847
3184	5	3966
1357	5	849
2345	5	854
4091	5	849
343	5	750
2062	5	3718
1687	5	847
867	5	119
427	5	849
3821	5	127
920	5	850
1478	5	851
3925	5	850
3024	5	834
2598	5	854
3089	5	854
1011	5	854
3848	5	2528
345	5	2529
1154	5	848
3874	5	3406
2998	5	852
1375	5	851
434	5	3493
3998	5	3529
3936	5	848
2700	5	854
513	5	3463
1203	5	854
2188	5	3968
1098	5	119
1551	5	848
346	5	2528
1172	5	3492
1150	5	850
4105	5	854
3917	5	854
344	5	850
3821	5	1445
1343	5	845
3240	5	2281
1311	5	847
2390	5	3810
2459	5	843
976	5	119
4057	5	847
982	5	854
1680	5	3476
2182	5	3967
3011	5	849
2466	5	3972
564	5	119
1296	5	850
876	5	3976
1505	5	861
4055	5	847
2425	5	4251
3004	5	854
1297	5	854
3234	5	849
1311	5	119
3999	5	3350
525	5	2327
2190	5	834
2376	5	845
1022	5	125
4096	5	849
1337	5	833
346	5	173
3829	5	854
585	5	848
1139	5	119
1518	5	3413
3040	5	854
513	5	3391
1708	5	847
3628	5	172
449	5	3408
2045	5	848
4103	5	3494
1353	5	849
1187	5	854
4042	5	847
1906	5	3498
364	5	854
1902	5	247
959	5	3380
3590	5	135
2940	5	135
2989	5	847
2113	5	848
2590	5	847
1010	5	847
2938	5	834
1301	5	119
3614	5	848
4109	5	850
3094	5	848
3035	5	3366
1297	5	856
3608	5	847
2683	5	854
4093	5	854
2371	5	835
3905	5	119
1010	5	845
2124	5	854
3199	5	3972
1295	5	135
1824	5	3493
3815	5	854
1375	5	834
984	5	214
1163	5	854
2106	5	3972
2123	5	119
2932	5	857
2123	5	856
959	5	3463
2430	5	3482
1298	5	849
3582	5	848
876	5	854
975	5	119
966	5	3385
3636	5	854
3862	5	847
1352	5	849
2416	5	119
1197	5	854
4081	5	849
583	5	854
1001	5	834
383	5	849
1550	5	834
3013	5	2653
1804	5	849
959	5	3386
2118	5	1663
1303	5	3965
1524	5	843
3907	5	849
944	5	851
946	5	3493
880	5	854
3994	5	854
384	5	854
2385	5	847
4025	5	847
3617	5	856
400	5	846
1020	5	856
3614	5	120
3205	5	119
1480	5	850
2693	5	3977
3874	5	3733
4101	5	3451
1148	5	4322
1518	5	3420
880	5	834
3047	5	849
3026	5	3965
3846	5	198
2583	5	834
3925	5	854
2414	5	850
2948	5	119
2932	5	127
1100	5	3385
577	5	861
3574	5	124
996	5	854
3076	5	247
1098	5	849
1818	5	1779
575	5	854
432	5	3497
2106	5	3977
2126	5	135
2670	5	119
1821	5	3967
1358	5	3462
1357	5	856
1481	5	205
4038	5	2653
908	5	3391
2624	5	208
880	5	851
438	5	849
1334	5	2764
3998	5	3327
3907	5	848
3639	5	850
1916	5	127
409	5	856
1157	5	3977
3002	5	3965
4035	5	119
1375	5	135
1357	5	833
3585	5	854
426	5	857
1202	5	849
2466	5	714
2596	5	850
922	5	3976
1290	5	832
3898	5	848
2989	5	845
1901	5	3497
1386	5	128
4098	5	854
1825	5	856
888	5	856
1146	5	854
1121	5	3969
4101	5	3447
2979	5	119
340	5	119
3188	5	834
4103	5	849
335	5	851
1149	5	3977
2180	5	834
2387	5	2260
1386	5	3493
3058	5	849
1804	5	680
3668	5	3391
453	5	119
585	5	850
1172	5	119
944	5	833
2390	5	3373
3928	5	3732
2939	5	854
1295	5	3977
2162	5	3499
1533	5	834
2568	5	851
1965	5	119
1351	5	857
3235	5	2653
4063	5	135
1917	5	3492
2576	5	3967
4101	5	3429
3992	5	834
3862	5	854
4020	5	3977
1364	5	856
2455	5	848
1106	5	3976
3240	5	854
4051	5	119
1907	5	129
356	5	854
2996	5	4126
1357	5	3391
1203	5	849
1113	5	850
3240	5	2280
3235	5	852
925	5	856
2180	5	850
1157	5	846
1364	5	834
3830	5	3494
1138	5	3380
428	5	854
4101	5	3449
3821	5	850
2615	5	857
1720	5	3462
424	5	3416
1300	5	850
1823	5	854
1364	5	3965
3920	5	790
2593	5	854
408	5	852
2596	5	854
435	5	120
4042	5	850
3989	5	2077
2062	5	3440
3254	5	135
987	5	854
3258	5	135
1727	5	124
3035	5	3382
1726	5	3494
2385	5	834
2675	5	833
3813	5	834
1162	5	2838
555	5	854
1706	5	135
1902	5	3968
2146	5	848
2999	5	857
2046	5	3973
1144	5	3380
2185	5	680
2936	5	854
345	5	3389
2430	5	850
2192	5	135
447	5	3493
1940	5	854
4103	5	856
2932	5	856
1138	5	119
3925	5	835
3012	5	3971
1292	5	834
3612	5	3494
1901	5	119
1149	5	849
1106	5	3972
2376	5	850
547	5	850
1345	5	119
880	5	3977
2398	5	3551
3884	5	854
1172	5	3493
2942	5	854
4038	5	119
959	5	1444
2675	5	854
1149	5	857
566	5	856
4020	5	3965
349	5	849
1016	5	814
1720	5	854
4060	5	850
2976	5	2203
3991	5	854
1910	5	847
1207	5	203
4103	5	135
425	5	854
449	5	3460
2663	5	850
3994	5	849
3861	5	856
1504	5	833
587	5	856
1364	5	848
3219	5	3407
2703	5	218
2969	5	848
3204	5	854
3583	5	848
2390	5	127
1366	5	854
2107	5	854
2672	5	119
3845	5	135
424	5	4329
1188	5	2916
992	5	848
1499	5	214
925	5	127
900	5	3965
3060	5	850
3848	5	119
376	5	247
432	5	120
1364	5	766
1917	5	847
2062	5	1613
343	5	3731
1019	5	834
4096	5	130
4045	5	119
1375	5	131
571	5	856
2385	5	845
1351	5	847
4039	5	135
2587	5	857
2467	5	856
2588	5	850
560	5	1760
343	5	2788
1707	5	119
1188	5	847
1546	5	3972
2180	5	854
1938	5	2916
3610	5	856
555	5	3965
342	5	135
2188	5	205
2466	5	856
4047	5	135
2126	5	834
1115	5	214
2395	5	847
1300	5	119
1022	5	856
3908	5	833
2598	5	119
3821	5	3977
2371	5	847
4066	5	854
3821	5	857
976	5	846
1701	5	119
3833	5	856
3026	5	3977
2570	5	2858
2685	5	3968
3005	5	850
408	5	135
1373	5	3972
3853	5	120
979	5	119
1210	5	3966
3240	5	849
1534	5	854
451	5	850
3840	5	854
2694	5	214
900	5	833
1172	5	3470
1223	5	135
1154	5	849
1001	5	766
1221	5	849
1138	5	834
2451	5	850
4044	5	3972
23	5	848
2174	5	119
3849	5	849
1824	5	3363
2352	5	854
967	5	850
1523	5	849
1202	5	848
1904	5	848
3582	5	135
2608	5	715
1214	5	3480
2595	5	854
2139	5	3387
3846	5	119
3879	5	3551
1145	5	850
3013	5	3493
1386	5	3974
2428	5	850
424	5	3392
924	5	119
2685	5	850
959	5	3385
2603	5	135
2062	5	3441
2126	5	833
412	5	3965
2191	5	854
1199	5	856
3642	5	119
2941	5	119
1094	5	716
900	5	849
1534	5	3364
2450	5	854
3056	5	835
2345	5	847
381	5	833
408	5	854
451	5	849
2062	5	3722
575	5	122
3586	5	848
3834	5	135
2406	5	834
2604	5	2856
880	5	849
522	5	854
1109	5	2311
957	5	3364
2045	5	3977
335	5	1397
4021	5	3731
3235	5	119
1001	5	3389
431	5	850
2939	5	848
4025	5	3390
440	5	854
2109	5	1058
2948	5	3493
340	5	849
2466	5	3965
4025	5	2916
1334	5	849
2357	5	856
2466	5	716
2390	5	3461
4055	5	854
3234	5	854
1319	5	856
586	5	845
3837	5	854
3614	5	127
3672	5	3493
882	5	714
3902	5	847
3260	5	847
2976	5	2204
1679	5	3484
1543	5	3364
1479	5	857
3992	5	214
3002	5	3551
1523	5	854
408	5	847
1203	5	847
1518	5	3411
1505	5	851
905	5	120
410	5	119
348	5	135
1352	5	857
2596	5	843
3042	5	854
1307	5	3967
3618	5	3391
3039	5	119
368	5	856
1727	5	3389
3242	5	856
3845	5	131
2965	5	856
900	5	854
422	5	856
2062	5	3720
3225	5	854
2430	5	834
2042	5	854
1901	5	849
1019	5	3973
3026	5	856
3234	5	119
3632	5	850
4101	5	3452
1199	5	848
2679	5	850
408	5	849
1902	5	855
1108	5	848
987	5	119
571	5	135
2677	5	834
2936	5	135
409	5	766
2459	5	2916
2183	5	854
3579	5	854
3909	5	849
1017	5	854
346	5	4068
2932	5	3494
3918	5	850
3020	5	854
2190	5	849
4051	5	849
1375	5	2916
1904	5	2916
1691	5	119
432	5	3967
1108	5	3391
2455	5	834
1148	5	850
2466	5	119
1119	5	854
1198	5	119
1342	5	247
940	5	834
992	5	847
3846	5	2528
3991	5	3389
3609	5	119
3039	5	854
1825	5	214
3852	5	834
383	5	850
2062	5	3716
3614	5	854
2390	5	3389
3260	5	849
3925	5	834
3058	5	850
346	5	1602
1518	5	3422
1818	5	209
1707	5	135
878	5	3967
4025	5	3974
324	5	854
2587	5	129
393	5	834
340	5	3969
378	5	834
2164	5	2299
2675	5	848
1199	5	845
522	5	847
346	5	198
1001	5	127
1157	5	845
1508	5	1439
2599	5	833
1170	5	3971
2669	5	847
4052	5	854
2109	5	128
925	5	119
2455	5	119
4093	5	247
2569	5	849
3874	5	3732
3182	5	854
2455	5	854
434	5	854
3242	5	852
1117	5	833
1200	5	850
2428	5	466
1804	5	847
2630	5	854
18	5	833
1146	5	847
426	5	850
3631	5	119
1295	5	848
2161	5	3965
351	5	854
1512	5	119
3253	5	854
2429	5	3977
1202	5	856
1386	5	3965
2941	5	854
1963	5	851
325	5	849
3848	5	750
1731	5	3380
585	5	854
1910	5	846
1495	5	3352
365	5	850
3814	5	856
1907	5	850
2366	5	854
2932	5	854
4037	5	119
366	5	854
3010	5	847
3235	5	848
2938	5	850
2359	5	854
2583	5	3969
3999	5	120
4047	5	857
3571	5	854
946	5	3350
3670	5	3385
2629	5	119
3200	5	848
2181	5	856
4066	5	846
1359	5	848
1533	5	835
3610	5	851
1480	5	849
1298	5	119
3818	5	135
3842	5	857
383	5	854
4057	5	854
1020	5	846
3898	5	3497
580	5	119
1358	5	834
2694	5	207
3856	5	854
1960	5	854
2109	5	761
571	5	848
432	5	3493
1006	5	3391
3637	5	3972
1207	5	120
1145	5	834
2578	5	3971
3821	5	834
1301	5	854
1310	5	834
2589	5	850
4062	5	854
4062	5	845
1709	5	849
2416	5	857
1157	5	3976
3998	5	2300
3242	5	119
325	5	845
451	5	834
2459	5	849
1803	5	856
1915	5	854
2669	5	834
939	5	857
992	5	119
3848	5	127
1340	5	3492
3585	5	135
3831	5	3968
965	5	856
1195	5	3494
4025	5	3971
3038	5	135
4057	5	848
1337	5	854
915	5	3462
2938	5	854
3881	5	850
992	5	849
2109	5	2556
1125	5	4175
1688	5	3380
1142	5	1780
1016	5	3701
919	5	135
1496	5	3366
4109	5	854
1140	5	834
2568	5	854
976	5	845
3095	5	857
2160	5	854
4039	5	119
1337	5	848
3210	5	3380
2127	5	119
992	5	1445
3611	5	202
2462	5	844
1959	5	849
2432	5	834
2570	5	119
400	5	851
1124	5	3967
990	5	3391
2989	5	1267
4097	5	119
2580	5	3965
3861	5	135
530	5	850
1354	5	854
1959	5	854
1142	5	119
4107	5	247
3035	5	3493
4051	5	854
1311	5	850
2350	5	850
4096	5	3965
4108	5	849
2160	5	3493
1140	5	856
1707	5	854
2965	5	845
2989	5	851
345	5	130
383	5	845
992	5	3386
2190	5	847
4066	5	849
342	5	3972
3013	5	3494
922	5	845
1710	5	3965
3617	5	854
2568	5	848
3036	5	854
427	5	843
1691	5	856
4057	5	845
3926	5	3283
3614	5	856
2615	5	854
2697	5	834
1924	5	1833
1524	5	845
1535	5	854
2390	5	128
3898	5	849
2995	5	135
3574	5	854
2188	5	854
432	5	848
2368	5	119
3848	5	199
3936	5	847
2399	5	854
2062	5	2785
1154	5	857
1207	5	3111
3034	5	845
2998	5	856
3614	5	847
3814	5	118
3825	5	847
1959	5	845
551	5	3965
3906	5	135
1518	5	3416
4025	5	3391
2578	5	3977
514	5	3968
427	5	850
3201	5	854
545	5	479
3889	5	3385
1096	5	833
880	5	3975
3034	5	716
1526	5	856
1141	5	854
2176	5	834
1137	5	854
1520	5	3325
432	5	856
2410	5	3965
4021	5	3391
976	5	857
1340	5	120
2139	5	3391
3890	5	854
3024	5	119
3910	5	850
1464	5	247
3640	5	854
1720	5	847
3085	5	847
3920	5	854
3825	5	849
2142	5	119
2432	5	848
3063	5	847
2383	5	3385
2583	5	3970
437	5	119
4035	5	124
959	5	214
3853	5	850
2452	5	856
2132	5	850
2127	5	854
3821	5	214
351	5	847
1095	5	3493
873	5	837
3876	5	854
449	5	1661
4093	5	857
3821	5	854
916	5	3389
1299	5	214
1002	5	856
3614	5	3977
3938	5	119
1351	5	854
1118	5	833
2385	5	849
3249	5	845
1907	5	135
1804	5	119
4052	5	841
2677	5	857
1117	5	854
2113	5	856
3253	5	848
1966	5	848
1966	5	849
18	5	834
3994	5	834
1318	5	854
3073	5	119
874	5	2810
967	5	247
409	5	3552
3008	5	850
874	5	3489
3031	5	135
343	5	3463
2383	5	3386
2133	5	843
