0 1220 875 72 68 198 455 487 1045
1 1215 578 1666 1789 18 1563 1659
2 786 199 741 1745 710 1246 545 1662
3 1136 603 1704 1293
4 97 1360 472 1589
5 341 965 796 571 1329 1429 1159 457 1422 683 1746 1593 1609 119 477 1703
6 818 1822 1883 1327 950 294 546 287
8 1642 1413 884 1241 134 808 801 1240 978 1103 532 1153 1782 26 1496 238
9 1037 1573 366 1051 1882 218 1795 1293 615 1736
10 453 1155 280 1545 1873 1221 1232 1017 515 1672 1719 879 402 201 206 1410 930 762 913 887 1004 1835 1557 115 1441 1398 1383 209 130 869 1555 726 1705 1830 231 528 405 1149 966 297 910 387 595 995 531 1856 162 955 1720 1819 1178 208 108
11 342 835 999 990
12 804 545 1613 1615 937 586
13 25 1000 1334 1215 213 157 1163 448 1098 602 280 774 1866 147 1862 532 816 642 332 959 1769 1174 1502 679 1314 1714 1401 1145 21 1429 1735 1197 673 1420 221 1860 284 600 245 1884 228 1582 1195 327 616 636 1300 443 1531
14 7 690 1592 269 1317 541 332 1531 917 1142
15 61 109 554 1113 1401 1726 165 1070 984 1439 1325 426 1623 1578 913 1155 949 550 325 1494 1560 14 1690 1730 235 1747 1006 478 385 1799 1577 1204 1091 117 1288 563 1891 265 1072 294 1794 1519 1233 1291 1369 743 1699 1044 1404 1823 1625 1177 1009 1855 1268 1051 349 1676 1112 1059 593 1692 559 1874 1455 640 1721 1745 1211 1134 1433 531 634 1038 174 1613 663 520 628 792 751 1252 182 304 331 505 911 1573 335 1598 466 147 985 968 780 1257 1094 987 143 451 1859 996 924 1729 1346 1576 50 1720 1326 906 1116 15 839 690 1696 925 1865 994 1248 1683 1656 1264 1791
16 1594 1837 800 578 1576 1739 892 522 1745 172 994 44 1570 1138 111 735 464 1366 145 1635 1369 87 1580 68 512 413 1754 46
17 489 258
18 1249 1252 1540 1480 236 1601 1686
19 648 481 907 1508 536 674 1451 1281 824 1051 1221 1173 765 952 1619 1215 732 781 1531 1010 598 555 500 266 1569 418 694 263 1613 1183 1652 1505 403 416 471 1604 1073 611 1575 1297 1648 1159 1312 624 223 1797 421 652 493 802 390 665 41 1542 1179 278 606 108 126 643 1520 277 1398 1870 1633 1087 228 1879 38 1265 627 1042 1062 983
20 152 1192 1300 1416 110 311 306 1672
21 935 1873 919 611 1774 1218 891 630 1177 1284
22 1143 465 1357 309 552 1725 295 148 124 343 1655 638 1248 1564 1721 1194 599 924 258 986 1441 631 1464 848 565 1052 1133
23 1012
24 1243 513 53 188 469
25 1568
26 1566 1552 359
27 951 186 656 525 674 243 1608 846 1798 1074 1716 3 1371 1807 1133 966 865 117 392 1082 755
29 1150 854 194 467 1742 1888 236 964 244 1345 1723 319 1039 1486 615
30 971 502 939
31 1592 1627 1759 857 699 1623 1048 549
32 1489 614
33 1716
34 211 1112 970 37 1514 303 873 1818 1375 324 160 996 1635 564 720 1311 1453 846 1365 171 1779 699 1780 1416 1794 1127 809 675
35 1788
36 1323 1724 767 456 1384 397 1352 530 1469 1629 1558 1653 1431 1475 1799 288 1367 205 1366 1404 86 663 1697 965 74 1264 796 1581 276 191 634 703 1612 910 367 419 277 1692 1178 1877 798 1161 1100 582 1783 344 547 1771 1053 1733 1610 1865 735 1729 242 1024 161 296 1626 472 1844 1466 1565 1462 872 1815
38 185
39 937 759 1383 1539
40 1200 783
41 221
42 1162 1368 772 132 859 596 399 259 1784 1735 978 196 1405 446 1362 1357 1269 51 111 1659 715 524 266 1203 432 149 1747 1615 1182 436 1247 454 1713 1829 490 704 1633 311
43 1113 520 1642 362 230
45 33 357 544 108 260 1527
46 1530 131
47 1426 222 1023 1479 1884 926 151 1862 166 666 1266 304 135 259 570 1299
48 936 1042 1246 888 208
50 1602 1380 69 197 1613 1166 455 836 933 1007 755 334 822 681 1562 710 1675 1242 1303 183 116 330 1630 1348 110 1464 177 596 984 1439 944 1073 1326 982 921 598 456 1631 1129 244 763 956 238 622 1472 1473 1296 1075 1159 1450 674 102 466 880 1309 121 17 432 659 446 1656 293 1650 559 634 718 256 1097
51 361 265
52 778
53 1470 1328 869 595 237 843 44 670 353 1658 1282 959 1720
54 1513 1701 1345 1693 309 495 217 306 548 414 364 1257 320 1580 1578 1366 161 371 1606
55 1287
56 1562 1824 1424 1314 1868 319 741 174 1273 1439 301 777 689 1423 1510 1436 873 275 1298 1531 181 688 1223 838 1397 1701 727 1745 272 1452 1519 1777 1593 1483 1155 199 1403 1453 942 1118 806 43 807 686 383 453 759 1649 1071 408 478 293 329 166 658 1809 1694 215 1116 1658 1183 1790 1592 1889
57 1229 776 316 333
58 631 1772 1035 1498 1775 297 1627 1517 1027 985 1333 14 174 48 565 458 1783 319 1192 1562 1319 1149 933 240 1662 634 505 660 262 109 508 925 1381 1698 1348 1003 140 1786 1091 1295 1166 42 1367 1124 1250 529 1544 307 640 946 6 1332 777 513 1241 919 399 1433
59 669 1104 861 1720 1162 1018 549 82 1593 1375 401 619 773 1816 1650 105 1824 1393 713 591 262 1688 796 942 1872 865 1573 948 1883 837 731 392 1065 1468 1067 795 1683 1112 577 1691
60 1123 605 661 211 164
61 342 1420 916 725 922 87
62 1261
63 287 1806 161 967 364 1520 952 189 1719 1456 1791 673 1427 737 1513 142 1178 1161 612 1885 633 1803 332 1517 1494 1365 367 1685 767 1090 470 258 422 1682 294 496 1678 1058 63 766 1186 1227 784 1001 1705 1181 275 1312
64 268 1322 643 1300 1132 202 1069 1357 358 1254 1231 328 364 1395 1320 1522 1281 717 1772 1196 93 1737 1816 65 176 102 1358 1626 1223 563 1378 446 1617 1213 889 1307 1353
65 996 505 1655 1660 1409
66 610
67 929
68 641 1775 1482 654 1514 1773 708 824
69 963 256 555 928 515 294
70 198
72 1673 677 1190 1483 647
73 102 106 582 1026 1238 1824 1743 1354 1392 976 591 1113 17
74 1571 832 756 97 827
75 155 798 1039 929 1572
76 1127
77 1537 114 1255 1043 361 1133 1348 1536 1329 1646 1782 838 312 1742 1454 526 73 1232 1494 235 403 47 963 700 917 320 905 1474 431 900 1087 1647 1312 1025 1847 1797 1566 1549 136 1505 292 1122 438 1208 723 1416 1039 1136
78 1435 1139 472 1368 486 112 210 890 695 1534 1015 1459 1644 289 12 1181 331 875 1399 1870 1865 1024 1027 1394 417 1613 606 676 602 1384 126 1640 188 1397 1234 485 1148 1577 1545 1808 80 367 900 1873 1782 369 78 1779 854 1679 1065 390 1598
79 18 614
80 935 1318 1117 1078
81 1823
82 1662 234 683 336
83 462 283 1039 323 991 1591 1300 825 911 1497 1184 1024 1611 1160 1702 1420 1750 461 1620 540 1453 1605 1280 1848 1672 176 1136 974 1141 1501 800 168 1215 239 135 1757 1181 1095 428 1232 1159 316 348 731 1809 1125 964 248
85 1209 153 96 890 717 1459 134 1132 127 1857 145 990 68 596 860 374 1599 281 1593 1338
86 1732 9 1571 51 632 971 1402 1495 1138 891 1112 799 1709 479 527 966 730 322
87 1566 1790 1611 120 291 1052 611 486 1692 1520 1201 672 1204 1246 1604 1399 1698
90 565 126 1147 1219 1809 1513
91 1618 1083 655 1435 859 843 307
92 540 423 694 1343 165 939 1753 777 193 1115 1502 1717 397 109 567
93 1156 682 1615 601 804 980 1118 1355 760 655 556 761 1076 1834 1044 203 1671 1506 987 1586 1746
95 642 851 94
96 184 1127 1845 985 1434 1720 739 1270 1871 210 1190 100 496 457 1891 1531 1272 1077 603 108 167 1515 623 1222 1266 1461 79 389 1855 697 43 448 1316 315 1654 1794 1573 1795 908 172 662 353 531 1823 1853 882 1500 1216 740 868 1661 1628 306 1732 1525 1597 175 1129 1640 775 122 215 992 501 1831 170 760 1353 1688 1371 1333 904 1698 724 72 1412 607 1718 1020 1108 493 799 1243 847 981 403 1506 1313 1467 859 190
97 653 744 219 188 10 636 919 743 1570
98 980 1737 637 1806 1520 152 1781 1840 1733 1732 915 1479 1107 302 1395 661 522 548 1448 333 1567 948 1720 845 162 1002 1322 1066 1290 898 1181 1122 1885 1518 938 1200 84 1723 799 1539 1767 1186 1314 1404 186 238 1678 538 1446 1461 789 359 1423 1352 100 1247 1419 1489 1422 895 1645 725 1734 964 230 27 213 562 476 1130 1632 1148 1236 1284 1510 1274 474 995 836 876 1031 1685 1493
99 1206
100 201 915 1500 1448 946 660 139 621 93 1681 1477 237 48 1761 709 1349 225
101 1387
102 1060 359 1134
103 814 10 1461 446 428 588 1558 1459 1674 1648 132 1200 212 1655
106 405 941 234
107 1083 1312 643
108 1026 1332 1130 1451 1352 361 1166 348 1032 608 294 390 661 1755 951 1299 116 1803 756 25 1022 286 406 1700
109 1171 64 1643 1572 453 604 67 567 462 1115 597
110 1569 1484 913 1130 449 880 211 1519 1712 1350 1551
111 609
112 605 1204 560 1789 1085 1875 1423 1701 202 286 1568 1641 873 127 580 1807 1375 268 1468 1805 280 523 308 1488 676
113 1004 291
114 1861 1385 638 331 1845 1850 579 197 1394 770 524 174 795 1414 1382 345 112 855 1335 645 1541 1487 1601 488 927 1396 192 1496 200 3 444 1028 165 277 1269 472 1115 1447 960 20 17 1479 728 1728
115 983 149 473 789
116 182
117 1809 616 282 788
118 909 725 1488 439 1295 1541 312
119 1764 445
122 726 886 651 1627 291
124 1602 1421 56 1743 1741
125 1537 807 609 1329
126 744 651 271 798 1775 1731 1177 869 754 1131
127 1399
128 353
129 1563
131 965
132 875 1453 830 169 1325 1109 1112 1275 314 570 172 638
134 1508 1747 494 123 506 181 900 242 941 1267 1260
135 718 1081 1069 1614 1695 1487 538 346
136 762
137 1584 1847 61 687
138 335 231 355 1040 1079 703 947 263 1234 827 1724 448 1046 690 1071 596 1893 261 198 341 1800 1551 681 1840 1590 1573 1378 94 464 1859 736 319 199 1603 554 815 920 1182 112 1532 670 585 1827 377 73 941 1047 1276 1679 1264 559 207 1069 223 1793 1772 302 264 32 138 1848 1746 480 283 426 1834 931 863 1435 1465 185 1332 1341 583 1812 166 54 144 425 1467 1027 1804 279 201 1883 1846 1803 751 266 99 1067 115 364 1314 1005 1830 1630 917 1146 70 887 1545 990 373 810 463 404 619 630 1032 321 80 1401 1412 1407 547 1470 661
139 575 788 282 863
140 62 1855 1681 1615 581 122 1677 985 1103 742 1591 1216 480 329 208 512
141 154 817 1494 1408 862 1252 213 741 670 712 286 329 1551 946 1673 1361 1049 1381 701 364 1500 1202 1472 1873 1308 1663 782 466 1415 1258 1720 367 826 680 1555 1462 655 267 371 1544 4
142 1438
143 1892 1661 1257 452
144 346 1840 871 1036 1834 795 737 1146 788 211 1726 1008 1644 1798 1211 1361 1581 1436 467 338 951 154 1665
145 216 153 702 350 1825
146 1124 1843 193
147 321 118 769 8 906 186 631 1718 1386 1311 1260 1014 417 205 59 432 357 1338 625 174 1000 1759 243 659
148 1608
149 1685 1138 876 1579 1237 472 1163 128 1751 815 1706 1100 886 1126 1437 1805 1002 1202 1835 490 1005 631 165 833
150 354 342 433 1660
151 311 308 1188 1232 1221 1581 210 221 1180 1624 211 1637 608 1804 1124 1830 728 1825 869 557 811 1369
152 1173
153 80 816 1829 1808 680 1422
154 792 1498 418 615 808 1741 1005 1089 866 1356 262 1450 70 518 816 1056 1271 968 373 1837 1026 1256 1184 770 759 344 1770 1886 583 1588 1756 1465 193 637 64 845 109 343 1803 1226 1652 449 1810 464
156 853 1579 80 1257 1519 1234 1742 401 754 1557 1529 469 1474 1155 1371 1678 1033 1443 790 1099 661 1802 359 1792 1413 1866 1204 381 648 207 1023 270 1588 564 1555 1726 1206 1633 385 1460 736 1407 190 782 471 1595 1855 675 920 1685 1887 726 817 570 1262 649
157 431 1596 1622 348 1218 1603 327 1040 1646 1601 1634 183 268 1296 926 1335 917 863 916 1015 820 9 80 1131 411 1534 799 31 1864 689
158 1510 1085 1241 1093 711 908 1838 1426 279 721 1866 1023 755 1556 393 344
159 40
160 467
161 1212 1038 347 252
162 429 1445 1426 1312 21 636 881 1377 211 1378 1087 572 1297 1262 1457 286 877
163 1614 217 1026 406 1254 409
164 1594
165 736 1444 843
166 1126 1020 1868
167 1398 1364 355 687 755 1871 931 1312 561 1839 1541 195 787 1709 715 380 238 850 849 969 568 1751 818 1452 1782 1015 1678 896 1367 1854 1672 347
169 1733 326 212
170 27 1465 1801 1411 1097 1594 1545 1203 1505 1180 462 1394 1811 700 1086 1094 1432 1457
171 187 1792 1057 951 662 250 1055 1564 1376 41 217 861 879 78 1179 1162 0 1729 193 1659 1275 1305 1343 638 1860 1078 1189 431 1378 1413
172 1714 1499 1551 1508 866 224 541 1281 408 391 252 1776 832 448 965 1719 1631 397 1498 714 225 1581 876 100
173 1768 1478 1161 1804 664 1499 1551 1173 1337 450 415 433 1320 1505 617 1448 733 1419 273 1496 1373 367 1071 1151 1463 1346 682 238 1600 747 1191 1023 1234 1208
174 273 336 1269 1806 549 12 731 1023 1527 324 87 321 711 1296 110 1658 1354 1334 1800 1429 667 1075 1691 1245 1197 791 155 1679 1523 701 1147 460 384 1137 145 1684 1105 333 916 1183 1170 889 194 773 463 1883 446 1432 734 733 796 651 457 1615 1340 1157 1040 1220 1760
175 631 1868 1363 405 680 1081 176 204 352 1612 1130 1121 17 1312 142 443 1401 1318 1613 448 1800 1432 897
176 421
177 1533 1409 315
178 1189 1694 467 1877 533 844 802 934 1302
179 595 1589 917 802 830 1705 1375 67 991 324 1113 457 283 1551 821 1653 1655
180 333 382 459 1290 1736 535 404 238 377 1401 1664 1186 1772 115 1770 1565 1148 968 1347 1149 153
182 1443 1219 317 1181 1183 767 1677 667 900 352 10 661 523 1632 461 1481 1538 1335
183 894
184 1803 988 953 918
185 1783 1698 1304 1448 349 1597 1097 297 958 336 377 1205 1204 1397 1833 309 1554 1546 1035 766 89 460 1606 1043 486 135 559 790 491 94 1416 434 1105 1667 772 833 1006
186 1195 1124 1177 357 775 1348 779 751
187 1008 1634 998 1827 1248 14 1038 1817
188 284
189 473 159
190 1200 1239 336 282 1316 1075 86 1851 1198 307 120 347 538 375 1084 853 1253 1180 1332 43 1826
191 922 1246 968
192 1704 845 1234
193 1673 1630 836 772 1262 1703 1574 1615 1770 1482 1235 207 927 281 550 1033 1624 487 1815 177 632 1281 1851 1169 892 579 395 16 1508 1578 1672 19 1239 1126 248 1120 824 1396 429 1464 698 893 797 225
194 1811 1415 1716 1128 622 416 76 1675 1296 1111 1123 1500 493 1328 363 1450 82 786 520 1411 0 336 187 600 1666 878 768 1441 868 890 1269 428 1127 39 1579 1511 149 194 1192 619 1557 1769 1213 1262 756 755 1740 601 482 1310 993 887 1245 12 568 375
195 1860 1224 1789 58 1010 242 533 141 797 1321 1639 456 1410 1460 475 1662 655 864 734
197 1437
198 506 586 1047 1341 757 816 390 1103 945 445 935 1522 1627 833 814 1837 895 614 1003 382 1256 281 1265 1490 487 1755 214 1563 592 1734 502 1222 962 1841 852 415 311 1726 1599 319 1050 1738 26 375 940 1105 288 1827 1377 1140 1176 1562 689 1696 1078 656 547 1237 1846 1248 106 890 212 1500 348 131 455 1754 554 1057
199 808 1103 1225 492 1773 196 1020 712 859 960 607 338 701 29 0 1189 1794 1677 1861 298 799 666 1076 1214 23 1533 1125 1672 1094 692 24 1693 997 1759 678 1345 500 1756 19 1242 875 409 959 1269 1011 921 583 356 1589 1634 1447 911 1821 886 477 615 173 980 1405 560 1176 1690 1763 1380 1778 1546 1527 633 662 1453 1646 1208 1781 627 961 408 1872 150 396 672 242 1429 1048 1390 1043 634 1559 1400 407 746 47 331 110 53 403 224 656 628 274 1013
200 30 1012 444 701
201 640
202 1610
203 1564 1162 1103 259 531 1021 1346 628 417 761 1856 112 1807 1404 457 240 494 1335 924 681 35 353 1665 581 1235 254 844 1655 509 21 92
204 1191
205 324 1031 189 1412 1274 699
206 1324 316 1440
207 651 1149 1620 1326
208 1396 1148 1725 829 396 1116 1447 1060 1616 1174 322 1303 595 678 877 1360 677 232 203 1114 1397 142 95 1758 271 373 1836 69 421 225 1035 400 208 70 1215 1362 1760 831
210 100 751 452
212 26 1889
213 1826 1708 165
214 740 1144
215 1718 627 160 445 1072 199 208 1494
216 1152 1543 858 1537 217 1578 1316
217 1442 1366 878
218 1809
219 213
221 1129 824
222 1135 670 1739 768 852 1574 1305
223 1377 1673 1372 842 116 661 1145 90 690 1177 1232 317 706 1099 1510 466 325 109 1459 1579 864 976 1622 1295 1255 1104 192 468 948 630 1691 867 314 281 731 177 1040 1246 1607 106 1195 878 570 182 877 1098 953 1665 277 1641 287 1051 1220 419 1069 869 1415 415 1224 1339 1587 535 516 154
224 1281 1701 1663 922 1295 301 919 94 1694 485 412 1422 780 322 1570
225 231 1517
227 1428 1655 229 629 929 972
228 127 601 418 1636 1446 1285 575 112 972 1360 19 140 815 1372 1377 1765
229 1039 950 1162 1476 46 83 508 1098 630 690 1017 814 1541
230 490 1033 571 1669 131
231 1082 1404 1270 1803 1297 1421 468 868 496 1189 315 887
232 1363 1174 324 659 139 1159 1109 1493 243 379 1739 1821 299 1509 61 1587
233 475 1428 55 744 164 1430 1618 994 277 1047 1753 1259 978 1479 1351 774
234 200 1548 1086 248 392 1664 1263 1493 1180 297 863 904 705 983 60 390 989 1273 1528 440 1877 991 199 547 706 1484 1395 1526 1701 356 1540 1570 271 201 250 1515 980 1364 793 188 1133 1517 842 1557 1690 1108 1318 348 831 1188 835 100 1642 373 733 1220
235 366 1579 1462
236 165 1259 1257 15 508 1835 1148 581 1297 1315 1169 1708 1719 431 103 383 307 115 1365 731 77 301 1777
237 913 1292 1784 672 552 1120 1222 1323 752 275 1305 1196 1059 1108 1541 1341 1062 1051 1702 379 1857 1294 489 1498 617 407 4 252 56 994 1327 1679 251 1558 436 1685 1307 888
238 1030 880 1575 1885 1167 253 10 694 103 1519 1850 1323 192 749 1046 107 226 1164 1683 1461 1640 697 53 1287 1667 1420 448 716 429 413 641 619 1188 712 1696 992 1486 256 608 323 340 610 250 38 1384 1249 1150 224 442 1212 792 1227 711 605 307 1554 1760 633 1280 546 369 159 695 1364 762 1207 997 116 284 68 1056 1495 231 871 123 190 962 889 385 1555 1326 1319 1401 1826 1525 1544 1002 1371 806 747 1788
239 298 1781 1852 1281 533 1887 757 818 379 1450 1380 683 1633 1780
240 649 1254 1715 1479 659 961 1559 750 189 1280 19 1339 1127 891 1825 269 1835 638 133 810 1207 114 3 1529 1231 1769 786 232 1853 611 1862 69 493 954 1526 1295 868 1367 687 1546 840 895 838 962 1199 443 1444 364 1050 292 396 1221 846 1816 788 1809 920 323 625 1877 1460 265 283 29 153 1415 38 302 1566 1074 1435 967
241 1283 368 936 1050 874 1137
242 1680
243 1191 1028 1742 1504 487 1466
244 1315 1542 1383 1393 166 1424 1321 1122 1658 1208 652 1278 115 1874 716 1113 1618 26 978
245 277 1293 584 571 1791 534 33 1552 234 1268 363 1243 1547 315 1381 940 771 1689 365 543 1637 1469 489 1023 376 1672 1110 1800
246 1119 1819 916 27 607 1668 945 807 1425 662 1118 1434 89 205 1121 1340 744 1766 910 1285 1370 1794 570 703 565 557 1680 207 533 1375
248 946
249 585 327 1536 727 883 1277 8 1149 1552 1682 1095 1068 979 910 1832 1593 1703 1767 1712 155 1204 487 7 865 1514 1779 1701 1076 263 1262 1193 801 736 1499 666 902 123 1397 1428 198 817 1191 1851 755 176 1826 1029 1661 1673 639 1429 437 381 1235 90 864 1456 411 658 1528 878 233 1394 1513 1086 186 1398 983 1609 408 302 82 415 59 1577 1315 522 1091 876 140 1727 1205 1420
250 35 77 699 116
251 833 244
252 1012 1350 39 976 1870 1893 1277 94 502 1449
253 1859 633 1687 1632 201
254 1636 330 39 1846 1037 172 17 18 375 189 1491 1377 1258 1861 605 890 1464 1698 1666 1626 1014 1461 266 432 300 1353 576 1111 961 881 499 365 1293 1460 84 1264
255 274 72 1515 1258 131 619 294 240 1842 1038 1024 940 366 1655 767 468 650 1331 336 1714 1725 1403 1347 364 1277 1224 1849 488 189 926 1853 1160 1089 1863 461 1305 1055 1812 1032 616 36 1593 960 1605 1885 546 548 722 973 1280 473 320 1268 12 938 98 90 1049 1600 1672 1123 75 955 1179 887 1067 1756 1732 1524 1780 212 1010 1102 512 182 1235 1640 32
256 333 1451 948 1768 1178 1541 1205 51
257 951
258 1868 1598 1566 1512 1775 343 360 569 262 102 754 1318 286 1032 628 879 409 454 1292 1596 87 1511 755 817 330 885 1048 1244 362 1231 716 273 65 956 1157 1721 325 1069 762 348 11 1660 1259 1174 788 1471 1592 703 1104 691 1692 1316 1513 329 1785 1298 1640 1035 805 1559 253 1646 1114 100 312 1536 1269 734 64 950 1409 1872 486 1043 851 211 776 130 1389 1458 433 1337 1216 489 1748 1719 666 434 59 192 1241 1889 1042 1534 1523 199 1183 932 432 1138 756 1379 1383 1182 132 860 942 1614 1003 914 37 679 820 837 1289 200 476 1638 1039 1666
259 1484 1193 1576 286 417 388 1734 810 616 1164 1034 91 1715 1722 642 1739 1228 646 1041 1175 1545 979 468 59
260 1247 314 1195 1776 887 1654 677 1334 1691 103 193 793 1191 268 945 665 1108 1431 1721 743 1616 1080 522 1325 995 682 1040 433 166 1860 1150 1599 901 413 40 1589 1185 1585 245 970 1065 1255 1557 1594 200 276 330 967 980 1633 1409 238 1732 387 155 893 458 827 461 1419 988 284 541 1033 1698 1202 654 1781 1672 1783 1389 1416 641 1763 1832 1857 1527 979 874 1574 1438 989 1170 1228 655 338 1787 1104 251 283 588 1180 1198 535 1494 311 76 233 1725 129 163 1200 1597 70 412 940 1441 1600 791 349 714 1481 1484 225 1771 181 1562 1753 1786 1187 1839 1129 464 689 1564 1199 1182 1213 615 1298 845 1874 1295 1310 51 1779 82 1047 275 942 1092 753 922 1076 1115 93 85 406 1333 1559 1812 1657 378 1048 746 1676 954 1176 254 1361 1591 1560 1612 1292 1368 1138 1346 360 1218 135 960 619 1193 1410
261 1216 844 692 1220 205 1705 1048 209 1463 1431 430 724 1065 1077 1711 1616 1415 731 348 1308 645 783 940 421 1350 1785 1662 159 1771 1791 1145 447 620 573 102 640 1223 869 1697 472
262 1215 689 559
263 1774 936 884 682 1807 1746 137 1343 422 1778 888 574 1732 617 1368 334 552 1452 1276 489 875 494 238 313 399 60 508 1678 1740 665 995 1039 1191 938 908 1369
264 1329 1755 86 1489 1005 1612 40 113
265 1780 131 1849 838
266 1377
267 1723 1213 1528 809 1669 1551 1542 488 880 450 299 222 362 442 569
268 522 1770
270 1435 232 649
271 569 1805 1610
272 296
273 1840 1723 210 1733 334 1471 546 1074 139 741 895 1274 1534 1709 1159 1552 688 964 1464 59 1603 109 1354 382 1331 944 1663 1353 283 7 854 415 1327 643 661 1219
274 168
275 1206 247 35 1516 1120 933 1628 973 1739 1424 1056 249 468 1506 425 399 1810 1710 1646 577 623 1573 822 273 925 1798 432 1273 450 1732 612 1533 1431 396 897 377
276 274 1801 669 1436 828 1423 436 1477 798 1467 880 1524 1240
277 1819 1561 1862 315 263 760 201 429 1865 607 381 1796 356 1622 1120 1771 581 1235 1444 1283 446 1279 10 1157 1657 1251 922 167 523 1660 1099 1472 203 701 59 608 1482 1480 259 869 821 1294 227 1801 690 326 66 176 1019 1788 1536 1436 1060 1006 1371 573 1301 1433 13 702 97 1429 1359 1004 693 1585 1590 1719 1248
278 323 277 1479 673 1801 566 1148 948 663 1241 106 1205 170 101 1128 235 1122 943 917 207 1026 1431 1553 1742 575 792 578 1276 181 1652 1108 42 249 1594 1432 1022 387 1688 394 1804 876 184 925 1873 1520 667 700 1279 1560 1006 1629 1450 996 1355 1732 599 761 1862 1736 406 455 400
279 160
280 16 815 243 32 356
281 1783 1351 1528
282 1419 1384 1418 1387
283 489 1525 132 1142 45 924 1242 681 1194 139 581 1891 1390 914 1883 1030 248 1074 1338 1386 756 978 1491 953 49 342 624 1550 407 1022 749 957 490 1100 463 1265 1465 734 1295 1810 1788 1527 1408 1020 277 1871 635 1543 1519 856
284 1708
285 1029 639 487 435 1158 100 41 752 1822 552 749 1404 328 363
286 1696
287 1718 1182 91 1067 221 350 1321 247 1815 428 758 328 1522 610 1481 932 1592 1065 1049 1531 1814 209 322 1356 762
289 1837 855 585 1394 1142 808 267 109 1660 1444 269 1018 668 1278 1620 12 1027 769 504 1762 1638 1298 1264 1574 1395 1473 1195 1843 1326 499 798 670 640 1476 1718 1783 1575 1279 1488 301 1573 866 1167 1621 559 229 741 1160 1299 414 1799 1705 827 1029 212 315 1568 968 1810 940 179 200 139 967 281 1078 460 1012 171 848 1497 1180 920 1311 1249 1165 1706 903 595 1303 1124 1414 964 1000 1522 1105 1609 950 1801 351 310
290 1429 437 938 975 67
291 761 1178 597 83 1078 314
293 5 254 1139 732 142 1800 95 873 1003 1191 652 1176 944 1861
295 1566 284 1039 1309
296 183 1696 1130 1282 678 852 1246 102 1040 1809 56 718 928 380 880 58 1804 1119 671 810 545 196 244 213 1147 355 604 304 385 541 1616 193 326 650 864
297 241 572 130 672 979 1160 861 140 1019 65 862 1326 487 1843 44 1162 1228 1411 213 524 1591 1164 1363
298 1609
299 258
300 88 2 1683 966 1717 1289 598 1355 345 1 126 1002 565 1242 518
301 720 1728
302 1520 1100 1160 145 620
303 1704 286 1488
304 979 1214 1040 741 13 919 438 787 188 1299 1790 60 1645 505 1546 986 171 585 443 370 775 727 145 1411 1409 222 67 1105 1003 58 1342 1768 786 1858 586 580 245 1092 557 799 1840 127 1818 784 1187 1761 552 168 1723 1357 1397 1019 1699 219 1035 1314 282 196 141 79 888 734 1873 1554 151 1737 288 143 1779 1026 128 700 1379 152 232 1521 130 1272 122 683 1877 897 940 220 1393 1675 960 544 1356 1747 1485 1406 29 1050 902 1072 1764 995 1399 231 797 1464 1517 1738 62 1051 1182 773 1332
305 997 1497 1283 921 382 500 283 1645 92 125
306 74 1203 256 315 631 964 426 1362 1268 1637 789 104 73 435 433 617 381 478 1883 570 1542 741 1805 1202 536 390 429 56 385 1796 227 53 1772 1457 305 831 1411 1682 1882 248 739 459 661 997 524 810 1727 816 1423 375 1146 1706 1346 1875 950 1868
307 1812 261 1768 1061 1220 1839 1022 431 1514 169 1631 984 1644 1383 1284 135 345 1062 813 1563
308 427 452 1850 418 941 1785 484 823 450 632 884 1838 782 1187
309 1762 1059 1082 1153 1353 164 1646 579 474 205 247 150 760 82 1152 417 701 409 1417 691 523 634 1562 1707 1609 1434 1768 575 397 1480
310 1694 1198 1562 1353 29 976 1350 1059
311 855 137 1149 846 395 1027 230 727 1221 979 1364 1888 677 197 361 221 1438 1187 373 72 1748 1467 1291 1055 61 392 418 149 845 635 432 490 650 1406 1128 150 986 124 808 1116 29 723 1816 896
312 1053 1491 1426 963 587 421 18 297 936 136 1712 841 1262 1677 527 1100 696 1888 1189
313 809 1266 1697 1669 1751 362 859 515
314 1881 1030 862 1580 1152 252 775 160 1567 219 1053 1589 1616 686 859 943
315 519
316 949 56
317 1760 403 820 82 26 520
318 174 1133 1355 504 1471 906 292 974
319 1390 1578 22 1402 562 316 916 741 366 445 1478 70
321 1087 224 1711 680 671 1190 1323 393 1319 429 1147 836 905 251 480 442 220 751 673 360 33 851 1379 658 27 823 440 973 455 139 1387 1710
322 1555 916 1594 505 1313 166 126 286 799 1064 625 419 315 801 424 1358 81 494 1529 1267 950 1557 1840 692 279 583 668 1362 1655 1601 85 1109 1665 888 1371
323 1665
324 703 498 423 1109
325 1645 1411 1429
326 380 912 1296 17 137
327 143
328 421 260 190 358
329 485 1042
330 924 886 1055 1271 1528 908 1581 320 1704 1651 1008 41 1585 802 896 1775 171 1578 1882 635
331 1219
332 1348 1240 151 871 1849 85 260 822 1194 341 407 1599 928 543 1616 1576 1516 742 1079 1489 1036 1336 1447 788 1463 124 1370 823 903
333 1404 302 521 507 1242 1192 1367 1733
334 1072 1874 390 1805 877 343 1710 885
335 1550 435 1549 830 1448 639 13 349 1688 1023 3 202 147
336 938 1178 1684 443 388 419 127 1552 382 1674 1571 400 541
337 21 130 563 1558 15 1381 1211 1635 90 203 440 1088 1640 788 1253
338 997
339 970
341 1506 1731 1839 287 55 1253 254 1800 1107 592 1453 1559 1690 518 775 946
342 1799 95 1664 1517 670 1399 919 482
343 1408 1017 1883 1418 259 1407 285 1139 1342 1530 1050 190 1674 1461 698 1830 466 1224 1614 1275 137 1363 721 799 1514 1566 1552 1529 810 1384 1360 1652 1195 1798 935 1700
344 233 187 703 1523 1219
345 1177 756 260
346 1215 1103 393 1741 801
347 1069 1364 1237 1214
348 454
350 811
351 891 1296 382 1025 1535 0 585 705 111 1241 1793 688 1537 1275 1075 313 1366 1175 1613 749 1248 859 1426 1284 1220 463 1597 224 1545 1868 108 556 92 417 317 703 475 301 1418 1312 477 1396 880 653 290 1683 1461 1023 171 1308 603 615 931 1518 364 975 1099 189 600 1574 1030 1612 320 1279 450 163 1476 1690 635 1484 1617 1510 427 1653 910 1338 1534 1514 1870 1224 1423 365 1017 1872 342 758 1803 1049 925 66 1421 583 177 637 281 1270 249 1589 1305 989 154 791 1499 201 889 802 1783 643 326 1824 498 644 29 222 920 490 924 239 278 391 1258 1681 724 1390 1842 1173 215 1264 851 1624 1356 662 1311 639 1429 115 380 762 1729 949 402 842 1840 1708 1577 1805 1402 980 1145 1398 287 611
352 294 780 1167 1511
353 108
354 377 904 729 1643 965 1035
355 565
356 627 1304
357 1770 287 1100 761 115 912 1062 818 364 806 245 726 1441 533 1754 1153 1793 1620 1807 255 622 640 1037 629 567 452 6 1562 1343 1214 851 461 652 1367 1103 1742 1881 82 996 1879 1316
358 864 260 1022 16 325 1600 1369 525 471 987 832 788 631 768 901 1852 381 1122 1687 568
359 1331 321 1560 1111 393 542 624 1637 244 1836 576 1502 535 1431 1747 938 417 1033 1513 1670 1725 220 1562 1092 1318 381 397 1817 1277 1355 1366 313 481 255 279 881 85 608 404 308 933 41 1329 419 195 1837 111 838 894 1139 676 1500 1364
360 875 984 125
361 1045
362 624 225
363 1248 132 1722 1514 401 1612 1764 887 1098 1496 1177 1878 1138 161 349 975 1633 1130 856 1240 1692 870 893 1334 583 435 388 9 338 1261 459 1303 1520 21 1715 1137 1011 1117 1543 1570 1162 553 650 1841 464 634 1544 576 1219 253 361 472 101 1179 501 625 88 1402 314 595 283 580 1884 113 1408 528 1782 442 1181 247 4 1422 761 1388 1330 817
364 170
365 1221 1531 596 1395 269 55 1804 107 227 1223 667 1155 1828 951 309 4 483 61 488 976 888 320 803 1455 647 486 1514 886 1519 1579 1800 247 1114 368 242 225 636 817 173 1369 760 259 827 190 104 1347 328 385 979 1194 762 1337 392 1504 972 326 1479 1520 677 1389 1789 793 229 606 1130 1468 848 586 1775 1570 1750 1730 6 1879 323 1707 1456 319 725 321 898 1017 1592 1746 1723 1086 1783 154 248 1291 977 1603
366 297
367 661
368 825 1562 58 1486 924 812 116 1497 224 1417 1247 157 1031 1777 1273 1844 330 66 307 799 296 167 521 163 30 1221 1763 1727 907 313 1628 381 1017 1583 293 1593 1136 1491 659 897 1540 738 964 1661 1379 1484 32 633 234
369 1036 330 24 816
370 1458 465 872 321
371 1715 799 343 115 1666 779 1345 889 405 570 226 217 163 761 1256 1615
372 1141 414 1320 67 493 553 175 1179 1168 92
373 1155
374 100 647
375 634
376 647 1545 805 1492
377 949 1641 272 714 615 765 1309 1785 915 85 1857 1492 1618 1431 824 496 432 1283 1275 157 316 1194 1318 1051 203 1681
378 733 1267 79 1337 1691 873 143 1761 829 1723 980 1069 465 125 461 1883 60 1659 1506 966 617 573 1407 387 188 311 157 625 928 184 677 1564 1024 1890 959 1175 466 1477 592 404 1806 206 977 784 1648 675 361 434 800 958 1086 1073 1197 1516 1711 354 1532 994 814 1525 1272 892 1791 33 1252 1709 1328 175 1586 1473 1289 1368 317 743 1466 1792 1609 1627 1796 1614 1607 716 42 329
379 930 1713 1764 258 1308 928 1317
380 1456 1045 1352 956 870 863 741 742 1720 1133 895 1094 1590 706 238 367 962 900 786
382 972 489 212 1539 1726 268 1114 251 1377 1264 1692 872 1812 1646 1368 570 1800 1214 336 706 430 199 200 60 31 1371 1663 1298 324 64 1349 1534 1195 170 1254 849 59 1605 1588 277 1006 1383 1678 792 394 507 1420 469 652 408 1178 1807 536 1572 1683 1738 1695 838 571 1434 113 603 178 305 55 1391 1269 1861
383 220 291 582 540
384 1295 157 432 1421 870 775 1836 645 1311 1874 935
385 1118 49 1081 1069 1580 316 447 1797 762 238 1862 449 62 680 287 456 173
386 413 193 720 1457 1136
387 955 347 1860 73 1084 539 1238 872 625 1273 1732 1835 1358 1123 748 848 65 239 374 1695 684 914 1658 386 760 511 153 446 1383 790 302
388 1414 22 1473 675
389 294 1307 1049 257 270 734 1880 315 1657 1309 1856 950 1418 1019 1482 262 1177 1189 523 1296 1084 1468 1111 645 740 1697 1611 1095 479 199 606 1684 677 1571 180 812 1255 1826 529 1464 1439 1620 1867 435 1538 170 164 1120 134 449 37 1488 457 1064 1791 885 397 1106 226 782 441 1782 1323 1674 1161 1873 715 1672 712 1566 1035 1456 327 1851 1142 228 278 463 838 886 1032 1892 1384 1160 429 1712 919 151 640 970 349 1520
390 1783
391 551 61 986 1368 1100 938 727 548 245 1140
392 212 456 1554 1740 1854 1466 561 1056 427 356 1661 422 727 1353 602 1495 1270 1553 8 198 385 1072 1484 1323 1018 1564 638 1799 1458 495 354 658 1445 147 346 389 693 972 295 30 1414 1013
393 354 1398 1564 1754 24
394 963 1715 1009 1244 1710 1709 768 635 233 21 1102 1490 311 1033 1481 317 1152 638 1362 1226 1447 346 669 1077 139 1724 650 37 1007 89 461 623 1777 1298 260 115 1080 674 12 957 780 1439 1795 1 109 546 292 776 1887 624 1695 1847 1109 1449 1661 1232 328 183 1547 596 302 1588 418 960 1282 172 640 464 71 1048
395 874 1157 416 635 643 180 627 1182 1308 966 1139 382 791 1624 1815 1729 916
397 966 872 850 955 60 1880 1156 58 1582
398 259 836 1387 12 960 1668 1577 1806 1075 955 1733 112
399 259 639 875 1039 390 1730 496 1774 1787 1168 555 1733 1303 1444 948 1810 1396 1312 262 934 312 1351 49 392 303 1727 1575 1395 508 363 1096 1569 1481 424 1024 1032 618 617 1416 213
400 753
401 22 1204 626 70 1337 1348 1845 1361 1285 924 88 1875
402 1065 130 360 1359 312 729 1488 1168 701 956 1480 1774
403 1612
404 861 433 839 1071 132 545 531 205 1413 28 520 1012 1746 1758 1872 1842 1293 1363 106 1860 38 1690 576 1882 130 172 284 1075 402 658 102 741 856 1442 1551 561 680 290 1451 979 1160 1557 273 1554 173 577 1312 462 1198 1660 1721 1883 877 493 1087 1676 703 899 1815 1328 681 1548 1271 620 760 1645 1306 1220 234 124 847 1008 1483 1176 651 176 457 305 1258 527 708 1735 1331 472 274 913 1700 1889 1831 315 85 539 1646 1079 1541 1782 1109 254 52 1208 81 628 648 1412 944 699 189 136 650 1458 1200 46 941 945 1088 103 501 930 410 1562 1057 1284 120 1563 74 1307 1779 851 63 1456 1762 812 606 1877 1759 1418 484 1767 66 830 1702 1482 1065 1049 1820 1709 1722 1757 1871 244 1332 954 1693 1601 669 1290 1129 1040 1373 1688 1791 1254 600 363 936 1137 1743 295 39 653 1855 1610 638 191
405 491 244 1390 85 391 1451 1081 1812 942 1235 674 93 1177 1519 481 133 1513 551 548 39 1439 1780 1806 1789 751 1150 1521 99 1278 496 742 233 168 1082 949 241 1090 501 431 692
406 1701 1687
407 1797 580 293
408 1774 1838 1119 1673 110 1282 1006 1389 1113 1104 942 684 586 407 1751 1217 635 518 708 505 1675 1611 778 480 972 679 1571 241 1458 501 950
409 1248 474 928 1619 866 473 1175
410 1247 540 1636 594 706
411 1039 303 1184 1017
412 248 864 542 1574 1142
413 155 1541 751 947 864 1320 949 1545 1738 920 612 1580 1006 1462 279 1531 379 1511 1597 1236 1708 1072 175 315
414 811 673 1576 366 294 86 1693 1530 1833 1523 432 906 1089 590 1203 1827 1286 664 204 732
415 584
417 242
418 1729 1708 55 768 422 583 1188 888 1523 927 1084 264 1726 945 610 230 1490 1470 1755 251
419 577 1505 1376 243 731
420 1509 372 85 911 1463 590 1311 832 1347 1250 491 1361 767 1046 1141 1400 376 1852 666 1776 485 1847 650 1423 1048 1058 1686 1345 858 1279 784 1167 1040 657 203 457 237 1859 1891 1601 1619 640 914 970
421 1649 1333 227 1309 1303 720 266 1291 1157 42 1532 45 1696 827 186 1651 1496 729 770 1623 1621 1184 131 1394 102 1113 434 791 1148 409 323 1769 1149 861 1813 1523 473 639 1694 332 816 725
422 1135 1504
424 510
425 1628 1001 88 323 583 621
426 45 34 1538 1718 1127 1256 314 199 1525 1222 1641 819 404 1720
427 1241
428 962 467 1219 56 849 1615 484 951 793 1012 1189 229 1352 668 716 300 1694 1326 177 201 1184 354 434 1807 1039 1251 532 295
429 122 1576 1014 519
430 638
431 1711 308
432 74
433 1814 236 83 1846 895 1044 354 1314 1677 1106 1027 290 1566 1823 1152 883 843 20 623 244 919 618 1507 1835 1418 567
435 1736 1833 925 1252 1549 661 799 1334 1626 877 549 1204 1163 1369 1406 425 169 1269 323 221 1552 454 607 376 567 1210 220 270 1688 1124 1258 1376 1624 832 712 1234 1637 1803 1268 1294 600 1709 1565 1840
436 1066 1672 919 890 1380 985 688 638 1043 1575 245 501 1166 824 791
437 1022 1442 1634 531 1422 250 1161 1861 910 1354 732 370 55 1792 767
438 753 1091 406 17 1214 646 683 199 1879 769 1889
439 1185 1704 66 1785 1488 976 1258 1311 942 1017 360 982 1553 1809
440 78 757
441 700 1733 1395 1756 1861 667 1857 1471 352 1873 1220 1497 769 1076 33
442 171 354 918 91 566 1256 407 1421
443 1228 1303 41 1593 348 1638 21 447 1326 777 956 167 1819 1506 508 634 1737 1417
444 750 1210 768 736 1606 1339 1096 945 1723 1317 1432 1728 355 80 1734 1223 813 323 1126 1189
445 431
446 535 451 969 541 69 241 1070 1361 1305 386
447 1355 1212 1852 71 663
448 692 696 1334 1857 210 388
449 1871
450 1008 1409 841 633 87 1816 487 1582 1864 1058 225 882 892 1605 570 1202
452 1663 727 961 830 342 965 1 1370 306 415 1830 356 634 646 168 382 488
453 1296 1272 1587 856 164 1369 481 289 1068 394 96 442 646 934 196 728 827 1387 377 912 315 608 665 833 1430 1729 1028 76 555 904 376 343 1445 1104 1756 223 996 1699
454 659 264 1183 1044 792
455 23
456 730 841 90 320 1335 1573 1394 1755 223 861 1133 1577 176 758 1392 1626 675 947 900 54 401 1621 578 1568 1425 1613 178 1806 969 256 1717 418 1256 588 677 1348 1136 1188 1842 547 1511 1728 112 844 1261 1052 467 1649 976 618 1499 1685 405 622 1111 1464 105 1326 896 394 1477 639 612 13 913 451 47 1693 928 1433 285 600 1031 1314
457 68 330 1333 1251 352 1332 753 1209 930 897 1620 55 1592 599 1192 1577 1055 493 807 1152 278 816 1297 1794 261 207 855 459 444 235 1221 611 377 1825 336 1624 1646 1558 866 1178 882 457 903 1281
458 1423 1882 201 802 1211 1361 877 861 386 1327 59 1291 460 283 1272 1293 1053 164 1250
459 46
460 341 1169 1285
461 1750 1879 332 946 761 1489 1800
462 358
463 1461
464 271 600
465 1804 1879 330 519 964 1496 147 15 1551 70 1414 1404 850 1793
466 762 836 1485 1065 1306 1348 919 895 1630 258 216 302 1752 555
467 696 1638 947 1458 546 1189 581 1243 77 1585 290 307 1094 608 57 459 1828 780 1180 763
468 307 1223 28 544 767 1503 1068 1553 1809 1085 857 1003 1293 1870 352 726 1345 323 1229 1773 1053
469 1357 411 753 1047 965 1192 1333 1882 28 1746 1554 1758 1703 1629 1639 1099 1865 476 1544 422
470 702 1106 1054 1121 605 1394 639 561 1853 1158 526 736 585 1461 1219 1098 659 1353 963 238 1625 385 1063 19 682 1111 1028 1082 346 378 144 1633 945 1451 650 203 1842 969 740 1379 1480 1172 1760 386 409 1670 232 1638 487 449 656 1094 652 684 1645 1155 1031 220 1476 641 1319
471 1576 818 1616 352 1752
474 468 539 974 1762 1717 624 766
475 296
476 626 1728 787 50 682 898 1642 806 690 1165 1169 1536 412 1656 444 1287 1053 924
477 218
478 95 1607 1358 804 1416 1869
480 126 212 119 1316 708
482 671 1597 1510 854 1698 315 1799 313
483 1154 181 901
484 1405 1254 750 999 1155 1679 1498 1594 1759 955 50 891 1253 645 17 1356 1776 865 45 21 480 707 944 318 569 1832 475 1273 1461 1652 715 1165 1007 1417 1441 428 1656 1762 1252 784 1882 1544 1856 1257 323 401 1663 313 440 677 385 213 60 1167 1311 1809 87 1676 268 1181 768 148 718 1862
485 413 620 334 871
487 1230 1690 259 194 364 1058 1892 1206 1505 1078 253 337 1571 436 250 1022 1538
488 1645 1045 741 985 524 1048
489 568 1516 1346 1859 669 94 290 1757 513 366 1176 19 264 1082 320 289 1445
490 1076 312 1533 1671 1673 1383 373 752 1815 226 1624 334
491 1124 789 1581 1245 1499 1095 350 325 207 31 727 1857 460 189 879 136
492 999 1030 1555 1724 1766 1191 404 260 452 1075 268 1671 295 464 1372 170 1544
493 679 1466 957 1379 1220 1075 1069 1193
495 392 1311 1804 1697 1205 852 948 447 951 1296 550 1140 922 249 1549 585 1366 1597 1076
496 641 952 919 1162 173 1804 1062 379 840 1708 1842 1075 405 295 1749 1422 460 1618 38 412 1531 1553 743
498 1128 1269 889 1778 422 589 104 841 626 819 1866 1089 883 1851 996 979
499 591 290 1858 849 255 1516 1544 1229 1406 313 424 937 294 590 1587 696 24 1334 243 1096 663 1103 213 1610
500 252 1642 505 808 1266 1455 1530 1314 937 1748 877 1549 1602 92 780 1403 1693 976 1824 1018 1252 1847 1147 87 888 1744 1728 1364 1670 959 1448 63 458 1239 385 60 1369 737 214 641 917 1721 69 1571 1010 1818 555 804 1755 1476 773 791 543 606 988 1684 108 727 1013 1509 1378 574 1652
501 1892 1498 185 1329 845 647 1293 1036 382 1569 795 415 547 1773 1468 1012
502 1385 1722 456 310 33 633 517 50 1816 1311 1046 1776 952 900 1196 1185 1220 407 896 395 1796 1119 1247 867 1343 1236 1879 838 1589 556 1506 1691 786 1705 1701 560 936 800 787 494 682 1163 769 168 1478 288 686 1821
503 197 1882 1610
504 964 554 1189 1726 111 954 1280 907 1031 1223
505 45 1150 920
506 136 1481 568 1174 519 1845 1499
507 1747 377 64 1364 1047 1527 249 693 187 197 854 1209 1470 1438 819 1683 863 803 1461 1005 288 1771 717 380 201 651 747 369
508 1802
509 517
510 379 535
511 1151 128 1410 774 202 353 5 1094 32
512 1302 86 1128 1847 1653 253 1681 666 624 227 742 1426 376 1236 1089 349 1871 211 1047 402 1263 324
513 701 513 757 296 499 1683 1014
514 1238 1383 1326 43 108 837 444 1483 257 627 16 520 1422 1742 1780 711 384 855 1769 493 815 1793 882 107 339 310 1297 532 1345 1441 557 1884 924 1465 1237 1527 1846 1354 667 441 1877 1410 1582 589 897 1485 32 910 1762 906 827 600 1803 410 1748 1669 1062 548 1300 33 1355 1490
515 810
516 86
517 1361 414 756 1424 1553 972 60 1861 976 153 1804 553 1309 1157 649 1215 343 306 1195 716 127 239 1479 144 912 1135 1169 43 1343 1552 361 1559 726 828 89 223 1478 498 14 851 9 1227 130 1743 864 1651 1236 256 1832 478 1637 1363 83 1229 1192 162 48 1405 1764 1050 1245
518 1321
519 1407 1264
520 88 965 857 1483 1829 1136 1772 466 840 257 1748 1311 729 428 848 880 1837 872 967 1530 947 930
521 951
522 505 446 1468 393 1173 400 1798
523 106 410 446 700 1142 1839 322 1365 798 1072 896 371 919
524 1189 1613 1652 409 312 853 657 971 508
525 1564 999
526 439 643 1738 138 758 1293 1879 660 1211 1869 1713 930 988
527 596 624 210
528 797 998 356 1594 45 1222 1432 1698 763 925 1219 1193 379 938 1853 1029 1398 1182
529 673 833 417 1016 832 849 79 1477 1430 607 1481 822 741 805 1698 1103 1802 1659 923 887 1502 754 278 763 1526 589 1185 403 1055 630 600 176 975 1429 179 1703 1418 706 1818 1096 1888 239 53
530 1661
531 1155 19 1426 1485 555 621 1631 342 141 135 137 1079 758 1588 132 1350 1634 1761 946 172 1466 1652 1553 979 31 1611 1467 189 699 1281 1666 797 1516 1480 1319 1474 143 1242 578 1576 1806 700 989 790 1607 1747 1051 821 1091 660 1650 1069 688 1191 1612 401 480 1279 361 96 1500 777 904 1019 1889 1012 711 1717 1820
532 1798 286 1623 651 787 1792 1303 306
534 893 1624 1678
535 474 397 1015 1261 1501 1041 905 910 1763 335 1017 1382 129 738 225
536 1504 1268 1302 497 1719 1732 539 1054 1207 1016 1877 45 694 1100 1857 202 840 1590 311 1331 711 172 1137 1059 1001 1288 1878 1544 597 143 974 851 1646 404 1674 1630 618 1511 301 799 1790 126 1024
537 423 299 619 51 59 1364 1348 1594 886 161 773 976 1621 306 937 1309 802 1162 325 1243 932 1586 657 222 572 957 577
538 1143 55 1305 903 1341 671 823 368 677 1273 1730 1575 73 1336
539 1108 884 1348 1651 840 1456 322 1156 1719 188 1701 431 951 330 241 1596 1813 555 473 498 120 1354 1433 1176 54 112 1350
541 174 1380 235 0 1865 74 1386 115 1874 30 620 680 1019 877 1610 1281 344 215 122 849 461 1440 410 972 1638 859 170 632 959 1456 55 668 1696 84 261 677 307 595 1046 1758 439 262 1421 1643 1514 1742 73 1086 376 39 246 192 1602 502 1043 1305 1541 1259 618 611 56 1557 1271 1093 143 1616 1534 330 462 147 916 1506 868 72 89 1130 992 1819 1064 947 377 37 1299 103 1462 1695 634 1571 635 1590 1092 435 1761 605 59
542 1375
543 482 1415
544 1240 762 949 1696 983 1131 336 774 1364 1862 770 1503
545 305 1682 1391 1554 1836 1026 1397 1124 848 749 897 180
546 1040 242 694 1539 1754 1673 795 1164 845 1111 1386 1719 840 453 1222 747 1576 873 1449 1580 220 467 1352 1359 968 321 1749 1462 1874 1583 389 1507
547 1831
548 64 611 250 428 384 1714 1608 1412 149 140 524 943 246 880 740
549 59 800 83 1029 1589 1890 181 1002 522 1145 192 173 506 1518 1736 1500 1325 196 960 799 1569 704 498 1268 990 74 674 646
550 1454 1082 1029 362 1872 945 610 1773 339 86 604 1256 689 893 230 1431 323 1739 162 413
551 1590 774 89 621 374 457
552 1663 1443 1875 241 211 340
553 139 135 180 562 1821 1385 756 996 845 1062 502 1880 1817 283 249 51 333 178 1192
554 305 633 276 1547 1454 818 25 779 126 1062 1632 28 234 1092
555 389 1371 982 989 990 441 205 356 802 1143
556 1062 152 1171 341 513 1295 1554 856 1731
557 1282
558 1698 540
559 122
560 1541
563 407 1508 1505 822 1560 1208 1230 708 437 1735 1041 1289 1162 373 253 1584 1581 644 1408 546 440 1322 1718 1398 1801 760 392 1427 1759 1112 852 544 890 1086 1569 600 1261 1034 1197 769 314 564 1342 159 560 268 856 1766 1224 893 7 148 404 1763 1108 1025 1293 1782 614 1142 1260 953 426 590 113 968 1387 1097 1317 234 1069 989 880 691 257 301 388 265 1657 1742
564 1128 1100 550 261
565 1606
566 25 233 698 1285 1480
567 202 516 1766 864 461 506 974 1283 347 1861 364 460 587 226 8 499 1409 646 923 1221 1798 1263 1774 822 946 446 485 212
569 1520 1825 794 1749 1266
570 427 449 652 737 848 568 514 1488 604 1864 475 791 1252 1821 982 49 1429 1176 502
571 1322
572 1429
573 740 784 41 1011 899
574 717 470 554 755 1873
576 1661 1006 1192 1624 806 1547 377 322 1151 395 538 1677 19 707 1817 362 1635 595 1110 1731 46 1084 1092 122 861 285 353 105 1019 329 1799 278 529 1830 1310 1774 803 1234 1669 609 990 369 1520 233 1527 544 342 1374 1304 1611 92 144
577 297 36 472 953 544 1051 863 1010 1514 1007 799 1862 426 1003 273 903 108 511 304 1892 1365 212 635 807 111 754 837 1871 1393 1841 940 164 1280 632 763 1736 1104 1184 1032 85 1833 1790 1036 142
578 22 208 299 1530
579 1047 448 1295
580 906 1582 1071 79 1383 1615 1141 1511 1552 1178 1055 142 319 1708 792
582 456 90 95 628 29 277 403 868 1178 401 867
584 876
585 1121
586 908 1584 880 921 1223 736 669 171 503 337 1340 1048 1421 140 1651 699 1885 121 955 894 1733 948 320 911 1032 67 741 818 247 687 489 1059 1864 1070 873 1268 444 893 943 1803 488 642 505 1314 1711 343 746 331 1288 727 1279
587 366 66 275 605 1743 760 1406 1420 1709 1449 740 1380
588 128 1266 1855 249 311 228 982 266 314 1543 158 634 1640 742 1471 714 1249 500 1534 1049 953 900 259 1382 1431 1438 1193 1556 678 1515 439 1032 1406 77 806 330 861 402 767 143 108 72 1785 1810 1708 560 858 392 1727 1082
589 925 272 1675 671
590 580 1876 422 1494 376 873 81 1596 19 1311 754 1474 715 1656
591 692
592 214
593 1832 1092 1220 1265 1264 405 900 1587
595 1106 1552 937 92
596 1843 1352 1763 82 1690 478 1385 1870 1203 530 822 553 10 1103
597 84
598 366 1143 1373 414 32 1433 906 167 683 1354 506 1009 45 207 269 1564 1527 534 350 1376 608 1405 531 875
599 1802 250 1761 6 494 137 1608 1591 1640 1567 561
600 1029 1574 1716 1602
601 687 1622 669 921 55 63 637 731 398 1567 203 1891 296 1173 1343 1336 1855 220 820 247 208 594 1682 748 707 268 394 1286 454 1298 1749 173 495 111 620 693 1834 1667 1227 1655 1209 1870 175 1772 1569 1225 1288 1893 1524 1219 663 1233 1456 664 914 1650 94 694 949 746 604 1627 117 295 152 207 1312 10 233 1073 98 1057 1767 815 919 1210 343 1319 1253 1736 550 179 750 363 399 1437 1269 1545
602 983 115 550 10 972 1040 343 140 1705 1812 137 1636 1030 1172 632 436 926 243 628 307 620 611 381 956 1679 41 1061 1714 1665 1183 148 1304 1021 768 661 1422 484 1009 430 1512 1874 603 1824 1069 872 590 347 1076 475 986 292 48 1704 506 1424 1089 859 470 1229 1140 1417 315 241 585 1580 826 1167 556 1515 217 594 1870 1451 1154 1742 676 1632 904 54 143 1262 236 525 619
603 1320 848 1404 1757 1264 1187 1185 748 199 801 995 1312 404 1856 504 676 96 1789 700 994 1587 496 1120 694 1039 469
604 1241 606 0 931 1490 760 777 1606 985 1202 1489 347 65 1577 210 1347 1233 52 1429 600 406 363 1748 332 502 1574 102 1564 379 413 1758 441 416 282 643 1003 135 1418 979 483 1329 286 74 252 1550 1546 431 798 1613 1866 1622
605 1715 1853 327 978 778 15
606 515 1178 1206 182 727 1150 1175 202 554 557 710 1199 292 1772 382 99 948 1079 1818 1793 438 300 1721 1694 469 1508 1379 194 1135 316 1355 980 156 936 1553 1374 1194 175 1587 1633 688 1018 354 1472 590 1812 724 69 75 1644 30 1674 63 1664 1437 1491 57 1844 1735 1557 70
607 339 1554
608 1521
609 990 1656 201 905 1611
610 1556 610 545 333 181 1132 1679 309 1244 1383 1195 1120
611 1675 566 1086 474 676 783 1395 104 775 653 1724 356 1649 1221 796 1536 89 1170 1504 84 1321 999 112 867 433 500 876 1273 1795 1298 1183 979 1306
612 1047 1830 529 1083 403 799 1497 1591 389 1109 1353 135 845 568 504 321 1405 138 293 1453 846
614 44 499 1811 865 1559 1478 269 759
615 440
616 1690 806 604 1300 805
617 1074 1203 1692 1110 1058 50 1605 469 1520 227 777 501 1162 1452 1049 1086 371 1724 583
618 575 1584 617 1776 1310 262 1575 927 9 1361 1483 463 877 816 1338 1713 759 294 130 171 675 1326 160 1746 270 1874 1164 1400 1671 1267 624 239 1192 635 489 500 888 1172 1061 751 1807 63 1291 305 1640 911 422 372 1760 1571 344 467 1332 1322 1122 323 165 522 1005 598 732 737 933 172 204 557 83 1515 1618 1846 1587 639
620 400 1814 117 1086 1835 421 751 814 830 1834 1267 185 1698 1807 1585 59 806 319
621 1014 1302 1755 1013 889 1582 1169 1339 1868 298 1292 440 1094 1722 560 614
622 1632 1087 923 1604 402
623 1606 1314 1208 1690 799 1816 1634 1381 630 1736 1167 1350 1274 1591 1265 1563 1530 1420 1425 1594 1785 970 187 1856 1105 628 301 1132
624 302 679 1162 212
625 1338 249 962 1592 880 1854 70 1341 931 365 1562 451 647 1176 1511 478 1090 1269 460 682 1400 1384
626 1299 865 1887 862 135 119 247 1782 1636 857 1098 426 160 173 1440 408 1741 1323 736 1761 1824 58 105 142 832 1147 121 1399 616 171 646 1359 1312 156 1831 1583 705 118 994 901 1658 372 1842 1135 414 1860 1261 973 1386 908 1354 302 110 1567 815 464 1375 618 598 40
627 399 456 971 159 1445 1181 629 651 559 1286 106 1564 355 1849 1257 685 103 296 1848 857 624 1107 94 1753 200 934 584 604 114 496 982 429 1474 527 1782 215 862 1021 1158 228 298 1006 1596 1698 1085 1444 1113 358 392 160 34 1786 338 1382 195 1877 1068 1759 1278 1162 1773 383 216
628 1134 1419 665 855 62 707 475 1193 1560 939 1537 49 1029 1632 1463 1227 1136 1496 1325
629 878
630 1580 5 783 1122 299 177 1364 1736 355 374 463 1303
631 658 1864 1297 740 1789 1563 1305 1104 1189 1346 144 1382 182 628 760 981 1339 1173 1095 993 1716 1595 82 1480 1398 958 197 782 378 499 1890 1170 875 971 852 1034 414 1160 1632 1401 395 62 1317 609 831
634 855 1430 466 1840 985 1109 1655 1224 216 522 1800 999 1047 708 108 43 1433 591 329 1590 1480 1809 240 632 1741 1787 195 86 1754 825 387 1067 902 1421 1234 267 1588 1371 1222 1103 1304 138 1400 1665 1875 288 1716 1113 16 605 845 284 515 1197 1228 1297 1735 803 948 357 300 757 1296 1823 1753 1005 978 134 739 1747 1355 1177 976 1709 1052 1257 1035 623 666 367 304 1146 1609 776 1184 775 1682 1533 1263 1457 780 1364 990 850 1796 1778 1622 1889 1417 642 388 1168 282 679 1419 260 186 1829 1582 761 63 298 15 95 102 343 1807 685 872 1472 499 1360 1488 504 164 519 287 1479 1857 1859 254 1801
635 1780
637 141
638 665 698
639 1071 417
640 1139
641 1398
642 205
643 582
644 584
645 1744
646 1065
647 1075
648 295 1027 1745
649 869 922
650 1475
651 600
652 307
653 1337 195 1113 1746 1661 1824 1444 1592 993 837 1419 1203 522 1567 222 859 119 1194 1853 392 1544 963 260 1393 1025 379 140 1001 1480 462 428 970 1686 1541 1564 466 1225 1415 1263 401 1789 70 707 372 334 1249 1229 1330 460 1590 903 1879 369 218 1573 937 1711 709 1822
657 1289 1504 1523 243 374 1868 951 1274 1728 1775 1801 1229 934 6 387 1206 362 937 148 336 118 705 511 1403 1884 1257 996 1594 1116 1056 1511
658 1007 1452
659 60 1669 1388 1547
660 386 493 1329 1118 828 129 1659 1739 1561 1642 1690 1598 87 422 40 589 638 492 815
661 1377 53 193 638 414 996 585 1356 1795 1523 1065 401 120 1271
662 861 221 272 379 91 254 1301 1514 71 951 285 1517 739 1392 1557 1120 1593 933 534 414 1312 1566 1531 447 81 638 1208 403 920
663 350 1316 1358 132 991 1563 1568 182 966 955 1856 1299 52 927 480 274 267 1852 632 1173 1422 227 772 716 589 1860 333 1786 1890 1492 1384 1405 19 465 1527 1545 1865 640 73 561 127 263 41 1351 820 912 1100 1243 1664 1401 1008 833 949 1702 692 1365 139 838 990 1298 1477 1685 783 840 639 953 1818 363 550 564 1066 1814
666 1087 91 1144 29 1088 205 1695 1518 1402 772 947 225 309 1243 66 1810 1504 227 719 1472 128 979 178 407 1071
667 747 1099 568 1020 619 411 1654 832 361 236 1455
668 1161 895 375
669 1599 143 1681 245 108 965 1257 1045 1418 1007 261 553 81 44 1586 1394 575 1251 492 1164 1626 1182 144 1733 1517 1204 1603 1486 1810 1501 1345 1479 590 1227 7 686 547 1420 1502 139 689 1659
670 1888 805 209 310 450 1021 607 106 1010 1198 565 527 485 1730 363 1589 680 921 381 439 1538 1439 1084
671 1465 1692 1873 543 340 1817
672 1394 1076 68 1709 1720 1783 151 1156 850 1871 547 641 1132 293 340 1592 255 958 1842 1849 753 1105 1086 1550 488 1207 935 1074 792 930 26 1141
673 328 1069 1847 1046 1404 1696 1232 573 1643 345 1251 1396 889 1169 1874 1056 313 970
674 1187 1375
675 1737
676 1165 1504 1101 480 1332 92 1881 960 290 556 870 1054 318 1619 1154 982 1307 1254 147 936 52 1351 1785 137 191 649 159 450 1778 240 1276 1627 1562 531 784 1432 1625 1303 1385 1747 345 1759 1867 429 1541 899 230 490 447 1045 1551 0 744 393 532 97 547 693 1214 1120 202 884 716
677 1633 1181 872 843 1750 134 982 1567 1536 1011 1856 1886 1550 138 1601 1076
678 438 919 666 526 896 1528 1402 267 213 1120 1256 550 694 800 1299 121 826 1058 18 107 54 1288 1419 1409 1242 639 1733 290 634 1153 1258 529 380 103 623 816 814 1473 1852 581 1688 1594 1845 1209 1330 947 940 1083 895 109 692 1696 949 554 344 33 1760 1698 659 667 924 782 1068 1627
679 365 317 618 377 1600 1674 958 909 1845 1013 1460 1383 1004 653 853 281 1604 664 1294 141 827 58 218 166 369 589 1492 210 195 786 1784 1065
680 1668 569 937 280 1497 857 1649 548 1772 342 1332 1688 893 159 307 1521 231 344 111 424
681 957 1147 726 1690 1314 347 765 545 1065 360
684 1807 520 743 1640 1548 551
685 585 1342 962 696 1522
686 315 1467 923 587 1583
687 561 1322 1874 477 700 1780 478 1848 645 28 79 1800 1811 1477 1657 1343 1560 219 1098 148 1508 1831 847 944 1015 1078 604 1097 144 1769 910 731 360 587 534
688 1699 1094 430 1686 1101 1808
689 1669 1297 1185 1208 891 1222 1101 1074 1613 326 1835 1839 1588 1437 1249 132 639 657
690 361 554 273 1872 421 1723 1159 1348 468 1233 937 336 1086 487 492 1182
691 1893 1682 322 1814 1169 432 354
692 800 239 97 1888 66 1064 1747 1317 1246 1399 1802 1167 1667 1409 1008 1489 814 254 25 1145
693 1628 1006 583 880 1621 1556 1587 1771 1145 1331 287 406 662 651
694 1708 1389 1622
696 200
697 7
698 676 1530 1214 782 904 1718 152 680
699 40
701 153 27 1861 1333 809 1884
703 625 1159 291 798 1119 1511 1187 1181 1298 854 329 820 1267 965 1632 34 1106 483 1130 912
704 767 1652 1219 886 374 751
705 1841 776 48 1424
706 259 45
707 785 35 626 166 1140
708 1560
709 580 191 1272 1485 1238 847 285 916 551 365 336 291 1261 1003 693 1075 1229 155 945 111
710 975 359 440 1731 285 584 1772 1807 997 371 1065 340 1182 1287 688 1854 1512 1850 1649 589 11 123 187 1029 1101 1371 1709 1093 382
712 1197 777 4 1272 370 1752 969 1838 1677 227 1695 1368 180 654 386 895 169 1554 1826
713 410 90 68 954 146 1666
714 528 1862 1441 1706 1345
715 1154 1460 674
716 76 537 694 97 319 737 1618 1180 1391 1282 851 459 1434 380 145 989 1859 619 441 1837 1636 1651 1523 755 924
717 1075
719 331 430 1210 381 1547 1742 21 1270 73 1161 736 1622 718 224 91 1064 1342 1487 687 1550 60 1418 1282 213 1875 489 209 174 210 1001 1649 1093 848 198 1284 1460 43 296 726 1703 658 1496 965
720 1811 124 23 326 1787 881 1581 1689 1458 106 164 673 230 709 444 1793 1499 378 1882 1825
721 905 1301 1827
722 1414 1300 451 640 1609 1504 31 425 1440 1864 1212 249 8 584 731 265 71 1825 448 904 100
723 1038
724 751 810 146 70 123 852 1016 1185 1201 28 1339 41 831 1188 896 1891
725 1862
726 709 695 17 448 331 1327 740 1728 23 151 1040 437 806 663 538 268 1872 830 378 606 218 970 1130 537 1223
728 185 359 1264 1558 1628 911 658 352 852 101 481 1775 502 902 1423 1695 1855 375 1681 20 1860 1470 296 984 792 755 1114 391 165 538 993 995 1871 56 1472 1269 265 4 958
729 1428 772 1181 199 911 223 1605 235 1053 917 441 1119 783 703 1149 1150 173 1518
730 336 2 113 368 1164 444 1296 615 1135 264 1317 1754 475 281 1393 322 124 525 184 579 581 1032 1378 439 1534 272 1571 1798 1110
731 1386 262 1514 1292 1512 28
732 1450 55 1384 342 1275 192 899 1448 1859 1714 1454 1570 160 1009 647 817 1821 1295 92 1812 336 1242 1584 1137 457 254 1658 68 569 531 1774 1569 1158 1731 600 145 1319 837 848 343
733 865 1003 29 1032
734 322 180 1183 1063 1661 821 756 755 131 635 1205 602
735 807 405 1408 632
736 1470
737 1332 1244 775 344 935
738 562 1397 313 211 1408 1072 1759 1069 1321 1833 84 1111 1523 1027
739 303 1313 492
740 803 1511 582 795 1807 995 1633 1529 837 1451 1193 1421 586 1061 715 1669 967 860 1240 1497 1871 1514 1672 585 1517 1620 1885 1340 725 415 776
741 491
742 1661 131 890 428 1865 577 260 162
743 1179 684 1724 1273 1885
744 949 1802 584 283 497 773 1612 1490 1226 247 563 377 808 254 1687 605
745 61 829 734 1420 1152 1439 106 87 63 325 1078 1844 1488 379 1584 275 147 693 398 716 1036 1447 1825 416 258 958 66 1328 676 481 1265 1508 1712 265 1666 462 1653 901 1172 1741 1376 1512 190 1100 351 84 423 262 422 854 1365 781 791 1543 329 1150 1679 885 375 1567 1321 1411 1269 1578 1383 1843 1080 1696 548 777 274 1563
746 855 212 757 1380 1794 1749 1189 466 1891 1200 1448 1204 1354 383 1506 191 1822 1060 1424 1688 1787 1350 938 1508 1622 561 1146 1823 553 1659 868 1028 420 692 954 1605 562 276 305 439 454 1474 320 298 338 1518 1093 39 1359 225
747 711 1152 1377 1762
748 1471
749 365 1506
750 831
751 584 218 1717 491 13 1016 1392 665 477 1776 1166 644 1603 253 1359 1172 683
752 1822 1354
754 472 1179 1706 1484 978 1355 756 798
756 1239 445 1236 675 946 1144 1041 751 1680 389 130 1000 1677 1 1693 289 42 534 355 913 334 1393 35 153 1303
757 198
758 278
759 306 631
760 413
761 1171
762 499
763 446 155 342 881 1013 1840 999 478
764 1341 802 1388 1571
765 58
766 392 69 1070 1399 1507 1632 1206 1327 698 379 485 261 302 99 330 253 1222 147 734
767 1165 965 821 632 638 1131 1378 1577 905 1031 833 614
768 1216
769 1815 182
770 860
771 1672
772 527 1762 679 68
773 646 1436 452 968
774 1417 427 902 627 486 164 1783 657 1293 605 1108 1307 1776 1180 1757 1201 1599 700 1288 833 731 588 875 1382 920 515 625 690
777 1262 250 817 1175 1244 1215 503
778 567 1189 928 586
779 206 515 324 214 18 1854 1579 1192 934 266 127 1438 357 237 1785 1003 1582 90
780 627 578 1180 905 1758 633 796 133 307 1502 1272 461 113 1706 58 293
781 5 1155 897 1670 162 1193 1267 449 141 540 1464 748 1149 620 389
782 98 1823 420 609 1834 376 391 1708
783 641 943 606 380 549
784 581 1476 431 1096 1364 1771 185 1822 427 239 305 204 208 119 282 1274 1110 1235 108 548 1619 848 1601 1320 1013 1849 1717 1449 126 1563 180 1102 125 1884 1169 676 1612 96 1830 1480 520 1417 351 865 247 1394 1460 1456 586 1614 871 410 757 1699 1761 260 1188 243 398 404 331 1185 948 1728 594 582 502 1330 418 378 58 886 672 348 335 267 920 406 922 1582 762 1595 1856 608 1401 1515 936 440 447 1711 1703 7 1609 1292 1868 448 464 673 683 702 1075 52 708 1207 1249 1201 1222 1419 1378 795 37 631 1125 57 1843 384 34 917 1591 924 1764 1220 1593 859 174 1445 743 435 1809 1588 1087 1194 601 1469 1629 970 1039 1491 1539 479 369 1416 1713 753 1009 542 624 424 1098 1198 1147 759 1823 393 882 1350
785 1235 659 655 1576 1386 1460 1215 841 480 913 504 971 1393 1499 1688 318 1346 854 355 1718
786 135 1708 1346 175 369 1772 316 197 1728 361 1632 160 781 1565 619 1077 1388 1840 234 1487 1132 320 1812 919
787 807 640 632 1550 276 1728 1727 1393 3 90 1641
788 447 629 1375 371 230 1277 290 1491 919 1683 298 368 155 397 376 37 648 1440 132 95 605
789 318 1705 1572 846 1219 1263 1231 1270 575 1193 1429 1093
790 1336
791 1802 892 872 847 43 1520 1419 1536
792 344
793 127 11
794 1347 9 1328 1803 1418 1123 748 1603 1591 1208 622 1341 887 1464 1365 685 1011 666 176 1233 439 1845 1444 1844 1222 729 262 1022 1133 580 694 1125 1254 1489 862 466 997 1701 1388 1291 1857 1284 248 959 702 1792 1395 1285 72 644 696 778 32 1824 1437 382 1556 1509 1245 1853 987 808 391 275 79 376 321 1126 97 992 1000 1327 1431 144 51 1308 408 655 1287 617 903 1257 243 1779 500 3 1334 1298 1369 1332 432 1562 1849 101 825 1175 739 1564 1870 1300 1323 562 1466 1417 1710 1157 636 1723 247 874 1034 559 43 343 1102 1816 931 39 113 481 111 1590 865 1674 979 1758 1589 1006 238 1411 1796 1420 896 1520 460 49 900 973 227 1338 634 1773 1353 435 1892 1084 1301 1560 705 1069 1106 1362 124 1218 1760 1169 1676 53 1537 1279 1153
795 545 1071 648 1033 838 640 1158 608 1459 1665 685 795 1279 467 1286 943 687 359 204 1794 1745 1731 486 1144 472 659 14 1051 1758 174 290 606 702 1549 739 457 215 350 1493 1755 1823 1275 122 8 1574 525 850
796 959 143 119 716 113 1126 1788 1348 103 777 658 1271 196 555 958 971 656 577 1006 483 1610 783 1351 448 762 1625 297 636 938 1833 1542 1566 1791 1543 632
797 243 730
798 1190
799 615
800 408
801 491 1710 1339 1087 1250 373 894 76 1070 991 1056 1115 1841 358 1683 1891
802 42 751 1675 1321 1211 679 598 752 1799 217 1756 607 1766 446 984 1142 1695 348 1199 909 230 184 397 1625 472 1442 74 455 1209 1156 787 1678 1002 1878 1226 249 1725 182 1314 546 1382 1132 1848 1232 178 627 774 1311 36 1821 59 1649 1767 1398 1479 1867 1612 1304 1425 1872 363 1846 231 1025 1079 1312 111 860 714 322 1278 983 979 1331 449 479 1825 1755 869 198 1421 1837 1480 709 1662 1160 1230 55 1683 1616 1069 1671 37 1712 1852 1504 720 423 275 1514 916 53 1666 264 265 1309 536 1750 1330 34 554 1218
804 632 278
805 87 1182 121 1420 1094
807 1694
808 124 1808 278 616 436 1471
809 430 741 497 1656 1288 125 1463 14 1304 698 1136 673 1810 1559 1744 901
810 748 727 1634 1813 240 211 794 611 521 821 1407 1273 91
811 1718
812 701 1129 1819 1708 1333 629 864 1729 557 93 784 261 82 394 1403 1180 1152 4 284 1036 446 19 554 299 1028 886
813 256 969 570 1865 406 47 1358 911 1696 1174 1189 249 1661 220 1597 824 1764 1750 1726 580 1634 1522 1614 1743 75 419 652 430 1253 1072 1602 1111 1891 137 1079 1051
815 1144 264 830 275 728 549 1643 346 83 544 141 1371 1766 353 1797 1812 481 1862 177 1281 73 1514 1366 744
816 797 167 1060 1773 636 1673 302 388 618 35 565 1753 1871 1470 1371 1428 447 362 900 211 227 1137 1745 1322 112 79 403 650 822 1121 927 210 1457 820 449 109 1017 30 312
817 921 1425
818 1576 1096 1019 1865 161 1394 843 1068 299 388 252 57 1701 1740 544 676 1836 1507 1638 599 883 1676 236 234 1219 350 1173 1708 146 1022 1762 14 983 550 656 517 882 116 304 1743 471 1609 646
819 377 740
820 1619 1507 623 1568 1308 1711 1162 1881 909 558 1045 1203 939 1688 1868 1117 1448 924 267 451 1014 834 128 21 1089 1141 588 679 998 566 54 1111 1602 487 960 1749 1413 1206 189 1221 232 1236 73 1069 636 1336 1802 1226 276 183 958 655 97 111 888
821 82 1051 325 242 460 1194 1099 859 671 575 903 385 305 1482 1771
822 340 408 1526
823 3 1807 427 1567 447 4
824 1210 1777 1766 194 800 1185 1567 1543 1309 316 1705 486 289 1427 1034 417 955 1544 1728 1214
825 297 1428 476 1136 995 1310 1663 638 4 320 877 303 77 1173 775 1110 154 1102 581 1502 714 293 1041 487 1710 802 1396 412 922 686 343 771 1011 42 20 651 189 342 1358 204 1673 1232 300 1215 1528 735 230 1210 249 1498 937 153 1377 378 1703 1385 721 774 1242 43 634 1455 1868 892 246 73 134 1035 1321 370 467 123 586 953 916
826 1076 296 945 180 63
827 1688 1600 1845 1516 1890 1564 547 658 801 1505 98 1812 644 1361 369 1850
828 1083 839 1776 894 1481 1698 829 750 1472 1644 856 320 1793 273 590 163 1313 1841 944 1851 874 1786 1157 1085 1794 1770 577 1659 1318 626 1009 996
829 1700
830 743 30 74 851 222
831 620 299 258 483
832 110 632 1491 863
833 336 736 527 1187 1621 353 36 826 1361
834 97 382 194 338 1713 1842 787 651 411 1386 1578 586 176 1686 1529 391 519 1811 66 250 1492 856 112 1293 1566 1119 904 9 1731 501 1055 300 213 1503 1538
835 1139 1708 1224 1288 1249 1881 104 167 186 1666
836 66
837 1540 204 1217 1694 965 1570 1345 1146
838 1748 1319 971 1699 1089 678 1793 757 20 1304 247 158 422
839 979 230 869 217 893 57 1153 1436 1069 228 1618 1283 983 1732 317 266 1853 416
840 514
841 1724 467 84 925 1807 866 1155
842 1844
843 117 1563 242 1774 886 1889 659 1743 303 848 153 12 1040 23 454 413 796 100 1722 1385 1127 1627 567 1885 1658 327 626 1794 442 1496 1589 1480 236 1326 1159 1829 463 1240 286 639 1166 1808 648 1087 140
844 1159 187 193 7 691 36 1715 244 1839 1594 589 1054 894 554 1610 320 1037 1068 1691 1233 1648 902 1788 252 679 1000 508 1163
845 1590 1404 1692 1254 974 338 474 1532 814 46 323 634 1640 628 920 1582 1540 1754 786 1609 602 894 1612
846 909 208 55 948 416
847 126
848 1694
849 252 743
850 1052 1756 673 1468 962 1398 375 802 106 336 1174 358 689 538 1601 1562 825 1426
851 98 925 860 884 520
852 968 1346 263 1106 234 961 358 130 1705 658 344 1368 1213 847 249 645 601 1826 1232 919 1284 1234 511 78 853 381 228 1823 966 1287 23 451 1300 1867 1762 388 407 72 391 1638 940 1267 1738 1226 39 210 597 400 1497 905 602 1113 1808 171 137 959 1219 63 1891 159 1019 1050 1664 50 472 178 911 421 1009 1703 93 775 1511 33 79 650 1297 430 456 401 1821 1038 398 565 626 857 1285 489 1859 247
853 1606 912 891
854 1530 1257 465 265 965 1454 328 1571 1029 374 1126 1782 183 332 1851
855 1704 356 944 1784 345 1148 1336 632 740 425 1220 1017 550
856 1176 1748 1752 357 1237 99 345 387 1602 163 1874 773 1612 1712 620 1829 1688 493
857 1114 1176 1875
858 717 395 508 423
859 1307 402 1576 1618 512 400 1822 337 624 1770 515 833 339 1241 900 275 15 1692 1129 59 734 1184 1559 1546
860 919 1607 689 1548 1235 812 648 1868
861 159 995 951 641 1215 771 576 332
862 1319 190 1166 416 1853
863 917
865 922 156 1447 471 205 994
866 477
867 248 934 1674 1587 470 55 10 1187 1232 326 1369 1537 1818 1108
868 126 392 341 1449
869 726 1418
870 468 1863 1695 1402 1889 695 1607 831 178 1707 1290 875 366 1228 346 374 397 1878 775 20 1644 232 1180 780 1591 1727 1457 1398 906 365 1648 655 1000 373 1222 920 408 1297 1655 548 390 1420 34 199 1841 368 1721 353 535 598 192 628 1257 1265 379 1308 29 1711 35 1334 1536 1439 934 882 369 1800 1518 992 92 292 916 891 0 573 1799 758 1793 1816
871 984 1035 1392 79 673 853 591 231 1446 1575 893 1744 1764 115 1010 931 1825 270 832 592 459 1494 1116 1503 750 23 32 1214 683 479 988 363 419 571
872 1014 693 1808 720 214 1094 1175 946 44 187 1762 1784 1058 1318 1309 1204 396 363 634 1478 384 90 1857 355 605 1195 458 955 651 563 1630 564 169 1624 1062 354 567 731 916 1649
873 1176 524 922
874 7 1244 717 469 1050 1816 713 1306 1839 663 1011 1544 571 361 190 825 1512 593 484 680
875 956 106 827 1515 783 170 1131 1566 944 1751 1359 1778 732 1824 870 533 1860 865 1763 977
876 707 84 1455 957 1357 1749 1742 1178 814 42 616 485 769 870 1568 1833 904 69 713 1869 75
877 884 863 1841 1779 996 1889 1199 1338 596 1612 168 1281 35 1602 1071 948 1063 1348
878 1032 1560 677
879 1187 286 288 1714 245 1440 950 124 555 1344 1772 1166 883 1584
880 1577 340 1198 1399 1850 1816 33 985 399 1673 1203 1205
881 1572
882 819 1274 377 137 1312 731 1728 1149 945 399 6 792 554 1292 1132 342 583 486 1195 1095 1570 1638 596 1397 1660 525 1712 118 1478 309 1653 1834 1470 1438 1733 1566 162 1000 1534 236
883 36 1640 1662 660 1793 1489 1481 319 666 360 1480 871 475 949 1352 53 1330 207 347 491 1057 851 559 32 403 1255 598 1295 1042 942 1819 1805 1576 138 561 1381 877 1463 1692 1037 3 296 1678 657 545 874 709 298 1863 1700 1546 688 104 815 825 490 1564 1698 986 574 1145 1677 182 1567 1215 1803 1017 1751 858 1729 625 1525 48 546 929 1827 1571 611 1855 1165 1244 327 268 816 1602 1043 1139 1181 862 621 1592 955 338 437 286 510 992 96 889 937 1786 1067 1369 1722 1412 1206 637
884 961 1244 288 10 190 1114 1504 874 571 1441 7 1060 1414 975 976 222 1226 1021 1325 791 1129 333 1708 1722 1489 1656 1469 1736 673 1891 20 717 576 1785 712 1152 599 263 1611 355 750 491 163 1499 422 1134 1507 1421 741 966 215 38 120 1163 1150 1162 427 1470 368 165 835 141 492 997 192 1332 1717 1514 388 106 319 1579 792 1863 1427 1681 1868 1349 1377 1635 160 1363 431 1203 1138 421 456 1084 96 412 691 1654 399 1816 681 718 640 665 1277 1401 0 1753 630 1157 1023 65 1051 1692 1245 990 282 1743 740 148 14 1572 1871 1107 985 760 172 1749 1707 1399 161 1767
885 1430 490 1353 340 1776
886 1510 1526 1672 199 675 1851 1728 943 551 573 1489 1657 1286 821
887 510
888 1687 974 6 104
889 193 819 603 1466 940 1501 1277 434 1824 428 1528 495 731 1525 897 278 420 121 399 1287 1005 639 564 1789 50 1077 1085 1892 117 1609 1623 1770 929 1044 95 1082 1523 1288 1190
890 1224 344
891 1230 1435
892 1260
893 190
894 1664 840 500 387 1372 249 233 1241 1368 848 71 624 956 1660 1425 1401 330 305 42 662
895 980 983 563 750
896 1773 1094 1395 1831
897 1694 1273 1181 698 1502 502 1189
898 96 270 1542 1132 1862 1357 185 1370 1341 922 572 1761 19 1322 1161 1248 253 28 1806 450 1246 95 1258 248 344 126 1695 1563 492 1353 65 300 785 284 53 1290
899 103 1290 1481 1105 893 89 277 1783 961 722 1684 1022
900 1303 1053 113 661 1473 868 810 28 489 1703 870 217 1701 895 1762 293 651 1150 902 67 955 25 623 958 1809 1352 323 1592 899 1887 865 36
901 57 147 772 410 1402 9
902 871 1022 1661 192
903 666 1515 968 257 1200 1540 168 1588 1350 1102 1339 1207 1116 837 915 1557 628 1770 1506 852 1218 445 903 690 816 1847 1162 488
904 1806
905 816 1126 14 770
906 100
907 1119 546 502 1761 13 1659 1324
908 1156
909 438 1623 1410 275 433 1170 1775 840 598 536
910 382
911 493 1428 378 47 1199 196 522 1434 0 137 887 1286 391 471 1582 1659 363 1078 581
912 284
913 445 1414 323 385 1620 1589 912 1314 1519 1631 315 268 1037 948 985 984 456 425 159 874 1851 1521 1064 1468 71 839 846 625 1531 1007
914 911 963 894 289 788 1201 6 1760 915 1736 334 32 1761 87 514 1483 860 399 1684 1077 1392 758 1335 1770 1661 1694 857 1844
915 75 1229 1539 1293 1844 665 1690 662 34 1799 597 1246 1462 1663 1379 433 297 1710 876
916 269 208 323 1484 1133 1211 1454 1816 1103 1662
917 1157 699 467 517 34
918 8
919 900 1524 1437 1888
920 282
921 1863
922 1022 617
923 354
924 925 688 779 680 1577 991 1478 1111 899 594 704 1096 1439 1145 883 699 1616 1630 786 1084 768 212 362 542 1036 951 588 13 16 115 858 1147 984 730 1142 1688 1734 917 1732 1162 1829 280 624 1476 125 782 154 850 769 543 693 226 325 368 547 1841 647 555 148 1653 1123
925 441 1076 1344 865 130 362 98 1661 1449 694 1526 105 1134 1280 1536 1122 464 67 1274 1620 1816 581 1558
926 551 1371
927 1785 1737 1890 1689 1841 1186
928 806 1259 555 1089 27 613 652 1883
929 3 352 1492 1285 522 562 308 1356 1810 1681 1779 93 1665 484 189 739 1891 1108 1251 1586
930 965 392 1735 642
931 234 1359 638 138 1066 1856 884 1526 552 1876 1421 1085
932 413
933 328 505 1339 1585 454 348 1841 892 65 1525 1331 748
934 1470 1278
935 606 1064 434 207 1746
937 909
939 394
940 373 1731 1212
941 606 1604 301 1824 787 1695 746
942 672 1719 582 1819 1669 1495 1141 1316 1337 947 116 1405 1851 1161 598 1690 984 944 1220 686 1472 555 147 1315 1652
943 863
944 671 1030 1252 120 1161 1208 634 774 1063 1265 1580 1477 1303 817 345 847
945 1694
946 1415 991 825 164 311 490 1227 826 1407
947 1065 1589 277 1689 1674 56 1347 1713 1019 15 1893 839 807 1483 1576
948 1205 271 450 990
950 1442 1775 1619 677 945 1431 76 765 271 1364 202 1120 1024 1311 1281 1430 1843 1560 470 1103 583 1502 1730 597 560 101 663 788 1088 1146 443 225 166 140 657 1865 1035
951 1336
952 363 172 1165 1489 209 933 1278 1249 162 1450 1841 647 220 495 1745 1695 676 1848 619 1496 1094 894 1560 133 1573 1333 576 1805 1272 444 1550 1109 1792 1030 649 64 1638 283 1335 1791 1602 1893 275 1213 934 651 1431 544 440 1710 70 1794 331 977 1879 1426 796 1666 72 1299 1616 1322 889 1578 1809 410 256 1262 413 958 874 1035 1052 271 1352 1660 875 957 953 1000 174 5 306 704 1661 910 541 629 381 1793 78 296 1756 1871 1849 282 294 1521 478 607 1381 1329 1233 95 163 455
953 869
954 440 521 1616 1782 736 133 961 641 1768 832 1884 757 913 1830 648 291 1803 1681 792 1691
955 506 1007 1544 263
957 448
958 137
962 1319 378 1005 1413 908 778 1752 1813
963 1536 1552 1463 175 800 1445 1026 628 1227 1738 410 309 766 194 238 560 1465 1640 1243 976 1116 1097 994 1246 1727 678 442 134 278 1831 1448 17
964 1375 1177 1394 1776 6 298 1829 929 1744 1242 1404 413 523 1717 1538 152 808 568 375 1508 1582 409 30 879 73 113 386 407 116 1082 937 1851 730 1385 1475 1485 43 1442 708 1762 288 352 630 1578 201 202 632 1675
965 268 282 1766 284 576 81 69 662 481 1799 1222 272 383 1381 365 101
966 775
967 1748 159 238 1559 430
968 1185 208 397 469
969 1580 969 1347 1416 1009 1324 1819 1725 504 590 1399 1216 1168 1348 773 370 1317 1006 1744 483 763 866 1753 1629 194 713 1453 822 865 795 1711 707 1194 1778 141
970 762 1617 507 1791
971 1611 573 1585 825 908 1492 669 1384 484 711 433 1168 1207 1450 1430
972 260 1563
974 1299
975 674 566 438 1372 597 858 1144 683 1043 1557 896 511 1391 1204 56 862 1630 210
976 212 824 1854 1618 1073 1361 409 1440 963 186 64 519 52 1036
977 122 970 1420 342
978 795 1508 565 1183 427 243 271 252 586
980 804 1737 1450 611 710 1549 842 421 1890
981 946 285 1536
982 1632 1513 513 1204 1274 567 1539 1240 74 1602 1587 171 406 471 482 566 449 1011 1405 892 1749 1023 1387 1681 428 1446 570 1133 1670 211 586 98 1733 1195
983 1118
984 305 258 1773 1618 423 545 1067 1875 1563 697 640 1173 551 1860 329 129 442 675 417 160 910 132 1466 1019 1198 1416 204 1034 1756 1251 213 433 1153
985 1617 989 203 1756
986 623 1867 959 1382 1788 9 332 1077 1148
987 594
988 1840 107 164 1498 501 177 721 456 711 114 882 1266 1402 929 1399 389 835 145 873 1166 543 1711 743 725 352 694 369 1595 1387 1061 1558 671 1873 162 5
989 882 809 1251 582 1049 1180 1237 452 119 62
990 850 277 1580 1361 762 852 773 58 550 805 1812 19 998 51 1381 92 174 622
993 1760
994 1443 68 1768 1823 1662 701 409 721 1673 983 307 349 1646 1394 1162 1289 277 1767 20 1698 969 646 249 1386 1511 1438 807 1078 1216 91 1303 1631 1027 1149 521 67 270 1182 42 1820 157 55 670 218 1350 643 1852 1535 745 525 673 167 1332 752 1862 267 1688 1637 1121 1635 204
995 591
996 748 1052 1649 805 1256 1214 669 1472 1616 47 1158 1598 612 388 1222 1875 1551 1 1751 901 1277 923 1203 1348 105 1455 653 778 1873 318 1107 1287 1683 1155
997 793 386 472 1850 178 709 1417 1196 1772 296 1170 866 480 101 619 47 1809 297 1344 973 880 391 1523 1369 1332 194 989 334 212 1083 653 332 1333 295 1811 277 60 666 187 913 1034 1204 1688 377 253 794 1511 513 1313 375 910 856 1342 445 1059 1871 1821 13 888 469 267 1791 784 1651 73 457 257 1831 489 1303 1116 99 1183 1710 1795 792 19 393 320 935 204 1484 1301 106 226 1283 510 1423 543 449
998 765
999 1453 1324 1498 224 174 1438 990 1087 942 927 1523 759 129 769 375 1415 1030 1393 1621 922 147 267 64 1671 1244 338 1200 187 1748 1500 719 1042 1187 122 899 1422 161 1698 1543 1345 132 330 281 539 151 1448 244 866 1045 1348 1186 1458
1000 419 687 504 278 310
1001 1752 312 1261 644 396 45 83 60 1548 504 947 1720 695 1602 1880 506
1003 904 709 1237 1359 1292 1037 1753 784
1004 1614 711 1538 54 1357 992 1296 1692 463 579 1502 605 1874 300 162 285 1278 240 672 985 1879 1702 1445 846 10 403 318 1712 423 655 1106 1038 1226 1855 1512 1850 1532 1468 1594 1531 15 642 776 1105 1580 1261 1042 1857 297 852 253 1869 1161 652 1529 1442 118 1032 59 438 494 1430 1351 1181 291 205 1018 1237 1493 1822 311 1685 547 417 1000 1421 1597 338 1520 126
1005 1163
1006 650
1007 1233 1535 1778 116 246 1846 400 313 559 1343 804 1634 204 1224 456 820 112 1760 1408 1893 1862 1 169 235 712 627 858 238 1039 747 1682 1154 1536 1486 1521 1385 132 1175 1868 109 459 1140 1573 1111 1251 1378 1622 1562 1576 82 615 545 1376 150 136 606
1008 999 654 960 673 741 1057 106 410 90 1300 1331 28 215 847 1079 669 801
1009 1728 1739 819 933 757 1221 1543 1495 1102 420 1394 414 331 880 138 1010 1817 89 1509 678 1807 61 703 1133 431 795 395 542
1010 730
1011 193 980 1878 1614 1457 1009 695 1168 88 136 1418 685 1127 1691 555 893 898 1145 1015
1012 273 1482 1563 1039 1399 1091 844 419 4 1661 1297 134 20 961 180 311 160 107 1759 301 1530 1821 591 300 409 627 1445 617 1057 456 1884 1451 115 740 1577 1411 1046 1803 1747 1479 1419 970 1016 203 1615 1330 1773 1669 1520 929 257 1250
1013 833 1586 941 841 608 84 1253 1258
1014 1076 1753
1015 264 1737 183 1206 158 1578 536 503 1299 1462 29 959 45 755 1441 591 999
1016 820 1466 1712 1877 314 868 20 64 1044 68 279 829
1017 1782 593 1424 1738 497 1698 323 47 1830 430 191 1044 1452 288 1708 1380 862 894 768 303 1628 1092 294 651 829 1135 698 552
1018 1758
1019 1636 36 663 177 1224 50 1162 1587 701 580 428 1706 294 1031 1815
1020 1498 117 1804
1021 481
1023 1668 26 184 1863
1026 120
1027 1635 987 1794 10 1845 746 1530 467 163 1756 1827 193 85 749 1454 1175 450 1441 1656 1578 522 23 1825 1314 935 1070 431 1296 966 1326 1083 622 300 206 1194 1253 269 1589 660 301 1426 913 1299 494 1021 884 1562 1828
1028 1328
1029 59
1030 904 1134 1096 1874 1380 1384 751 54 183 1511 1359 831 1819 1608 1621
1031 1311
1032 917 1062 1712 1426 23 1175 1443 1419
1033 285 676 713 1292 993 1000 969 319 905 674 1253 1731 1032 794 620
1034 550 568 1262 1486 1352 380 1114 957 1193 1755 1865 1050 742 1354 990 108 1327 487 1360 41 1630 298 1251 411 43 260 216 1542 1841 316 718 1342 34 137 1363 1082
1035 335 471 1757 392 848 1253 437 1696 247 1313 1163 36
1036 1455 1666 1193 942 760 493 979 1641 1522 1318 605 52 1446 1674
1037 1015
1038 526 102 1485 786 1120 1859 1018 1625
1039 449 524 680 1489
1040 1160 615 889 1019 347 1571 1755 23 111 1007 412 638 361 1623 1306 1624 410 1232 100 1498 1027 985 477 1583 1073 298 1800 1279 708 616 1371 1685 771 1436 1358 1475 11 506 1222 65 136 933 290 750 1216 783 233 789 85 1456 279 1482 1373 678 767 54
1041 732 615 718 171 545 1346 1601 922 88 1686 1287 1739 1333 172 1248 485 680 199 167 1019 1415 639 722 1749 753 656 1599 1453 460 1462 971 1482 69 1618 891 285 1013 391 1161 1782 227
1042 361 1562 888 63 1072 547 1096 247 1066 1624 1361 925 823 332 33 1226
1043 656 1061 730 1778 191 1382 622 1366 317 123 303 784 1279 1707 504 853 634 777 100 1796 1427 302 1165 366 1645 1516 494 225 523
1044 1667 63 788 293 1235 1130 1482 996 1073 4 976 1402 634 757 1826 1301 1601 1352 1806 1577 175 822 1853 417 125 553 595 687 114 29 1741 377 14 280 1674 1408 830 1605 1737 1144 523 1226 1087 1214 1340 79 451 1610 670 1391 1888 123 362 1300 683 1107 880 998 1644 873 106 504 1413 1680 107 591 21 1321
1045 1298 28 1020 1604 1112 1282 1516 662 1397 1061 939 1053 392 104 97 53 770 278 176 557 1501 1538 215 1668 113 1036 20 1000 246 950 515 582 1216 796 1854 1696 63 1697 1409 1444 1159 1786 1311 692 226 384 459 1005 15 1151 815 1636 238 1876 1669 1264
1046 745 534 749 865
1048 434 981 209 410 1157 1774 1787 1116 1020 1572 604 1727 100 348 1535 294 455 1449 1384 1511 1601 609 1408 812 146 637 627 1654 839 1856 813 369 1054
1049 546 1006 57 1750 521 817 654 791 1130 1184 815 1241 1070 1875 1014 46 447 1155 1171 1623 478
1050 57
1051 1110
1052 1542 302 1609 1460 1228 237 1367 1330 349 999
1053 1366 111 1767 1725 1014 716 1417 948 1107 1286 1524 1649 1744 1520 1097 1374 547 1736 1211 1008 1862 614 1222 1289
1054 1083 164 925 1071 744 395 1698 1468 1493 360 243 841 463 1713 1484 407 916 254 1785 505 1022 1325 1834 1141 694 565 1249 81 1614 1807 99 652 1480 1301 1779 122 506 1035 1446 343 1299 765 1605 622 797 1118 1660 701 1091 469 726 1492 915 1750 1847 490
1055 1879 221 1704 1466 377 1473 388 852 1687 78 252 1451 1135 830 481 1195 1250 543 750 536 203
1056 1606 1291 98 1351 1220 892 1443 1373 634 753 1825 1633 1204 1118 966
1057 1426 529 388 1550 491 934 679 670 35 200 1873 1161 212 1375 1667 673 633 588 354 646 1606 1179 1835 1794 593 327 1417 1415 69 331 1466 611 527 1703 1761 1592 795 17
1058 720 1441 1836 188
1059 693 861 563 16 1262 1651
1060 1180
1061 1599 1255 385 864 1376 293 1237 728 767 52 1015 586 445 758 1792 1816 54 1286 1877 776 357 1664 1858 1248 1403 1171 1762 1378 843 1350 595 1078 1838 1399 1884 21 544 1269 965 1343 955 623 714 456 705 1334 213 1830 1058 915 721 103 565 1032 274 1753 1227 438 12 88 1670 1316 1744 1309 600 299 1229 1141 1026 461 601 626 1624 1604 1354 1427 907 1474 851 1157 980 972 1310 1204 1355 1290 564 1029 43
1062 940 1437
1063 174 1738 535 1276
1064 1214 1095 693 41 1846 591 685 1593 37 1359 708 1638 869 868 1792 1486 1216 1657 476 1028 727 658 96 282 1727 1496 1572 1883 563 369
1065 409 690 1085 748 460 44 1511 1757 179 50 1613 168 1778 1601 295 932 1161 1220 802 1268 711 178 1688 1287 1365 434 5 1591 631
1066 945 718 1077
1067 674 855 302 107
1068 1428 1539 1513 1703 39 90 581 1073 72 1893 1301 1651 176 158 137 1648 548 1810 685 1332 1685 1501 832 1830 974 174 1363 1551 1709 1359 1153 1295 1346 923 1849 698 180 193 1254 224 1538 706 1154 459 1675 1032 1754 620 928 985 171 693 1637 682 1081 1033 982 206 1171 1453 1706 1464 945 1172 1123 1508 0 629 1616 1063 1643 1330 951 924 1471 1743 888 320 1591 1393 44 1658 862 1599 290 852 933 783 1364 1335 867 46 1207 1451 1403 153 619 1612 355 1577 499 1556 497 10 388 1310 1583 399 1142 976 640 47 701
1069 1012 640 943 1797 506 443 1150 1230 1737 188 526 949 1522 1537 1044 706
1070 389 677 1248 544 584 216
1071 1328 469 1723 738 173
1072 849
1073 195 417 184 416
1074 732 1059 771 403 550
1075 1434 243 1014 1140 1247 674 707 1810 1289 1667 1283 118
1076 679 744 1663 1069 1728 1825 1781
1077 1759 200 1213 453 640 1099 1571 1181
1078 401 1096 133 1683
1079 131 689 460 81 391 123 1697 662 640 23 963 945 1133 183 1417 1500 207 1872 100 1304 1860 1558 876 776 1299 1166 653 1401 1614 673 687 977 875
1080 670 1822 625 246 1610
1081 285 1673 1550 263 863 1131 300 889 1723 1066 268 322 1442 181 1331 1695 1057 761 1341 858 360 1366 1636 814 1746 1301 1199 1630
1083 94 1551 1267 55 564 1864 179 1380 1108 1573 1277 1113 725 965 873 1489 569 432 81 201 865 721 1365 1803 783 956 1730 286 466 1133 1224 1085 1166 1120 1124 979 1571 1883 848 767 944 1508 1337 1357 1779 501 160 435 866 1430 116 924 1406 272 1893 293 1808 1292 1892 189 209 1718 1569 1858
1084 1479 1422 321 1279 359 793 1656 1427 1425 1156 398 1858 1885 342 1137 355 1539 1159 5 1627 1635 240 1140 465 331 526 807 447 95 950 1104 1114 738 929 1157 1560 638 1464 1774 919 1053 890 1376 1074 1088 45 1316 867 596 691 1712 1190 466 1041 575 1574
1085 575
1086 686 300 162
1087 474
1089 752 1651 669 153 1610 757 1633 1350 924 653 1855 234 1288 857 934 1119 1262 906 495 1518 18 1695 106 1193 431 741 1547 1067 1714 384 129
1090 813
1091 1343 1317 318 354 580 297
1092 172 1667 1317 1810 1055 71 569 16 1645 421 406 1883 623 1153 10 150
1093 1498 1125 1724 735 873 946 1556 1325 1441 320 1687 1064 772 1554 90 356 178 1844 1847 756 674 1522 1857 1783 1649 1371 1760 1387 453 1180 514 1806 43 1422
1094 6 934 1171 1272 1614 1728 50 1726 1005 1724 722 173 1388 1624 1854 1174 1451 1188 209
1095 941 919 743 803 1630 678 1225 1871 76 1016 39 766 692 643 1518 1287 557 1361 1658 1483 433 1340 1743 649 458 1601
1096 1712 1204 547 1585 1266 1771 1851 111 1009 839
1097 710 433 741
1098 848 543 218 467 726 577 1358 1528 1328 1028 657 201 832 1122 698 1824 1359 792 986 448 1298 1393 668 317
1099 1101 753
1100 1545 1534 1368 1638 1333 630 935 5 627 40 978 211 524 844 1679 1241 936 1324 1494 199 530
1101 1374 1211
1102 162 972 740 1291 1418 66 1379 1763 83 1582 217 927 1565 75 812 1203 1649 1353 575 1206 71 1031 1142 915
1104 865 1777 59 1132 373 1830 749 388 1459 921 505 1582 1041 1747 1299 569 1538 1683 1727 148 304 1117 1859 1652 1152 866 950 1282 224 192 1748 271 1465 276 418 1720 1732 357 164 568 1372 1435 695 1865 342 1737 837 180 233 1287 1079 1706 1403 1203 1248 1739 315 1815 724 1356 1861 660 875 1641 1642 687 1000 1377 589 825 1522 457
1105 371
1106 229 1073 204 1639 1589
1107 1893 928 389 1053 42
1108 1408
1109 356 1145 435 827 28 411 4 1075 1020 1838 1630 839 616 992 1022 100 1537 1210 25 894 1392 1399 1023 922 229 1149 497 1626 985 797 303
1110 1168 106 1365 633 215 1046 818 1686 1196 463 96 471 1834 1713 1394 336
1111 1633 824 526
1112 1342 34 474 621 270 699 1688 1376 237 1465 1241 943 1419 111 255 1152
1113 141
1115 958 573 361 244 687 509 140 1238 514 1318
1116 1140 1463 1057 945 762 1637 572 1066 22 292 1785
1117 1120 475 1552
1118 1821 337 1531 170 633 100 1885 1681 1594 185 312 1892 1139 505 391 181 1197 687 767 1078 1327
1119 1161
1120 1659 1558 1771 1239
1123 1012 168
1124 593 465 656 685 1391 1774 1511 1249 1684 1514 971 1433 1348 1416 1772 483 1773 167 1356 1609 1009 1605 490 94 472 468 367 561 1235 1668 898 1580 1745 1527 1533 964 703 1594
1125 1024
1126 310 1096 1207 1671 978 314 345 837 1452 1230 435 641 1086 728 582 1446 53 1605 421 1237 24 1296 1087 561 1456 821 1130 1810 753 1571 898 26 1779 933 819 1534 1258 1545 1273 377 1825 1382
1127 116 1675 304 456 1325 1269 487 574 631 838 55 1674 883 1729 1512 1883 65 1771 1799 835 1221 587 1511 481 1454 5 878 1315 764 1402 278 403 758 958 1163 1864 864 719 1656 298 1288 683 195 290 1097 763 526 1049 1527
1128 238 1197 1305 1556 1579 1650 1076 1617 20 525
1129 742
1130 998 1157 1776 883 1143 1101 1321 929 1130 825 59 1406
1131 1858 1852 193 1283 1479 1861 672 1157
1132 851
1133 1165 1081 1597 998 329
1134 518 1647 323 1655
1135 1186 1680 233 976
1136 881 18 481 399 1563
1137 361 1746 111 484 1833 1533 858 120 1033 1143 1626 724 621 1561 1160 1704 399 426 32 1226 796 1088 1059 300 501 1466 1187 456 857 1144 1504 1374 24 920 107 1685 187 1826 552 711 960 1271 324 483
1138 1082 337 1266 217 719 1145 1344 792 675 1711 261 164 923 1776 440 1693 1288 1373 952 176 592 1282 344 44 1663 1001 700 1751 987 634 1476 1810 232 1672 649 382 627 1198 1003 1744
1140 490 1575 1342 909 1470 1636 964 1003 358 1826 1559 547 627 399 1321 645
1141 405
1142 1727 324 1274 1893 1188 100 1580 1668 469 570 1111 1343 42 1330
1143 1008 475 997 869 266 608 1819 350 849 801 1441 1614 1440 1725 288
1144 838 659 137 548 1034 1802 697 890 1198 1641 29 1827 26 1326 1096 565 260 1278 1660 460 449 700
1145 1275 866 1414 862 1880 1433 997 1625 988 1645 170
1146 511
1148 849 141 1793 1744 1341 648 626 301 943 1049 1020 517 1747 1531 1466 675 661 540 1369
1149 107 376 480 917 679 211 1785 372 317 644 1607 1026 559 48 1352 1220 1156 815 397 1518 1732 991 327 116 504 755 95 707 152 868 102 261 546 1737 274 712 200 62 1050 1506 187 796 777 708
1151 566 316 1840 1333 1681
1152 1875 44 738 1490 1546 459 1518 1435 657 1276 541 1585 141 1287 1485 1815 988 226 704 1442
1153 1669 1241 1193 351 858 1071 387 1168 82 33 1072 341 1578 1090 342 1803 6 1597 1417 1235 248 1489 1479 1887 641 1002 337 1403 424 1027 460 792 945 625 46 1043 1151 486 1604 1598 1573 1715 69 1187 483 115 1690 901 1342 994 1160 1672 1328 1299 1396 1268 840 230 1423 560 774 627 1351 1220 447 926 1034 179 570 873 1075 580 1256 84 975 856 1173 1149 1596 940 1006 843 155 1250 749 1678 1097 225 189 955 670 797
1154 904 705 1580 1646 442 496 1605 988 1467 1003 1014 1654 500 39 1413 413 205 802 1041 1435 1168
1155 1215 1606
1156 1721
1158 1128 460 1633 1426 127 62 67 1240 169 637 467 681 331 1311 670 1318 472 42 1057 1468 1514 610 224 945 1215 1211 1370 892 684 595 893 1597 839 321 1099 1320 1066 1471 408 779 211
1159 1069
1161 1241
1162 317 930 1598 673
1163 518 81 270 464 1843
1164 1527 962 928 1752
1166 398 1546 149 533 1841 1006 490 1007 162 653 801 90 473 155 1778 1774 1847 230 1152 69 1487 317 833 1453 835 1355 1265 1726 254 576 1676 253 1300 1624 544 1434 1238 897 15 840 179 55 577 991 1665 194 1851 1087 1224 1769
1167 582 193 410 1570 145 1077 216 231 1779 1773 1174 1320 649 20 710 178 1451 1464
1168 652 156 11 1778 848 43 478 359 936 1626 1728 989 771 497 144 1511 1393 1207 104 765 1068 872 524 190 1475 1785 85 177 64 1160 1303 893 1389 725 641 895 1683 205 355 697 481 871 87 854 628 53 136 610 968 632 1134 880 1016 1296 1867 1217 834
1169 765 459 1563 859 1559 244 1604 1343 1053 1415 1792 1008 505 227 1004 463 1249 1869 661 1653 948 1512 334 596 1117 1094 1570 329 421 1713 1618 1752 1231 1774 767 1822 1159 837 1846 719 1443 527 1801 1360 332 1863 1057 1438 1753 863 1216 1002 1448 203 568 1526 173 523 597 1266 431 1710 270 1656 1063 1334 870 975 79 955 15 809
1170 982 1791 470
1171 1690
1172 654
1173 948
1174 950 459 1670 181 1203 1622 920 1817 636 265 1106 887 142 1439 1422 1417 1603 480 1830 69 338 411 956 580 1698 254 1546 1418 1006 1377 524 978 1160 410 697 1414 1381 1343 148 958 1869 1064 1002 606 39 1847 539 321 484 1733 1313 1497 151 1593 1301 1636 490 1481 389 775 305 1748 1220 325 1433 1782 930 1047 223 380 878 1366 529 1061 1326 576 1372 1866 1412 1293 707 1865 359 404 690 401 1392 959 1692 570 572 665 1533 1189 618 1689 549 1775 1662 991 1703 1573 1627 1239 1003 1161 247
1175 634 1606
1176 1599 1332 1884 813 1451 1841 350 1618 1007 1107 1001 1269 112 360 745 1202
1177 1039 1785 1224 663 1602 727 140 1194 1356 1710 304 534 1513 961 566 1436 176 152 133 1018 1422 450 833 970 26 454 1494 1119 907 308 752
1178 805
1179 702 144 332 1351 1570 1569 704 766 714 198 1473 1525 47 45 793 1887 174 75 1119 246 1338 651 1482 1170 1647 547 1527 274 941 1871 368 440 1485 106 34 444 918 29 987 286 275 508 692 87 325 1600 1411 1152 488 8 1516 404 1443 583 1470 302 1752 1382 590 419
1180 1790 3 531 791 583 528 138 45 826 210 921 829 552 1220 980 10 69 1436 1150 602 608 1647 1536 694 1162 63
1181 1008 838 618 297
1182 1737 697 687 1096 1468 948 1773 381 1007 970 1506 1173 1191 1163 372 876 88 462 175 969 594 1149 1266 44 497 46 542 776 1707 1153 1888 1697 1098 16 1511 1618 1277 1023 248 1777 1174 941 145 1700 1884 1803 1791 664 1757 275 374
1183 95 673 1518 1634 729 1164 840 915
1184 1018 1230
1188 220 1396
1189 38 1456 627 1558
1190 909 1795 512 665
1191 1608 427 419 794 1470 1086 1236 787 128 17 1892 1070 407 575
1192 1817 99 990 888 1261 1773 362 1599 937 288 851 1386 1656 754 620 1414 493 650 1651 1777 780 1233 234 1487 862 73 1716 1578 562 540 748 1257 1410 1123 443 1324 1124 719 1358 1379 1531 1842 1232 1593 121 1011 1740 1314 1517 1680 1242 943 801 1104 1828 687 987 1107 1625 472 1452
1194 1398 82 1013 1734 1432 434 119 918 1347
1195 1373
1197 956 797
1198 648 1350 52
1199 798 1201 320 304
1200 969 501 671 1452 1404 1485 706 1686 252 612 1306 952 328 561 1246 1443 117 394 295 271 520 572 1017 1027
1201 1767 896 682 68 936 1547 865 220 324 356 1822 315 1149 1370 497 1384 1496 1335 62 775 825 623 597 897 1182 1464 750 522 1415 9 541 789 787
1202 840 434 1451 685
1203 80 67 1085 372 1442 1540 1710 513 838 1179 790 1497 1374 1699 1731 299
1204 777 700 1396 54 831 220 948 1594
1205 355 80 116 427 1206 1747 430 522
1206 1254
1207 1417 489 1559 1418 1688 476 1216 1517 1313 1764
1208 1363 974 936 1560 591 377 955 1623 114 665 604 1297 1172 682 1031 1532 1134 1122 1847 937 1643
1209 341
1211 1757 1189 878 1703 1445 1710 41 1351 898 1843 1727 552 926 323 1449 1312 535 1699 715 367 757 969 450
1212 7 1670 1438 1442 1251 559 863 652
1213 1649 1245 283 1067 1651 304 1850 835 1427 1493 149 1468 1338 1568 786 532
1214 1779 1016 157 1328 1063
1216 275 1166 1429 754 491 779 1403 1431 559 172 1746 834 1650 38 175 1208 1263 177 1290 1165 1421 541 42
1218 973 1345 214 1500 115 981 1710 592 122 591 466 463 885
1219 26 782 101 307 725 1388 601 1183 995 337 1432 1589 1309 475 1467 1425 1291 363 69 170 1408 356 1295 1875
1220 727 313 803 1378 1408 1413 1280 1583 1539 546 1390 1348 344 119 594 174
1221 584
1222 717
1223 1672 768 1098 626 1292 1515 831 1089 1074 167 577 572 1236 1285 76 1087 125 441 1712 1666 708 1062 851 357 595 1538 97
1224 1737 1223 881 253 1065 1405 446 118 1720 1391 969 1524 1465 423 1374 589 1462 1787 1130 24 1841 1598 91 1855 333 316 1386 1802 896 567 331 741 1303 1055 1399
1225 562 918 167 977 384 1062 715 1136 104 1697 580 733 1680 303 1313 1745 1878 379 905 952 1811 1759 914 1310 1071 1101 1370 1308 970 1248 1149 1114
1228 965
1230 861 502 801 987 717 1577 1832 653 182 1180 70 362 1410 1876 1242 1518 1179 385 760 307 173 375 1482 1181 1569 1218 870 1314 97 696 1834 1377 600 891 1324 1589 1359 1187 1684 681 384 1211 1136 344 1543 1847 1202 630 1021 85 730 338 104 532 181 1496 479 1845 1506 367 1794 1385 1251 1046 205 1749 1628 1671 457 1653 350 45 452 986 872 995 646 281 1739 1008 1659 1091 1228 890 300 976 1221 1564 1483 1718 759 407 1072 316 1194 1052 1639 865 71 1605
1231 1324 1314 726 1684 1800 1563 1568 1321 1461 772 1001 501 715 1843 888
1232 683 440 701 1096 736 1455 1206 972
1233 1634 540 89 1582 1507 316 697 719 710 613 1879 859 1086 1255 1506
1234 1187
1238 1630
1239 922
1241 601 213 212
1242 1311 1612 1775 585
1243 477 1083
1245 608 570 1058 1380
1246 331 885 569 68 1023 864 52 1329 1160 1244 669 427 124 178 267 1500 99 466 1790 506 1203 1071 62 1448
1247 295 1120 459 508
1248 659 1829 1822 1127
1249 945 241 634 1095 774 1846 1876 1773 603 1892 158 1189 471 1324 728 338 1462 659 276 1564 1801 1405 1890 779 302 1710 131 967 1885 1417 1638 1127 1368 1067 345 1640 1609 842 1378 660 204 1843 143
1250 190 615
1251 657 306 123 1651
1252 1573 1282 1812 543 955
1253 1213 417 1603 913 485 612 1339 1732 1647 1630 49 1199 531 188 366 1653
1254 725 986 1177 650 1200
1255 1164
1257 182 280 1646 1872 1349
1259 1141 1851 1225 179 1608 234
1260 1433 364 1843 957 887 1134 862 181 384 1025 493 600
1261 1417 872 641 1687 764 329 394 245 1718 1202 226 1414 1209 1809 1238 78 1080 321 148 1403 453 402 680 830
1262 310 478 1561
1263 1769 1353 447 1426 1133 1859 1164 190 1277
1264 1672 1782 61 229 490
1265 120 1711 1484 1032 944 717 1557 1458 316 744 1466 1779 1355 955 313
1266 1220 764 1617 626 806 716 1879 252 469 1364 1671 257 1273 947 1696 63 475 704 1154 1862 368 1689 1634 525 963 1106 1204 1242 457 1214 1550 1092 435 895 1246 1819 1394 429 323 542 1180 46 80 591 1519 526 926 578 986 823 1153 705 932 948 1734 625 1150 968 1607 1072 1553 607 222 886 513 1096 1666 200 291 97 903 502 237 1025 753 779 377
1269 987 821
1270 1478 442 1461 787 1848 142 150 860 1121 791 245 210 635 802 64 1782 410
1271 1579 270 668 1787 392 1337 807 557 625 1377 1659 887 978 1299 737 644 301 1836 188 1645 1665 1550 1085 1851 1548 1553 802 1856 993 285 1083 773 366 1141 19 33 244 951 1646 1597 151 1451 1017 440 594 670 1051 1307 1480 1729 624 1551 1664 700 1318 398 505 686 1504 255 1797 938 1583 458 1245 491 1812 353 967 611 1625 1169 1362 1110 201 1530 1523 1871 107 121 200 1013 35 1060 1258 226 272 1522 1584 1397 623 1426 1467 760 1020 929 168 1636 1638 521
1272 83
1273 1785 850 1373 1032 1200 1161 258 1375 430 101 286 869 1838 674 788 567 1330 959 1481 992
1274 1697
1275 1013 1505 1196 248 238 865 245 156 618 833 530 524
1276 501 1039 1499 1392 1010 617 1167 1403 1740 1512 1036 960 11 120 982 1169 1840 252
1277 698
1278 1544 1337 1496 1585 1142
1279 1267 843 1372 837 849 1499 40
1280 740 1867
1281 20 1722 1569 1553 1234 1745 44 932 96 1679 507 1017 1084 1609 125
1282 833 985 475 528 30 1331 1544 1633 78 1023 1622 1666 1758 590 1667 1636 91 1579 855 484 755 188 963 1133 773 312 1404 316 619 1030 893 1604 1059 825 262 268 771 1529 1221 425 1066 1635 1375 1256 1294 60 137 1553 1714 804 1800 1795 1880 445 1560 1649 911 1308 443 412 290 1087 966
1283 295 1374 430 526 1868 72 423 1554 942 25 567 409 396 482 1849 1592 407 1431 257 1327 1316 1133 1850 1693 1085 436
1284 1093
1285 1303 1572 170
1286 1829 1126 1286 1893
1287 1550 1416 1396 237 986 871 1179
1288 612 763 1735 1452 737
1290 620
1291 1368 1431 1108 1626
1293 455
1294 950
1295 1272
1296 1322 1665 1192 78 453 1256 956 1277 1885 1264 980 1892 1407 1397 1081 1787
1297 198 1225 1052 773 1560 1199 1697
1298 877 987 195 1806 629 1720 1186 1204 1412 1112 899 523 295 1168 1218 754 1506 1283
1299 1825
1300 673 1649 1559 601 877 764 919 1630 1390 1371 776 415 158 990 125 1080 1033 453 69 115 314 1548 1781 192 37 307 1543 1688
1301 719 1513 801 1352 1634
1303 70 1256 23 640 1144 1084 903 832 1495 1510 48 1552 926 427 1779 1548
1304 633 623
1305 35 607 744 1570 1037 1700 527 1497 579 889 923 1208 1742 638 544 1043 1655 446 1442 488 1137 934 1605 1156 1838
1306 1690 1293 1358 343 571 461 640 1634 1839 481 772 542 1130 875 1266 706 368 233 388 1727 213 1452 767 841 69 1732 487 1080 972 134 12 1115 1166 96 435 707 1825 665
1307 1364 1537 1823 170 887 169 384 366 240 1682 698 92 1564 490 1507
1308 88 1623 1706 624 253 647 1077 1243
1309 2 207 1678 459 1065 645 649 1544
1311 1248 625 1268 1187 1602 1208 241 395 844 1304 1630 1506 788 78 1821 751 709 251 1202 198
1312 341 282 91 1192 1824 1800 1620 1695 558 89 1403 111 1733 443 1018 1827 1424 154 1004 1055 770 1109 1178 739 823 323 1507 958 537 1147 16 829
1313 1418 1884 1839
1314 1799 1399 1486 1352 1628 482 1822 1422 1289 1759 1277 462 409 129 381 694 761 1226 1557 1071 1605 1045 1220 1506
1315 1312 224 1184 1578 841 1777 1137 103 597 742 66 711
1316 1883 212 539 81 1673 1612 1155 1747 489 573 892 1179 681 553 588 1184 1818 739 64 1705
1317 24
1318 1778 394 1422 1599 1325 1131 613 967 866 1582 832 1279 177 1841 1270 1693 732 403 92 198 833 1796 609 1052 286 1113 1331 855 254 999 625 1417 1499 799
1320 799 175 249 1564 804 797 282 1585
1321 258 822 767 786 325 1732 1033 1541 1019 1696 1414 611
1323 1619 313 19 1318 771 1536 1874 475 709 415 1608 184 393 1509 249 1091 585 795 884 39 707 1291 1735 1314 479 622 1396 311 505
1324 1489 1473
1325 1419 1751 1325 977 1818 1734 1010 1235 1585 1138 314 1436 1814 646 97 1573 309 202 240 898
1326 624 1582 386 267 1359 679 420 690 244 143 1893 997 1123 1441 1186 1601 388 1179 55 699 99 523 527 709 782 478 1180 1558 1124 1090 1009 331 16 551 946 849 1011 932 811 809 1502
1327 90
1328 1504 999 691 608 429 447 148 1273 1684 1309 1796 1035 205 1715 258 1454 1798 796 476 477 1731 519 1871 619 1663 1244 978 346 1329 940 1779 1315 1012 65 195 58 1591 100 1583 431 1676 1351 672 475
1329 1292 141 1511 1095 1081 1045 190 1725
1330 237 752 1177 1215 315
1331 1023
1332 428 1433 245 649 1527 1827 1540 1826 1878 1104 452 1662 831 1166 971 644 964 988 1509 1787 1042 529 15
1333 453 827
1334 843
1335 25 7
1336 333 1754 1129
1337 248 1193 1702 436
1339 1462 1630 442 1237 422 405 1753 23 1868
1340 614
1341 1171 341 1360
1342 1558
1344 75
1345 823
1346 1352
1347 1116 725 476
1350 193
1351 1773 1646 898 730 207 322 545 378 249
1352 852 983 912 1108 1051 1018 1042 774 1208 432 762 1661 1189 907 150 430 1753 1635 647 185 1037 533 1264 152 1242 727 453 1633 1714 1182 51 1166 1382 1159 1684 624 369
1353 1753 268
1355 412
1356 1393
1357 1662
1358 1004
1359 13 1780 1303 964 1140 776 928 1141 1231 1513 1197 1883 1415 1511 1227 956 1651 139 79 1655 1172 783 1484 1341 1068 424 792 1125 866 1077 1872 1806 1781 1808 1313 661 1805 449 1533 412 1858 937 621 617 1114 115 357 875 425 320 1101 904 1826 1107 1452 1749 1674 800 1320 900 1762 1892 1742 600 1613 762 1161 1007 1448 1625 886 881 1370 591 1784 1296 1399 602 1003 1631 171 796 807 1831 1389
1360 1165 1504 565 1411 1723 1551 1093 1271 832 652 1819 469 1334 1297 536 689
1362 1840 1140 973 1349 1242 932 429 421 1884 621 851 1004 599 1382 920 564 1472 1674 850 1828 1585 82 524 455 1802 1815 286 1042 410 1743 1664 1220 1324 1019 560 235 713 1271 307 1661 115 1509 1611 1230 604 1735 1730 148
1363 1078 555 1230 1822 963 992 1176 1316 979 421 1079 409 490 1785
1364 1788 1106 988 704 911 1574 128 1009 180 1329 1758 1458 1134 1419 251 333 1254 380 497 1834
1365 1237 1332 1216 1078 613 1388 209 1445 1520
1366 425
1367 1079 410 1681 26 476 542 1089 1755 1605 746 977 445 915 1805 697 1382 607 1444 1420 18 1809 621 1829 559 1301
1368 1553 1302 1053 1722 565 552 566 1845 89 1152 1174 1374 1196 1870 666 1545 1227 448 53 416
1369 750 561 7 506 62 935 1259 1352 1250 242 1681 751 582 1684 1663 1759 125 1683 371 1434 982 429 336 54 300 1810 1322 1283
1370 1100 621 1652 229 1042 1019 289 428 1564 1324 811 1793 1007 1523 1158 254 333 783 873 1370 479 819 73 364 1769 1077 1030 1068 617 1451 1682 1800 53 904 700 268 1781 335 1767 331 1163 320 1567 1146 957 864 1829 141 658 1853 884 245 1597 1458 437 644 224 1174 1478 1857 114 127 804 874 797 1308 557 1798 672 845 850 1447 1881 872 1039 1821 404 266 1012 1313 1532 464 440 895 1806 1521 1148 1609 1744 993 1204 123 1317 1860 1426 851 1732 21 701 1825 1702 1358 200 1188 998 1733 1648 117 681 435 175 1128 194 890 1569 1123 1315 760 1747 343 204 1454 1649 1355 1090 1364 501 483 944 927 107 1773 1433 1573 562 153 1543 1568 1004 85 1236 1349 1222 1197
1372 1119
1374 191 222 762 1733 421 356 90 332
1375 1411 1395 1509 488 1456
1376 1356 128 1160 1104 1274 433 1095 615 584 935 1078 203
1377 830 509 1535
1378 589 1654 1290 866 871 933 1453 1740 1144 138 257 1440 1182 385 1806 293 1262 1686 1705 307 524 1447 1667 1416 1374 1891 1407 288 584 856 1229 1085 290 394 115 479 1035 440 487 1074 1533 1224 1670 592 117 863 1469 1544 139 432 1135 923 1088 658 1147 712 1096 1107 527 113 582 1698 718 714 1280 859 1491 1724 709
1379 533 697 175 1349 1229 195 1223 1131 747 1430 1403 50 1705 731 885 806 1340 213 492 468 676 1859 1804 1172 682 107 1164 185 1337 562 394 389 1763 1510 1205 1076 1836 1024 915 890 1511 429 391 1808 1054 1432 1264
1380 1104 565 733 961 1865 1739 1362 1616 1728 623 1210 1725 1592 852 759 1287 1247
1381 685
1382 1868 1852 290 226 851 1154 1234 962 609 715 1676 418 1716 970 229 598 944 496 1739 321 93 600 522 173
1384 911 579
1385 369 850
1386 871
1387 818 1755
1388 1054 51 867 1572 304 522 939 676
1389 680
1390 780 1676 1668 388 1214 1684 475 1595 1464 478 36 1327 1811 791 589 1121 609 1542 1231 1474 686 171 1823 894 709 1005 1713 117 1875 942 1229 639
1391 385
1392 363 818 1408 547 853 1544 1091
1394 106 1260 460 396 600 819 1604 765 1499 525 466 871 422 1582
1395 488
1396 1490 1107 122 443 310 1174 1565 978 1517 381 1231 68 847 1880 1795 1520 1223 1095 1102 1838 1155 1166 1759 123 199 695 1526 1357 1100 306 1580 935 1188 297 233 243 1305 828 1022 1478 1495 1734 1657 1380 968 759 1036 78 1069 456 1453 787 1369 886 945 1576 1786 1304 1556 258 1366 1826 379 338 96 868 1823 1881 277 461 899 592 1645 1859 1317 1664 1509 1091 1784 705 1648 1237 1754 1524 1400 396 863 112 121 874 244 1017 1106 1681 671 1811 1631 1226 1000 1460 1118 428 888 1260 278 1280 299 260 1153 1640 1168 663 1194 704 1173 1073 1395 585 910 1409 1427
1397 1548 255 364 722 297 1592 74
1398 309 789 1667 1014 234 1191 187
1399 1694 520 1228 1402 591 1474 1547 1731 1798 959 806 1783 1622 1387 1396 122 672 692 1049 1488 1421 1075 1554 1050 1669 1800 1218 171 1000 640 431 161 268 1439 641 447 643 1380 678 436 751 527 1091 1494 166 150 1482 702 756 72 1825 1270 300 1001 335 111
1400 687 35 845 1199 1581 579 469 1612 1213 1344 580 566 1669 220 126 1636 1495 141 34 636 301
1401 1758
1402 719 575 1729 1203
1403 676 437 1101 647 1650 1048 1837 1317 162 210 186 684 1486 1041 80
1405 759 814 109
1406 6 1881 366 253 1714 474 703 1466 515 1638 803
1407 1723 1771 171 1547 920 507 1374 607
1408 282 160 552 1323 1589 1539 182 1543 373 0 359 348 624 1324 227 1026 720 845 142 812 1081 90
1409 372 1549 1683 655 1252 374 357 184 1706 1236 1805 246 1356 1443 219 1371 611 336 1207 1232 1283 579 1070 240 627 234 615 17 1577 181 452
1410 1850 1187 1195 392
1411 849 663 319 13
1412 1438 1133 305 971 387 1659 1251 260 518 1378 812 959 1839 1391 692 1265 213 1893
1413 1639 334 25 295 665 521 1751 1592 1845 535 336 510 1140 908 943 1679 88 1707 957 1011 826 67 660 1623 285 1308 1539 417 1375 1340 1394 1249
1414 1669 980 1682 286 732 590 379 918 737 616 1848 137 927 1560 1695 1399 1123 1248 1409 429 1250 369 1028 1763 922 1576 1517 1578
1415 453 1142 1351 215
1416 1382 1292 341 1600 1717 949 1133
1417 1334
1418 1200 484 146 1695 167 1500 887 1411 1199 1229 385 1396
1419 1681 972 1762 1354 6 1027 993 774 12
1420 1155 593 1539 759 590 1556 356 338 1867 783 1217 703 711 211 408 1697 1756 1712 393
1421 1522
1422 671
1425 1255
1426 137
1427 604
1428 1193
1429 847
1430 427
1431 226 1888
1432 1569 506 1398 861 1017 1726 1597 1110 293 1523 194 1164 913 1807 1779 177 1634 1236 1819 1745 1404 1733 1315 1363 1305 1181 1644 1304 1865 1088 1168 1019 1137 1686 1050 898 148 475 1189 1145 1111 1522 176 288 1797 466 1418 1268 192 1258 1346 487 1434 1093 1495 1480 1818 357 103 631 1203 490 97 626 870 262 1375 574 736 802 1694 1191 988 1210 1835 1878 193 1499 1688 1798 1877 1663 637 255 1271 1307 1583 76 1185 1356 1524 970 1775 706 1670 1566 100 560 1459 1475 1808 242 828 1154 1828 774 1446 423 1335 240 1751 1273 1483 759 530 1533 944 1655 313 83 872 634 1875 693 1406 420 524 1366 403 1073 186 1558 1325 724 571 78 990 496 1223 713 1012 23 129 1693
1433 575 1763 493 1167 224 1773 1062 1012 1404 1341 1644 1139 1331 1297 311 930 1852 350 626 1068 55 624 1880 1196 266 232 1519 417 136 207 1162 977 1701 636 540 297 545 188 1796 582 817 1538 874 1799 856 215 1159 1741 273 361 1061 847 1340 182 1801 1086 130 54 542 597 531 1682 1054 596 430 1620 1855 336 805 882 1779 1525 1073 653 69 1793 1755 1730 1537 737 456 877 301 694 204 1455 1502 337 445 270 166 1811 756 568 240 1430 151 249 1335 1841 66 1436 300
1434 26 1004
1435 509
1436 1784 1735 703 672 446 934 1605 1627 1839 676 1134 328 857 1123 272 1516 1354 1319 786 128 1131 227 577 1785 1293 1227 1715 1787 1387 664 68 389 1678
1437 401 714
1438 1137
1439 759
1440 1485 1382 1059 185 1218 1424 1826 1845 1310 1700 940 1674 439 752 537
1441 374 578 1445
1442 1542 625 58 350 461 1370 451 916 1506 283 1106 902 226 1072 951 1816 605 1599 73 1715 1507 618 94 621 1637 906 766 1502 853 220 180 354 1272 878 499 1171 177 268 41 808 15 297 1592 1793 287 1228 1615 1377 351 88 1108 1733 1473 651 1534 1446 774 1345 830 367 1770 1216 1614 295 1028 1743 979 1140 1119 1773 609 396 446 1422 455 714 1575 591 469 1686 495 1825 1451 1061 419 1643 1758 291 1609 1025 1204 467 1388 975 1722 1674 1326 406 178 1835 790 262 96 32 301 881 4 1138 1026 1695 358 153 573 1429 1426 557
1443 1428
1444 1069
1445 1621 1705
1447 8 1160 1175 1158 411 138 1151 941 467 65
1448 1281 435 1728 483
1449 1259 981 399 1826
1450 1522 640
1451 106 1833
1452 0 1254 125 976 317 362 60 1158
1453 175
1454 715 371 506
1455 1222
1456 1318
1457 1433
1458 1169
1459 847
1460 1582
1461 433 156 1668
1462 1662
1463 372 524 839 886 1329 617 1443 846 272 957 376 1075 922 724 223 1155 265 610 1631 1469 285 87 653 1684 474 1389 1182 571 1627 1413 686 101 1453 1467 548 862 310 227 1045 1855 828 552 408 626 1293 1841 424 1817
1464 1407 1536 1377 1032 1619 1788 1025 1818 68 1653 1156 1785 102 991 103 61 1157 606 875 218 1850 619 1757 513 541 1035 76 118 1750 618 1646 1354 176 1639 1497 1134 691 633 422 900 1289 1018 182 1636 1449 1838 1882 886 510 1167 1583 1068 1016 400 826 1112 1594 1138 1783 671 1851 15 1658 736 560 867 1853 1163 1017 1000 266 1211 322 646 1702 1246 1628 1158 688 151 610 366 1136 1172 838 498 1430 144 549 239 1631 1648 1381 1166 1161 1096 372 972 444 1596 568 1550 1314 370 1441 346 296 438 1606 468 1323 1342 1856 1212 1868 1820 343
1465 645
1466 1585 1714 851 789 1718 1007 1519 921 818 853 1809 530 1021 840 101 1193 745 264 19 1063 1420 1556 721 1786 1357 295 1242 928 656 694 1849 676 388 150 1042 768
1467 127
1468 750 624 1528 576 299 350 10 894 163
1469 1417 48 868 772 539 1075 1137 710 750 1119 1068 702 808 280 1474 637 776 321 1214 852 219 751 158 606 403 891 1294 984 543 757 979 1496 441 697 154 975 1219 1849
1470 1463 184 1348
1471 495
1472 816 871
1473 1797
1474 1347
1475 1458 1815
1476 1525
1477 1101
1478 677 1405 800 1859 97 1426
1479 251
1480 1025 289 1038 837 1112 499 780 740 706 1295 244 660 1096 223 400 921 958 1004 242 787 1564 562 1345 481 1805 1750 1338 1692 290 1404 610 399 1083 1614 123 1874 313 160 802 139 1477 225 461 580 1870 493 1466 569 1320 122 1023 353 1105 1428 1683 1258 1416 1481 765 1172 403 659 1833 1044 1107 419 477 1608 1311 162 1872 298 1394 1396 107 490 1053 256 1575 1388 251 333 1034 803 1386 550 1315 1592 1782 851 727 1082 1531 200 1812 192 1787 1680 204 991 1543 415 395 85 1876 1611 925 1502 1643 1542 752 1382 202 112 10 1634 634 1878 573 421 931 478 927 611 664 466 1856 359 1700 1763 1307 1825 1796 984 1361 212
1481 323 1416
1482 342 1888 1826 909
1483 1472
1484 1817 1834 1141 609 1749 1642 142 714 635 1596 891 1566 426 711 259 1007 668 1068 432 670 1611 148 1739 1110 786 232 1677 1555 1791 1078 855 1225 1443 834 768 1503 1738 1218 773 1247 885 699 1680 893 30 94 1672 1372 1638 484 1506 464
1485 917
1486 1515 564 1063 531 1312
1487 180
1488 379 1820
1489 653 1870 1415 396 1279 318 346 1281 1346 780 70 184 1507 1420 1407 641 1199 835 1881 278 1176 542 55 973 1692 914 1427 1364 1408 1248 1701 689 412 1273
1490 1105 437
1491 1058 519 1354 646 1530 1755 1866 898 1166 1739 1529 1300 1517 349 1028 116 1550 1456 575 1016 372 406 1659 1436 1452 506 537 1366 532 1852 1857 935 905 866 222 98 759 211 634 1287 1552 1582 842 184 1179 102 823 1841
1492 346
1493 1554 1516
1494 1281 1656 524 1341 1297 1173 1701 5 195 1638 1427 1845 335 339 1686 63 166 826 455 205 1070 1614 781 383 70 14 1332 325 507 1234 212 775 323 457 157 414 511 1716 1741 846
1495 1257 37 1858 1757 521 210 1378 1603 954 1015 1321 675 836 1871 1198 1448
1496 1753 645 1097 501 539 460 1618 1782 1058 1876
1497 1594
1498 986
1499 586 1477 1012 626
1500 371 1743 424 347 233 808 1393 1424 26 53 796 1792 1258 1811 1483 446 369 571 1458 157 1147 485 286
1501 1400
1502 1508
1503 1063 229 234 1677 911 985 1660 1731 1552 1128 867 1542 281 1254 15 372 671 199 699 391 1066 836 1824 536 1577 351
1504 886
1505 683 1432 662 1228 1541 182 545 1226 1483 1177 269 1308 141 278 223 1686 1873 609 1825 761 1570 932 1133 1773 1562 921 1056 1002 953 162 1322 769 290 596 1279 915 1654 68 216 1100 90 1287 340 1762 212 1026 966 680 745 170 1098 1060 1697 1779 93 339 1499 449 1256 10 559 1582 795 502 678 1030 1143 359 1004 1047 1482 305 714 416 1635 331 135 1395 803 1437 1331 1455 1551 401 1203 1183 1278 1257 1078 1749 520 825 1592 1138 1131 384 1044 378 1399 1372 417 471 1419 1626 773 1574 1074 1540 1416 39 361 1573 566 70 1814
1506 1180
1507 402 1466 1245
1508 658 1494 1568 816 1644 1400 715 269 1468 493 1248
1509 597 581 561 774 772 1687 1518 247 1566 1862 1387 647 426 570 1836 614 309 179 165 222 1003 715 558 1873 1228 557 620 1211 700 1027 1364 610 349 1618 1715 172 1344 1184 1136 1522 632
1510 893 651 517 1595 1045 1163 1383 1466 1765 851 367 670 444 1599 106 1749 1374 158 584 1367 916 31 936 926 1582 1596 1280 862 252 1559 59 836 1730 1846 1289 1356 911 526 1609 978 672 1315 225 1879 1737 322 1710 1832 1703 142 1129 1071 1295 1506 1360 83 855 741 21 934
1511 158
1512 1740
1513 1502 394 167 862 91 3 1876 526 1572 108
1514 384
1515 1865
1516 985
1517 1619 1764
1518 1048
1519 465
1520 577 1742 560 285 535 822 32 1339 998 462 1750 1024 353 511 1469 1754 1116 887 143 1496
1521 350 1065
1522 1624 589 1717 1778 478 1209 120 492 718 1699 927 1563 57 1835 281 1128 756 1615 1171 1338 876 1310 820 910 1511 35 1794 1307 897 441 760 646 1429 997 840
1523 1892 217 1095 49 1813 1626 272 1769 577 718 1210 610 129 1044 730
1524 1611
1525 660
1526 766
1527 735 349 1351 626 932 158 684 285 1574 968 1625 364 54 597 135 1129 793 307 55 890 1714 542 444 579 912 170 155 1163 1316 1103 1160 1098 409 999 313 1151 390 1424 857 777 1325 1795 1441 475 1508 1122 97 631 225 1550 1346 149 1066 188 1742 1744 861 111 541 439 1791 1605 1740 1479 504 139 1116 1764 838 641 620 191 1167 1423 661 550
1528 1338
1529 1417 1877 140 68 1203 500 865 1009 1500 1497 861 1036 952
1530 1604
1531 950
1532 932
1533 492
1534 1855 1043 227 1269 684 1663 1776 1438 519 416
1535 288 786 1283 422
1536 763 423
1537 482
1538 1685
1539 101
1540 1786 1317 794 186 854 1474 1570 735 1363 1274 152 1620 1532 1519 1277 606 687 1798 1758 876 1429 643 654 960 549 1657 703 317 520 1774 1278 16 71 564 164 822 371 664 1873 343 1880 1885 1834 1595 1156 835 1092 1182 810 726 559 1089 24 1698 156 1107 1286 1040 1646 1077 1308 1492 766 1651 105 277 1487 659
1541 770
1542 89
1543 869
1544 1004
1545 1555
1546 1852
1547 91
1548 1522
1549 1370 159 951 996
1550 1844
1551 207 466 1372 623 26 1541 1011 1216 1278 268
1552 990 667 1731 368
1553 709
1554 592
1555 173 308 1382 1523 936 1227 982 1803 1584 668 1206 1791 1627 1504 1868 848 1252 1054 1197 651 1140 1045 1234 1614 1765 1101 1353 1310 892 1585 421 181 1235 927 477 125 751 343 1074 1352 110 556 1522 436 850 1233 1864 1773 388 382 1631 1737 1217 1569 167 921 535
1556 273
1557 482
1558 809 425 225 1552 1250 188 1178 1700
1559 1029
1560 1766
1561 1401 1338 34
1562 1714
1563 1074
1564 744
1565 465
1566 1664
1567 9
1568 861
1569 972 424 1322 1518 729 1013 940
1570 803
1571 1271
1572 1498
1573 341
1574 1641
1575 178 256 1169 1083 1443 1570 333 27 526 1738 1135 6 1435 1755 908 1784 1717 1406 1469 1503 1222 703 1064
1576 330 877 1773 680 1223 1087 583 700 21 400 417 1433 1038 1284 103 1501 360 1400 1392 1264 579 66 1740 466 1036 759 453 724
1577 1355 415 320
1578 1416 681 855 930
1579 1701
1580 111 761 829 1031
1581 932
1582 1228 979 926 1040 869 562 1202 185 513 840 1512 176 858 1781 736 924 1744 725 286 1063
1583 953 473 984 355 44 429 1413 985 480 644 1676 545 1113 481 835 800 937 1071 3 1020 1400 223 1272 1376 1517 7 768 904 1439 1848 710 1086 1741 625 1811 1858 1826 417 1292 909 1083 1059 79 692 567 872 1768 999 433 1316 532 169 875 547 1577 1308 14 1295 1612 754 590 947 1209 1427 1174 1096 1619 525 1562 1443 115 1637 783 1142
1584 1096 257
1585 1742
1586 330
1587 1420 69 1169 677 1071 108 632 31 1754 188 1611 607
1588 791
1589 250
1590 1704
1591 439 1074 1048 666 538 814 914 1890
1592 1294 635
1593 581
1594 1731
1595 824
1596 729 612 261 1375 1131 1328 528 1363 1646 1476 362 747 1313 142 216 181 1873 1216 1366
1597 1550 726
1598 1762
1599 1532
1600 29
1601 341
1603 129
1604 644
1605 169 1739 1037 1118 924 125 773 971 1773 994 906 1799 1001 1085 156 1289 289 1517 1677 1864 1436 1219 1206 1317 286 1638 78 1866 480 130 332 1161 984 729 1721 620 807 1106 1353 1615 394 501 1466 1787 35 442 930 849 1076 1160 1062 236 1292 1860 1392 361 613 1630 1297 1041
1606 1060 78 1383 787 128 1408 891 1596 1834 1795 1138 19 1299 1165 424 1081 1563 439 144 1822 1244 467 544 935 682 1494 372 1615 1040 675 1091 923 110 522 1334 632 1587 1585 731 804 425 1465 504 1811 433 1653 1156 1234 316 512
1607 285 575 1579
1608 240 1387 1100 1555 1400 823 1607 349 1489 1434 1072 1887 1319 798 1212 972 1531 538 1010 880
1609 1482
1610 1829
1611 1406 1144 710 1339
1612 572
1613 190 1597 1643 1476 373 1454 473 297 1062 1560 1444 1 1792
1614 1566
1615 115 1849 501 736 849 486 66 440 1878 346 1060 329 908 998 414 694 1393 646 1809 1280
1616 743 913 207 879
1617 1341
1618 286
1619 189
1620 304
1621 353 1746 1110 839
1622 792
1623 599
1624 1281
1625 430
1626 1408 1397 1077 1692
1627 433 43
1628 1744
1629 796 594 1666 564 1880 1857 36 1069 170 1784 152 1461 39 1553 1079 1694 373 1408 1194 878 60 367 540 1500 1495 63 795 1454 1680 73 1867 992 1012 1034 209 561 1248 775 506 481 1491 430 1735 266 1157 1710 179 566 1058 1320 1703 704 826 568 1652 1805 149 371 1294 1783 1272 1569 361 653 1689 1699 1329 387 342 12 1826 1749 391 1174 1521 1265 161 1756 1484 393 111 1178 1345 1538 819 303 243 1876 1026 916 1262 8 263 1815 345 972 1389 1001 362 759 107 1888 736 1700 130 1108 1654 492 1605 297 623 1681 1375 143 500 1376
1630 450 1010 1054 365 227 132 1321 116 1044 543 623 551 1018 1231 1477 493 1221 232 1479 157 1020 268 1047 539 1813 1525 22 67 427 1517 549 770 853 1138 1454 1888 1088 1471 596 1142 857 706 1443 1051 1607 444 1035 633 1662 598 1287 817
1631 774
1632 10
1633 907
1634 809 778
1635 1573
1636 599
1637 1533 395 619 1385 1585 1395 164 1484 1006 68 1511 1283 694 245 1679 1630 864 1593 1347 1803 828 915 463 1141 1667 543 158 1653 1836 662 513 1120 1033 485 303 1282 780 916 1360 1004 1204 59 1202 1892 302 1073 1745 1479 614 612 1319 1661 236 646 1742 740 7 16 153 1735 1710 648 95 1815 1094 918 1020 120 362 571 1794 301 133 1695 1047 760 1797 106 1782 1447 1187 383 1399 1021 1271 1723 388 421 1708 1350 1225 1561 808 1741 1831 372 1115 491 1727 639 620 1408 1663 1185 1382 1724 1431 932 281 1841 1519 1424 1173 1618 467 1873 1014 1497 784 657 1096 1707 911 1237 1133 1645 1572 583 1571 1182 171 154 1641 787 448 1405 1732 1631 349 882 1531 1669 1411 142 1839 1062 1625 1861 1208 1129 296 1342 792 1670 998 1780 1505 259 1163 688 538 1640 56 617 157 381 870 939
1638 1822 933 1195 1464 1522 1427 975 211 914 893 441 1535 676 18 853
1639 366
1640 1427
1641 940
1642 323
1643 1411 605
1644 432
1645 1405 860 86 1276 924 1210 1127 1768 590 639 203 275 1716 415 776 1510 1329 1319 1849 1877 1562 1241 1334 998 1473 375 704 1274 921 1350 327 925 540 693 992 62 84 890 1457 406 755 1492 783 141 843 192 1105 1774 1694 1330 1681 1026 1554 835 168 1326 435 1088 1186 549 1332 472 150 1845 373 1044 1778 429 591 1702 551 1788 754 1207 1453 51 1500 148 1408 1126 976 1540 346 243 428 594 963 1698 196 920 611 1531 872 171 708 323 1565 1782 993 1712 756 545 328 1798 307 277 1869 1513
1646 1851
1647 150 1270 1153 1106 568 91 1595 1730
1648 1138
1649 507 919
1650 1573
1651 1620
1652 619
1653 1060 227 1003 1549
1654 16
1655 1491
1656 91 1198 891 315 1611 1574 1278 705 411 1757 285 1704 278 1865 487 56 1081 322 595 1618 1252 1116 555 208 403 952 218 469 1499 1288 832 1799 1850 1725 830 1118 547 700 1235 915 259 1147 1657 36 1536 1882 431 1304 535 682 85 1176 473 847 1423 1801 612 1852 308 1511 1434 1085 1169 1202 798 1280 1238 1159 273 1331 374 40 996 1379 886 856 879 1381 423 386 850 1488 1350 955 1790 310 1051 1001 1537 355 304 521 954 1223 508 183 1782 378 1077 768 496 554 269 1208 443
1657 1256
1658 1515
1659 1028 166 1403 54 870 269 1165 611 748 1791 1887 36
1660 274
1661 551 935 461
1662 571 196
1663 1803
1664 1568 110 1489 204 167 1385 1816 130 616 5 1159 479 1072 522 514 1548 988 1762 1172 362 829 40 1652 178
1665 962
1666 1611
1667 296 277 671 439 1218
1668 741 1819 1572 1014 982
1669 924
1670 935
1671 935
1672 916 1384
1673 98
1674 338
1675 218
1676 892 72 473 1464 783 396
1677 1088
1678 1194
1679 1459
1680 869 1570 943 1360 960 1113 1400 1666 145 1102 1601 1205 1096 1654 919 447 1509 875 166 1830 467 1823 1214 679 1306 1511 608 1639 1345 684 1650 1239 282
1681 236
1682 357 473 1299
1683 681
1684 1291
1685 1006 1177 873 287 829 1389
1686 1812 1704
1687 330 1409 368 1045 1816 1439 1372 621 1855 1535 1477 1266 853 917 745 1501 1410 272 1328 630 1731 1112 417 1807 99 736 244 988 263 1260 1006 328 1581 701 138 379 1396 456 1830 541 432 1614 493 692 487 934 1003 800
1688 1023 913 438
1689 514
1690 797 1639
1691 1091
1692 1750
1693 988
1694 661
1695 18 617 1455
1696 1230 189
1697 1295 1839 1410 1291
1698 1617 848
1699 1354
1700 729 1579 409 814 1764 1200 780 1492 300 1838 759 678 1115 938 1518 1535 1850 796 1028 429 666 1521 21
1701 458 38 132 1386 846 424 838 310 1507 251 1674 116 765 1441 165 835 547 121 958 1094 993 1833 1568 1709 1509 1785 1378 119 1835 637 1769 1075 231 192 431 1390 777 1618 1819 1877
1702 1544
1703 1536 1296
1704 1374
1705 1680 319 1219 1701 1889 1566 383 1349 477 1741 504 797 311 1211 1856 989 1177 1358 1115 228 842 1593 417 781 1752 1329 1433 921 658 1088 337 922 1175 1465 678 1849 1617 1117 582 927 608 1489 806 703 81 1023 1506 326 1162 534 226 1659 30 267 1226 790 1592 114 1217 1204 1079 692 906 1622 679 1784 1643 64 1637 1492 747 1210 243 1437 35 701 1182 32 238 6 1251 1419 1237 1498 1794 947
1706 997
1707 1218
1708 1648
1709 521
1710 919 1093 1666 1585
1711 1495
1712 773
1714 455 486 622 1680 916
1715 1526 1178
1716 409 985
1717 1727 653 1106 1605 1292 1471 1465 756 1413 1862 794 995 250 531 243 1713 1366 1326 1167 551 574 577 1699 1555 1303 861 142 959 527 1805 1228 695 389 740 1049 546 1046 1045 1058 607 512 966 1384 337 172 303 479 1109 599 1125 1000 978 812 847 1744 158 1684 1831 1344 176
1718 682
1719 765
1720 113 997 1421 1010 1082 408 154 1782 292 1269 245 763 950 1297 557 1308 1085 1786 73 1884 411 1158 1236 819 499 1343 1856 1317 1764 348 255 675 1670 1352 382 728 197 496 1135 238 1149 554 8 1034 1596 429 1337 92 1886 1257 912 1260 481 86 995 1322 611 1585 1196 457 1032 1780 1748 1225 282 1028 1071 363 444 1271 966 1033 827 1549 1007 114 976 1140 1152 911 863 1333 877 1083 1792 560 1691 1728 1805 793 679 232 1847 9 767 1711 1736 1491 1554 1068 1153 1532 296 873 35 686 100 400 796 1595 1878 1831 1719 1265 1516 1439 1696 1197 1298 67 1467 1282 773 1837 789 1256 1080 338 471 846 1160 1200 681 1734 886 1134 1469 334 115 1250 56 343 673 260 44 1810 669 200 908 141 1802
1721 957
1722 782 28 1077 1380
1723 1572 1396
1724 1662 1390 848 446 1198 460 868 621 1044 296 1833 347 646 778 689 1627 1091 1571 208 1039 87 1120 1542 467 498 745 141 1650 1610 1630 630 1834 1363 1415 387 552 576 1371 1349 1835
1725 1605
1726 534 734 435 1219 1865 1462
1727 1124
1728 37
1729 1731 654 216 624 20
1730 257 1012 489 1411 466 193 1630 724 1662 1081 203 920 83 595 367 834 1770 178 562 1785 1653 537 974 189 906 715 1814 557 1645 226 803 393 936 555 608 744 1474 1427 1090 1592 1368 306 1298 1698 900 1589 1291 612 1568 800 546 186 1428 1455 1795 1243 1711 1886 246 1787 463
1731 1703 884 280 42 1241
1732 1662
1733 1221 808 671 1512
1734 338
1735 1843
1736 356
1737 1673
1738 1374
1739 396 586 321 674 736 709 804 177 1156 409 296 1691 897 1491
1740 313
1741 1095 526
1743 1769
1744 1409
1745 738
1746 1246 625 578 1314 1321 410 1684 157 425 920 1069 756 1376 1884 1081 330 1846 1770 1562 1608 1883 888 902 1101 560 1524 1741 1307 1867 12 1478 714 484 892 1401 932 966 1395 1094 441 1635 395 73 404 162 874 260 1532 1528 1663 435 1862 227 1058 988 1293 38
1747 215 1351 665 1641 1373 1828 1503 202 1060
1748 216
1749 575 1110
1750 1675
1751 409 150 228 736 577 1598 1825 1380 1843
1752 1155
1753 45 1390 784 1597 884 25 1035 871
1754 1733
1755 1122 609 72 165 678 1812 1021 1767 1294 1860 1229 1054 1372 41 843 285 1490 1297 1848 1110 138 81 1193 1290 1016 1353 748 386 1814 901
1756 103 1097 444 862
1757 1565 804
1758 233
1759 596
1760 968 404 110
1761 1077
1762 1859 694 362 318 1256 1644 1729 430 360 282 1211 962 1409 1427 363 1615 689 535 80 235 624 1248 1784 1421 519 1161 1437 1769 1865
1763 1004
1764 1579
1765 1810
1766 754
1767 1040 1103 826
1768 1613
1769 935 1123 107 118
1770 974
1771 1668
1772 1289
1773 1703
1774 1510
1775 1545
1776 445
1777 819
1779 742 1313 1336 754
1780 65 1277 1204 113 1512 388 238 922 1630 298 196
1781 1291
1782 1800
1783 159
1784 1626
1785 465
1786 1205
1787 1448
1788 1025
1789 581
1790 361 1680 795 115 1429 1178 429 162 806 1545 571 272 1580 803 829 1739 469 478 244
1791 194
1792 1425 929 255 1243 1636 1202 614 658
1793 94 687
1794 1562
1795 225
1796 1237
1797 218 1059 232 688 1860 248 207 151 558 352 1567 569 253 341 635 1523 1737 1107 677 802 662 927 981 466 168 1463 439 989 1604 1044 1810 1548 571 205 1258 3 1483 913 896 1306 697 674 689 1425 122 1194 771 1056 1603 1754 13 414 549 18 268 1415 1715 201 1091 898 198 1027 68 863 229 444 1416 1882 86
1798 233
1799 212
1800 1377
1801 258
1802 438
1803 1091
1804 1211 787 738 1727 872 535 26 63
1805 600 1757 270 1604
1806 817
1807 1481
1808 1135 1682
1809 254 866 1785
1810 574
1811 422
1812 556
1813 1562
1814 623 1356
1815 1449
1816 1726
1817 142
1818 836 116 465 1081 1675 1244 1679 726 204 1308 1460 704 1279 310 493 580 1434 882
1819 654
1820 301
1821 1733
1822 1544
1823 1015
1824 218 203 1432 1822 453 991 1354 220 475 1331 1397 612 1329
1825 1022 1118 1231 1742
1826 1401
1827 94
1828 29 567 220 1436 1391 667 1310 1770 575
1829 1309
1832 497 492 552 1442
1833 457
1834 1342
1835 512 887
1836 1167 1200 1455 938 559 1348 40 1539 1299 748 354 1184 47 680 1512 1642 1374 739 70 1254 729 1013 1196
1837 1030
1838 138
1839 917
1840 801
1841 1036
1842 824 1055 1666 415 184 1590 253 309 1397 1712 243 966 1221 686 1262 287 1828 1163 306 1624 1721 1833 330 432
1843 167
1844 884 369 1426 958 1447 243 549 192 399 586 1635 368
1845 1018
1846 981 315 467 1120 1542 1344 211 912 1458 1672 152 269 1251 314 182 502 680 220 216 1415 1884 1366 156 1406 436 109 226 65 1026 697 395 802 1631 1449 96 375 1844 547 876 1239 590 1129 1769 1654 1729 610 1521 1563 1861 360 444 295
1847 1824 1450 1770 1658 979 122 1582
1848 1551
1849 427 1200
1850 1157 259 203 465 1673 435 952 132 1422 522 1223 559 844 354 644 1775 777 658 648 69 939 1803 1040 1857 37 674 484 754 676 1379 1082 1106 273 1799 426 552 1175 1530 214 1414
1851 1371 1141 1665
1852 366
1853 1061
1854 660
1855 1052 428 1540 240 1777 397 536 1456 123 479 1047 1058 1327 165 1004 20 1639 448 1043 1221 1344 1387 440 62 889 206 1715 1152 1239 287 1855 110 1891 35 603 794 1108 272 98 1025 301 1706 204 840
1856 374
1857 889 1150 558 985
1858 740 1803
1859 641 1629 1221 1790 1013 779 366 809 932 45 611 1255 1317 1367 307 1892 907 974 292 685 1019 968 136 184 412 1210 92 1556 1077 1361 724 1643 176 196 1155 244 367 1497 233 1755 1799 875 787 380 1525 1477 846 134 1267 1512 255 831 1287 716 1360 54 668 513 237 744 52 1010 1848 1873 158 1720 1134 554 159 1423 996 1530 595 1099 1778 1106 1886 1700 1609 1484 884 404 1808 1708 1838 1800 221 1409 93 1544 487 1722 1817 338 1564 531 264 1323 1053 920 1080 130 350 813 666
1860 567 1558 1429 1425 583 1602 1038 1489 1250 1704 1485 324 1630 1213 965 1563 1499 677 1205 191 1500 1790 556 1739
1861 40 1824 10
1862 789
1863 696
1864 1743
1865 1558
1866 1770
1867 1839
1868 482
1869 1321
1870 1534
1871 1149
1872 1886 781 341 819 1772 530 264 727 1231 1399 1380 1302 438 237 968 940 1825 1236 1066 1786 1789 35 1137 1680 759 907 1594 1810 966 670 1227 245 57 1337 801 1787 1388 942 1556 1665 442 1686 1879 1260
1873 1336
1874 1375
1875 1689
1876 852
1877 994
1878 1356
1879 621
1880 1551 38 1443 183 753 770 593 540 1281 76 1326 1717
1881 941 1666
1882 664
1883 271
1884 759
1885 798
1886 1006
1887 1858
1888 548
1889 1459 1376 1346 975 805
1890 1418 558 378 6
1891 1452
1892 1853
1893 684
1894 1649 1338 392 1629 987 927 1431 1828 658 568 1143 361 1349 1888 1613 1264 1723 1682 615 411 1453 774 99 120 1023 1271 1737 851
1895 729 461
1896 1398 1080 525
1897 286
1898 219 863
1899 1157
1900 133
1901 1201
1902 228
1903 1007 1403 97 45 1101 134 417 457 1576 1772 1567 650 1721 1541 1216 39 300 443 1610 1011 633 490 377 1734 911 1205
1904 1555 1600
1905 201 1133
1906 85 512 144 224 1125 323 1148 960 1242 1870 198 544
1907 815 505 1002 1509 1013 502 642 1321 1161 1326 1629 681 112 1541 507 20 1708 1533 374 1827 950 1004 1654 285 1436 1659 166 961 1213
1908 575 1779 1738 1352 1309 633 1395 1597 1451 1057 508
1909 1147 1475 948
1910 1562
1911 1449
1912 999
1913 1207
1914 1813
1915 1504
1916 1764
1917 1218
1918 169 1825 1768 1254 1390 1878 341 344 1617 1518 580 39 0 962 170 448 1192 875 752 600 1865 1549 1343 986 934 119 370 1461 695 1883 186 603 550 767 1234 1609 95 1841 617 1829 1081 182 143 1831 1266 1587 1879 72 1741 75 673 762 118 181 701 1659 530 155 1580 245 1299 734 1379 1796 1412 943 131 1832 326 1104 942 1357 1729 411 1570 610 1763 1680 1131 1110 1371 1009 965 112 1867 733 569 1147 1857 747 864 323 703 1084 790 19 1846 608 366 387 688 929 1681 127 893
1919 1210
1920 1796
1921 540
1922 1358
1923 697 1752 534 1807
1924 216
1925 1513
1926 1607 305 1572 856 1043 1658 1325 43 1118 1138 131 1472 727 1776 95 139 689 1716 260 476 928 1409 1081 1385 880 1617 1846 372 871 1077 529 1837
1928 1265
1929 910
1930 88
1931 601
1932 293
1933 522
1934 1504 1570 1141 1855 14 13 1893 957 1007 1175 524 372 1079 594 785 774 973 931 215 1126 1327 913 1029 1026 1688 98 924 1039 273 1459 194 1282 1537 331 1687 1746 368 1605 484 629 1244
1935 22 1304 1216
1936 745 326
1937 927
1938 1277 996
1940 473 794 712 1317 748 1863 1859 1325 222 670 258 840 938 1892 810 1593 163 933 1495 887 318 1219 870 1844 1700 735 1155 1811 851 1839 1579 403 827 1803 114 278 1649 768 508 1815
1941 1892 207 1699 1746 1123 418 1328 1846 603 1852 249 1571 123 113 1336 12 919 819 676 1131
1943 1057
1944 589
1946 566 883 126 461 1442
1947 1663
1948 642
1951 1714
1953 3
1955 1820 79
1957 1153 606 374 1036 657 54 819 333 1089 343 1070 696 1651 6 951 341 738 673 465 382 29 794 1466 292 1142 774 155 683 1770 793 1885 119 245 393 704 327
1959 809 113 789 898 420 895 1729 101 957 176 317 645 1766 1733 1803 265 430 1038 434 1315 1799 636 1327 188 293 1388 668 1160 1735 153 1229 469 937 847 1251 616 1849 402 938 637 439 931 747 1455 1486 413 183 1414 655 1581 673 1287 1690 599
1961 222 1883 602 784 1443 476
1964 813 916 1095 644 996 93 1711 1064 1382 328 833 98 1559 344 989 668 1015 1550 1077 1287 895 911 430 884 1072 67 761 436 1034 412 1126 129 1775 1177 1635 1117 317 428 404
1965 1626 1849 1879 849 1787 1662 1067 1433 1109 135 1831 334 1031 1241 102 657 1527 1811 342 786 359 1151 1415 560 803 680 1066 51 897 1155 1628
1966 323 1297 589 208
1967 18 448 253
1968 290 73 1189 672 1804 36 997 1174 599 1578 907 552 35 1679 249 730 1000 1015 641 919 871 298 253 1341 1371 1543 1099 1154 1470 691 1840 966 759 1406 270 689 760 1473 1864 654 321 573 736 1263 1729 954 910 1028 375 1362 383 1284 1356 122 1048 347 291 1585 950 1069 1374 592 99 980 1478 56 215 685 1699 567 226 488 1166 351 991 1582 499 1251 920 1488 1210 1184 467 507 1760 435 1823 1208 1652 1353 1182 882
1969 283
1971 1327 1807
1972 1836 889 178 124 466
1975 1234 1673 915 156 593 1274 1639 76 1195 1893 1791 173 13 98 1259 219 906 827 745 1745 1399 1249 1823 674 645 708 649 1511
1976 510
1978 79
1983 111
1986 843 795 1713 1617 1877 849 1197 1847 223 98 1566 947 126 1316 1120 1422 1399 858 1570 1890 139 1802 247 1698 1044
1988 191
1989 303 948 870 1870 1626 528 504 638
1990 1564
1991 400 1490 1740 1873 1147 1122 1498 1042 718 751 1249 1331 1867 1170 1032 662 1176 1536 390
1992 122
1994 1570 472 104 1658 1773 205
1995 42 1868 1353
1997 1302 1014 312 1644 1810 1649 1545 1682 1075 439 1386 1617 620 214 1184 1661 21 867 951 1317 1871 1655 1381 1815 155 45
2000 65
2003 1147 600
2010 1020 1372 1183 1144 1136 1499 744 354 1575 1475 413 1409 1340 1412 1003 1856 1853 422 897 1291 1794 238 1805 1187 672 830 621 599 236 1531 1796 1334 1246 1520 483 1162 832 1045 1611 1297 332 1204 360 919 1800 318 1661 1373 44 222 967 1790 798 230 708 1370 1622 1316 703 1109 635 1032 1890 1785 1242 1847 1658 1134 217 828 1456 750 1645 482 418 442 157 1466 1031 1309 1730 490 158 1769 1503 460 1453 668 1818 745 882 143 1401 1848 976 1677 209 1070 874 827 1431 115 309 246 1788 50 1787 1754 99 372 1207 978 690 1498 1388 1724
2012 1154
2013 731
2017 1836 1033 1729 1857 798 1242 432 354 1515 1157 975 1316 1196 1877 1715 1419
2018 1453
2019 589
2020 1589 384
2021 130 689 1442 236 1169 331 753 191 1385 254 1681 70 406 193 1399 1148 941 979 279 46 1031 766 1246 226 589 598 1760 1582 806 898 929 168 1330 885 1713 872 1554 993 1467 812 1693 26 198 1537 715 121 1530 582 494 586 6
2023 2
2024 379
2025 804
2026 1340
2031 702
2036 929
2037 1279 1634 618 1855 1816 888 1588 1468 384 244 647 1014 1329 48 1799 872 1745 204 781 1736 695 456 1770 1867
2038 894 960 72 1218 1331 842 1437 105 1181 998 581 1319 910 1753 147 1827 312 314 1296 1103 459 42 1106 1430 1596 1058 1164 1114 665 1517 1014 979 1798 1209 1160 1097 1089 321 547 1651 454 986 750 875 1143 1576 851 1157
2040 1407
2043 135 1854 672 533 1010 1680 689 1221 735 34
2044 237
2045 1746
2046 1335 499 940 166 880 1646 679 116 1186 580 1395 1333 349 1382 1683 1626 450 1376 219
2053 766
2054 1310
2055 962
2056 1104
2057 1632
2058 750 218 1054 1494
2059 582 1238 541 125 1591 718 1412 1664 1131 135 680 204
2060 1239
2063 1558
2064 457
2066 308 999 1647 1093 1536 1664 1066 123 1186 724 1283 672 1851 1498 351 953 1134 365 496 1367 1457 1630 808 1626 834 578 422 1529 610 559 1200 1721 386 198 511 1168 1402 10 252 259 690 1435 1866 756 1074 913 1336 607 1702 215 1484 1891 222 447 1380 1215 1670 812 828 1758 541 333 435 1060 810 37 1130 1660 457 1352 1111 520 1042 704 354 1778 318 1503 1577 467 313 611 547 1538 207 1620 434 1266
2069 715
2071 1634
2072 1510 1421 176 886 995 809 1802 46 137 179 801 419 1804 287 1363 971 1593 56 1651 456 1774 646 1633 202 1761 1853 614 959 1030 726 1613 822 1806 1491 1170 1098 1488 1445 913 448 1570 1053 190 501 951 1267 1261 1155 1021 17
2073 1076
2074 63
2079 1645 1577 815 562 1674 601 693 234 325 1304 684 803 317 348 314 25 1130 1818
2081 306 1229 1092 1533 804 36 646 1458 390 1027 1073 795 1472 1049 1665 1672 224 1573 123 517 897 1370 401 1335 30 767 802 1262 705
2082 1871
2084 300 1120 1885 701 1187 1228 1242 198 171 1202 707 1372 1793 355 57 948 463 1887 575 250 867 773 278 1034 356 905 192 1247 1276 221 21 1295 478 208 96 45 1821 151 1048 1353 1474 1850 384 1681 721 140 906 1429 361 332 415 1225 1460 43 162 456 1481 1025 73 375 69 1873 1274 1461 1262 1867 196 1837 1342 692 12 1677 614 884 1383 883 177 1568 501 1802 919 82 1060 1123 305 1114 333 83 1418 1651 627 824 108 1551 1588 1288 16 991 1636 1857 435 1537 1528 788 485
2085 494
2088 744
2089 1458 384 865
2092 271
2093 1672 1506 704 207 427 457 1359 260 62 1224
2095 909
2097 860 697 492 487 1167 105 458 1645 797 464 1368 1072 749
2099 985
2102 570
2103 1812 1760 758 1071 1502 1416 1522 1506 608 819 1797 1557 601 1347 338 125 207 1053 223 1598 1353 1252 46 295 445 354 5 201
2108 216 1231
2109 725 899 1132 1834 1554 1815 1334 1173 1735 1585 1339 1053 1638 343 24 296 1852 9 537 1763 1169 1025 169 1855 66 1728
2112 466
2117 1494 1470 1777 1543 974 237 1420 1872 1207 910 610 696
2120 132
2121 624 1601 943 1839 1095 864 579 1061 1254 1798 814 882 374 748 111 585 802 133 1650 1518 178 1451 686 551 1752 1822 1294 1308 1275 342 815 1071 39 1305 376 1170 990 266 21 317 1183 779 1408 757 1692 1831 240 557 531 1199 1509 1883 336 726 1524 755 310 29 548 409 1502 1609 1226 1685 944 762 1274 262 1216 1687 271 1889 1844 1271 1747 1875 1200 84 1721 793 1202 1879 451 1783 1359 1705 101 1867 766 427 38 993 1115 483 1628 1498 1225 496 1788 123
2122 1569 1685 790 878 1052 902 1288 663 1270 979 1322 341 1196 800 375 1552 869 473 343 1509 1010 456 349 558 476 1038 1592 92 397 1428 1811 1342 1304 166 1212 1408 87
2126 72 745 1689 1505 1312 184 1222 218 992 1651 16 335 1423 562 389 1802 494 903 1563 500 931 523 1521 1382
2130 1260 365 860 856 479 1010 1354 1540 39 29 1163 1831 1375 1116 1871 1286 563 463 1169 404 93 258 626 1166 1419 776 1011 1083 1559 1875 216 791 923 21 1109 1130 97 1440 1675 554 1890 142
2131 1541 1377
2132 583 1201 235 1382 171 858 602 1041 881 538 1229 388 1528 1015 415 1187 1456 870 1175 1702 202 427 1841 490 1534 1010 1371 276 1862 1473 338 1342 1036 1467 1643
2134 1146 154
2135 746
2136 893 1027 1144 159 366 1132 1089 1419 511 950 1295 1345 465 1279 1376 1152 695 1346 1208 469 1600 125 1642 1185 1880 327 1674 387 1663 958 1372 1102 204 577 910 1218 742 525 1262 669 514
2139 1210
2140 1024 661 708 1241 1293 365 417 1690 1404 884 93 640 290 610 606 743 12 401 815 1844 1874 912 1146 1448 144 342 267 1111 1802 1189 381 1401 763 1754 1339 1271 1253 164 932 1691 243 1618 9 525 1021 1613 960 457 1701 356 1342 8 489 1847 1760 1170 1817 1624 77 690 470 1135 579 203 1416 345 1019 1387 1822 1258 29 1180 1634 879 726 727 42 1204 967 1728 1886 228 1394 1829 1351 1075 1145 1875 1622 1665 1158 454 1415 1757 1526 182 527 283 1410 81 1521 1093 1764 861 1340 659 399 842 104 152 944
2142 765
2145 657 976 619
2146 1381 1542 1555 7 1616 704 816 122
2149 917 788 845 45 1671 1442 339 610 607 1443 780 784 1252 966 1461 1230 190 1065 176
2150 601
2152 473
2153 1555
2154 1153 391 552 1601 370 866 44 771 399 483 1798 1088
2158 1666
2159 1290
2160 636
2163 777 1491 106 1124
2164 1055 957
2165 1552
2166 656
2168 1831 1131 419 954 1491 159 1387 1456 802 233 1675 116 609 211 497 865 1045 981 1039 825 1047 1301 782 1710 1243 1406 1481 1380 427 1584 274 1535 283 580 1845 1291 832 1031 460 1008 171 1265 911 1015 670 700 1659 973 1249 252
2171 61
2172 687
2173 1892 335
2174 1103
2175 1444
2176 1280
2177 1150 1512 1086
2178 284
2179 773
2180 1722
2181 1081 1586 998 1079 886 476 1174 1887 162 626 251 1122 1436 491
2182 663
2183 1197
2184 1199 1861 67 472 698 902 1126 1280 1302 1466 239 1439 42 1201 1390 1379 817 1150 1068 1038 995 0 1879 1528 1016 788 64 221 396 1234 1394 1431 1333 446 1771 1698 1285 1340 360 715 861 980 1770 1308
2185 980
2186 426 1641 1114 245 496 21 406 292 1545 1658 860 266 638 1423 1698 1280
2187 1057
2188 1662 514 1691 536 1171 1348 707 606 212 271 224 1354 970 796
2189 1715 502 471 497 1765 741 960 1791 1328 704 323 46 197 1197 583 554 1699 724 984 874 842 177 916 1847 1760 1537 1437 366 1878 1246 1790 1770 1532 1647 813 114 1565 613 139 34 445 165 1162 696 135 1371 1400 1866 1065 1886 521 1436 377 1375
2190 258 1743 1136 1413 1813 910 1695 1576 1369 4 1061 1465 1091 174 1756 1598 525 1646 1082 626 1502 976 1673 727 1779 150 505 1558 1611 548 1631 89 993 1422 604 1311
2191 180
2192 1589 566 870 1474 734 162 271 124 837 1278 50 1370
2193 1450 390 1239 57 1788 80 495 1603 587 1347 1546 1612 1344 432 385 1576 1323 329 1851 833 295 53 1879 710 1444 782 1623 1501 789 1496 743 1533 821 1726 306 1867 1078 648 1291
2194 1020
2195 1109 384 1631 1826 1107 1774 32 1413 1756 1181 718 1010 370 1509 1802 1723 1066 498
2196 71 1043 748 1863 1406 261 94 537 868 1673 1880 1247 97 1864 996 637 430 1238 43 1344 865 1740 576 1140 533 1032 1062 392 1306 346 85 307 659 1337 1675 545 1737 1884 1644
2197 1399 981
2198 944 736 897 787 277 1472 1485 52 1150 514 218 1439 1882 1870 1597 1575 396 24 1371 10 155 1545 828 164 1338 1810 1111 455 367
2199 436 80 1142 789 52 1660 623 306 1155 1771 1374 486
2200 197
2201 128 896 946 1334 490 1022 1875 944 1098 1104 1829 1282
2202 453 1641 93 1160 11 626 683 1782 447 405 571 1859 443 54 569 1314 1737 1174 365 57 1675 1004 1801 71 6 52 322 857 1638 1015 762 736 563 970 758 423 1726 1514 1651 1322 945 1711 630 1680 1519 189 925 440 1142 292
2203 700
2204 462 1421 513 1790 60 1132 1588 1875 109 1621 1551 538 1151 1744
2205 1667
2206 1306
2207 1307
2208 26
2209 1097
2210 1821
2211 1416
2212 274 932 220 1459 849 1078 217 1 1177 1108 1864 195 1763 1371 1807 950
2213 852
2214 695 985 954 822 1147 1238 1754 1211 1355 1467 1051 1514 1032 1706 1587 456 1438 1744 1217 810 182 839 1328 1889 835 70 463 1530 331 1413 1377 528 1389 1028 1559 1742
2215 310 710 1494 1235 881 155 1462 188 762 1332 1340 1271 1469 726 1431 1427 1313 1783 471 472
2216 1648
2217 832 110 1373 1714 1639 1878 396 55 1197 1113 119 737 172 1326
2218 193 1465 893 973 817 296 194 1663 1123 1029 1550 615 495 43 1288 857 605 1047 638
2219 216 877 1392 349 1163 1469 1222 85 1155 655 729 558
2220 1256 371 140 1019 802 151 987 218 521 803 1451 1388 299 1331 1176 640 704 556 1358 973 63 1500 1325 1751 702 16 1324 51 768 1692 1854 943 554 1441
2221 236 463 1129 1376 513 244 367 946 904
2222 1377 389 1821 765 1671 514 652 221 1016 887 1452 1718 741 656 853
2223 1306 347 1714 1199 1055 1696 1353 482 1666 659 1082 519 594 1164
2224 1834
2225 1340 1042 707 402 1709 1722 1247 10 1721 1224 199 1409
2226 924
2227 1781 840 551 1711 201 1255 1281 1580 812 683 1154 1549
2228 606
2229 770 1213 1139 53 1398 1807 247 1795 1102 1601 1155 1073 28 14 1459 507 0 701 400 960 1127 315
2230 349 238 773 569 147 736 1766 1450 144 1207 1172 127 935 6 1740 1617 1413 1855
2231 259
2232 411 1164 1212 1598 1853 1323 1698 1126 1017 1339 1360 564 1280 682 738
2233 1381 1252 56 740 679 1888 1160 1023 771 427 39 1453 1327 308 1226 861 178 577 1497
2234 96 1766 99 1220 1822 369 898 390 1171 1640 1098 849 736 1548 1146 1763 53 1856 1050 1387 393 51 1739 124 1181 1347 1397 54 756 973 1685 50 174 1207
2235 1692 1867 1443 1570 773 1803 1318 874 1037 53 1453 1423
2236 1121
2237 2 213 697 1427
2238 1338
2239 1152
2240 1601 433
2241 1445 384 602
2242 1117 1008 1019 598 965 814 502 1865 116 1432 1115 440 692 927 275 1397 1125 1262 64 1292 198
2243 1759
2244 512 547 1317 946
2245 31 653 1613 1791 1168 990 1807 711 949 514 442
2246 1592
2247 780 709 927 743 1497
2248 54 1494 882 1570 796 553 1035 986
2249 1349
2250 1794 1047
2251 106 111 360 708
2252 722
2253 699 1741 512
2254 666 1599 687 1174 1489 124 1209 636 404 178 1727 1375 939 1408 691 348 1596 148 1530 1010 1825 1263 1617 84 1420 1725 65 1871 698 414 1467 143 288 950 49 832 692 1537 1843 1104 649 138 300 1395 1748 1190 1651 655 743 1381 823 1204 1671 999 959 1281 843 1265 1831 204 366 942 1158 197 484 81 1117 1163 519 1019 1886 447 236 1711 1167 1532 1521 776 1298 367 1618 502 1676 1632 567 713 1301 1578
2255 1377 378 1282 1719 1185 1429 1077 85 1733 361 701 319 203 779 1547 1549 1865 189 567 1458 1380 1560 477 756 1821 1858 205 1032 278 1400 416 1439 826 1103 791 97 555 1566 1595 1697 1419 660 1162 786 358 842 113 1367 1881 1609 301 1754 1550 516 707 608 1411
2256 1844 160 240 465 1267 35 9 549 754
2257 1048 1018 77 1552 776 868 1162 1639 1860
2259 734 824 492 1045
2260 1080 1581 315
2261 608 1088 1622
2262 91 1794 709
2263 1695 1773 1727 416
2264 1859
2265 859 1413 1739 814 718 1623 668 1074 1240 1589 1275 1320 1553 82 1344 826 1114
2266 336 414 347 593
2267 125 819 489 1419
2268 785 1563 496 697 1220 161 1569
2269 1651 1173 1622 1841 1295 1857 996 1004 1262 790 448 820 148 584 9 1204 394 0 1390 1019 88 1298 117 857 514 493 822 119 270 1060 391 256 1556 712 928 1029 1798 1561 342 925 1071 1606 1677 412 942 390 1278 305 619 681 1741 1300 1446 1189 1246 1030 1528 988 1850 997 407 1186 1566
2270 387 1257 324 531 1709 789 834 949 1432 58 1116 1411 1736 1370 1209 461 1226 1495 474 1839 1477 1368 741 75 594 892 327 1470 1305 1465 395 410 1365 984 592 237 749 1808 727
2271 1622 1287 165 1506 1863 1660 1257
2272 44
2273 1697 1412 1251 1782 575 110 1600 678 1249 898 654 1070 80 533 427 945 1770 578 365 1811 626 1813 1656 703 1643 423 1551 334 56 958 693 587 1829 1574 1587 477 301 911 1385 148 639 468 647 1866 130 1511 1450 1810 1657 1792 442 1059 157 757 319 1812 1543 577 406 1715 259 97 1333 144 728 1471 1815 918 1175 531
2274 1333
2275 495 1491
2276 378 1632 1095 1881 214 574 449 1686 859 1409 416 592 247 83 915 233 1472 988 746 28 1440 570 1575 1157 404 719 803 465 266 1888 1578 1153 432 1158 166 317 17 1025 316 736 1650 74 1260 1474 690 733 1815 1631 1679 384 676 49 1266 1196 1021 1620 1768 79 1662 1395 1003 1527 1360 281 1716 496 1813 507 953 90 221 1523 39 1338 1654 1488 1402 1322 521 1749 1855 1355 218 1731 1591 1863 607 1730 133 61 1810 1364 1398 1545 1170 252 357 1858 1425 1053 1595 244 1348 296 1502 1582 1880 1770 1463 400 1194 1204 1043 689 1649 171 769 1601 1356
2277 1769
2278 1852
2279 1643 730 544
2280 881 536 1328 356 989 498
2281 1282
2282 1363 62 1607 1244 382 1433 1425 1461 1053 860 1066 458 1638 912 48 1673 1161 924 483 1734 438 462 1758 1276 1302 1411 751 98 861 1525 895 1400 1087 948 19 1709 1553 735 771 46 1156 1406 60 1412 83 731 1789 107 1477 1330 117 1202 461 96 922 1365 1357 395 789 106 1503 1540 1292 1646 1111 1785 81 763 815
2283 1826
2284 52 1473 1421 1673 90 591 397 1746 1062 717 1368 1838 419 1565 1845 226 703 1731 958 756 1374 1415 1815 282 1885 375 1325 682 114 1520 1153 522 1741 1196 849 78 417 1246 127 448 915 1066 619 1189
2285 880
2286 1810 813
2287 967
2288 1078 216 352 118 954 1134 93 1578 1709 1481 53 427 1024
2289 552 1871 1259 103 584 464 1641 1240 601 1561 1411 1482 1863 1853 844 1505 159 917 1360 296 262 1448 352 983 1757 1842 937 276 911
2290 802 1128 1059 1678 838 1872 520 1812 1301 1200 1861 450 1763 399 1391 1219 941 574
2291 390
2292 372 1498 1213 35 28 327 596 1257 343 1357 1035 1139 1674 716 324 1778 419 617 849 1526 1391 163 662 145 1660 1883 329 231 1591 1711 907 1046 856 1548 10 1724
2293 1072
2294 1011 964 1607 141 1468 612 1179 1734 1786 1788 1570 334 1588 583 1491 524 966 672 1263 774 163 1026 1221 346 1580 1041 1551 836 1681 1149 1098 431 133 1720 899 149 574 907 68 173 1142 1527 560 1727 186 1373 876 683 59 1642 135 1850 1648 1358 331 735 957 1541 1184 1777 430 1542 740 1384 1496 988 1857 270 1032 1205 544 1436 1812 1287 1108 1110 888 737 0 287 476 663 1091 1719 260 632 780 246 411 1046 607 1505 15 1755 273 1230 1481 1760 349 969 1836 815 1792 1824 1475 1739 1000 386 1315 473 1523 873 837 902 382 1052 858 1718 550 771 1536 1849 569 34 497 1754 680 1350
2295 1299
2296 1045
2297 1549
2298 578 1797 503 1081 1141 701 1893 1521 309 1814 1823 1097 956 135 1784 1835 749 1616 1452 1094 489 575 1373 1367 1634 565 472 55 277 1726 1231 1307
2299 1270 1847 1585 532 1689 1827 1105 1576
2300 1360 357 1011 340 634 911 1667 966 213 229 725 924 1139 947
2301 636 1639 156 475 1677 977 511 548 747 586 278 623 1056 1791 1873 1762 1634 210 146 758 1881 685 1141 396 1844 386 147 1223 246 1779 1240 730 185 984 201 1687 1319 4 997 1772 61 962 1008 1040 1422 947 1451 1324 420 1780 1870 254 447 213 1710 1824 869 1856 647 679 529 1215 418 411 888 644 346 764 702 19
2302 133 1284 1290 1624 450 1122 1071 294 260 208 302 44 468 1143 329 1593 1318 1367 1129 416 1308 1662 1794 1326 1822 94 230 828 6 1712 1476 1711 1499 824 1381 777 658 1092 956 174 974 1248 1653 135 1592 1394 873 1146 79 520 88 684 1601 1864 72 13 1884 724 1509 1539 595 943 1162 41 175 1759 1547 1687 434 259 1793 605 459 526 935 1 797 1100 576 424 403 225 1619 237 262 765 584 1281 736 1376 1403
2303 1640 838 55 1875 1197 59 1852 1828 158 887 1718 1092 30 225 1578 174 710 1860 1717 1385 450 1549 877 40
2304 1279
2305 123 7 1755 1207 860 71 241 771 405 690 415
2306 1721 1629 861 1064 946 1460 56 1330 1830 1441 773 322 150 1084 1758 705 1438 1077 1795 817 1133 1846 1520 89 551 1477 394 1293 550 300 1260 30 68 1677 1100 1439 1405 1134 1253 297 693 1638 1667
2307 49 439 937 976 423 1550 170 315 106
2308 1066 728 420 1421
2309 937
2310 1067
2311 940
2312 235 237 207 1887 1817 664 1113 495 333 539 1610 1512 86 1292 885 1608 741 1624 288 1456 896 1740 165 280 263 845 1749 1688 899 1534 1216 645 1116 190 1511 1806 1372 132 4 166 140 349 1525 437 463 1495 54 262 913 987 1251 1765 832 728 802 1348 850 1402 1007 527
2313 59 1482 1075 1052 389 1004 605 258 110 1755 797 1241 170 748 1567 991 1830 1220 1090 1581 1764 1585 1842 180 799 723 713 194 1178 660 1262 764 1520 1668 787 353 1323 914 539 520
2314 49 1845 323 1283 159 1336 957 358 799 655 1607 222 1357 1345 505 1492
2315 1207 1002 862 1331 1389 1015 1310 1251 1569 1112 967 1486 384 751 869 1436 1267 938 1384 1658 654 162 133 442 742 34 1811 963 1476 934 1672 621 1321 818 971 350 1495 961 1508 397 454 1210 886 1087 56 85 952 236 222
2316 1025 645
2317 263 94 195 136
2318 644 1419 1828 870 1220 1020 88 1022 241 236 1266 1104 1683 1500 1215 692 1869 146 1652 232 248 779 1035 1142
2319 1197 124 1874
2320 890 144 1149 355 1593 1072 1546 967 1398 462 629 1764 977 1016 614 1282 916 961 1132 1595 621 807 1512 264 1014 493 1494 509 1393 1376 1388 217 1389 1129 1776 1722 1136 222 675 910 1084 697 1828 606 255 1756 448 1698 716 590 1363 1649 1868 1374 755 738 1433 1301 1001 1382 1731 67
2321 41 147 1006 404 214 1604 541 215 312 977 355 726
2322 362 822 73 119 1247 504 343 251 1580 1246 740 862 1550 1796 1349 414 1693 382 129 824 1576 4 930 1566 754 92 876 1236 859 1361 243 1453 1551 1649 719 1180 1136 541 583 1446 762 271 460 532 1262 564 156 222 1598 60 1716 1704 1462 363 72 1174 1239 826 1077 891 1606
2323 119 1619
2324 1043 1722 101 1877 600 453 168 1646 1431 98 961 965 353 348 302 1178 984 530 1294 1252 1811 698 1066 1189
2325 338 1112 1495 818
2326 67
2327 1372 1779 1090 927
2328 1329 1836 942 1434 1633 1407 1408 803 564 636 180 1279 1613 100 1632 1711 568 421 1073 1023 1856 75 356 1344 1431 915 1009 1880 711 28 436 693 911 1675 1774 1784 359 504 993 1755 397 1623 591 878 1446 576 1661 701 1736 25 637 1175 1637 777 1867 187 185 1275 1292 72 893 690 1622 869
2329 361
2330 1765
2331 1563 238 159 1673
2332 1403 936 367 1639 1199 159
2333 779 1413 1013 335 331 1393 534 1789 1893 757 1743 1087 1861 1697 1086 1788 1817
2334 482
2335 1514 1679 1656 399 977 1058 448 813 1754 1313 231
2336 106 53 103 385 1680 296 1006 753 29 1277 417 1433 851 1365
2337 964 1792
2338 11
2339 933 1648 180 545 292
2340 692 112 1675 210 864 1344 1857 1261 400 1875 396 1236 974 548 790 186 1525 1444 870 735 1752 1520 1682 1684 150 928 13 1195 879 370 1671 640 1791 1291 1688 702 1886 230 477 424 1267 934 937 1749 1559 14 1588 741 1780 1021 699 1814 318 1393 1254 894 871 1605 660 1052 144 1475 203 1121 187 451 288 1430 12
2341 1199 1459 179 1106
2342 72 1441 376 1294 803 1186 500 1578 1227 703 37 1112 1592 436 497 358 1044 218 57 642 675 439 1593 693 190 461 682 1417 942 1584 428 1462 1537 634 477 145 1512 971 170 1323 1465 1381 143 843 487 1737 415 1641 763 560 985 1372 185 1522 789 1871 559 1858 447 519 1394 1383 354 695 650 231 1067 1726 908
2343 356 1063 628 716 955 243 1394 1154 867 1187 1420
2344 586 191 1204 941 359 1326 413 142 1332 1620 225 1391 822 1892 969 1199 1885 1366 987 674 1594 1483 1212 839 1484 555 1069 556 37 1891 1667 1881 248 1315 1752 304 1378 788 744 527 1868 256 988 721 702 1708 3 560 852 1788 219 950 238 635 1517 496 1176
2345 436 309 1298 1302 902 1024 1079 448 1868 1721 1798 642 421 750 1128 1467 1434 1409 764 1297 1217 225 1822 1275 977 1844 1623 983 864 513
2346 1247 1579 701 730 410 1265 566 778 1681 103 894 1389 1188 1092 1285 709 1054 1622 1372 270 1267 553 1127 868
2347 1072 688 671 1429 1292
2348 305 648 1886 296 1147 751 1033 542 70 644 49 1616 773 329 1547 1394 1439 1014
2349 1620
2350 1254 1467 762 96 136 1661 1565 196 641 954 540 1439 1755 1790 964 367 1319 1227 117 1508 740 797 678 264 499 1038 1084 390 1479 1321 61 530 1311 1064 731 1035 1496 1634 618 660 811 1167 597 598 284 1746 823
2351 1818 1502 1781 854 704
2352 1629 111 1153 285 607 185
2353 414 757 1319 1536 1170 499 1802 600 245
2354 1517 1813
2355 1099 783 959 1323 1386 1084 234 1405 175 1377 1673 1711 55 1134 1666 126 318 1805 488
2356 1870 13 1584 1390 289
2357 23 1288 98 1276 1361 55 1387 407 1319 1428 778 1617 1024 297 1111 1878 806 1305 512 1304 723 498 1225 1354 1647 1843 1749 195 57 824 1787 1516 1027 479 466 452
2358 634 1614 646 1156 1770 649 1035 1247 295 9 943 567 118 771 219 1666 1520 1717 1445 1154 1783 983 30 393
2359 939 675 1265 1258
2360 1427 568 220 1492 110 476 1322 1008 273
2361 1682 1713 924 670 732 1819
2362 1275 1537 691 1783 1276 72 1244 1888 1555 1207 644 1844 629 160 1589 632 1065 780 436 1610 942 917 1785 411 1598 968 1183 1506 1738 369 744 896 619 1628 1085 756 1158 919 660 1064 937 897
2363 577 1788 696 138 205 774 1215 1331 11 647 1279 283 1806 1745
2364 1793 340 875 538
2365 1615 1597 619 1417 819
2366 58 1328 1277 326 373 696 361 228 381 1588 1608 1685 464 1168 27 1208
2367 1828 1796 604 1059 962 542 1220 1758 977
2368 297 276 1154 1493 996 1363 1419 668 165 268 16 1198 1447 93 137 1150 186 1044 1394 628 1572 1205 963
2369 510
2370 1001 809 1783 980 1625 1019 7 1786 1824 969 1770 1676 1254 830 1416 70 1830 1467 882 201 1444 926 1270 594 242 447 1628 797 1745 217 365 1747 1175 563 1686 1839 1205 434 832 1810 1299 674 1661 1678 787 1272 1773 796 1168 341 1057 1012 1580 137 1490 897 1262 1337 1807
2371 1756 1085 1334 367 1031 881 257 40 23 350 1471
2372 461
2373 1156 642 353 288 598 1688 214 1131 101 1568 269 1214 1761 1721 1458 1820 476 1867 1403 1730 210 508 1122 1118 1505 600 447 560 82 478 133 1842 757 1635 1487 1074 1291 366 729 1570 1774 1428 200 1129 475 530 773 1176 250 495 925 1135 351 1678 349 108 181 1406 737 1877 335 1374 1532 1106 1381 949 1245 830 627 914 377 180 203 872 1025 22 1418 121 946 1162 296 231 1808 287 582 28 1038 1709 1464 852 984 620 1594 1423 1422 744 1795 455
2374 294 739 620 988 1761 306 1385 1877 1599 117 608 1037 526 1647 1744 644 263 1426 226 951 1749 758 876 482 1200 541 1237 4
2375 1462 1839 1069 1570 1068 1115 1386 1654 823 620 790 662 1792 38 1834 1169 1272
2376 470
2378 1592 212 1709 1349 1030 273 1411 34 600 112 1833 1285 1515 461 398 645 316 616 1722 421 1831 1414 1716 1848 1875 74 59 1386 1453 175 1527 1651 1697 1061 480 239 869 414 473 286 649 1458 485 9 1478 1181 1474 1766 1493 1143 1701 365 677 562 1107 1153 516 1854 1301 1643 67 1119 254 290 181 358 844 1139 1399 1797 1230 1333 1002 1359 169 111 313 671 1879 1293 1154 1805 1481 384 1086 1702 348 624 644 1466 1407 828 379 85 1022 889 1296 1321 1418 1804 167 812 306 1807 1231 451 184 194
2379 1586
2380 1011
2381 221 875
2382 1570 1463 1160 571 1687 779 1070 160 1819 828 477 1809 104 374 229 369 1254 1693 167 1138 337 406 870 409 1793 1011 285 699 1736 241 199 296 1263 1403 1108 71
2383 1548 1477
2384 743 1879 1254 1763 110 424 811 709 463 746 1569 1785 1859 590 325 1744 419 935 327 528 926 900 957 1813 809 1564 1768 258 344 866
2385 800 153
2386 569 1654 732 1545
2387 1551 293
2388 1629 1566 1356 1544 1443 676 595 1710 386 540 10 200 740 53 1432 1565 553 449 1769 996 1298 1663 132 1488 1119 890 1763 1168 61 1132 1695 1092 506 721 1124 1518 1579 788
2389 1852 1413 1116 688 134 1690 1455 1860 961 1105 1803 1349 1827 915 1680 1019 379 1600 666 485 124 1593 1082 227 700 1120 13 1147 1796 858
2390 1656 582 853 996 146 1333 1473 1326
2391 350 444 906 1849 216
2392 1683 860 573 1649 227 1304 1016 328 1485 1186 1733 1375 604 150 1378 122 439 904 1038 687 1117 33 816 1194
2393 1823 73 1548 514 1459 1004 61 1279 953
2394 1137 958 982 1644 1436
2395 174 179 1713 1738 1684 953 490 1805 386 1232 323 1616 327 804 243 1250 852 556 1676 292 1298 718 1123 1385 863 262 968 995 314 236 139 1883 1076 49 1869 1696 336 1757 713 548 1841 658 1704 1761 1308 875 689 82 338 1539 601 1606 337 1559 183 1822 1146 1451 1716 306 708 1800 1730 573 1396 1159 114 726 1517 1038 761 1357 1807 717
2396 904 751 1038 1024 1561 248 522 1500 1763 1387 999 234 755 413 545 350 1032 1111 1622 1280 442 1392 1819 365 1152 1832 1029 1670 449 306 1697 1684 363 1744 1039 1665 836 946 694 551 1642 1595 1180 1384 627 269 1106 1857 659 1667 1305 1671 1730 628 953 1502 660 748 1377 594 1417 127 396 1587 68 1567 64 325 1408 212 1834 649 488 852 922
2397 1394 10 1646 460 1756 1467 1293 1154 1 237 421 484 1691 1335 988 1342 841 154 1656 1286 164 1877 770 1410 967 1019 17
2398 203
2399 137 83 1381 1275 1178 1738 195 133 67 1358 1222 1790 562 626 462 35 77 290 977 1037 471 289 1576 33 1427 798 711 847 1196 615 305 951
2400 164 1548 127 954 706 470 1779 1240 1045 1789 1766 1821 1782 989 162
2401 552 524 1179 1655 1232 621 1036 1833 710 283 1668 1076 1244 1027 1677 1723 344 1371 647 705 1709 1280 974 1191 1175 1149 379 397 1670
2402 244 226 1575 1716 1730 985 927 1094 665 1655 578 769 431
2403 790 263 1529 888
2404 1791 1326 765 831 1436 427 947 1742 1701 1015 1385 1545 451
2405 1169 1050 1854 1158 1010 150 973 147 487 688 1440 1850 1284 455 740 1875 1465 1408 1088 1433 1234 179 122 743 1644 1721 592 1139 1876 1619 1629 369
2406 216 656 463 838 1376 928 1649 287 102 1450 1238 1794 1564 741 78 1724 807 789 1291 1244 218 1431 1344 269
2407 204 1090 85 828 1498 1450 1375 1638 21 1496 504 1567 861 514 348 474 1433 773 1545 251 1156 678 1806 352
2408 878 1680
2409 462 1803 1652 1864 505 1489 929 411 88 698 978 1548 751 991 1452 1078 1710 814 868 1835 121 971 126 390 1738 1818 707 53 977 1516 819 917 915 98 829
2410 1461 303 877
2411 167
2412 1028 556 1785 219 1340 1465 531 131 369 1390
2413 221 815 1321 449 1113 1844 1155 254 1239 447 1482 1413 1217 1320 1339 302 1002 171 1185 199 1062
2414 1146
2415 1723
2416 687 6 201 1744 1082 153
2417 1412 1737 658 1547 258 260 853 270 631 1234
2418 1603
2419 685
2420 1862 1635 1712 831
2421 1787
2422 240 494 678 285 1475 1639 1538 1015 1400 887 1653 377
2423 485 1645 696 52 390 419 590 848 28 1500 998 649 1251 876 1770 1338 1064 931 679 941 629 1361 1564 617 903 1472 657 635 1490 525 1135
2424 445 1263 1145
2425 1351
2426 1859 669 1049 1117
2427 57 903 777 1634 978 1737 1881 285 1293 1538 1527 1313 949 898 1762 812 773 1609 330 1503 1627 92 1839 897 1719 1062 1335 105 1819 495 1870 1284 489 450 794
2428 1002 1537 1431 238 1838 1019 411 1437 1524 282 1700 114 438 169 1390 24 918 834 829 586 1876 915 1468 753
2429 1675 471 1342 1505 1204 1681 746 205 48 1138 1799 1364 1790 1516 1636 1544 428 280 1597 1044 1409 1093 841 830 1100 1792 902 1145 1388 1276
2430 1486 1009 70 449 903 1566 540 384 510 1734 1097 1579 529 454 163 427 650 1773 1396 312 677 133 636 1381 983 260 1742 1142 1268 1078 1885 1793 877 341 1831 158 1655 1074 1704 1051 1338 1849 1449 1768 1601 1588 640 1589 295 1413 1346 372 207 76 1770 218 1105 285 1107 581 1204 1670 280 170 1550 749 183 740 44 1598 1096 1499 1258 941 493 169 469 301 595 1506
2431 188 1258 820 812 352 994 570
2432 992
2433 1342 27 4 267 358 1362 930 1220 1802 899 1624 337 1546 579 642 705 383 938 1068 1774 609 410 0 1470 25 458 1279 1151 1050 1058
2434 862
2435 1249 1470 399 1447 368 16 432 1494 1206 292 344 788
2436 41 537 157 284 337 887 829 637 1577 492 1452 1670 785 1532 1593 7 1203 584 1753 1893 656 777 1549 1359 1353 934 479 202 595 1613
2437 5 414 1149 313 1661 1405 1040 123 997
2438 1158 1502 1660 844 1098 1218 1648 1113 311 722 1079 256 945 436 1170 1811 1503 917 1131 213 801 731 375
2439 431 600 365 1243 1888 1742 1624 1289 1511 731 120 1133 830 974 319 1500 860 1384 1318 913 383
2440 1842 116
2441 750 445 1440 1016 578 88 1392 887 326 528 290 809 242 114 1476 486 498 313 576 1161
2442 1765 419 1252 1151 724 997 1595 303 1682 831 1378 1459 1095 669 72 25 975 288 1156 1412 1474 620 1755
2443 973 298 313 336 296 1474 917 647 1829 805 1542 1428 180 1595 681 505 495 75 27 309 1060 28 285 984 1634 771 1566 129 1800 1781 1017 1772 896 1695 1835 1298 1005
2444 1565
2445 1422
2446 1154
2447 727 765 1106 1838 724 1186 452 1801 1221 1857 1382 325 1798 298 539 532 662 743 913 705 378
2449 1230 88 1012 29 736 1539 1378 1407 1593 915 1252 778 1478 136 28 1748 907 1712 1702 433 865 1879 232
2450 1583 1135 1216 911 695 562 1313 1183 149 1176 581 582 38 1274 1849 508 1167 1758 925 756 658 991 152 1332 1637 393 1076 1371 1788 115 1466 801 540 1098 987 654 1138 1017 85 716 861 820 323 471 65 1815 1668 1547
2451 160 1740 1368 1261 108 278 957 1400 915 1635 1453 285 494 1060 985 407 1201 234 1678 462 1829 1690 531 16 1326 1171 519 209 563 804 346 533 1074 1164 1648 1703 32 438 664 844 458 1713 415 1586 1882 384 1125 970 568 1369 327 1719 792 687 888 1202 861 909 1632 1159
2452 69
2453 1720 773 1787 1843 112 1885 193 1763 651 557 456 1418
2454 1278 1492 220 1646 581 1813 1096 1074
2455 943 192 74 7 1792 1726 845 752 862 1742 291 1880
2456 802
2458 877
2459 347 1378 470 569 582 1606 1655 272 479 1853 1664 1168 210 1731 890 372 379
2460 1560 424 412 178 1369 744 169 1311 409 159 1408 404 709 897 233 1691 224
2461 1387 410 252 448 1332 1477 1571 655 1458 1428 1427 1043 635 36 1109 944 641 943 570 62 1805 952 406 1281 1005 316
2462 648 651 693 447 520 1059 1467 749 1782 379 48 205 1733 773 819 1310 203 589 940 1434 231 816 1458 636 164 753 1860 1020 480 396 1023 919 1890 1111 575 14 1538 1323 189 424 569 154 1344 1057
2463 31
2464 1209 1772 1431 1351 743 674 1106 1603 388 1128 1013 1773 436
2465 786
2466 1125
2467 1668 1071 464 1772 922 1320 1822 685 128 554 1769 434 308 1394 832 1890 98 701 1262 105 550 1003 488 761 440 692 1794 297 345 904 1618 1755 1410 783 549 1271 430 114 1692 1738 1626 731 1830 437 1213 1011 1886 397 1641 647 790 204 407
2468 866 122 1302 781
2469 1252 1153
2470 320 959
2471 1144 1368 1267 667 1217 628 773 1840 1195 1201 348 323 681 135 1357 1024 582 1822 1032 673 366 1266 565 1320 943 973 747 842 771 657 214 337 1096 1778 1636 1704
2472 1304 148 504 461 1338 1576 1453 1075 1028 741 1629 432 1332 1611 1413 1628
2473 150 618
2474 1389 1593 1557 681
2475 1570 707 358 133 732 131 1024 405 1415 597 1640 790 877 1763 45 1633 904 1112
2476 547 265 343 869 1717 481 1325 278 875 1564 1569 267 239 621 551 671 423 1009 223 706 1363 80 558 676 261 1750 1305 832 1037 1151 1806 937
2477 49 1447 1253 487 34 1334 1313 1621 1321 1149 937 1098 1303 168 1288 1548 805 30 1041 1489 1207 945 1069 1224 848 1225 1229 1302 1218 456 1429 1130 230 1384 261 1882 1345 1222 614 1209 1741 1459 995 575 842 250 364 491 1411 178 1285 1417
2478 427 1459 119 1420 1651 302 994 706 1230 893 91 1196 1352 1172 1240 1632 707 1177 825 1309 974 1305 395 711 1845 1122 641 425 541 337 393 212 555 1217 591 1644 714 350 1587 215 353 741 1515 1850 934 99 913 292 1380 1628 12 1618 1342 1103 228
2479 437 1275 1530 855 28 1786 613 262 530 56 1145 174 972 600 1497 1335 584 286 784 1424 489 1215 1480 1485 1732 1547 1696 1793 860 1127 1380 715 1587 1328 384 970 1673 1713 928 1076
2480 116 281 1416 1774 739 1876 421 493 1059 1265 1007 4 1127 827 109 644 1882 1368 486 993 1606 1018 727 1166 979 372 1617 779 410 992 180 1046 287 76
2481 1403
2482 1788 382 694 790 1187 1878 1663
2483 862 1366 903 406 179 766 630 1832 436 37 1237 1826 1730 1282 61 424 1337 1360
2484 1418
2485 1437 449 1733 646 1075 1381 671 1516 388 1719 1498 1249 941 1592 1284 1193 439 1489 532 1250 1770 857 741 923 960
2486 1127
2487 0 1406 798 605 14 893
2488 319 636 538 949 1038 420 17 1820
2489 927
2490 29
2491 219
2492 290 1020
2493 823 1258 1088 870 1495 412 10 1873 1658 190 1457 490 436 465 281 1035 1299 1631 1185 1552 1688 1515 1163 286 1707 202 1744 962 3 362 1353 888 1405 1809 1027 256
2494 1283 192 1762 1113 722
2495 1481 847 148 636 1620 175 1568 23 1183 793 798 145 1403 768 1285 349 1297 1828 392 325
2496 395 115 1678 1452 1811 1589 459 588 1519
2497 160 377 100
2498 1707 1731 1336 284
2499 1790
2500 1664 509 1144 1722 1390 970 1268 330 932 1165 992 827 929 1128 1718 328 514 830 17 1336 1498 615 383 273 1250 1613 813 1694
2501 1787
2502 674
2503 213
2504 696 947 557 408
2505 1668 1169 1269 1293 256 1214 1044 1450
2506 289
2507 23 1563 11 1069 561 489 1333
2508 1823 236 1878 1391 1385 921 482 273 498 1085 214 405 1051 29 1558 675 1036 1509 1412 620 158 79 503 1022 883 327 361 892 1800 1544 712 1281 562 252 1522 690 265 771 1850 1682 1142 434 1127
2509 1667 997 221 1702 396 356 1419 1882 1286 124 1639 1863 209
2510 1889 249 1706 110 194 590 795 95 271 394 1582
2511 1048 333 1049 1217
2512 468 1674 168 826 1024 1684 790 818
2513 635 1036 1392 1861 922 1552 96 720 184 27 1348 1697 1584 1541 1489 528 985
2514 378 1063 337
2515 1433 611 1723 1052
2516 353
2517 1705 1518 619
2518 1203 1728 1553 35 1573 46 192 1225 937 872 1093 1490
2519 507 568
2520 918 1604 802 1774 807 144 988 8 797 1453 217 800
2521 1733 1727 662 1056 85 1676 1852 801 1499 1004 187 1774 334 1785 919 690 856 753 846 1837 1498 605 214 1472 944 686 872 860 925 1006 201 729 1007 1663 1704 238 176 1764 252 296 84 1083 41 223 1141 1489 1424 1497 734 1360 1150 1652 1236 405 1647 804 1243 932 1075 1370 1285 1736 393 1892 904
2522 869 161 719 58 1464 1466
2523 1533 409 862 992 1473 1058 144 1014 1551 1020 692 391 1321 913 1565 1493 1263 1546 650 1476 1716 380 1509 853 1372 212 789 1851 592 1547 1198 1393 1354 1030 1197 1206 1593 188 1401 575 205 1512 293 557 715 1805 346 1729 991 1641 1785 1053 78 797 85 1724 1184 1748 741 742 91 701 959 344 576 642 1826 1786 1186 172 1205 1622 1736 1880 1628 1892 1576 1191 1183 1448
2524 209 497 574 1734 1297 1692 1365 1639 1121 1780 644 437 1150 1839 1552 361 1137
2525 1419 1502 402 1641 736 1733 910 1553 379
2526 99 1035 1361 1176 24 497
2529 627
2530 1168 874 208 1014 960 1659 1487 1379 388 117 1618 1865 984
2531 1160
2532 1427 1786 1480
2533 1170
2534 814
2535 1549 83 443 1472 1729 722 834
2536 321 1681 1850 1892 1821 388 46 340 236 953 668 1141 1198 371 1723 1184 439 1190 1473 671 402 972 61 244 1563 470 1353 1011 1490 830 1477
2537 1798 1141 678 423 1727 386 578 243 1587 612 1058 590 324 879 1356 1175 1263 1064 1152 1517
2538 1093 697 1394 1544 908 1133 768
2539 926 1171 500 549 798 1111 1404
2540 710 295 375 1374 1074 1011
2541 1132 961 989 1091
2542 1015 1815 1185 875 116 1817 858 1389 1125 1055 1653 1089 1394 798 916 1390 1489 1629 588 1521
2543 970 1102 610 832 361
2544 1687
2545 679 189 1094 1483
2546 1302 1276 1042 1329 1738 1006 1291 100 1103 1548 1716 1513
2547 1892 1315 521 899 1723
2548 839
2549 1655
2550 28 1642 1573
2551 1512
2552 953 77 221 1842
2553 1462 1043 522 621 1467 1381 455 315 1201 380 481 1871 1299 146 396 268 1417 1508 142 1178 1684 1748 1359 507 894 837 1244 1724 1549 558 1336 1107 526 763 1261 1098 1373 23 1122 579 835 1287 1104 1726 1605 1066 433 292 1237
2554 1601
2555 929
2556 533 1889 614 814 1755 1264 1089 568 717 1168 1123 1273
2557 1234
2558 1225 361 975 649 1238 518 1443 1200 1734 97 1245 1094 195 170 300 290 83 381 1579 158 725 1383 204 1361 1442 1077 751 167 439 814 1081 593
2559 312 769 790 1098 1099 1331 1136 409 1583 1338 353 1488 430 46 1045 1184 250 566 233 267 1666 1651 703 1023 1433 901 986 125 1001 1092 1781 1344 1517 1457 1573 1550 1410 1751 1401 390 1801 1802 638 533 1536 1753 741 639 1584 1769 1026 693 1414 1308 960 148 217 481 1797 231 810 1733 1623
2560 1642 1081
2561 381 229 1574 14 358 486 1170 1646 937 1714 336 1796 1102 1770 1165 66 1045 522 929 887 1557 1871 1637 1509 1352 649 1211 1055 88 807 1375 1326 1735 660 1231 1501 1317
2562 1214 1509 756 809 1609 102 1116 1204 1115 64 609 898 808 147 1779 945 240 1751 33 1810 190 598 993 1808 1131 374 548 1696 984 1728 738 1876
2564 671 120 1518 834 1065 1098 1300 1501
2565 1600 81 376 957
2566 1884
2567 872 40
2568 314 1414 628
2569 1843
2571 31
2572 806
2573 1610 1714 126
2574 1602 1578 1310 1531 646 891 1846
2575 573 342 1472 1044 629 18 36 11 1863
2576 248 996 1043 857 775 977 1136 894 1706 927 164 90 1468 1370 107 76 41 1854 733 1261 180 1783 257 1117 1875 800 339 1355 1536 558
2577 229 1078 1597 463 1542 1519 1165 283 400 1040 115 1398 1555 1136 585 572 532 820 1133 1343 668 37 220 1403 411 1328 1145 183
2578 1039
2579 186 1744 1572 1826 1196 400 1185 1241 280 1834 191 1508 42 1039 677 1085 937 659 468 782 1209 1720 505 53 1257 1065 694 476 423 1477 822 245 563 1243 1837 290 1083 1349 1270 889 1244 206 1112 1467 881 259 1411 1027 690 1385 862 1175
2580 512 1849
2581 1352
2582 573 1371 1404
2583 696 1591 706 1088 494
2584 760 838 1290 506 523 1532
2585 594
2586 914 1498 335 940 1745 1673 1873 918 1049 1618 431
2587 283 1031 163 1144
2588 177 1845 1010 930
2589 1363
2590 905 139 1031 641 659 942 1561 539
2591 987 1610 1040 309 559 606 523 1359 951 1493 892 676 798 161 1094 1535 1556 1844 651 904 1182 1209 1859 210 790 1889 1447 1339 1150 1562
2592 459 1093 1842 271 1750 1551 785 718 885 251 1184 984 1119 1324 1669 1618 1213 791 1136
2593 1817
2594 1405 1269 1194 243
2595 788
2596 733 941 1864 1631 612 1111 1512 876
2597 1234 1865 1867 955
2598 80 1854 951 653
2599 1604 978 482 1721
2600 1846
2601 965 1824 439 285 144 520 455 6 1333 695 1076 1661 922 1420 1171 1219 351 1663 1313 1064 1099
2602 1818
2603 336
2604 1463
2605 1725 1443 1396 1251 1625 1507 24 872 264 389 1422 1376 1349 174 716 1537
2606 1014 258 232 1455 913 1560 1594 329 607 1263 1097 1307
2607 648
2608 1698
2609 1200
2610 1271 515 213 863 289 1300
2611 22 1040 1247 781
2612 336
2613 1801 1757 824 878 929 130 133 1396
2616 244 956 228 14
2617 1611
2618 980 1663 161 1868
2619 1057
2620 307
2621 353
2622 984 488 609 185 1002 1856 1462 528 1881 181 575 847
2623 746
2624 855 1636 1557 619 1538 1278 179 716
2625 833
2626 48
2627 44 1683 827 1362 918 1285 900 1759 1685 1309 1627 1420 1010 1022 1067 206 1714 1763 431 552 136 645 1662 717
2628 1304 1380 1230 218 1810 362 915 1606 1889 1630 589 1579 493 1094 558 1586 1002 1494 57 1538 1286 1185 205 1216 1678 332 1363 40 763 104
2629 787 1761
2630 651 1201 451 275 1792 1139
2631 359 1801 494 1570 1105 233 1065 438 1884 1360 1293 353 555 756
2632 339 757 545 226 641 762 294 1162 1697 1087 1769 1206 612 1070 775 1353 19 607 562 1047 619 1529 195 997 958 680 457 597 588 170 10 766 1030 1301 654 1469 1603 77 876 1518 701 390 1651 780 462 378 1286 536 1396 276 586 653 1816 1459 1196 1649 495 1592 846 256 1282 1303 835 695 13 1647 1226 1437 1531 1338 1011 1082 693 1761 576 1105 1572 1212 1710 260 1627 702 1471 1013
2633 1242 1748 270 760 369 1336 241 10 1378 1494 1695 1269 575 1625 301 407 1354 733 1444 542 1055 1209 173 440 107 1548 327 1053 1826 1648 1243 273 1257 1786 27 350 664 183 50 35 1682 1431 353
2634 1632 70 478 367 1737 352 620 101 1142 10 1768 1343
2635 26 479 989
2636 1215 581 229 215 1629 933 230 784 1226 1873 132 485 853 614 1739 1054 1509 1028 514 993 262 1460 715 1289 1411 1675 1390
2638 1042 574 1073 1418
2639 644 1357 1774 380 1669 1696 1511 1695 1173
2640 592 465 187 455 1691 979 560 52 1641 1600 3 1509 197 1223 1181 124 247 1767 228 11 891 522 1200 346 380 582 1792 576 490 333 836 746 1659 563 1227 1761 1579 668 170 1437 1112 1311 1348 1416 1086 254 1386 1250 1056 1085 1411 1432 702 1835 693 139 978 1290 238 743 605
2641 552 754 1239 1467
2642 525
2643 792 205 40 1703 689 1293 338 1755 1774 56 1154 822 694 449 1539 1068 610 1238 572 754 1470 761 1515 1139 408 1269 393 179 1123 778 1833 1780 1552 934 828 1557 1524 702 539 1867 1205 517 538 992
2644 1626
2645 48 1023 1304 1609 1094 251 969 1531 884 267 518 1490 358 680 697
2646 173
2647 1815 745 1751 196 1125 61
2648 800 965 895 1610 1440
2649 617 1807 724 1131 624 1649 917 1178 1377 1651 730 184
2650 21 862 735 1652 1184 139 214 273 587 785 1598 124 1677 1005 931 1170 486 927 466 690 92 1428 1681 1321 897 1553 1087 104 1840 215 1207 289 304 978 250 1612 1638 890 884 356
2651 736 372 1854
2652 2
2653 172 1396 1744 1149 266 441 418 1344 1607 1757 275 1339 1306 1878 121 109
2654 970 1511 635 35 1607 934
2655 1427 222 1612 1062 535 1131 1759 488 490 786 596 1172 312 230 713 311 1702
2656 903 1571 1148 1479 1619 1069 97 972 6 199 1066 325 1799 175 1722
2657 1668 1691 1383 180
2658 973 1191 1474 148 1228 1860 629 549 1442 1466 708
2659 1290
2660 1009 256 1550 284 92 473 634 762 1428 997 1432 558
2661 1296
2662 447 1376 1516 397 1528 1658 1766 1441 740 174 1682 1247 1295 1290 944 1303
2663 66 1431 1605 547 825 76 101 1717 694 384 1363 98 652 1234 713 1732 812 1878 883 1131 1697 845 1491 726 186 45 414 1158 1762 1259
2664 969 1406
2665 277
2666 1093 1124 1125 1787 46 1018 1594 846 1236
2667 74 1522 1073 553 1423 1684 982 1144 1427 252 1172 330 303 341 444 1347 1494 555 566 1330 1203 1667 604 581 958 1648
2668 1648
2669 1368
2670 933 855 1645 592 1393 842 243 1604 277 441 1537 1266 743 677 554 778 1551 1340 308 1871 703 1519 1202 1629 235 1748 433 935
2671 1161 54 493 1758 1264 1265 1496 437 522
2672 705 435 1160 238 1680 1234
2673 178
2674 1062 1404 1159
2675 484 1282 1032 624 1097 1315
2676 77 804 1048 245
2677 814 1586 1308 838 331 148 968 1456
2678 1544
2679 1385 948
2680 1794
2681 636 471
2682 799 1553 438 503 1131 539 665 671 585 690 1655 7 185 259 1359
2683 114 1147 1189 1079 1279 1475 480 48 1172 1452 311 1353
2684 1147 340 784 1466 851 932 598 124 1417 38 1381 14 1242 1375 999 1013
2685 672
2686 1190
2687 1216 38 1502 237
2688 911 619 602 49 436 1314 179 555 1076 363 380 247 154 1293 1515 540 1889 1668 684 1571
2689 327 306 1173 1055 589 1628 1211 1206 410 1214 308 1652 1520 1720 1115 1325 1170 1524 1484 1485 854 1823
2690 1037
2691 1371 436 1548 886 214 526 1796 1586 198 901 1716 1631 482 1355 927
2692 1661 1625 10 1830 921 1182 1271 470 1248 1878 985 1518
2693 1045 758 1204 206
2694 712
2695 1758 1632 158 675 1452 840 1272 1228 1724 329 274 1234 234 1345 410 955 1317 1595 1213
2697 631 1439 984 1742 829 1420
2699 492 848 145 1379 1487 239 199 864 1690 1099 785 1245 1702 790 1841 290 655 151 1051 247 917 1109 1050 635 1043 1162 343 663 868 1348 519 574 1541
2700 355 666
2701 1428 241 1615 551 1176 1373
2702 647 1423 988 1180 908 199 1220 1798 1678 566 1831 267 390
2703 1549 19 1056 53 1548 1034 92 1211 373 957 1073 1332
2704 920
2705 551
2706 564 365 1393 637 1397
2707 946
2708 790 1281
2709 1599 1443 357 1182 952 306 270 1617 1555
2710 720 474 1204 911 741 1803 1834 97 1136 355
2711 284 1148 623 573 3 315 930
2712 222 1413 1803 1400 1816 601 1665 945
2713 24 1422 34 29 1420 1327 354 1240 989 1121 18 883 1330 1008 1520 1646 1154 286 1305
2714 1606 1875 362 1489 1857 310 471 345 1033 298 466 634 538 287 556 150 1862
2715 960 275 324 1025 61 1516 110 1846 552 1104 1301 1448 1355 1317 1055 1698 551 1637 530 346 366 1397 727 1307 1451 1819 972 418 69 455 1053 528 1102 1818 1706 780 1377 111 1122 442 1660 942 1776 562 1790 463
2716 297
2717 1511 1524 1889 1527 659 977 1743 487 471 484 690 463 1046 441 1040 1590 1228
2718 378
2719 963 1263 1317 835 317 580 1129 73 1823 1198 1656 1279 732 325 328 542 1368 273
2720 1847 921 310 111 161 981
2721 1744
2722 917 659 1310
2723 676
2724 681
2725 1790 602 986
2726 1621 1465 1017 254 1448 826 1011 1298 1018 1075
2727 481
2728 1891 19 1155 439 459 620
2729 1653 246 1600
2730 1620 1405
2731 555 423 217 1703 512 912 1516 452
2732 309
2733 437 1824 1215 197 1321 84 886 371 68 578 907 1734 971 1181 876 408 1893 87 1606 461 1142 135 1778 818 1217 143 1201
2734 985 82
2735 914 1612 359 664 687 1837 953 469 31 1527 210 1049 1548 96 1093
2736 691 1032
2737 1752 459
2738 1648 368 996 1420
2739 1732 344 1003 1601 1501
2741 1825
2742 494 141
2743 1342 1892 932 597 1872 1591 1575 126 1291 801 1658 1135 480 540 1450 1359 1126 925 1636 1316 1254 1064 1033 194 905 1459 605 1585
2744 1160 192 1567
2745 149 1231 1134 1020 1420 1556 101 432 381 386 664 119 1532 1084 186 1308 413 479 1309 1410 313 335 999 1821
2746 1793 758 543
2747 1352
2748 1490 581
2749 50 850 814 1158 804 936 1180 1596 1199 1545 539 260 1794 13
2750 1395
2751 1581
2752 1078 1780 1598 1029 1172 60 1247 144 364 1042 158 362 169 331 1859 849
2753 444
2754 984 154 68 355
2755 1802 347 739 1841 1452 273 121 90 553 508 385 97 1175 144 1130 324 1047 1587 1355 243 317
2756 105 1275 1264 445 1809 989 726 167 439 1013 865 1831
2757 1089 230
2758 621
2759 1147 598 1673 672 141 1285
2760 1276 1538 877
2761 1312 1665 1884 1204 1749 442 1435 522 115 1814 207
2762 96
2763 493 1314 798 944 1412 1035 1108 397 1197 26 948 670 1878 169 869 418 1156 11 856 911 376 864 1593 1030 1319 628 30 1292 1469 1230 1760 1802 83 981 433 996 1523 283
2764 347
2765 1174 627 149 1337 565 1195 373 1682 264 1127 464 1742 684 1488 843 73 1480 278 281 1743 1242 485
2766 472 700 1395 1451 217 1018 783 1263 396 167 917 332 885 1802 136 1824 70
2767 176 1021 1364 972 1092 1619 684 622 674 991 605 1886 1025 1449 993 52 854 86 1116 1629 1359 1680 728 1563 718 1181 1530 1089 1424 399 661 1157 1673 799 1818 892 600 1594 1525 484 349 1801
2768 1447
2769 1491 1693 660 877
2770 1442 846 1335 642 1187 1632 415 1803 333 492 1021 695 683 1459 1717 1134 435 1086 1097 416 1523 1679 464 468 1375 186 546 1222 514 1368
2771 1050 666 1187
2772 1892 1445 1590 180 72 1178 44 311 1745 1115 169 0
2773 822 843 1744 187
2774 1430 1288 1890 1451 1197 1837 142
2775 1007 152 1239 972 1800 827 1555 825 1889 242 784 346 600 283 1268 1570 1640 393 440 1110 53 228 1709 1398
2776 1014 1542 669 20 949 1140 1574 1773 416 195 271 421 457 237 1774 660
2777 618 220 786 580 1165 1517 1525 847 1439 796 1097 1420 1199
2778 1883
2779 1674 1087 599 1435 1289 1738 1604 856
2780 141 291 137 1353 1236
2781 757 300 170 87 128 1130 606 1184 930 667 638 365 741 1449 704 1511 934 1504 1112 826 1728 296 380 344 1325 117 1591 1378 684 1716 568 604 1715 198 993 186 41 743 1831 822 1071 446 1289 1562 299 1330 450 1491 1842 1719 1381 888
2782 1711 781 515 1396
2783 170 956 1805 750 1311 285 111 624
2784 951
2785 1434 14 1413 920
2786 800
2787 322 1441 1692 822 1576 1647 333 1788 264 697 122 886
2788 936 483 1851 1533
2789 533 1839 846 526
2790 868
2791 1597 61
2792 1433 339 127 435 1207 1022 216 1740
2793 443 446 73 747
2794 1564
2795 116 1506 1095 996 1809 839 1043 602 1378 1090
2796 381 1748 959 908 806 1078 725
2797 1728 1578 1819 604
2798 698 47 177 1240
2799 285 1768 388 1573 1746 358 188 879
2800 790
2801 157 1420 592 373 1538 45 1506
2802 523 106 597 1214 505 1065 789
2803 139 1888 1008 692
2804 1341 893 446 128 1798 1595 1478 899
2805 733 618 1667 1296 1635
2806 708 1387
2807 1088 211 1893 550 1379 1594 1394 1429
2808 1795
2809 1164 1077 1753
2810 843 235 1284 43
2811 203 1473 712 1587 725
2812 771 1147 1091 1257 58 133 1010 149 1516 1040
2813 898
2814 1599 316 1784 858 1829 1160 1647 261 1539 1623 142 1271 1713 1848 620 1489 946 176 1223 1538 3 1453 273 1399 513 360 1047 1481
2815 493 1676 73 1666 416 1776 616 1051 1268 1166 1576
2816 1687
2818 1303 393 228 1152 223 460 199 309 749 606 1884 932 7 1216 1222 1053 400 530 1722 216 488 746 1368 1770 1678 45 708 576 1453
2819 12
2820 1629 50 1707 1725 931 1595 1119 1772 523 1523 1841 729 1394 1090 581 690 1127 632 114 369 275 335 937 1504 1020
2821 1225 396 1554 1504 1511 1690 586 525 1863 559 725 1836
2822 833 905 1005
2823 1314
2824 427 1489 568 606 409
2825 1174 1767 948 257 642 1084 869 1081 1286 1059 1738 1351 1350 1553 1866 398
2826 340
2827 1840
2828 377 372 920 917
2829 1335
2830 1312
2831 1062 521 1009
2832 1791
2833 1205 596 1359 1598 398 876 1835 718 1086 803 1547 1324 646 1311 152 1289 1229 1029 1157 1473 1843 681 1795 1471 242 1770 463 1504 1366 1886 658 625 1692 669 1537 680 527 1476 342 1270
2834 1021 388
2835 1749
2836 867 828 474 503 1676 618 382 1633
2837 1237
2838 532 1502 231
2839 777
2840 938 11 1553 733
2841 1388
2842 1818 66 1792 884 767 1324
2843 726 195 371
2844 1404 1314
2845 1415 1607 922 176 349 572 1196 1162 1442 455 479 1629 625 540 204 654 813 1032 1681 1228 1773 820 1231 1544 1557 1634 427 1081 1243 311 790 1419 343 1782 1301 211
2846 1425 1366 1068 877 930 1428 546 1830 1707 545 1610 1694
2847 1711 1080 1881
2848 268 6
2849 727 1569 563 164 1213 138 1223 1680 1782 1590 1229 1224 621 1500 1847 1460 1262 1121 1326 661 1374 1644 254 1763
2850 592 346
2851 163
2852 169 345 1718 342 1079 1401 677
2853 62 1150 237 102
2854 458 1865 178 1144
2855 536 1381 1354 1180 1191 1501 1646 1324 951 1859 369
2856 205 1338
2857 685
2858 17 1137 894
2859 896
2860 1180 1758 1041 582 1676 1107 1045 1885 1009 829 1292 1375 164 1117 1489 1659
2861 1249 1848 1333 424 1566 1039 90 1461 814 304 965 298
2862 661 1332 978 1636 725 1703 458 1322 445 92 482 1380 845 165 1858 1320 1235 1220 444 269 818 1565 50 529 1673 1175 1475 1582 859 240 1362 803 1544 953 1868 1382 1692 617 284 1844 1786 402 1839 849 1160 423 976 1575 1138 21 1448 464 982 172
2863 941 587 831 1610 238
2864 1414
2865 301
2866 1716 849
2867 619
2868 669
2869 1348 1129 939 1181 1499 1541 445 1047 1512 98 1581 193 362 479 416 696 1613 942 1739 1468 1194 1694 1557 450 1547
2870 167 368 1235 267
2871 1823 49 139 479
2872 1528 587 659
2873 1809
2874 1358 1134
2875 1821
2876 101
2877 1893
2878 166 463 1242 319
2879 402 1791
2880 1189
2881 1123 1725 303 1588
2882 887
2883 1713 485 1891 900 1547 945 1542 1582 1719
2884 144 614 1477
2885 127
2886 581
2887 1382 1879 1853 1786 1421 1720 1052 632 1561 929 1097 491 1687 71 186 1322 1870 1604 650 561 255 12 1076 1134 420 646 1605 565 523 312 714 519 1027 615 285 560 1264
2888 1209 270 1052 1386 1325 391 170 116 1248 137 776
2889 182 1451 995 903 1336 1130 924 1476 385 1191 879 259 1521 1818 43 631 351 1612 1240 1043 770 1663 1491 1156 1325 183 121 194 1449 1863 646
2890 433 96 799 709 198 237 989 854
2891 1732
2893 1821 311 1831
2894 772 1740 90 1050 620 1331 1332 1215 1530 690 1361
2895 990 433 1728 46 1831 1081 1706
2896 1146
2897 459 329 338 1791
2898 474 1397 395 660 1137
2899 1766
2900 358
2901 123 442
2903 641 1387 170 1535 1678 1721 1622 768 985 1854 109 1847 1057
2904 1752 73 542 196
2905 780
2906 1205 1871 229 1472 1548 1334
2907 1366 647 932 1499
2908 587
2909 1485 478 403
2910 1125 1599 166 1029 242 738
2911 483 703
2912 13 975 1755 964 1687 163 1714 1476 1404 914 1359 130 213 1579 70 1211 1556 1720 1571 464 1661 233 1822 957 1721 507 657 1777 1308 1558 1217 934 428 369 204 794 776 466 1401 1630 506 1813 1328 1683 1005 1841 681 426 217 1071 696 277 1746 1762 1178 814 1702 391
2913 523
2914 1180 404 1015 1724
2915 1452
2916 1732 761 1844 1534 399 1576 1583 487 27 621 462 533 1338 583 1196 239 778 1221 1211 1105 1767 304 1481 839 1115 1018 628 625 465 503 1443 1065 436 564 1354 28 1307 49 479 47 112 1175 228 1687 1473 1698 17 468 1303 195 153 248 1379 642
2917 1174 963 1105 1628
2918 441 1843 353 421 1131 469 1631 327 1606 266 1040 131 662 1309 554 502 1864 1874 296 1030 1486 622 65 337 817 755 732 1181 686 1324 381 556 788 1202 110 349 495 1541 1554 523 254 66 1094 210 1086 758 1390 594 1154 1560 55 1741 691 1594 1460
2919 1212 1183 532 1356 575 1028 188 1103 1788
2920 1791 1597 665 666 717 1571 1708 1561 1437 817 394 601 1315 1149 248 1871 548 237 1775 1824
2921 1364 226 1147
2922 1032 910 1818 396 471 1005 1738 1447 1669 479 881 608 1769 1620 419 792 1582 1047 236 377 206 616 837 506 114 1056 128 1363
2923 1246
2924 1027 470 675 297 205 837 33 1088 510 617 96 345 1893 1732 1062 1237 954 1674 578 1623
2925 7
2926 1265
2927 545 1867 1259
2928 1652 216 1532 666 598 307 1456 1657 863 274
2929 1703
2930 1734 168
2931 841 1507
2932 979
2933 1004 1534 368 52 1597 579 706 464 1851 461 929 1522 1634 810 1230 1632 957 1250 210 1450
2934 1356 1863 102 1550 824 452 79
2935 1316 1586 1694 1496 1143
2936 154 224 1042 939 1145 1849 1554 213
2937 675 1525 1386 240 99 726 1740 1414
2938 1632
2939 1770 1348 835 1612 1761 1356 206 811 1775 862 1794 318 1883 1520 1461 1271 85 1138 932
2940 24 38 1639 1663 940 745 759 23 527 19 1353 1159 566 235 1473 402 1059 475
2941 201 136
2942 9 1665 1834 1320
2943 301 355 1878 373 1414 625 610 1745 813 906 175 1449 865 677 194 987 1454 1717
2944 376 1745 831 730
2945 408 1388 1504 1078 546 55 1284
2946 1184
2947 1817 615 347 920 433 1728 653 1174 1143
2948 113
2949 617 963 319 101
2950 889
2951 1738
2952 1791
2953 644 1622 270 449 1076 345 283 515 719 668 374 292 63 1266 650 210 342 540 703 1376 1478 846 384 1333 1317 225 306 1554 1846 1870 50
2954 739
2955 884 632 1760 1256 674 53 1720 1251 1364 1816 365 854 305 1069 1285 1680 1008 775 1409
2956 1462 1846 203 587
2957 1670 365 1052 1032 756 1090
2959 461 1629 1742 981 150 126 533 629 1198 124 1027 200
2960 520 872 1110
2961 1647 1752 1005 1280 1630 78 695 395 1391 1123 1538 1037 688
2962 434 1498
2963 340 1358 1879 1866 1607 1441 871 1513 1425 1342 1271 1837 644 1322 621 255
2964 1672 288 28 68
2965 357 1431 1864 1426
2966 1268 471 614 1767 344 1845
2967 190
2968 648 1764 1845 1002 451
2969 174 1454 1290
2970 1804 1814 1421 212 1702 1672 1762 672 114 1179 1364 1596 1237 271 1308 1079 418 93 1261 312 298 156 1619 464 428 1855 993 63 528 1420 676 1669 1486 87 448 1379 1100 876 33 1061 340 1320 627 402
2971 1122 926 1704 881 1628 1834 757 1506 824 1561 197 275 1112 1755 115 858 1272 1754 1865 727 661 1641 1618 326 1843 258 217 74
2972 1427
2973 1479 1144 1413 694 1267 918 1556 214
2974 432
2975 17 555 347 1752 437 1137 1298
2976 1373
2977 665
2978 1246 1067 1769 1697 1310 1600 1438 1776 90 801 1190 104 632
2979 1188
2980 1056
2981 1275 1314
2982 1706
2983 1574 573
2985 1193 1554 71 1175
2986 1397 1324 272 216
2987 108 1099 1842 1038 1808 189
2988 471
2989 333
2990 731 479 1121 633 207 1458 1607 295 1730 1439 933
2991 769 451 1891 509
2992 628 1560 163 873 355 1003
2993 364
2994 199
2995 263
2996 180
2997 616
2998 1335
2999 38 1400 1426 145 803 1714 1104 192
3000 1280 1309 1302 688 197 1455 624 1310
3001 21
3003 389
3004 177 326 1258 35 520 495 173 332 1108 913 1123 1818 893 899 960 921 719 806 608 839 1866 1279 1690 1704 1052 1612
3005 844 1051 1730 735 393 177 1822 1204 1852
3006 1411 1078
3007 967
3008 1665
3009 139
3010 1814 116 1612 1293 1451
3011 1421 1614 801 577 323 688 1591 59
3012 1041
3013 486
3014 1298 408
3015 1478 1382 923 1395 1689
3016 512 1011 322
3017 523
3018 149 1070 834 1415 1270 1334 596 836 43
3019 733
3020 812
3021 763 57 754 1482
3022 1368 1076 344
3023 784
3024 1296 1564 1077 1391 1549 145 321
3025 1149
3026 379
3027 1772
3028 554 978 897 97
3029 115 531 836 615 510 56 1816 1489 57 907 333 632 959
3030 1882 734 1591
3032 1578 1540 1063 303 901 222 334 584 1743 1495 1226 1287 1809 1753 1164 974 946 1280 1192 1262 1763 599 1382 1736 1757 1064 155 1225
3033 638
3034 1420
3035 1750
3036 835
3037 1448
3038 1047 554 1083 151 66 788 1763 332 574 957 157 805 723 816 1281 403
3039 377 55 693 543
3040 227
3041 1033 869 1810 1544 619
3042 865 1195 772 283
3043 1883
3044 1362 490 395
3045 1189 1100 97 1237 664 1214 327 1367 547 439 1238 1364 1392 1079 181 708 1128 1336 1096 512 340 324 800 1748 1049 121 352 233 226 883 1161 1589 836 864 1415 1731 95 336 1153 1301 1421 1490 379 1124 1856
3046 1746
3047 1140 227 1578 1863 758 532 1394 1547
3048 786
3049 455 776 798 1566
3050 583
3051 581
3052 1437
3053 469
3054 107
3055 604
3056 1317
3057 290
3058 882
3059 894 1504 1780 133
3060 1573
3061 1155 1325 158
3062 1224 787
3064 760 902 1051
3065 1566 1588 1504 156
3066 1387 1278
3067 781
3069 307 943 1235 1029 1506 1469 1443 275
3070 1376 274 1139 170 729 912 177 392 1387 44 262 1676 1341 471 1813 336 1662 1035 1846 863 448 1274 1892 190 845 1515 1351 1649 1324 601 1653 1289 1074 429 1638 1742 1239 971 843 1126 999 1451 1481 820 780 1250 876
3071 1095 1622 1726
3072 1307 888 1014 340 1617 1625 961 1651 1064 1463 1746 1743 498 447 366 1696 1698 372 799 433 1038 416 140 1191 874 1668 1091 365 638 404
3073 92 884 972 1143
3075 1410
3076 1260
3077 943 246 759
3078 1489 1467 963 1656
3079 1884 414 103 65 540 682 781 983 1452 1367 1067 1842 836 1119 1797 1670 698 1295 377 310 313 1796 260 1803 1542
3080 1578 790
3081 629 1320 236 611
3082 557
3083 871 1092 983 1332 1640 57 1373 1665 1489 1845 1391 1159 251 1657 1018 1268
3084 795
3086 847 1394 865 744 1136 1693 1422 210 1725 463 879 1657 849 1460 337 344 1581
3087 1114 771
3088 1404
3089 56
3090 1457 1434 747 50
3091 623 33 1537 976 1178 1435 1775 624 428 641 643 587 1655 234 1394 973
3092 772
3093 1738
3094 20 236 1891 1396 1755 1214 999 1672 794 169 82
3096 1367 157 1511 236 1287 462 1748 1089 1112 441 1409 127 1252 37
3097 1724 384 1239 1770 169 499 21
3098 264
3099 568 223 323 1064 815 694 1509 51 1451 511 1752 1076 646 258 114
3100 327 373 544 1205 366
3101 1439 1232 246 616 454 366 1677 155 1657 237 1479 1016 354 584 734 796 1536 127 1626 718 160 1076 363
3102 1892 229 411 701 460 1071 1481 633
3103 892 750 1174 1580 773 1198 383 649 989
3104 53
3105 1237 4 1439 538
3106 1840 1817 1823
3107 1448 891 1492 148 791 1010 191 798
3108 310 297 1501 600
3109 1612 340
3110 199 33
3111 1095
3112 1712 383 39
3113 1004 1703 478 167 476 1224 965 297 1180 1125 1081 984 1692 372 1101 940
3114 945
3115 149
3116 1874
3117 1533
3118 1751 475 1043
3119 1258 1828 963 1101 1621 768 308 778 510 1742 1591 1219 1282 137
3120 386
3121 1670 1444 252 1642 1206 742 522 582 353 1388 461
3122 84 359 765
3123 1470
3124 1140
3125 1253 1733 1314 1632 1633 1798 1555 1240 907 595 1402 1710 829 1451 22 1166 1548 938
3126 1775 1021 1026 681
3127 1630 894 1104 461
3128 264 564
3129 1075
3130 163
3131 810 595 1283 240 1482 1280 41 1029 100 1316 561 1873 576 706 242 1249 1437
3132 772
3133 128 796 1487 1355 1664 617 1713 1016 1892 410 1431 1209 51 1601 1104 999 733 397 707
3134 1093
3135 1340
3136 331 1489
3137 1533 1234 770 1872 555 404 275 503 377 570 860
3138 1162
3139 719
3140 475 1166 1033 1769 251 1042 1064 1137 1404 565 294 967
3141 1487 1283 875
3142 854
3143 728
3144 737
3145 1620 1228
3146 1759
3147 617 1528 763 1431 549 1738 631 0
3148 856
3149 805
3150 1061
3151 1217
3152 307 697
3153 1338 1381 1724 1117 1012 360 234 1344 390 1173
3154 1494
3155 923 1823 1700 337 1372 417 1106
3156 1368
3157 1230 688 1123 66 1618 750 1542 1883 155 1064 1694 642 96
3158 1709 1478 680 156 44 324 966 180 1293 39 747 1888 1355 1108 184 558 979 1821 1323 1220 897 1411 110 1494 702 805 294 506 1893 452 75 1252 536 977 1224 1561
3159 829
3160 1627 1324 794 1642 1767
3161 1697
3162 1254 665 530
3163 1775 1739
3164 425
3165 508
3166 561 940 205 786
3167 1368
3168 751 506 1532 1327 1710 95
3169 1863
3170 1217 590
3172 1007 1368 1488 1037 209 1104 1021
3173 784 499 1787 672 736 1545 550 898 1542 344 264 318 1419 1120 1837 1478 630 960 1588 848
3174 786 221 1253 464 770 1147 202 761 208
3175 563 1390 566 1240 1777 651 1874 785 1543 1453 1872 1176 1707 970 960
3176 755
3177 328 503
3178 598
3179 167 1548
3180 1429
3182 366 1257
3183 734 53 992 885
3184 337
3185 350 48
3186 201
3187 613 1787 174 1394 1242 1137 1355 745 964 948 1505 1064
3188 1375 1469 491 918
3189 80 1472
3190 1440
3191 203 1310 435 804
3192 1058 1871 1741 1221 738 429
3193 1524
3194 1096 653 1782
3195 110 600 491 1133 1021 260 1834 596 481
3196 1147 1553 832
3197 875 1746
3198 538
3199 612
3200 1513
3201 743
3202 1529
3203 1189 393 509
3205 1305 664 1858 1467 1373 1342 376 1893 1255 810 713 495 1005 98 1754 1795
3206 972
3207 1872 642 111 732 200 1696 1085
3208 1829 1221 699 43 494 1303 414 887 1193 503 788 1127
3209 460
3210 613
3211 1797 210
3212 252
3213 744 386 1871 634 1313 1201 438 44 1284 879 853
3214 1239 255 854
3215 766 1523
3216 662
3217 535 736 690 1310
3218 393
3219 1235 1289 1611 435
3220 152
3221 1430
3222 1142 254 240 1401
3223 444
3224 1112
3225 1526 1031 1611 1153 1240 1615 1691
3226 1058
3227 1243 1130 438 462 1860 1109 135 1379 369 1022 288 1634 603 1261 1548 91
3228 1227 474 575 776 1280
3229 1059
3230 1680 439 1765 1006 364 756 1487 1068
3231 25
3232 23 230 1887 1493 1263 279 790 1362 1111 1871 1783 829 125 1748
3233 101 713 194 1291 1123 188 1700 1451
3234 1841
3235 794 1628 862 284 606 627
3236 465
3238 1014
3239 1562
3240 1697 527
3241 1030 82 109
3242 1294
3243 1818
3244 532 1739 1085 1222 740 835 547
3245 185 912 1005 1551 1202
3246 13
3247 843 706 790 458
3248 1832
3249 426
3250 1018
3251 528
3252 1122 1136
3253 1267 123
3254 1558
3255 1703
3256 514 363 45
3257 1872
3258 1384 1204 765 1567 974 1126 977 609 615 228
3259 199
3260 1500
3261 1029 589
3262 357
3263 993
3264 1505
3265 359
3266 1617
3267 996
3268 159 1457 1277
3269 114
3270 1351
3271 1519
3272 1816
3273 588
3274 415 888
3275 982
3276 226
3277 895
3278 935 1814 1230 636 178 632 723 1334 1887 1629
3279 704
3280 1456 565 1736 351 1878 1225 1131 741 1548 321 1026
3281 1289 1367 473 569
3282 513 203 172 31 146 1609 769 262 1732 340 1490 153 1786
3283 1281
3284 720
3285 1809
3286 1548
3287 1049 1354 1140 356 477 305 487
3288 761
3289 505 1346
3290 1456
3291 40 431 165 968 830 1125 1358
3292 210
3293 1678
3294 1707
3295 1680
3296 1550
3297 706 1463 546 1757 1071 963 827 776 949 1118 190 1743 781 1543 1185 154 891 824 1863 1635 742 700 1336 1411 195 1654 928 302
3298 157 1578 444 893
3299 108
3300 1781 192
3301 622
3302 991
3303 1247 1632 1419
3304 1629 1823 981 1588 1290 840 1449 225 1455 1285 1237 79 1792 1318 1289 975 1136 1655 1238 898 685 1542 1206 1454
3305 163
3306 463
3307 45 1737 1361
3308 1111 121 1211 1653 680 248 1494 535 1325 871 1837 888 983 803 994 1415 214 1491 820 1236 672 617 55 296 403 200 1668 421 1625 1565 610 387 1471 830 1213 412 1321 1405 1662 1440 825 1269 1332 732 1001 202 460 1732 1366 1364 1318 1744 755
3309 1675 1113 1276 1405 391 93 419 1116 240 1867 615 1516 967 817 1708 108
3310 563
3311 311 722 1606 1169 1613 1463
3312 732
3313 415
3315 906
3316 1474 920 267 908 1651 280 1641
3317 439 34 493 942 663 1375 496 976 1598
3318 768
3319 1040 1575
3320 1441
3321 1058
3322 418
3323 1063 254 1758 911 1823
3324 105
3326 569
3327 1002 306
3328 1869 1202 144 882
3329 1423 1264
3330 74
3331 300 3
3332 341
3333 1419
3334 1494
3335 1087
3336 1295 1196 451 1687 297 196 46 1861 446 848 988 1361 1773 549 1698 74 1228 384 1521 712 1711 1615
3337 302 1020
3338 884 1382 933 542 1154 1845 326 357 397 358 1660 1135 846 534 346 1715 705 20 638 866 584 979 198 1467 1770 1552 1475 1642 1029 617 291 820 767 1712
3339 1676
3340 1115
3341 1116
3342 837 894
3343 1870
3344 893 1375 80 1666 208
3345 195 783 1166 565 978 375 1516 44 326 102 790 406 148 1624 648
3346 439 372 1206 734 1537 1857
3347 1637 895 1762
3348 584
3349 1003 155 1211 1310 161 1397 923 1423 1006 415 587 1461 309 1777 1314 156 527 302 192 208 581 54 979 1374
3350 1144
3351 1770
3352 473
3353 1759 1547 453 1507 545 295 615 1015 119 863 1384 1860 614 1380
3354 1369
3355 645 1427 915
3356 864
3357 102
3358 810 431 500 741 1036 747 1332 1212 1282 1488 1002 1297 572 1251 981 662 1861 851 967 746 881 587 796
3359 1016
3360 773
3361 813
3362 1180 1466
3363 450
3364 1867 24 435 340
3365 1596
3366 290
3367 655 1293 91 1735 112 695 1748 1050 209 1587 1287 1170 399 885 762 158 1585
3368 821
3369 1191
3370 989 849 725 419
3371 1269
3372 1032 742 74 1860 1223 687 121 1361 436 670 563
3374 1869 882 564
3375 257
3376 1893 556 146 1267 1446 920 230 908 821 704 671 1886 1665 446 794 1683 97 244 1140
3377 1129 93 1380 512 312
3378 967 1194 320 1695 145 1349 861 694
3379 807 1474 826 270 1743 1285 235 421 1469 1696 801 373 168 706 474 1260 582 1808 544 35 1609 816 5 165 1766 616 892 1537 239 1471 276 23 725 1518 1178 580 1267
3380 879 1867 129 59 990 611 1064
3381 1889
3382 1428 500 882 1868 1280 563
3383 129
3384 1784
3385 1384 6 923 1363
3386 692 675 538 1050
3387 1512
3388 1038
3389 403 204 444 1583 1264 1550 851 1567 372 1446 1092 835 516 425 1144 1212 964 700 645 1029 50 245 1403 166 378 175 603 410
3390 1247 1692
3391 1636
3392 1171 532 331
3393 956 966 1892 39 798 579 1128 162 423 492 696 1038 1086 326 1285 1753
3394 268 476 1827
3395 666
3396 1121 1061
3397 474 1286 225 1242 283 1213 613 975 1446 1542 1041 1423 1362
3398 965
3399 728
3401 1338 1310 1727 1120 850 1040 1845
3403 739
3404 1063 233 1684 1298
3405 361
3406 1242
3407 605 661
3408 1066
3409 1243 165 1304 249
3410 1278
3411 1435 1393 1091 538 1445 546 1539 353 937 242 1345 1689 1072 1770 61 550 766 685 1289 189 363 1145 1813 1280 1191 792 239 333 225 1339
3412 1694
3413 1545 1495 1532 469 807 705 254
3414 1354 1421 334 748 47 778 1621 1053 380
3415 1760 757 1058 246
3416 170 1279 1630 1761
3417 357 481 1692 1579 749 1230 129 1630 1173 1376
3418 1280
3419 1259 905 995 1619 68 373
3420 747
3421 1292
3422 846 1803 892 263 149 1848 742 1469 911 1356 1790 1770 1019 570 1685 1193 1568 811 427 1068 598 1727 1057 109 491 1371 38 442 847 505 1813 1109 920 1422 1500 115 266 832 1337 1099 982 1750 243 1449
3423 681 1127 669 375 383 1047 1062 1317
3424 950 560 1821 858
3425 184 0 1565 765
3426 1773
3427 57 1724 482
3428 763
3429 1210 1208 553
3430 528
3431 693
3432 30
3433 101 876
3434 547
3435 103 1645
3436 1353
3437 147
3438 1395
3440 656
3441 1640
3443 857
3444 1736 1737 676
3445 1282
3446 374
3447 1624 281 902
3448 1148
3449 111
3450 52 1761 1492 1592 206 1413 635 1551 606 90 984 1332 47 589 426 1113 1216 1884 1611 1739 405 693 476 214 402 1578 307 1835 629 938 231 754 1435 770 329 326 628 1396 1518 171 143 533 560 168 1865 1187 1752 219 291 896 1565 1181
3451 1791 1686
3452 759
3453 1105
3454 1425
3455 448
3456 967 492
3457 1100
3458 1057 1300 1748 567 911 109 1255 1757 446
3459 1008 1164
3460 1364
3461 1272 446 10 955 1345 1434 1139 633
3462 673
3463 1758
3464 1702
3465 1029
3466 537
3467 512
3468 1701 683 1421 66 1352 1396 308 1151 876 28 1733
3469 153
3470 156
3472 1617 1853 1843 1129 1467 1239 1115 200
3473 1424
3474 230 226 90
3475 1045 1344 1321
3476 549
3477 844 737 1865 1575 1098 1335 273 147 853 709 744 183 624 1675 910 355 1418 1824 1800 23
3478 1741
3479 1094 1052
3480 1173 478 735 595 1117 1162 149 1500 93 1497 1025 415 296 966 866 1785
3481 1213 1385
3482 428 684 1131 650 234 1440 719 1384 139 1299 612 1194 568 80
3483 271 1762 790 1860 565 1245 835 811 64 1884 1718 1034 1649 16 364 1162 1340 1000 443 1583 1671 1053 1760 263 432 1167 61 761 972 242 322 240 858
3484 1746
3485 1724
3486 1516
3487 545 348 1082 1164 1790 121 1348 1664
3488 543
3489 813
3490 1297 1346 1296 1472 1359
3491 826
3492 1040 1242
3493 1280 158 1378
3494 1891 571 610 260
3495 195
3496 1792 722 1543 29 583 644 858 347
3497 528
3498 1844 197 832
3499 441
3500 871
3501 1575 1546
3502 589
3503 1728
3504 1549 1879 82 884 1661 1805 1394 819 45 776 1802 1396
3505 861 1219 14 1546
3506 1287 1021
3507 564 307 127 981
3508 675
3509 481
3510 1548
3511 1150
3512 1419
3513 1715 1231 872 1592
3514 913
3515 573
3516 1824
3517 1512 666 1467
3518 73
3519 91
3520 1084
3521 1179 191 1483 1243 1491 872 433 526 1180 1853 188 473 41 1775 76 635 1441 501 1859 818 1848 299 790 1360 833 1206 239 1415 696 509 1579 1363 1537 1279 1816 1432 496 16 719
3522 1105
3524 1421
3525 1883 577
3526 7
3527 574
3528 745 41 1403 163 1160 152 1176 1007 1172 759 1823 122 471 1700 974 628 1571 1491 421 806 1354 159 368 708 140
3529 270 642 131 675 1677 1471 330
3530 318
3531 1622 1652 434
3532 1119
3533 80 1638 482 1337 328
3534 1529 1533 1423 1300 1887 611 1326 211
3535 44
3536 1118 379 1595 263 442 1593 1854 817 1561 1367 370 1590 319 163 1741 248 220 1128 1271 67 1244 1195 452 1430 1570 107 1110 1057 1269 1239 446 1887 458 433 102 1303 1409 1760 136 395 1724 1402 1310 175 1363 1393 1315 1222 1737 933 1758 49 341 42 1833 1627 1759 1115 322 1221
3537 369 1125 510 1824 762 1049 1486 1164 18 748 1126 1089
3538 1585
3539 1351 1682
3540 1026 74
3541 1142 1016
3542 299 1658 1724 316 1864 1338 546 1158 1216 1154 78 188 624 970 808 1130 1203 1149 1616 1768 1696 428
3543 562 112 1610 506 1722 558 1115 1754 519 1830
3544 1868 863 393 450 540 712 1408 921
3545 1217 120 1093 1440 1262 1660 1478 728 981 251 100 1007 88 801 238 196
3546 942 860 1115 271 924 1378 443 1673 927 1269 1473 1435 28 1345 79 1082 1233 1392 1018 485 1371 1654 101 458 906 750 1305 1477 1806 1607 76 995 1002 575 905
3547 697 1630 61 226 1437 1390 1696 410 425 400 1684
3548 1807 316 797 430 1874 351 431 175 98 930 1464 1644 1086 1762 1471 1308 699 981 990 1074
3549 184 1072 870 812 1804 1056 354 973 337 827
3550 1670 1478 911 1491 528 222 1136 1876
3551 950 164
3552 1445 453 559 434 1643 1235 544 898 482 770 927 1517
3553 1397 1542 946 1235 417 256 1813 1426 1349 1696 1244 1121 54 919 154 265
3554 910 1053 213
3555 935 1372 1450 42 559 1401 211 515 1718 1449 695
3556 554 399 309 499 756
3557 818
3558 1618 1419 1237 1196 1010 1224 1441 1079 1075 689 954 846
3559 1020 1111 1391 400 801 1320 1476 67 1790 1606
3560 1360 1864 1503 1190 1057 482 1443 500
3561 1804 26
3562 12 1044 1528 392
3563 1471 1453 778 535
3564 1588
3565 585 1794
3566 542 1002 594 372 15 60 263 1112 1189 1528 307 463 631 1656 456 1377 947
3567 1257 322 1108 1143 1788 610 1707 66 1616 1525 1640
3568 282 177 1705 1768 653 1648 1182 1407 1127 1312 99 678 792
3569 966 1110 1810 1835 34 121 804 1116 641 21 1277 1423 850
3570 1151 1746 741
3571 453 83 1301 795 1746 209 0 1062 769 656 1361 1676 1008 115 577
3572 128 161 53 262 504 369 401 1822 1538 326 1501 1567 1685 249 448 1188 1206 1329 1420
3573 207 1474 556 1615 1670 1278 176 813 1751 193 110 1427
3574 1557
3575 1323 671 1742 247 1478 1357 1288 1347 632 1429 1467 251 1300 1778 1188 974
3576 1698 62 851 549 1388 726 796 305 1354 1308 66 1316 58 1288 1143 394 1321 370 1472 1035 399 907 1598
3577 785 728 856 1425 1513 964 1283 1484 197 1819 1577 884 923
3578 1188 929 267 661 1646 413 509 1339 1543 338
3579 1695 1438 292 1125 1453 716 598 94 556 30 293 838 1554 192
3580 1150 137 589 1873 994 76 713 1388 1550 911 627 1283 1618 968 1415 201 1757 1014 303 1219 258 354 838 1179
3581 866 1245 941 1047 1057 1348 407 432 245 107 1473 365
3582 106 704 1116 1671 742 907 738 1520 1278 1684 755 161 1211
3583 1254 181 377 1566 1096 435 152 1730 204 1672 946 1841 1447 1187 1768 591
3584 1725 1057 485 289
3585 1792 607 319
3586 898
3587 216 248 1817 1061 1241 1523 1827 588 800 328 503 217 173 915 1862 790 774 1730 1872 1749 773 820 458 1858 1320 899 1811
3588 1685 1395 1669 397
3589 27 947 1373 1843 1298 754 1723
3590 1472
3591 813 757 714 1074 831 242 949 245 180 121 898 1205 1726 868 974 828 1265 469 1299 1853 384 590 1865 1235 1355 863 324 472 655 596 419 899
3592 857 382 1467 1085 424
3593 912 919
3594 854 1522 115 238 109 968 1109
3595 757 439 580 1533
3596 801 628 1156 1635 1768 1031 788 13 1092 1390 775 1773 945 1867 820 637
3597 855 807 1553 697 908 874 953 477 1264 115 787 1891 1414 1611 1744 91 1017
3598 1556 334 1618 1369
3599 1440 893 850 728 1429 1651 1532 969
3600 358 551 1428 541 1234 179 947 895 559 1116 1489 1880 378 878 198 623
3601 52 1187
3603 1308 490 1547 238 728 816 1579 866 1002 20 704
3604 1689 619 1613 559 206 820 158 835 855 1337 1350 1418 420 1674 9 837 419 683 593 1109 732 404 1208 883 186 1324 1693 1577 1638
3605 1727
3606 745 1096 1462 523 1613 1488 1751 113 350
3607 1110 1236 1233 1560 292 946
3608 1553 1773 1702 539
3609 1865 1671 414 1342 127 255
3610 1320 1068 350 1709 606 757 1511 828
3611 1277 1208 900 469 1814 182 952 497 404 1558 407
3612 811 1174 1569 1304
3613 1502 1496 1299
3614 556 419 244 1746 884 315
3615 412 1491
3616 1675 400 492 762 921
3617 1587
3618 5 785 1041 382 1095 1263 932 1580
3619 273
3620 1614
3621 1366
3622 34 1589 1400 1202 802 87 1143 1195 909 969 634 548 471 1340 1886 670 1677
3623 568
3624 39 1552 1442 1393 165 1744 500 1419 339 440 146 372
3625 1523 1105 1555 19 575 283 610 1856 1161 690 1694 1893 207 1315 160 1378 907 1102 1501 1169 1532 462
3626 480 399 1654 1533 1406 544 797 781 998 884
3627 111 53 1520 1004
3628 1867 1529 1573 701 1623 724 526 338 1164 508 765 1320 1070 1126 1002 1310 527 356 201 98
3629 1595 1480 972 764 1634 1478 454 1189 473 1365 1455 1503 1223
3630 1610 19 60 1770
3631 371 983
3632 1237 846 1540
3633 475 520 920 1635 1891 1304 163 1424 803 1026 1041 84 532
3634 1209 352 767 1063 382 540 1198 221
3635 1150 580 1758 174 800 670 1528 1043 132 539 217 1382 1044 1870 1154 1410 948 1589 649 1606 1400
3636 61
3637 1586 700 1872 1557 1518 1413 1319 1022 1124 1522 860
3638 950 1855 437 881 1726 1604 57
3639 790 1246 888 26 342 410 468 1449 1278 1076 44 583 945 1486 510 316 1038 1647 381 268 575 395 1467 1583 1035 665 1140 1558 1496 1506 204
3640 915 964 1722 245 793 415 239 1422 650 1273 407 1084
3641 691 1381 1163 1864 1526 1136 1554 1186 976 586 1324 1336 437 787 1348 635 126 1769 1609 1068
3642 614 1256 1564 743
3643 1266 366
3644 798 960
3645 641 704 1330 438 1555 1220 1700
3646 1592 299 48 1084 614 288 1650 973 481 740 1269 1211 224 1190 262 190
3647 646
3648 1464 1093 1700 1545 335
3649 58 74 248 1183 99 777
3650 1192 794 1503 1840 773 1021 1630 747 488 1070 1843 1115 1524 272 723 1626 1471 958 1170 534 1445 431 970 197 217 1004 1362 1616 151 1765 1422 1447
3651 1415 131 1476 1479
3652 967
3653 1093 1303 1861 889 285 484 1243 421 965
3654 1769 833 1709 1809 363 1571 218 19 100
3655 1660 1224 80 1673 114 399 1860 922 8 1835 1122 866
3656 356 445 974 1641 1046 398 923 1339
3658 108 196 482 604 295 1805 212 525 1491 1068 1704 1047 920 476 65 307 1469 1237 1050 830 274
3659 414 246 1207
3660 393 746
3661 922 1084 1892 1080 1775 1444 1093 1856
3662 1100 232 1489 446 439
3663 102 774 662 589 1670 581 56 1652 696 1431 615 1010 670 729 395 376
3664 1889 412
3665 1666 978
3666 1541 257 347 338 811 1268 670 159 619 1389 1877 1364 510 899 1282 345 1852 105 133 1243 208 1650 306 739 1531 1711 1100 802 495 1828 664 1584 114 287 1290 1044 41 1094 1235 760 496 1093 1666 1506 1307 1016 52 940
3667 1769 1015 551 1139
3668 1708
3669 1024
3670 159 41 1388 766 86 124 1623 1268 207 1032 1695 220 1312 1330 770 508 939 311 1178 1860 201 981 1027 1573 547 14 1182 1300 1114 649 1006 1223 941 441 158 1649
3671 798 1744 1632 1725 956 4 84 1226 943 518 1752 216
3672 1132 1610
3673 108 1421 913 706 1435 718 1714 983 1712 1138 847 1707
3674 331 338 45 843 601 829 366 868 1345 884 1007
3675 1217 1289 628 1466
3676 646 1565 1234 1800 1353 1522 318 1720 1812 1582 1157
3677 37 679 1442 456 309 1756 683 288 893 103 87 144 1327 185 1129 1335 224 1851 384 1878 506 35 1006 440 1099
3678 1540 1598 1563 1409 1633 1678 856 721 263
3679 241 666 1052 59 1064 1665 774 1305 254 172 1440 131 1734 1816 1765 1817
3680 1226 1010 510 1160 18 915 1283 1227 198 590 1260 497 1026 1892 1855 225 1250 195 67 572
3681 877 1555 384 630 1806 994 1285 1292 1552 116 740 381 1596 477 1427 401 1529 1381 1505 644 1001 705 27 1678
3682 1832
3683 1129
3684 394 1886 1329 774
3685 1039 1135 150 206
3686 913 1735 931 743 974 877
3687 211 69 583 353 1601 1567
3688 67
3689 425 1890 1445
3690 1087 294 1763
3691 1833 238 1893 1821 889 1249 1 127
3692 834 832 358 864 1602 444 1241 1853 714 197 1217 1449 1088 221 1486 1711 468 1113
3693 1876 1438 1792
3694 1261
3695 163 655
3696 1848
3697 949 947
3698 1390
3699 241 1885 1663 808 47
3700 1359 1250 1619 954 1374 1461 1084 1323
3701 1736
3702 1256 1328 10 1768 862 385 1312 685 55 1214 1592 562
3703 406 957 1325 1161 545 53 919 1367 23 544 1828 237 1207 55 357
3704 1685
3705 842
3706 390 1025 1172 1301
3707 901
3708 675 1848 459
3709 579 926 42 531 1090 769 1527 1600
3710 350 419
3711 1457 557 1722 1005
3713 1688 976 203 663 1515
3714 526 1140 1058
3716 454
3717 1367 1409 1610 885 1421 982 1188 758 1476 1678 1024 650 963 213
3718 288 754 32
3719 1217 1436 306 1754 1830 1359 434 247
3720 1296
3721 221
3722 1655 1014 1053
3723 405
3724 750 1053 180 1091 1617 1059 1830 1647 1694 496 1660 968
3725 1266 242 1663 1391 994 1113 330 1731 1732 1846 872 551 123 1624 1137
3726 1419 1753 642 1226 1228 174 116 1056
3727 1704 899 777 1496
3728 1397
3729 1568 1074 414 330 124 19 966 1507
3730 851 185 1269 1617 1411 450 643 1691 1114 1031 990 1338 1415 795 90 198
3731 269 536 747 405
3732 382 1332 1491 1731 1214 177 1349 133 446 1719 932 555 1223 951 402 894 625 760 874 1042 156 332 1715
3733 981 1708 1786 1834 1531 1687 1381 281
3734 1683 174 1602 1341 159 445 766 57 1691 1338 1482 469 390 854 866 1086 1563 1781 1232 596
3735 1678
3736 190 814 1235 1244 1765 1747 600 568 650 388 1361 1182 394 1228 800 445 1743 363 569 1040 85 1891 24 651 351 1233 1435 1385 785 677 1522 1495 567
3737 820 1441 1006 663 409 264 1298 1182 1180 1118 459 1202 210 1148 1003 1457 706
3738 1058 376 567 861 1699 608
3739 136
3740 1724
3741 821 927
3742 1011 489 1053 150 61 1566 1423
3743 812
3744 345 145 1156 764
3745 132 820 508 628
3746 703
3747 1264 42 1551 230
3748 147 936 753 744 50
3749 599
3750 1533 1876 166 1373 1161 1032 578 1855 1366 1660 94 115 1634 1043 523 461 1574 296 811 339 1126 1878 1519 1320
3751 309 1049 1795 511 1339 506 453 631 1554 487 328 1320 793 93 1608 1839 1430 1401 448 373
3752 1027 1338 1828 727 1086
3753 1285 1673 1657 1046 1651 1800 1433
3754 1498
3755 729 571 1619 1547 1256 660 602 579 1543 648 295 1649 1269 1363 984 465 1037 307 913 1191 395 343 1664 485 428 1682 535 1130 446 425 1029 1420 750 793 1453
3756 190 475 1222 402 1852
3757 156
3759 1732 917 71 731 989 219 1695 1790 991 191 746
3760 1864 472 1620
3761 1850
3762 1462 1510 500 1507 538 173 162 1848 480 918 397 1698
3763 270 65 170 937
3764 1298 1794 1148 1434 1536 1325 854 869
3765 33 1283 1278
3767 847
3768 643 884 1153 202
3769 1180
3770 1087 1774 390 661 30 1682 1175 503 300
3771 393 1797 1417 1362 258 114 1437 168
3772 791 641 1827 1412 1580 232 156 702 195 1548 802 607 1712
3773 847
3774 1545 29 1718 1105 1056 1605 1787 1112 637 1783 1375 392 1177 168 416 1445 554 1293 964 507
3775 206 1567 329 1282
3776 331 1035 1802 1712
3777 1677
3778 1513 864
3779 1470 1095 354 142 260 1744 1540 1685
3780 80 199
3781 1448 69 1206 910 1394 1768 952 1722 844 1744 1877 887
3782 210 67
3783 103
3784 157 1226 1493 1761
3785 1618
3786 338 976 164 534 1828 1775
3787 1321 1392
3788 26
3789 1664 312
3790 1866 635 1683 1815 1893 534
3791 1645 152 825 169 903 1473 1059 981
3792 1527
3793 999 410 958 334
3794 1120 537 1090 495
3795 12 297 1173 665 1698 912 1145 1072 262
3796 1089 882 279 438
3797 1850 12 756 797 1703 818 1624 702 1565 915 944 881 26 1509 1585
3798 222
3799 529 488 621 354
3800 255
3801 902 1249 853 539 806 895 1069 22 1580
3802 234 301 578 1016 1656 1648 1416 776 1329 1141 672 1623
3803 623 1612 881 1159
3804 322
3805 973 1730 936 1437 611
3806 682 1467 597 1650
3807 1668 933 1375 1150 351
3808 1363 793 1051 506
3809 1845
3810 1769
3811 326
3812 266 1390 542 356 1803
3813 861 1534
3814 467
3815 137 1345
3816 1305
3817 693
3818 934 1177 1132 395
3819 391 412 99 1629 1000 955 1164 1730
3820 765 697 21 1656 892 1722 332 1008 252 1155 253 105
3821 666 130 830 720 176 273 834 659 1804 1801 515 989 1744 405 1002 78 562 338
3822 1612 622
3823 244
3824 902 1646 1542 1086
3825 115 839 1312 1231 422 1659 699
3826 1828 669 1713 614 1332 397 1347 440
3827 95
3828 114 265 1313 1651 79
3829 930 1479 1257 29 557 1852 798 1334 894 45 93 697
3830 176 752 1280 91 384 1634 1160 910 1264 1447 1164 1821
3831 286 666 690 1886
3832 1808 1598 219
3833 53 477 857 479 548 28
3834 1455 1550
3835 1846 1781 406 510 778 413
3836 662
3837 1626
3838 551 1366
3839 530 571 549 1673
3840 1606
3841 856 1870 197 1625
3842 673
3843 1794
3844 671 1260 223 742 849
3845 955
3846 618
3847 874 35 1378 1511 1119 205 288
3848 1755 128
3849 320 1428
3850 1263
3851 1088
3852 138 641 980 106
3854 1250 806 1674
3855 1397 1171 1531 929 1276
3856 14 1341 638 1420 1145 842
3857 1358
3858 698 817 142
3859 636
3860 1874 226 1628 1664 1686 1788 567 369 314 1682 1091 1373 603
3861 588
3862 788
3863 1818 252 434
3864 865
3865 1081
3866 1415 1136 80 1687 88 1537 1316 1340
3867 919 209 547 255
3868 216
3869 223
3870 370
3871 709
3872 804 1302 1301 1483
3873 1414 619 1204 524
3874 869
3875 56
3876 1477 1050 327
3878 1835 263
3879 1117 702 336
3880 751 1798 644 999 1686 1838 1201 1428 935
3881 527
3882 36 777 1358 73
3883 643
3884 267 1717 1233 1371 1563 1164 430 1106
3885 6 900 602 1174
3886 1807 13 1207 346 110 1717 1553 212
3887 1678 560 116 165 238 782 356 1737 1056
3888 41
3889 1809 953 495
3890 1876 1858 727 1336 115 1379 693 888 752 1830 770 479 580 1855 48 103
3891 143 937 279 1646
3892 937
3893 531 1802 430 1395
3894 1432
3895 1214 1063 228 1815
3896 1338 1782
3897 1165 494 105 51
3898 1244 296
3899 848 1635
3900 823
3901 240 1101 766 953
3902 1529
3903 191
3904 1702
3905 740 1380 1854 1655 977 1837 240 1257 693
3906 679
3907 989
3908 834 392 718 1278 1446 449 247 320 1605 240 1454 750 152 1381 95 62 1264 1248 1260 221
3909 1281
3910 1491
3911 1669
3912 193 447 1405
3913 198
3914 116 1840 1217 188 341 118 1414 520
3915 1251 742 1254 1875 1888
3916 662 514 670 1491
3917 564
3918 1121
3919 1832 1677 1486 1398 97
3920 960 1604 1788 1403 1724
3921 704
3922 681 133 1428 1107
3923 1498 1618
3924 846 130 599 1425 1722 1469
3925 921 719 1833 455
3926 1826 89
3927 842
3928 1774
3929 1146
3930 720 271 1282 202 1404 838 710 417 1614 1260 1693 1023
3931 516 19 135
3932 1132 1327
3933 1187 1675 353
3934 911
3935 1643
3936 1677 1760 286 388 68 1078 1516 1207 1864
3937 1477
3938 218 1537 645 77 222 100
3939 239 635 1362 269
3940 1378
3941 291 613 1174 768 1692 201 233 13 1224 1482 888 1832 1450
3942 1716
3943 1821 607 1280 131
3944 1325 1147 1578 933 954
3945 1743 1149 361 152 1341 1213 1452 1406 281 1004 1251 1625 58
3946 1742 809 596 364
3947 1092
3948 1359 910 797 390
3949 1643 603 647 465 251 426 341 1880 1117 232 1807 1545 778 803 164
3950 1027 380
3951 889 7 1759 1068 602 796 1407
3952 272 589 1670 1595
3953 1284 1278 1244 991
3954 1146 168 656 1439 329 1009
3955 148 737 1509
3956 1441 28 955
3957 1553
3958 1647 1790 1726 816 1730 513
3959 1322 1043 196 1321
3960 54 977 471 866 796 186
3961 1635
3962 790 358 833 788 1016 197 1565 558 135 900 1642
3963 835
3964 1191
3965 331 1871 228 1664
3966 1371 1491 1892
3967 1665 726
3968 252
3969 1824 1335
3970 448 223 1634 882
3971 973
3972 1705
3973 1137 1720
3974 886 1002
3975 1065
3976 848
3977 19 664 615
3978 1333
3979 262
3980 1055 1678 981 1800
3981 26 218
3982 546
3983 1865 1442 1420 757 1083
3984 1557
3985 1412 733 1225 1040
3986 1868 1690 547 325 240 651 138 165 1875 1505
3988 273
3989 1018 888 1480 1297 1300 968 475 1657 326 875 1560 1749 1685
3990 629
3991 1355 853
3992 699 1356 282 1002 1390 1264 1388
3993 549
3994 578
3995 76
3996 148
3997 822 894 531 986
3998 58 1317 648 789
3999 469 163
4000 1872 1600 90 1489
4001 314
4002 1256
4003 1438
4004 1645 1079 30 836 1149 148 121 1826 891 1297 702 1788
4005 1408
4006 2
4007 884 351 464 976 662
4008 686
4009 1155 564 1849 800 1445 374 583 1767
4010 113
4012 770
4013 1223 1539 533 1473
4014 730
4015 1076
4016 1636 295 437
4017 1540
4018 37
4019 774 627 84 1523
4020 923 625
4021 764
4022 1016
4023 1381
4024 1718 204 649 1553 1754 1348
4025 1713
4026 1317
4027 758
4028 680 1009
4030 529
4031 1145 1642 247 1176 815 641 343
4032 1759 578
4033 1570
4034 749 595
4035 1525
4036 662
4037 1462 1732 875
4038 104
4039 103
4040 1312
4041 1452
4042 311
4043 1836 962 1627 1125 1359 135 1753 624 1083 1400 1522
4044 1102
4045 1250
4046 842 1263 314 1353 1696 1883
4047 1740 1196 457
4048 1662 150 1120 808 1173 616 1367 135 470 1851 1251 111 526 80
4049 1041
4050 1876
4051 836
4052 288
4053 1304 990 206 576
4054 64 1203
4055 446
4057 1449 131 309 690
4058 1610
4059 1344
4060 469
4061 440
4062 1288
4063 1475
4064 1771 872 852
4065 826
4066 1347
4067 805 847 1606 1558
4068 1879
4069 1453 311
4070 143 1711 157
4071 1465
4072 243
4073 1487 310 960 1427 924 1385 1831 187 1334 562
4074 280 1793 1071 1101
4075 1459 1407 519 1288 1430 661 319 786
4076 1003 298 1678 1578 1154 220 217 262
4077 621 537 1147
4078 468
4079 360 1249 653
4080 1888 1118
4081 676 1686 1660
4082 1756
4083 710
4084 845 287 1077 1437
4085 593
4086 582
4087 1802
4088 1458 1844
4089 1448
4090 1464 1713 1223
4091 364
4092 1260
4093 1159
4094 1483
4095 187 398
4096 1021 532 1293 1308 1750 1178
4097 254
4098 1263 1053 1598
4099 74
4100 919 190 743 1615
4101 1417 386 1182
4102 1019
4104 853
4105 1715 692 941 1050
4106 1189 690 245
4107 1234
4108 1488
4109 1203
4110 36 1752 441 1688
4111 1507 200 113 477 199
4112 1748
4113 1045 961
4114 1 1741 332
4115 994 986
4116 1049 111 1286 1364 137 15 970 1354
4117 319
4118 704 1740 1305 927 73 417 533 584 1636
4119 901
4120 691 1817 1102 467 1346 452 1336 1639
4121 1717
4122 584 1006 769
4123 880
4124 426
4125 427 1157
4126 1481 419 772
4127 1634 211 1344 830 734 102 896 1739 616 439 1459 471
4128 1543 1488 831 1172
4129 872
4130 790 1755 1789 1146
4131 289 695
4132 76 128 1194
4133 572 1768 1590
4134 148
4135 972
4136 971
4138 242
4139 1443 393
4140 879
4141 495
4142 1578 1432 1632 1768 1197 1292 328 1687
4143 1188 1208 1019 80
4144 963
4146 389
4147 746
4148 205
4149 476
4150 1582 1114 1071 885
4152 1221 606
4153 19 1378 1633
4154 1779
4155 728
4156 775
4157 640 510
4158 1480
4159 1003
4160 519 318 279
4161 751
4162 1043 1591
4163 58 406 224
4164 131
4165 1589
4166 1268
4167 1114 162 641 681
4168 283 979 1467
4169 557
4170 521 888
4171 375
4172 1789 280 1027 152
4173 1293 19
4174 620
4175 604 1383 1063
4176 789
4177 269 1311 1038 1821
4178 662
4179 1554 340
4180 891 1657 118
4181 1758
4182 1117 1511 924 86 137 967
4183 753 1424
4184 177
4185 1092
4186 1765
4187 1550 581 531
4188 653 521 1411
4189 1317
4190 615 1201 381 454 319
4191 339
4192 1301
4193 1596
4194 1791 70
4195 1801
4196 872 1342 574 1277
4197 376
4198 1322 853 1565 916 131 786 594 1134 528
4199 1847 738 727 1122 1038 702 1185 1224 204 1520 1864 1748 1319 1098
4200 451 550
4201 1403 516
4202 561
4203 1526
4204 1610
4205 1774
4206 253 1546 1772
4207 1798 111
4208 1845 383 216
4209 1752
4210 860 285 731
4211 187
4212 1313 61 303
4213 447 192
4214 897
4215 667
4216 1856 915 582 1648 1754
4217 732 525 1074
4218 597
4219 75
4220 561
4221 844 847 680 1070 1349 160
4222 300 1800 1799 495
4223 1579
4224 493
4225 789 566
4226 1175
4228 885 738 1428
4229 30
4230 742
4231 107 960
4232 755 949
4233 433 267 84 1245 1269 1346 839 865 302 937 1841
4234 1817
4235 697
4236 24 143
4237 1584
4238 76
4239 1865 1069 1055 329 266
4240 298
4241 1053 659 1217
4242 1808
4244 1038 968 1688
4246 721 478 1111 812
4247 1865
4248 1422
4249 828
4250 900
4251 934
4252 1794 987
4253 1822
4254 977 1688 289
4255 912 1809 252 1457
4256 1178
4257 1524 759 1697 67
4258 357 403 1316 1267 557
4259 74
4260 1111
4261 451
4262 288 1284 756 1390
4263 557 1109 1754 976
4264 902
4266 694 1169
4267 248
4268 1027
4269 778 1057
4270 1552
4271 1111
4272 1189
4273 1685
4274 1202
4275 340
4276 900
4277 1226
4278 1701 730 265 1676 691 1717
4279 1454
4280 1128 1193 1424 1642 967 414 1515 987 1793 850 107
4281 1357
4282 358
4283 1062
4284 1815 1626 233 1722
4285 1319
4286 694
4287 1289
4289 828
4290 427
4291 81
4292 1448
4293 1049 1691
4294 707
4295 955 557
4296 458
4298 46 597
4299 281 1510 1125
4300 901 1502
4301 888 1753
4302 1410
4304 134 1098 1650 1050
4305 1059
4306 1382 1282
4307 147
4308 1733
4309 1201 250
4311 1815
4313 1576
4314 1159 835
4315 917
4316 1596
4317 915
4318 517
4319 1518 420
4320 607
4321 124 1842
4322 1124
4323 351 926
4324 1273 250 967
4326 451 1831 1232 133
4327 839
4328 990
4329 860 1742 261 488 487 1857 424
4330 1090
4331 1724
4332 1025 367 1193
4333 71
4334 1319 1010 1782 121
4335 177 401 108 1005
4336 1231 72 1304 16
4337 406
4338 1259
4339 753 1863
4340 980
4341 1749
4342 1134
4343 1192
4344 1397
4345 269
4346 1693
4347 1349
4348 317
4349 852
4352 422 111 1021
4353 1034
4354 1617 535 304 1495
4355 1243
4356 564
4357 206
4358 1254 1803 1101 1364
4359 1605 1697 240 1407
4360 59
4361 1394 1548 1384
4362 492 1832
4363 1385
4364 597 1856
4365 45
4366 1759
4367 718 431
4368 103
4370 1658 579
4371 943 1729
4372 958 1829
4373 1119
4374 208
4375 345
4376 502
4377 564 766
4378 525
4379 281
4380 1355
4381 1554
4383 1502
4384 1534 980
4385 1394
4386 1023
4387 1059
4388 749 1341 891 698 903 1712 44 985
4389 139 1414
4390 1807
4391 1775 644 112
4392 1390
4393 133
4394 1861 46 774
4395 1334
4396 1748 539
4398 1794
4399 141
4400 1035 383 14 51
4402 1552 131
4403 1614 553
4404 519
4406 735
4408 770
4409 198
4410 1222
4411 629
4412 1285 311 446 1532
4413 1247
4414 1648
4415 1282
4416 347
4418 906 903 1723
4419 1225
4420 1128
4421 1164
4422 1679
4423 417
4424 1776
4425 1423 1589 136
4426 1017
4427 122
4428 249
4429 393
4430 1660
4431 247 766 768 1892
4432 541 1147
4433 1181
4434 1766 2
4435 1793
4436 26 1559 209
4437 828
4439 187
4440 1791
4441 633 1580
4442 1442 373
4443 1817
4444 1773
4445 788 251
4446 100 1454 1618 281
4448 860 1765 1446
4449 901 1050
4450 51
4451 583
4452 1170
4454 216
4455 1428 1722 624
4456 751
4457 743
4458 638
4459 1181
4460 1111
4461 699
4462 614
4463 170
4464 908
4466 219
4467 685
4468 597
4469 1069
4470 518
4471 312
4472 309
4473 1597
4474 804
4475 1203
4476 792
4477 476
4478 218
4479 667 1887
4480 1092
4481 3
4482 1202
4483 1443 1324
4484 516 402 107
4485 1227
4486 323 40
4487 1665
4489 516 41 229
4490 144 925
4492 104 139
4493 1426 1284 375
4494 1618
4495 701 1354
4496 332
4497 699
4498 1572
4499 1261 123
4500 1549 794
4501 1166
4502 1106 1588 1591
4503 495 1629 1763 593
4504 468
4505 1172
4506 41
4507 1866
4508 1612
4509 1396
4510 1125
4511 1437 434
4512 808
4513 1268
4514 698 1406 1130
4515 1671
4516 124
4517 190
4518 676
4519 1466
4520 1420
4521 1358 1290 1013
4522 81
4523 1271
4524 1858
4525 767
4526 934
4527 1426 480 853 1597
4528 1137 1183
4529 886
4530 65 209 1111 967 1008
4531 335 1796 1612 1173
4532 550
4533 454 1299 4 1266
4534 220
4535 1440
4536 1012
4537 1484
4538 115
4539 396
4540 821
4541 1326 1649 1577
4542 1817
4543 1018
4544 256
4545 1823
4546 932
4547 24
4548 1691
4549 964
4550 532
4551 476 1216 317 1838 1832
4552 730
4553 892
4554 1385
4555 1382
4556 1654
4557 747
4558 682
4559 694
4560 909
4561 835
4562 1824
4563 229
4564 1786 734 860
4565 1541 1366 520 42
4566 988
4567 1635
4568 1474
4569 1287 1817
4570 1088
4571 940
4572 323
4573 1759
4574 19
4575 974
4576 1339
4577 1243
4578 1470
4579 439
4580 721
4581 587 342
4582 1145
4583 613
4584 505 1412
4586 308
4587 198 1526
4588 129
4589 75
4590 414
4591 997
4592 1076
4593 1413
4594 1649
4595 1073 1662 1207
4596 1115
4597 1198
4598 1404
4599 1442
4600 1728
4601 1492
4602 1577
4604 391
4605 1584 1025
4606 1424
4607 113 1662 446 1558
4608 1547 127
4610 1779
4611 753
4612 1606 13
4613 1165 406
4614 478 1520 394 671
4615 106 1263
4617 287
4618 1798 1141 1507 1269 1123 480 497
4619 678 1716 1860 1136 330 1265 1299 1713
4620 1166
4621 1532
4622 580
4623 1060
4624 136 718 702 843
4625 1000
4626 561
4627 827
4628 409 109 78 854
4629 490
4630 78 570 1652
4631 1713 288 1090
4632 555
4633 1369
4634 1108
4635 1839
4636 1249
4637 1238
4638 289
4639 1271
4640 598
4641 400 1306 1353 936
4642 1583
4643 1048 38
4644 520
4645 233 501
4646 1721
4647 18
4648 931
4649 1765
4650 1878
4651 554
4652 1203 1838
4653 200
4654 1511
4655 1010
4656 1219
4657 1158
4658 44
4659 1189 1836
4660 1035 106 1502 354
4661 1000
4662 467
4663 864
4665 340
4666 1681
4667 1773
4668 372
4669 753
4670 996
4672 1066
4673 579
4674 1156
4675 19
4676 510
4677 276 153
4678 239
4679 1265 1315
4680 1138
4681 829
4683 888
4684 1772
4685 164 1421 1549 1196
4686 1577 520 182
4687 1522 1041
4688 718
4689 1489 801
4691 1161
4693 1042
4694 1354
4695 1282
4696 79
4697 410
4699 19
4700 745
4701 454
4702 1726 586
4703 1168
4704 374
4705 1838
4706 1687
4707 85
4708 1408
4710 1106
4711 135
4712 1575
4713 102
4715 965
4716 1486
4717 1275
4718 834 735 147
4719 1208
4720 1365
4722 54
4723 1717
4724 962
4725 1367
4726 345
4727 796
4728 932
4729 1701
4730 615
4731 1748
4732 1733
4733 1501
4734 461
4735 1260
4736 269
4737 905 1788 1130
4738 1340
4739 651 380 1790
4740 928
4741 987
4742 1752
4743 1760
4746 1437
4747 330
4748 1497
4749 1867
4750 848
4751 408
4752 228
4753 225
4754 778
4755 1152
4756 129
4757 394
4758 696
4759 1077
4760 1612
4761 1040
4762 60
4763 1594
4764 314
4766 610
4767 1319
4768 25
4769 644
4770 930
4771 1318
4772 1097
4773 434
4774 364 146
4775 1538
4776 238
4778 1443
4779 1792
4780 409
4781 1804
4782 188 637 539
4783 608
4784 123
4785 1199 1168
4786 999
4787 1239
4788 1124
4790 620
4791 1808 699
4792 333
4793 994
4794 226 27
4795 1390
4796 955
4797 625
4798 891
4799 719
4800 699
4801 82
4802 832
4803 1565
4804 20
4807 1340
4808 1775
4809 13
4810 52
4811 867
4812 1101
4813 1534
4814 829
4815 1620
4816 710
4817 386
4818 1320 593 327 303
4819 1814
4820 570
4821 953
4822 536
4823 320
4824 1069
4825 606
4826 1027
4827 99
4828 154
4829 411
4830 990
4832 282
4834 606
4835 689
4836 1150
4837 1261
4838 288
4839 1836 1522 1415
4840 663
4841 327 786 1244
4842 609
4843 567
4844 1355
4845 769
4846 627
4847 450
4848 1209 238 1516
4849 1808
4850 55
4851 1156
4852 1003
4853 892
4854 1338
4855 700
4856 1882
4857 1065
4858 438
4859 1291
4860 736
4862 1009
4863 233
4864 1319
4866 1824
4867 1068
4868 278
4869 26
4871 937
4872 1263
4873 393
4874 513
4875 1140
4877 437
4878 1169
4879 516
4880 1065
4882 33
4883 1009
4884 543
4885 288
4886 824
4887 244
4888 916
4889 124
4890 195
4891 955
4892 979
4893 713
4894 569
4895 925
4896 1734
4897 713
4898 66
4899 451
4900 1321
4901 155
4902 857
4903 1812
4904 1296
4905 1649
4906 734
4907 938
4908 391
4909 876
4910 878
4911 637
4912 1488
4914 28
4915 1372
4917 1248
4918 1512
4919 1148
4920 13
4921 360
4922 38
4923 430
4924 1160
4925 1770
4926 1439
4927 1220
4928 1377 631
4929 833
4930 1276
4931 680
4932 607
4933 1791
4936 591
4937 1834
4938 77
4939 1145
4940 1106
4941 1140
4942 1811
4943 403
4944 1644
4945 1004
4946 138
4947 1878
4948 1636
4949 55
4950 628
4951 1768
4952 1139
4953 1614
4954 34
4955 1064
4956 1338
4957 612
4958 1142
4960 272
4961 1201
4962 1578
4963 836
4964 35
4965 1461
4966 1457
4967 583
4968 860
4969 321
4970 115
4971 1664
4972 475
4973 1746
4974 1128
4975 625
4976 451
4977 343
4978 1568 803
4979 472
4980 1241 1807
4981 1460
4982 996
4983 862
4985 1289
4986 717
4987 262
4988 1685
4990 499
4991 1039
4992 196
4993 702
4994 1570
4995 576
4996 969
4997 628
4998 1874
4999 429
