0 12 13 14 16 339 467 468 469
1 7 12 14 30 42 153 185 190 258 283 322 363 433 467 468 469 511 512 513 742 818 1068 1271 1414 1478 1525 1615 1724 1786
2 11 36 59 96 258 306 405 512 518 602 604 613 662 666 715 722 732 745 764 770 794 818 926 994 1126 1158 1174 1266 1316 1396 1455 1615 1772 1824
3 28 776 805 989
4 12 13 15 468
5 1 22 27 339 340 390 507 508 509 510 511 512 514 515 517 1391
6 135 339 373 747 785 808 873 910
8 2 22 27 339 340 390 507 508 511 512 513 514 515 516 558 738
9 2 10 15 36 42 50 56 59 96 98 190 198 258 263 278 287 289 292 306 322 363 378 405 433 435 456 511 512 513 518 546 563 572 588 596 601 604 662 665 666 669 678 690 715 718 720 722 732 742 745 753 794 805 818 881 900 924 929 946 988 994 1004 1018 1061 1092 1126 1149 1158 1168 1174 1201 1230 1252 1266 1308 1316 1321 1396 1445 1455 1469 1475 1615 1751 1772 1774 1786 1797 1824
10 17 18 27 42 47 50 59 159 198 235 258 279 306 340 363 374 378 394 405 413 435 452 507 509 511 512 513 518 529 539 565 586 594 604 613 616 656 662 666 674 684 696 722 728 732 740 742 745 747 749 778 783 794 798 802 805 818 834 873 914 929 975 988 994 1004 1016 1092 1095 1097 1158 1201 1260 1266 1271 1298 1311 1316 1321 1342 1360 1396 1407 1434 1462 1466 1475 1516 1615 1623 1632 1786 1836 1880
11 2 424 802 866 868 975 1462 1836
12 91 517 613 684 803 973
13 0 7 12 22 30 96 306 339 340 414 467 468 469 472 473 507 508 509 511 512 513 515 516 517 520 522 524 527 530 535 537 543 551 552 553 555 556 557 559 560 561 563 564 565 566 567 568 570 573 618 802 825 827 834 872 975 1174 1224 1396 1462 1469 1609 1772 1836
14 22 470 507 509 565 684 728 742 803 868
15 1 2 5 18 20 22 23 25 27 62 80 138 177 272 276 279 282 320 322 340 374 390 394 408 470 497 503 507 508 509 516 517 518 530 533 534 537 539 541 542 551 565 566 576 582 589 590 591 604 607 608 609 610 612 616 636 655 656 662 684 696 711 719 720 721 722 723 726 728 730 731 733 734 742 744 745 749 752 763 772 785 791 804 807 809 810 812 822 825 828 834 836 837 841 847 858 868 876 880 890 894 929 930 931 937 980 981 1022 1026 1082 1083 1124 1127 1150 1161 1219 1227 1336 1343 1466 1501 1665 1806
16 1 2 22 24 25 532 533 539 586 587 613 626 711 722 723 729 730 737 753 770 782 823 828 868 937 1126 1311 1543
17 470 509
18 18 31 174 258 470 513 518 658 673 722 868 1004 1201 1414 1455 1786 1824
19 0 1 2 7 12 13 14 22 25 80 88 152 206 232 320 373 402 424 467 468 470 509 513 515 517 518 529 533 546 551 553 560 572 602 645 667 684 696 711 719 720 723 737 742 747 749 752 764 785 796 805 806 809 812 818 821 831 834 841 868 870 896 899 921 933 1044 1106 1124 1167 1201 1223 1232 1331 1364
20 22 50 59 198 382 405 413 435 509 511 512 513 732 758 760 764 783 794 890 988 1092 1127 1266 1321 1435 1445 1786
21 18 27 586 626 719 723 728 791 813 834
22 36 42 50 59 174 177 190 198 258 287 292 306 322 350 363 378 382 433 435 476 496 509 511 512 513 516 529 541 563 613 658 662 665 666 674 695 720 722 723 725 732 735 738 742 745 749 769 775 794 821 830 832 874 900 988 992 994 1004 1061 1092 1158 1166 1168 1170 1174 1201 1230 1243 1249 1271 1308 1316 1321 1360 1396 1414 1435 1475 1615 1641 1709 1745 1772 1786 1797 1824
23 9 42 198 306 363 435 715 732 742 794 825 900 988 1092 1168 1174 1224 1445 1615 1772 1824
24 728 772 783 785 808
25 405
26 2 558 908
27 2 9 11 18 59 114 198 272 282 435 458 511 512 513 553 594 604 613 666 720 723 732 770 783 818 929 988 1046 1092 1097 1174 1193 1271 1396 1469 1503 1629 1772 1786
29 2 16 22 27 50 339 340 509 510 511 512 514 515 516 517 541 662 666 728 994 1158 1166 1201 1316 1321
30 2 28 471
31 2 373 586 770 811 819 1003 1371
32 36 287 289 452 482 1312
33 36 378 470 511 512 513 1149 1396 1786
34 2 22 25 27 49 264 390 475 480 509 510 511 512 513 514 515 516 517 579 593 602 613 728 730 745 834 869 933
35 602
36 1 2 18 27 31 279 468 470 507 509 512 518 532 537 539 553 558 572 586 587 594 613 614 626 656 673 684 706 720 722 723 728 731 732 733 742 745 758 764 785 791 799 805 807 813 818 822 839 863 869 896 940 955 1010 1022 1029 1065 1074 1078 1085 1098 1220 1229 1306 1349 1768
38 1
39 22 509 732 770
40 80 722
41 339
42 2 16 18 22 25 27 135 340 390 405 503 508 509 512 513 515 516 517 518 530 534 535 537 576 696 722 723 728 732 736 781 809 815 842 881 885 906 1280
43 0 7 12 13 467
45 31 586 811 950 989 1136
46 9 809
47 25 320 337 350 511 512 513 518 534 720 773 809 811 869 881 919 1018 1032 1197 1786
48 0 7 12 13 468
50 1 2 19 25 31 89 160 219 340 350 452 476 477 503 511 512 514 516 518 529 530 532 533 534 535 537 538 540 546 551 553 565 579 587 599 613 673 684 696 699 711 722 723 729 730 732 736 737 785 805 809 814 834 842 844 858 882 908 926 935 937 970 1005 1040 1252 1311 1358 1535
51 1 339
52 827
53 18 602 645 723 730 734 742 764 781 804 810 951 954
54 1 16 26 89 339 340 390 470 478 507 508 509 511 512 514 515 516 517 518
55 834
56 2 16 18 22 25 27 62 80 218 221 222 339 340 390 507 508 510 511 512 513 514 515 516 517 521 522 523 524 525 526 527 528 530 531 532 533 534 535 536 537 538 539 540 645 684 719 728 730 732 738 745 772 785 818 834 844 865 869 894 929 1105 1177 1212 1229
57 539 719 720 842
58 1 2 4 7 19 25 27 44 62 80 340 377 453 470 503 509 514 516 519 520 521 522 523 524 525 527 528 532 534 537 539 558 572 602 613 699 719 720 723 732 742 752 764 772 805 818 822 836 865 867 881 929 1034 1092 1202 1208 1229 1236
59 2 16 18 19 22 25 27 31 390 476 503 507 508 510 511 512 514 517 529 530 532 533 535 537 538 540 587 613 719 730 732 733 738 764 785 818 826 834 967 1205
60 25 470 509 518 1229
61 22 518 720 722 909 980
62 17
63 1 2 5 11 15 22 27 31 61 340 480 518 534 537 539 558 579 613 711 719 722 723 729 733 752 781 804 808 812 842 844 851 896 909 996 1018 1021 1046 1074 1078 1092 1165 1208 1218 1229 1252 1293 1384
64 24 27 31 35 43 62 170 177 239 363 482 509 514 515 518 553 569 613 673 684 723 797 805 807 812 834 836 848 857 991 1041 1045 1135 1193 1327 1336 1411
65 16 470 475 518 776
66 1217
67 1
68 177 724 725 734 811 876 954 1303
69 0 7 12 13 14 468
70 719
72 7 13 14 467 468
73 1 18 80 340 509 613 645 723 834 868 953 1040 1614
74 7 12 13 14 467
75 7 12 13 467 468
76 747
77 0 2 12 13 14 16 22 27 206 339 340 468 507 508 510 511 512 513 514 515 517 520 522 524 530 534 543 552 553 554 555 556 557 558 559 560 562 563 564 566 567 568 570 571 572 573 728 827
78 1 2 18 89 264 279 282 470 518 534 537 558 572 720 732 742 764 768 772 785 790 803 805 809 812 814 818 842 846 865 878 881 896 909 960 980 1021 1056 1070 1146 1152 1197 1202 1208 1219 1229 1281 1302 1351 1419 1426 1469 1627
79 339 518
80 13 59 198 435 604 722 732 738 745 818 908 988 1092 1271 1396
81 25
82 12 14 15 468
83 2 7 12 13 14 22 27 206 339 390 414 467 468 507 508 509 510 511 512 513 514 515 516 517 520 524 527 534 543 551 552 553 554 556 557 558 559 560 561 563 564 565 566 568 569 570 614 645
85 1 17 25 340 350 470 509 518 613 696 720 764 785 810 811 814 842 920 1145 1807
86 1 2 16 340 390 470 507 508 510 511 512 513 514 515 516 517 518 752
87 2 16 18 22 340 507 508 509 510 511 512 515 516 517 539 710 818
90 2 22 720 747 752 764
91 2 22 558 722 723 752 1047
92 2 16 27 340 390 507 509 510 511 512 513 514 515 517 954
93 2 22 509 519 520 521 522 523 524 525 526 527 530 533 535 537 538 602 721 880 1193
95 534 720 814
96 1 11 13 16 17 18 24 25 27 62 91 128 229 232 264 282 340 390 428 468 503 507 509 510 512 513 514 515 516 517 518 532 533 553 565 602 613 656 669 671 674 720 722 725 732 733 738 745 747 764 765 770 772 784 789 805 811 814 818 823 830 834 855 858 863 869 875 876 881 885 890 899 902 903 905 912 914 954 1019 1022 1025 1046 1059 1149 1166 1177 1188 1219 1242 1249 1277
97 25 340 602 655 772 783 834 940 1056
98 2 13 18 22 24 25 31 49 89 135 218 219 232 264 303 340 452 454 503 510 512 533 534 539 558 566 572 574 579 594 599 611 613 684 709 720 722 728 734 736 738 747 749 752 753 758 764 772 784 785 802 805 809 810 814 834 838 842 844 848 868 890 896 920 923 929 932 955 1048 1131 1155 1202 1208 1214 1217 1222 1232 1250 1288 1444 1482 1538 1633
99 908
100 24 320 509 558 616 723 725 726 745 752 764 785 816 824 828 923 1219
101 16
102 16 373 470
103 2 16 22 339 390 507 508 509 510 511 512 513 514 515
106 16 339 558
107 518 752 1131
108 2 18 20 22 24 507 513 516 530 535 555 565 579 728 731 733 745 785 805 814 858 868 940 978
109 31 428 470 518 579 684 696 706 739 753 791
110 2 80 470 613 723 745 752 841 927 1047 1520
111 730
112 1 2 4 27 62 91 177 264 492 518 613 674 711 719 723 783 785 806 807 818 823 825 836 848 977
113 350 807
114 2 21 22 25 27 80 340 509 512 518 529 534 539 553 613 711 719 720 723 729 731 732 742 752 753 803 805 809 812 814 831 836 841 842 878 881 896 909 980 996 1000 1197 1199 1425
115 6 20 21 471
116 1188
117 9 279 602 728
118 2 28 373 471 602 810 954
119 22 772
122 7 12 13 14 467
124 22 25 477 509 602
125 2 22 25 805
126 23 537 622 696 747 842 880 890 909 980
127 470
128 470
129 470
131 25
132 264 587 747 812 818 890 981 1124 1199 1238 1326 1352
134 1 22 25 89 470 518 711 834 870 927 935
135 12 14 467 468 514 728 764 1205
136 9
137 4 720 752 1070
138 2 11 18 24 27 41 49 89 91 152 206 219 247 320 337 340 357 374 441 442 452 473 503 507 509 514 515 516 517 518 529 533 534 537 539 546 551 553 558 561 565 566 593 626 662 684 696 709 710 711 738 739 741 742 745 747 749 752 753 764 768 772 779 782 783 784 785 791 805 814 816 817 818 821 822 823 824 832 835 838 850 855 873 886 889 890 898 908 921 934 937 943 956 966 1006 1037 1044 1065 1073 1074 1082 1089 1098 1121 1130 1180 1193 1198 1219 1245 1289 1322 1339 1364 1398 1434 1513 1809
139 2 512 722 896
140 2 22 80 405 509 719 722 752 772 781 809 814 829 881 1208 1482
141 0 7 12 14 22 206 340 414 467 507 508 509 511 512 513 515 516 517 520 522 524 535 543 551 553 555 556 557 558 559 560 561 562 563 565 567 568 569 570 571 573
142 509
143 639 805 810 1737
144 1 2 62 152 232 340 509 565 572 587 602 684 710 731 762 772 805 806 875 880 948 1073 1395
145 18 80 747 765 910
146 2 18 339
147 2 16 18 20 27 390 480 507 508 509 511 513 514 515 516 517 533 535 540 576 579 672 728 752
148 656
149 23 27 219 350 443 481 507 511 512 534 537 553 558 566 587 710 772 805 817 836 850 865 866 926
150 470 537 719 881
151 21 22 25 27 507 508 511 512 517 529 534 551 570 576 583 584 585 586 613 739 752 834
152 470
153 22 503 720 723 728 848
154 0 2 7 8 12 13 14 340 414 467 507 508 509 511 514 515 516 517 520 522 527 534 551 552 553 554 555 556 558 559 560 561 562 563 564 565 566 567 568 569 570 571 572 917
156 16 17 18 22 27 77 279 339 340 390 394 483 507 508 509 510 511 514 515 516 517 530 535 539 541 555 565 566 572 575 604 607 608 610 612 625 717 728 738 745 772 785 830 838 880 1056 1093 1205 1230 1377 1391 1394 1437 1470 1536 1573
157 22 24 25 509 514 516 521 522 524 525 526 527 529 530 531 533 534 535 536 537 538 539 540 723 733 737 749 764 825 896
158 2 9 16 22 27 339 340 507 510 511 513 514 515 516 517 558
159 16
160 42 153 185 190 258 283 322 363 433 470 511 512 513 742 818 1068 1271 1414 1478 1525 1615 1724 1786
161 339 722 752 842
162 2 16 22 31 339 340 390 507 508 509 511 512 514 515 516 517 935
163 518 534 764 818 952 1694
164 9
165 25 518 805
166 1 518 805
167 2 18 25 114 279 470 503 509 518 602 613 719 720 723 725 730 732 738 747 764 804 805 809 814 842 876 909 980 1197 1208 1281 1374
169 470 518 896
170 2 16 91 350 516 527 690 718 721 722 742 745 764 798 839 1066 1068 1083
171 2 24 31 80 128 279 510 518 534 593 613 626 673 711 720 722 725 729 737 752 753 758 772 785 789 805 808 881 954 1147
172 2 22 27 340 390 452 470 508 509 510 512 513 514 515 517 518 613 720 721 742 757 812 980 1328
173 14 22 340 392 443 470 509 514 518 519 520 521 524 525 526 527 534 537 546 579 720 770 785 809 813 814 834 881 909 960 1015 1214 1251 1884
174 2 16 22 27 47 62 204 428 470 507 508 509 511 512 515 516 517 518 523 553 555 558 564 572 588 589 591 592 593 594 596 597 598 599 600 601 602 613 665 719 720 722 723 742 745 758 809 810 834 842 906 980 1019 1021 1066 1069 1070 1229 1236
175 2 16 22 27 47 49 89 340 390 428 508 509 510 511 513 515 516 517 539 783 785 810 823
176 518
177 1 15 42 50 56 96 198 278 363 435 470 596 665 732 742 812 900 929 988 1092 1168 1321 1469 1824
178 279 470 509 719 728 752 809 812 909
179 2 16 340 390 507 508 509 510 513 514 515 516 517 518 614 725 1277
180 2 22 27 339 390 507 508 509 511 512 513 514 516 517 558 684 720 831 842 1157 1219
182 22 24 27 339 340 390 507 508 509 511 512 513 515 516 517 558 785 890
183 9
184 2 586 728 770
185 2 4 18 22 24 31 193 282 373 458 497 509 512 515 586 587 602 613 673 684 709 715 720 749 754 762 763 770 798 805 808 811 843 850 855 868 1148
186 586 728 770 811 855 938 967 973
187 2 373 509 586 729 808 809 824
188 613
189 15 36 50 89 96 190 198 289 306 322 433 435 509 541 662 665 666 732 794 900 988 994 1092 1126 1158 1166 1168 1174 1201 1316 1321 1615 1751 1772 1824
190 2 18 25 62 219 470 509 518 565 579 684 728 733 764 770 804 808 816 858 883 948
191 509 602 733
192 2 25 390
193 0 7 14 22 206 340 414 467 468 508 509 511 512 513 514 515 516 517 520 524 527 534 535 543 551 552 553 554 555 556 557 558 559 560 562 563 564 565 567 569 570 573 745 785
194 1 2 9 16 18 22 25 42 56 80 152 190 197 232 264 278 306 320 322 339 363 373 390 433 507 508 509 511 512 513 514 515 516 517 518 534 579 602 613 720 732 738 742 745 747 764 781 782 783 794 806 809 810 811 818 848 854 869 912 929 1001 1078 1080 1081 1174 1248 1346 1396 1445 1469 1615 1772 1824
195 11 31 77 565 569 611 645 696 761 762 805 810 815 825 832 874 890 966 1260
197 9 15 98 306 399 596 666 946 1774
198 2 18 19 20 22 24 25 31 80 206 225 279 340 468 476 477 484 485 492 503 509 512 514 516 518 529 533 535 537 538 540 566 587 591 613 690 720 722 728 730 731 737 745 747 758 765 768 781 783 785 790 796 809 810 823 824 830 834 868 874 896 963 973 989 1011 1018 1141 1230 1508 1667
199 1 11 16 18 22 27 54 135 163 177 192 197 219 226 264 272 320 339 340 435 443 480 503 507 508 509 510 511 512 513 514 515 516 517 518 519 520 522 523 526 527 528 529 530 531 532 533 534 535 536 537 539 540 544 546 547 551 553 558 565 587 602 613 645 649 696 709 711 719 720 722 723 732 747 752 785 804 807 809 810 811 812 821 825 828 829 834 841 851 876 881 890 924 1082 1108 1191 1223 1252 1280 1331
200 848 1144 1252 1580
201 470
202 1034
203 8 13 22 160 206 276 503 515 553 555 558 602 690 723 728 738 744 752 764 765 805 808 821 823 824 834 874 977 1044 1203 1260
204 673
205 9 16 339 534 720 722
206 470 518 853
207 8 218 776 1093
208 22 24 25 62 337 503 509 513 518 534 602 626 684 695 722 723 728 730 731 732 733 736 738 745 754 764 772 785 814 834 844 940 1042 1081 1121 1127 1219 1262
210 553 848 931
212 827 931
213 18 509 807
214 848 1358
215 24 279 390 515 613 744 908 1589
216 52 280 290 353 613 827 1011
217 518 728 827
218 929
219 306 666 807
221 31 1124
222 52 280 290 353 613 848 931
223 13 20 22 25 80 152 206 264 279 320 340 470 503 507 509 511 514 518 519 521 522 523 524 525 526 527 528 543 546 580 602 626 709 722 724 728 734 738 745 754 772 785 809 814 821 830 841 858 874 924 1041 1059 1066 1068 1070 1143 1205 1207 1230 1252 1336 1374 1391 1501
224 16 25 390 419 424 480 509 579 613 690 723 752 761 1069 1280
225 25 470 596 722 929 1004 1396
227 31 80 532 537 725 728
228 2 16 22 27 339 340 507 508 510 511 513 514 515 516 517 565
229 2 16 539 574 602 669 719 785 822 834 912 1274 1329
230 12 13 14 467 468
231 31 470 518 580 723 745 752 809 812 858 923 927
232 31 350 470 509 516 518 532 613 711 722 739 814 880 980 1202 1229
233 8 27 218 613 711 737 781 785 799 805 821 846 955 1018 1049 1253
234 24 25 27 31 51 57 92 126 146 177 194 245 253 282 283 340 358 362 395 396 435 452 464 509 515 516 546 587 593 602 613 614 684 718 719 721 723 738 747 805 808 818 823 845 848 931 954 1044 1193 1223 1235 1252 1374 1399 1505 1654
235 470 518 752
236 2 80 340 405 470 512 518 534 602 613 719 722 723 732 753 809 810 814 851 881 909 1046 1552
237 2 17 24 31 47 91 206 340 435 452 492 509 515 532 533 539 582 613 656 684 734 749 764 778 796 798 805 831 840 866 868 921 922 1011 1066 1199 1252 1296
238 2 16 18 22 27 31 57 77 91 92 146 245 279 350 464 503 507 509 511 513 514 518 519 521 522 523 524 525 527 528 531 532 533 534 536 553 599 613 614 616 640 656 658 674 699 719 723 725 728 736 745 752 757 764 765 772 783 785 789 805 811 816 818 824 828 834 868 869 890 1018 1051 1052 1058 1066 1081 1127 1136 1193 1205 1209 1219 1229 1252 1269 1300 1337 1352 1358 1385 1391 1392
239 1 62 80 470 553 558 720 722 723 747 768 809 909 980
240 1 2 18 22 24 25 135 340 373 374 470 503 509 514 518 519 520 521 523 524 525 526 534 539 546 565 566 572 613 626 719 720 722 725 729 741 745 752 754 772 778 783 804 805 844 847 869 878 881 909 921 924 935 944 956 963 965 989 992 1018 1092 1102 1118 1121 1162 1208 1229 1241 1252 1371 1528 1817
241 468 470 509 796 937 1818
242 470
243 2 22 25 602 728 733
244 1 2 14 107 108 110 178 264 515 518 814 826 885 1130 1166 1195 1218 1231 1297
245 2 11 18 24 91 509 533 582 602 673 680 778 783 811 818 827 834 837 888 914 981 982 992 998 1111 1149 1434 1455
246 25 62 80 128 340 507 509 511 513 561 572 579 582 602 673 719 753 784 804 805 826 954 1046 1072 1082 1111 1252 1272 1383 1679
248 27
249 11 18 24 25 27 31 47 79 89 138 148 206 279 320 340 350 374 435 452 492 513 514 515 516 517 518 532 533 537 539 543 572 587 602 614 626 673 684 711 715 718 723 728 734 739 742 745 749 753 764 770 779 782 785 798 805 808 818 822 824 831 836 840 850 853 866 908 926 973 1005 1078 1118 1136 1140 1158 1163 1196 1219 1223 1252 1326 1350 1601
250 26 27 340 486
251 26 486
252 48 251 332 443 515 518 593 772 1390 1440
253 80 468 711 720 858
254 1 2 9 16 22 25 27 392 507 508 509 510 511 512 513 515 534 587 602 613 709 718 723 732 745 752 764 770 809 814 906 973 1127 1193 1205 1691
255 2 16 18 22 24 80 128 139 140 229 350 373 452 509 510 514 516 518 519 520 521 522 523 524 527 530 532 533 535 538 539 540 553 558 574 602 645 663 711 719 720 721 723 725 728 732 736 737 742 745 747 764 772 781 790 796 798 805 809 811 821 823 834 848 896 899 939 1018 1044 1078 1103 1114 1121 1252 1311 1376 1396 1508
256 2 25 728 770 808 811 967 989
257 1
258 1 2 6 15 16 21 24 25 27 31 62 77 89 91 160 170 206 239 264 279 283 320 374 390 419 424 471 497 503 507 508 509 510 511 513 514 516 518 519 520 521 522 524 525 526 527 528 529 530 533 534 536 538 539 540 541 543 544 545 547 548 549 550 551 555 565 570 576 583 585 586 587 593 594 602 625 631 662 681 711 720 723 725 728 738 758 764 782 787 791 807 818 825 827 831 840 848 852 866 896 931 933 937 1030 1051 1077 1097 1140 1193 1199 1223 1252 1303 1329 1374 1392 1469 1503 1832 1863
259 2 22 24 27 339 340 390 508 509 510 511 512 513 514 515 517 518 553 599 719 722 730 742 834
260 2 8 11 13 15 18 19 22 24 25 27 31 37 47 62 80 89 91 124 160 177 194 206 219 226 229 260 289 299 320 350 359 373 374 390 394 410 411 447 452 454 482 503 507 509 510 513 515 518 527 532 537 539 546 553 565 569 572 580 586 587 594 602 611 613 614 625 626 645 648 656 671 674 690 695 696 709 710 711 717 718 720 721 723 728 732 733 738 744 745 747 756 759 760 764 765 770 775 776 782 783 785 802 804 805 808 809 811 814 815 818 821 822 830 832 834 836 866 869 878 880 890 910 911 921 926 930 931 938 950 955 975 982 1006 1011 1044 1046 1052 1061 1070 1078 1098 1110 1127 1136 1161 1188 1217 1230 1243 1251 1260 1277 1300 1303 1306 1327 1336 1344 1348 1364 1377 1413 1442 1453 1470 1479 1508 1630 1642 1685 1720 1756 1848
261 1 22 25 31 80 282 405 428 470 503 507 509 519 520 521 522 523 524 525 526 527 534 553 558 572 602 613 711 722 723 742 814 816 818 842 845 881 939 1222 1612
262 799 851 1046
263 1 16 22 63 512 514 515 519 520 521 522 523 524 525 526 529 530 533 537 538 540 553 602 613 695 723 728 729 742 743 749 805 812 834 931 1436
264 96 245 306 511 516 534 613 618 732 802 807 809 812 872 881 975 1004 1068 1174 1271 1396 1462 1609 1615 1836
265 470 518 722 752
266 470
267 2 59 91 177 468 509 515 674 684 807 832 848 890 1329 1508
268 518 1014
270 721 828 1603
271 586 599 818
272 470
273 2 22 27 152 320 507 509 533 534 537 558 587 599 602 613 728 731 747 754 764 785 806 814 823 826 912 934 971 1040 1212 1217 1237 1550 1596 1676 1725
274 970
275 1 2 3 16 22 25 27 340 390 507 508 509 510 511 512 513 514 517 519 520 521 522 524 525 526 537 602 613 720 722 738 741 881 909 939 960
276 80 470 509 518 537 711 720 722 723 765 909 1040 1197
277 1 2 22 80 128 135 289 470 503 507 509 518 537 558 579 586 593 602 613 626 709 711 719 720 723 728 729 730 732 742 744 752 758 772 790 799 805 809 810 812 814 816 829 842 844 858 874 878 881 886 896 918 919 936 952 960 963 980 998 1056 1092 1121 1202 1208 1241 1252 1285 1402 1478
278 2 13 14 24 31 133 137 152 164 220 314 315 318 325 403 404 507 508 509 510 511 512 513 514 515 518 520 522 523 524 526 527 528 529 530 531 532 533 535 536 537 538 540 631 711 723 738 764 770 785 805 806 809 821 830 834 841 956 994 1070 1078 1280
279 10 36 59 96 190 278 306 322 433 470 546 588 604 732 745 794 818 929 1004 1174 1396 1615 1772
280 0 7 12 13 468
281 4 848 1163
282 9 470 720 742
283 2 17 18 27 62 320 339 340 390 394 503 508 509 510 511 513 514 516 517 534 553 572 579 602 613 711 719 720 722 723 738 741 742 747 752 760 764 783 785 809 810 814 823 841 842 844 909 980 1208 1327
284 728
285 2 16 27 340 390 507 508 510 511 512 513 514 515 517
286 351
287 1 22 24 25 80 279 340 512 529 613 719 722 742 747 752 805 807 809 812 814 841 867 929 1031 1108
289 1 2 16 25 27 31 47 62 89 218 219 279 320 340 350 374 390 507 508 509 510 511 513 514 515 516 517 518 522 528 529 534 536 539 541 544 545 546 547 548 550 551 572 579 602 671 706 721 723 728 733 736 738 745 752 753 764 768 772 778 781 783 784 785 804 805 811 818 821 822 824 831 841 844 858 868 902 978 1044 1066 1074 1223 1229 1251 1293 1336 1393 1411 1734 1757 1767
290 152 509 533 602 805
291 24 533 586 602 805 834
293 2 16 27 340 390 507 508 509 510 511 512 513 515 517
295 613 723 742 954
296 0 1 12 14 27 30 320 452 467 468 469 482 512 518 543 645 649 723 739 749 752 764 785 868 907 988 1044 1074 1078 1108 1199 1292 1435 1488 1677
297 2 9 16 22 27 340 390 507 508 509 511 512 514 515 517 558 684 738 747 772 810 818 1229
298 2
299 25
300 11 27 350 533 613 696 716 821 836 887 890 926 1057 1217 1368
301 2 896
302 1 135 470 529 752
303 470 518 722
304 5 15 18 22 25 31 66 87 89 101 116 136 147 160 177 197 204 218 237 271 279 306 313 327 337 350 390 394 408 415 454 487 503 507 509 510 514 516 517 519 520 521 522 523 524 525 526 527 530 533 535 537 538 540 543 546 553 558 560 565 578 579 612 613 622 640 684 686 718 719 721 723 725 728 742 743 763 785 805 810 818 824 825 827 832 834 836 838 848 853 874 881 916 931 1011 1016 1046 1078 1202 1227 1267 1300 1450 1461 1466 1470 1588 1763 1843
305 1 9 475 533 565 696 824 881 931 1371
306 2 7 11 15 16 19 22 25 44 49 62 77 96 152 179 190 193 279 285 339 416 477 503 507 565 602 613 639 711 719 721 723 728 733 738 745 747 764 785 799 811 827 834 837 869 871 899 905 906 954 1069 1078 1108 1127 1260 1280
307 2 25 470 503 509 518 553 579 613 711 719 720 722 730 809 842 1092 1198 1202 1241
308 2 135 264 514 518 734 747 781 804 805 810 928 970 1578
309 9 18 31 266 454 503 516 518 565 572 593 602 662 684 709 719 720 722 725 764 818 881 952 980 1034 1093 1124 1498 1617 1885
310 0 7 13 14 467 468 827 1143
311 0 7 12 13 14 22 27 340 414 467 508 509 511 512 513 514 515 516 517 520 530 534 535 543 551 552 553 555 556 557 558 560 561 563 564 565 567 568 569 570 571 572 573 834
312 2 9 16 22 27 339 340 390 475 503 507 508 509 510 511 512 513 517 834
313 1 77 232 516 631 722 933 1188
314 2 16 22 27 264 390 507 508 509 510 511 512 513 514 515 517
315 339
316 22 553
317 0 7 12 13 467 468
318 0 12 13 14 467 468 470 728
319 232 565 602 725 734 742 747 781 804 810 876 954
321 1 2 22 279 509 518 534 539 572 613 684 711 719 720 722 723 730 731 752 753 764 844 908 940 952 963 996 1040 1070 1155 1300 1524
322 2 15 18 24 25 42 96 190 287 292 306 322 340 363 433 507 509 511 514 553 565 586 593 596 602 613 666 711 728 730 731 732 733 737 742 745 754 772 785 794 818 829 871 880 883 929 937 938 948 994 1061 1174 1230 1311 1396 1615 1772 1797
323 18
324 1 2 890 940
325 18 785 836
326 0 12 13 14 468
327 470
328 16 22 24 1222
329 339 747
330 468 509 514 516 520 521 523 524 525 527 529 530 535 537 538 540 1193 1572 1583 1645
331 339
332 2 16 279 339 340 390 507 508 511 512 513 514 515 516 517 555 558 565 602 640 684 738 741 745 760 765 785 880 978
333 1 752 834 885 909 939 1205 1356
334 18 27 31 49 587 717 728 745
335 27 282 413 565 587 613 716 720 728 805 806 836 1066
336 0 2 12 13 14 22 373 467 728 764 772 858 1168
337 2 16 22 25 27 339 390 508 509 510 511 512 513 515 517
338 728
339 339
340 10 42 96 190 245 263 278 291 292 306 322 363 433 456 541 618 662 666 690 742 794 872 924 994 1061 1158 1166 1174 1316 1396 1469 1609 1615 1772 1797
341 6 21 22 507 512 515 517 529 530 534 551 576 584 585 586 613
342 2 471 479 770 805 808 810 811
343 1 2 4 22 25 213 219 377 503 534 537 553 579 602 720 723 729 732 752 772 785 805 809 818 823 842 846 865 869 881 896 909 918 919 939 1113
344 0 12 13 14 467
345 747 752 1014
346 0 7 13 14 467
347 339 509 518 722
348 558
350 470
351 1 11 18 22 24 25 27 30 52 91 152 206 218 219 228 230 289 340 350 357 373 390 420 470 492 507 509 511 512 514 515 516 517 518 520 521 522 523 525 526 527 528 529 530 531 532 533 534 535 536 537 538 539 540 546 553 555 558 560 572 579 580 582 586 587 602 613 616 626 674 696 699 706 709 710 719 720 723 725 728 730 731 733 734 738 742 743 745 747 754 764 768 772 781 797 803 804 805 806 808 809 811 814 816 818 821 827 836 838 841 849 867 868 870 872 875 878 881 890 896 921 934 937 951 954 963 993 1011 1018 1044 1047 1070 1097 1102 1113 1127 1135 1198 1219 1222 1223 1231 1251 1257 1269 1331 1335 1352 1435 1481 1566 1602
352 80 470 518 613
353 470
354 2 22 135 722 742 1031
355 339
356 518 720
357 0 2 11 12 13 14 18 25 80 206 218 219 340 374 467 468 509 518 534 580 602 613 684 709 715 716 720 722 730 732 772 784 805 831 836 857 858 958 1136 1199 1231
358 18 20 22 25 340 480 508 509 514 518 530 533 535 540 576 579 672 719 881 1188
359 1 2 16 27 62 80 148 177 390 472 503 507 508 511 513 514 515 516 518 522 523 528 534 537 539 548 549 550 572 592 594 596 597 598 599 600 601 613 711 720 722 723 747 785 809 812 813 814 1032 1048 1146 1202 1251
360 470 809 1214
361 533
362 470 752
363 1 2 16 22 31 61 62 80 213 264 373 470 507 509 534 539 551 558 566 569 572 613 649 656 690 711 719 720 723 728 732 742 744 747 749 753 754 768 781 803 804 805 806 809 810 812 814 816 818 821 822 826 834 841 842 861 876 881 896 908 929 940 963 1028 1029 1040 1097 1106 1199 1252 1277 1373 1381 1419 1552 1576
364 470
365 1 14 19 22 24 26 27 31 39 80 91 152 279 292 350 394 451 470 507 508 510 516 518 522 528 530 532 534 535 541 546 572 587 589 591 594 602 604 607 608 609 610 612 613 631 641 684 694 696 709 711 719 720 721 722 723 728 731 734 745 749 764 785 807 809 810 812 818 821 825 834 836 844 853 858 868 869 870 908 913 954 1016 1044 1066 1077 1078 1374 1396 1442 1452 1528 1575
366 477
367 807
368 12 13 15 22 80 218 340 467 468 507 508 511 512 513 515 516 517 518 520 524 527 530 534 551 553 556 557 560 561 563 565 566 570 572 589 590 591 745 772 785 818 828 836 869 1260 1376 1404 1422 1774
369 22 470 719 881
370 613 721 805 992
371 16 22 27 339 340 390 508 509 510 511 512 513 514 516 517 747
372 24 509 684 690 764 784 824 841 848 1205
373 1
374 22 25
375 518
376 24 470 518 812
377 2 10 340 487 488 507 508 516 517 522 534 551 576 593 602 719 723 739 747 752 753 772 781 805 834 849
378 2 10 15 16 17 22 24 54 62 178 261 264 279 308 339 340 350 351 367 373 390 471 507 508 509 510 511 512 513 514 515 516 517 532 539 543 546 551 553 555 558 565 570 572 589 591 602 613 626 684 717 719 720 721 723 725 729 730 732 734 749 772 776 805 809 810 822 834 836 849 865 868 871 876 913 920 926 954 1147 1204 1229 1231 1280 1303
379 1 470 518 539 722 812 939
380 2 16 22 27 80 340 507 509 510 511 512 514 515 516 517 720 722 772 809
382 1 2 19 22 25 27 160 282 390 424 468 503 509 516 519 520 521 522 523 524 525 529 530 533 534 537 538 540 566 599 602 613 614 649 684 695 711 720 722 723 728 731 732 746 752 764 772 806 814 818 822 834 844 852 858 870 871 896 940 1018 1019 1072 1076 1103 1252 1307 1500 1633
383 135 470 533 881
384 340 534 745 764 784 785 824 855 882 1037 1089
385 2 25 279 340 454 518 602 613 690 728 745 749 776 785 833 834 1575
386 0 7 12 13 14
387 1 2 25 492 509 514 517 518 519 520 521 522 523 524 525 527 553 602 613 719 720 752 785 809 812 814 834 881 909 980 1407
388 470 518 719 812
389 0 1 2 5 7 12 14 22 25 206 340 452 468 489 507 508 509 512 513 514 516 517 518 520 522 524 527 530 534 535 539 541 552 553 554 555 556 559 560 561 562 564 565 566 567 568 569 570 572 573 576 586 602 604 608 609 610 612 684 706 719 723 731 732 733 753 764 770 789 805 806 809 813 832 834 839 841 874 896 899 912 921 940 1024 1029 1085 1096 1130 1250 1285 1311 1486
390 9
391 2 22 470 518 722 723 752 899 1048 1051
392 1 2 27 31 350 470 509 518 534 537 720 722 723 731 738 747 755 760 781 785 796 805 809 814 824 841 842 846 909 918 935 956 980 988 1093 1108 1118 1131 1217 1229 1410 1604
393 0 7 14 467 468
394 11 13 16 22 27 91 197 264 279 340 390 410 503 507 508 510 511 513 514 515 517 518 528 530 555 558 566 572 588 589 590 591 625 645 648 656 695 696 718 723 725 738 744 747 749 772 783 785 788 793 804 808 830 832 837 841 854 866 921 924 964 978 1046 1059 1093 1193 1230 1364 1391 1837
395 2 16 22 25 340 390 507 508 510 511 512 513 514 515 516 723 745
397 2 9 11 18 339 340 509 602 728
398 22 232 264 509 719 720 742 814 834 842 844 975
399 5 11 22 27 135 160 206 279 292 296 320 509 518 530 534 537 558 579 613 674 675 719 720 722 723 738 752 754 759 764 767 809 814 818 839 841 842 881 890 1503
400 339
401 470 509 518 602 720 730 738 758 844 896 1008 1107
402 11 22 339 503 509 534 723 752 753 809 834 850
403 20
404 1 2 16 17 22 27 62 77 91 121 152 160 196 206 216 258 264 276 279 337 339 340 350 360 390 394 415 420 424 444 454 492 503 508 509 510 511 512 513 514 515 516 518 528 534 553 555 558 565 569 579 586 593 602 611 613 614 616 625 626 636 640 645 656 684 690 709 718 719 721 722 723 725 728 729 731 732 733 737 738 745 747 749 751 752 753 755 757 763 764 765 767 770 781 803 805 808 809 810 811 814 815 816 818 822 823 834 835 836 837 841 854 858 866 868 890 908 921 924 929 931 934 938 940 948 955 961 973 975 977 987 1028 1029 1030 1035 1037 1044 1046 1052 1058 1061 1078 1082 1097 1162 1179 1183 1188 1193 1199 1217 1219 1251 1260 1277 1288 1294 1300 1303 1364 1376 1385 1390 1394 1400 1411 1426 1555 1589 1616 1630 1644 1753 1806
405 18 21 24 27 31 52 128 280 285 353 492 509 511 512 516 518 587 602 613 723 745 749 752 764 772 775 782 805 807 818 836 848 881 890 1026 1193 1198 1229 1260 1364
406 470 696
407 602 804 809
408 2 9 16 22 339 340 390 507 508 510 511 512 514 515 516 517 519 520 521 522 523 524 525 526 529 537 538 540 728 834 841
409 25 135 553 613 730 804 810
410 0 12 13 14 467
411 613 720 722 980
412 25 514 602 730 764
413 2 22 470 509 518 521 522 523 524 525 526 527 534 539 586 613 684 722 723 809 822 917 960 1879
414 509 516 518 519 520 521 522 523 524 525 526 529 530 533 535 540 738 776 781 910
415 339
417 923
418 1 9 27 91 720 728 731 733 745 764 785 841 842 924 1095 1219 1229 1251 1419 1442
419 0 7 12 14 467
420 0 7 13 14 22 340 414 468 508 509 511 512 513 514 517 520 522 524 530 534 535 552 553 554 555 556 557 558 559 560 561 563 564 565 566 567 568 569 570 571 572 573 827 834
421 2 22 470 507 509 512 514 515 516 517 518 520 521 522 524 525 526 528 529 530 531 534 535 536 537 539 551 552 555 561 565 570 572 602 613 721 722 736 790 811 1131 1219
422 599 768
424 9
425 28 471 781 804 810 834
426 2 16 22 27 339 340 390 507 508 509 513 514 515 516
427 9
428 2 4 16 22 27 339 340 390 507 509 510 511 512 514 515 516 529 555 558 565 566 572 602 661 662 664 677 680
429 9 16 834 1053
430 721
431 470 613
432 339
433 2 18 22 25 509 514 539 553 569 593 613 728 732 733 735 745 764 785 811 820 914 948 1007 1066 1102 1358
435 1 2 11 24 25 31 152 476 484 509 512 514 516 529 532 533 535 537 539 558 588 589 590 591 613 674 723 728 730 733 736 749 752 753 764 785 818 834 868 870 871 896 1025 1205
436 2 16 22 27 229 339 340 507 509 510 511 513 514 515 517
437 2 16 27 340 390 507 509 510 511 512 513 514 515 516 517
438 0 2 7 12 13 22 468 613 645 690 720
439 18 24 25 279 553 616 842 881 909 980 1277 1281 1284 1352
440 728 765
441 2 16 22 27 339 340 390 507 508 509 511 513 514 517 558
442 558 616 747 809 810 834 837 873
443 62 503 569 717 724 738 744 749 764 785 832 1051 1060 1188 1229 1260 1351 1394
444 2 22 25 27 340 452 508 509 510 511 512 514 516 517 532 728 730 747 764 834
445 490
446 0 7 13 14 467 722 806 834 841 917
447 2 25 539 733 839
448 0 12 13 14 468 728
449 339
450 2 9 22 339 390 507 508 509 510 511 512 513 514 515 517 834
452 2 22 25 27 390 507 509 510 511 513 514 515 517 602 722 865 896
453 1 2 16 27 80 279 339 340 390 507 508 509 510 511 513 514 516 517 558 572 599 613 614 616 674 723 725 738 776 785 805 814 929 931 954 1277 1309 1377
454 25 50 198 435 470 509 518 732 988 1092 1141 1201 1321
455 470
456 1 2 4 16 18 22 24 27 31 57 62 89 152 160 279 350 351 362 395 408 468 509 514 516 518 520 521 522 523 524 525 526 529 530 533 535 537 538 540 555 560 574 582 613 616 656 710 715 722 723 732 738 747 754 759 783 785 797 805 807 809 812 827 834 931 938 990 1026 1223 1307 1508 1540 1575 1799
457 1 11 18 22 24 27 152 279 320 474 503 518 534 586 613 684 696 710 720 722 723 728 730 732 745 749 752 764 783 805 808 811 821 823 834 880 964 978 979 1075 1088 1186 1229 1873
458 470 509 514 518 537 539 699 720 722 742 745 764 785 804 805 845 881 999 1251
459 470
460 25 602 810
461 61 337 553 558 613 807 808
462 518
463 16
464 804 991
465 16 22 27 340 507 508 509 510 511 513 514 515 516 517
466 2 16 22 27 339 340 390 508 511 512 514 515 516 517
467 2 16 22 339 340 390 507 508 509 511 512 513 515 517 631 734 781 804 881 954
468 6 21 22 25 507 512 515 517 530 551 555 570 583 584 585 711 772 804 805 810 954
469 2 27 42 135 152 363 378 390 507 508 509 510 511 512 513 514 515 516 517 518 734 742 747 991 1048 1396
470 0 1 2 11 128 135 279 340 408 503 510 512 518 533 537 539 575 594 602 613 616 640 669 674 711 720 722 724 725 728 734 737 747 749 763 769 781 785 805 807 809 810 818 845 848 874 881 909 910 951 970 980 1078 1080 1097 1131 1187 1253 1352 1374 1612
471 470 475 509 518 684
474 512 582 696 723 726 886 1018
475 470
476 1 22 386 509 514 516 519 520 521 522 523 527 529 533 535 537 538 540
477 696
478 194 518 613 752 851 980
480 0 7 12 14 468
482 2 33 80 81 179 518 858 1030
483 1 518 587
484 5 11 16 22 27 226 279 289 320 339 340 357 411 424 451 507 508 509 510 511 512 513 514 515 516 517 530 535 539 553 555 558 566 572 579 625 640 656 695 717 721 723 728 747 772 783 785 789 809 810 834 838 854 862 869 874 897 1016 1046 1056 1061 1269 1277 1307
485 738 809 834 954
487 2 22 27 339 340 507 508 509 510 511 513 514 515 516 706 834 1124
488 470 613 651 696 783 843
489 23 339 509 518 558 602 684 728 730 805 811 828 834 838 906 989 1394
490 2 135 602 738 764 781 804 810 811 828 876 978
491 25 206 340 405 507 509 532 558 565 602 684 722 728 745 747 829
492 2 36 96 152 258 306 405 509 533 565 715 718 722 738 778 794 810 811 818 885 888 914 944 957 1126 1164 1174 1266 1396 1615 1772
493 9 22 25 518 720 722 772 814
495 1 2 19 25 27 31 451 470 509 518 553 613 719 723 745 752 814 930 1258
496 2 24 59 206 373 405 507 514 532 565 572 602 604 662 684 709 723 730 731 732 733 745 764 772 775 785 805 818 994 1029 1158 1266 1316 1455 1824
498 2 16 22 27 339 340 350 390 509 512 513 514 516 517 728 805
499 22 25 470 509 514 518 520 521 522 523 526 527 529 530 533 534 535 537 538 540 711 851 881 963
500 2 16 18 22 25 31 33 49 206 279 340 350 482 507 508 510 511 512 513 514 515 516 517 518 528 530 537 544 546 578 580 587 613 626 683 684 685 687 688 689 690 692 693 694 695 697 698 720 722 723 749 758 764 782 834 883 896 935 940 1019 1070 1205 1676
501 340 509 514 518 537 593 613 720 722 781 809 881 909 960 980 1202
502 22 24 25 27 62 135 152 279 282 350 509 512 514 515 518 553 566 587 602 611 674 684 695 720 721 728 731 733 745 754 764 772 783 785 823 824 830 854 863 866 875 890 940 1012 1015 1042 1229 1509
503 533 602 826
504 2 25 684 720 722 728 747 834 937 989
505 470 952 1121
506 80 613 719 723 752 841 1358
507 2 16 22 80 340 470 503 518 539 551 602 719 720 722 728 742 745 752 790 809 812 814 844 869 881 887 1252 1728
508 21
509 10 18 42 56 190 245 278 291 306 322 363 433 541 563 604 618 662 666 742 794 872 994 1158 1166 1174 1201 1308 1316 1396 1445 1469 1609 1615 1772 1824
510 337 745
511 1 2 15 18 21 24 36 96 98 258 306 337 399 405 471 479 596 666 715 722 794 805 946 1126 1174 1266 1396 1615 1772 1774
512 1 2 6 18 50 56 190 198 306 322 378 433 435 471 479 487 507 508 515 517 529 530 534 541 551 555 570 572 576 584 585 586 596 662 665 666 722 732 794 900 929 988 994 1004 1092 1158 1166 1168 1174 1201 1316 1321 1396 1445 1475 1615 1772 1824
513 1 2 6 9 18 471 479
514 0 2 5 7 13 18 22 27 49 77 91 96 160 177 229 278 279 306 340 374 452 467 468 509 518 537 580 587 618 622 666 684 719 720 722 728 731 733 739 759 764 772 781 785 787 798 805 813 814 831 841 872 929 1004 1012 1057 1066 1069 1078 1174 1193 1276 1331 1396 1469 1523 1557 1609 1698 1699 1764 1770 1772
515 16
516 16
517 1 2 18 20 22 49 80 264 279 340 374 390 419 424 468 480 507 508 509 510 511 512 513 514 515 516 517 528 530 535 536 540 543 544 545 546 548 549 550 576 579 582 588 589 590 602 613 626 656 670 671 672 674 720 723 752 809 834 906 954 1280
518 470
519 9 613
520 27 405 572 720 722 724 745 747 781 785 809 810 818 837 876 903 910 928 954 994 1001 1106
521 16
522 279 719 725 745 752 810 897
523 11 18 470 509 517 518 572 781 836 943 1261 1464 1579
524 18 27 77 470 509 518 537 586 824
525 2 896
526 2 22 519 520 521 522 523 524 525 527 723 834 1048
527 1 6 723
528 2 9 16 22 27 339 340 390 507 508 509 511 512 513 514 517 518 1229
529 0 7 13 14 22 206 340 414 467 468 470 507 508 509 511 512 513 514 517 520 522 524 527 530 534 553 555 556 557 558 559 560 561 562 563 564 565 566 567 569 570 571 573
530 651
531 2 11 13 18 22 27 62 91 264 272 279 454 507 509 514 516 518 519 520 525 526 528 530 532 533 534 535 536 537 540 560 587 593 602 613 631 723 737 738 742 747 749 754 778 785 800 806 812 813 814 876 890 933 1011 1024 1136 1156 1176 1177 1193 1198 1199 1230 1284 1300 1320 1329 1396 1435
532 279 515 555 656 725 738 805 838
534 1 16 722
535 2 18 20 22 31 206 485 492 587 613 719 730 742 752 881
536 0 7 12 13 14 22 45 189 258 340 414 467 468 507 508 509 511 512 513 514 516 517 520 527 534 551 552 553 554 555 556 557 558 559 562 564 565 566 567 569 570 571 572 573 738 766 1786
537 213 262 264 340 503 515 518 527 537 569 616 656 711 723 744 763 781 809 881 1106 1193 1236 1336 1343 1381 1529 1548
538 2 22 25 470 507 534 539 722 723 732 896 908 909 1219
539 16 22 340 390 507 508 509 510 511 512 513 514 515 516 517 518 656 719 722 742 753 754 781 824 865 909 1040
541 1 11 15 18 22 25 27 31 33 81 135 152 179 282 340 373 443 507 509 512 514 515 517 518 519 520 521 522 523 524 525 528 529 531 532 533 535 536 539 540 558 565 572 586 602 613 684 730 732 737 738 742 744 747 752 758 763 764 772 775 781 784 790 802 805 809 810 812 814 822 823 830 834 845 878 880 881 895 896 909 939 954 963 980 1001 1030 1034 1036 1108 1188 1194 1199 1202 1205 1229
542 781
543 470 720
544 62 503 518 719 720 742 752 814 829 848 909 980
545 1 22 25 470 537 553 579 711 722 814 909 1552
546 22 80 204 340 452 470 509 511 512 513 516 517 518 527 553 555 558 564 572 590 591 665 749 772 805 809 812 836 841 858 1066 1124
547 470
548 17 128 320 509 602 738 768 772 804 805 810 876 910 954 1181
549 2 17 27 509 514 533 565 580 587 602 625 669 732 745 749 764 771 826 834 858 874 902 957 1022 1066 1274 1329 1384
550 1 2 16 22 219 470 509 518 684 720 722 725 749 764 809 810 960 963 1015 1025
551 470 518 785 837 929 1074
552 12 13 14 15 645 728
553 9 22 470 475 516 518 519 521 522 523 524 525 526 527 529 530 533 535 540
554 2 16 22 27 339 507 509 510 511 512 513 514 515 517
555 77 89 91 514 553 613 772 931 1257 1450
556 19 22 24 484 485 602 723 881 1110
557 339
558 339 518
559 834
560 339
563 2 19 20 22 24 25 80 139 140 141 264 279 351 424 470 476 477 507 508 509 512 514 518 529 530 533 534 535 537 538 540 542 543 553 572 579 613 626 673 684 696 710 719 720 721 722 725 728 730 732 733 737 752 753 758 772 775 789 805 806 808 809 811 812 814 841 848 863 871 896 920 926 940 985 1074 1124 1147 1229 1323 1327
564 931 978 1124 1204
565 9
566 7 12 13 14 468
567 1 2 11 13 22 27 80 350 470 503 515 518 529 534 690 719 722 723 732 742 759 764 805 809 810 837 936 1110
569 7 12 13 14 467
570 77 340 503 518 534 579 699 719 720 725 728 805 809 814 822 869 881 1051 1337
571 470
572 711
573 138 279 569 728 874
574 2 509 613 728 931
576 16 22 27 62 89 128 152 279 320 340 390 452 508 509 510 512 513 514 515 516 517 519 520 522 524 525 526 527 537 539 558 626 667 709 725 733 742 776 783 785 809 814 926 941 954 1243 1251 1260 1272 1335 1450 1476
577 22 135 152 264 373 507 509 514 516 519 520 522 523 524 525 526 527 528 531 532 534 536 602 613 626 684 718 722 728 732 745 783 785 805 806 814 818 868 870 873 875 876 899 912
578 91 553 723 834
579 15 36 96 98 198 289 306 399 435 537 596 666 720 722 732 946 988 1092 1126 1174 1751 1772 1774
580 2 16 22 23 339 340 390 508 510 511 513 514 515 516 517
582 0 7 12 13 14 467 468 509 752 764 785
584 339
585 339
586 11 22 27 62 340 507 508 509 511 513 514 516 517 518 519 520 522 524 525 527 528 530 531 532 534 535 536 539 541 555 558 565 566 572 576 586 588 589 591 602 604 606 608 609 610 658 723 776 831 834 1277
587 148 264 340 470 558 602 782 799 823 854 956 1097
588 1 11 18 22 25 27 31 292 320 470 507 511 512 513 514 517 518 519 521 522 523 524 525 526 528 531 532 533 534 535 536 539 541 555 565 566 572 576 578 604 606 607 609 610 612 645 667 720 723 980
589 470 518 809 812
590 22 80 279 340 390 428 470 509 602 613 732 738 772 829
591 673
592 719
593 2 560 720 722 764 809 827 1161
595 723 823 1229 1272
596 22 91 114 443 452 470 473 518 613 805 810 918 1078 1508
597 177 190 322 433 541 662 665 900 994 1158 1166 1168 1316
598 15 24 25 80 533 539 558 579 586 719 720 722 723 732 752 764 772 809 814 829 839 890 1203 1241
599 16 470 475 509 518 534 555 602 613 842 918
600 16 22 458 602
601 1 14 17 25 27 61 80 194 206 213 337 340 392 470 507 508 509 511 512 514 515 517 518 519 521 523 524 526 527 528 530 534 537 551 552 555 558 561 565 570 572 613 658 684 719 720 722 723 733 742 745 749 752 764 772 781 805 809 814 816 818 834 837 842 846 874 878 881 886 896 980 1014 1018 1021 1030 1051 1056 1078 1177 1208 1229 1250 1281 1284 1302 1307 1458 1823
602 1 7 12 13 14 18 22 24 27 31 36 62 91 218 219 306 458 468 471 473 479 492 509 512 514 515 518 532 539 558 587 613 645 666 684 711 720 722 723 728 730 731 733 738 745 752 758 762 764 772 776 785 794 796 804 805 809 818 824 825 834 841 844 855 865 873 886 896 899 920 921 929 950 954 973 985 1012 1018 1056 1068 1087 1098 1120 1155 1170 1211 1285 1615 1680
603 1 2 25 509 514 529 532 539 558 658 684 723 731 732 745 758 764 772 783 834 857 869 890 1010 1205 1306
604 2 18 20 22 27 31 62 206 373 424 452 468 470 471 474 476 477 479 485 492 509 518 530 533 535 537 538 539 540 551 602 613 684 711 728 730 733 736 764 783 805 808 811 821 834 858 973 989 1070 1139 1484
605 16 470 518 805 809 812
606 1 2 18 22 25 27 135 160 219 280 340 350 353 390 470 507 509 537 553 580 599 613 626 723 730 731 733 734 742 743 745 747 752 754 758 764 768 772 776 778 781 783 784 785 804 805 808 810 818 832 841 844 845 848 865 868 876 896 931 951 954
607 22 477
608 602
609 518 553 805 809 812
610 2 11 16 18 21 509 515 518 537 602 841 1035
611 1 2 11 18 160 177 279 510 512 515 529 539 558 587 613 684 716 722 749 764 778 799 806 808 823 832 862 874 940 1078 1080 1275 1488
612 2 16 22 340 390 470 503 507 508 509 511 513 514 515 516 517 518 719 722 809 827
614 2 18 516 602 613 811 902 1274
615 16
616 7 13 14 467 468
617 2 16 27 339 340 390 507 508 509 511 512 514 515 517 602 738 745 752 824
618 1 2 13 18 22 24 25 89 91 135 138 152 177 219 264 279 282 320 340 350 428 470 512 513 516 518 529 534 537 539 709 711 718 720 721 726 745 747 752 754 764 772 776 781 785 798 806 809 810 812 814 818 825 834 841 842 845 848 858 870 873 890 941 984 991 1037 1051 1093 1094 1097 1194 1366
620 2 11 22 25 340 507 518 553 558 684 710 722 764 785 818 841 881 1194
621 1 9 22 27 339 507 508 509 510 511 512 513 514 515 516 517
622 7 12 13 14 468
623 2 16 27 339 340 350 470 507 508 509 510 511 512 514 515 516 517 711 723 728 752 764 783 785 824 825 832 868
624 9 22 470 720
625 2 7 12 13 14 22 27 467 468 558 572 677 722 723 728 745 772 813 818 858 896 1222
626 11 16 22 27 221 339 340 373 390 394 492 507 508 509 510 511 514 515 516 517 519 520 521 522 523 526 527 530 533 535 537 538 539 540 579 587 656 722 724 725 738 744 775 783 785 809 811 818 819 828 834 885 1205 1260 1273 1377 1382 1450 1643 1753
627 1 2 10 22 25 31 135 279 339 340 470 488 503 518 534 558 587 613 631 658 711 719 720 722 729 732 737 752 758 781 785 805 809 836 841 842 854 881 890 896 935 960 963 980 981 1028 1030 1031 1118 1165 1197 1199 1202 1208 1219 1222 1252 1284 1383 1384 1402 1429 1567
628 2 11 24 80 218 232 516 518 639 699 722 738 775 837 950 1061 1203 1327 1388
629 9
630 2 18 22 25 31 470 477 539 587 754 814 935
631 2 7 15 16 19 27 44 179 339 340 390 432 443 452 453 470 507 508 510 511 513 514 515 516 517 519 520 521 522 523 524 529 533 535 537 538 540 553 613 723 747 764 805 834 885
634 1 2 11 22 24 27 31 39 77 80 91 160 179 264 289 303 319 320 340 451 452 507 510 514 518 527 532 534 537 546 553 558 572 580 586 594 602 611 613 631 640 656 660 684 690 694 709 711 719 720 722 723 725 728 729 730 731 732 736 738 742 744 745 752 753 758 764 768 772 783 785 797 798 804 805 808 809 811 814 816 818 822 824 830 834 841 858 870 878 890 895 896 898 899 917 921 927 931 939 941 994 1001 1044 1066 1070 1078 1097 1115 1152 1161 1186 1190 1193 1194 1199 1203 1206 1209 1210 1230 1235 1251 1253 1260 1317 1327 1331 1383 1428 1439 1633 1805
635 16
637 490
638 509 890
639 470 514
640 509
641 470
642 470
643 509
644 1 546 588 722 1004 1224 1396
645 470 794 1396 1615
646 470
647 470
648 373 537 946
649 811 819
650 9
651 492
652 25
653 2 4 11 18 22 24 25 27 31 68 69 219 279 300 320 340 350 374 408 421 492 493 494 497 503 509 518 539 543 558 566 582 587 602 613 696 710 711 723 770 783 791 821 825 836 840 853 865 866 882 929 931 1107 1136 1148 1253 1267 1371 1677
656 190 198 322 433 435 563 604 732 745 794 988 1092 1201 1308 1360 1615
657 1 17 22 31 507 509 512 514 516 520 521 522 523 526 527 528 531 532 536 539 593 613 728 730 733 745 804 805 871 989 1493
658 18 206
659 11 27 566 728
660 2 16 27 159 339 340 390 507 508 509 510 511 512 515 516 517 778 834 931
661 16 22 27 339 390 507 508 509 510 511 512 513 515 516
662 1 2 4 11 25 160 320 340 470 496 497 507 508 509 511 513 515 516 517 518 530 555 565 575 577 578 579 580 582
663 4 18 27 160 279 340 405 470 478 496 500 507 508 509 511 512 514 515 516 517 518 519 520 523 524 525 526 529 530 532 533 534 535 537 538 540 551 553 555 558 566 572 576 602 661 662 663 664 673 696 720 723 728 738 739 745 752 753 764 785 809 811 818 826 842 843 890 981 1124 1229 1253 1376
666 2 9 11 135 320 443 458 470 503 507 602 613 718 722 747 753 760 785 805 811 818 821 822 926 1586
667 24 25 518 613 722 732 752 758 809 842 1287
668 1 31 732
669 2 159 190 340 390 507 508 509 510 512 513 514 515 516 517 518 519 520 521 522 523 524 525 526 527 529 530 533 535 537 538 558 593 613 778 785 808 834 931 1011 1177 1329
670 2 18 22 24 27 340 390 507 509 510 511 512 514 515 517 553 719 728 844 881 885 946 1048
671 9 56 190 306 322 378 433 665 711 721 725 794 805 810 900 1168 1174 1475 1615 1772 1824
672 22 27 61 177 190 279 320 512 515 516 534 553 572 602 613 673 724 738 747 754 772 805 807 814 818 824 1026 1040 1095 1193 1219 1258
673 2 16 22 27 339 340 390 475 507 508 509 510 511 514 515 517 602 983
674 16 738
675 339
676 1 2 11 16 25 31 80 334 340 452 454 503 507 509 512 514 515 529 534 551 565 572 579 586 593 601 602 684 722 723 725 728 732 738 742 745 747 752 763 764 772 785 809 812 814 816 822 841 845 878 881 924 952 963 965 1032 1066 1078 1124 1411 1423 1424 1642
677 1 2 16 27 340 390 470 507 508 509 510 511 513 514 516 518
678 2 16 62 99 135 194 219 279 282 320 373 470 509 518 546 556 582 602 711 717 718 719 723 725 734 742 747 754 772 778 781 785 803 804 805 808 809 811 818 821 822 827 834 869 870 899 914 1008 1014 1056 1059 1108 1145 1177 1199 1270 1276 1320 1329 1376 1540 1595 1679 1717
679 1 18 42 50 59 77 80 96 98 152 198 245 291 292 306 340 363 382 398 435 470 518 527 537 587 596 694 732 742 747 776 782 794 805 807 809 812 816 830 831 834 841 870 946 982 988 1051 1061 1092 1101 1124 1130 1174 1201 1292 1321 1396 1435 1491 1615 1772 1774 1797
680 1 114 152 296 343 515 518 534 593 614 690 732 754 764 809 812 870 899 1051 1396
681 80 340 374 553 602 715 722 752 764 805
684 22 509 752 814 822 834
685 645 785 845 851 1108
686 405 512 684 739 915
687 2 4 25 27 31 128 340 503 509 513 514 529 537 566 613 626 673 684 709 739 741 783 784 796 807 810 812 816 821 831 857 915 937 986 998
688 565 764 775 796 1127 1603
689 1 2 11 15 25 80 503 507 534 558 720 723 747 785 851 953 1108 1229
690 2 22 232 424 553 723 728 742 772 791 807 834 858 962 982 1229
691 373 572 586 770 811 852 1017
692 2 16 22 27 62 390 503 507 508 509 510 512 514 515 516 517 558 785 834 1412
693 16 22 27 340 507 508 509 510 511 512 513 514 515 517
694 470 722 728
696 339
697 339
698 454 558 728 764 772 803 1066 1085
699 814
701 31 373 784 834 838 890
703 2 19 22 476 492 509 514 529 530 537 540 558 565 588 589 590 591 602 684 785
704 3 12 14 15 467 468
705 16 339 470 764
706 728 731
707 12 13 14 467 468
708 339
709 2 373 509 640 724 725 734 742 747 781 804 805 810 811 814 823 831 876 929 954
710 2 22 89 182 194 282 350 509 511 537 546 558 586 613 721 722 723 728 742 745 764 772 812 814 818 821 899 1095 1629
712 1 2 279 350 503 509 696 711 732 745 753 772 785 834 842 1108 1229 1287 1372
713 11 509 593 684 696 802
714 24 518 613 752 764
715 18 23 388
716 2 27 31 91 492 503 507 515 553 616 636 695 728 745 807 818 827 834 840 848 867 908 935 969 1223
717 9
718 10 36 174 198 258 289 306 435 513 546 588 618 658 666 732 802 825 872 975 988 1004 1092 1174 1201 1224 1396 1414 1462 1609 1697 1772 1786 1836
719 2 16 27 206 339 340 390 414 467 507 508 509 511 512 513 515 516 517 518 522 524 527 530 534 543 552 553 554 557 558 559 560 561 562 565 566 567 568 569 570 571 572 573
720 2 22 340 390 509 510 512 514 515 517 539 602 613 734 747 764 781 804 810 876
721 518 809 812
722 2 10 16 18 20 340 471 479 488 492 494 529 586 602 745 776 805 818 823 865 903
723 9
724 1 160 470 518 539 709 728 745 781 782 785 804 821 834 890 1229
725 470
726 496 498 500 507 508 509 511 513 515 517 518 529 534 576 602 661 664 684 696 721 723 772 834 1193 1616
728 1 2 18 22 320 340 492 503 509 537 539 582 587 602 710 717 720 723 729 732 733 738 745 760 768 783 804 805 808 810 814 822 836 880 917 926 954 1040 1237
729 10 16 18 27 340 390 471 474 479 488 507 508 509 510 511 512 513 515
730 25 279 340 405 509 515 532 565 602 710 722 730 739 745 747 764 783 785 805 818 841 854 869 883 944 948 998 1033 1205
731 25 27 405 602 722 781
732 17 20 22 25 31 206 264 484 485 492 503 512 516 518 529 532 535 537 538 540 587 588 589 590 591 602 673 723 728 730 733 747 807 818 834 839 871 896 1107 1110
733 1 203 470 492
734 2 18 20 22 24 25 31 470 501 518 535 587
735 2 22 25 711
736 518
737 1 20 785 825 1323
738 2 16 22 27 96 306 340 507 508 509 510 512 513 514 517 546 588 613 618 722 802 825 872 975 1004 1174 1224 1396 1462 1469 1609 1615 1772 1836
739 502 509 902
740 2 11 62 279 339 507 509 511 512 514 515 516 520 521 522 523 524 526 529 531 533 534 535 538 540 553 572 576 603 613 926
741 848
742 1 470 518 722 809 810 881 1697
743 2 405 509 720 722
744 16 27 339 340 390 508 509 510 511 512 513 514 515 517 558 602
745 1 2 11 16 18 22 24 31 80 279 340 390 507 508 509 510 511 512 513 514 515 518 519 520 521 522 523 524 525 526 527 528 532 534 536 539 558 580 592 593 594 598 599 600 601 602 613 656 711 720 722 728 730 733 736 745 758 764 776 805 814 818 839 868 869 871 875 881 899 921 1141 1222
746 2 22 27 31 114 340 390 452 507 508 509 511 512 513 514 515 516 517 518 529 533 602 613 674 725 728 736 749 783 784 798 805 806 814 818 822 836 889 902 1042 1059 1078 1149 1196 1254 1274 1329 1573 1597 1624
747 470 518 720 741
748 339
749 59 198 435 511 512 513 604 613 666 732 818 889 988 1092 1174 1271 1396 1469 1772 1786
750 9
751 2 16 22 339 340 507 508 509 510 511 512 514 515 517 534 720 722
752 631 1055
754 16 287 340 470 534 601 613 722 752 980 1230 1321
756 2 11 18 27 47 89 152 320 374 473 503 579 718 805 837 869 1018 1221 1223 1245 1257 1461 1525 1588 1622
757 18
758 339
759 512 517
760 470
761 20
762 20 59 174 198 258 378 405 413 435 511 512 513 563 604 658 722 732 794 818 988 1092 1201 1266 1271 1308 1414 1445 1455 1786 1824
763 2 20 25 340 378 613 710 722 890 1230
764 20 232 518 593
765 20
766 2 18 20 22 25 27 374 497 534 586 613 745 782 805 831 834 836 1323 1532
767 2 25 534 699 709 722 752 809 830 898 913 1034
768 9
769 764 809
770 339
771 16
772 25 534 711 722
773 89 553 719 723
774 2 22 24 25 340 470 503 509 518 534 579 613 616 719 720 722 732 752 763 764 803 804 809 814 881 909 1070 1281
777 1 2 470 518 684 869 881
778 518 534 613 781
779 2 17 339 509 518 587 656 728 734 738 742 747 749 764 770 781 804 954
780 2 22 135 282 470 509 518 527 534 631 680 745 764 784 844 956
781 2 350 470 515 534 614 738 772 782 783 785 836 854 935 1058
782 613 742 747 757 781 804 931 954
783 0 12 14 467 468
784 1 2 4 11 18 22 24 25 27 30 47 49 59 69 77 79 80 89 91 124 135 136 148 160 177 190 197 206 218 219 229 279 285 320 337 340 394 405 428 443 452 454 470 503 507 509 514 515 516 528 533 534 539 543 553 555 558 565 572 587 593 599 602 613 625 649 651 656 699 710 718 719 720 721 722 724 725 727 728 730 733 734 739 742 745 749 754 764 772 773 779 781 782 783 784 785 790 798 804 805 808 810 811 813 814 818 821 822 825 828 837 841 842 845 850 853 854 857 858 868 878 890 908 929 940 954 963 982 993 998 1011 1020 1036 1040 1044 1046 1066 1093 1095 1136 1143 1165 1196 1197 1219 1223 1229 1232 1241 1245 1311 1358 1385 1403 1701 1702
785 77 91 282 509 518 587 613 733 738 742 745 764 809 814 858 868 929 948 973 1376
786 2 25 264 279 509 518 534 572 579 719 720 729 742 764 809 811 814 818 822 837 842 881 890 1018
787 1 2 25 470 515 518 719 722 809 812 881
788 1 470 509 514 516 518 519 521 522 523 524 525 526 529 535 538 540 723 732 805 939
789 2 25 27 80 470 719 720 722 732 794 841 1031
790 940
791 206 373 454 613 709 728 921 1011
792 720
793 470 722
794 1 2 13 14 17 18 22 25 27 31 37 42 62 89 122 135 148 152 160 177 197 206 219 226 232 257 272 279 292 320 340 350 351 394 420 468 492 503 507 509 510 511 513 514 515 516 517 518 522 528 530 532 533 534 535 537 541 546 551 552 553 555 558 560 566 572 586 588 589 590 591 593 599 602 604 607 608 609 610 612 613 643 656 684 710 711 721 722 725 728 730 732 733 738 741 744 745 753 754 755 759 764 767 768 770 772 776 781 783 785 789 793 803 814 816 819 821 823 824 826 830 834 835 837 841 853 866 868 869 875 878 883 902 905 911 912 922 934 935 943 947 951 954 994 1025 1033 1042 1070 1074 1193 1219 1250 1286 1306 1317 1335 1375 1385 1394 1708 1740
795 1 22 25 59 80 198 228 263 390 405 435 456 482 509 518 533 563 586 604 626 662 690 709 711 719 722 723 729 732 745 758 767 772 796 805 810 811 814 818 824 825 837 841 866 881 883 899 936 944 988 989 994 1092 1158 1201 1208 1222 1252 1260 1263 1266 1277 1308 1316 1371 1455 1475 1744 1824 1841
796 1 2 18 22 24 279 443 454 470 480 509 514 518 519 522 524 525 526 527 539 613 711 720 722 747 752 770 785 809 811 812 834 909 1051 1066
797 10 723 794 868 1615
798 1121
799 36 38 45 258 289 365 496 722 766 794 924 1455 1469 1603 1767
800 470
801 470 507 511 512 515 518 533 534 565 566 572 719 753 803 816 835
802 1 5 6 11 21 22 25 27 30 31 91 226 279 319 320 339 350 394 454 470 503 507 508 509 511 512 513 514 515 516 517 518 529 534 535 555 558 565 566 570 576 583 584 586 589 591 603 613 639 660 699 721 723 726 728 731 732 733 738 744 747 759 764 765 767 776 783 785 789 793 799 805 810 811 818 821 832 837 848 862 868 874 880 927 929 940 954 973 1018 1040 1065 1067 1070 1074 1078 1085 1089 1099 1104 1127 1153 1180 1231 1235 1272 1317 1327 1351 1417 1513 1551 1609
804 21 247
805 470 518 613 752 1018
807 470
808 160 613 752 798 933 1293
809 18 22 509 512 514 518 529 533 535 538 602 723 733 764 834 1018
810 16 27 340 390 508 509 510 511 512 513 514 516 517
811 613
812 2 18 22 25 31 135 340 470 518 534 537 579 602 720 722 738 747 814 842 844 846 909 918 932 980 1092
813 2 11 22 25 503 509 514 516 518 519 523 524 525 527 529 535 537 538 540 613 719 723 728 737 738 742 749 752 821 865 897 1127 1177 1219 1363 1404
815 2 27 80 534 537 539 558 614 719 722 732 752 772 805 809 848 865 881 909 929 1029 1092 1241 1407
816 13 22 25 31 470 509 519 520 521 523 524 525 526 527 551 593 613 709 719 720 722 723 730 742 770 804 805 809 810 814 816 834 842 881 901 909 980 1241 1313
817 25 613
818 1 2 22 24 25 160 279 454 470 476 509 510 518 529 530 537 538 539 540 593 602 613 709 719 720 722 723 729 733 745 752 764 778 811 834 844 867 869 881 890 939 940 1031
819 2 509
820 18 22 24 27 31 63 91 272 279 282 340 435 468 470 507 514 516 518 520 521 522 524 525 527 532 534 536 539 553 572 613 645 671 684 693 695 723 738 741 747 749 752 785 803 805 807 810 866 869 881 931 991 1005 1253 1766
821 21 508 512 515 517 529 530 534 551 555 570 576 584 585 586
822 470 518 909
823 470 579 899 902 1059 1274
824 22 25 80 534 684 722 723 728 729 772 809 812 814 830 834 899 1014 1031 1048 1219
825 2 16 22 24 27 31 49 62 80 231 264 275 373 390 454 470 472 507 508 509 510 511 512 513 514 516 517 518 530 534 551 552 555 561 565 570 572 613 616 648 696 719 720 723 724 725 732 738 742 743 749 752 758 770 785 804 809 811 814 815 858 869 881 909 980 1016 1025 1069 1144 1251 1260 1280 1372 1381 1846
826 24 25 613 684 720
827 16 22 27 339 340 507 508 509 510 511 512 513 514 517 558 752
828 2 16 18 25 27 101 282 340 374 503 507 508 509 510 511 512 514 515 517 518 558 602 684 742 747 785 804 810 834 876 910 1218
829 1
830 340 602 789 831 857
831 10 42 50 112 190 198 263 322 340 363 378 433 435 456 529 563 690 732 742 745 794 857 924 988 1004 1053 1068 1092 1201 1224 1308 1321 1360 1475 1615
832 25 470 518 684
833 27 430 579 656 764 778 1102 1177 1419
834 2 18 20 27 77 80 279 340 515 518 534 690 696 709 711 723 741 742 781 805 807 809 814 828 845 873 890 952 990 1219 1229 1262 1290 1535 1632
835 2 27 279 732 783 810 929 1018 1097 1252
836 602
837 22 509 602 613 722 732 758 834
838 2 470 602 690 720 722 742 744 752 809 814 842 920
839 25 452 507 516 565 709 711 717 728 752 790 804 810 858 870 917 1152 1160
840 772
841 9 18 503 553 725 742 873
842 339
843 2 4 22 25 160 320 470 495 496 497 507 508 509 513 514 515 516 517 518 519 520 521 522 523 524 525 526 530 537 555 565 574 575 576 578 579 580 581 582 586 722 814 842 909 939
844 22 503 509 516 519 520 521 523 524 525 526 527 529 534 535 537 540 720 722 728 732 805 814 844 881 1197 1205 1236
845 2 19 20 22 25 31 206 484 485 492 514 516 530 533 535 537 538 540 587 588 589 590 591
846 518 720 842 980 1202
847 9
848 18
849 2 20
850 16 22 49 152 512 539 709 723 728 732 752 761 764 785 808 834 869 1351
851 0 7 12 467 468
852 2 5 15 18 22 24 25 31 62 80 172 264 304 305 320 339 340 394 432 433 454 455 482 492 503 507 512 515 516 518 529 534 539 553 555 558 572 579 588 589 590 591 613 614 655 684 690 719 722 723 729 732 738 742 745 749 752 766 772 785 790 793 804 809 812 814 828 834 870 881 909 929 939 954 963 1001 1021 1034 1127 1208 1252 1336 1352 1454 1456 1482 1724 1728 1822 1831
853 515 553 770
854 18 22 27 135 515 586 613 720 732 745 752 785 807 844 848
855 2 18 20 320 471 509 539 602 639 799 940 955 1249
856 4 24 279 339 509 572 711 772 799 805 940 955 1029 1079 1249 1468 1550 1715
857 470 518 809
858 25 470 518 532
859 2 17 19 22 390 452 470 476 516 529 533 535 537 538 540 580 711 719 723 806 809 834 906 1113
860 0 7 12 13 14 468 809 868
861 0 12 13 14 467 586 613 1127
862 470 518 747 810 876
863 1028
865 22 518 539 720 809 812
866 16
867 2 89 473 515 555 599 613 678 778 805 807 848 931 1177
868 9 565 720 742
869 9 809
870 2 5 22 24 25 59 62 80 213 264 279 304 305 339 431 433 455 503 509 510 512 518 534 539 566 572 582 594 613 616 645 694 719 720 722 734 738 742 745 747 749 752 772 781 784 785 796 809 810 814 834 836 842 844 869 878 881 896 909 919 929 936 940 963 980 996 1029 1070 1074 1193 1208 1217 1311 1319 1336 1338 1363 1434
871 1 13 61 183 248 278 309 340 373 405 448 503 509 514 613 690 719 720 721 732 737 742 747 752 809 814 831 836 867 896 909 980 1165 1208
872 1 2 22 25 47 80 91 96 121 163 306 518 537 543 553 558 579 622 631 680 711 715 745 772 808 810 812 825 826 841 842 851 858 880 929 931 954 1008 1024 1115 1174 1321 1396 1615 1679 1772
873 16 722 821
874 22 77 264 507 514 516 519 521 522 523 525 527 528 531 532 536 539 763 787 1639
875 25 340 470 503 518 529 534 599 602 728 730 745 785 835 868 869 1018 1145 1205 1222
876 22 509 514 516 518 519 521 522 524 525 526 527 530 533 537 538 540 722 723 764 785
877 2 22 514 516 519 520 521 522 525 526 527 529 535 537 538 540 816 834
878 16 339 785
879 2 16 22 27 339 340 390 508 511 512 514 515 516 517
880 7 15 19 44 179 264 507 518 602 804 805 1130
881 470
882 1 2 16 22 25 27 93 142 246 390 507 508 509 510 511 512 513 514 517 518 539 553 558 560 602 684 729 732 752 772 814 823 834 896 908 936 1219 1229 1288 1451
883 2 5 11 15 16 17 22 24 25 27 29 31 47 62 160 176 183 194 206 233 248 373 428 431 435 448 452 507 509 512 513 515 518 532 533 534 537 539 558 572 579 593 602 613 631 673 717 718 719 720 722 723 725 728 729 732 737 739 742 747 754 758 759 768 770 772 781 782 783 796 804 805 809 810 811 813 821 822 824 828 834 836 837 847 878 881 909 931 939 945 1001 1030 1108 1155 1161 1188 1208 1233 1253 1263 1278 1310 1313 1320 1362 1399 1428
884 1 11 13 16 19 22 24 25 27 31 62 167 206 340 390 408 416 452 468 470 503 507 508 509 511 512 513 514 515 516 517 518 519 520 522 523 524 526 527 529 530 532 533 534 537 538 539 540 558 565 566 572 582 587 602 613 616 626 631 649 656 674 684 695 711 720 722 728 729 730 732 733 736 738 739 746 747 749 752 753 758 772 781 785 789 805 806 808 809 812 814 818 824 834 839 841 842 844 850 857 858 871 878 882 896 899 908 927 929 935 952 955 1044 1069 1125 1127 1132 1205 1214 1229 1232 1311 1435 1509 1673 1877
885 470 553 733 745 785
886 16 27 339 340 390 507 508 509 510 512 513 514 516 517
887 470
888 645 684 731 745
889 1 2 16 22 32 34 340 350 390 507 508 509 511 513 514 515 517 518 539 711 719 722 730 749 752 764 772 782 809 818 834 841 858 896 899 908 1051 1193 1281
890 558 785
891 62 805
892 339
893 16
894 2 22 25 27 340 390 508 511 512 513 514 515 516 517 613 719 739 834 908 929
895 31 468 558 710
896 558 720 818 980
897 1 470 723 731 812 823 836
898 1 2 24 25 279 509 514 516 518 519 520 522 523 525 526 527 529 530 533 535 538 540 586 613 720 722 723 730 744 749 772 814 834 839 924 1480
899 92 128 146 245 613 696 749 785 977 1219 1579 1664
900 1 22 24 62 80 177 285 470 512 516 518 532 533 566 720 722 723 725 731 732 745 758 772 790 809 814 871 896 917 940 1029 1083
901 1 49 369 470 719 1150
902 602 734 781 810
903 1 16 18 31 62 468 497 513 518 613 723 724 746 759 764 807 818 825 908 931 1011 1040 1231 1248 1277 1280 1320 1434
904 781
905 18 602 781 810
906 470
907 2 470 722 723 805 809 814
908 805
909 2 24 25 518 602 721 778 783 805 1125
910 838
911 2 5 25 80 218 503 507 509 537 553 602 613 722 747 752 764 829 1219 1260
912 9
913 27 77 89 206 279 340 452 516 527 603 613 720 723 728 763 764 776 785 787 825 848 873 908 931 1078 1219 1223 1303 1528 1859
914 18 27 47 62 135 340 350 405 503 518 579 602 613 684 719 720 722 723 733 747 752 814 844 875 878 881 909 980
915 22 27 339 340 390 507 508 509 510 511 512 513 514 515 516 517 711 805 1336
916 22 25 509 602 711 728 764 871 954 1233
917 25 509 586 733 1398
918 9
919 18 20 471 719
920 684
921 339
922 509 602
923 9
924 1 2 18 25 27 31 279 424 435 468 503 509 515 516 518 532 534 537 546 553 586 602 613 710 718 719 720 722 723 724 728 729 731 732 737 745 749 758 770 772 778 781 785 793 804 805 807 810 812 821 826 828 834 929 989 1011 1028 1077 1127 1218 1357
925 13 22 31 503 507 509 515 565 626 719 720 722 752 754 805 809 814 826 834 867 881 1004 1434
926 785 842
927 470 509 809 812 881 1443
928 1 518 699 719 729 752 896 1048
929 2 9 11 101 160 232 509 602 613 667 718 733 738 806 830 864 1078 1300 1321 1679
930 80 470 518 723
931 1 13 511 518 613 720 723 732 784 805 814 1016
932 539
933 22 62 219 339 507 558 721 723 728 824 1273 1449
934 602 810
935 0 7 13 14 467
937 9
939 953
940 2 558 1222
941 18 470 613 719 722 809 812
942 2 22 470 509 514 516 518 519 520 521 522 523 525 526 527 530 533 537 540 613 720 722 734 809 1108
943 470
944 19 22 470 509 514 516 518 529 530 535 537 540 720 729 736 1505
945 1
946 2 22 470 512 518 719 747 752 896
947 80 443 470 514 518 534 613 720 722 805 809 812 814 822 878
948 16 719 809 1469
950 2 4 6 21 24 25 27 77 177 279 340 374 482 507 515 516 539 565 572 587 602 684 721 728 742 745 749 779 782 785 807 818 825 831 836 848 1026
951 897
952 1 2 8 11 15 22 24 25 27 31 62 77 80 160 194 197 219 279 289 340 373 390 394 420 482 507 508 509 510 511 512 513 515 516 517 529 533 535 537 538 540 558 565 566 569 579 586 616 625 656 660 710 721 723 724 725 734 738 749 760 763 765 775 785 802 805 808 809 810 811 814 818 828 832 834 836 850 854 866 869 890 926 929 936 956 1046 1051 1061 1136 1144 1205 1229 1232 1260 1269 1277 1303 1308 1364 1390 1391 1437 1466 1575 1626 1645
953 16
954 2 16 24 340 390 507 508 509 510 511 512 513 514 515 516 765 784 810 874 1205
955 470 509 518 845
957 16
958 18
962 2 16 27 339 492 579 602 738
963 18 27 503 507 509 518 519 521 522 523 524 525 526 527 532 534 536 539 553 586 613 616 723 728 738 745 785 805 807 824 834 1553
964 2 4 11 22 25 320 340 495 496 497 503 507 508 509 513 514 515 517 518 530 537 555 558 575 578 579 580 581 594 599 711 720 722 723 752 772 809 813 842 844 846 909 980 1092 1197 1202 1281 1324
965 16 22 25 373 509 730 733 764 770 785 808 811 819 868 964 967
966 721
967 0 12 13 14 468
968 2 229 738 1016
969 1 2 11 22 25 31 340 470 509 514 515 518 519 520 522 525 527 532 534 537 594 599 711 719 720 734 742 785 844 939 960 1031 1108 1208 1236
970 2 25 586 730
971 2 16 22 27 339 390 507 508 510 512 514 515 516 517 558
972 507 539
974 1
975 1 26 454 504 505 507 512 515 565 805 821 832 874 911 1067 1085 1327 1414
976 2 9 22 27 340 390 508 510 511 512 513 514 516 517
977 1 25 470 720
978 31 587 720 805 950 1205 1219 1653 1853
980 1 470 518 613 722 752 809 812 821
981 467 733 752
982 1 2 18 31 62 177 279 320 539 558 663 711 723 725 728 731 732 738 747 772 783 785 806 823 831 834 851 863 868 921 1091 1125 1184 1573
983 470
984 24 25 31 77 80 91 206 279 340 374 390 443 509 517 539 553 572 613 673 680 699 722 733 738 752 763 791 798 805 821 831 866 1299
985 2 534 560 781
986 2 25 747 814 842 844 909 980 1208
987 518
988 2 18 22 24 25 30 206 477 484 485 492 509 514 516 530 533 535 537 538 540 558 587 588 589 590 591 602 613 720 730 738 775 909 980 989
989 470 509 518 560 719 722 752 804 980 1119
990 2 9 16 339 340 390 475 508 509 510 511 512 513 515 516 517 728 834
993 720
994 1 2 4 11 15 22 25 160 320 339 470 495 496 498 503 508 509 511 513 515 516 517 518 528 532 534 536 537 546 551 558 565 570 572 576 577 578 579 582 589 590 591 602 661 664 684 696 705 706 708 709 710 711 713 714 722 723 809 909 980 1202
995 470
996 12 14 15 22 340 467 468 507 511 512 513 516 517 520 522 527 530 534 535 551 553 554 555 556 557 558 560 563 565 571 572 588 589 591
997 1 18 22 27 89 152 279 282 340 350 373 434 470 503 507 509 514 516 520 522 523 524 525 526 527 528 530 531 532 533 534 535 536 537 540 572 721 722 723 732 738 747 772 785 796 804 809 811 812 814 818 827 828 830 832 834 841 851 858 869 878 890 896 940 954 970 978 1029 1037 1040 1051 1065 1093 1106 1108 1130 1205 1212 1253 1257 1260 1306 1339 1374 1445 1480 1488 1528 1550 1654
998 848
999 2 7 12 13 14 16 22 27 30 206 339 340 390 414 467 468 507 509 511 514 516 517 520 524 527 530 534 535 543 551 553 554 555 556 557 558 559 560 563 564 566 567 568 570 571 572 573 602 723 764 827 834
1000 720 722 909 980 1092
1001 1 470 518 533 710 723 733 747 752 781 812 827 848 858 870 878
1003 1 558 684 770 809 810 812 1092
1004 1 2 11 18 22 24 25 30 31 77 80 177 264 320 350 390 394 470 507 509 514 516 518 519 520 521 523 524 526 527 528 530 531 532 533 534 535 537 538 539 540 572 587 602 645 684 719 720 722 723 726 728 733 738 745 747 785 798 804 805 806 809 811 818 821 823 827 834 841 848 926 940 1029 1031 1048 1078 1082 1108 1214 1219
1005 339
1006 470
1007 18 24 25 27 31 80 134 177 190 264 503 507 512 515 534 539 558 565 572 579 586 602 613 645 710 719 720 722 734 742 745 753 758 775 776 785 805 809 814 817 818 842 852 869 881 898 909 912 921 956 973 1066 1089 1206 1208 1395
1008 22 27 339 340 390 507 508 509 510 511 512 514 515 516 602 722 814
1009 2 16 22 27 339 340 390 508 509 511 512 514 515 516 555 579 719 720 722 723 747 809 812 842 854 881 909 1463
1010 834
1011 10 56 59 96 190 219 245 278 292 306 322 340 378 433 476 509 518 532 546 588 602 604 618 666 719 720 722 728 732 738 742 745 794 809 814 818 825 834 865 872 878 881 929 1004 1061 1063 1068 1149 1174 1224 1230 1396 1445 1469 1475 1609 1697 1772 1797
1012 2 27 62 77 80 135 152 279 340 507 513 514 518 565 572 586 613 720 728 733 745 754 764 772 783 785 805 806 809 811 814 821 822 823 830 834 841 854 855 875 876 880 881 895 1072 1077 1198 1205 1219 1229 1564 1692
1013 31 645 711 722 723 763 825 1729
1014 470 720
1015 22 89 218 509 518 534 579 719 720 723 730 752 772 790 881 1208 1222
1016 2 16 221 222 752 796 858 866 936 1047 1219 1449
1017 25 74 135 337 507 509 518 534 537 539 565 613 614 626 719 738 745 752 785 805 806 818 842 858 963 1037 1093 1366
1018 9
1019 24 390 503 509 517 587 602 728 764 830 834 841 875 902 954
1020 9 339 752
1021 823
1023 27 730 742 809
1026 16
1027 2 11 18 21 24 25 31 49 101 279 340 470 473 513 517 518 553 579 593 602 613 626 684 710 711 745 752 753 791 798 805 807 814 816 866 868 981 1044 1056 1203 1223 1232 1252 1265 1274 1306 1365 1868
1028 470
1029 31
1030 2 16 22 27 390 507 509 510 511 512 513 515 516 517 558
1031 897
1032 13 159 443 509 772 778 813 834
1033 2 18 20 24 25 31 206 477 492 513 535 785 791 1223 1397
1034 2 4 22 24 25 31 206 279 340 507 514 553 558 572 587 593 684 711 719 722 728 732 739 745 752 768 772 785 808 873 880 940 955 1044 1046 1260
1035 2 22 24 25 373 414 613 715 733 805 818 938
1036 19 470 476 509 516 529 530 533 535 537 538 540 565 814
1037 16
1038 25 405 428 722 784 785 809 1229
1039 340 470 509 518
1040 0 7 13 14 16 22 206 340 414 467 468 508 511 512 513 514 515 516 517 519 520 521 522 523 525 526 527 529 530 534 535 537 538 540 553 554 555 556 557 558 559 560 561 563 566 568 569 572 573 809 822 826 841 906 920 1078
1041 2 11 22 25 89 373 390 503 509 532 602 706 729 737 745 754 764 772 785 805 806 811 814 818 822 834 841 888 890 902 914 927 954 957 1051 1066 1143 1149 1177 1229 1329
1042 1 2 16 22 27 507 508 509 510 511 512 513 514 515 517 518
1043 2 16 18 22 27 340 390 507 508 509 511 513 515 517 528 565 586 613 745 783 785 808 818 841 842 1203 1222 1376 1509
1044 1 2 18 19 22 24 27 77 80 213 279 285 340 405 470 476 503 509 511 513 516 518 530 533 535 537 538 539 540 586 602 613 719 720 729 730 732 737 747 764 772 781 785 799 814 834 842 844 878 881 896 899 908 910 919 954 963 965 980 1021 1030 1105 1121 1237 1284 1287 1336 1338
1045 1 2 22 30 31 91 135 221 222 320 373 414 503 509 512 514 516 518 530 533 535 538 539 540 579 586 602 613 684 696 722 723 728 742 743 747 752 778 785 804 805 810 814 818 829 834 838 862 934 954 978 1003 1066 1127 1277 1319
1046 10 185 258 283 306 470 509 511 512 513 690 719 794 1004 1068 1271 1414 1478 1525 1786
1048 2 11 31 135 152 373 470 492 509 511 518 553 579 602 613 725 728 731 733 742 747 778 781 808 810 814 819 827 829 834 848 873 908
1049 36 56 80 96 190 258 278 306 322 340 378 405 433 470 511 515 518 534 570 601 613 665 715 720 722 738 747 772 785 794 802 812 818 900 936 956 1004 1108 1126 1168 1174 1266 1396 1469 1475 1772 1824
1050 518
1051 80 306 1174 1445 1772
1052 2 16 27 92 146 245 464 725 811 1052
1053 22 339 470 509 514 518 519 520 521 522 524 526 528 529 530 531 532 534 535 536 537 538 539 540
1054 1 2 11 24 25 80 89 229 279 470 509 515 518 533 546 558 680 684 711 716 717 719 720 722 723 731 733 752 753 772 785 789 803 807 809 810 812 834 836 848 865 868 884 926 940 954 980 981 1010 1103 1105 1207 1251 1260 1281 1365
1055 18 27 152 509 514 518 533 537 587 613 684 728 738 745 772 804 818 869 970 1329 1691
1056 2 22 339 470 518 719 723 752 814 834 849 1048 1155 1163 1313
1057 4 11 22 25 27 124 160 320 340 470 503 507 508 509 511 512 513 514 515 517 535 565 574 575 576 577 578 579 580 581 582 721 728 785 868 889 991 1479
1058 2 80 723 1056
1059 470 572 579 719 720 809
1060 1131
1061 1 2 11 18 24 27 31 59 89 128 135 160 219 265 279 322 340 405 408 470 503 509 512 516 518 529 539 587 593 599 602 611 613 616 678 695 718 719 722 723 725 727 730 732 734 738 742 747 749 753 763 764 770 778 782 783 804 805 809 810 811 814 818 836 841 876 881 890 896 910 912 924 926 931 951 954 983 1030 1070 1097 1102 1130 1238 1252 1359 1374 1435 1455 1839
1062 177 783
1063 470 785 881 1306
1064 2 22 25 218 452 470 518 519 521 522 523 524 525 526 527 558 719 720 722 728 752 754 809 812 814 818 881 939 1241 1463
1065 1 2 16 22 27 340 390 507 508 509 511 512 513 515 516 517 519 521 522 523 525 526 527 723 812 834 939 1014 1048
1066 80 809 836
1067 2 9 602 772
1068 1 2 5 11 13 17 19 20 22 25 27 62 80 89 177 264 282 470 476 492 503 507 508 509 510 514 516 517 518 529 530 533 534 535 539 541 542 543 546 566 574 579 586 593 599 709 719 722 723 728 729 732 738 742 745 747 749 752 753 758 759 764 768 772 778 785 804 805 806 809 812 814 822 826 830 841 842 844 854 858 865 870 876 881 890 896 921 940 944 963 970 978 1000 1029 1031 1062 1089 1092 1105 1107 1113 1119 1121 1199 1241 1252 1306 1371 1444 1505 1520 1562 1633
1069 24 25 95 120 207 282 390 503 602 745 764 772 806 818 865 876
1070 0 12 13 14 467 805
1071 7 12 13 14 468
1072 9
1073 711 722 784 805
1074 22 31 720 752 809
1075 264 509 537 696 716 723 733 805 808 890 940 1485
1076 2 518 696 829 881 1131 1372
1077 11 62 728 805 832 874 890 1177
1078 470 518 834 906
1079 2 89 470 503 507 514 516 518 519 520 522 524 528 529 530 532 533 534 535 536 537 539 540 602 720 722 742 752 764 808 809 821 865
1080 21 518 720 747 770
1081 2 9 19 20 22 24 25 31 135 206 476 477 485 492 509 514 516 529 535 537 538 540 587 588 589 590 591 764
1083 2 22 24 25 31 219 279 340 390 507 508 509 510 511 514 515 516 517 518 519 520 522 523 524 525 534 539 579 602 626 645 673 711 719 720 722 723 732 738 747 749 753 772 781 798 804 805 809 812 814 817 831 834 849 869 880 935 1014 1031 1048 1055 1058 1105 1212
1084 2 11 16 22 24 25 31 80 177 219 226 264 320 340 350 509 514 515 516 518 613 616 711 717 719 720 722 723 729 752 753 772 785 798 805 809 814 818 829 834 836 848 869 896 921 939 978 1031 1048 1106 1203 1219 1280 1352 1505 1538
1085 558
1086 553 807 834
1087 1
1089 2 17 30 128 135 264 373 470 509 518 534 539 587 602 613 656 720 725 728 731 749 764 804 805 810 811 954 1019 1205 1303 1394
1090 602
1091 9 503 518 602 805 830
1092 22 25 394 509 512 586 602 728 730 731 764 806 822 871 956 972
1093 5 24 27 238 266 279 454 509 512 518 534 613 719 720 723 736 738 752 770 794 798 801 805 807 814 818 821 994 1006 1066 1142 1229 1321 1372
1094 2 16 25 340 390 507 508 510 511 512 513 514 515 516 517 772 895 1048 1205
1095 4 339 350 496 498 507 508 510 513 517 518 529 558 572 576 602 640 661 664 720 785 806 842 909 980 1219
1096 2 509 518 673 731 733 741 807 858 984
1097 1 5 732
1098 2 9 16 22 27 62 279 340 390 492 508 509 511 512 515 516 517 555 558 613 738 827 924 1205
1099 747 804
1100 2 31 340 503 515 518 534 553 572 673 711 719 732 752 804 809 814 818 852 891 1032
1101 2 470
1102 2 22 27 390 452 508 510 511 512 513 514 515 516 529 530 533 535 537 540 613 723 724 829 893
1104 1 2 15 17 18 22 24 25 89 160 174 206 264 279 285 320 340 452 470 503 509 518 533 534 539 572 580 586 602 649 684 710 711 719 720 721 722 723 729 732 736 737 738 752 753 768 796 802 804 805 809 814 815 824 842 844 874 881 936 956 980 981 1018 1044 1092 1130 1194 1197 1208 1257 1277 1817
1105 9
1106 0 7 13 14 468
1107 0 7 12 13 468
1108 9
1109 1 9 18 27 31 135 320 340 470 507 509 515 518 565 572 602 655 709 772 783 799 805 811 818 830 955 978 1018 1029 1193 1249
1110 1 2 16 22 339 340 390 508 509 510 513 514 515 516 517 558
1111 18 723 811
1112 1 2 27 468 470 509 515 553 602 684 723 805 809 812 834 931
1113 470
1115 9 22 25 373 510 529 673 728 807 1082
1116 2 24 25 470 509 515 555 719 728 732 1142
1117 16 279 339
1118 2 16 25 507 509 512 534 613 684 711 755 772 785 809 814 816 818 828 839 886 1032
1119 16
1120 2 20 339 764
1123 2 471
1124 2 22 152 219 509 520 521 522 523 524 525 526 527 534 537 539 602 720 722 738 742 747 764 785 804 809 814 818 827 865 960 980 1001 1014 1089 1202 1229 1307
1125 9
1126 22 339 468 507 509 514 516 519 520 522 523 524 525 526 527 528 529 531 533 534 535 536 537 538 539 540 602 613 674 721 744 764 772 818 834 892 1028 1058 1131 1303 1394 1419
1127 0 7 11 12 13 18 22 30 91 339 340 414 454 467 468 507 509 511 512 514 516 517 522 524 527 530 534 535 543 551 552 554 555 556 558 559 561 563 564 565 567 568 569 570 571 573 747 821 827
1128 279 613 720 722 744 809 881 900 1131 1351
1129 851
1130 1 25 553 723 728 730 732 785 818 841 858 942
1131 22 80 340 613 752 781 782 1205
1132 2
1133 2 21 471 745 934
1134 16 492 721 733
1135 2 471 479 805
1136 2 720 809 822 842
1137 11 15 25 80 212 264 279 340 357 509 518 533 534 602 616 684 717 725 734 745 747 752 758 764 785 805 806 810 814 816 826 830 871 874 898 912 1042 1181 1193 1206 1219 1229 1284 1411
1138 1 2 27 31 62 320 435 452 509 514 553 565 602 684 729 732 738 744 745 749 764 766 767 771 783 785 789 807 808 811 822 830 854 873 899 914 954 957 1121 1205
1140 2 9 16 22 27 340 390 507 508 509 511 512 513 514 515 834
1141 25
1142 2 22 27 390 507 509 510 511 512 513 514 515 516 517
1143 2 9 22 27 339 340 390 507 509 510 512 513 514 516 517
1144 4 25 470 496 498 500 507 508 513 515 517 518 529 534 539 555 558 576 602 661 720 842
1145 2 471 479 509 613 742 764 805 814 1000 1660
1146 470
1148 11 27 49 509 516 558 613 720 722 745 764 810 818 842 909 1099 1687 1707 1818
1149 2 16 22 27 279 340 390 424 468 507 508 509 510 511 512 513 515 516 519 520 521 523 524 525 527 529 530 533 535 538 540 553 555 565 572 602 723 772 776 789 810 834 926 1280
1151 0 7 12 467 468
1152 22 514 516 519 520 521 522 523 524 525 529 533 535 537 538 540 602 720 764 805
1153 1 5 16 18 22 24 25 27 45 47 80 91 128 177 279 340 350 354 361 373 392 422 503 512 518 534 558 572 579 594 595 613 616 631 695 699 719 720 722 724 732 736 738 745 747 752 753 759 764 768 775 781 784 785 787 789 790 802 804 805 809 810 818 828 878 929 933 1010 1016 1018 1046 1102 1108 1131 1197 1208 1222 1230 1260 1277 1332 1336 1339 1343 1359 1377 1413 1482 1490 1538 1552 1647
1154 2 22 320 470 507 509 511 512 514 515 516 517 534 535 565 574 575 576 582 670 673
1155 518 812
1156 804
1158 2 4 15 22 25 160 279 320 340 495 496 497 507 508 511 513 514 515 517 518 530 534 535 555 574 575 577 578 579 580 582 720 722 814 818 842 909 919 980 1092 1197
1159 558
1161 16
1162 509 613 814 1000
1163 0 7 12 14 468
1164 19 476 613 834
1166 1 22 27 405 454 468 503 508 509 511 512 513 514 516 517 518 519 521 522 523 524 525 526 527 529 537 558 566 613 684 720 722 728 730 738 742 747 758 772 785 809 812 824 834 844 865 886 978 1187 1236
1167 2 206 533 586 587 602 728 733 770 805 811 827 850 852 890 1017 1122 1123
1168 1 9 16 17 22 25 80 192 272 279 390 507 508 509 510 511 513 514 515 516 517 528 532 553 602 613 614 690 710 711 715 719 720 722 723 728 730 731 738 745 747 764 782 785 804 814 818 868 876 896 954 963 1066 1205 1229 1306 1358
1169 1 11 18 22 24 27 31 47 49 152 197 206 229 279 320 492 503 514 516 517 532 537 539 551 572 586 587 601 684 709 711 715 718 722 723 728 729 739 745 749 764 770 783 785 791 798 810 811 818 824 825 831 853 866 867 924 931 950 1049 1056 1061 1087 1089 1093 1124 1148 1201 1223 1245 1371 1378 1452
1170 9 16 747
1171 20
1172 954
1173 613
1174 1 2 16 17 22 24 25 27 31 91 135 152 197 232 264 272 279 320 390 503 507 508 509 510 511 512 513 514 515 517 518 528 532 533 534 546 558 565 611 613 684 718 719 720 722 723 725 728 732 733 737 738 744 745 749 752 764 766 772 781 783 785 804 805 811 813 814 818 822 834 839 840 841 869 872 873 874 875 876 881 899 902 906 909 912 926 932 938 957 980 1010 1019 1022 1025 1066 1071 1149 1177 1193 1198 1205 1219 1227 1274 1320 1329 1742
1175 339 882
1176 2 16 18 22 25 247 339 509 602 613 728 738 753 808 816 881
1177 22 232 264 340 373 503 507 509 512 514 558 602 626 726 728 732 738 745 747 764 783 785 805 810 818 840 857 858 868 940 1037
1178 25
1179 1 5 18 22 24 25 27 49 190 197 337 340 346 482 509 515 518 553 561 565 572 587 605 662 673 684 693 710 718 723 730 733 762 770 776 781 784 789 791 798 811 817 822 823 831 834 844 873 989 1007 1037 1074 1077 1078 1151 1219 1223 1521 1663 1700
1180 2 4 18 22 24 25 27 452 509 539 566 593 613 684 709 711 762 772 776 782 784 785 798 929 1074 1743
1181 6 18 21 27
1182 2 6 21 22 25 31 279 289 340 507 508 509 511 514 515 517 529 530 551 555 576 583 584 585 586 613 663 667 684 722 732 737 738 747 772 785 805 824 836 840 844 858 874 910 917 934 964 1123 1136 1229 1431
1183 80 452 593 613 684 880 1094 1106
1184 25 518
1188 91 602
1189 2 613 719 728
1190 720 722 846 980
1191 16 22 27 339 340 390 508 509 510 511 513 515 516 517
1192 2 9 18 22 30 62 80 320 339 340 390 454 475 492 503 507 508 509 510 511 513 514 515 516 517 555 558 565 569 579 602 613 625 631 656 671 674 717 721 725 738 740 744 749 765 772 775 789 809 823 837 924 1025 1046 1078 1229 1260 1303 1343 1348 1602
1194 2 22 25 482 720 728 737 742 834
1195 9
1197 22 25
1198 613 785 834
1199 509 586 593 1026
1200 2 18 19 22 25 206 476 477 484 492 514 516 529 530 533 535 537 538 540 587 588 589 591 834
1201 15 18 19 22 24 25 31 135 340 350 477 509 518 532 539 722 729 730 731 733 737 747 764 781 805 809 810 818 871 875 876 1013 1480
1202 470 518 684 1179
1203 2 4 5 6 18 21 25 405 452 480 509 534 711 723 811 884
1204 2 7 12 13 27 467 626 805
1205 89 373 471 807 810 811 840 1148
1206 811
1207 17 177 518 613 709 723 764 814 834 1219
1208 16 22 27 340 390 507 509 510 512 513 514 515 517 518 719 720 733 742 781 809 1293
1209 1163
1211 18 80 279 507 518 565 602 662 684 709 726 732 749 785 805 818 824 834 836 1047 1052 1750 1818
1212 533 684 722 723 729 785 814 841
1213 27 47 80 452 470 553 599 614 728 764 768 810 847 858 870 1188
1214 7 12 14 467 468
1216 1 22 405 470 503 719 720 722 723 747 752 805 809 814 842 881 886 909 975 980 1030 1435 1458
1218 2 80 470 509 515 518 613 711 741 754 809 814 1066
1219 16 17 91 452 507 509 558 640 684 737 738 761 772 775 781 785 805 823 883 954 1394 1576 1645 1745
1220 2 22 340 390 405 508 509 510 512 513 514 515 516 517 809 814
1221 16
1222 339
1223 1 22 25 70 218 392 507 516 517 518 534 565 613 645 719 723 745 764 766 775 776 785 809 814 881 1372 1460
1224 1 13 15 16 20 22 27 54 80 177 272 289 339 340 460 470 503 507 515 518 565 586 602 613 614 728 738 772 808 854 908 974 1219 1420 1673
1225 2 5 11 13 16 22 27 340 390 470 503 507 508 510 511 513 514 515 516 518 532 593 719 720 742 747 803 809 823 933 989 1205
1228 9
1230 1 2 5 11 15 17 19 27 62 89 122 135 152 168 177 226 264 279 320 339 394 443 456 515 516 518 533 534 565 572 575 586 611 640 690 695 711 718 720 721 723 724 725 731 734 736 738 741 747 753 757 764 769 776 785 789 790 793 804 806 808 809 811 818 823 834 836 840 854 871 876 881 897 906 910 929 954 970 991 1022 1037 1051 1053 1061 1135 1193 1199 1229 1231 1252 1260 1276 1280 1364 1366 1382 1400 1433 1462 1561
1231 16 22 279 503 509 516 529 533 537 538 540 719 733 758 1338
1232 9 18 218 470 534 764 809 822
1233 2 16 22 27 339 340 503 508 509 510 511 512 514 516 517
1234 492
1238 21
1239 9
1241 515 645 832
1242 515 720 723 834
1243 613 810
1245 747 764 834 1114
1246 22 24 25 138 279 514 602 699 720 728 731 733 745 747 785 806 834 869 871 1205 1229 1442 1462 1753
1247 537 602 722 829
1248 470 503 518 742
1249 1 17 27 31 62 177 264 279 373 503 509 569 579 602 611 614 717 722 723 734 738 751 755 784 805 808 818 828 837 851 890 956 983 1078 1188 1303 1358 1394 1435 1453 1573 1576 1579
1250 16 1450
1251 25 586 737 770
1252 12 13 14 467 468
1253 2 16 22 27 339 340 509 510 511 513 514 516 517 558 834 1260
1254 22 728 772 799 811
1255 339
1257 539 587 752 785 1066
1259 80 602 725 758 772 955
1260 1 2 232 515 613 715 778 868 992 1011 1014 1177
1261 2 16 22 25 27 177 339 340 390 507 511 512 513 516 517 534 558 613 723 747 752 796 839 883
1262 565 733 1085
1263 2 18 586 728 770 808 811 819 1344
1264 509 602 747 754 1578
1265 2 340 470 518 720 722 732 738 842 909 919 980 981 1208 1478
1266 2 6 11 21 24 25 27 31 57 62 85 89 91 126 194 206 243 253 283 311 340 358 362 373 374 395 468 507 508 511 512 515 517 518 529 530 532 534 537 539 551 570 576 580 582 583 584 585 586 587 613 614 673 680 695 711 745 749 759 782 797 805 807 834 836 848 873 889 890 929 931 981 1006 1018 1199 1223 1505
1269 9 16
1270 31 80 470 625 717 720 738 764 809 869 874 896 955 1080 1223 1229 1414
1271 1 5 18 24 25 27 31 54 62 91 279 282 339 340 350 452 454 468 470 503 509 512 516 518 529 533 546 565 566 572 602 613 663 684 699 711 715 719 720 722 723 724 728 729 730 731 732 735 738 742 745 747 749 752 764 772 781 782 791 796 798 799 804 805 808 811 814 831 834 836 841 844 858 866 868 896 912 920 921 940 1029 1046 1048 1052 1076 1078 1082 1103 1106 1108 1114 1118 1198 1252 1280 1326 1370 1399 1435 1565
1272 470
1273 2 22 25 350 503 534 711 719 764 772 805 836 841 842 844 875 887 920 932 940
1274 470
1275 2 470 518 719 723 752 772 785 809 881 909 980
1276 1 16 27 339 340 390 508 510 511 512 514 515 516 517 663 696 785 1554
1277 470
1278 470 534 546 814 880
1279 339 537 720 722 881 909 980
1280 470 518
1281 2 135 373 514 534 586 602 728 734 747 781 804 821 954 973
1282 0 1 2 7 12 13 14 16 22 27 62 206 414 452 467 468 508 509 511 512 514 515 516 517 520 522 524 527 530 535 537 543 551 552 554 556 557 558 560 561 562 563 564 565 566 567 568 569 570 571 572 573 602 723 731 733 750 764 772 809 827 834 940
1283 2 9 22 152 340 507 508 511 512 515 522 533 555 561 570 572 602 721 723 738 764 781 830 870 1078 1108
1284 529
1285 2 471 479
1286 470 539 805 807
1287 7 12 13 467 468 509 728
1288 0 7 12 14 468
1290 824
1291 719 723 752 1208
1293 879
1294 509
1295 558
1296 22 470 507 508 509 516 517 518 582 670 671 673 719 732 809 810
1297 0 7 13 14 467 818 1223
1298 16 27 339 340 390 507 508 511 512 513 514 515 516 517 602 728 770 912
1299 518
1300 2 14 22 25 80 279 350 470 509 511 518 565 594 613 696 710 723 729 747 806 809 814 826 1011 1097 1124 1229 1539
1301 11 720 881 980 1184
1303 22 470 511 512 515 517 518 529 534 551 555 570 576 583 585 586
1304 719 804
1305 2 16 22 24 25 27 340 390 507 509 511 512 513 514 515 516 517 518 565 613 733 764 834 855 868
1306 1 22 320 350 509 514 518 519 520 521 523 524 525 526 527 529 530 533 534 537 538 602 613 696 711 720 722 745 747 752 764 785 805 809 814 881 938 1108
1307 1 27 128 394 706 725 734 738 744 764 799 918 954 970 1080
1308 25 340 553 613 711 728 772 937
1309 16 128 724 725 804 954 970 1006
1311 2 16 22 27 339 340 390 507 508 509 510 513 514 515 517 518 565 721 1044 1643
1312 1 2 25 80 160 320 454 468 470 509 515 518 534 569 613 673 719 720 722 733 738 764 785 805 809 812 815 818 858 866 929 1001
1313 9 613 834
1314 2 20 22 24 25 31 206 476 484 485 492 514 516 529 530 533 535 538 540 587 588 589 590 591
1315 2 18 350 572 752 770 785 809 810 831 890 952
1316 2 61 339 377 470 495 496 498 500 518 720 722 728 834 841 842 980 1092 1108 1202
1317 16
1318 22 152 339 470 503 507 511 512 517 518 522 530 534 537 551 552 555 565 570 722 742 752 764 778 785 811 823 834 896 980 1145 1208 1612 1807
1320 27 42 80 190 322 363 433 593 613 742 794 867 868 952 1125 1615
1321 19 22 25 411 477 569 586 649 733 789 834 1768
1323 1 16 22 27 340 470 507 508 509 510 512 513 515 516 518 535 553 555 558 564 565 572 588 589 590 591 665 719 814
1324 599 868
1325 2 18 21 22 27 474 508 511 529 530 534 551 552 555 570 576 583 584 585 1252
1326 1 2 22 80 279 470 512 513 515 518 528 546 553 558 599 684 710 722 723 731 736 737 745 752 753 764 819 841 842 876 896 898 921 935 944 1018 1208 1219 1306 1463 1661
1327 874
1328 0 2 7 12 13 14 22 206 340 414 467 468 507 509 512 513 514 515 516 520 522 524 527 530 543 551 552 553 554 555 557 558 561 563 564 565 566 567 568 569 570 571 764 870
1329 114 340 593 669 710 934 1072 1549
1330 1 980 1165 1208 1222
1331 896
1332 1 2 22 62 509 532 534 546 602 684 706 710 719 729 731 772 805 866 873 940 994 1004 1006
1333 1 518
1334 470
1335 518 720
1336 84 639 1108
1337 2 470 719 752
1339 13 470 719 730 752 772 785 809 1241
1340 9
1341 1 723 809
1342 728
1344 339
1345 9
1346 784
1347 16 339 602
1350 706
1351 0 2 13 14 22 467 468 558 818
1352 2 24 25 507 518 565 566 582 587 602 613 684 720 749 752 753 764 772 778 783 785 805 810 811 818 830 834 880 890 917 973 992 998 1008 1009 1089 1356
1353 9 586
1355 339
1356 518
1357 728
1358 470
1359 1 2 6 11 21 22 31 80 219 279 373 454 470 503 507 508 509 511 515 516 517 523 524 525 526 527 528 530 531 532 534 536 539 551 558 560 570 576 579 584 585 586 614 673 680 684 690 696 709 716 721 722 724 725 731 732 738 764 768 775 785 804 809 810 818 821 823 829 840 857 874 876 924 926 973 1089 1118 1124 1229 1251 1300 1436 1442 1532 1594
1360 1 22 24 25 31 509 514 711 728 730 733 805 818 834 871 956
1362 11 14 27 31 177 373 509 511 512 515 516 517 518 558 566 572 586 587 613 720 722 723 728 745 752 756 764 776 785 805 807 809 830 834 848 858 866 868 931 1078 1169 1198 1199 1252 1284 1503 1561 1681
1363 16 22 27 339 340 390 507 508 509 511 514 515 516 517
1364 9 16 27 135 340 507 509 510 511 513 514 515 516 532 732 747 752 764 818 1205
1365 340 470 518 690 770 809 813 814 881
1366 339
1367 1 2 9 22 27 339 340 390 475 492 507 508 509 510 513 514 515 516 517 602 613 718 723 875 1649
1368 2 16 22 27 339 390 507 508 509 510 511 512 514 517 558 613 834 877 890 1306
1369 22 339 470 503 509 514 518 519 520 521 522 523 524 525 527 537 558 614 658 684 722 747 804 809 810 823 1015 1121
1370 2 16 18 19 22 24 25 27 89 231 264 275 279 282 340 374 390 416 424 426 452 468 503 507 508 509 512 513 514 516 517 520 521 522 523 525 526 527 529 530 532 534 535 537 538 539 541 542 546 551 553 558 566 569 570 572 579 586 594 595 599 602 613 640 684 690 695 711 719 720 721 723 728 729 730 732 739 742 747 749 752 753 758 764 767 781 782 785 805 806 809 812 814 818 823 830 834 852 854 857 858 868 876 881 882 885 898 899 905 906 908 909 910 921 940 1014 1018 1020 1025 1040 1055 1058 1061 1062 1070 1103 1108 1177 1196 1203 1231 1234 1251 1252 1260 1280 1285 1303 1418 1466 1539 1570 1631 1633
1372 9
1374 11 340 518 534 720 753 878 996
1375 339 470 518 722 842
1376 373 509 512 553 586 602 684 764 785 834 873 1188
1377 9 723 842
1378 2 16 22 25 80 279 340 350 373 390 424 454 507 508 509 510 511 512 513 514 515 516 517 529 530 533 535 537 538 540 558 566 572 579 587 602 613 706 723 736 737 738 749 754 768 772 776 781 805 809 810 814 818 821 834 836 841 854 874 886 894 917 952 1081 1197 1269 1277 1389 1767
1379 2 16 18 22 27 31 279 339 340 390 507 509 510 511 512 513 514 515 516 517 534 539 636 649 695 717 721 722 723 738 763 772 785 805 830 834 838 841 886 924 1044 1144 1193 1327 1389 1631 1767
1380 2 22 27 339 340 507 509 510 511 512 514 516 517 832 836 931 1018
1381 339
1382 2 22 27 339 340 390 503 507 509 510 511 513 514 517 723 738 752 772 776 785 810 832 1162 1188
1384 2 232
1385 29 783
1386 16
1387 9 807
1388 12 13 14 16 339 467 468 834
1389 9
1390 22 24 62 452 507 509 514 516 519 521 522 523 524 527 528 529 530 531 533 534 535 537 538 539 602 778 813 834 869 885 1177 1329
1391 890
1392 22 339 470 518 534 722 752
1394 2 16 22 27 390 507 508 509 510 512 513 515 516 517
1395 339
1396 5 7 12 16 17 20 22 25 27 31 54 59 69 77 117 148 152 157 217 247 279 317 339 340 350 377 390 394 417 452 467 468 469 506 507 508 509 510 511 512 513 514 516 517 520 522 524 528 529 530 533 534 535 537 538 540 541 543 551 552 554 555 556 557 558 560 561 562 563 564 566 567 568 569 570 571 573 578 588 589 590 597 604 607 609 610 612 615 616 618 619 620 621 622 623 624 627 628 645 656 721 723 728 738 749 776 807 811 823 827 834 858 872 885 917 952 981 1049 1070 1161 1253
1397 2 579 719 741 764 822 1208
1398 0 7 13 14 467 468 827
1399 1 2 13 14 22 25 61 62 80 135 177 278 306 340 390 503 509 512 515 518 534 537 539 558 613 618 666 684 711 719 723 732 742 747 749 758 764 781 796 805 809 810 814 841 842 844 871 872 878 908 909 920 929 980 1030 1092 1194 1241 1363 1390 1440 1469 1609 1772
1400 2 80 507 509 516 519 520 522 524 525 526 528 531 532 534 536 684 723 753 764 772
1401 20
1402 9 475 518 834
1403 2 16 22 27 339 340 390 507 508 509 511 513 516 517 558
1405 470 518 809
1406 15 327 537 586 711 809 823 825 942 960 1085
1407 339 470 723 752 764 826 834 841
1408 6 10 31 153 154 206 289 488 508 511 512 517 529 530 534 551 555 570 576 584 585 586
1409 5 6 10 18 21 22 27 91 488 507 512 515 517 529 530 534 551 553 570 576 583 584 586 587 593 613 673 783 785 850 950
1410 6 10 21 488
1411 6 10 21 59 198 306 435 488 604 732 745 818 825 988 1092 1174 1224
1412 10 21 22 31 488 507 508 515 517 530 534 551 555 570 583 584 585 586
1413 2 6 10 21 27 80 91 272 488 503 509 518 537 558 566 586 587 613 631 684 690 709 722 738 741 745 747 764 782 785 807 868
1414 6 10 21 22 31 488 507 508 512 515 517 518 530 534 551 555 570 576 583 584 585 586 684 728 772 783 898 1245
1415 6 10 21 31
1416 340 470 518 602 722 747 785
1417 722
1418 1 2 470 503 518 655 711 720 722 752 805 842
1419 18 470 518 720 722 814 818 909 980
1420 1 2 16 22 27 340 390 507 508 509 512 513 514 515 516 517 684 719 722
1421 470
1422 9
1425 31
1426 265
1427 16
1428 424
1429 31
1430 121
1431 104 289
1432 1 11 17 18 22 24 25 27 30 31 47 77 80 89 91 152 160 206 219 229 272 282 289 320 340 443 507 509 510 512 513 514 515 518 532 533 537 539 540 551 553 555 565 566 570 572 587 593 602 613 656 662 696 707 710 716 718 719 720 721 722 723 728 730 731 732 737 739 745 747 749 752 753 754 764 772 776 781 785 799 803 804 805 810 813 814 815 816 822 832 834 835 836 841 842 843 845 846 849 854 855 856 868 871 873 874 878 881 886 911 926 938 940 949 954 955 977 987 989 1011 1018 1049 1065 1066 1074 1077 1087 1098 1121 1136 1186 1198 1252 1260 1263 1278 1317 1371 1374 1382 1395 1436 1465 1564
1433 1 2 3 11 15 17 18 24 27 80 89 114 135 152 259 340 366 390 454 473 509 510 511 512 513 514 515 533 534 537 558 572 586 602 605 639 656 719 720 722 723 725 730 731 732 733 736 738 742 744 747 752 753 754 763 769 770 772 775 778 781 783 784 785 804 810 814 815 816 825 830 831 834 841 844 845 865 868 869 876 878 880 881 937 980 991 1027 1028 1044 1046 1051 1078 1199 1208 1219 1246 1252 1257 1260 1371 1374 1383 1466
1434 15 19
1435 300
1436 2 27 57 89 126 177 219 243 253 264 340 362 395 396 452 482 492 509 517 518 613 684 763 807 848 852 931 1018 1075 1199 1252 1353 1364
1437 246 459
1438 434
1439 289
1440 17 22 25 27 104 587 613 722 728 733 745 818 868 952 1093
1441 130 321 330
1442 1 18 24 25 31 34 49 61 89 150 151 279 282 340 390 452 473 503 507 509 511 512 515 516 518 532 533 539 543 553 555 565 566 572 579 586 587 593 602 613 639 655 658 673 678 680 684 693 715 731 737 738 739 742 747 749 752 753 764 768 770 772 781 784 785 789 791 796 798 805 810 813 816 818 821 822 823 824 831 852 868 873 883 887 889 926 937 940 952 954 956 962 981 982 995 1018 1029 1037 1048 1066 1074 1077 1078 1089 1110 1121 1123 1136 1142 1148 1257 1303 1384 1519 1617 1635
1443 31
1444 289
1445 59 463
1447 13 31 62 125 224 240 251 281 296 334
1448 82 84 145 323
1449 41 203 254 427
1450 203 254
1451 120 207
1452 13 14 42 122 180 255 257 420
1453 410
1454 307 350 351
1455 393
1456 185
1457 289
1458 273
1459 424
1460 424
1461 28 130 330
1462 21
1463 1 2 25 31 73 80 194 286 366 516 518 527 534 572 579 599 641 656 695 696 719 722 723 753 754 772 782 809 812 834 841 842 881 896 923 935 980 981 1018 1129 1208 1232 1252 1291 1306 1395 1518 1552
1464 1 2 4 18 22 24 25 27 49 59 62 80 114 197 219 229 350 374 443 507 512 514 515 516 518 523 528 532 533 539 546 551 553 565 566 572 579 586 587 593 594 599 602 605 613 631 658 667 673 684 699 709 710 715 718 722 723 732 733 737 739 741 745 749 754 763 764 772 778 782 785 796 798 802 805 822 824 835 836 850 866 868 873 880 884 889 890 908 933 934 937 940 948 958 974 981 994 995 998 1029 1040 1041 1044 1046 1066 1074 1078 1089 1126 1175 1177 1203 1227 1254 1329 1395 1801
1465 15
1466 11 18 24 27 206 279 289 390 492 518 539 558 587 593 613 695 728 749 779 810 813 816 821 834 836 866 869 926 929 1044 1070 1140 1145 1260 1273 1326
1467 213
1468 13 19 31 55 212 226 289 420 449
1469 1 22 25 27 184 261 390 509 510 511 512 513 514 515 516 517 530 534 535 541 551 552 558 561 570 572 576 588 589 590 600 604 608 609 612 662 667 668
1470 28 321 330
1471 289
1472 15 339
1473 128
1474 15
1475 25 203
1476 31
1477 434
1478 31 34 130 131 321 330
1479 333
1480 1 5 11 15 22 24 25 27 31 47 59 77 80 190 194 206 218 219 229 232 247 279 340 374 402 428 443 452 473 507 509 510 514 515 516 517 518 528 532 533 534 539 546 553 558 565 572 586 587 593 599 602 603 613 622 626 631 656 678 684 707 709 710 718 720 723 724 725 726 734 739 745 749 763 764 782 783 805 806 809 812 816 818 823 824 830 836 842 848 850 853 867 868 873 874 880 883 884 890 898 904 937 977 981 1018 1029 1046 1056 1070 1085 1087 1124 1166 1188 1191 1196 1201 1215 1216 1219 1223 1228 1232 1252 1277 1323 1365 1384 1393 1399 1496 1557 1622 1690 1703 1730
1481 241 268
1482 183 248 278 309
1483 308
1484 1 2 24 27 31 80 89 91 206 218 236 279 340 414 452 513 517 518 553 587 593 613 631 690 725 764 772 783 785 787 791 796 805 814 818 827 836 841 866 867 873 912 929 981 1106 1118 1130 1131 1223 1404 1654 1705
1485 31
1486 152 189 233 329 341
1487 252
1488 163 226
1489 2 24 25 80 89 374 507 509 558 565 572 599 613 673 699 721 731 737 738 753 783 785 805 917 974 1008 1018 1034 1127 1252 1327 1336 1561 1619
1490 39 451
1491 2 25 31 80 135 152 279 282 373 374 503 509 512 515 534 543 558 566 602 613 709 719 720 722 725 734 742 745 747 752 764 781 785 790 804 806 808 809 810 811 827 830 865 924 948 972 1000 1010
1492 450
1493 226 276
1494 2 11 22 25 27 128 160 229 264 279 340 513 518 553 558 613 709 721 725 745 752 768 782 785 805 813 814 818 824 828 894 931 989 1010 1044 1161 1191 1193 1252 1705
1495 97 115 118 123 139 158 167 175 198 215 244 289 332 355 447 449
1496 49 50 82 84 132 145 201 213 247 294
1497 34
1498 251
1499 15 89 509 1388
1500 22 31 289 340 352 508 511 512 513 515 517 522 530 534 535 551 555 558 561 565 566 570 572
1501 426
1502 34
1503 3 80 138 190 258 279 292 320 322 420 433 454 476 503 515 518 555 569 586 602 684 720 722 738 745 749 755 794 834 846 854 989 1028 1061 1102 1230 1288 1360 1376 1455 1615 1797 1824
1504 62
1505 1 2 27 31 62 65 73 80 97 119 128 158 160 227 244 256 264 270 279 285 303 452 454 468 503 509 510 512 532 534 539 553 556 572 579 580 586 613 626 656 684 719 723 725 729 732 734 737 738 741 746 747 753 756 757 758 764 772 798 804 809 811 814 818 834 839 840 841 844 878 881 890 896 901 929 933 965 989 1010 1069 1070 1093 1097 1105 1193 1197 1198 1199 1206 1222 1229 1233 1241 1251 1260 1276 1280 1303 1305 1324 1345 1382 1383 1394 1414 1428 1434 1435 1439 1458 1501 1563 1576 1633 1655
1506 15
1507 2 392 546
1508 265 279 503 602 734 747 781 804 810 814 878
1509 1 2 11 27 31 279 410 503 509 518 537 539 560 586 599 602 613 720 725 728 733 749 768 770 781 783 799 804 805 808 810 811 818 827 829 886 967 973 1145 1252 1737
1510 2 17 18 47 60 77 89 122 136 160 189 204 229 233 250 264 329 341 452 454 458 507 509 518 558 602 613 616 656 660 690 695 718 720 723 727 738 739 749 764 766 782 789 791 798 804 816 818 824 841 848 1040 1078 1130 1193 1252 1302 1324 1516 1774
1511 226
1512 426
1513 16 279 419 424 482 613 725 738 834 885
1514 31
1515 214
1516 226
1517 172 339
1518 99
1519 350
1520 2 27 31 135 206 602 729 734 742 747 764 804 810 815 834 876 954 991 1229 1533
1521 171 265
1522 1 2 18 25 31 80 264 503 518 534 537 539 613 616 684 710 711 719 720 722 732 747 752 753 758 772 781 805 814 842 881 886 1029 1040 1183
1523 2 56 62 289 509 558 579 613 720 723 725 729 881 1146 1572
1524 449
1525 206
1526 421
1527 2 4 5 11 18 22 24 25 27 31 79 89 128 197 206 229 282 289 340 374 388 428 434 443 468 472 482 492 503 509 515 517 518 534 537 539 566 586 587 602 613 696 728 731 739 742 745 747 752 764 770 781 783 791 818 821 828 831 836 850 865 866 903 908 1005 1089 1093 1219 1220 1223 1252 1326 1350 1534 1559 1708
1528 421
1529 1 5 18 407 602 663 723 733 747 805 815 1326 1542
1530 16
1531 212
1532 167
1533 415
1534 2 336 340 509 513 515 805 810 868 1078
1535 65 167 289 410
1536 62 203
1537 289
1538 76
1539 63
1540 1 5 13 18 27 31 48 79 80 120 160 181 212 218 264 332 338 374 390 452 509 511 512 515 517 537 539 553 587 602 603 613 639 662 673 719 720 723 731 732 738 745 749 753 763 772 776 782 805 812 818 824 831 866 868 880 886 896 908 936 1018 1093 1161 1212 1223 1331 1350 1605
1541 203
1542 273
1543 358
1544 276
1545 414
1546 251
1547 265
1548 66
1549 122 168 196 226
1550 265
1551 31 34 49 78 201 206 294 310 388 390
1552 67 240 269 296
1553 128
1554 424
1555 2 11 27 31 62 166 206 221 295 326 394 397 426 452 507 518 527 533 553 565 587 614 616 656 684 690 695 722 725 728 738 745 749 753 759 764 772 783 785 805 818 834 838 871 890 897 940 1061 1066 1078 1127 1219 1277 1300 1358 1426 1462
1556 31
1557 31
1558 41 62 205 251 252 406 427 459
1559 3
1560 409
1561 289 345 410
1562 196
1563 173
1564 12
1565 289
1566 424
1567 122
1568 104
1569 340 509 565 602 711 723 829
1570 410
1571 135
1572 63
1573 289
1574 161
1575 12 58 62 69 75 78 106 122 161 168 195 196 207 223 225 289 299 322 328 332 334 420 456
1576 2 25 173 182 509 515 518 529 613 719 720 721 722 745 752 772 809 812 814 816 834 854 917 981 998 1190 1580 1720
1577 28 321 330
1578 84 145 247 323
1579 62
1580 272 293 393 434
1581 435
1582 1 77 160 279 285 340 407 452 510 517 558 580 610 718 749 764 791 815 850 1078
1583 1 2 13 17 18 22 27 89 101 102 128 177 182 308 320 390 468 503 509 510 512 515 516 517 527 565 569 587 613 616 626 631 711 722 723 728 733 734 738 745 749 752 753 763 764 772 782 785 805 807 816 818 821 826 834 841 848 868 878 882 929 980 1011 1030 1051 1070 1100 1143 1218 1252 1326 1336 1392 1797
1584 56 289
1585 239
1586 289
1587 2 14 509 534 720 723 729 732 758 764 881 896
1588 289
1589 270
1590 63
1591 62 172 205 251 289 406 433 459
1592 104 214
1593 161
1594 372
1595 214
1596 18 31 89 91 440 503 513 518 553 613 754 778 781 824 834 902 992 1093 1203
1597 419 424
1598 202
1599 62
1600 226
1601 289
1603 186
1604 296
1605 2 11 16 18 22 25 27 55 292 303 340 507 512 513 514 516 517 518 519 520 521 522 523 524 525 527 528 530 531 533 534 535 536 539 541 551 552 555 558 561 565 566 570 576 579 603 604 605 606 607 608 610 611 612 643 666 700 701 702 704
1606 22 62 80 91 143 229 279 320 394 503 509 518 537 569 579 586 717 720 721 723 724 725 732 738 744 749 764 785 805 808 811 816 818 827 828 832 834 869 896 898 1056 1080 1148 1193 1260 1391 1437 1506 1520 1776
1607 135 289 426
1608 21 31 58 64 76 104 135 159 167 200 211 226 275 289 301 320 342 357 442 445
1609 337
1610 206
1611 12 13 212 449
1612 229
1613 13 21 31 75 109 200 211 223 225 226 265 299 332
1614 440
1615 12 13 17 21 31 58 62 64 76 104 135 219 262 289 320 332 357 375 420 445
1616 158 215 244 449
1617 432
1618 31
1619 435
1620 286
1621 392 534 745 764
1622 392
1623 213
1624 62
1625 432
1626 95 207 319 421
1627 19 451
1628 62
1629 2 13 18 22 25 27 41 47 49 89 90 91 193 218 279 320 337 340 374 443 472 503 507 509 511 512 515 517 518 528 534 537 539 555 558 565 572 579 586 587 593 599 602 613 626 709 710 715 720 723 728 733 734 737 738 739 745 747 754 758 762 763 764 770 772 779 781 782 783 785 787 791 798 804 810 821 824 827 835 836 837 841 853 857 858 868 869 873 874 880 908 935 937 938 940 950 981 983 1005 1010 1052 1070 1074 1078 1093 1131 1148 1161 1177 1181 1198 1223 1291 1317 1350 1374
1630 2 11 24 27 31 56 89 114 122 177 206 279 289 337 350 492 509 514 518 534 553 558 587 593 601 613 718 719 735 738 746 763 764 805 810 818 826 868 889 894 908 931 981 1078 1098 1198 1229 1232 1235 1306 1828 1844
1631 232
1632 226
1633 448
1634 99 289
1635 296
1636 63
1637 2 5 11 13 14 15 17 18 24 25 27 31 47 48 62 69 77 79 83 89 101 103 111 117 128 135 148 161 169 195 197 206 226 264 272 273 274 282 287 288 289 312 320 324 332 337 340 373 408 420 428 429 435 436 452 454 458 462 468 503 507 509 510 514 518 532 534 537 558 560 569 572 586 594 602 613 631 656 673 684 695 711 717 719 720 722 723 724 725 727 730 732 734 737 738 744 745 747 752 753 764 781 782 783 789 790 805 806 809 811 812 814 819 822 827 830 831 837 845 854 865 873 876 880 890 891 896 908 912 926 928 929 933 937 950 951 954 956 963 970 977 991 993 1018 1040 1106 1113 1127 1138 1161 1181 1186 1193 1206 1219 1229 1251 1257 1334 1343 1351 1352 1374 1428 1467 1547 1644 1769
1638 80 240 269 279 281 594 613 725 749 809 900 912 929 1097 1878
1639 184
1640 16
1641 409
1642 64
1643 352 438
1644 12
1645 1 2 5 13 18 23 24 25 31 77 262 272 289 340 374 390 394 452 454 473 503 509 512 514 516 518 532 539 543 553 558 572 587 613 625 673 684 690 699 711 718 719 722 723 728 731 732 733 734 742 745 747 749 753 764 772 778 781 784 785 791 796 801 804 805 806 809 810 818 821 824 825 830 831 836 841 858 865 866 868 869 878 881 896 908 937 952 1016 1037 1040 1077 1083 1093 1118 1163 1171 1198 1203 1242 1253 1307 1321 1324 1363 1389 1508 1600 1654
1646 289
1647 31 62 176 240 263 269 296 406
1648 61
1649 14 339
1650 31
1651 31
1652 214
1653 130 321 330 409
1654 156
1655 289
1656 1 2 15 18 22 24 31 80 135 160 199 202 219 264 340 373 455 468 503 532 533 534 553 558 565 586 587 594 602 613 626 684 719 720 722 723 725 726 728 729 730 731 732 733 736 737 738 742 745 752 753 763 764 765 767 772 781 782 784 802 805 808 810 811 815 818 828 829 834 839 841 842 844 852 858 863 869 873 876 881 883 924 933 949 978 981 994 1010 1030 1066 1070 1205 1206 1219 1222 1229 1260 1276 1277 1341 1435 1466 1575 1620 1745
1657 213
1658 214
1659 91 170 239 518 782 827 931 1193 1198 1251 1260 1277
1660 203
1661 75 109 249
1662 214 417
1663 36 42 50 112 258 363 365 424 513 546 588 658 722 742 794 924 1004 1321 1396 1414 1455 1469 1615 1767 1786 1824
1664 1 2 22 31 80 357 445 512 518 599 709 719 720 732 752 796 814 834 836 837 848 881 890 1093
1665 289
1666 17
1667 75 94 208 249 425
1668 49 50 201 805 1093
1669 291
1670 148
1671 203
1672 36 41
1673 289
1674 214
1675 374
1676 77 124 136 160 204 250
1677 62
1678 23
1679 376
1680 25 89 128 135 289 503 518 553 582 717 722 734 742 747 764 778 781 804 805 810 818 876 902 910 924 937 951 954 993 1030 1069 1161 1540
1681 402
1682 128 135 289
1683 434
1684 64
1685 14 15 93 142 339 366
1686 319 421
1687 1 2 18 22 25 62 80 89 218 279 340 452 503 509 512 514 534 553 558 566 613 680 719 720 723 732 738 747 752 753 772 804 805 810 816 818 829 844 878 881 909 936 1000 1002 1126 1171 1208 1235
1688 92 146 464
1689 62
1690 62 203
1691 289
1692 62
1693 331
1694 135
1695 92 146 245
1696 122 364
1697 156 284 370 461
1698 14 15
1699 358
1700 25 27 40 62 232 390 529 613 626 709 711 722 723 752 764 776 805 864 912 929 1190 1364 1578
1701 1 13 18 89 160 194 206 282 292 516 532 539 553 565 602 613 673 695 734 737 738 770 781 785 804 807 825 832 834 836 848 853 873 876 889 954 968 1024 1066 1148
1702 409
1703 425 776
1704 175
1705 1 2 5 11 12 13 18 22 25 27 31 62 89 91 138 219 279 350 357 374 420 503 509 510 513 514 515 516 528 533 537 539 543 546 566 572 587 602 613 616 684 696 711 716 718 725 745 753 763 764 768 770 772 782 784 785 805 818 821 836 845 868 869 871 874 920 926 931 940 948 954 977 981 1037 1068 1074 1118 1124 1199 1250 1261 1286 1306 1402 1575 1601
1706 17
1707 34
1708 289
1709 26
1710 15 307 372 445
1711 265
1712 277
1714 60 152 189 233 458
1715 265 319
1716 171 289
1717 2 5 18 24 69 89 91 117 206 219 279 320 340 350 373 374 388 417 435 443 503 509 515 518 534 539 558 565 566 572 579 602 706 716 718 720 721 745 762 781 783 785 798 805 818 821 824 832 836 841 880 882 926 956 1074 1163 1252 1513 1514 1682
1718 88
1719 346
1720 1 2 5 11 18 22 24 25 27 47 49 62 64 69 77 144 160 177 218 219 264 279 340 350 357 390 405 407 435 452 454 472 503 509 511 512 515 518 521 523 524 525 527 533 534 537 539 556 566 572 580 587 592 593 594 595 596 597 598 599 601 602 613 616 641 645 649 663 695 711 718 722 723 725 729 732 733 734 737 738 739 741 742 744 745 749 752 753 755 758 759 760 766 768 770 772 774 781 782 783 785 798 803 804 805 809 810 811 812 815 816 822 823 825 831 834 836 849 855 866 868 881 896 920 931 937 948 965 970 1016 1029 1041 1070 1087 1092 1124 1136 1229 1252 1253 1280 1287 1315 1332 1371 1383 1458 1478 1557 1575 1827
1721 53
1722 120 195 207 265
1723 293 437
1724 1 2 16 18 22 25 31 41 282 350 424 427 452 468 509 593 602 613 626 720 723 725 728 730 742 747 752 753 761 789 809 814 822 844 881 898 1036 1372 1688 1712
1725 214
1726 18 99 645 767 810 826
1727 289
1728 265
1729 152 189 233 329 341
1730 2 11 18 25 27 62 80 91 124 197 221 279 357 503 509 510 565 569 572 579 582 587 613 662 671 674 696 710 719 725 728 738 745 752 754 762 764 765 785 802 806 815 816 837 921 926 929 955 1028 1044 1061 1063 1070 1078 1093 1205 1230 1252 1377 1388 1426
1731 197 271 327 344 408
1732 215
1733 90 91 214 282
1734 63
1735 392
1736 65
1737 337
1738 421
1739 204 229 393 507 565 579 690 699 728 733 747 785 868 1513
1740 131
1741 62 276
1743 358
1744 57
1745 424
1746 2 5 11 18 25 27 31 320 340 350 351 357 468 503 507 511 518 533 551 553 555 566 572 579 587 602 662 684 696 707 716 718 720 722 723 731 741 743 745 768 782 783 784 785 804 805 818 821 832 869 890 899 911 926 1052 1162 1257
1747 14 15 186 187 194 213 337 339 437
1748 289
1749 191 347
1750 424
1751 1 31 382 383 386 387 388 389 391
1752 411
1753 31 62 176 214 237 265 320 332
1754 206
1755 2 25 28 131 330 373 452 509 515 533 539 586 684 718 728 730 737 747 768 770 782 783 805 808 811 819 840 896 954 989
1756 66 101 368 371
1757 120 207
1758 316
1759 424
1760 234 296 466
1761 409
1762 2 22 25 135 167 509 511 534 546 593 602 613 684 719 720 722 725 730 747 764 772 827 844 896 939 940 1229 1252 1418
1763 170
1764 392
1765 380
1766 366
1767 43 51 363
1768 267
1769 104 509 811 831
1770 424
1771 16
1772 16
1773 31
1774 142
1775 392
1776 283
1777 16
1779 41 62 203 427
1780 2 350 507 509 579 613 737 752 764 824 921
1781 167
1782 435
1783 167
1784 31
1785 289
1786 457
1787 229
1788 31
1789 229
1790 52 62 515 641 695 732 738 791 807 848 913 982 1028 1203 1252 1327 1329 1376 1705
1791 58
1792 75 94 171 184 208 249 425 465
1793 240 269
1794 405
1795 265
1796 437
1797 11 19 22 25 31 61 72 80 114 128 135 265 282 340 373 426 503 507 509 514 517 553 565 576 594 600 602 613 656 668 696 711 720 722 723 725 727 742 744 747 764 772 781 782 783 807 810 812 816 818 821 822 828 830 834 837 841 875 910 931 950 951 954 963 991 1135 1231 1374 1588
1798 34
1799 289
1800 407
1801 10 36 50 59 96 174 198 212 258 292 306 382 435 476 596 720 722 732 745 794 988 1061 1092 1126 1174 1201 1224 1230 1321 1396 1435 1445 1615 1772 1797 1841
1802 16
1803 440
1804 25 285 289 518 723 732 1435 1754
1805 94 109 184 249
1806 289
1807 333
1808 419 424
1809 92 245 464
1810 67
1811 177
1812 156
1813 16
1814 62 203
1815 62
1816 296
1817 435
1818 25 114 273 274 518 537 539 611 613 711 720 747 804 970 1018 1097 1252 1261
1819 457
1820 267
1821 171
1822 392
1823 407
1824 48 79 116 169 226 232 272 287 288 312 322 324 428
1825 82 247 323 410
1826 289
1827 31
1828 2 31 337 340 602 722 747 776 999
1829 289
1832 327 398 400 401
1833 31
1834 307
1835 16 392
1836 1 17 31 89 99 194 350 515 613 684 734 785 799 805 807 834 908 931 954 968 1015 1179 1276
1837 378
1838 289
1839 336
1840 269
1841 307
1842 18 340 503 558 565 723 726 730 734 742 752 781 805 810 812 876 899 954 963 974 1018 1034 1075 1336
1843 31
1844 31 41 62 214 237 254 293 320 332 409 418 443
1845 196
1846 2 22 62 91 160 279 320 509 515 516 560 586 587 602 613 631 655 684 709 711 720 723 728 731 733 738 749 764 772 778 789 811 814 818 838 847 858 921 931 957 1011 1177 1193 1199 1270 1320 1329 1351 1364 1390 1540 1808
1847 2 420 645 720 785 801 1121
1848 435
1849 120 207
1850 17 22 91 279 503 509 534 537 553 558 572 613 626 695 725 731 733 738 745 764 772 785 799 805 818 871 908 924 931 940 1029 1044 1074 1093 1161 1219 1249 1317 1441 1743
1851 35 43 51
1852 426
1853 356
1854 432
1855 1 2 18 22 25 340 509 528 533 534 539 602 626 684 721 723 725 732 749 752 764 772 776 781 790 805 809 839 841 866 895 896 917 920 923 940 943 952 1146 1250 1434 1589 1653 1876
1856 213
1857 107 108 178 339
1858 179 409
1859 2 11 18 22 25 31 47 77 79 89 135 152 232 337 435 509 512 515 518 527 532 533 534 558 565 580 602 613 645 684 695 696 718 719 720 722 726 731 736 738 742 749 752 754 758 762 764 765 772 775 781 783 785 791 805 808 811 812 814 816 818 825 834 839 842 844 847 852 854 872 878 880 896 897 899 906 921 924 925 940 944 950 975 978 980 981 992 1045 1049 1102 1115 1135 1162 1177 1178 1193 1198 1205 1212 1223 1260 1422 1459 1576 1736
1860 1 18 279 373 392 503 507 518 534 613 684 709 720 723 731 732 745 764 785 812 881 980 1229 1231
1861 146 245 464
1862 289
1863 196
1864 134
1865 327
1866 34
1867 421
1868 224
1869 252
1870 415
1871 170
1872 2 22 25 80 184 373 511 512 515 518 533 534 558 572 593 673 684 711 719 720 721 725 729 730 745 752 764 772 805 809 810 812 814 818 841 858 896 899 917 936 944 1287 1426 1436
1873 17
1874 65
1875 188
1876 296
1877 31
1878 274
1879 135
1880 36 46 62 114 138 140 191 277 293 347 415 437
1881 241 242
1882 31
1883 259
1884 31
1885 121
1886 445
1887 232
1888 289
1889 68 300 492 613 734
1890 170 807 848 931
1891 424
1892 31
1893 292
1894 2 11 18 22 27 265 340 390 507 508 509 510 511 514 515 517 528 530 538 551 570 576 578 579 664 670 715 717
1895 75 455
1896 265 594 929
1897 196
1898 52 113
1899 298
1900 31
1901 448
1902 254
1903 1 27 57 126 128 177 243 264 279 283 358 362 395 396 428 509 565 593 707 791 837 843 848 982 1046 1252
1904 19 451
1905 392 427
1906 24 27 62 509 586 587 711 720 728 764 868 981
1907 15 24 160 176 264 350 452 510 613 631 645 722 728 738 747 749 757 805 806 818 841 849 880 881 1018 1052 1078 1277 1678
1908 1 5 114 135 423 594 723 725 781 1209 1616
1909 224 240 296
1910 424
1911 131
1912 65
1913 245
1914 62
1915 62
1916 128
1917 265
1918 5 11 22 24 25 27 62 80 89 128 206 218 219 279 320 340 357 452 473 497 509 511 512 513 515 517 528 533 534 537 539 553 555 558 565 566 572 579 593 602 616 639 696 709 716 719 721 732 741 745 753 772 778 782 783 784 804 805 810 811 814 816 817 818 821 822 823 828 831 835 836 838 841 850 873 878 880 881 886 889 890 898 903 909 911 921 924 937 966 968 994 1037 1044 1073 1089 1130 1208 1215 1223 1229 1235 1269 1289 1450 1513
1919 236
1920 206
1921 131
1922 276
1923 327 398 399 400
1924 265
1925 188
1926 2 24 25 31 77 114 285 340 454 509 516 586 587 602 719 728 745 785 810 826 848 850 867 868 908 1040 1124 1131 1237 1331 1408 1743
1928 62
1929 214
1930 408
1931 3
1932 213
1933 62
1934 1 2 22 25 62 350 374 452 509 513 518 579 602 611 684 690 710 711 719 722 723 729 737 744 747 758 766 809 814 878 954 1016 1028 1070 1103 1219 1242 1305 1439 1631 1633
1935 18 134 723
1936 39 451
1937 277
1938 14 15
1940 2 18 124 136 160 279 452 509 514 518 537 580 587 602 613 614 674 684 709 725 732 738 742 745 747 758 763 764 785 805 814 823 828 837 873 874 1004 1080 1177 1393
1941 2 4 22 25 27 31 49 509 512 572 587 674 710 711 737 758 818 836 873 937
1943 388
1944 386
1946 655 777 929 1214 1657
1947 388
1948 388
1951 388
1953 1
1955 388 390
1957 2 22 24 135 390 507 509 511 513 515 517 518 528 534 537 539 553 555 558 566 572 613 684 720 722 732 753 770 822 824 835 886 955 977 978 1424
1959 2 11 25 31 62 89 91 114 152 219 232 390 514 515 518 533 537 558 565 566 579 602 613 754 755 764 772 781 783 805 806 810 814 816 818 826 830 831 841 861 868 890 921 924 929 940 1004 1081 1093 1102 1172 1173 1212 1490
1961 517 645 735 814 1242 1891
1964 2 13 18 22 25 27 31 32 80 91 177 194 206 232 279 468 510 518 534 587 613 719 738 749 758 759 764 772 791 798 818 933 1030 1198 1199 1213 1241 1421 1578
1965 11 18 24 69 77 219 279 374 414 482 503 510 518 539 587 602 674 690 725 728 731 744 749 763 785 809 858 1016 1069 1078 1280
1966 31 386 388 390
1967 1 386 388
1968 2 18 22 24 25 27 31 80 91 148 160 206 229 320 340 374 388 405 468 473 509 515 516 518 532 534 537 539 566 586 593 655 673 684 690 709 711 715 720 723 728 734 735 737 738 745 749 764 770 772 775 776 809 814 816 818 824 825 831 834 837 844 850 866 868 873 880 886 887 889 908 931 937 946 961 970 979 1005 1024 1037 1040 1051 1066 1074 1077 1093 1140 1196 1199 1223 1253 1389
1969 1
1971 31 390
1972 62 593 699 739 831
1975 25 31 279 482 528 529 539 587 602 626 723 734 738 754 772 785 805 806 826 912 921 925 929 1049 1078 1093 1094 1192
1976 388
1978 752
1983 390
1986 2 16 22 27 482 509 510 511 512 513 514 515 516 517 565 587 602 613 721 744 745 749 764 785 1257
1988 31
1989 443 739 745 785 850 866 873 981
1990 1
1991 5 47 197 219 340 374 511 513 529 561 605 699 739 776 805 818 831 857 1525
1992 1
1994 1 27 279 452 580 1095
1995 1 386 388
1997 2 80 128 160 340 390 512 518 542 553 602 610 613 640 656 720 745 749 785 798 805 881 973 1016 1126 1390
2000 388
2003 388 390
2010 1 2 11 18 22 24 27 31 47 91 114 135 177 206 219 262 279 340 350 351 394 503 507 509 511 512 513 514 515 518 528 532 533 537 539 546 553 558 565 566 579 587 593 601 602 639 656 667 673 674 684 699 706 709 716 718 723 728 732 733 749 753 764 772 782 783 785 802 810 813 814 816 818 831 834 836 837 865 869 873 880 886 895 896 931 935 937 956 974 983 990 1006 1007 1018 1029 1037 1074 1080 1093 1193 1215 1216 1217 1257 1275 1278 1306 1368 1382 1383 1418 1469 1674 1675 1713 1723
2012 386
2013 1
2017 5 11 27 31 388 509 518 528 631 684 710 823 880 933 1306 1424
2018 386
2019 1
2020 613 711
2021 1 2 18 24 25 27 80 229 374 503 512 517 518 528 534 537 539 553 561 565 580 595 599 613 626 710 722 739 747 752 764 768 805 816 843 850 868 878 880 940 982 1018 1029 1034 1077 1092 1098 1202 1252 1478 1819
2023 31
2024 388
2025 1
2026 388
2031 386
2036 388
2037 2 77 160 414 503 537 580 603 613 639 747 763 787 805 849 890 916 942 947 1106 1119 1130 1345 1543
2038 2 13 18 24 25 47 152 206 340 374 503 509 516 518 539 546 565 566 572 586 593 673 684 688 693 710 711 728 755 764 768 772 781 782 803 805 814 831 868 934 937 983 1037 1085 1257 1306 1415 1820
2040 388
2043 2 16 91 247 340 518 651 719 1108 1266
2044 31
2045 386
2046 13 128 249 279 390 482 510 537 626 640 738 744 749 764 798 805 1088 1127 1575
2053 388
2054 386
2055 31
2056 390
2057 386
2058 31 390 551 768
2059 2 27 80 279 509 613 725 732 757 828 1243 1303
2060 388
2063 388
2064 388
2066 1 13 15 18 25 27 31 49 91 340 374 394 503 509 512 513 514 516 518 528 529 532 533 534 537 539 540 555 558 565 572 593 595 602 613 626 658 667 669 673 684 688 693 706 709 710 711 732 733 738 739 749 753 770 772 802 805 814 831 835 836 841 869 880 886 929 940 948 952 958 973 981 983 1006 1029 1056 1080 1219 1229 1249 1300 1306 1419 1424 1434 1801 1835 1892
2069 763
2071 386
2072 2 18 22 27 31 47 80 206 285 374 388 452 468 509 515 516 518 528 587 593 594 603 613 626 684 693 711 739 764 770 772 776 782 784 805 824 831 836 840 908 934 983 989 1215 1223 1265 1332 1350 1434 1504
2073 388
2074 386
2079 1 340 374 386 482 487 514 518 613 667 709 739 783 805 831 977 1215 1582
2081 2 11 18 27 31 152 206 350 351 468 509 516 533 537 587 613 673 684 710 716 718 723 745 783 821 836 926 1113 1219
2082 1
2084 2 22 24 25 27 31 49 77 194 219 394 405 473 487 503 507 509 511 513 514 515 516 517 518 528 529 534 553 555 558 566 569 572 579 586 593 599 601 613 616 626 667 678 690 693 695 699 710 723 726 736 739 747 753 754 764 785 791 798 803 805 806 816 823 826 827 831 836 841 843 857 868 869 880 890 893 921 922 929 935 940 974 981 994 1009 1018 1044 1074 1078 1124 1194 1216 1223 1245 1284 1321 1351 1375 1428 1449 1583 1591 1611 1749 1836
2085 388
2088 386
2089 279 518 602
2092 31
2093 27 340 509 518 529 593 613 626 688 739
2095 386
2097 22 503 639 649 709 744 752 764 773 881 896 1108 1266
2099 388
2102 388
2103 18 77 89 136 518 553 580 602 656 674 722 744 749 764 772 784 785 883 1078 1229 1277 1307 1324 1367 1388 1426 1466 1543
2108 77 787
2109 2 11 18 27 320 509 513 533 587 696 716 718 753 754 772 783 785 805 811 823 836 890 926 1049 1368 1772
2112 31
2117 2 101 546 572 738 742 754 805 806 826 841 1061
2120 31
2121 11 18 25 27 31 47 62 80 89 114 152 197 229 279 320 337 340 373 390 407 435 452 454 468 487 492 507 509 510 512 514 515 533 558 566 572 580 582 593 594 602 611 613 663 671 709 711 718 722 725 728 738 747 749 764 778 782 783 784 785 798 805 806 808 810 819 823 824 831 836 837 849 865 866 868 880 881 888 902 912 914 921 924 933 994 1008 1046 1049 1059 1078 1102 1127 1235 1260 1277 1331 1414 1436 1461 1667
2122 2 4 31 47 229 443 497 509 512 514 518 532 546 602 613 673 678 684 709 723 738 741 745 805 816 886 982 995 1037 1044 1074 1095 1166 1175 1556 1686 1705
2126 2 18 24 25 77 80 116 320 503 518 529 602 603 717 721 747 772 805 818 841 874 936 1415 1667
2130 1 135 340 350 509 514 518 534 553 555 572 684 723 728 731 732 733 738 753 772 799 822 838 850 874 880 896 940 955 966 1029 1074 1080 1082 1085 1249 1278 1285 1332 1387 1414 1486
2131 194 641
2132 2 18 128 135 160 247 340 374 390 503 510 514 616 656 674 684 710 734 745 747 749 764 781 791 805 811 818 865 929 1078 1203 1280 1343 1459 1575
2134 386 388
2135 1
2136 1 2 15 18 24 31 206 272 340 405 473 528 532 539 587 601 613 684 709 711 715 723 728 739 779 805 831 837 855 866 880 891 929 989 1074 1124 1148 1203 1296 1350 1466
2139 785
2140 1 2 4 17 18 22 24 25 31 49 61 69 80 89 160 177 218 229 272 350 369 388 428 443 452 487 497 503 507 509 510 511 512 513 514 517 518 528 529 534 546 553 561 565 566 586 594 602 631 656 674 678 684 709 710 715 717 731 733 739 741 749 752 762 776 778 782 783 784 785 789 791 794 798 805 807 811 816 818 821 826 831 836 841 852 857 873 880 890 920 924 931 934 952 963 964 971 973 1026 1037 1070 1078 1102 1173 1223 1229 1248 1279 1435 1719 1778
2142 1
2145 390 656 744
2146 2 128 452 518 574 728 738 1078
2149 1 22 513 516 518 565 599 602 613 673 749 805 926 940 1018 1029 1092 1212 1261
2150 388
2152 386
2153 388
2154 492 512 572 579 613 673 738 772 818 880 1006 1478
2158 356
2159 34
2160 72
2163 16 69 71 452
2164 224 296
2165 61
2166 131
2168 2 17 18 25 27 80 91 218 264 279 340 390 509 518 532 534 543 565 579 593 613 631 720 724 725 732 734 735 738 752 756 759 764 785 805 809 814 817 933 1001 1044 1190 1214 1229 1250 1252 1260 1306 1358 1598
2171 269
2172 240
2173 339 728
2174 16
2175 16
2176 16
2177 18 471 474
2178 16
2179 518
2180 518
2181 507 508 511 512 515 517 529 530 534 551 583 584 585 586
2182 518
2183 518
2184 11 22 27 340 509 511 512 513 515 516 517 518 519 520 521 522 523 524 525 527 530 531 532 534 535 536 539 541 551 553 555 558 561 565 566 570 572 576 603 604 606 607 610 611
2185 518
2186 22 507 508 511 512 515 529 530 551 570 576 583 584 586 723 781
2187 518
2188 22 507 508 511 515 517 522 530 534 551 552 555 561 565
2189 2 18 20 27 31 261 340 507 508 509 511 512 513 514 517 530 534 536 539 541 542 555 558 560 572 582 587 611 630 631 632 633 634 635 636 638 641 642 643 644 645 646 647 648 649 650 651 652 653 654 655 656 658 660
2190 22 206 340 414 507 508 511 512 513 514 515 516 517 520 522 527 530 534 543 552 554 555 556 557 559 560 563 564 565 566 567 568 569 570 571 572
2191 518
2192 2 27 390 507 509 511 512 513 514 515 516 517
2193 2 22 135 507 509 514 516 519 520 522 523 524 525 526 527 529 530 531 532 533 534 535 537 538 539 540 558 656 764 803 804 841 876 954 1056 1121 1183 1199 1329
2194 518
2195 1 22 514 516 519 520 521 522 523 524 525 526 530 535 538 540 690 809
2196 22 340 414 507 508 509 513 514 515 517 520 522 524 527 530 535 543 551 552 553 554 555 556 557 558 559 560 561 562 564 565 566 567 569 571 572 588 589 590
2197 25 868
2198 22 507 508 511 513 516 517 527 530 534 535 551 552 554 555 556 557 558 560 561 563 565 566 570 571 572 588 590 591
2199 27 340 390 507 508 509 510 512 513 514 515 517
2200 518
2201 22 27 340 390 507 509 510 511 512 513 515 516
2202 24 25 61 177 282 340 350 497 508 509 512 517 518 533 537 551 553 555 558 566 572 576 595 599 613 663 669 684 696 699 713 719 720 722 725 752 753 772 796 814 822 842 866 868 895 1056 1077 1092 1202 1478
2203 613
2204 22 508 511 512 529 530 551 555 570 576 583 584 585 586
2205 518
2206 518
2207 518
2208 340
2209 518
2210 518
2211 518
2212 22 509 514 516 520 522 523 524 525 526 527 529 533 537 538 540
2213 518
2214 22 206 340 507 508 509 511 512 513 514 515 516 520 522 530 534 535 543 551 552 553 554 555 557 559 560 563 564 566 567 568 569 570 571 572 573
2215 22 516 519 521 522 523 524 526 527 529 530 533 535 537 538 540 648 747 804 1014
2216 518
2217 22 507 511 512 517 529 530 534 551 555 570 576 583 585
2218 22 509 514 516 519 520 521 522 524 526 527 529 530 533 537 538 540 781 810
2219 2 27 340 390 508 509 510 511 512 513 516 517
2220 2 22 320 340 507 509 511 512 514 515 517 518 528 534 536 546 551 555 558 565 570 572 578 579 580 582 684 707 708 710 711 712 713 714
2221 22 509 516 518 529 530 535 538 540
2222 507 508 511 512 517 518 522 530 551 552 555 561 565 570 572
2223 22 507 508 512 515 529 530 534 551 570 583 584 585 586
2224 518
2225 2 22 390 507 509 510 511 513 514 515 516 517
2226 1
2227 2 27 340 390 507 508 509 510 512 513 514 516
2228 518
2229 509 514 519 520 522 523 525 526 527 529 530 533 535 537 538 613 742 814 881 886 1340 1341
2230 2 18 20 22 25 31 206 492 509 514 516 529 533 535 537 540 590 591
2231 518
2232 22 507 508 511 512 515 517 518 534 551 570 576 583 584 586
2233 22 25 519 521 522 523 524 525 526 527 529 530 533 535 537 540 613 720 896
2234 2 11 18 25 27 31 41 116 219 320 340 374 443 452 509 515 529 533 565 587 684 731 770 782 783 805 824 831 855 866 937 981 1046 1248
2235 2 16 22 515 517 613 752 810 923 942 1078 1131
2236 719
2237 89 684 1131 1372
2238 1
2239 1
2240 25 1124
2241 1 979 1161
2242 2 18 22 518 539 616 656 717 719 720 722 723 725 726 729 736 758 764 821 896 920
2243 16
2244 553 673 723 1252
2245 80 279 518 613 724 734 769 772 781 785 810
2246 16
2247 24 25 194 728 848
2248 2 11 62 518 721 728 732 818
2249 711
2250 1 22
2251 452 565 579 613
2252 2
2253 2 785 834
2254 1 2 5 13 18 22 24 25 27 80 135 152 232 282 468 503 515 523 529 533 555 558 565 572 579 593 613 684 711 720 721 723 729 730 732 733 736 737 749 752 753 758 764 768 772 783 785 804 805 809 814 818 825 834 841 842 847 848 849 868 874 876 880 881 886 896 920 921 935 954 960 978 1016 1030 1050 1068 1078 1096 1105 1197 1208 1227 1230 1241 1252 1337 1535 1696
2255 1 2 11 18 22 24 25 152 194 218 509 518 534 553 572 579 593 613 631 684 709 719 720 722 723 725 732 739 742 745 752 754 764 778 805 809 812 814 834 844 848 849 887 896 917 920 921 930 978 992 1044 1051 1081 1155 1199 1230 1252
2256 1 62 135 553 805 1076 1103 1114 1185
2257 1 2 80 579 684 719 730 752 1219
2259 1 515 970 1223
2260 587 834 873
2261 720 805 1278
2262 2 24 745
2263 28 602 778 804
2264 723
2265 18 25 27 537 558 696 722 728 784 832 842 890 909 980 1202 1229 1247
2266 31 719 723 752
2267 723 826 939 1118
2268 747 781 804 810 876 937 954
2269 2 25 31 503 509 510 515 516 518 532 534 537 539 553 613 662 684 709 710 711 717 719 721 722 723 728 732 742 745 747 752 754 758 764 770 772 809 814 818 831 834 849 858 869 871 881 887 890 909 921 934 952 980 1014 1078 1120 1130 1166 1219 1306 1442 1450 1468
2270 2 18 24 206 285 374 443 452 507 509 512 516 518 532 539 543 566 587 613 673 720 722 735 752 753 782 805 813 821 825 850 868 889 971 1045 1066 1077 1127 1253
2271 586 719 720 809 844 881 909
2272 762
2273 1 2 5 15 18 22 25 31 89 128 152 177 206 320 340 480 503 512 513 516 534 537 558 565 566 572 579 602 613 645 662 684 711 719 720 722 738 742 745 747 752 760 764 770 772 781 785 799 804 809 810 812 818 822 824 829 844 878 881 909 929 948 963 1048 1108 1155 1241 1252 1315 1602
2274 340
2275 454 542
2276 1 2 18 25 27 31 37 80 89 91 114 160 194 197 206 219 279 373 374 428 443 503 509 512 514 515 516 517 518 527 528 529 533 534 537 539 543 546 553 558 566 572 579 580 587 593 599 602 603 613 626 667 673 678 695 696 709 715 720 722 723 724 725 732 735 738 741 749 763 764 770 772 782 783 791 798 809 810 818 824 831 836 849 857 863 866 868 873 880 889 913 926 937 940 941 951 952 954 959 981 982 994 1004 1044 1066 1074 1077 1130 1131 1152 1203 1220 1223 1249 1253 1306 1367 1602 1796
2277 736
2278 737
2279 2 516 970
2280 340 509 514 667 699 739
2281 741
2282 1 22 24 61 80 135 152 279 340 405 503 509 512 518 534 537 572 579 593 626 719 720 721 722 723 725 727 734 736 742 745 747 754 764 769 772 781 782 785 790 809 810 814 839 841 858 868 869 871 876 878 881 896 917 929 944 950 963 974 1078 1130 1237 1238 1249 1287 1305 1428 1435 1470
2283 148
2284 2 13 18 27 80 89 148 152 197 206 264 509 514 518 533 537 565 579 580 602 613 718 720 725 728 731 738 779 781 785 805 808 810 811 818 854 869 963 978 1018 1044 1252 1598 1877
2285 516
2286 27 780
2287 22
2288 2 80 503 510 517 613 640 709 733 749 772 791 1069
2289 1 2 11 27 62 279 528 558 580 602 640 710 723 734 738 744 749 752 786 810 832 838 954 1046 1260 1269 1303 1358 1753
2290 25 89 197 340 509 514 529 537 565 572 593 613 738 757 764 857 893 1262
2291 25
2292 22 340 503 509 512 513 534 558 572 613 673 684 711 719 720 722 753 754 781 805 809 810 814 841 842 848 878 881 909 980 1029 1040 1208 1238 1552 1864
2293 631
2294 11 13 18 24 27 31 47 62 89 91 206 219 279 320 340 374 452 492 507 509 510 512 513 514 515 533 534 537 539 546 555 558 565 566 572 579 586 599 601 602 603 605 614 622 631 639 667 684 699 710 711 722 724 745 749 753 754 763 764 775 782 784 785 787 794 799 803 816 818 822 823 824 825 829 831 835 838 845 853 866 868 880 897 909 911 926 940 948 977 980 994 995 1018 1029 1036 1049 1069 1072 1078 1082 1092 1099 1102 1118 1131 1145 1163 1173 1191 1201 1212 1223 1243 1252 1280 1331 1332 1343 1344 1345 1347 1383 1495 1646 1687 1702 1825 1875
2295 509
2296 752
2297 509
2298 2 11 18 31 91 194 279 340 515 516 518 533 537 539 556 602 613 631 718 738 772 778 789 805 902 1011 1102 1183 1198 1350 1427 1467
2299 509 537 719 722 772 881 909 1202
2300 2 518 532 572 613 720 754 764 785 830 1223 1525 1600 1638
2301 2 11 22 25 27 31 80 91 135 152 206 428 443 458 487 503 509 512 513 514 516 517 518 528 533 534 537 539 565 593 602 613 656 680 684 690 711 718 719 725 754 776 778 782 783 785 790 818 823 830 835 841 858 861 864 873 921 931 940 975 1042 1051 1094 1124 1190 1241 1321 1402 1576 1725
2302 2 17 18 24 47 80 91 148 160 177 197 219 232 272 285 320 340 428 435 443 452 492 503 509 516 517 518 528 533 539 543 551 593 603 613 616 631 711 719 720 721 732 737 749 752 763 764 770 782 785 791 798 800 805 810 814 815 818 825 831 836 856 889 908 913 929 952 981 1056 1066 1077 1093 1105 1106 1123 1124 1130 1191 1199 1214 1216 1219 1223 1253 1351 1352 1402 1408 1434 1617 1781
2303 2 22 24 31 62 340 503 509 515 518 537 613 711 719 720 721 752 763 829 883 899 994 1177 1183
2304 613
2305 2 22 24 579 711 723 732 752 814 822 1242
2306 5 177 206 340 443 482 509 512 516 527 534 537 539 553 566 572 586 587 613 673 718 720 721 722 734 745 764 770 781 782 783 810 816 908 1004 1085 1105 1161 1223 1229 1257 1374 1475
2307 25 503 534 631 734 747 772 836 1578
2308 722 724 810 1569
2309 779
2310 760
2311 616
2312 18 24 25 27 31 49 77 229 340 374 452 473 482 503 509 512 514 515 516 528 546 558 561 586 587 613 622 626 684 718 720 724 739 745 749 770 782 785 791 798 805 815 831 866 869 937 938 1049 1077 1078 1196 1201 1232 1252 1322 1365 1496 1504 1547 1600
2313 11 13 17 18 27 62 135 320 350 503 509 515 516 558 586 602 613 616 626 662 684 706 719 721 728 738 744 785 798 805 808 811 816 832 834 838 903 931 1388 1507
2314 1 2 22 89 219 279 515 602 613 723 805 807 825 834 848 1026
2315 17 177 219 340 374 428 503 507 509 511 512 513 516 528 534 537 558 561 587 602 605 613 720 745 747 759 760 772 785 804 814 816 824 835 850 857 991 1018 1029 1037 1040 1191 1199 1201 1219 1223 1360 1399 1435
2316 537 709
2317 18 613 684 937
2318 22 25 27 31 59 282 285 340 443 509 537 684 711 719 731 747 785 814 1040 1198 1199 1229 1237 1374
2319 2 16 909
2320 5 18 22 24 41 206 279 340 374 473 503 512 515 516 518 537 539 543 553 586 587 613 673 690 710 715 720 721 728 732 772 781 791 814 816 818 824 825 826 836 841 850 853 856 858 869 889 895 911 929 940 962 980 1006 1062 1108 1121 1196 1219 1223 1232 1256
2321 128 510 518 602 725 749 769 785 831 881 929 1093
2322 1 2 18 25 31 89 128 160 197 279 282 374 503 510 513 518 539 558 572 574 602 613 656 673 710 711 718 722 723 725 729 734 738 745 747 752 769 778 785 791 796 804 808 810 811 823 831 837 841 854 858 896 954 970 978 1025 1070 1108 1252 1303 1572
2323 194 537
2324 2 13 27 80 128 177 279 509 534 587 613 640 656 690 719 721 728 738 744 749 764 766 868 1830
2325 1 2 482 870
2326 772
2327 534 613 722 747
2328 1 2 17 18 27 69 160 232 279 320 452 503 509 510 517 518 553 558 572 586 594 610 611 613 720 725 732 738 745 749 753 764 772 776 784 785 789 791 798 805 809 810 815 816 818 831 834 836 848 855 912 913 950 954 973 1008 1093 1161 1219 1229 1282 1303 1479 1572
2329 935
2330 776
2331 22 732 881 896
2332 49 613 711 798 954 1085
2333 2 31 160 509 558 602 656 699 719 772 785 805 834 857 883 924 1327
2334 512
2335 91 602 613 684 709 719 778 931 1177 1329 1889
2336 2 25 340 518 558 772 783 805 823 826 841 1042 1497 1634
2337 613 1735
2338 572
2339 80 509 602 738 814
2340 0 1 2 5 11 18 27 49 152 160 320 374 428 492 503 507 509 515 516 518 528 532 537 539 572 580 599 602 613 658 711 722 731 732 733 745 749 752 754 764 772 785 798 805 807 811 813 825 843 867 887 927 952 961 962 980 981 1018 1105 1130 1166 1333 1374 1378 1399 1607 1773 1798 1883
2341 5 452 468 631
2342 1 2 22 31 47 77 89 232 320 340 373 452 503 509 512 513 514 518 537 539 551 555 579 586 593 602 613 674 684 699 720 722 723 725 728 729 734 738 747 770 781 784 804 805 806 810 811 814 834 836 841 844 869 871 926 954 963 973 1011 1056 1095 1127 1147 1161 1165 1219 1229 1371 1886
2343 2 509 514 537 569 602 764 785 858 977 1058
2344 2 5 18 22 25 31 282 320 340 374 428 473 509 512 513 516 518 537 546 553 572 587 602 613 684 694 709 723 739 749 764 770 772 776 803 809 810 813 814 836 850 853 866 867 868 873 887 889 1074 1097 1106 1110 1148 1196 1219 1223 1495
2345 27 80 279 414 503 594 640 649 651 720 749 752 763 769 783 785 787 805 842 845 874 952 1056 1078 1193 1227 1351 1374 1479 1777
2346 5 27 31 49 77 91 279 320 340 357 528 539 594 622 645 667 749 763 783 880 916 1331 1543 1645
2347 18 509 572 599 728
2348 2 18 27 77 507 509 518 565 593 602 613 728 763 764 772 837 1196 1229
2349 723
2350 2 25 80 340 503 509 512 515 518 533 534 553 572 613 684 711 719 720 722 727 732 736 737 742 747 753 758 764 772 781 805 814 831 841 844 858 868 871 880 885 902 1161 1193 1197 1351 1418 1887
2351 2 16 728 730 733
2352 16 25 512 613 730 764
2353 16 509 553 728 730 733 764 866 1418
2354 16 728
2355 114 264 320 340 350 512 614 645 696 711 722 836 981 1024 1092 1121 1124 1313 1672
2356 2 537 754 776 784
2357 1 2 18 25 27 31 80 128 136 264 340 373 503 509 518 528 529 587 602 613 711 738 745 763 764 782 784 785 789 805 810 811 818 854 970 1043
2358 2 13 160 350 509 514 533 534 602 614 640 725 738 744 752 764 772 824 835 836 883 923 1219 1625
2359 452 663 749 764
2360 22 27 272 340 537 602 728 785 810
2361 22 743 747 792 810 1231
2362 2 25 27 49 59 101 320 340 468 507 509 515 516 527 553 565 593 602 613 639 673 684 710 720 722 728 747 782 804 805 816 818 868 931 1040 1044 1199 1219 1229 1256 1374 1683
2363 2 31 509 518 587 602 709 782 785 787 804 940 1029 1249
2364 2 572 774 785
2365 15 509 602 613 1134
2366 18 428 515 534 569 613 614 674 738 764 772 810 858 924 1011 1333
2367 2 497 778 783 785 805 823 873 880
2368 1 2 80 279 340 509 558 593 626 711 720 723 752 784 785 804 834 836 852 882 890 1008 1767
2369 732
2370 2 5 25 27 31 91 160 282 374 468 509 514 516 518 532 533 534 537 565 586 587 593 602 613 626 684 711 720 723 728 730 734 739 752 762 764 782 784 785 805 814 825 831 841 844 849 868 937 952 977 1018 1124 1223 1224 1365 1434 1684 1703 1704
2371 1 160 572 599 797 805 809 824 848 857 1018
2372 720
2373 1 2 5 18 24 27 49 61 62 89 135 177 206 279 340 374 507 509 511 512 514 516 518 532 533 537 543 546 572 586 599 602 613 640 656 663 684 709 722 723 728 731 732 733 738 745 747 749 753 755 762 764 768 772 783 785 799 804 809 811 812 816 818 822 823 825 841 863 868 869 871 889 895 921 933 934 940 966 980 983 1004 1010 1029 1037 1044 1066 1069 1070 1079 1095 1220 1229 1249 1280 1361 1501 1516 1824
2374 2 25 31 206 320 337 374 443 492 515 516 539 551 587 696 731 749 764 770 782 783 799 818 824 836 866 908 994
2375 2 24 219 373 518 534 539 613 720 733 738 809 834 848 884 916 1030
2376 2
2378 1 2 11 18 22 24 25 27 219 264 282 320 340 350 373 394 405 509 511 512 513 514 515 518 528 529 534 537 543 546 551 553 555 565 566 572 586 593 613 662 673 684 696 709 710 711 719 720 721 722 723 725 728 732 747 749 763 764 768 772 774 803 805 809 811 816 817 818 822 823 824 831 835 836 841 850 853 868 873 878 880 886 890 894 909 911 917 923 931 937 944 948 950 973 994 1004 1005 1082 1093 1102 1161 1276 1332 1353 1374 1512 1531 1624
2379 2
2380 89
2381 2 25
2382 2 13 18 25 27 31 135 206 279 320 340 509 513 514 546 586 599 684 710 721 723 732 747 785 822 836 868 869 895 935 950 1064 1257 1382 1510 1723
2383 2 804
2384 340 509 517 534 539 555 565 572 579 613 667 684 722 728 753 772 803 805 822 824 835 841 868 873 880 973 994 1073 1275 1436
2385 18 824
2386 27 613 722 805
2387 22 730
2388 2 11 18 25 27 31 89 152 282 458 514 518 533 537 551 558 570 602 696 706 718 739 749 754 783 806 818 830 836 841 861 940 975 990 1097 1162 1221 1610
2389 1 5 15 22 24 25 62 80 452 509 515 518 537 558 719 720 723 758 798 809 812 814 844 848 854 881 909 918 1155 1538
2390 135 518 602 734 781 810 876 1188
2391 374 602 752 784 811
2392 2 22 24 25 80 452 515 534 539 613 662 684 690 711 719 753 776 809 834 844 881 886 1058 1081
2393 1 11 27 320 760 783 811 814 818
2394 602 747 776 781 810
2395 2 11 18 22 25 31 89 91 160 190 194 279 320 340 350 408 468 492 509 510 515 518 532 537 543 558 566 586 587 599 614 645 673 709 722 723 724 725 738 749 753 754 758 779 782 783 791 805 818 824 825 831 836 837 840 845 853 867 868 876 878 908 926 931 952 1056 1078 1161 1177 1199 1256 1260 1326 1351
2396 1 2 11 22 24 59 340 390 482 503 507 509 511 513 515 516 517 518 534 537 539 553 565 570 599 626 684 709 710 718 722 731 733 747 752 753 760 764 770 783 803 804 810 816 821 835 843 844 865 868 878 883 886 890 926 934 935 952 977 1007 1018 1037 1043 1065 1077 1136 1161 1198 1202 1252 1320 1374 1424 1510 1608
2397 11 31 89 148 320 373 509 515 553 602 684 699 720 722 728 738 752 783 784 785 798 805 810 818 890 977 1034
2398 509
2399 2 11 27 31 89 340 350 503 507 509 512 513 516 546 551 553 579 587 602 696 718 745 752 805 816 817 818 868 890 948 983 1400
2400 25 533 537 555 558 565 587 602 824 835 836 934 1078 1163 1275
2401 2 4 18 27 31 114 197 232 285 320 340 373 503 512 514 518 533 602 738 754 783 805 809 821 827 830 837 841 912
2402 2 27 326 373 537 553 602 728 810 811 836 964 1177
2403 373 553 808 811
2404 11 18 219 320 373 614 738 764 810 821 832 853 890
2405 1 5 27 59 77 91 160 279 320 340 357 374 509 516 517 528 537 539 587 602 603 645 763 764 775 791 805 838 880 1282 1417 1519
2406 2 24 27 69 279 320 503 509 613 684 721 738 764 778 785 809 810 828 858 869 881 981 1020 1412
2407 11 473 512 515 516 517 539 555 565 572 579 722 768 784 785 817 824 835 868 873 880 921 994 1200
2408 749 823
2409 1 2 18 22 27 503 509 515 534 558 602 613 684 709 719 720 722 728 731 733 742 752 758 764 770 783 785 790 805 818 834 844 869 940 1121
2410 518 696 721
2411 772
2412 534 579 708 720 726 741 785 881 921 1384
2413 1 2 22 80 340 514 613 711 719 732 752 764 772 805 809 814 829 881 963 981 1285
2414 509
2415 509
2416 5 25 350 558 602 684
2417 22 534 613 684 732 772 814 841 1048 1538
2418 18
2419 586
2420 31 218 738 799
2421 809
2422 18 80 114 515 516 534 572 602 613 729 741 870
2423 2 22 25 31 62 503 537 539 572 593 602 684 719 721 722 729 733 776 809 844 878 881 920 1030 1070 1136 1177 1202 1208 1222 1284
2424 720 758 1222
2425 27
2426 340 509 722 829
2427 2 18 24 27 152 197 279 320 340 350 443 503 509 512 537 560 602 613 749 754 791 805 806 811 818 821 830 836 880 921 954 975 1023 1049 1358
2428 2 22 25 62 80 89 452 518 579 594 613 719 720 725 729 798 805 809 881 929 1131 1230 1337 1359
2429 1 2 11 24 27 31 160 177 320 340 503 513 533 537 566 587 626 720 782 805 809 814 824 848 850 908 926 1056 1534 1739
2430 1 11 24 47 219 320 340 473 507 509 511 512 513 514 515 518 528 533 534 539 546 555 565 566 570 579 593 613 684 699 706 709 710 716 722 733 737 741 742 753 754 768 784 785 799 803 805 822 823 824 830 836 838 841 845 868 873 890 921 926 940 948 958 971 973 977 994 1018 1029 1034 1082 1124 1163 1175 1252 1275 1303 1350 1613 1790
2431 279 518 537 602 728 785 811
2432 1075
2433 1 2 18 24 31 91 206 320 373 514 537 586 587 711 762 782 798 805 806 814 838 845 850 853 969 1095 1119 1158 1186 1203
2434 518
2435 2 22 24 507 518 565 613 720 722 730 834 868
2436 2 24 458 509 511 534 566 602 613 663 684 716 719 721 723 738 745 753 778 805 917 954 1072 1163 1190 1252 1325 1356 1455 1825
2437 2 537 579 602 684 728 811 862 882
2438 2 22 27 218 340 509 539 593 613 684 719 720 723 728 729 732 736 739 745 752 758 834 866
2439 22 80 279 512 515 711 719 720 722 730 752 764 772 805 809 814 829 858 881 1230 1336
2440 25 752
2441 2 135 282 408 602 613 734 742 749 768 781 804 805 807 810 954 1030 1469 1537 1540
2442 1 2 503 534 602 720 733 758 782 805 810 822 824 841 845 954 961 1082 1179 1284 1430 1535 1826
2443 18 22 24 25 77 340 452 492 518 529 534 539 558 579 711 719 720 752 764 772 782 794 809 814 821 848 857 868 881 909 921 980 981 1030 1155 1202 1540
2444 720
2445 602
2446 781
2447 18 31 507 509 518 529 663 710 718 723 764 768 818 821 836 1052 1073 1202 1252 1275 1304
2449 2 49 340 373 374 497 509 514 523 551 561 602 613 626 684 696 720 722 805 873 958 995 1078
2450 1 18 22 24 27 31 47 49 80 482 503 512 517 518 534 537 539 546 558 595 599 613 720 739 749 764 768 785 798 805 814 818 821 831 843 868 878 880 881 908 935 981 1018 1046 1113 1219 1223 1444
2451 2 18 22 24 31 80 91 219 229 279 320 340 497 503 509 511 518 534 537 546 565 572 586 595 599 613 699 719 732 745 749 753 772 783 784 785 791 798 805 813 816 818 836 837 843 857 868 878 880 881 886 1018 1043 1068 1098 1113 1252 1444 1504 1819
2452 553
2453 4 25 89 565 586 613 684 770 784 805 811 824
2454 2 135 509 587 602 826 899 1679
2455 22 509 553 558 613 725 728 776 785 809 812 1329
2456 745
2458 684
2459 91 279 537 539 716 738 745 764 772 785 871 946 981 982 1082 1285 1332
2460 152 690 723 738 749 752 754 765 805 808 811 903 964 980 1078 1188 1603
2461 2 11 22 24 25 374 482 516 602 696 720 723 782 783 793 798 818 821 853 896 911 981 1136 1145 1217 1329
2462 17 18 22 24 27 31 320 340 350 374 452 512 515 516 518 529 532 543 558 586 613 673 684 709 711 716 720 729 735 762 772 812 825 831 844 857 867 873 912 929 1005 1052 1158 1302
2463 814
2464 27 534 555 613 719 722 752 785 805 809 810 844 881
2465 518
2466 850
2467 1 2 22 24 80 218 279 452 503 509 512 518 537 553 572 631 711 719 720 723 732 752 753 758 764 782 799 802 803 805 809 814 839 841 842 881 886 909 936 940 980 1028 1066 1106 1155 1202 1208 1222 1230 1241 1288 1444 1482
2468 2 350 764 809
2469 509 613
2470 602 818
2471 11 18 25 89 340 509 513 517 572 613 663 710 723 731 733 752 794 799 805 836 841 868 874 890 949 966 987 1029 1065 1074 1082 1085 1124 1179 1249 1760
2472 2 507 512 515 534 565 572 599 605 764 768 803 848 911 1018 1252
2473 602 810
2474 25 613 728 736
2475 1 27 373 509 512 534 579 586 684 772 811 822 824 880 896 920 1029 1418
2476 2 5 11 18 31 340 350 537 553 566 587 593 602 613 716 718 739 783 793 805 811 818 821 836 860 880 926 977 1065 1161 1217 1513
2477 2 18 22 25 27 62 80 91 193 350 394 512 515 553 587 613 656 690 696 720 721 723 744 747 752 758 766 785 790 799 809 813 814 836 866 878 896 929 940 981 982 1029 1078 1195 1206 1260 1374 1428 1440 1477 1526 1631
2478 2 25 27 41 62 206 503 509 511 512 514 518 529 533 537 553 558 572 579 586 587 593 613 667 684 709 710 722 739 753 772 798 799 805 832 836 873 874 921 935 937 952 1037 1066 1074 1252 1267 1268 1275 1278 1320 1395 1513 1519 1617
2479 11 31 507 509 511 512 513 518 534 537 553 555 558 565 566 586 696 706 711 734 739 752 753 768 772 789 796 806 824 825 831 836 842 911 926 937 981 1052 1263 1751
2480 2 25 503 509 516 518 558 572 613 684 711 715 719 720 723 725 728 730 764 785 809 813 844 856 887 899 924 963 994 1078 1193 1287 1294 1306
2481 684
2482 509 602 684 711 728 857 868
2483 27 473 509 517 528 529 593 603 684 804 805 836 859 912 952 1029 1039 1219
2484 728
2485 1 25 27 91 279 503 587 602 613 626 640 754 772 776 783 785 804 805 810 821 836 1068 1120 1400 1602
2486 492
2487 11 350 566 785 956 1840
2488 27 373 492 631 834 980 1080 1085
2489 27
2490 832
2491 864
2492 720 1229
2493 2 15 25 27 30 62 89 197 320 350 405 509 565 711 725 728 731 733 744 760 779 785 789 805 818 828 868 959 1093 1188 1260 1277 1330 1466 1594 1791
2494 558 716 785 818 823
2495 2 89 509 529 613 738 742 745 747 752 781 804 809 810 834 841 873 876 890 1219
2496 2 18 27 374 602 778 810 1059 1274
2497 374 723 834
2498 528 764 785 838
2499 586
2500 2 5 25 30 31 91 320 468 587 602 613 662 728 731 733 762 770 772 783 805 808 811 840 866 884 989 1017 1068
2501 810
2502 752
2503 811
2504 2 11 18 834
2505 22 25 80 709 731 809 841 1208
2506 738
2507 1 22 509 613 723 752 814
2508 1 31 443 452 509 514 515 518 534 546 572 593 626 667 684 688 693 699 706 709 710 728 732 733 739 745 753 785 805 816 823 831 857 868 880 884 926 952 1074 1215 1224 1561 1704
2509 1 11 25 27 232 320 509 558 656 818 826 827 832
2510 18 31 509 533 537 602 613 722 809 845 1052
2511 734 804 810 876
2512 279 728 733 745 764 809 810 858
2513 503 509 602 718 791 811 814 834 873 992 1051 1059 1149 1166 1177 1329 1455
2514 841 870 1044
2515 340 764 863 917
2516 752
2517 148 602 831
2518 11 27 49 80 374 696 721 731 856 940 941 954
2519 2 25
2520 509 602 753 804 806 818 830 841 924 1226 1399 1567
2521 2 24 27 91 177 206 219 337 414 507 509 511 513 514 516 517 518 523 529 534 539 546 553 561 566 586 587 593 613 626 667 693 699 720 739 764 782 784 791 798 799 805 806 814 816 818 831 837 868 880 886 890 931 977 1037 1044 1120 1177 1215 1232 1241 1245 1557 1669 1780
2522 2 516 731 813 818 1078
2523 2 22 25 27 61 80 89 206 340 350 452 503 507 511 512 513 514 515 517 534 537 546 553 555 558 566 572 579 593 602 613 656 673 684 706 710 722 723 731 732 733 745 754 764 768 772 778 785 804 816 818 822 823 835 845 874 896 920 929 933 934 954 966 983 1010 1018 1029 1037 1044 1072 1079 1080 1179 1207 1250 1273 1382 1486 1581 1582
2524 24 25 509 518 534 572 613 731 733 739 772 799 816 940 955 1029 1257
2525 80 534 565 827 834 848 1011 1028 1052
2526 2 684 752 809 824 887
2529 509
2530 232 507 509 514 533 534 565 639 684 755 783 806 868
2531 2
2532 586 770 811
2533 926
2534 732
2535 2 25 745 772 823 869 895
2536 27 80 89 452 503 509 510 515 555 569 586 613 631 684 690 710 733 738 739 744 745 764 785 807 956 977 1177 1199 1306 1329 1345
2537 27 31 218 320 511 516 539 565 616 718 728 783 785 803 810 816 835 1044 1093 1188
2538 89 565 579 684 742 811 845
2539 2 18 25 320 543 764 1011
2540 515 613 719 721 732 752
2541 719 730 781 834
2542 1 18 61 340 509 510 516 602 640 684 765 772 816 818 841 1078 1314 1471 1472 1473
2543 27 89 509 532 764
2544 719
2545 516 613 850 853
2546 2 18 80 492 587 613 738 782 789 852 882 991
2547 2 18 613 749 764
2548 855
2549 22
2550 719 738 818
2551 602
2552 22 602 730 912
2553 2 24 27 31 80 206 279 320 374 452 473 510 534 537 543 566 572 587 593 645 738 770 772 782 785 805 818 821 836 840 850 852 866 873 908 981 983 1118 1124 1136 1140 1158 1220 1241 1257 1326 1358 1402 1505
2554 18
2555 509
2556 27 135 645 695 711 724 734 747 804 810 970 1303
2557 807
2558 2 18 22 25 27 91 373 507 509 512 515 529 534 553 558 565 572 602 684 720 723 752 753 770 816 844 896 931 935 1018 1161 1252
2559 22 89 350 509 511 514 516 532 534 546 553 558 565 572 579 586 593 613 662 684 696 706 710 711 719 722 723 731 732 733 752 753 764 772 798 805 816 822 823 831 832 835 874 883 890 908 929 933 940 950 955 966 994 1007 1037 1079 1080 1085 1229 1428 1486 1621 1893
2560 80 518
2561 1 31 62 279 503 510 511 512 517 518 539 553 565 579 602 684 696 720 722 728 738 742 754 764 768 805 811 824 830 834 836 886 963 982 994 1207 1290
2562 2 320 507 515 533 534 537 539 558 587 684 710 720 722 742 752 755 785 804 822 844 845 890 909 980 1029 1066 1197 1249 1290 1550 1601
2564 177 264 492 515 527 582 709 1030
2565 24 626 711 728
2566 558
2567 731 733
2568 515 555 711
2569 844
2571 89
2572 834
2573 25 732 834
2574 2 25 534 539 720 809 1197
2575 2 534 616 709 764 824 944 1533 1645
2576 2 22 25 80 218 219 509 518 537 719 720 722 732 736 737 758 764 772 805 809 829 841 842 844 858 878 1056 1208 1241 1440
2577 2 22 25 31 340 509 514 534 539 599 613 626 710 715 719 723 737 764 770 790 805 824 848 871 899 929 937 1051
2578 742
2579 1 2 24 27 31 47 61 152 159 160 219 337 340 350 509 514 515 516 518 529 565 572 582 587 593 602 613 626 706 709 718 723 739 776 789 798 805 814 816 818 824 836 848 1051 1215 1285 1360 1424 1568 1607 1743 1780
2580 776 863
2581 684
2582 11 799 832
2583 340 492 602 893 1539
2584 27 468 587 613 785 818
2585 492
2586 405 492 507 515 516 518 613 791 805 931 1152
2587 18 91 613 1177
2588 27 428 684 818
2589 733
2590 22 24 25 626 722 728 729 758
2591 22 25 27 31 80 206 452 507 509 518 528 534 565 613 711 715 725 729 732 752 776 805 822 853 867 935 937 1070 1196 1323
2592 2 22 25 565 684 711 720 723 725 728 729 745 758 764 807 844 896 1029 1042
2593 809
2594 219 509 602 844
2595 858
2596 2 25 232 282 673 844 849 1163
2597 25 539 613 736
2598 516 772 902 1149
2599 152 516 772 926
2600 804
2601 18 31 47 340 473 528 533 539 565 696 720 739 749 764 778 785 805 904 1223 1280 1393
2602 805
2603 565
2604 732
2605 1 2 18 22 511 515 516 613 722 728 734 805 811 849 909 980
2606 11 24 80 320 503 512 764 803 818 831 976 1006
2607 509
2608 509
2609 509
2610 509 512 719 747 781 823
2611 25 720 764 896
2612 25
2613 1 2 22 613 736 742 747 831
2616 135 804 810 876
2617 558
2618 135 747 804 876
2619 752
2620 2
2621 805
2622 518 553 599 613 719 722 732 752 768 805 858 1018
2623 752
2624 135 718 738 785 1037 1093 1366 1528
2625 747
2626 805
2627 2 22 31 219 340 518 527 593 613 680 684 709 720 743 759 776 814 826 849 850 873 912 1376 1399
2628 2 22 25 31 206 282 320 373 492 514 518 532 586 613 626 738 745 764 770 784 785 798 803 808 811 818 825 853 1077 1293
2629 2 509
2630 1 723 732 752 809 1103
2631 17 27 279 516 723 728 731 738 745 785 818 824 1034 1229
2632 1 5 22 25 31 61 80 135 206 219 264 282 340 405 473 482 503 509 513 516 517 518 528 551 558 565 572 579 587 599 613 649 684 696 709 710 711 719 720 722 723 732 734 737 745 749 752 754 758 768 781 782 785 798 804 805 810 814 815 816 823 829 831 848 850 851 871 878 880 886 890 909 963 1032 1040 1129 1198 1199 1202 1208 1215 1306 1478 1535
2633 2 22 25 62 80 340 509 515 553 572 574 579 586 593 613 684 719 720 722 723 729 737 749 765 768 772 785 796 799 805 809 814 830 841 842 844 846 917 965 1092 1194 1202 1241
2634 2 340 509 512 515 710 717 772 805 1031 1229 1639
2635 2 27 805
2636 2 22 25 34 529 602 613 626 711 719 720 722 732 752 772 781 812 818 842 883 896 917 921 1058 1103 1222 1466
2638 492 553 728 785
2639 2 11 18 515 533 684 696 816 832
2640 1 2 25 31 80 219 340 503 507 509 510 516 518 528 537 572 579 613 625 656 684 711 715 719 720 723 728 730 745 747 753 760 764 785 805 809 813 814 815 818 822 841 887 909 917 944 980 1127 1166 1192 1230 1252 1287 1306 1343 1351 1358 1372 1418 1462 1482
2641 731 732 764 940
2642 834
2643 1 18 177 340 374 443 452 503 509 518 558 587 602 613 655 684 710 728 731 745 747 752 781 782 785 791 804 805 810 824 848 889 891 908 954 1038 1077 1181 1212 1219 1257 1270 1306 1374
2644 602
2645 2 18 91 114 340 509 516 553 805 831 834 850 868 929 941
2646 929
2647 18 586 613 768 836 868
2648 197 582 730 888 1229
2649 2 22 25 80 509 613 719 732 764 809 878 1197
2650 0 17 27 47 350 405 435 509 511 514 515 518 537 539 546 553 558 677 707 716 718 728 741 768 822 841 849 916 938 940 1006 1072 1106 1126 1252 1446 1447 1492 1765 1825
2651 22 80 738
2652 752
2653 2 31 534 602 613 626 785 806 818 830 841 852 858 924 956 1047
2654 1 340 720 836 982 1293
2655 1 2 22 31 534 572 720 752 778 799 814 844 886 896 935 980 1018
2656 18 91 160 279 320 516 551 613 738 782 831 866 931 937 977
2657 2 373 808 1109
2658 152 340 509 533 558 602 684 710 868 948 1042
2659 518
2660 2 4 18 91 159 340 482 509 613 710 798 831
2661 834
2662 1 206 340 507 509 518 558 613 711 747 782 785 809 817 911 1326
2663 11 18 24 152 512 514 518 546 566 579 599 602 709 718 803 818 821 830 836 841 854 869 873 921 978 1049 1078 1081 1374 1733
2664 752 1693
2665 518
2666 2 509 514 529 561 626 739 857 922
2667 1 2 22 24 25 80 279 503 509 534 722 729 732 752 764 772 805 841 852 869 896 905 940 1010 1351 1358
2668 923
2669 810
2670 2 16 22 24 25 80 89 503 515 518 534 558 572 723 730 739 742 749 752 772 805 806 809 1010 1040 1227 1229 1452
2671 533 684 728 731 733 772 785 863 905
2672 2 509 723 738 752 1257
2673 721
2674 613 783 785
2675 25 509 720 730 805 834
2676 25 730 868 935
2677 2 89 509 613 709 868 873 1444
2678 2
2679 730 1229
2680 728
2681 579 602
2682 2 18 31 492 613 631 747 768 783 785 818 868 890 1124 1890
2683 340 507 509 512 534 593 710 785 836 873 1256 1418
2684 18 218 515 587 593 717 738 785 809 813 818 952 1093 1230 1517 1871
2685 25
2686 25
2687 2 710 720 834
2688 2 30 320 373 503 509 586 717 728 770 785 805 808 818 824 840 902 989 1148 1329
2689 206 507 509 513 516 528 537 539 546 565 673 684 710 781 805 816 822 836 869 873 938 1207
2690 602
2691 18 27 320 518 586 587 613 764 782 785 798 805 841 850 1056
2692 2 25 80 91 443 512 513 515 613 764 776 805
2693 80 553 764 805
2694 849
2695 279 340 482 487 509 511 523 529 561 600 626 667 720 739 776 784 941 1215 1219
2697 730 842 909 980 1018 1229
2699 1 2 22 25 80 89 218 340 503 509 518 539 553 560 579 593 613 684 719 720 722 729 733 742 752 764 809 814 821 834 963 996 1106
2700 602 747
2701 509 511 586 658 1222 1254
2702 25 62 340 492 613 722 728 733 741 805 830 869 921
2703 2 80 89 468 507 509 518 565 718 781 850 1639
2704 832
2705 721
2706 509 565 723 728 868
2707 723
2708 939 1724
2709 18 512 516 565 745 785 803 868 926
2710 2 534 734 747 753 781 810 876 954 1222
2711 18 518 537 722 742 752 1202
2712 534 719 720 842 909 936 1021 1229
2713 135 507 509 514 515 593 631 684 699 710 723 732 738 768 772 789 829 970 1018
2714 1 2 340 512 515 572 602 719 722 729 758 772 844 881 1031 1197 1505
2715 1 2 22 25 89 135 206 282 507 509 533 565 579 593 599 616 674 684 711 719 720 722 729 732 745 768 772 785 799 805 834 841 852 858 880 939 1044 1070 1197 1208 1222 1414 1435 1554 1574 1721
2716 752
2717 18 59 152 279 414 537 622 731 759 782 783 791 818 916 929 1049 1191
2718 602
2719 206 374 509 534 537 723 764 785 816 824 850 912 937 961 989 1011 1106 1245
2720 206 558 579 809 844 1152
2721 805
2722 613 747 783
2723 728
2724 752
2725 674 809 812
2726 279 503 509 613 719 720 730 809 844 1241
2727 509
2728 515 719 722 732 785 809
2729 532 812 1066
2730 513 764
2731 27 518 534 684 719 742 752 1381
2732 492
2733 2 22 25 32 509 532 533 539 575 586 684 728 729 732 752 772 785 799 809 858 868 890 896 1022 1051 1286 1627
2734 25 737
2735 25 509 553 709 711 728 730 745 783 809 972 973 1010 1127 1493
2736 728 1252
2737 613 721
2738 509 719 881 1208
2739 537 553 613 752 805
2741 602
2742 507 805
2743 2 27 279 373 503 509 514 515 558 566 613 616 626 718 725 738 764 772 805 818 824 839 843 869 1093 1193 1198 1386
2744 91 876 993
2745 15 22 25 135 197 428 509 518 537 565 593 684 720 723 742 743 752 753 814 876 909 993 1208 1507
2746 710 816 934
2747 509
2748 516 1136
2749 2 11 77 340 350 546 572 728 805 821 835 911 1424 1513
2750 785
2751 733
2752 2 340 405 443 509 518 534 602 720 742 772 809 814 823 841 1722
2753 558
2754 89 579 814 1044
2755 18 27 414 503 509 517 518 602 613 728 745 749 764 767 869 880 910 924 1181 1229 1583
2756 2 24 25 515 518 558 613 730 764 805 871 981
2757 732 752
2758 509
2759 2 532 602 722 732 918
2760 80 509 613
2761 2 24 25 509 518 534 673 719 764 772 809
2762 899
2763 1 2 22 25 340 452 509 546 565 572 579 602 684 715 722 723 732 745 752 764 781 785 809 813 818 834 841 873 887 909 940 980 1018 1044 1199 1219 1222 1518
2764 720
2765 2 17 18 27 340 528 532 587 613 673 709 718 749 764 805 812 850 886 896 1097 1152 1328
2766 27 31 160 279 585 587 613 673 711 723 733 753 764 791 805 818 1051
2767 1 2 22 24 25 219 320 374 443 509 511 516 518 546 566 579 602 613 673 709 719 720 722 723 730 783 789 805 814 831 844 850 873 889 898 948 980 1005 1012 1049 1118 1197
2768 728
2769 138 509 823 841
2770 1 2 135 512 517 572 586 613 719 722 731 733 747 752 799 811 816 836 940 952 954 987 1029 1079 1179 1250 1252 1274 1430 1776
2771 340 534 720
2772 2 320 509 602 725 764 804 810 811 845 954 1040
2773 25 177 613 812
2774 152 428 509 602 818 873 1097
2775 2 11 18 219 350 509 529 572 667 706 739 772 785 798 890 931 940 1029 1080 1215 1216 1306 1423 1568
2776 11 350 515 537 566 572 745 785 811 821 836 924 1074 1083 1099 1180
2777 114 152 443 458 509 539 602 673 805 868 899 924 1212
2778 2
2779 509 515 539 613 626 684 805 866
2780 2 22 553 790 810
2781 2 4 24 27 340 443 452 503 507 509 511 513 518 533 553 558 565 566 572 613 696 709 711 718 720 722 742 762 785 789 791 824 834 836 845 873 886 890 949 963 982 987 1070 1173 1175 1202 1204 1252 1285 1539 1732 1749
2782 518 747 804 876
2783 135 602 742 770 804 810 937 954
2784 966
2785 518 534 719 752
2786 858
2787 2 13 18 509 514 602 696 722 760 764 809 850
2788 18 587 613 969
2789 509 565 602 684
2790 898
2791 518 752
2792 2 512 613 723 752 844 898 1182
2793 497 517 684 1008
2794 602
2795 25 553 613 720 723 730 732 742 805 1205
2796 229 340 492 509 749 831 1095
2797 25 492 518 849
2798 733 781 804 954
2799 2 25 91 182 374 509 613 752
2800 80
2801 101 428 602 669 728 849 1227
2802 2 24 509 613 1148 1220 1452
2803 720 909 980 1372
2804 31 602 718 747 805 854 875 894
2805 2 539 752 882 1161
2806 728 870
2807 613 709 718 785 869 1018 1162 1519
2808 721
2809 728 730 764
2810 89 781 868 950
2811 509 587 734 818 954
2812 22 509 515 720 722 723 729 752 805 1241
2813 805
2814 22 24 27 340 374 534 558 586 631 649 684 709 721 772 776 782 784 798 805 806 809 811 834 840 929 1161 1257 1276
2815 428 613 673 709 746 747 908 981 1106 1196 1313
2816 25
2818 27 80 89 138 518 602 719 723 732 734 738 768 799 803 810 832 836 846 848 874 931 937 1008 1080 1179 1194 1249 1530 1641
2819 509
2820 2 18 31 219 340 503 509 514 517 539 558 579 602 673 696 710 721 747 782 785 793 805 926 1000 1870
2821 18 30 515 574 749 782 805 810 811 954 973 989
2822 516 539 868
2823 825
2824 509 728 752 981 1010
2825 350 373 553 572 706 732 814 838 874 883 937 987 1179 1249 1285 1486
2826 1
2827 758
2828 719 841 858 923
2829 984
2830 507
2831 799 1085 1177
2832 834
2833 1 2 18 25 89 160 279 320 340 452 503 507 509 512 514 516 518 537 565 579 613 720 725 731 734 749 781 783 785 804 810 814 836 837 848 952 954 970 981 1237
2834 720 909
2835 1188
2836 59 197 232 579 728 783 818 837
2837 509
2838 723 752 839
2839 738
2840 509 515 684 1368
2841 734
2842 551 572 711 728 730 973
2843 507 565 805
2844 282 734
2845 2 31 77 340 503 509 512 533 558 649 663 718 720 722 723 725 732 734 739 758 764 772 781 810 814 818 844 858 896 926 1028 1093 1227 1284 1307 1487
2846 1 2 320 518 722 732 745 747 790 865 1208 1287
2847 512 572 785
2848 518 720
2849 1 2 18 22 25 89 509 565 613 729 730 778 789 799 836 867 870 884 886 921 978 992 1155 1199
2850 25 728
2851 720
2852 22 25 515 579 752 814 1208
2853 2 752 778 868
2854 503 512 537 764
2855 27 62 509 537 587 720 785 816 822 823 824
2856 613 752
2857 719
2858 719 758 881
2859 720
2860 15 89 197 340 515 614 723 764 805 807 982 1195 1300 1469 1503 1505
2861 2 13 18 31 282 340 513 587 613 818 866 908
2862 2 4 5 18 24 80 101 114 206 229 374 443 468 507 509 516 518 537 539 543 560 579 580 586 593 613 673 684 709 739 749 777 791 798 805 826 850 866 873 889 908 929 937 941 981 1037 1046 1074 1095 1121 1126 1166 1199 1804
2863 509 510 553 574 883
2864 1258
2865 25
2866 1 722
2867 728
2868 509
2869 1 2 22 25 219 509 514 518 710 720 725 736 742 752 758 772 814 822 841 842 896 1056 1202 1203 1250
2870 25 565 711 876
2871 602 719 747 764
2872 492 723 728
2873 728
2874 602 998
2875 772
2876 752
2877 537
2878 2 723 729 834
2879 730 811
2880 537
2881 2 373 808 811
2882 720
2883 2 27 350 553 594 602 747 785 834
2884 509 732 733
2885 770
2886 1001
2887 194 350 374 452 468 515 516 518 537 539 543 613 673 709 722 749 805 814 822 849 868 981 982 994 1002 1056 1077 1123 1124 1165 1202 1268 1278 1313 1399 1574 1617
2888 2 25 558 711 720 725 745 752 882 908 940
2889 4 25 503 507 528 539 546 555 572 613 706 716 728 732 772 822 842 873 880 890 926 929 934 938 948 966 989 1074 1077 1082 1229
2890 593 684 716 749 783 823 926 1254
2891 781
2893 553 880 1198
2894 24 27 206 279 738 785 799 814 818 869 908
2895 22 27 602 728 733 747 804
2896 1
2897 518 527 808 889
2898 1 684 719 723 799
2899 870
2900 492
2901 25 805
2903 114 579 593 684 710 755 763 816 823 835 873 948 1016
2904 509 722 754 806
2905 537
2906 613 728 732 752 920 1105
2907 579 719 752 814
2908 24
2909 2 808 811
2910 602 929 1145 1177 1515 1788
2911 539 805
2912 1 2 24 25 27 80 138 340 374 390 509 518 533 566 587 602 611 616 640 684 710 721 728 731 733 738 745 753 755 756 764 772 785 800 810 837 871 880 884 948 994 1010 1046 1069 1118 1188 1219 1233 1244 1303 1306 1358 1363 1375 1491 1549 1575 1651
2913 722
2914 684 723 732 940
2915 805
2916 1 18 22 24 31 80 89 91 152 219 262 340 428 509 513 515 516 518 529 534 539 561 593 599 690 699 723 739 764 783 785 803 805 836 858 866 869 873 881 921 953 974 977 1012 1034 1068 1120 1311 1317 1350 1383 1400 1457 1495
2917 25 723 742 752
2918 2 18 25 27 30 41 282 320 340 350 408 503 509 518 534 543 546 587 593 602 684 696 699 710 722 747 767 772 783 785 808 813 816 818 827 836 841 869 872 908 940 952 1003 1010 1093 1097 1217 1219 1229 1307 1350 1372 1382 1494 1824
2919 32 89 613 631 694 759 814 1198 1199
2920 2 25 509 534 558 613 720 722 742 758 764 809 814 842 878 881 909 936 980 1241
2921 728 809 1014
2922 1 2 22 24 25 31 219 507 516 532 537 539 546 553 684 720 722 732 733 752 785 816 818 873 938 983 1052 1066
2923 197
2924 80 320 534 613 667 722 733 745 764 785 799 810 816 869 881 978 1005 1010 1211 1662
2925 492
2926 31
2927 553 809 890
2928 2 720 722 805 809 810 814 842 1197 1208
2929 602
2930 25 834
2931 25 626
2932 18
2933 1 22 509 537 565 613 719 720 725 732 738 745 752 809 841 858 881 883 1047 1222
2934 764 805 816 848 868 926 1037
2935 731 733 799 940 1219
2936 80 551 602 738 805 848 896 926
2937 18 509 553 762 764 785 1002 1100
2938 721
2939 1 2 190 340 405 503 514 518 553 639 770 772 809 814 857 881 1040 1108 1557
2940 18 602 711 718 778 783 808 818 873 902 992 1267 1274 1321 1329 1461 1789 1847
2941 587 805
2942 533 593 602 899
2943 2 25 61 62 340 580 613 649 722 747 775 781 782 810 1015 1070 1078 1251
2944 91 458 512 613
2945 18 22 24 613 711 730 937
2946 509
2947 2 27 80 152 518 539 719 722 881
2948 913
2949 11 69 718 1020
2950 772
2951 613
2952 805
2953 2 25 279 394 509 512 518 560 572 574 582 613 739 752 772 778 789 794 848 888 1011 1145 1177 1199 1231 1285 1303 1311 1402 1584 1606
2954 742
2955 89 219 282 320 518 537 566 579 587 602 742 747 782 785 811 873 1033 1093 1219
2956 613 804 810 954
2957 2 503 515 553 706 881
2959 18 89 91 340 610 613 718 732 776 874 920 1219
2960 532 684 834
2961 2 17 206 614 731 745 764 785 799 811 1082 1283 1317
2962 509 579
2963 25 128 135 613 684 724 725 742 764 781 804 876 954 967 1124 1159
2964 684 764 1198 1199
2965 509 534 720 805
2966 16 80 719 809 834 851
2967 602
2968 279 515 602 718 904
2969 518 720 1106
2970 80 326 337 350 503 509 512 516 551 586 587 593 603 613 658 690 695 696 709 717 720 738 772 785 791 814 834 849 869 929 952 981 992 1010 1073 1106 1130 1152 1202 1219 1399 1654 1656 1657
2971 1 2 218 507 534 553 558 572 695 706 720 722 731 733 784 799 805 940 955 1029 1080 1229 1249 1250 1263 1447 1486 1621
2972 882
2973 516 539 613 720 723 804 809 880
2974 509
2975 62 320 721 728 758 785 954
2976 509
2977 509
2978 22 509 511 518 534 558 720 809 1018 1032 1106 1202 1741
2979 868
2980 728
2981 720 909
2982 509
2983 729 834
2985 729 747 810 954
2986 1 709 809 1124
2987 18 27 279 831 841 950
2988 553
2989 868
2990 532 565 602 722 723 728 745 764 785 834 842
2991 593 613 721 973
2992 80 511 527 572 626 752
2993 25
2994 805
2995 602
2996 1327
2997 896
2998 1037
2999 24 518 613 711 753 806 850 1044
3000 30 586 785 805 811 818 827 989
3001 826
3003 507
3004 18 91 218 532 613 645 711 729 746 747 752 764 772 785 805 825 876 953 1051 1136 1177 1191 1199 1214 1280 1329
3005 2 22 539 711 719 720 723 729 772
3006 2 684
3007 613
3008 602
3009 22
3010 340 509 754 783 826
3011 320 414 492 546 684 728 785 1452
3012 719
3013 572
3014 340 613
3015 2 31 587 887 1089
3016 22 509 814
3017 533
3018 2 25 247 534 656 732 1042 1053 1068
3019 558
3020 721
3021 18 586 728 783
3022 558 718 764
3023 602
3024 80 177 509 565 720 752 776
3025 803
3026 841
3027 18
3028 534 772 799 816
3029 11 24 89 135 206 503 572 731 940 966 987 1065 1080
3030 18 728 832
3032 2 24 25 27 77 197 232 322 350 516 587 696 718 720 724 778 783 805 818 825 837 842 949 992 1097 1219 1558 1746
3033 834
3034 711
3035 492
3036 730
3037 747
3038 1 2 25 27 340 503 509 518 719 722 785 809 881 960 1202 1222
3039 22 24 25 80
3040 747
3041 152 509 602 613 830
3042 539 720 722 804
3043 728
3044 722 842 1187
3045 1 22 80 89 509 513 515 518 533 534 553 599 602 656 673 713 720 722 725 729 736 739 741 752 759 763 764 802 818 834 857 899 921 931 935 944 978 1010 1018 1119 1220 1222 1252 1287 1475
3046 613
3047 27 509 518 534 558 565 720 813
3048 870
3049 503 534 811 822
3050 1051
3051 509
3052 728
3053 728
3054 1053
3055 723
3056 2
3057 838
3058 733
3059 613 768 831 1089
3060 742
3061 1 722 764
3062 511 784
3064 509 514 875
3065 320 428 553 818
3066 827 876
3067 509
3069 177 340 509 514 587 613 821 889
3070 27 47 49 77 79 135 340 503 509 518 528 532 537 539 555 558 613 710 731 732 733 738 739 782 787 805 806 816 824 826 830 850 868 883 886 934 937 938 948 983 1049 1078 1093 1202 1332 1347 1366
3071 723 743 1359
3072 18 25 27 128 320 492 529 532 537 558 613 711 725 728 745 749 768 785 834 850 856 868 873 924 1078 1093 1105 1259 1361 1677
3073 22 511 940 1189
3075 723
3076 602
3077 747 810 876
3078 2 830 899 1047
3079 22 219 279 340 509 511 553 572 601 699 711 749 830 835 869 873 890 934 974 1037 1061 1072 1124 1252 1582
3080 613 848
3081 509 720 733 1229
3082 602
3083 62 160 229 264 711 723 728 738 767 834 848 868 1008 1199 1405 1469
3084 723
3086 2 25 350 509 534 608 613 720 809 814 841 842 881 980 1021 1197 1241
3087 1085 1117
3088 747
3089 834
3090 518 720 722 980
3091 2 22 509 719 725 728 730 752 772 841 868 869 935 1155 1206 1306
3092 805
3093 1
3094 27 219 511 518 537 553 772 818 902 1056 1306
3096 89 152 509 539 613 719 752 753 781 822 823 834 1113 1208
3097 2 373 586 728 805 808 989
3098 834
3099 2 22 25 534 572 684 720 721 722 723 730 742 805 809 813
3100 25 340 509 613 973
3101 2 25 80 282 340 509 518 534 558 566 711 720 723 732 733 736 747 752 785 805 814 858 1323
3102 553 587 613 752 772 785 839 1718
3103 509 729 731 752 764 783 805 881 1241
3104 18
3105 1 534 539 849
3106 25 602 733
3107 69 320 503 602 722 828 850 1333
3108 25 613 720 722
3109 730 871
3110 613 1106
3111 18
3112 2 613 807
3113 1 2 11 80 218 509 574 613 625 671 746 772 785 805 874 1223
3114 882
3115 871
3116 719
3117 509
3118 509 730 805
3119 24 27 373 390 509 518 695 721 738 745 785 805 1111 1356
3120 18
3121 2 27 31 414 528 553 772 785 890 929 952
3122 340 752 1324
3123 509
3124 831
3125 503 509 514 533 534 586 684 728 733 753 755 764 772 785 814 858 940 1286
3126 2 667 723 789
3127 2 723 752 1048
3128 719 809
3129 25
3130 809
3131 22 31 89 219 279 613 711 733 745 785 807 848 880 1011 1026 1078 1223
3132 728
3133 2 264 340 503 509 515 518 613 656 791 805 818 830 981 1018 1056 1097 1135 1232
3134 684
3135 509
3136 725 805
3137 2 80 509 511 533 537 722 836 1102 1601 1811
3138 721
3139 684
3140 18 22 25 219 509 514 613 753 868 869 920 953
3141 509 806 822
3142 752
3143 852
3144 572
3145 516 994
3146 602
3147 2 509 534 764 785 809 896 1301
3148 509
3149 728
3150 509
3151 720
3152 764 949
3153 2 22 602 695 747 783 805 881 944 1209
3154 518
3155 31 340 720 722 809 881 1202
3156 832
3157 279 533 553 579 616 626 722 732 749 752 764 806 830
3158 18 24 77 80 272 279 509 510 513 515 516 555 565 580 602 640 674 690 720 721 722 738 744 745 772 785 810 848 854 871 989 1028 1042 1086 1179 1575
3159 1
3160 394 613 716 785 796
3161 218
3162 25 785 873
3163 586 732
3164 720
3165 719
3166 124 532 723 752
3167 722
3168 586 772 836 940 1029 1527
3169 805
3170 715 805
3172 572 602 696 716 824 934 1124
3173 22 24 25 49 91 443 452 515 516 539 572 594 613 673 711 770 782 1056 1066 1192
3174 80 572 719 720 781 809 810 842 1419
3175 25 31 279 468 515 516 534 555 720 722 723 834 906 1280 1466
3176 602
3177 804 954
3178 25
3179 492 865
3180 728
3182 509 752
3183 22 723 752 1131
3184 539
3185 25 834
3186 539
3187 2 509 534 684 722 725 734 764 781 790 809 810
3188 22 720 747 752
3189 733 834
3190 772
3191 350 565 716 721
3192 27 91 764 791 1095 1120
3193 2
3194 2 722 1014
3195 507 511 512 515 537 555 566 602 660
3196 5 818 826
3197 752 814
3198 848
3199 22
3200 804
3201 18
3202 809
3203 503 719 742
3205 2 31 91 340 374 546 613 725 745 772 785 823 935 1177 1223 1306
3206 810
3207 509 602 717 720 722 747 876
3208 22 690 720 723 758 803 809 1010 1016 1022 1305 1411
3209 722
3210 11
3211 684 1222
3212 781
3213 22 25 503 509 602 737 764 772 844 878 921
3214 2 602 770
3215 778 1177
3216 509
3217 2 804 805 1003
3218 804
3219 509 602 818 929
3220 2
3221 513
3222 720 730 809 980
3223 810
3224 764
3225 22 533 723 732 752 814 881
3226 565
3227 279 509 587 613 645 690 699 731 747 785 822 831 890 940 1078 1212
3228 18 148 219 806 811
3229 532
3230 518 716 772 796 838 902 921 1102
3231 509
3232 27 320 340 509 515 534 558 602 613 722 745 896 1205 1219
3233 511 513 517 558 602 816 940 1039
3234 824
3235 2 719 722 752 881 1222
3236 22
3238 881
3239 1089
3240 534 881
3241 565 749 808
3242 899
3243 842
3244 4 18 27 739 745 810 1219
3245 518 565 602 728 1051
3246 734
3247 509 516 802 823
3248 25
3249 807
3250 509
3251 515
3252 509 873
3253 805 813
3254 732
3255 22
3256 1051 1354 1399
3257 27
3258 452 492 532 711 747 825 880 937 1105 1255
3259 31
3260 565
3261 579 722
3262 834
3263 613
3264 613
3265 572
3266 858
3267 719
3268 720 881 1208
3269 80
3270 722
3271 842
3272 565
3273 781
3274 25 565
3275 1177
3276 722
3277 539
3278 2 580 599 613 720 747 768 785 849 954
3279 720
3280 135 350 518 785 809 836 935 1118 1130 1284 1318
3281 539 613 809 841
3282 2 27 534 558 764 804 805 810 929 937 1068 1120 1211
3283 845
3284 558
3285 838
3286 876
3287 22 492 728 732 752 772 811
3288 720
3289 340 1388
3290 2
3291 18 374 515 516 745 974 1201
3292 509
3293 804
3294 768
3295 558
3296 22
3297 22 25 80 177 452 509 512 534 566 572 631 719 722 723 732 752 764 805 809 838 841 844 858 886 936 1062 1197 1505
3298 723 834 841 896
3299 742
3300 2 518
3301 728
3302 512
3303 452 728 729
3304 1 2 124 135 357 509 514 684 710 721 734 737 747 754 764 785 805 806 810 816 818 834 1257 1335
3305 579
3306 721
3307 533 602 1386
3308 2 18 24 25 27 47 89 91 340 512 513 514 515 516 518 529 558 602 613 667 684 728 730 733 738 752 760 776 781 784 804 805 811 824 839 855 858 873 890 921 929 956 973 1005 1012 1034 1044 1046 1049 1074 1075 1121 1605
3309 59 89 177 507 511 565 587 593 753 764 1070 1085 1219 1223 1237 1512
3310 834
3311 24 31 340 509 518 1523
3312 18
3313 747
3315 720
3316 2 503 602 728 764 839 881
3317 723 778 830 841 858 975 1128 1194 1861
3318 18
3319 2 684
3320 870
3321 844
3322 22
3323 2 22 279 764 1168
3324 747
3326 721
3327 2 555
3328 509 710 1124 1133
3329 515 586
3330 518
3331 229 752
3332 602
3333 723
3334 11
3335 558
3336 15 27 91 272 282 374 492 572 587 593 599 720 722 723 752 824 1203 1232 1427 1488 1856 1857
3337 2 723
3338 31 49 91 197 340 428 482 492 512 514 517 586 593 613 667 693 715 720 725 749 754 782 809 831 834 857 858 891 981 1221 1223 1252 1350 1710
3339 941
3340 509
3341 876
3342 24 752
3343 22
3344 1 31 720 809 814
3345 2 18 24 25 27 31 503 512 516 731 764 798 824 943 949
3346 509 513 785 845 873 880
3347 18 31 616
3348 882
3349 1 2 22 25 518 534 555 572 579 616 673 719 720 723 752 753 805 809 815 817 834 842 881 1250
3350 2
3351 733
3352 733
3353 22 27 553 558 579 626 745 805 836 1148 1161 1296 1324 1352
3354 834
3355 518 730 871
3356 509
3357 177
3358 18 47 232 509 510 518 532 537 558 600 602 613 709 763 770 776 784 831 834 982 1175 1177 1293
3359 1044
3360 684
3361 805
3362 613 809
3363 781
3364 565 738 1018 1252
3365 809
3366 602
3367 2 25 80 279 350 509 518 558 680 747 752 764 783 805 854 874 881
3368 752
3369 770
3370 27 613 733 1150
3371 558
3372 326 509 518 552 569 613 764 785 977 995 1175
3374 25 896 1037
3375 733
3376 1 2 80 503 515 518 534 572 587 680 719 725 738 759 805 814 883 944 1418
3377 22 25 730 834 967
3378 645 711 723 747 1076 1114 1219 1396
3379 2 22 25 31 114 152 374 443 503 509 510 512 532 534 566 587 602 613 720 728 745 770 772 805 824 850 867 908 921 932 937 980 1005 1097 1106 1130 1202
3380 2 532 534 722 772 805 1066
3381 764
3382 613 725 738 868 890 1455
3383 518
3384 565
3385 24 509 896 1799
3386 2 25 80 512
3387 518
3388 5
3389 1 22 279 320 350 452 509 512 534 587 595 599 696 739 764 809 818 824 883 1010 1022 1078 1203 1229 1252 1275 1317 1866
3390 2 785
3391 22
3392 2 731 732
3393 1 264 518 571 632 721 725 732 809 899 963 1078 1097 1202 1229 1252
3394 468 602 824
3395 218
3396 509 775
3397 160 279 340 537 553 580 594 749 805 1097 1152 1280 1466
3398 747
3399 555
3401 25 264 509 517 645 812 1048
3403 1524
3404 720 805 909 980
3405 728
3406 80
3407 509 764
3408 537
3409 881 909 980 1208
3410 719
3411 1 2 279 340 507 512 514 533 580 602 613 616 656 674 719 725 733 745 754 758 764 785 805 816 868 973 1066 1277 1303 1462
3412 870
3413 507 518 539 579 721 1226 1399
3414 2 509 539 728 770 807 846 1291 1420
3415 722 723 752 758
3416 512 723 752 954
3417 264 279 468 738 807 848 931 933 1193 1395
3418 752
3419 509 546 738 772 805 1327
3420 764
3421 1284
3422 2 18 22 25 31 390 509 512 513 516 517 528 532 534 565 572 586 602 613 673 684 711 728 731 736 737 741 764 768 772 789 793 805 816 868 869 934 940 944 955 973 980 1222 1252
3423 62 160 738 747 848 931 1018 1358
3424 89 805 1006 1288
3425 781 806 824 926
3426 602
3427 533 684 1800
3428 981
3429 27 533 613
3430 722
3431 752
3432 728
3433 509 1078
3434 565
3435 602 1049
3436 882
3437 566
3438 821
3440 684
3441 812
3443 866
3444 27 219 509
3445 602
3446 218
3447 566 593 1549
3448 747
3449 22
3450 18 24 27 49 229 320 337 340 351 374 473 509 510 513 515 516 517 518 537 558 566 586 587 602 613 641 673 764 782 831 836 841 850 866 881 908 909 929 960 980 982 1018 1082 1174 1196 1201 1223 1232 1245 1374 1432 1496
3451 2 896
3452 2
3453 747
3454 1
3455 858
3456 25 1175
3457 11
3458 2 22 80 279 340 509 752 809 834
3459 723 1176
3460 1
3461 18 720 738 805 1161 1193 1277 1413
3462 805
3463 2
3464 509
3465 721
3466 742
3467 518
3468 18 452 492 509 603 626 745 776 818 824 1191
3469 728
3470 558
3472 22 452 509 674 723 729 764 806
3473 804
3474 818 854 1049
3475 340 509 1015
3476 25
3477 2 62 512 513 517 518 616 717 719 725 738 764 776 783 818 825 1068 1231 1333 1460
3478 805
3479 219 509
3480 2 91 394 539 558 579 745 785 805 890 894 924 1049 1093 1348 1435
3481 722 752
3482 340 390 507 553 558 565 711 725 731 745 785 798 818 866
3483 18 25 509 513 516 534 594 613 645 667 673 706 710 733 747 770 772 778 791 805 810 822 831 834 836 867 868 872 873 876 1066 1074 1201
3484 503
3485 507
3486 723
3487 69 472 734 785 804 810 910 954
3488 781
3489 1162
3490 62 553 728 745 1183
3491 587
3492 834 936
3493 764 785 809
3494 24 509 720 803
3495 18
3496 2 197 603 613 779 850 1123 1248
3497 831
3498 219 533 602
3499 720
3500 509
3501 778 1177
3502 931
3503 25
3504 18 24 517 532 534 537 553 579 684 816 880 934
3505 11 728 832 1527
3506 925 1162
3507 599 754 858 1177
3508 518
3509 880
3510 842
3511 931
3512 842
3513 279 390 785 1188
3514 720
3515 279
3516 602
3517 738 764 785
3518 804
3519 899
3520 747
3521 2 18 22 25 279 340 517 546 553 586 587 599 626 722 723 736 737 745 753 755 772 785 789 805 824 841 844 848 866 881 896 940 970 1005 1028 1262 1404 1418 1570
3522 764
3524 818
3525 719 720
3526 2
3527 719
3528 18 22 27 31 509 511 533 543 553 613 696 722 723 818 837 850 899 952 982 1074 1177 1217 1253 1268 1679
3529 22 160 509 736 841 1177 1229
3530 778
3531 509 926 1260
3532 808
3533 513 752 772 798 1228
3534 80 515 593 709 732 805 981 1192
3535 779
3536 1 2 18 24 25 80 219 279 340 503 509 511 514 518 529 537 553 555 558 565 572 574 582 586 587 602 613 645 658 662 667 696 706 709 720 722 725 734 737 752 753 763 764 768 778 781 783 785 804 805 814 816 836 841 857 880 896 931 1068 1588
3537 2 512 662 667 739 781 808 844 865 874 1029 1074
3538 1193
3539 1193 1358
3540 881 1208
3541 135 935
3542 27 61 340 509 514 603 667 709 739 759 785 791 824 866 869 880 912 1018 1263 1264 1279 1519
3543 27 89 518 580 613 715 719 752 842 881
3544 18 47 160 279 534 778 824 1261
3545 279 374 513 558 572 579 718 723 725 732 745 785 890 940 948 1229
3546 2 22 25 374 509 518 558 572 613 625 626 720 723 725 732 734 745 747 753 772 781 784 785 804 818 841 844 854 871 896 907 943 944 978 1079
3547 24 279 537 613 656 663 738 749 767 807 916
3548 2 25 62 80 219 503 539 602 684 729 738 753 781 790 796 823 1005 1105 1219 1351
3549 528 546 595 613 718 772 785 824 841 1217
3550 340 507 509 534 537 558 579 722
3551 22 1764
3552 2 27 77 160 512 614 709 731 745 785 1194 1203
3553 2 22 80 285 572 602 706 738 772 783 824 974 1018 1474 1526 1795
3554 15 537 1468
3555 2 509 546 613 667 710 738 989 1037 1248 1424
3556 80 509 613 806 912
3557 613
3558 2 18 25 572 613 733 734 747 805 866 981 1374
3559 720 728 747 785 804 824 952 981 1252 1287
3560 350 722 804 818 836 845 883 937
3561 613 684
3562 534 881 886 980
3563 699 722 868 1124
3564 764
3565 818 1528
3566 18 27 373 503 516 587 602 613 673 709 718 738 806 818 866 978 1136
3567 2 340 553 745 752 781 785 804 805 1070 1269
3568 1 18 725 781 804 869 939 954 1025 1031 1229 1396 1440
3569 357 507 533 537 539 555 558 566 572 824 841 847 880
3570 781 954 970
3571 2 80 509 558 587 745 752 764 809 844 1229 1306 1336 1528 1651
3572 25 80 320 532 575 593 613 722 731 745 758 764 785 812 814 869 937 1010 1279
3573 1 27 59 509 534 610 718 818 880 881 913 1483
3574 805
3575 24 320 340 509 537 599 720 722 739 846 982 1006 1092 1121 1202 1241
3576 2 22 25 27 31 320 340 509 537 587 718 738 747 782 818 866 937 1144 1147 1186 1253 1326 1695
3577 2 27 206 528 587 613 663 789 844 935 1044 1219 1408
3578 428 558 794 823 881 1078 1222 1232 1260 1411
3579 163 194 340 482 509 602 613 626 746 1177 1192 1213 1452 1491
3580 1 2 22 25 177 340 428 509 518 558 613 684 711 719 720 722 753 814 883 929 965 1018 1202 1499
3581 15 18 22 24 509 513 534 613 809 881 1018 1214
3582 509 518 558 667 684 739 798 857 873 931 1074 1093 1215
3583 2 25 80 509 518 534 684 711 732 745 758 764 772 839 908 1212
3584 534 546 673 720
3585 2 734 954
3586 24
3587 2 25 509 515 537 539 566 572 579 602 626 690 752 769 772 785 805 823 835 841 854 897 921 1053 1215 1462 1803
3588 2 264 723 764
3589 2 509 696 720 725 772 839
3590 1225
3591 2 18 22 24 25 62 89 509 513 514 534 553 558 579 613 720 728 738 745 749 764 772 778 845 858 869 883 1118 1177 1229 1327 1461
3592 18 31 587 715 866
3593 732 752
3594 2 516 593 613 1004 1097 1842
3595 546 709 755 805
3596 24 27 89 512 517 539 558 684 706 720 722 764 781 785 874 1079
3597 24 340 503 539 572 613 739 744 747 764 782 785 834 853 866 1166 1232
3598 340 729 752 834
3599 509 534 546 684 710 772 785 1375
3600 219 515 546 566 579 741 785 796 822 880 921 1119 1212 1436 1486 1747
3601 515 579
3603 18 512 513 537 613 684 709 711 824 889 1073
3604 1 2 22 31 80 264 374 503 518 711 720 722 723 744 752 753 781 785 809 909 963 980 1029 1040 1106 1199 1241 1386 1468
3605 1233
3606 2 22 25 515 555 711 722 781 878
3607 22 537 719 720 842 909
3608 320 721 785 805
3609 509 709 752 798 921 1380
3610 282 518 645 785 804 954 1051 1206
3611 282 565 572 613 785 790 804 1040 1219 1237 1238
3612 2 80 719 881
3613 732 799 880
3614 279 509 515 616 720 759
3615 558 781
3616 1 340 518 722 980
3617 22
3618 586 602 613 718 722 723 849 1177
3619 2
3620 572
3621 2
3622 22 24 25 340 529 640 737 772 789 805 836 865 937 1127 1177 1229 1704
3623 764
3624 1 25 507 534 574 711 719 772 781 873 882 1251
3625 2 272 337 350 507 509 518 546 565 613 709 719 720 722 723 785 805 818 881 973 1219 1251
3626 350 514 593 699 816 895 934 944 1669 1740
3627 537 719 805 881
3628 374 509 514 552 613 626 684 739 752 783 805 816 868 880 898 977 1046 1299 1329 1618
3629 2 22 27 279 515 518 579 613 785 1124 1131 1717 1850
3630 2 80 814 1208
3631 613 1214
3632 785 789 836
3633 2 279 509 514 517 579 602 613 616 785 805 1161 1529
3634 492 507 532 626 684 709 723 805
3635 18 22 27 77 135 340 533 579 587 718 730 733 805 812 850 934 940 1005 1093 1326 1328
3636 814
3637 2 22 452 732 745 758 764 772 790 927 1371
3638 507 516 728 733 785 868 1029
3639 2 177 206 340 503 509 511 513 514 528 534 565 572 586 593 673 684 710 731 738 772 805 806 816 823 938 1130 1257 1375 1674 1723
3640 27 515 602 749 764 778 840 841 885 974 1149 1771
3641 2 22 160 509 518 534 546 572 602 723 742 753 760 782 785 810 818 873 880 1005
3642 744 752 753 1229
3643 720 980
3644 565 684
3645 2 11 709 718 798 805 1214
3646 340 473 492 518 558 613 711 718 759 763 831 837 991 1006 1136 1152
3647 719
3648 881 909 939 980 1208
3649 2 25 515 553 1241 1480
3650 2 22 49 152 160 219 279 340 509 515 593 602 616 656 674 684 695 710 734 744 749 772 805 818 857 868 1093 1303 1307 1317 1571 1583
3651 2 62 537 710
3652 979
3653 1 580 684 723 745 785 815 1078 1293
3654 135 602 730 734 742 752 781 810 876
3655 49 340 514 593 699 739 785 798 805 824 1265 1519
3656 2 509 537 613 764 772 798 871
3658 49 160 219 340 509 514 518 529 580 613 640 684 699 711 729 732 739 745 789 849 1317
3659 22 516 853
3660 978 1271
3661 2 177 509 719 747 876 1131 1241
3662 18 279 414 858 929
3663 2 509 537 602 613 616 749 764 767 805 844 931 1257 1273 1280 1358
3664 1103 1114
3665 772 1250
3666 1 2 11 18 22 25 27 62 91 206 279 320 503 509 534 546 556 558 579 580 613 645 695 720 749 755 764 772 785 808 814 821 836 842 850 863 869 880 920 934 1010 1018 1029 1068 1070 1219 1275 1306
3667 720 909 980 1202
3668 785
3669 699
3670 1 2 22 25 27 219 340 509 518 529 534 613 699 706 711 722 723 729 752 758 768 772 781 789 803 804 805 857 866 890 898 1010 1066 1302 1311 1440
3671 2 565 613 728 733 752 799 869 1118 1260 1327 1564
3672 602 902
3673 2 80 374 516 518 579 613 719 722 772 805 814
3674 279 587 640 744 749 764 1069 1306 1343 1489 1631
3675 91 279 738 921
3676 13 18 80 279 602 738 744 745 805 1193 1379
3677 18 31 49 194 452 518 602 613 631 710 722 752 753 755 794 803 814 830 981 1124 1199 1228 1578 1615 1647
3678 22 503 720 722 772 881 899 1202 1222
3679 279 507 512 534 558 719 720 722 723 732 752 809 842 858 881 1197
3680 2 62 91 503 518 566 656 718 747 758 764 796 805 831 1193 1206 1229 1348 1466 1813
3681 41 80 148 247 340 473 487 503 516 517 539 587 613 718 739 753 764 783 791 921 981 1221 1223 1525
3682 602
3683 1032
3684 2 24 805 847
3685 751 1108 1218 1396
3686 2 534 719 881 896 1208
3687 622 836 841 937 953 1124
3688 752
3689 22 509 1288
3690 593 613 728
3691 579 593 602 745 764 782 796 823
3692 2 515 517 546 572 579 722 737 755 772 816 823 869 884 1252 1306 1369 1418
3693 725 804 810
3694 613
3695 2 537
3696 738
3697 101 796
3698 613
3699 135 518 719 814 1779
3700 572 613 626 719 722 810 850 1306
3701 553
3702 22 25 320 518 537 710 729 805 834 858 1005 1093
3703 2 80 514 516 532 539 613 720 791 831 850 898 952 1056 1324
3704 813
3705 807
3706 405 720 846 909
3707 940
3708 503 532 785
3709 2 723 752 758 775 841 866 1205
3710 732 752
3711 18 91 518 587
3713 27 785 806 818 956
3714 148 602 718
3716 340
3717 177 340 507 514 539 565 728 747 865 868 931 932 1219 1374
3718 728 752 810
3719 2 22 25 709 711 731 805 923
3720 772
3721 613
3722 514 572 889
3723 518
3724 17 25 89 177 507 509 565 580 673 684 785 816
3725 18 374 516 539 569 587 613 711 739 824 832 1011 1015 1041 1163
3726 1 613 723 729 734 834 889 908
3727 509 747 804 954
3728 752
3729 350 533 537 579 684 890 1004 1098
3730 24 218 507 509 516 518 565 602 733 754 785 850 868 973 1300 1408
3731 350 528 572 799
3732 2 25 31 47 80 514 534 546 558 579 613 720 722 723 753 764 805 809 816 818 854 858 1222
3733 24 91 197 492 532 805 831 853
3734 2 62 509 516 602 720 722 728 745 749 764 765 785 804 805 810 1046 1085 1095 1468
3735 1177
3736 2 18 27 89 128 279 374 509 510 587 613 616 656 674 695 711 725 745 749 818 841 842 931 1069 1078 1161 1194 1229 1280 1303 1407 1428 1858
3737 2 25 452 534 572 613 684 711 719 722 742 752 753 848 886 1285 1468
3738 553 613 752 764 805 973
3739 719
3740 723
3741 834 1340
3742 2 602 720 722 729 844 1241
3743 2
3744 509 815 1078 1509
3745 719 814 936 1208
3746 746
3747 25 586 836 1179
3748 710 722 752 772 1202
3749 758
3750 25 49 219 374 509 514 517 572 599 711 732 753 754 772 789 805 823 836 848 880 940 956 1018 1404
3751 47 91 279 503 622 639 690 710 724 732 749 763 764 787 791 912 1018 1074 1223 1280
3752 11 778 836 848 1422
3753 2 62 279 515 769 854 886
3754 807
3755 1 2 22 25 27 89 320 374 394 468 473 503 509 532 537 558 572 586 662 699 711 733 745 779 808 818 824 903 1044 1093 1136 1326 1509 1833 1867
3756 22 720 809 1165 1502
3757 1329
3759 509 511 555 565 572 706 814 880 966 1074 1082
3760 62 809 1202
3761 1161
3762 1 2 509 518 719 720 723 732 752 872 880 896
3763 558 719 720 842
3764 91 340 587 781 782 981 1124 1384
3765 558 821 890
3767 709
3768 1 509 613 732
3769 509
3770 2 454 509 684 719 738 805 1127 1232
3771 4 320 503 515 785 824 903 1005
3772 2 22 80 264 518 639 716 723 756 809 1108 1725 1726
3773 613
3774 2 22 24 177 468 509 558 599 602 613 684 728 732 753 757 785 805 841 1011 1727
3775 747 810 954 1044
3776 515 739 804 810
3777 977
3778 512 1136
3779 18 282 553 869 1108 1198 1229 1374
3780 613 1829
3781 282 509 515 518 537 613 772 776 805 810 931 1391
3782 350 980
3783 728
3784 572 754 836 1780
3785 602
3786 1 473 492 532 539 764
3787 874 978
3788 978
3789 753 817
3790 340 509 514 868 880 1018
3791 2 22 340 518 709 720 764 814
3792 414
3793 2 866 881 929
3794 1 27 805 1782
3795 47 80 374 518 539 613 1199 1232 1280
3796 512 720 949 1078
3797 2 340 503 509 512 513 534 595 599 602 728 745 758 768 785
3798 2
3799 572 599 935 1018
3800 720
3801 2 340 473 509 684 739 805 836 868
3802 340 503 537 613 719 799 909 1052 1131 1148 1223 1352
3803 2 515 532 534
3804 720
3805 509 601 739 772 1084
3806 1 518 720 1207
3807 2 373 572 673 723
3808 518 809 842 1354
3809 1355
3810 896
3811 858
3812 1 720 722 842 1241
3813 2 22
3814 2
3815 532 896
3816 2
3817 27
3818 558 745 799 973
3819 219 614 764 890 917 1066 1070 1174
3820 2 279 340 509 738 785 805 818 828 837 989 1358
3821 49 509 518 613 622 667 710 789 791 816 952 1016 1028 1042 1324 1628 1703 1758
3822 722 723
3823 811
3824 177 509 539 1205
3825 27 718 783 818 837 1223 1638
3826 25 428 452 537 720 722 846 1018
3827 586
3828 374 518 783 866 1044
3829 62 89 350 513 537 723 764 785 933 1044 1098 1193
3830 2 80 509 732 803 809 814 842 1018 1070 1135 1252
3831 1 810 812 954
3832 734 920 1250
3833 2 47 512 724 764 1018
3834 696 1634
3835 27 603 613 805 821 824
3836 785
3837 785
3838 1 809
3839 2 22 62 758
3840 752
3841 89 613 807 845
3842 2
3843 785
3844 720 722 752 842 980
3845 1375
3846 553
3847 15 206 509 805 809 810 1419
3848 656 1260
3849 18 785
3850 842
3851 823
3852 160 684 772 818
3854 320 566 785
3855 534 825 836 886 1845
3856 512 518 806 973 1228 1387
3857 77
3858 764 1031 1241
3859 1222
3860 22 25 503 518 613 684 699 722 736 818 865 881 1518
3861 89
3862 89
3863 24 340 723
3864 832
3865 719
3866 602 613 722 764 782 785 881 1323
3867 27 785 868 1018
3868 738
3869 1199
3870 206
3871 804
3872 586 587 805 866
3873 509 684 772 896
3874 719
3875 719
3876 720 752 844
3878 509 738
3879 1 721 913
3880 17 18 285 512 515 613 723 1323 1358
3881 982
3882 2 816 881 1252
3883 723
3884 2 279 507 565 613 764 785 1127
3885 546 579 1229 1306
3886 11 22 25 613 764 789 981 1287
3887 2 229 517 579 717 737 752 772 805
3888 783
3889 558 593 1320
3890 11 135 507 509 511 533 546 572 706 729 731 772 803 816 940 1085
3891 2 89 537 764
3892 2
3893 509 710 803 868
3894 553
3895 18 518 1193 1802
3896 25 513
3897 503 537 722 783
3898 745 785
3899 613 684
3900 602
3901 18 350 509 836
3902 533
3903 723
3904 602
3905 2 27 159 509 752 1016 1198 1229 1329
3906 602
3907 842
3908 340 512 515 517 534 546 555 565 572 710 759 772 799 821 831 855 873 983 1217 1254
3909 994
3910 799
3911 320
3912 80 719 809
3913 527
3914 340 587 602 684 709 764 931 1005
3915 89 177 613 889 1026
3916 24 492 805 1093
3917 834
3918 613
3919 518 722 772 881 1222
3920 18 27 587 613 937
3921 954
3922 2 25 729 834
3923 752 1601
3924 340 593 710 813 860 1761
3925 91 722 738 963
3926 723 890
3927 781
3928 781
3929 219
3930 27 77 587 783 805 806 818 1046 1161 1203 1663 1691
3931 80 1108 1470
3932 80 218
3933 2 25 586
3934 752
3935 722
3936 2 27 89 509 534 587 804 954 1205
3937 25
3938 2 22 565 814 816 880
3939 2 25 626 798
3940 720
3941 2 22 25 229 503 572 684 711 805 816 823 1229 1413
3942 730
3943 2 744 805 989
3944 565 587 732 738 847
3945 91 515 518 534 553 565 566 572 731 768 835 1223 1410
3946 282 720 732 874
3947 320
3948 509 514 684 782
3949 1 2 22 135 206 509 719 725 752 764 772 805 839 844 852
3950 572 772
3951 206 518 764 785 853 866 929
3952 718 1166 1223 1274
3953 720 965 1018 1092
3954 25 159 565 785 1177 1329
3955 720 722 1241
3956 232 613 1448
3957 722
3958 841 1095 1212 1231 1287 1376
3959 509 533 722 752
3960 2 177 537 805 836 1579
3961 785
3962 2 80 645 656 728 745 747 785 828 868 1002
3963 518
3964 1177
3965 31 809 812 1018
3966 1 518 572
3967 279 799
3968 741
3969 1 812
3970 534 758 858 1010
3971 25
3972 516
3973 718 929
3974 752 844
3975 89
3976 898
3977 218 745 785
3978 512
3979 405
3980 613 764 798 803
3981 902 1573
3982 785
3983 62 534 565 720 1425
3984 218
3985 443 805 934 1223
3986 507 518 534 711 720 753 817 822 880 1482
3988 1177
3989 2 5 24 47 340 357 473 517 534 1016 1223 1523 1670
3990 1
3991 587 719
3992 18 533 716 842 878 881 1614
3993 533
3994 1198
3995 850
3996 473
3997 731 1042 1078 1097
3998 1 218 794 1106
3999 558 785
4000 518 752 842 881
4001 579
4002 805
4003 841
4004 80 279 580 587 610 613 656 787 811 916 1344 1345
4005 809
4006 1286
4007 532 587 831 1056 1130
4008 1051
4009 47 794 867 929 1130 1331 1602 1666
4010 881
4012 720
4013 514 515 555 593
4014 954
4015 2
4016 553 658 824
4017 873
4018 1001
4019 537 720 785 881
4020 804 810
4021 1170
4022 2
4023 828
4024 177 711 723 1480 1743 1818
4025 1306
4026 841
4027 340
4028 27 1222
4030 940
4031 2 285 482 613 738 764 823
4032 869 1306
4033 613
4034 812 881
4035 730
4036 722
4037 194 527 1228
4038 2
4039 764
4040 781
4041 586
4042 711
4043 2 22 279 509 512 720 745 764 804 894 1460
4044 805
4045 834
4046 2 31 587 747 805 841
4047 2 772 1260
4048 1 2 25 503 553 558 656 720 732 737 772 793 805 810
4049 909
4050 722
4051 834
4052 1
4053 848 871 940 1029
4054 602 1251
4055 950
4057 18 572 785 850
4058 518
4059 812
4060 602
4061 602
4062 232
4063 812
4064 18 613 673
4065 613
4066 11
4067 18 27 509 1306
4068 62
4069 940 955
4070 537 622 1706
4071 882
4072 882
4073 25 558 745 782 785 805 810 836 1306 1667
4074 514 546 626 1306
4075 511 512 513 572 753 768 809 836
4076 11 732 799 805 874 1067 1715 1810
4077 89 711 807
4078 1300
4079 25 558 725
4080 2 509
4081 518 747 814
4082 518
4083 725
4084 282 513 515 533
4085 1177
4086 534
4087 518
4088 613 1436
4089 767
4090 2 516 764
4091 1232
4092 768
4093 950
4094 579
4095 720 781
4096 22 509 631 719 1044 1222
4097 883
4098 18 80 558
4099 808
4100 509 602 805 1450
4101 350 572 732
4102 834
4104 752
4105 514 725 784 805
4106 593 821 1306
4107 764
4108 711
4109 834
4110 509 515 534 613
4111 62 1014 1031 1209 1616
4112 896
4113 719 809
4114 509 602 805
4115 2 764
4116 89 518 718 783 810 1040 1124 1238
4117 836
4118 160 509 512 514 593 738 775 785 1058
4119 896
4120 18 27 77 537 763 764 818 1302
4121 809
4122 537 539 1136
4123 1018
4124 719
4125 586 720
4126 511 551 845
4127 47 80 197 247 320 503 539 587 718 753 764 1223
4128 24 722 752 936
4129 247
4130 2 658 1018 1478
4131 340 804
4132 24 710 827
4133 537 805 837
4134 282
4135 2
4136 599
4138 509
4139 711 785
4140 25
4141 1184
4142 27 219 546 579 822 1124 1207 1760
4143 91 718 778 873
4144 513
4146 873
4147 515
4148 553
4149 723
4150 656 674 747 804
4152 340 518
4153 511 599 1882
4154 954
4155 818
4156 868
4157 719 809
4158 818
4159 764
4160 631 718 908
4161 1085
4162 881 980
4163 733 940 1029
4164 2
4165 982
4166 809
4167 503 558 805 844
4168 2 830 1124
4169 2
4170 613 1388
4171 11
4172 320 785 952 982
4173 699 937
4174 579
4175 2 31 1601
4176 2
4177 1 528 613 677
4178 80
4179 2 729
4180 25 729 980
4181 602
4182 31 89 613 749 809 1352
4183 719 881
4184 1378
4185 613
4186 747
4187 2 534 764
4188 11 509 836
4189 772
4190 509 719 745 754 881
4191 896
4192 722
4193 613
4194 613 921
4195 673
4196 2 732 1229 1621
4197 22
4198 2 24 340 373 602 752 785 816 838
4199 1 22 89 279 509 511 528 558 719 768 970 1131 1218 1743
4200 1 1097
4201 846 874
4202 515
4203 720
4204 722
4205 674
4206 282 804 1113
4207 939 1031
4208 22 25 871
4209 1198
4210 722 881 980
4211 719
4212 509 785 805
4213 952 1097
4214 711
4215 715
4216 22 25 711 747 954
4217 2 25 814
4218 809
4219 806
4220 814
4221 27 49 749 785 787 1541
4222 22 514 723 729
4223 752
4224 1074
4225 2 804
4226 572
4228 2 772 896
4229 1245
4230 1106
4231 22 25
4232 673 1317
4233 2 25 572 706 720 723 732 772 896 920 940
4234 25
4235 579
4236 18 785
4237 731
4238 558
4239 507 534 565 572 978
4240 796
4241 553 572 772
4242 747
4244 2 18 509
4246 18 31 873 931
4247 781
4248 565
4249 719
4250 719
4251 18
4252 514 534
4253 783
4254 350 509 513
4255 2 720 896 898
4256 764
4257 723 871 1008 1018
4258 509 799 940 955 1423
4259 537
4260 59
4261 91
4262 558 699 764 805
4263 534 565 613 850
4264 929
4266 177 1818
4267 752
4268 752
4269 738 1105
4270 896
4271 31
4272 515
4273 613
4274 516
4275 781
4276 749
4277 733
4278 503 518 534 809 824 1052
4279 722
4280 25 27 49 59 509 565 721 728 785 868 1040
4281 722
4282 4
4283 2
4284 340 586 711 719
4285 31
4286 340
4287 1501
4289 728
4290 16
4291 710
4292 804
4293 507 722
4294 558
4295 206 1616
4296 1286
4298 602 1214
4299 749 1152 1311
4300 1 729
4301 970 991
4302 22
4304 2 135 631 1540
4305 943
4306 11 874
4307 720
4308 1311
4309 18 517
4311 981
4313 206
4314 518 809
4315 1214
4316 772
4317 1037
4318 809
4319 177 764
4320 1049
4321 710 1257
4322 785
4323 836 1219
4324 546 745 772
4326 734 747 810 1118
4327 684
4328 858
4329 279 340 509 529 566 776 857
4330 553
4331 866
4332 772 799 940
4333 813
4334 24 340 509 1215
4335 503 613 787 933
4336 27 613 1217 1371
4337 2
4338 80
4339 22 747
4340 89
4341 723
4342 25
4343 503
4344 2
4345 509
4346 586
4347 1129
4348 764
4349 807
4352 27 539 812
4353 711
4354 31 62 593 613
4355 764
4356 1238
4357 720
4358 2 515 673 719
4359 537 709 759 825
4360 1691
4361 22 565 579
4362 710 880
4363 785
4364 613 1411
4365 24
4366 553
4367 22 719
4368 80
4370 721 848
4371 11 553
4372 18 764
4373 25
4374 2
4375 719
4376 613
4377 719 1197
4378 834
4379 509
4380 684
4381 723
4383 722
4384 716 821
4385 602
4386 11
4387 809
4388 219 537 555 565 707 806 1387 1613
4389 24 509
4390 1827
4391 511 572 1136
4392 518
4393 31
4394 194 1051 1166
4395 785
4396 613 836
4398 805
4399 834
4400 572 759 952 1593
4402 728 868
4403 593 896
4404 785
4406 881
4408 613
4409 752
4410 537
4411 684
4412 507 553 558 886
4413 512
4414 509
4415 645
4416 722
4418 62 709 1177
4419 881
4420 1241
4421 25
4422 25
4423 785
4424 732
4425 2 970 1245
4426 602
4427 539
4428 954
4429 881
4430 931
4431 752 850 934 1578
4432 684 1627
4433 747
4434 509 929
4435 1124
4436 443 594 805
4437 614
4439 579
4440 509
4441 781 810
4442 218 560
4443 845
4444 22
4445 1110 1612
4446 18 492 711 1191
4448 2 736 772
4449 818 824
4450 785
4451 934
4452 1434
4454 18
4455 25 834 1048
4456 534
4457 758
4458 1202
4459 841
4460 509
4461 1037
4462 1040
4463 1580
4464 824
4466 845
4467 593
4468 1250
4469 509
4470 533
4471 946
4472 979
4473 808
4474 89
4475 745
4476 720
4477 503
4478 745
4479 785 981
4480 785
4481 825
4482 809
4483 613 1124
4484 80 749 759
4485 551
4486 18 931
4487 533
4489 1 752 1241
4490 22 752
4492 709 719
4493 2 814 881
4494 279
4495 720 722
4496 553
4497 809
4498 1617
4499 518 785
4500 803 831
4501 340
4502 2 1192 1652
4503 512 736 747 954
4504 839
4505 25
4506 710
4507 22
4508 509
4509 80
4510 805
4511 805 989
4512 1874
4513 534
4514 2 546 772
4515 720
4516 720
4517 720
4518 264
4519 781
4520 758
4521 555 566 937
4522 694
4523 1177
4524 91
4525 1108
4526 824
4527 374 587 709 1677
4528 27 80
4529 626
4530 219 340 509 514 785
4531 742 854 1201 1374
4532 723
4533 218 725 805 809
4534 717
4535 936
4536 684
4537 1670
4538 558
4539 738
4540 781
4541 509 534 720
4542 1131
4543 869
4544 909
4545 537
4546 602
4547 816
4548 507
4549 513
4550 753
4551 696 720 886 1124 1252
4552 814
4553 723
4554 810
4555 2
4556 719
4557 709
4558 572
4559 1
4560 1520
4561 1327
4562 722
4563 27
4564 728 868 973
4565 2 279 546 616
4566 11
4567 533
4568 785
4569 1 613
4570 1203
4571 758
4572 613
4573 1136
4574 1066
4575 842
4576 720
4577 841
4578 772
4579 812
4580 11
4581 518 1018
4582 818
4583 783
4584 509 785
4586 772
4587 720 980
4588 11
4589 613
4590 1
4591 1
4592 509
4593 834
4594 810
4595 279 717 836
4596 804
4597 543
4598 1018
4599 31
4600 1097
4601 739
4602 992
4604 880
4605 2 22
4606 1199
4607 720 749 809 842
4608 516 673
4610 931
4611 812
4612 507 512
4613 533 593
4614 602 684 764 814
4615 515 518
4617 497
4618 507 512 515 537 555 566 572
4619 507 512 515 555 565 566 572 660
4620 587
4621 518
4622 509
4623 572
4624 527 613 785 1228
4625 515
4626 841
4627 337
4628 2 22 732 834
4629 881
4630 684 709 1204
4631 2 722 841
4632 810
4633 1048
4634 881
4635 764
4636 826
4637 764
4638 11
4639 753
4640 503
4641 722 747 772 920
4642 1241
4643 613 1028
4644 723
4645 24 279
4646 91
4647 516
4648 778
4649 738
4650 22
4651 31
4652 480 785
4653 722
4654 723
4655 11
4656 834
4657 848
4658 848
4659 49 492
4660 473 507 1375 1674
4661 728
4662 722
4663 1641
4665 745
4666 1212
4667 799
4668 989
4669 1243
4670 11
4672 546
4673 2
4674 809
4675 18
4676 747
4677 22 25
4678 720
4679 723 842
4680 25
4681 896
4683 613
4684 719
4685 719 764 871 1274
4686 1 515 565
4687 2 1382
4688 720
4689 674 718
4691 553
4693 534
4694 812
4695 1404
4696 572
4697 2
4699 752
4700 722
4701 1219
4702 24 715
4703 785
4704 720
4705 772
4706 793
4707 532
4708 602
4710 722
4711 515
4712 1026
4713 821
4715 845
4716 11
4717 725
4718 27 219 731
4719 1329
4720 747
4722 798
4723 805
4724 955
4725 509
4726 1229
4727 534
4728 747
4729 809
4730 737
4731 1202
4732 710
4733 613
4734 753
4735 722
4736 764
4737 25 799 955
4738 62
4739 509 799 977
4740 799
4741 1062
4742 80
4743 772
4746 814
4747 723
4748 218
4749 834
4750 747
4751 881
4752 809
4753 560
4754 1208
4755 1005
4756 340
4757 747
4758 2
4759 752
4760 744
4761 881
4762 794
4763 720
4764 509
4766 720
4767 414
4768 921
4769 2
4770 514
4771 719
4772 2
4773 374
4774 518 579
4775 805
4776 814
4778 2
4779 515
4780 896
4781 709
4782 194 408 1030
4783 89
4784 1044
4785 518 818
4786 2
4787 764
4788 2
4790 809
4791 738 956
4792 804
4793 684
4794 17 738
4795 752
4796 2
4797 509
4798 805
4799 534
4800 1
4801 831
4802 2
4803 1124
4804 340
4807 836
4808 1
4809 1163
4810 881
4811 1190
4812 896
4813 22
4814 1124
4815 752
4816 752
4817 719
4818 539 753 823 886
4819 723
4820 845
4821 2
4822 869
4823 711
4824 558
4825 614
4826 839
4827 824
4828 834
4829 752
4830 2
4832 572
4834 553
4835 509
4836 22
4837 528
4838 981
4839 279 749 1078
4840 177
4841 512 764 1260
4842 684
4843 518
4844 887
4845 572
4846 827
4847 18
4848 2 736 745
4849 1205
4850 558
4851 27
4852 587
4853 952
4854 25
4855 613
4856 890
4857 565
4858 602
4859 77
4860 91
4862 1048
4863 509
4864 507
4866 834
4867 842
4868 656
4869 613
4871 719
4872 784
4873 947
4874 720
4875 587
4877 80
4878 805
4879 810
4880 747
4882 805
4883 881
4884 1657
4885 533
4886 232
4887 509
4888 1131
4889 898
4890 721
4891 2
4892 881
4893 1127
4894 80
4895 572
4896 711
4897 22
4898 282
4899 594
4900 834
4901 834
4902 720
4903 722
4904 1252
4905 25
4906 516
4907 814
4908 723
4909 509
4910 752
4911 758
4912 579
4914 809
4915 747
4917 785
4918 950
4919 1018
4920 1539
4921 810
4922 854
4923 725
4924 826
4925 534
4926 709
4927 2
4928 31 587
4929 587
4930 1249
4931 896
4932 983
4933 812
4936 1208
4937 2
4938 553
4939 889
4940 1862
4941 2
4942 25
4943 533
4944 760
4945 1229
4946 814
4947 1578
4948 1229
4949 732
4950 1191
4951 537
4952 2
4953 770
4954 509
4955 1199
4956 723
4957 458
4958 881
4960 206
4961 723
4962 896
4963 18
4964 537
4965 1032
4966 720
4967 742
4968 80
4969 613
4970 1
4971 720
4972 881
4973 776
4974 794
4975 602
4976 534
4977 980
4978 350 716
4979 1124
4980 515 784
4981 834
4982 764
4983 834
4985 722
4986 806
4987 878
4988 518
4990 812
4991 509
4992 2
4993 952
4994 809
4995 881
4996 1408
4997 1044
4998 823
4999 586
